timestamp,zone_id,demand_mw,predicted_demand_mw,baseline_demand_mw,spike_probability,spike_prediction,risk_level,split
2026-01-02 00:00:00,ZONE_A,2287.2404910197693,2316.8928,2286.725259023718,0.00036340865,0,LOW,train
2026-01-02 00:15:00,ZONE_A,2247.0884588213453,2283.61,2264.8170479177297,0.00017859116,0,LOW,train
2026-01-02 00:30:00,ZONE_A,2319.704530713427,2286.2688,2305.918557231475,0.0002776985,0,LOW,train
2026-01-02 00:45:00,ZONE_A,2269.8106668490173,2297.644,2282.510177489644,0.00042239673,0,LOW,train
2026-01-02 01:00:00,ZONE_A,2351.085314646502,2279.6191,2279.966138964578,0.0003332432,0,LOW,train
2026-01-02 01:15:00,ZONE_A,2299.5257724227454,2295.215,2272.734043747352,0.00031984452,0,LOW,train
2026-01-02 01:30:00,ZONE_A,2251.248113516655,2285.4314,2266.0863851166696,0.00013662105,0,LOW,train
2026-01-02 01:45:00,ZONE_A,2285.906489372502,2288.0764,2314.314001857612,0.00032591616,0,LOW,train
2026-01-02 02:00:00,ZONE_A,2273.619839390543,2289.2898,2288.448083949921,0.00021003043,0,LOW,train
2026-01-02 02:15:00,ZONE_A,2288.391306319766,2295.3816,2288.089506457011,0.00024566398,0,LOW,train
2026-01-02 02:30:00,ZONE_A,2284.037743885829,2293.265,2312.742435800034,0.00022133281,0,LOW,train
2026-01-02 02:45:00,ZONE_A,2269.52650623889,2287.6123,2266.923025270417,0.00033284567,0,LOW,train
2026-01-02 03:00:00,ZONE_A,2283.8438449891737,2284.9355,2298.137410692206,0.0002561451,0,LOW,train
2026-01-02 03:15:00,ZONE_A,2303.644807797169,2288.8608,2348.4367795379844,0.00018937602,0,LOW,train
2026-01-02 03:30:00,ZONE_A,2371.853324718504,2287.0867,2295.7872045727554,0.0002463768,0,LOW,train
2026-01-02 03:45:00,ZONE_A,2289.797902128193,2282.481,2253.006999400683,0.00044558544,0,LOW,train
2026-01-02 04:00:00,ZONE_A,2271.928133260262,2287.0105,2284.384083752672,0.00039268236,0,LOW,train
2026-01-02 04:15:00,ZONE_A,2310.2638336864043,2273.3472,2275.9151902066965,0.0004050883,0,LOW,train
2026-01-02 04:30:00,ZONE_A,2283.396533451674,2304.1152,2267.843800399407,0.00024619084,0,LOW,train
2026-01-02 04:45:00,ZONE_A,2265.6766296705323,2285.8591,2296.036385804021,0.00016672286,0,LOW,train
2026-01-02 05:00:00,ZONE_A,2299.3255747846933,2580.5215,2283.478470239503,0.00016829983,0,LOW,train
2026-01-02 05:15:00,ZONE_A,2221.378064725749,2567.5278,2267.185427747467,0.0001974264,0,LOW,train
2026-01-02 05:30:00,ZONE_A,2303.76949933007,2603.3047,2292.591167321317,0.00043187002,0,LOW,train
2026-01-02 05:45:00,ZONE_A,2268.383587063445,2613.3032,2268.25135971422,0.00025918838,0,LOW,train
2026-01-02 06:00:00,ZONE_A,2542.2338826021337,2698.9487,2553.413743414525,0.00038544525,0,LOW,train
2026-01-02 06:15:00,ZONE_A,2560.292003329186,2725.2021,2591.917717781764,0.0004627401,0,LOW,train
2026-01-02 06:30:00,ZONE_A,2628.114654242418,2736.0703,2594.9764572609392,0.0009482328,0,LOW,train
2026-01-02 06:45:00,ZONE_A,2655.0098976652343,2753.8596,2623.556633703676,0.00048362568,0,LOW,train
2026-01-02 07:00:00,ZONE_A,2719.2602737755005,2794.4666,2664.226836786416,0.0025451547,0,LOW,train
2026-01-02 07:15:00,ZONE_A,2735.284471940566,2838.769,2734.370479972189,0.0068272585,0,LOW,train
2026-01-02 07:30:00,ZONE_A,2714.639246561544,2857.688,2735.410034587353,0.012501179,0,LOW,train
2026-01-02 07:45:00,ZONE_A,2766.16777287989,2939.333,2828.0067400706944,0.03755431,0,LOW,train
2026-01-02 08:00:00,ZONE_A,2794.021252059604,2947.325,2859.3901901549134,0.058793455,0,LOW,train
2026-01-02 08:15:00,ZONE_A,2836.5578675853226,2980.9473,2811.293680199379,0.13875987,0,LOW,train
2026-01-02 08:30:00,ZONE_A,2858.834867404932,3020.6187,2878.0266190399043,0.9600974,1,CRITICAL,train
2026-01-02 08:45:00,ZONE_A,2912.365042112461,3098.9534,2905.429339432577,0.9877143,1,CRITICAL,train
2026-01-02 09:00:00,ZONE_A,2928.5036315929883,2701.766,2949.9060580105843,0.007284604,0,LOW,train
2026-01-02 09:15:00,ZONE_A,2939.617676227529,2686.2092,2960.361870198185,0.0022612582,0,LOW,train
2026-01-02 09:30:00,ZONE_A,3007.5847636059048,2715.0203,3013.9188192127885,0.004062921,0,LOW,train
2026-01-02 09:45:00,ZONE_A,3159.223688695168,2685.2979,3052.1481819449336,0.00088319014,0,LOW,train
2026-01-02 10:00:00,ZONE_A,2665.130378607342,2682.2778,2714.813415004894,0.0031010397,0,LOW,train
2026-01-02 10:15:00,ZONE_A,2652.8322377158693,2753.5781,2661.794529752384,0.002711503,0,LOW,train
2026-01-02 10:30:00,ZONE_A,2748.116247357429,2693.2063,2618.4341429971896,0.0032753493,0,LOW,train
2026-01-02 10:45:00,ZONE_A,2670.5901718253613,2692.4956,2652.455008600425,0.0013712888,0,LOW,train
2026-01-02 11:00:00,ZONE_A,2668.7469370254275,2710.0469,2640.80426656164,0.0039298483,0,LOW,train
2026-01-02 11:15:00,ZONE_A,2788.817046657593,2746.111,2710.886476047496,0.0017202654,0,LOW,train
2026-01-02 11:30:00,ZONE_A,2682.270722583704,2700.0225,2648.2971691367534,0.0014276664,0,LOW,train
2026-01-02 11:45:00,ZONE_A,2684.555458469043,2688.3896,2804.45183593136,0.0011630042,0,LOW,train
2026-01-02 12:00:00,ZONE_A,2716.623059035124,2690.9402,2694.4718694805465,0.0019255044,0,LOW,train
2026-01-02 12:15:00,ZONE_A,2777.724251709532,2692.0745,2663.249958676851,0.0010441472,0,LOW,train
2026-01-02 12:30:00,ZONE_A,2688.69435491657,2683.1797,2712.638860130696,0.001758401,0,LOW,train
2026-01-02 12:45:00,ZONE_A,2681.8958941315323,2687.7805,2655.420683560225,0.0015446594,0,LOW,train
2026-01-02 13:00:00,ZONE_A,2684.7131176284192,2681.9436,2677.5645257086303,0.0016347506,0,LOW,train
2026-01-02 13:15:00,ZONE_A,2683.388281961224,2687.9507,2723.705661607047,0.0018350134,0,LOW,train
2026-01-02 13:30:00,ZONE_A,2693.222872378046,2678.2383,2754.429233677746,0.0011259844,0,LOW,train
2026-01-02 13:45:00,ZONE_A,2672.9740173923715,2677.8005,2747.479944885176,0.0012466505,0,LOW,train
2026-01-02 14:00:00,ZONE_A,2677.292036074097,2705.403,2688.5677735827235,0.00074650435,0,LOW,train
2026-01-02 14:15:00,ZONE_A,2706.9873758313333,2680.6355,2689.040330906586,0.0012599432,0,LOW,train
2026-01-02 14:30:00,ZONE_A,2674.137650595136,2680.1118,2676.7905757480844,0.0012023242,0,LOW,train
2026-01-02 14:45:00,ZONE_A,2676.56777083106,2685.2344,2703.8069709825263,0.0010203341,0,LOW,train
2026-01-02 15:00:00,ZONE_A,2793.771460262344,2816.481,2660.537851732789,0.0010444177,0,LOW,train
2026-01-02 15:15:00,ZONE_A,2682.681533220785,2788.738,2696.0182247483312,0.00084746437,0,LOW,train
2026-01-02 15:30:00,ZONE_A,2657.6203309822777,2799.7388,2648.243249045728,0.0013903109,0,LOW,train
2026-01-02 15:45:00,ZONE_A,2680.121282757861,2797.7288,2673.3798286282868,0.00085657125,0,LOW,train
2026-01-02 16:00:00,ZONE_A,2813.118382793177,2790.2756,2799.505291583952,0.0009403609,0,LOW,train
2026-01-02 16:15:00,ZONE_A,2790.8609488571287,2792.917,2827.6369607158617,0.0010098577,0,LOW,train
2026-01-02 16:30:00,ZONE_A,2788.20965735007,2793.1023,2770.2215548785884,0.00064086064,0,LOW,train
2026-01-02 16:45:00,ZONE_A,2803.298584975728,2794.4397,2815.081085696914,0.0018318737,0,LOW,train
2026-01-02 17:00:00,ZONE_A,2801.058789364696,2793.1277,2764.3011206161627,0.0012178482,0,LOW,train
2026-01-02 17:15:00,ZONE_A,2778.5624327985456,2792.975,2744.5432251380707,0.0024643745,0,LOW,train
2026-01-02 17:30:00,ZONE_A,2803.075276590894,2812.425,2832.697257023207,0.0022753845,0,LOW,train
2026-01-02 17:45:00,ZONE_A,2792.78901947656,2802.079,2800.538234482827,0.005282499,0,LOW,train
2026-01-02 18:00:00,ZONE_A,2826.8549520663355,2801.7524,2758.111249465702,0.008240442,0,LOW,train
2026-01-02 18:15:00,ZONE_A,2808.699429453471,2805.6787,2781.970404222832,0.0067586186,0,LOW,train
2026-01-02 18:30:00,ZONE_A,2798.2054884734443,2799.8354,2823.287338069005,0.0017505466,0,LOW,train
2026-01-02 18:45:00,ZONE_A,2787.881116743058,2811.5815,2791.7494785492545,0.0012418944,0,LOW,train
2026-01-02 19:00:00,ZONE_A,2820.179829538633,2800.5364,2781.776598799503,0.00089161337,0,LOW,train
2026-01-02 19:15:00,ZONE_A,2819.574122593096,2803.51,2813.823683167545,0.0013719198,0,LOW,train
2026-01-02 19:30:00,ZONE_A,2771.820314000965,2785.5923,2791.5312683364145,0.00049779034,0,LOW,train
2026-01-02 19:45:00,ZONE_A,2812.235370138972,2792.378,2842.575075034977,0.0015541428,0,LOW,train
2026-01-02 20:00:00,ZONE_A,2813.9715096172404,2651.8115,2832.700953412389,0.0016552182,0,LOW,train
2026-01-02 20:15:00,ZONE_A,2747.12349124073,2643.2354,2805.697420348217,0.0009843488,0,LOW,train
2026-01-02 20:30:00,ZONE_A,2775.5809885800227,2627.6038,2806.114023814996,0.000477692,0,LOW,train
2026-01-02 20:45:00,ZONE_A,2772.324129382218,2604.8674,2785.835273616706,0.0005508691,0,LOW,train
2026-01-02 21:00:00,ZONE_A,2659.558561910033,2574.1538,2722.8084371873447,0.00021912862,0,LOW,train
2026-01-02 21:15:00,ZONE_A,2692.343052547427,2501.435,2631.71751406431,0.00038625376,0,LOW,train
2026-01-02 21:30:00,ZONE_A,2641.0530563538728,2461.5742,2576.231465624492,0.0002588967,0,LOW,train
2026-01-02 21:45:00,ZONE_A,2569.5264182225715,2467.5647,2607.2629351665228,0.00018520826,0,LOW,train
2026-01-02 22:00:00,ZONE_A,2523.750603354153,2435.0588,2594.3323519965625,0.0002759705,0,LOW,train
2026-01-02 22:15:00,ZONE_A,2494.454011910109,2421.0015,2505.471422136397,0.00033768456,0,LOW,train
2026-01-02 22:30:00,ZONE_A,2480.157232345899,2366.4666,2463.2327687138645,0.0003620124,0,LOW,train
2026-01-02 22:45:00,ZONE_A,2460.9819342688456,2314.4858,2433.644568866276,0.00039781374,0,LOW,train
2026-01-02 23:00:00,ZONE_A,2462.2718340562856,2308.4702,2423.269452930335,0.0001849381,0,LOW,train
2026-01-02 23:15:00,ZONE_A,2465.870624828114,2334.2192,2414.8613326604222,0.00030835954,0,LOW,train
2026-01-02 23:30:00,ZONE_A,2356.3879230201146,2299.4343,2355.57200743608,0.0002719334,0,LOW,train
2026-01-02 23:45:00,ZONE_A,2303.377979843772,2294.9885,2382.982793414233,0.0005141388,0,LOW,train
2026-01-03 00:00:00,ZONE_A,2271.5947193768234,2317.5793,2287.2404910197693,0.00048002056,0,LOW,train
2026-01-03 00:15:00,ZONE_A,2385.5299299980115,2279.489,2247.0884588213453,0.000326423,0,LOW,train
2026-01-03 00:30:00,ZONE_A,2270.426072379841,2295.9893,2319.704530713427,0.00026632092,0,LOW,train
2026-01-03 00:45:00,ZONE_A,2268.827889423235,2292.017,2269.8106668490173,0.00040323797,0,LOW,train
2026-01-03 01:00:00,ZONE_A,2347.619322175545,2283.5884,2351.085314646502,0.00024202968,0,LOW,train
2026-01-03 01:15:00,ZONE_A,2245.942988780881,2291.5574,2299.5257724227454,0.00022374635,0,LOW,train
2026-01-03 01:30:00,ZONE_A,2296.9344467754167,2291.8875,2251.248113516655,0.00024483458,0,LOW,train
2026-01-03 01:45:00,ZONE_A,2305.725089098051,2291.5178,2285.906489372502,0.00036422806,0,LOW,train
2026-01-03 02:00:00,ZONE_A,2261.130603511837,2297.4285,2273.619839390543,0.00025106707,0,LOW,train
2026-01-03 02:15:00,ZONE_A,2315.046199394218,2284.2175,2288.391306319766,0.00033873794,0,LOW,train
2026-01-03 02:30:00,ZONE_A,2285.344213102901,2290.8352,2284.037743885829,0.00056723214,0,LOW,train
2026-01-03 02:45:00,ZONE_A,2305.8926660748025,2285.038,2269.52650623889,0.0003082452,0,LOW,train
2026-01-03 03:00:00,ZONE_A,2337.2177365726648,2287.6687,2283.8438449891737,0.00037097372,0,LOW,train
2026-01-03 03:15:00,ZONE_A,2287.503590572563,2284.8909,2303.644807797169,0.00029188304,0,LOW,train
2026-01-03 03:30:00,ZONE_A,2258.9358720791465,2289.2686,2371.853324718504,0.0002422617,0,LOW,train
2026-01-03 03:45:00,ZONE_A,2258.3227572388723,2284.791,2289.797902128193,0.00032323613,0,LOW,train
2026-01-03 04:00:00,ZONE_A,2275.06892784848,2291.7207,2271.928133260262,0.00029272158,0,LOW,train
2026-01-03 04:15:00,ZONE_A,2318.196136462123,2282.3665,2310.2638336864043,0.0003482769,0,LOW,train
2026-01-03 04:30:00,ZONE_A,2289.208445359688,2285.6143,2283.396533451674,0.000320283,0,LOW,train
2026-01-03 04:45:00,ZONE_A,2285.743190189924,2279.564,2265.6766296705323,0.00026649973,0,LOW,train
2026-01-03 05:00:00,ZONE_A,2271.819643043701,2590.5269,2299.3255747846933,0.0001904204,0,LOW,train
2026-01-03 05:15:00,ZONE_A,2276.087944751445,2578.977,2221.378064725749,0.00023295499,0,LOW,train
2026-01-03 05:30:00,ZONE_A,2278.454209997012,2602.353,2303.76949933007,0.00024771187,0,LOW,train
2026-01-03 05:45:00,ZONE_A,2276.585098233307,2617.201,2268.383587063445,0.00016046027,0,LOW,train
2026-01-03 06:00:00,ZONE_A,2578.747684823588,2723.673,2542.2338826021337,0.000163778,0,LOW,train
2026-01-03 06:15:00,ZONE_A,2564.2390302233034,2736.627,2560.292003329186,0.00048618054,0,LOW,train
2026-01-03 06:30:00,ZONE_A,2631.347678358796,2729.4036,2628.114654242418,0.00043325385,0,LOW,train
2026-01-03 06:45:00,ZONE_A,2623.02376404246,2754.0647,2655.0098976652343,0.00042713762,0,LOW,train
2026-01-03 07:00:00,ZONE_A,2721.555320600706,2799.6,2719.2602737755005,0.0029062487,0,LOW,train
2026-01-03 07:15:00,ZONE_A,2739.675488571453,2827.457,2735.284471940566,0.0023277083,0,LOW,train
2026-01-03 07:30:00,ZONE_A,2718.838931418199,2860.829,2714.639246561544,0.0047000563,0,LOW,train
2026-01-03 07:45:00,ZONE_A,2769.395899193521,2926.005,2766.16777287989,0.013023457,0,LOW,train
2026-01-03 08:00:00,ZONE_A,2795.437906310969,2938.7886,2794.021252059604,0.0031930993,0,LOW,train
2026-01-03 08:15:00,ZONE_A,2775.9063539218505,2955.2715,2836.5578675853226,0.031158825,0,LOW,train
2026-01-03 08:30:00,ZONE_A,2845.522676926135,2981.4365,2858.834867404932,0.04623501,0,LOW,train
2026-01-03 08:45:00,ZONE_A,2898.1115509602714,3018.405,2912.365042112461,0.34196043,0,MEDIUM,train
2026-01-03 09:00:00,ZONE_A,2981.225955535422,2696.7676,2928.5036315929883,0.012038356,0,LOW,train
2026-01-03 09:15:00,ZONE_A,2977.849530332191,2702.588,2939.617676227529,0.0065155355,0,LOW,train
2026-01-03 09:30:00,ZONE_A,2996.703918599416,2789.9082,3007.5847636059048,0.011529079,0,LOW,train
2026-01-03 09:45:00,ZONE_A,2988.0091643197725,2708.7869,3159.223688695168,0.00516982,0,LOW,train
2026-01-03 10:00:00,ZONE_A,2647.6741965939773,2694.8962,2665.130378607342,0.0010066167,0,LOW,train
2026-01-03 10:15:00,ZONE_A,2685.2565829117184,2701.3003,2652.8322377158693,0.0018241926,0,LOW,train
2026-01-03 10:30:00,ZONE_A,2885.9338722441566,2684.2317,2748.116247357429,0.0034943442,0,LOW,train
2026-01-03 10:45:00,ZONE_A,2699.38054065024,2734.9023,2670.5901718253613,0.0033947872,0,LOW,train
2026-01-03 11:00:00,ZONE_A,2656.5817124463047,2706.9846,2668.7469370254275,0.004781803,0,LOW,train
2026-01-03 11:15:00,ZONE_A,2693.954372602813,2691.4155,2788.817046657593,0.001792597,0,LOW,train
2026-01-03 11:30:00,ZONE_A,2643.0463040010504,2714.0735,2682.270722583704,0.0015310068,0,LOW,train
2026-01-03 11:45:00,ZONE_A,2754.203803349324,2731.152,2684.555458469043,0.024725856,0,LOW,train
2026-01-03 12:00:00,ZONE_A,2670.0014373411773,2684.7947,2716.623059035124,0.008744748,0,LOW,train
2026-01-03 12:15:00,ZONE_A,2702.1378540096443,2674.658,2777.724251709532,0.0076025124,0,LOW,train
2026-01-03 12:30:00,ZONE_A,2707.862091928768,2693.7324,2688.69435491657,0.0038434272,0,LOW,train
2026-01-03 12:45:00,ZONE_A,2785.5799083781085,2684.2275,2681.8958941315323,0.04364295,0,LOW,train
2026-01-03 13:00:00,ZONE_A,2664.3568092802507,2743.778,2684.7131176284192,0.0012511564,0,LOW,train
2026-01-03 13:15:00,ZONE_A,2654.01969785173,2688.7139,2683.388281961224,0.0010031817,0,LOW,train
2026-01-03 13:30:00,ZONE_A,2687.1691768527808,2680.3623,2693.222872378046,0.0010205071,0,LOW,train
2026-01-03 13:45:00,ZONE_A,2668.231898515237,2691.118,2672.9740173923715,0.00084392837,0,LOW,train
2026-01-03 14:00:00,ZONE_A,2816.8429721843927,2740.4553,2677.292036074097,0.002047697,0,LOW,train
2026-01-03 14:15:00,ZONE_A,2636.457022450011,2689.7622,2706.9873758313333,0.0009430018,0,LOW,train
2026-01-03 14:30:00,ZONE_A,2673.0709595284784,2686.8513,2674.137650595136,0.00091986044,0,LOW,train
2026-01-03 14:45:00,ZONE_A,2684.60992406157,2695.484,2676.56777083106,0.0014656452,0,LOW,train
2026-01-03 15:00:00,ZONE_A,2838.8724199520507,2793.7683,2793.771460262344,0.0012151541,0,LOW,train
2026-01-03 15:15:00,ZONE_A,2701.6244216070386,2797.7742,2682.681533220785,0.0018154106,0,LOW,train
2026-01-03 15:30:00,ZONE_A,2681.916637290211,2802.0078,2657.6203309822777,0.0010455796,0,LOW,train
2026-01-03 15:45:00,ZONE_A,2685.0870066604207,2802.1594,2680.121282757861,0.0009705908,0,LOW,train
2026-01-03 16:00:00,ZONE_A,2787.1205373942325,2794.5315,2813.118382793177,0.0010061072,0,LOW,train
2026-01-03 16:15:00,ZONE_A,2787.7478691946844,2799.3494,2790.8609488571287,0.00401004,0,LOW,train
2026-01-03 16:30:00,ZONE_A,2823.718165108597,2799.5823,2788.20965735007,0.014318404,0,LOW,train
2026-01-03 16:45:00,ZONE_A,2793.9323746372547,2801.471,2803.298584975728,0.002736596,0,LOW,train
2026-01-03 17:00:00,ZONE_A,2814.192020428029,2799.9539,2801.058789364696,0.008637467,0,LOW,train
2026-01-03 17:15:00,ZONE_A,2802.4321362913893,2804.261,2778.5624327985456,0.061126404,0,LOW,train
2026-01-03 17:30:00,ZONE_A,2844.9890689136264,2812.7388,2803.075276590894,0.037614066,0,LOW,train
2026-01-03 17:45:00,ZONE_A,2742.011795986802,2815.1711,2792.78901947656,0.028926602,0,LOW,train
2026-01-03 18:00:00,ZONE_A,2763.837540921168,2802.213,2826.8549520663355,0.010430946,0,LOW,train
2026-01-03 18:15:00,ZONE_A,2791.5141744073508,2804.4438,2808.699429453471,0.0068950006,0,LOW,train
2026-01-03 18:30:00,ZONE_A,2775.4254647910884,2797.4172,2798.2054884734443,0.011312645,0,LOW,train
2026-01-03 18:45:00,ZONE_A,2814.1258011220043,2799.5168,2787.881116743058,0.0041864817,0,LOW,train
2026-01-03 19:00:00,ZONE_A,2804.915700347624,2799.7239,2820.179829538633,0.013233571,0,LOW,train
2026-01-03 19:15:00,ZONE_A,2795.3300729754646,2801.407,2819.574122593096,0.0011989996,0,LOW,train
2026-01-03 19:30:00,ZONE_A,2803.036381854876,2785.3975,2771.820314000965,0.0016938983,0,LOW,train
2026-01-03 19:45:00,ZONE_A,2796.500604711396,2798.611,2812.235370138972,0.00068460446,0,LOW,train
2026-01-03 20:00:00,ZONE_A,2794.4807380709,2654.8242,2813.9715096172404,0.00079312845,0,LOW,train
2026-01-03 20:15:00,ZONE_A,2828.2116079754646,2625.5007,2747.12349124073,0.0047326125,0,LOW,train
2026-01-03 20:30:00,ZONE_A,2781.667036768461,2609.749,2775.5809885800227,0.001016197,0,LOW,train
2026-01-03 20:45:00,ZONE_A,2854.0775038517845,2592.3987,2772.324129382218,0.003279301,0,LOW,train
2026-01-03 21:00:00,ZONE_A,2668.776085177842,2563.2644,2659.558561910033,0.0005037894,0,LOW,train
2026-01-03 21:15:00,ZONE_A,2628.6629782099803,2515.3584,2692.343052547427,0.00053587963,0,LOW,train
2026-01-03 21:30:00,ZONE_A,2617.7773774735774,2504.5774,2641.0530563538728,0.00025280542,0,LOW,train
2026-01-03 21:45:00,ZONE_A,2586.734972799504,2471.0925,2569.5264182225715,0.0003177356,0,LOW,train
2026-01-03 22:00:00,ZONE_A,2568.1419857832225,2410.5337,2523.750603354153,0.00017508674,0,LOW,train
2026-01-03 22:15:00,ZONE_A,2513.268329427576,2419.6765,2494.454011910109,0.0002753689,0,LOW,train
2026-01-03 22:30:00,ZONE_A,2485.359467525803,2364.3547,2480.157232345899,0.0003154748,0,LOW,train
2026-01-03 22:45:00,ZONE_A,2513.3431253909007,2344.3118,2460.9819342688456,0.00029625214,0,LOW,train
2026-01-03 23:00:00,ZONE_A,2398.1533559029194,2294.4126,2462.2718340562856,0.00042132998,0,LOW,train
2026-01-03 23:15:00,ZONE_A,2503.139827544734,2340.031,2465.870624828114,0.00019976722,0,LOW,train
2026-01-03 23:30:00,ZONE_A,2376.641553565537,2307.3015,2356.3879230201146,0.00043667163,0,LOW,train
2026-01-03 23:45:00,ZONE_A,2323.0316595832605,2306.7278,2303.377979843772,0.00047306743,0,LOW,train
2026-01-04 00:00:00,ZONE_A,2256.7925404466505,2314.1526,2271.5947193768234,0.0010247441,0,LOW,train
2026-01-04 00:15:00,ZONE_A,2316.9066928793186,2290.7976,2385.5299299980115,0.0010013836,0,LOW,train
2026-01-04 00:30:00,ZONE_A,2340.2131789101377,2293.7075,2270.426072379841,0.00044116058,0,LOW,train
2026-01-04 00:45:00,ZONE_A,2284.369154503459,2293.3425,2268.827889423235,0.0005586649,0,LOW,train
2026-01-04 01:00:00,ZONE_A,2343.499011316458,2290.0193,2347.619322175545,0.00040685709,0,LOW,train
2026-01-04 01:15:00,ZONE_A,2285.188249214755,2290.6584,2245.942988780881,0.00020408715,0,LOW,train
2026-01-04 01:30:00,ZONE_A,2268.382417236454,2291.13,2296.9344467754167,0.00040805133,0,LOW,train
2026-01-04 01:45:00,ZONE_A,2298.31568487053,2287.8005,2305.725089098051,0.0007304908,0,LOW,train
2026-01-04 02:00:00,ZONE_A,2282.596956609337,2297.6035,2261.130603511837,0.00023611286,0,LOW,train
2026-01-04 02:15:00,ZONE_A,2272.820899213016,2283.5928,2315.046199394218,0.0004093889,0,LOW,train
2026-01-04 02:30:00,ZONE_A,2307.686235060616,2283.0022,2285.344213102901,0.0004300472,0,LOW,train
2026-01-04 02:45:00,ZONE_A,2284.600334755099,2284.3782,2305.8926660748025,0.00043720272,0,LOW,train
2026-01-04 03:00:00,ZONE_A,2279.7754449425324,2283.5051,2337.2177365726648,0.00048111676,0,LOW,train
2026-01-04 03:15:00,ZONE_A,2246.689578985596,2283.0625,2287.503590572563,0.00051357574,0,LOW,train
2026-01-04 03:30:00,ZONE_A,2279.2492239725552,2286.572,2258.9358720791465,0.00047191425,0,LOW,train
2026-01-04 03:45:00,ZONE_A,2255.3004567259577,2282.9224,2258.3227572388723,0.00069282256,0,LOW,train
2026-01-04 04:00:00,ZONE_A,2285.154594824221,2287.085,2275.06892784848,0.00024544715,0,LOW,train
2026-01-04 04:15:00,ZONE_A,2288.0527899563604,2279.424,2318.196136462123,0.00042717977,0,LOW,train
2026-01-04 04:30:00,ZONE_A,2291.9001760421656,2286.892,2289.208445359688,0.00032755992,0,LOW,train
2026-01-04 04:45:00,ZONE_A,2282.213432192615,2280.489,2285.743190189924,0.00039547015,0,LOW,train
2026-01-04 05:00:00,ZONE_A,2287.157088022093,2543.442,2271.819643043701,0.0002809975,0,LOW,train
2026-01-04 05:15:00,ZONE_A,2258.270996517022,2569.051,2276.087944751445,0.0005465051,0,LOW,train
2026-01-04 05:30:00,ZONE_A,2269.407919023954,2607.901,2278.454209997012,0.000550725,0,LOW,train
2026-01-04 05:45:00,ZONE_A,2280.624822459559,2625.3286,2276.585098233307,0.00025731267,0,LOW,train
2026-01-04 06:00:00,ZONE_A,2525.47991793508,2673.0295,2578.747684823588,0.0003187897,0,LOW,train
2026-01-04 06:15:00,ZONE_A,2572.809650290996,2692.0022,2564.2390302233034,0.0010823549,0,LOW,train
2026-01-04 06:30:00,ZONE_A,2610.4663928902387,2732.5596,2631.347678358796,0.0015243472,0,LOW,train
2026-01-04 06:45:00,ZONE_A,2641.3224571950323,2746.9338,2623.02376404246,0.0012431944,0,LOW,train
2026-01-04 07:00:00,ZONE_A,2663.7971000997863,2793.313,2721.555320600706,0.0028155753,0,LOW,train
2026-01-04 07:15:00,ZONE_A,2704.354027366031,2838.4321,2739.675488571453,0.0016905554,0,LOW,train
2026-01-04 07:30:00,ZONE_A,2737.7394617919736,2841.2312,2718.838931418199,0.01056479,0,LOW,train
2026-01-04 07:45:00,ZONE_A,2718.3105053757704,2936.8137,2769.395899193521,0.9561621,1,CRITICAL,train
2026-01-04 08:00:00,ZONE_A,2787.969769704602,2930.2976,2795.437906310969,0.041756045,0,LOW,train
2026-01-04 08:15:00,ZONE_A,2823.0059098199035,2950.3176,2775.9063539218505,0.16125117,0,LOW,train
2026-01-04 08:30:00,ZONE_A,2843.7823148860084,3021.73,2845.522676926135,0.945982,1,CRITICAL,train
2026-01-04 08:45:00,ZONE_A,3040.2107266540656,3030.5405,2898.1115509602714,0.9879632,1,CRITICAL,train
2026-01-04 09:00:00,ZONE_A,2932.8679768606708,2709.6208,2981.225955535422,0.04839061,0,LOW,train
2026-01-04 09:15:00,ZONE_A,2975.0396332959367,2709.9614,2977.849530332191,0.039148383,0,LOW,train
2026-01-04 09:30:00,ZONE_A,3041.049862584799,2692.6382,2996.703918599416,0.015905056,0,LOW,train
2026-01-04 09:45:00,ZONE_A,3042.6957448310864,2687.1938,2988.0091643197725,0.017489381,0,LOW,train
2026-01-04 10:00:00,ZONE_A,2699.920135622741,2681.6113,2647.6741965939773,0.0029216683,0,LOW,train
2026-01-04 10:15:00,ZONE_A,2731.573976982499,2699.4016,2685.2565829117184,0.0070456113,0,LOW,train
2026-01-04 10:30:00,ZONE_A,2677.4363362198947,2741.7114,2885.9338722441566,0.0020993124,0,LOW,train
2026-01-04 10:45:00,ZONE_A,2647.619072435023,2699.2004,2699.38054065024,0.0035732212,0,LOW,train
2026-01-04 11:00:00,ZONE_A,2656.008346070053,2672.6858,2656.5817124463047,0.0027338825,0,LOW,train
2026-01-04 11:15:00,ZONE_A,2643.66829228194,2698.0254,2693.954372602813,0.0010463219,0,LOW,train
2026-01-04 11:30:00,ZONE_A,2769.2288702397136,2705.4214,2643.0463040010504,0.0012504703,0,LOW,train
2026-01-04 11:45:00,ZONE_A,2673.221747378544,2685.104,2754.203803349324,0.0013882429,0,LOW,train
2026-01-04 12:00:00,ZONE_A,2669.9580536523413,2674.4343,2670.0014373411773,0.0021513852,0,LOW,train
2026-01-04 12:15:00,ZONE_A,2657.8526476375323,2674.3767,2702.1378540096443,0.0009624014,0,LOW,train
2026-01-04 12:30:00,ZONE_A,2702.684307382516,2680.1675,2707.862091928768,0.0020227905,0,LOW,train
2026-01-04 12:45:00,ZONE_A,2652.84405054722,2678.1306,2785.5799083781085,0.0011068432,0,LOW,train
2026-01-04 13:00:00,ZONE_A,2646.39952171803,2690.0935,2664.3568092802507,0.0011987186,0,LOW,train
2026-01-04 13:15:00,ZONE_A,2675.6806349356034,2687.8242,2654.01969785173,0.00111458,0,LOW,train
2026-01-04 13:30:00,ZONE_A,2690.3869321334114,2680.1077,2687.1691768527808,0.001638967,0,LOW,train
2026-01-04 13:45:00,ZONE_A,2665.218738408252,2691.8738,2668.231898515237,0.0016755698,0,LOW,train
2026-01-04 14:00:00,ZONE_A,2718.899626013328,2688.7856,2816.8429721843927,0.002158581,0,LOW,train
2026-01-04 14:15:00,ZONE_A,2675.029800693256,2667.5457,2636.457022450011,0.000958442,0,LOW,train
2026-01-04 14:30:00,ZONE_A,2664.62662767182,2695.113,2673.0709595284784,0.002742106,0,LOW,train
2026-01-04 14:45:00,ZONE_A,2660.161066431604,2699.256,2684.60992406157,0.0020826259,0,LOW,train
2026-01-04 15:00:00,ZONE_A,2643.554570428176,2788.629,2838.8724199520507,0.0017018862,0,LOW,train
2026-01-04 15:15:00,ZONE_A,2640.7867726888007,2784.5212,2701.6244216070386,0.00081876566,0,LOW,train
2026-01-04 15:30:00,ZONE_A,2669.299362016943,2786.6306,2681.916637290211,0.0010078907,0,LOW,train
2026-01-04 15:45:00,ZONE_A,2707.3079337825347,2790.3674,2685.0870066604207,0.00086286385,0,LOW,train
2026-01-04 16:00:00,ZONE_A,2822.8841031731586,2803.2202,2787.1205373942325,0.0012092164,0,LOW,train
2026-01-04 16:15:00,ZONE_A,2777.768491687766,2797.883,2787.7478691946844,0.0013636358,0,LOW,train
2026-01-04 16:30:00,ZONE_A,2758.826386275894,2802.7524,2823.718165108597,0.001211382,0,LOW,train
2026-01-04 16:45:00,ZONE_A,2823.155478603624,2797.338,2793.9323746372547,0.0017838989,0,LOW,train
2026-01-04 17:00:00,ZONE_A,2826.532432789999,2808.8293,2814.192020428029,0.0015165523,0,LOW,train
2026-01-04 17:15:00,ZONE_A,2782.3503726990566,2791.0745,2802.4321362913893,0.0026661684,0,LOW,train
2026-01-04 17:30:00,ZONE_A,2818.5133389581574,2805.1829,2844.9890689136264,0.0012416011,0,LOW,train
2026-01-04 17:45:00,ZONE_A,2780.237768462295,2798.0547,2742.011795986802,0.0008924693,0,LOW,train
2026-01-04 18:00:00,ZONE_A,2801.7445978483884,2790.813,2763.837540921168,0.002346423,0,LOW,train
2026-01-04 18:15:00,ZONE_A,2774.65006168181,2790.1812,2791.5141744073508,0.001252137,0,LOW,train
2026-01-04 18:30:00,ZONE_A,2802.3330130003123,2797.0576,2775.4254647910884,0.0022075044,0,LOW,train
2026-01-04 18:45:00,ZONE_A,2809.1411479341427,2795.4788,2814.1258011220043,0.0016529291,0,LOW,train
2026-01-04 19:00:00,ZONE_A,2799.860802341753,2798.6013,2804.915700347624,0.0020164703,0,LOW,train
2026-01-04 19:15:00,ZONE_A,2763.945287399637,2792.4805,2795.3300729754646,0.0005930538,0,LOW,train
2026-01-04 19:30:00,ZONE_A,2810.990533488593,2780.5361,2803.036381854876,0.0008766255,0,LOW,train
2026-01-04 19:45:00,ZONE_A,2790.3417430554323,2781.5945,2796.500604711396,0.00061602,0,LOW,train
2026-01-04 20:00:00,ZONE_A,2819.5593002599985,2644.6145,2794.4807380709,0.0003695558,0,LOW,train
2026-01-04 20:15:00,ZONE_A,2805.515968181621,2639.1628,2828.2116079754646,0.0014557781,0,LOW,train
2026-01-04 20:30:00,ZONE_A,2815.452459719361,2611.1233,2781.667036768461,0.00036225078,0,LOW,train
2026-01-04 20:45:00,ZONE_A,2792.573759706941,2604.238,2854.0775038517845,0.00030199348,0,LOW,train
2026-01-04 21:00:00,ZONE_A,2696.73188151089,2565.9475,2668.776085177842,0.00024271486,0,LOW,train
2026-01-04 21:15:00,ZONE_A,2636.9677619607774,2516.7598,2628.6629782099803,0.00015207507,0,LOW,train
2026-01-04 21:30:00,ZONE_A,2584.834644842673,2493.2285,2617.7773774735774,0.00019283865,0,LOW,train
2026-01-04 21:45:00,ZONE_A,2582.8513614413955,2466.4285,2586.734972799504,0.00022878988,0,LOW,train
2026-01-04 22:00:00,ZONE_A,2537.770678344412,2434.7654,2568.1419857832225,0.00019330716,0,LOW,train
2026-01-04 22:15:00,ZONE_A,2497.544663513339,2400.6338,2513.268329427576,0.00036163727,0,LOW,train
2026-01-04 22:30:00,ZONE_A,2469.3067089912947,2365.8313,2485.359467525803,0.00036490755,0,LOW,train
2026-01-04 22:45:00,ZONE_A,2505.158826017502,2332.401,2513.3431253909007,0.00031867513,0,LOW,train
2026-01-04 23:00:00,ZONE_A,2462.865641587895,2304.404,2398.1533559029194,0.00012026933,0,LOW,train
2026-01-04 23:15:00,ZONE_A,2427.5681688683067,2319.4146,2503.139827544734,0.0002462169,0,LOW,train
2026-01-04 23:30:00,ZONE_A,2459.605356244825,2301.2517,2376.641553565537,0.00016576544,0,LOW,train
2026-01-04 23:45:00,ZONE_A,2305.458649434704,2301.3198,2323.0316595832605,0.00026552862,0,LOW,train
2026-01-05 00:00:00,ZONE_A,2300.9608949289395,2302.3003,2256.7925404466505,0.000369071,0,LOW,train
2026-01-05 00:15:00,ZONE_A,2304.620441013811,2297.228,2316.9066928793186,0.0008762981,0,LOW,train
2026-01-05 00:30:00,ZONE_A,2292.0786185736065,2297.5103,2340.2131789101377,0.00031070944,0,LOW,train
2026-01-05 00:45:00,ZONE_A,2249.318196600981,2283.504,2284.369154503459,0.00052548666,0,LOW,train
2026-01-05 01:00:00,ZONE_A,2302.810326696924,2295.799,2343.499011316458,0.00022252771,0,LOW,train
2026-01-05 01:15:00,ZONE_A,2293.5487129718003,2296.8267,2285.188249214755,0.0001945095,0,LOW,train
2026-01-05 01:30:00,ZONE_A,2332.6616245537384,2288.6328,2268.382417236454,0.00012471424,0,LOW,train
2026-01-05 01:45:00,ZONE_A,2261.7336721105703,2290.7793,2298.31568487053,0.00044096928,0,LOW,train
2026-01-05 02:00:00,ZONE_A,2302.944191616733,2304.1428,2282.596956609337,0.00023060851,0,LOW,train
2026-01-05 02:15:00,ZONE_A,2308.626252258028,2286.549,2272.820899213016,0.0002651499,0,LOW,train
2026-01-05 02:30:00,ZONE_A,2284.721945884301,2287.519,2307.686235060616,0.00053295394,0,LOW,train
2026-01-05 02:45:00,ZONE_A,2280.5293217923136,2286.6738,2284.600334755099,0.00045356908,0,LOW,train
2026-01-05 03:00:00,ZONE_A,2346.190786300078,2280.1055,2279.7754449425324,0.00039960665,0,LOW,train
2026-01-05 03:15:00,ZONE_A,2278.766557993062,2293.7256,2246.689578985596,0.000421268,0,LOW,train
2026-01-05 03:30:00,ZONE_A,2270.613436373649,2288.5234,2279.2492239725552,0.00051570544,0,LOW,train
2026-01-05 03:45:00,ZONE_A,2274.996132306521,2288.4895,2255.3004567259577,0.0004217397,0,LOW,train
2026-01-05 04:00:00,ZONE_A,2279.288257772897,2294.7646,2285.154594824221,0.00042864913,0,LOW,train
2026-01-05 04:15:00,ZONE_A,2305.192359783378,2288.1943,2288.0527899563604,0.00016905623,0,LOW,train
2026-01-05 04:30:00,ZONE_A,2277.1335786287127,2289.8496,2291.9001760421656,0.00035031067,0,LOW,train
2026-01-05 04:45:00,ZONE_A,2262.381239694507,2304.1057,2282.213432192615,0.0004423049,0,LOW,train
2026-01-05 05:00:00,ZONE_A,2298.77221539388,2540.0996,2287.157088022093,0.00027562762,0,LOW,train
2026-01-05 05:15:00,ZONE_A,2292.512348634716,2557.3123,2258.270996517022,0.00021201733,0,LOW,train
2026-01-05 05:30:00,ZONE_A,2272.6116565742727,2596.4514,2269.407919023954,0.00022396429,0,LOW,train
2026-01-05 05:45:00,ZONE_A,2288.6538199232496,2626.8232,2280.624822459559,0.0002593587,0,LOW,train
2026-01-05 06:00:00,ZONE_A,2529.6319604949044,2669.5205,2525.47991793508,0.00037156072,0,LOW,train
2026-01-05 06:15:00,ZONE_A,2538.5003575065302,2685.9946,2572.809650290996,0.00053488225,0,LOW,train
2026-01-05 06:30:00,ZONE_A,2581.0836712619184,2735.8948,2610.4663928902387,0.0005876861,0,LOW,train
2026-01-05 06:45:00,ZONE_A,2644.445767335428,2777.2742,2641.3224571950323,0.0005479118,0,LOW,train
2026-01-05 07:00:00,ZONE_A,2660.5800115849406,2796.4294,2663.7971000997863,0.00032670135,0,LOW,train
2026-01-05 07:15:00,ZONE_A,2679.7019557258263,2831.301,2704.354027366031,0.001160863,0,LOW,train
2026-01-05 07:30:00,ZONE_A,2738.365182047092,2867.7812,2737.7394617919736,0.008758377,0,LOW,train
2026-01-05 07:45:00,ZONE_A,2791.225565424638,2906.5144,2718.3105053757704,0.02392711,0,LOW,train
2026-01-05 08:00:00,ZONE_A,2845.7454320647007,2999.5537,2787.969769704602,0.9206839,1,CRITICAL,train
2026-01-05 08:15:00,ZONE_A,2837.786196042604,3055.3884,2823.0059098199035,0.97069114,1,CRITICAL,train
2026-01-05 08:30:00,ZONE_A,2868.165391062038,3011.267,2843.7823148860084,0.54983777,0,MEDIUM,train
2026-01-05 08:45:00,ZONE_A,2907.3141076032025,3052.468,3040.2107266540656,0.9876303,1,CRITICAL,train
2026-01-05 09:00:00,ZONE_A,3112.676454384981,2705.5012,2932.8679768606708,0.011287121,0,LOW,train
2026-01-05 09:15:00,ZONE_A,3105.6665509873715,2732.6453,2975.0396332959367,0.0071321386,0,LOW,train
2026-01-05 09:30:00,ZONE_A,2978.7813355072235,2703.7961,3041.049862584799,0.033965204,0,LOW,train
2026-01-05 09:45:00,ZONE_A,3075.123125126276,2706.2732,3042.6957448310864,0.02197063,0,LOW,train
2026-01-05 10:00:00,ZONE_A,2696.1086951274224,2722.8765,2699.920135622741,0.0016210644,0,LOW,train
2026-01-05 10:15:00,ZONE_A,2765.373028577734,2677.8132,2731.573976982499,0.0036803847,0,LOW,train
2026-01-05 10:30:00,ZONE_A,2674.7110442257617,2696.241,2677.4363362198947,0.002199664,0,LOW,train
2026-01-05 10:45:00,ZONE_A,2717.899677168213,2678.6008,2647.619072435023,0.0019701724,0,LOW,train
2026-01-05 11:00:00,ZONE_A,2744.520682469908,2696.4077,2656.008346070053,0.0033354482,0,LOW,train
2026-01-05 11:15:00,ZONE_A,2660.5434715831343,2697.109,2643.66829228194,0.0029824618,0,LOW,train
2026-01-05 11:30:00,ZONE_A,2703.4322338532074,2727.2944,2769.2288702397136,0.010174141,0,LOW,train
2026-01-05 11:45:00,ZONE_A,2656.9125969605125,2695.7358,2673.221747378544,0.005481697,0,LOW,train
2026-01-05 12:00:00,ZONE_A,2678.995652358887,2709.9917,2669.9580536523413,0.0027605284,0,LOW,train
2026-01-05 12:15:00,ZONE_A,2702.4704488318507,2680.2317,2657.8526476375323,0.01098872,0,LOW,train
2026-01-05 12:30:00,ZONE_A,2818.5268586668544,2670.001,2702.684307382516,0.002449396,0,LOW,train
2026-01-05 12:45:00,ZONE_A,2682.774974865753,2675.6367,2652.84405054722,0.0040388466,0,LOW,train
2026-01-05 13:00:00,ZONE_A,2848.7955166549145,2680.4482,2646.39952171803,0.0072217267,0,LOW,train
2026-01-05 13:15:00,ZONE_A,2687.148927763531,2678.7551,2675.6806349356034,0.0244653,0,LOW,train
2026-01-05 13:30:00,ZONE_A,2702.4186557066623,2681.6335,2690.3869321334114,0.0029580675,0,LOW,train
2026-01-05 13:45:00,ZONE_A,2691.8195810602974,2684.7485,2665.218738408252,0.006288022,0,LOW,train
2026-01-05 14:00:00,ZONE_A,2667.4877042721605,2698.1575,2718.899626013328,0.00795643,0,LOW,train
2026-01-05 14:15:00,ZONE_A,2659.39302363935,2686.0496,2675.029800693256,0.0056126253,0,LOW,train
2026-01-05 14:30:00,ZONE_A,2635.1328945729765,2693.8694,2664.62662767182,0.0009246935,0,LOW,train
2026-01-05 14:45:00,ZONE_A,2656.296031530784,2675.3735,2660.161066431604,0.0038810095,0,LOW,train
2026-01-05 15:00:00,ZONE_A,2705.4562344824217,2777.8965,2643.554570428176,0.0039152624,0,LOW,train
2026-01-05 15:15:00,ZONE_A,2677.785574630435,2793.6436,2640.7867726888007,0.003824122,0,LOW,train
2026-01-05 15:30:00,ZONE_A,2686.493807004217,2822.961,2669.299362016943,0.0049069747,0,LOW,train
2026-01-05 15:45:00,ZONE_A,2653.560917886768,2817.3447,2707.3079337825347,0.014597799,0,LOW,train
2026-01-05 16:00:00,ZONE_A,2800.0366600118896,2817.205,2822.8841031731586,0.00852966,0,LOW,train
2026-01-05 16:15:00,ZONE_A,2791.9430303532963,2798.279,2777.768491687766,0.0178846,0,LOW,train
2026-01-05 16:30:00,ZONE_A,2837.7612048249166,2818.8298,2758.826386275894,0.020365689,0,LOW,train
2026-01-05 16:45:00,ZONE_A,2833.7892579599747,2825.394,2823.155478603624,0.037394978,0,LOW,train
2026-01-05 17:00:00,ZONE_A,2806.370972238839,3037.0962,2826.532432789999,0.9714218,1,CRITICAL,train
2026-01-05 17:15:00,ZONE_A,2760.894294311772,3032.4763,2782.3503726990566,0.9791428,1,CRITICAL,train
2026-01-05 17:30:00,ZONE_A,2782.2915928781003,3041.4045,2818.5133389581574,0.9688166,1,CRITICAL,train
2026-01-05 17:45:00,ZONE_A,2799.386247612318,3004.921,2780.237768462295,0.9456041,1,CRITICAL,train
2026-01-05 18:00:00,ZONE_A,3104.9028289359494,3103.6455,2801.7445978483884,0.98701376,1,CRITICAL,train
2026-01-05 18:15:00,ZONE_A,3103.6598798507216,3112.4116,2774.65006168181,0.9957463,1,CRITICAL,train
2026-01-05 18:30:00,ZONE_A,3118.211262815133,3135.0032,2802.3330130003123,0.9949386,1,CRITICAL,train
2026-01-05 18:45:00,ZONE_A,3133.3843497386706,3115.7097,2809.1411479341427,0.99210066,1,CRITICAL,train
2026-01-05 19:00:00,ZONE_A,3130.168942075956,3098.1023,2799.860802341753,0.97174025,1,CRITICAL,train
2026-01-05 19:15:00,ZONE_A,3150.162714975443,2851.8938,2763.945287399637,0.11706751,0,LOW,train
2026-01-05 19:30:00,ZONE_A,3142.6518261784377,2814.123,2810.990533488593,0.0641956,0,LOW,train
2026-01-05 19:45:00,ZONE_A,3121.2079469182195,2814.904,2790.3417430554323,0.037550103,0,LOW,train
2026-01-05 20:00:00,ZONE_A,3132.367038596158,2660.0566,2819.5593002599985,0.026805675,0,LOW,train
2026-01-05 20:15:00,ZONE_A,2839.575721848328,2634.622,2805.515968181621,0.010963247,0,LOW,train
2026-01-05 20:30:00,ZONE_A,2766.509022215094,2609.4763,2815.452459719361,0.005707885,0,LOW,train
2026-01-05 20:45:00,ZONE_A,2816.0825394690783,2644.314,2792.573759706941,0.02993424,0,LOW,train
2026-01-05 21:00:00,ZONE_A,2653.956311215639,2580.0098,2696.73188151089,0.0021903047,0,LOW,train
2026-01-05 21:15:00,ZONE_A,2653.6156766044974,2501.222,2636.9677619607774,0.00043564115,0,LOW,train
2026-01-05 21:30:00,ZONE_A,2590.9820075758385,2446.8943,2584.834644842673,0.0003372091,0,LOW,train
2026-01-05 21:45:00,ZONE_A,2674.7210046428604,2449.0015,2582.8513614413955,0.0010891063,0,LOW,train
2026-01-05 22:00:00,ZONE_A,2578.4765455521774,2401.6033,2537.770678344412,0.00045462567,0,LOW,train
2026-01-05 22:15:00,ZONE_A,2486.607624138196,2377.9312,2497.544663513339,0.00039553788,0,LOW,train
2026-01-05 22:30:00,ZONE_A,2437.904270970784,2349.4556,2469.3067089912947,0.0006085911,0,LOW,train
2026-01-05 22:45:00,ZONE_A,2426.8919189408007,2316.8623,2505.158826017502,0.0005608425,0,LOW,train
2026-01-05 23:00:00,ZONE_A,2420.38928881227,2316.1028,2462.865641587895,0.0003825048,0,LOW,train
2026-01-05 23:15:00,ZONE_A,2387.7710439372577,2315.4272,2427.5681688683067,0.0007031487,0,LOW,train
2026-01-05 23:30:00,ZONE_A,2348.487912747558,2318.8313,2459.605356244825,0.00034376507,0,LOW,train
2026-01-05 23:45:00,ZONE_A,2302.56089036861,2308.2915,2305.458649434704,0.0005404083,0,LOW,train
2026-01-06 00:00:00,ZONE_A,2328.4590963832948,2316.1946,2300.9608949289395,0.00027614922,0,LOW,train
2026-01-06 00:15:00,ZONE_A,2331.471987839411,2322.591,2304.620441013811,0.00020989729,0,LOW,train
2026-01-06 00:30:00,ZONE_A,2345.9842075728334,2297.0325,2292.0786185736065,0.0001617582,0,LOW,train
2026-01-06 00:45:00,ZONE_A,2288.98684619904,2321.4248,2249.318196600981,0.00014383873,0,LOW,train
2026-01-06 01:00:00,ZONE_A,2329.6523257577137,2281.5984,2302.810326696924,0.00021864193,0,LOW,train
2026-01-06 01:15:00,ZONE_A,2350.607298344441,2280.8247,2293.5487129718003,0.00016163594,0,LOW,train
2026-01-06 01:30:00,ZONE_A,2293.139179843662,2286.047,2332.6616245537384,0.00027505035,0,LOW,train
2026-01-06 01:45:00,ZONE_A,2339.6055780679176,2287.7847,2261.7336721105703,0.0002561722,0,LOW,train
2026-01-06 02:00:00,ZONE_A,2262.883276627869,2287.4407,2302.944191616733,0.00042870425,0,LOW,train
2026-01-06 02:15:00,ZONE_A,2267.3507718514907,2282.6191,2308.626252258028,0.00048661986,0,LOW,train
2026-01-06 02:30:00,ZONE_A,2277.695104358965,2276.0046,2284.721945884301,0.00065627624,0,LOW,train
2026-01-06 02:45:00,ZONE_A,2304.724600512268,2281.337,2280.5293217923136,0.0004398752,0,LOW,train
2026-01-06 03:00:00,ZONE_A,2273.6695797199263,2279.9429,2346.190786300078,0.00044567487,0,LOW,train
2026-01-06 03:15:00,ZONE_A,2273.719473033783,2290.8604,2278.766557993062,0.00032830684,0,LOW,train
2026-01-06 03:30:00,ZONE_A,2282.3252535482834,2295.3423,2270.613436373649,0.00021921682,0,LOW,train
2026-01-06 03:45:00,ZONE_A,2272.7281133014726,2280.2983,2274.996132306521,0.0003533092,0,LOW,train
2026-01-06 04:00:00,ZONE_A,2276.20864526697,2292.3987,2279.288257772897,0.0002780103,0,LOW,train
2026-01-06 04:15:00,ZONE_A,2311.187836141769,2269.9922,2305.192359783378,0.00018838962,0,LOW,train
2026-01-06 04:30:00,ZONE_A,2303.7148702806,2284.5085,2277.1335786287127,0.00022098761,0,LOW,train
2026-01-06 04:45:00,ZONE_A,2281.473596185299,2278.9504,2262.381239694507,0.00024795454,0,LOW,train
2026-01-06 05:00:00,ZONE_A,2304.6556854427336,2566.7146,2298.77221539388,0.00023838892,0,LOW,train
2026-01-06 05:15:00,ZONE_A,2246.2506187757394,2561.2734,2292.512348634716,0.00019801213,0,LOW,train
2026-01-06 05:30:00,ZONE_A,2237.771194057555,2589.7788,2272.6116565742727,0.0003248159,0,LOW,train
2026-01-06 05:45:00,ZONE_A,2265.04954595423,2625.718,2288.6538199232496,0.0002492337,0,LOW,train
2026-01-06 06:00:00,ZONE_A,2558.7364008714853,2677.3203,2529.6319604949044,0.000288083,0,LOW,train
2026-01-06 06:15:00,ZONE_A,2562.4061556931324,2712.516,2538.5003575065302,0.00043745863,0,LOW,train
2026-01-06 06:30:00,ZONE_A,2594.421888512328,2740.081,2581.0836712619184,0.00038793037,0,LOW,train
2026-01-06 06:45:00,ZONE_A,2643.3967562500734,2758.454,2644.445767335428,0.00055734464,0,LOW,train
2026-01-06 07:00:00,ZONE_A,2669.512643150083,2786.8406,2660.5800115849406,0.00057494506,0,LOW,train
2026-01-06 07:15:00,ZONE_A,2686.9592702959167,2807.5986,2679.7019557258263,0.0016900154,0,LOW,train
2026-01-06 07:30:00,ZONE_A,2783.5413479110985,2852.3708,2738.365182047092,0.018369079,0,LOW,train
2026-01-06 07:45:00,ZONE_A,2743.991485485305,2930.6174,2791.225565424638,0.020505494,0,LOW,train
2026-01-06 08:00:00,ZONE_A,2799.4220742470266,2934.0413,2845.7454320647007,0.07926001,0,LOW,train
2026-01-06 08:15:00,ZONE_A,2786.957939596751,2954.764,2837.786196042604,0.016518468,0,LOW,train
2026-01-06 08:30:00,ZONE_A,2855.058707867436,2972.0198,2868.165391062038,0.08079434,0,LOW,train
2026-01-06 08:45:00,ZONE_A,2914.5140976719767,3038.5933,2907.3141076032025,0.97133756,1,CRITICAL,train
2026-01-06 09:00:00,ZONE_A,2932.5347686798173,2700.8953,3112.676454384981,0.008444621,0,LOW,train
2026-01-06 09:15:00,ZONE_A,2947.049972061657,2719.1245,3105.6665509873715,0.0131653445,0,LOW,train
2026-01-06 09:30:00,ZONE_A,2993.8735220701333,2693.3325,2978.7813355072235,0.00612713,0,LOW,train
2026-01-06 09:45:00,ZONE_A,3054.11332440264,2707.7559,3075.123125126276,0.0035585994,0,LOW,train
2026-01-06 10:00:00,ZONE_A,2694.789588874929,2686.7542,2696.1086951274224,0.009466351,0,LOW,train
2026-01-06 10:15:00,ZONE_A,2705.6999162223465,2684.3987,2765.373028577734,0.002754372,0,LOW,train
2026-01-06 10:30:00,ZONE_A,2652.381820316068,2690.421,2674.7110442257617,0.0049079624,0,LOW,train
2026-01-06 10:45:00,ZONE_A,2720.3879563988653,2670.3218,2717.899677168213,0.0057827653,0,LOW,train
2026-01-06 11:00:00,ZONE_A,2681.959741331837,2690.4736,2744.520682469908,0.005779901,0,LOW,train
2026-01-06 11:15:00,ZONE_A,2657.4801106034693,2699.0085,2660.5434715831343,0.012275611,0,LOW,train
2026-01-06 11:30:00,ZONE_A,2684.467992759153,2706.115,2703.4322338532074,0.0046448386,0,LOW,train
2026-01-06 11:45:00,ZONE_A,2655.292952848977,2695.2969,2656.9125969605125,0.009304688,0,LOW,train
2026-01-06 12:00:00,ZONE_A,2692.5569247890608,2681.8464,2678.995652358887,0.001237483,0,LOW,train
2026-01-06 12:15:00,ZONE_A,2690.3634888567667,2682.7437,2702.4704488318507,0.0015954723,0,LOW,train
2026-01-06 12:30:00,ZONE_A,2744.169008811745,2669.16,2818.5268586668544,0.002672049,0,LOW,train
2026-01-06 12:45:00,ZONE_A,2665.6591314743214,2675.5132,2682.774974865753,0.005787779,0,LOW,train
2026-01-06 13:00:00,ZONE_A,2674.8290485008056,2676.9023,2848.7955166549145,0.0010637003,0,LOW,train
2026-01-06 13:15:00,ZONE_A,2651.495553868104,2678.3767,2687.148927763531,0.0026135074,0,LOW,train
2026-01-06 13:30:00,ZONE_A,2653.655927926746,2694.6833,2702.4186557066623,0.0018921269,0,LOW,train
2026-01-06 13:45:00,ZONE_A,2655.674403728914,2688.9744,2691.8195810602974,0.003149461,0,LOW,train
2026-01-06 14:00:00,ZONE_A,2671.946156348866,2692.941,2667.4877042721605,0.0025813424,0,LOW,train
2026-01-06 14:15:00,ZONE_A,2667.7487523429872,2695.1194,2659.39302363935,0.003063564,0,LOW,train
2026-01-06 14:30:00,ZONE_A,2747.779101952405,2680.9993,2635.1328945729765,0.0006841629,0,LOW,train
2026-01-06 14:45:00,ZONE_A,2664.233018804965,2700.1736,2656.296031530784,0.0068657803,0,LOW,train
2026-01-06 15:00:00,ZONE_A,2704.895087126248,2794.6099,2705.4562344824217,0.0068920064,0,LOW,train
2026-01-06 15:15:00,ZONE_A,2696.7353401930995,2797.3384,2677.785574630435,0.0042959354,0,LOW,train
2026-01-06 15:30:00,ZONE_A,2677.77242960402,2800.513,2686.493807004217,0.007502194,0,LOW,train
2026-01-06 15:45:00,ZONE_A,2691.343023864055,2778.8457,2653.560917886768,0.004428809,0,LOW,train
2026-01-06 16:00:00,ZONE_A,2784.638699251374,2794.65,2800.0366600118896,0.0009798318,0,LOW,train
2026-01-06 16:15:00,ZONE_A,2805.674667396206,2796.8633,2791.9430303532963,0.001940796,0,LOW,train
2026-01-06 16:30:00,ZONE_A,2815.393640374864,2795.4287,2837.7612048249166,0.0021974705,0,LOW,train
2026-01-06 16:45:00,ZONE_A,2777.65253346058,2803.995,2833.7892579599747,0.0045596296,0,LOW,train
2026-01-06 17:00:00,ZONE_A,2796.163470912265,2797.3318,2806.370972238839,0.005186216,0,LOW,train
2026-01-06 17:15:00,ZONE_A,2772.986480571333,2807.588,2760.894294311772,0.0067372597,0,LOW,train
2026-01-06 17:30:00,ZONE_A,2774.073100317265,2811.158,2782.2915928781003,0.01089599,0,LOW,train
2026-01-06 17:45:00,ZONE_A,2840.614789397402,2824.6099,2799.386247612318,0.0031004483,0,LOW,train
2026-01-06 18:00:00,ZONE_A,2791.279223151603,2815.1174,3104.9028289359494,0.0016360787,0,LOW,train
2026-01-06 18:15:00,ZONE_A,2777.406262319136,2801.5427,3103.6598798507216,0.0010691009,0,LOW,train
2026-01-06 18:30:00,ZONE_A,2807.96425756853,2805.2095,3118.211262815133,0.0037818376,0,LOW,train
2026-01-06 18:45:00,ZONE_A,2788.667801443617,2795.7893,3133.3843497386706,0.0008968692,0,LOW,train
2026-01-06 19:00:00,ZONE_A,2831.289935478811,2790.4238,3130.168942075956,0.00079948385,0,LOW,train
2026-01-06 19:15:00,ZONE_A,2754.661285690917,2806.5654,3150.162714975443,0.0005377177,0,LOW,train
2026-01-06 19:30:00,ZONE_A,2805.302280107628,2802.8408,3142.6518261784377,0.0022363204,0,LOW,train
2026-01-06 19:45:00,ZONE_A,2791.031876280626,2809.1555,3121.2079469182195,0.0004957864,0,LOW,train
2026-01-06 20:00:00,ZONE_A,2752.220518512945,2660.9666,3132.367038596158,0.0006681981,0,LOW,train
2026-01-06 20:15:00,ZONE_A,2808.3089804948786,2637.1077,2839.575721848328,0.0013754332,0,LOW,train
2026-01-06 20:30:00,ZONE_A,2789.4280657016325,2652.6487,2766.509022215094,0.0003535291,0,LOW,train
2026-01-06 20:45:00,ZONE_A,2835.683639306275,2615.8867,2816.0825394690783,0.0008855635,0,LOW,train
2026-01-06 21:00:00,ZONE_A,2692.7765247954258,2604.1455,2653.956311215639,0.0003554381,0,LOW,train
2026-01-06 21:15:00,ZONE_A,2639.4132612538656,2521.7122,2653.6156766044974,0.0004990113,0,LOW,train
2026-01-06 21:30:00,ZONE_A,2722.8968016750805,2459.156,2590.9820075758385,0.0003158856,0,LOW,train
2026-01-06 21:45:00,ZONE_A,2614.356927623819,2491.8096,2674.7210046428604,0.00046803177,0,LOW,train
2026-01-06 22:00:00,ZONE_A,2637.614237050618,2445.4841,2578.4765455521774,0.000161116,0,LOW,train
2026-01-06 22:15:00,ZONE_A,2512.8556403961893,2411.0825,2486.607624138196,0.00018889146,0,LOW,train
2026-01-06 22:30:00,ZONE_A,2461.488959187503,2356.545,2437.904270970784,0.00031506812,0,LOW,train
2026-01-06 22:45:00,ZONE_A,2447.81716886424,2358.4783,2426.8919189408007,0.000568539,0,LOW,train
2026-01-06 23:00:00,ZONE_A,2419.297039617408,2307.2058,2420.38928881227,0.0005811684,0,LOW,train
2026-01-06 23:15:00,ZONE_A,2382.8446827616685,2301.1985,2387.7710439372577,0.00047898208,0,LOW,train
2026-01-06 23:30:00,ZONE_A,2354.471470746646,2315.2856,2348.487912747558,0.00040076041,0,LOW,train
2026-01-06 23:45:00,ZONE_A,2442.860098199888,2288.062,2302.56089036861,0.00023633266,0,LOW,train
2026-01-07 00:00:00,ZONE_A,2306.719211122412,2285.1343,2328.4590963832948,0.00035822962,0,LOW,train
2026-01-07 00:15:00,ZONE_A,2306.4314018629816,2296.7146,2331.471987839411,0.0009374522,0,LOW,train
2026-01-07 00:30:00,ZONE_A,2353.4816316992774,2282.319,2345.9842075728334,0.00024104358,0,LOW,train
2026-01-07 00:45:00,ZONE_A,2278.7794880285505,2275.597,2288.98684619904,0.00041471756,0,LOW,train
2026-01-07 01:00:00,ZONE_A,2266.018907490253,2285.2432,2329.6523257577137,0.00027211232,0,LOW,train
2026-01-07 01:15:00,ZONE_A,2307.3852280084893,2286.4258,2350.607298344441,0.00038693316,0,LOW,train
2026-01-07 01:30:00,ZONE_A,2268.2798310331214,2286.0002,2293.139179843662,0.00054279744,0,LOW,train
2026-01-07 01:45:00,ZONE_A,2239.4629016568183,2296.3806,2339.6055780679176,0.0005579979,0,LOW,train
2026-01-07 02:00:00,ZONE_A,2255.853360063203,2283.6204,2262.883276627869,0.0003976412,0,LOW,train
2026-01-07 02:15:00,ZONE_A,2297.34441392583,2281.3652,2267.3507718514907,0.00012020099,0,LOW,train
2026-01-07 02:30:00,ZONE_A,2272.2730474567898,2282.4932,2277.695104358965,0.00039414442,0,LOW,train
2026-01-07 02:45:00,ZONE_A,2333.185816656547,2274.152,2304.724600512268,0.0005400059,0,LOW,train
2026-01-07 03:00:00,ZONE_A,2263.129543782802,2292.1135,2273.6695797199263,0.0007933136,0,LOW,train
2026-01-07 03:15:00,ZONE_A,2257.1595497156927,2285.0532,2273.719473033783,0.00061604555,0,LOW,train
2026-01-07 03:30:00,ZONE_A,2245.3432249165653,2281.4956,2282.3252535482834,0.00061306887,0,LOW,train
2026-01-07 03:45:00,ZONE_A,2240.260995688266,2284.6418,2272.7281133014726,0.00054090226,0,LOW,train
2026-01-07 04:00:00,ZONE_A,2314.8687964006167,2282.6914,2276.20864526697,0.00010407837,0,LOW,train
2026-01-07 04:15:00,ZONE_A,2279.2878035568306,2283.8586,2311.187836141769,0.0004164651,0,LOW,train
2026-01-07 04:30:00,ZONE_A,2248.8802859333537,2283.2178,2303.7148702806,0.0006847251,0,LOW,train
2026-01-07 04:45:00,ZONE_A,2289.758054755508,2292.6943,2281.473596185299,0.00023415837,0,LOW,train
2026-01-07 05:00:00,ZONE_A,2302.8372702056754,2561.7722,2304.6556854427336,0.00039310782,0,LOW,train
2026-01-07 05:15:00,ZONE_A,2262.4355683782314,2589.2283,2246.2506187757394,0.00018887309,0,LOW,train
2026-01-07 05:30:00,ZONE_A,2279.2377371614,2577.8577,2237.771194057555,0.00014895292,0,LOW,train
2026-01-07 05:45:00,ZONE_A,2285.5457900622764,2600.9495,2265.04954595423,0.00029076787,0,LOW,train
2026-01-07 06:00:00,ZONE_A,2538.3303650384914,2718.0046,2558.7364008714853,0.00033871745,0,LOW,train
2026-01-07 06:15:00,ZONE_A,2565.6997982647026,2728.097,2562.4061556931324,0.0004434029,0,LOW,train
2026-01-07 06:30:00,ZONE_A,2567.258129516043,2718.2473,2594.421888512328,0.0013832063,0,LOW,train
2026-01-07 06:45:00,ZONE_A,2611.7965542940965,2757.374,2643.3967562500734,0.0008174431,0,LOW,train
2026-01-07 07:00:00,ZONE_A,2683.109706494282,2784.5398,2669.512643150083,0.00069947913,0,LOW,train
2026-01-07 07:15:00,ZONE_A,2742.3893426324234,2846.2952,2686.9592702959167,0.0037250675,0,LOW,train
2026-01-07 07:30:00,ZONE_A,2679.277046244389,2837.464,2783.5413479110985,0.003622725,0,LOW,train
2026-01-07 07:45:00,ZONE_A,2788.9356947022493,2908.637,2743.991485485305,0.027356422,0,LOW,train
2026-01-07 08:00:00,ZONE_A,2785.803172690914,2954.7676,2799.4220742470266,0.0046392074,0,LOW,train
2026-01-07 08:15:00,ZONE_A,2878.7399225392,2956.6301,2786.957939596751,0.10724652,0,LOW,train
2026-01-07 08:30:00,ZONE_A,2854.4927999254,3115.2341,2855.058707867436,0.9529831,1,CRITICAL,train
2026-01-07 08:45:00,ZONE_A,2894.836163417229,3017.365,2914.5140976719767,0.9898246,1,CRITICAL,train
2026-01-07 09:00:00,ZONE_A,2961.2536990114186,2706.2314,2932.5347686798173,0.004423048,0,LOW,train
2026-01-07 09:15:00,ZONE_A,2940.57026198961,2730.4116,2947.049972061657,0.004233521,0,LOW,train
2026-01-07 09:30:00,ZONE_A,3228.104326050434,2685.1858,2993.8735220701333,0.015200921,0,LOW,train
2026-01-07 09:45:00,ZONE_A,3019.0772157234287,2711.366,3054.11332440264,0.0055248197,0,LOW,train
2026-01-07 10:00:00,ZONE_A,2674.640329328073,2688.725,2694.789588874929,0.0009853776,0,LOW,train
2026-01-07 10:15:00,ZONE_A,2718.9461444604376,2692.5151,2705.6999162223465,0.0011130738,0,LOW,train
2026-01-07 10:30:00,ZONE_A,2690.971848514544,2749.8406,2652.381820316068,0.0024148927,0,LOW,train
2026-01-07 10:45:00,ZONE_A,2662.859389471656,2742.7615,2720.3879563988653,0.0018431813,0,LOW,train
2026-01-07 11:00:00,ZONE_A,2662.719975309042,2732.4414,2681.959741331837,0.0026496577,0,LOW,train
2026-01-07 11:15:00,ZONE_A,2717.184033700789,2698.0981,2657.4801106034693,0.0056161713,0,LOW,train
2026-01-07 11:30:00,ZONE_A,2822.386668931614,2692.1917,2684.467992759153,0.0049566776,0,LOW,train
2026-01-07 11:45:00,ZONE_A,2785.9812970718835,2706.4575,2655.292952848977,0.0049591428,0,LOW,train
2026-01-07 12:00:00,ZONE_A,2784.016478285952,2667.6477,2692.5569247890608,0.0117525775,0,LOW,train
2026-01-07 12:15:00,ZONE_A,2669.393654550122,2699.1765,2690.3634888567667,0.007923021,0,LOW,train
2026-01-07 12:30:00,ZONE_A,2663.999892085456,2694.9868,2744.169008811745,0.0051987404,0,LOW,train
2026-01-07 12:45:00,ZONE_A,2667.89848454137,2732.2402,2665.6591314743214,0.013176178,0,LOW,train
2026-01-07 13:00:00,ZONE_A,2647.5783588413324,2693.5273,2674.8290485008056,0.003651739,0,LOW,train
2026-01-07 13:15:00,ZONE_A,2731.484416959157,2665.4338,2651.495553868104,0.037015755,0,LOW,train
2026-01-07 13:30:00,ZONE_A,2698.0226447280547,2689.6448,2653.655927926746,0.009043646,0,LOW,train
2026-01-07 13:45:00,ZONE_A,2823.39525017481,2687.146,2655.674403728914,0.0049140183,0,LOW,train
2026-01-07 14:00:00,ZONE_A,2647.2851421420987,2687.0708,2671.946156348866,0.0020669794,0,LOW,train
2026-01-07 14:15:00,ZONE_A,2637.8776742841555,2677.8667,2667.7487523429872,0.0030614354,0,LOW,train
2026-01-07 14:30:00,ZONE_A,2682.165619178542,2682.8208,2747.779101952405,0.009320926,0,LOW,train
2026-01-07 14:45:00,ZONE_A,2676.7907344683063,2705.9375,2664.233018804965,0.0017674698,0,LOW,train
2026-01-07 15:00:00,ZONE_A,2682.827748179762,2785.728,2704.895087126248,0.0016549495,0,LOW,train
2026-01-07 15:15:00,ZONE_A,2653.378652067558,2804.3218,2696.7353401930995,0.0014518388,0,LOW,train
2026-01-07 15:30:00,ZONE_A,2669.183968373936,2798.273,2677.77242960402,0.0014964845,0,LOW,train
2026-01-07 15:45:00,ZONE_A,2724.668882694138,2786.7063,2691.343023864055,0.0032858285,0,LOW,train
2026-01-07 16:00:00,ZONE_A,2782.4242863902823,2793.899,2784.638699251374,0.003910005,0,LOW,train
2026-01-07 16:15:00,ZONE_A,2811.911666358844,2793.754,2805.674667396206,0.0034111687,0,LOW,train
2026-01-07 16:30:00,ZONE_A,2801.527659793745,2797.0676,2815.393640374864,0.0038802922,0,LOW,train
2026-01-07 16:45:00,ZONE_A,2779.873315842638,2802.5757,2777.65253346058,0.0044870744,0,LOW,train
2026-01-07 17:00:00,ZONE_A,2780.78132152242,2798.8416,2796.163470912265,0.023277164,0,LOW,train
2026-01-07 17:15:00,ZONE_A,2812.5176936435387,2800.3818,2772.986480571333,0.011253954,0,LOW,train
2026-01-07 17:30:00,ZONE_A,2786.096800225596,2803.823,2774.073100317265,0.0060741846,0,LOW,train
2026-01-07 17:45:00,ZONE_A,2804.508872508285,2795.2708,2840.614789397402,0.010534363,0,LOW,train
2026-01-07 18:00:00,ZONE_A,2797.610436478545,2808.4756,2791.279223151603,0.006070691,0,LOW,train
2026-01-07 18:15:00,ZONE_A,2773.129733783728,2807.675,2777.406262319136,0.0062118364,0,LOW,train
2026-01-07 18:30:00,ZONE_A,2798.3823255655293,2800.0308,2807.96425756853,0.008114006,0,LOW,train
2026-01-07 18:45:00,ZONE_A,2781.0009295041245,2793.9307,2788.667801443617,0.0011450775,0,LOW,train
2026-01-07 19:00:00,ZONE_A,2818.155279959385,2803.974,2831.289935478811,0.0024298667,0,LOW,train
2026-01-07 19:15:00,ZONE_A,2810.3950335567883,2802.8323,2754.661285690917,0.0020414402,0,LOW,train
2026-01-07 19:30:00,ZONE_A,2784.381730684784,2792.5105,2805.302280107628,0.0009592341,0,LOW,train
2026-01-07 19:45:00,ZONE_A,2813.846872226536,2781.9038,2791.031876280626,0.001303767,0,LOW,train
2026-01-07 20:00:00,ZONE_A,2799.299166233944,2636.3008,2752.220518512945,0.00516778,0,LOW,train
2026-01-07 20:15:00,ZONE_A,2809.2110053569527,2639.1572,2808.3089804948786,0.00438066,0,LOW,train
2026-01-07 20:30:00,ZONE_A,2801.489499468622,2622.7798,2789.4280657016325,0.002312634,0,LOW,train
2026-01-07 20:45:00,ZONE_A,2798.1096876967727,2589.0867,2835.683639306275,0.0006260817,0,LOW,train
2026-01-07 21:00:00,ZONE_A,2638.1573533172404,2572.9275,2692.7765247954258,0.0008273587,0,LOW,train
2026-01-07 21:15:00,ZONE_A,2636.982273246929,2524.0571,2639.4132612538656,0.0005899669,0,LOW,train
2026-01-07 21:30:00,ZONE_A,2608.3541264823093,2504.14,2722.8968016750805,0.0003929926,0,LOW,train
2026-01-07 21:45:00,ZONE_A,2561.556888850849,2495.6711,2614.356927623819,0.00038538536,0,LOW,train
2026-01-07 22:00:00,ZONE_A,2596.035126299193,2498.3232,2637.614237050618,0.00051388843,0,LOW,train
2026-01-07 22:15:00,ZONE_A,2521.1823310196587,2403.5515,2512.8556403961893,0.00038706115,0,LOW,train
2026-01-07 22:30:00,ZONE_A,2484.34973591557,2368.3003,2461.488959187503,0.00041996865,0,LOW,train
2026-01-07 22:45:00,ZONE_A,2484.8464740042104,2372.4473,2447.81716886424,0.0004146464,0,LOW,train
2026-01-07 23:00:00,ZONE_A,2559.135487902568,2346.0818,2419.297039617408,0.00034164646,0,LOW,train
2026-01-07 23:15:00,ZONE_A,2366.3505835860287,2316.6904,2382.8446827616685,0.00055207807,0,LOW,train
2026-01-07 23:30:00,ZONE_A,2353.178546817964,2338.235,2354.471470746646,0.0005106528,0,LOW,train
2026-01-07 23:45:00,ZONE_A,2451.5007601713787,2303.4487,2442.860098199888,0.0008470648,0,LOW,train
2026-01-08 00:00:00,ZONE_A,2333.2738456603265,2300.387,2306.719211122412,0.00037804098,0,LOW,train
2026-01-08 00:15:00,ZONE_A,2338.029653523959,2294.06,2306.4314018629816,0.0004288195,0,LOW,train
2026-01-08 00:30:00,ZONE_A,2383.465375967901,2289.0635,2353.4816316992774,0.00058905187,0,LOW,train
2026-01-08 00:45:00,ZONE_A,2299.8179439969804,2285.7097,2278.7794880285505,0.00041549554,0,LOW,train
2026-01-08 01:00:00,ZONE_A,2296.195293206763,2298.421,2266.018907490253,0.00024028363,0,LOW,train
2026-01-08 01:15:00,ZONE_A,2284.29860025614,2291.5925,2307.3852280084893,0.00041356264,0,LOW,train
2026-01-08 01:30:00,ZONE_A,2260.161289949938,2290.9868,2268.2798310331214,0.00028344578,0,LOW,train
2026-01-08 01:45:00,ZONE_A,2268.304292297154,2288.6147,2239.4629016568183,0.0005177201,0,LOW,train
2026-01-08 02:00:00,ZONE_A,2317.738185718246,2298.416,2255.853360063203,0.00019162032,0,LOW,train
2026-01-08 02:15:00,ZONE_A,2283.7459006126733,2291.3127,2297.34441392583,0.00041394364,0,LOW,train
2026-01-08 02:30:00,ZONE_A,2271.55702032196,2291.266,2272.2730474567898,0.00035964712,0,LOW,train
2026-01-08 02:45:00,ZONE_A,2276.5666577003085,2287.8167,2333.185816656547,0.00049519597,0,LOW,train
2026-01-08 03:00:00,ZONE_A,2298.688431621292,2285.994,2263.129543782802,0.00028809457,0,LOW,train
2026-01-08 03:15:00,ZONE_A,2365.977151445976,2284.5603,2257.1595497156927,0.0002833974,0,LOW,train
2026-01-08 03:30:00,ZONE_A,2306.3149837374813,2284.4463,2245.3432249165653,0.0004701192,0,LOW,train
2026-01-08 03:45:00,ZONE_A,2272.99363554852,2285.5828,2240.260995688266,0.00053355936,0,LOW,train
2026-01-08 04:00:00,ZONE_A,2258.837405641454,2286.8845,2314.8687964006167,0.0006635092,0,LOW,train
2026-01-08 04:15:00,ZONE_A,2268.1817969279823,2290.4937,2279.2878035568306,0.0004150892,0,LOW,train
2026-01-08 04:30:00,ZONE_A,2270.463026816842,2290.5327,2248.8802859333537,0.00039320716,0,LOW,train
2026-01-08 04:45:00,ZONE_A,2279.6301830193324,2285.0598,2289.758054755508,0.00029423082,0,LOW,train
2026-01-08 05:00:00,ZONE_A,2330.499407936133,2411.036,2302.8372702056754,0.00033988114,0,LOW,train
2026-01-08 05:15:00,ZONE_A,2274.867653298744,2594.4465,2262.4355683782314,0.0005126973,0,LOW,train
2026-01-08 05:30:00,ZONE_A,2276.870739806561,2603.6196,2279.2377371614,0.00043046946,0,LOW,train
2026-01-08 05:45:00,ZONE_A,2296.948148336628,2608.3113,2285.5457900622764,0.00041213597,0,LOW,train
2026-01-08 06:00:00,ZONE_A,2534.8556121635306,2650.7495,2538.3303650384914,0.0005039174,0,LOW,train
2026-01-08 06:15:00,ZONE_A,2610.04920334908,2729.5667,2565.6997982647026,0.00044787672,0,LOW,train
2026-01-08 06:30:00,ZONE_A,2652.236913738265,2753.4,2567.258129516043,0.0014092716,0,LOW,train
2026-01-08 06:45:00,ZONE_A,2643.2421489895523,2744.2168,2611.7965542940965,0.00069190736,0,LOW,train
2026-01-08 07:00:00,ZONE_A,2652.433204994643,2803.0984,2683.109706494282,0.0005495575,0,LOW,train
2026-01-08 07:15:00,ZONE_A,2725.953138913097,2850.5994,2742.3893426324234,0.0021172161,0,LOW,train
2026-01-08 07:30:00,ZONE_A,2755.683893415953,2849.7075,2679.277046244389,0.017808843,0,LOW,train
2026-01-08 07:45:00,ZONE_A,2724.0520327074523,2947.0305,2788.9356947022493,0.04325183,0,LOW,train
2026-01-08 08:00:00,ZONE_A,2782.387857489177,2938.426,2785.803172690914,0.24565804,0,LOW,train
2026-01-08 08:15:00,ZONE_A,2849.167120501424,3008.4526,2878.7399225392,0.9325932,1,CRITICAL,train
2026-01-08 08:30:00,ZONE_A,2831.769318601987,2986.2253,2854.4927999254,0.29567936,0,LOW,train
2026-01-08 08:45:00,ZONE_A,2968.2073043817386,3026.8257,2894.836163417229,0.9826568,1,CRITICAL,train
2026-01-08 09:00:00,ZONE_A,2943.21262246053,2700.5928,2961.2536990114186,0.01230395,0,LOW,train
2026-01-08 09:15:00,ZONE_A,3080.300916392764,2690.411,2940.57026198961,0.0056959526,0,LOW,train
2026-01-08 09:30:00,ZONE_A,2929.959411346568,2685.3176,3228.104326050434,0.0015307422,0,LOW,train
2026-01-08 09:45:00,ZONE_A,3048.668961053233,2714.2566,3019.0772157234287,0.003705242,0,LOW,train
2026-01-08 10:00:00,ZONE_A,2667.749696879734,2690.8826,2674.640329328073,0.00096861104,0,LOW,train
2026-01-08 10:15:00,ZONE_A,2664.7411616674794,2703.342,2718.9461444604376,0.004854164,0,LOW,train
2026-01-08 10:30:00,ZONE_A,2656.5554105207807,2691.5051,2690.971848514544,0.0038263807,0,LOW,train
2026-01-08 10:45:00,ZONE_A,2745.1827651013923,2693.4148,2662.859389471656,0.0039481083,0,LOW,train
2026-01-08 11:00:00,ZONE_A,2695.343576187028,2680.093,2662.719975309042,0.009924782,0,LOW,train
2026-01-08 11:15:00,ZONE_A,2670.636937679629,2700.476,2717.184033700789,0.0060086576,0,LOW,train
2026-01-08 11:30:00,ZONE_A,2670.65159749588,2693.0308,2822.386668931614,0.00080314593,0,LOW,train
2026-01-08 11:45:00,ZONE_A,2681.29561599166,2702.5,2785.9812970718835,0.001619507,0,LOW,train
2026-01-08 12:00:00,ZONE_A,2664.0348987418406,2678.1797,2784.016478285952,0.0007912431,0,LOW,train
2026-01-08 12:15:00,ZONE_A,2671.7192187384726,2673.521,2669.393654550122,0.0008843472,0,LOW,train
2026-01-08 12:30:00,ZONE_A,2654.7912052305164,2669.5405,2663.999892085456,0.001182246,0,LOW,train
2026-01-08 12:45:00,ZONE_A,2764.4990120817315,2666.0852,2667.89848454137,0.002165861,0,LOW,train
2026-01-08 13:00:00,ZONE_A,2654.09442097908,2673.7224,2647.5783588413324,0.0019346386,0,LOW,train
2026-01-08 13:15:00,ZONE_A,2666.2958667121457,2672.145,2731.484416959157,0.0021662146,0,LOW,train
2026-01-08 13:30:00,ZONE_A,2657.1211366414973,2677.8887,2698.0226447280547,0.0013521874,0,LOW,train
2026-01-08 13:45:00,ZONE_A,2654.270191121532,2676.1055,2823.39525017481,0.0010615466,0,LOW,train
2026-01-08 14:00:00,ZONE_A,2665.641775671433,2669.3564,2647.2851421420987,0.0018147781,0,LOW,train
2026-01-08 14:15:00,ZONE_A,2670.905352866908,2677.8865,2637.8776742841555,0.0008134755,0,LOW,train
2026-01-08 14:30:00,ZONE_A,2683.5890534430364,2691.7256,2682.165619178542,0.0007460592,0,LOW,train
2026-01-08 14:45:00,ZONE_A,2689.2297317301422,2696.6543,2676.7907344683063,0.0007774242,0,LOW,train
2026-01-08 15:00:00,ZONE_A,2661.626858832873,2794.4453,2682.827748179762,0.0009827329,0,LOW,train
2026-01-08 15:15:00,ZONE_A,2659.9575055060886,2795.2366,2653.378652067558,0.00081518345,0,LOW,train
2026-01-08 15:30:00,ZONE_A,2686.5419794034165,2784.4312,2669.183968373936,0.00049549696,0,LOW,train
2026-01-08 15:45:00,ZONE_A,2658.18978444853,2791.7544,2724.668882694138,0.00094759517,0,LOW,train
2026-01-08 16:00:00,ZONE_A,2799.5817530088416,2794.2976,2782.4242863902823,0.00065777934,0,LOW,train
2026-01-08 16:15:00,ZONE_A,2787.2176758588894,2783.1748,2811.911666358844,0.001208182,0,LOW,train
2026-01-08 16:30:00,ZONE_A,2825.752752416989,2798.7615,2801.527659793745,0.0015047078,0,LOW,train
2026-01-08 16:45:00,ZONE_A,2807.078303727976,2793.854,2779.873315842638,0.0027318941,0,LOW,train
2026-01-08 17:00:00,ZONE_A,2771.8606197764584,2794.4404,2780.78132152242,0.0025198092,0,LOW,train
2026-01-08 17:15:00,ZONE_A,2770.9827848479586,2797.7827,2812.5176936435387,0.008975201,0,LOW,train
2026-01-08 17:30:00,ZONE_A,2814.83676503186,2803.5352,2786.096800225596,0.0082901595,0,LOW,train
2026-01-08 17:45:00,ZONE_A,2790.002606693209,2800.475,2804.508872508285,0.0033726883,0,LOW,train
2026-01-08 18:00:00,ZONE_A,2824.446356992559,2806.262,2797.610436478545,0.0077666477,0,LOW,train
2026-01-08 18:15:00,ZONE_A,2779.517061505699,2801.6545,2773.129733783728,0.0076621175,0,LOW,train
2026-01-08 18:30:00,ZONE_A,2793.017147657375,2801.5469,2798.3823255655293,0.007952724,0,LOW,train
2026-01-08 18:45:00,ZONE_A,2808.420092981972,2804.997,2781.0009295041245,0.019651659,0,LOW,train
2026-01-08 19:00:00,ZONE_A,2771.0310939523392,2801.651,2818.155279959385,0.0010915472,0,LOW,train
2026-01-08 19:15:00,ZONE_A,2772.3826885105527,2804.2244,2810.3950335567883,0.0005568025,0,LOW,train
2026-01-08 19:30:00,ZONE_A,2773.94847372848,2798.7703,2784.381730684784,0.00078966207,0,LOW,train
2026-01-08 19:45:00,ZONE_A,2773.5277670228124,2813.3503,2813.846872226536,0.00040042878,0,LOW,train
2026-01-08 20:00:00,ZONE_A,2806.6977805163583,2647.659,2799.299166233944,0.0011000114,0,LOW,train
2026-01-08 20:15:00,ZONE_A,2841.8615843979223,2646.5732,2809.2110053569527,0.0010409213,0,LOW,train
2026-01-08 20:30:00,ZONE_A,2752.4044355664973,2626.934,2801.489499468622,0.00052044855,0,LOW,train
2026-01-08 20:45:00,ZONE_A,2834.912860341192,2616.9988,2798.1096876967727,0.0009520144,0,LOW,train
2026-01-08 21:00:00,ZONE_A,2639.743520141297,2559.3682,2638.1573533172404,0.00033396867,0,LOW,train
2026-01-08 21:15:00,ZONE_A,2644.9947761632507,2508.1628,2636.982273246929,0.0002607504,0,LOW,train
2026-01-08 21:30:00,ZONE_A,2645.6394605665223,2474.8525,2608.3541264823093,0.00030116973,0,LOW,train
2026-01-08 21:45:00,ZONE_A,2571.5064949339026,2459.411,2561.556888850849,0.00026532667,0,LOW,train
2026-01-08 22:00:00,ZONE_A,2566.681979386553,2433.36,2596.035126299193,0.0003556162,0,LOW,train
2026-01-08 22:15:00,ZONE_A,2482.497998820068,2402.2837,2521.1823310196587,0.00036772116,0,LOW,train
2026-01-08 22:30:00,ZONE_A,2476.2351693362043,2365.0696,2484.34973591557,0.000503356,0,LOW,train
2026-01-08 22:45:00,ZONE_A,2449.2583908830125,2315.03,2484.8464740042104,0.0006300534,0,LOW,train
2026-01-08 23:00:00,ZONE_A,2426.08773564705,2307.7224,2559.135487902568,0.00036265884,0,LOW,train
2026-01-08 23:15:00,ZONE_A,2429.362412896754,2301.1238,2366.3505835860287,0.00032208135,0,LOW,train
2026-01-08 23:30:00,ZONE_A,2349.7622061896286,2300.7288,2353.178546817964,0.00037442028,0,LOW,train
2026-01-08 23:45:00,ZONE_A,2332.424501850106,2305.114,2451.5007601713787,0.00037571072,0,LOW,train
2026-01-09 00:00:00,ZONE_A,2310.7736597458097,2287.5583,2333.2738456603265,0.0007460539,0,LOW,train
2026-01-09 00:15:00,ZONE_A,2295.3500856214023,2288.26,2338.029653523959,0.00054892484,0,LOW,train
2026-01-09 00:30:00,ZONE_A,2290.5315287692843,2300.1987,2383.465375967901,0.00022430363,0,LOW,train
2026-01-09 00:45:00,ZONE_A,2309.1546171738564,2311.5437,2299.8179439969804,0.00016789927,0,LOW,train
2026-01-09 01:00:00,ZONE_A,2275.441184281545,2292.3254,2296.195293206763,0.00022550256,0,LOW,train
2026-01-09 01:15:00,ZONE_A,2265.0156179615,2291.9524,2284.29860025614,0.00017415381,0,LOW,train
2026-01-09 01:30:00,ZONE_A,2298.510466218049,2288.1128,2260.161289949938,0.000102684826,0,LOW,train
2026-01-09 01:45:00,ZONE_A,2408.0438079790247,2293.705,2268.304292297154,0.00035984692,0,LOW,train
2026-01-09 02:00:00,ZONE_A,2299.609112502103,2290.1355,2317.738185718246,0.00025351893,0,LOW,train
2026-01-09 02:15:00,ZONE_A,2286.347718719806,2296.9558,2283.7459006126733,0.00042122861,0,LOW,train
2026-01-09 02:30:00,ZONE_A,2272.2362270468384,2290.8833,2271.55702032196,0.00050702604,0,LOW,train
2026-01-09 02:45:00,ZONE_A,2286.17638137554,2294.857,2276.5666577003085,0.00030528722,0,LOW,train
2026-01-09 03:00:00,ZONE_A,2273.808089644859,2285.7063,2298.688431621292,0.00023820714,0,LOW,train
2026-01-09 03:15:00,ZONE_A,2313.9097021470566,2283.0286,2365.977151445976,0.00029283742,0,LOW,train
2026-01-09 03:30:00,ZONE_A,2296.23249719128,2283.1077,2306.3149837374813,0.0003239809,0,LOW,train
2026-01-09 03:45:00,ZONE_A,2297.261436955925,2282.8452,2272.99363554852,0.0001846021,0,LOW,train
2026-01-09 04:00:00,ZONE_A,2301.9570181993995,2281.5037,2258.837405641454,0.00018565134,0,LOW,train
2026-01-09 04:15:00,ZONE_A,2268.421504368032,2286.3257,2268.1817969279823,0.00032676334,0,LOW,train
2026-01-09 04:30:00,ZONE_A,2267.9103258291075,2282.2932,2270.463026816842,0.00016228115,0,LOW,train
2026-01-09 04:45:00,ZONE_A,2261.300672465284,2278.1624,2279.6301830193324,0.00019839653,0,LOW,train
2026-01-09 05:00:00,ZONE_A,2285.963514055549,2586.5525,2330.499407936133,0.00020254886,0,LOW,train
2026-01-09 05:15:00,ZONE_A,2272.3925947999724,2593.2483,2274.867653298744,0.00021536033,0,LOW,train
2026-01-09 05:30:00,ZONE_A,2281.4710415466843,2600.0022,2276.870739806561,0.00020671121,0,LOW,train
2026-01-09 05:45:00,ZONE_A,2268.2353092777985,2609.6426,2296.948148336628,0.00031273832,0,LOW,train
2026-01-09 06:00:00,ZONE_A,2568.582344109602,2680.0532,2534.8556121635306,0.00019940204,0,LOW,train
2026-01-09 06:15:00,ZONE_A,2607.3376603005136,2723.6135,2610.04920334908,0.0003399709,0,LOW,train
2026-01-09 06:30:00,ZONE_A,2631.337267790196,2761.813,2652.236913738265,0.00066004787,0,LOW,train
2026-01-09 06:45:00,ZONE_A,2612.926086028708,2750.5415,2643.2421489895523,0.0013115016,0,LOW,train
2026-01-09 07:00:00,ZONE_A,2677.7115207222214,2790.405,2652.433204994643,0.0005402224,0,LOW,train
2026-01-09 07:15:00,ZONE_A,2695.966693893527,2825.7874,2725.953138913097,0.0044224914,0,LOW,train
2026-01-09 07:30:00,ZONE_A,2761.570837046987,2872.3586,2755.683893415953,0.021851365,0,LOW,train
2026-01-09 07:45:00,ZONE_A,2737.8413777112546,2921.8318,2724.0520327074523,0.026521258,0,LOW,train
2026-01-09 08:00:00,ZONE_A,2787.681780332379,2937.7537,2782.387857489177,0.04693673,0,LOW,train
2026-01-09 08:15:00,ZONE_A,2817.0837356907946,2953.9834,2849.167120501424,0.13342397,0,LOW,train
2026-01-09 08:30:00,ZONE_A,2877.6700791127514,3010.3455,2831.769318601987,0.2090309,0,LOW,train
2026-01-09 08:45:00,ZONE_A,2914.960102386282,3047.1404,2968.2073043817386,0.98789036,1,CRITICAL,train
2026-01-09 09:00:00,ZONE_A,2920.686441227624,2729.3281,2943.21262246053,0.010111513,0,LOW,train
2026-01-09 09:15:00,ZONE_A,2949.097818803598,2679.2417,3080.300916392764,0.0057826666,0,LOW,train
2026-01-09 09:30:00,ZONE_A,2976.0623536129283,2691.725,2929.959411346568,0.004420235,0,LOW,train
2026-01-09 09:45:00,ZONE_A,3068.89873728713,2696.4373,3048.668961053233,0.004853284,0,LOW,train
2026-01-09 10:00:00,ZONE_A,2778.600306149028,2776.972,2667.749696879734,0.003774592,0,LOW,train
2026-01-09 10:15:00,ZONE_A,2664.37544373556,2705.095,2664.7411616674794,0.00094579207,0,LOW,train
2026-01-09 10:30:00,ZONE_A,2676.871517702378,2716.334,2656.5554105207807,0.0014845704,0,LOW,train
2026-01-09 10:45:00,ZONE_A,2669.5918285593366,2687.148,2745.1827651013923,0.0020762703,0,LOW,train
2026-01-09 11:00:00,ZONE_A,2837.0558216180684,2703.7761,2695.343576187028,0.009857528,0,LOW,train
2026-01-09 11:15:00,ZONE_A,2657.9782314047,2736.5999,2670.636937679629,0.0022672077,0,LOW,train
2026-01-09 11:30:00,ZONE_A,2775.161327519938,2704.3833,2670.65159749588,0.0023547278,0,LOW,train
2026-01-09 11:45:00,ZONE_A,2670.5222250095526,2728.9192,2681.29561599166,0.0020405953,0,LOW,train
2026-01-09 12:00:00,ZONE_A,2691.3288143520745,2679.0613,2664.0348987418406,0.00089424534,0,LOW,train
2026-01-09 12:15:00,ZONE_A,2763.681196574701,2737.1382,2671.7192187384726,0.0021264632,0,LOW,train
2026-01-09 12:30:00,ZONE_A,2698.098508756196,2780.517,2654.7912052305164,0.0019271218,0,LOW,train
2026-01-09 12:45:00,ZONE_A,2761.346562108195,2686.674,2764.4990120817315,0.0008444673,0,LOW,train
2026-01-09 13:00:00,ZONE_A,2640.1210779653643,2682.5166,2654.09442097908,0.0009432746,0,LOW,train
2026-01-09 13:15:00,ZONE_A,2772.9727520950496,2731.4316,2666.2958667121457,0.0011722808,0,LOW,train
2026-01-09 13:30:00,ZONE_A,2887.222277369352,2750.5276,2657.1211366414973,0.0033598116,0,LOW,train
2026-01-09 13:45:00,ZONE_A,2658.383116030965,2685.5505,2654.270191121532,0.0022718334,0,LOW,train
2026-01-09 14:00:00,ZONE_A,2672.774466423178,2689.9585,2665.641775671433,0.0008285594,0,LOW,train
2026-01-09 14:15:00,ZONE_A,2772.70661048636,2685.3562,2670.905352866908,0.00053630886,0,LOW,train
2026-01-09 14:30:00,ZONE_A,2759.371333276794,2680.2615,2683.5890534430364,0.0016930439,0,LOW,train
2026-01-09 14:45:00,ZONE_A,2669.9058281630423,2677.8435,2689.2297317301422,0.00069394696,0,LOW,train
2026-01-09 15:00:00,ZONE_A,2692.890657577216,2800.3936,2661.626858832873,0.0007444286,0,LOW,train
2026-01-09 15:15:00,ZONE_A,2632.342727931853,2797.5159,2659.9575055060886,0.0007150262,0,LOW,train
2026-01-09 15:30:00,ZONE_A,2634.86380309086,2802.272,2686.5419794034165,0.000759739,0,LOW,train
2026-01-09 15:45:00,ZONE_A,2661.775960402613,2809.4734,2658.18978444853,0.0006638106,0,LOW,train
2026-01-09 16:00:00,ZONE_A,2813.9599688858725,2796.4487,2799.5817530088416,0.0026312147,0,LOW,train
2026-01-09 16:15:00,ZONE_A,2793.441902754593,2794.894,2787.2176758588894,0.0225972,0,LOW,train
2026-01-09 16:30:00,ZONE_A,2802.8795724976108,2795.8884,2825.752752416989,0.018115507,0,LOW,train
2026-01-09 16:45:00,ZONE_A,2829.2484116791134,2795.5552,2807.078303727976,0.05943435,0,LOW,train
2026-01-09 17:00:00,ZONE_A,2803.812560973641,2814.4734,2771.8606197764584,0.03089071,0,LOW,train
2026-01-09 17:15:00,ZONE_A,2790.367679172907,2797.121,2770.9827848479586,0.016947271,0,LOW,train
2026-01-09 17:30:00,ZONE_A,2798.438358045685,2806.3037,2814.83676503186,0.007574129,0,LOW,train
2026-01-09 17:45:00,ZONE_A,2788.050840038688,2800.5117,2790.002606693209,0.010247108,0,LOW,train
2026-01-09 18:00:00,ZONE_A,2835.4045051998246,2803.4736,2824.446356992559,0.01658746,0,LOW,train
2026-01-09 18:15:00,ZONE_A,2773.8966407180314,2795.0288,2779.517061505699,0.007211601,0,LOW,train
2026-01-09 18:30:00,ZONE_A,2817.259749106313,2804.343,2793.017147657375,0.0076954835,0,LOW,train
2026-01-09 18:45:00,ZONE_A,2818.8191674638333,2810.9573,2808.420092981972,0.04735173,0,LOW,train
2026-01-09 19:00:00,ZONE_A,2791.2615735188106,2787.5146,2771.0310939523392,0.0018461278,0,LOW,train
2026-01-09 19:15:00,ZONE_A,2798.33689262099,2779.5286,2772.3826885105527,0.0016507155,0,LOW,train
2026-01-09 19:30:00,ZONE_A,2833.601230496045,2794.7778,2773.94847372848,0.006251305,0,LOW,train
2026-01-09 19:45:00,ZONE_A,2786.926051555848,2792.464,2773.5277670228124,0.002559282,0,LOW,train
2026-01-09 20:00:00,ZONE_A,2741.8227513545635,2651.9922,2806.6977805163583,0.0006307443,0,LOW,train
2026-01-09 20:15:00,ZONE_A,2828.281515908844,2650.1287,2841.8615843979223,0.0012224674,0,LOW,train
2026-01-09 20:30:00,ZONE_A,2783.3569940467955,2605.0386,2752.4044355664973,0.00035506318,0,LOW,train
2026-01-09 20:45:00,ZONE_A,2806.023813202107,2596.6143,2834.912860341192,0.0013506641,0,LOW,train
2026-01-09 21:00:00,ZONE_A,2666.223321824922,2566.2139,2639.743520141297,0.0003216726,0,LOW,train
2026-01-09 21:15:00,ZONE_A,2626.8611524916746,2521.84,2644.9947761632507,0.00030475098,0,LOW,train
2026-01-09 21:30:00,ZONE_A,2581.4109358452333,2508.529,2645.6394605665223,0.000425012,0,LOW,train
2026-01-09 21:45:00,ZONE_A,2599.945899054989,2443.644,2571.5064949339026,0.00037311632,0,LOW,train
2026-01-09 22:00:00,ZONE_A,2557.994893033317,2426.987,2566.681979386553,0.00040566368,0,LOW,train
2026-01-09 22:15:00,ZONE_A,2515.6015052060484,2421.3955,2482.497998820068,0.00044271088,0,LOW,train
2026-01-09 22:30:00,ZONE_A,2498.6818928420075,2355.3943,2476.2351693362043,0.0006186132,0,LOW,train
2026-01-09 22:45:00,ZONE_A,2428.0462745755667,2324.9863,2449.2583908830125,0.00051265286,0,LOW,train
2026-01-09 23:00:00,ZONE_A,2400.907116390195,2302.9675,2426.08773564705,0.00035163164,0,LOW,train
2026-01-09 23:15:00,ZONE_A,2469.6497400093203,2327.6497,2429.362412896754,0.0002733167,0,LOW,train
2026-01-09 23:30:00,ZONE_A,2340.173970896457,2301.8994,2349.7622061896286,0.00040311998,0,LOW,train
2026-01-09 23:45:00,ZONE_A,2323.6304440553504,2301.1072,2332.424501850106,0.00042806254,0,LOW,train
2026-01-10 00:00:00,ZONE_A,2360.633620566822,2293.5586,2310.7736597458097,0.00042937274,0,LOW,train
2026-01-10 00:15:00,ZONE_A,2341.164957413273,2291.7688,2295.3500856214023,0.0004227522,0,LOW,train
2026-01-10 00:30:00,ZONE_A,2293.888987660974,2287.465,2290.5315287692843,0.00019869981,0,LOW,train
2026-01-10 00:45:00,ZONE_A,2273.642390186586,2297.5205,2309.1546171738564,0.00044264528,0,LOW,train
2026-01-10 01:00:00,ZONE_A,2300.4225257546664,2300.1133,2275.441184281545,0.00016672589,0,LOW,train
2026-01-10 01:15:00,ZONE_A,2283.306514695661,2291.607,2265.0156179615,0.0003011663,0,LOW,train
2026-01-10 01:30:00,ZONE_A,2247.3476390952983,2287.0276,2298.510466218049,0.00014959743,0,LOW,train
2026-01-10 01:45:00,ZONE_A,2311.00427380164,2285.6228,2408.0438079790247,0.00045513018,0,LOW,train
2026-01-10 02:00:00,ZONE_A,2394.0968879736365,2291.8682,2299.609112502103,0.00030558745,0,LOW,train
2026-01-10 02:15:00,ZONE_A,2305.285433519002,2285.5251,2286.347718719806,0.0005928399,0,LOW,train
2026-01-10 02:30:00,ZONE_A,2275.9528350708365,2283.1902,2272.2362270468384,0.00032457634,0,LOW,train
2026-01-10 02:45:00,ZONE_A,2256.649161831991,2291.02,2286.17638137554,0.00058678666,0,LOW,train
2026-01-10 03:00:00,ZONE_A,2276.9152410648494,2290.3296,2273.808089644859,0.00028049725,0,LOW,train
2026-01-10 03:15:00,ZONE_A,2294.667801648049,2287.6663,2313.9097021470566,0.00022731346,0,LOW,train
2026-01-10 03:30:00,ZONE_A,2307.5843744907324,2285.9807,2296.23249719128,0.00024770075,0,LOW,train
2026-01-10 03:45:00,ZONE_A,2296.7131276436508,2286.7095,2297.261436955925,0.00047425312,0,LOW,train
2026-01-10 04:00:00,ZONE_A,2306.104377609361,2283.0603,2301.9570181993995,0.00043757627,0,LOW,train
2026-01-10 04:15:00,ZONE_A,2287.4209601173866,2279.2883,2268.421504368032,0.00026615363,0,LOW,train
2026-01-10 04:30:00,ZONE_A,2305.72780154326,2282.6514,2267.9103258291075,0.00025124475,0,LOW,train
2026-01-10 04:45:00,ZONE_A,2322.5038026237903,2310.315,2261.300672465284,0.00022753228,0,LOW,train
2026-01-10 05:00:00,ZONE_A,2282.258455426426,2486.1235,2285.963514055549,0.00023069404,0,LOW,train
2026-01-10 05:15:00,ZONE_A,2276.799841963596,2593.4634,2272.3925947999724,0.00024093123,0,LOW,train
2026-01-10 05:30:00,ZONE_A,2269.661998639269,2606.4866,2281.4710415466843,0.0002453737,0,LOW,train
2026-01-10 05:45:00,ZONE_A,2309.73104042667,2618.9224,2268.2353092777985,0.0002391363,0,LOW,train
2026-01-10 06:00:00,ZONE_A,2509.8273683625284,2671.932,2568.582344109602,0.00025812944,0,LOW,train
2026-01-10 06:15:00,ZONE_A,2595.485544506191,2732.4814,2607.3376603005136,0.0005349791,0,LOW,train
2026-01-10 06:30:00,ZONE_A,2607.479168123092,2749.9854,2631.337267790196,0.00067467516,0,LOW,train
2026-01-10 06:45:00,ZONE_A,2661.836385048217,2767.4404,2612.926086028708,0.00045515233,0,LOW,train
2026-01-10 07:00:00,ZONE_A,2682.623415843242,2791.688,2677.7115207222214,0.00094926014,0,LOW,train
2026-01-10 07:15:00,ZONE_A,2688.1045087136213,2826.374,2695.966693893527,0.004676517,0,LOW,train
2026-01-10 07:30:00,ZONE_A,2693.1391128717983,2870.7944,2761.570837046987,0.008184104,0,LOW,train
2026-01-10 07:45:00,ZONE_A,2770.915819883703,2909.9888,2737.8413777112546,0.026956964,0,LOW,train
2026-01-10 08:00:00,ZONE_A,2781.9337546530096,2959.111,2787.681780332379,0.17641129,0,LOW,train
2026-01-10 08:15:00,ZONE_A,2836.238882946763,2958.4976,2817.0837356907946,0.20161895,0,LOW,train
2026-01-10 08:30:00,ZONE_A,2887.5367613815743,3003.426,2877.6700791127514,0.14367501,0,LOW,train
2026-01-10 08:45:00,ZONE_A,2921.694236296427,3096.2178,2914.960102386282,0.9824356,1,CRITICAL,train
2026-01-10 09:00:00,ZONE_A,2960.471002516427,2695.512,2920.686441227624,0.008916468,0,LOW,train
2026-01-10 09:15:00,ZONE_A,2921.8745783227337,2685.7244,2949.097818803598,0.007077182,0,LOW,train
2026-01-10 09:30:00,ZONE_A,2996.3510651803795,2711.5037,2976.0623536129283,0.0032575517,0,LOW,train
2026-01-10 09:45:00,ZONE_A,3135.4845850114257,2725.3604,3068.89873728713,0.0051102685,0,LOW,train
2026-01-10 10:00:00,ZONE_A,2703.130654911194,2690.374,2778.600306149028,0.0017349882,0,LOW,train
2026-01-10 10:15:00,ZONE_A,2637.7033241272284,2787.0576,2664.37544373556,0.0012545269,0,LOW,train
2026-01-10 10:30:00,ZONE_A,2704.913894392272,2703.453,2676.871517702378,0.0026568463,0,LOW,train
2026-01-10 10:45:00,ZONE_A,2759.9707901338684,2697.8484,2669.5918285593366,0.0021199135,0,LOW,train
2026-01-10 11:00:00,ZONE_A,2690.370016643774,2695.6316,2837.0558216180684,0.00072301726,0,LOW,train
2026-01-10 11:15:00,ZONE_A,2874.109191378933,2771.382,2657.9782314047,0.002993041,0,LOW,train
2026-01-10 11:30:00,ZONE_A,2696.3249461358137,2690.5457,2775.161327519938,0.0017583208,0,LOW,train
2026-01-10 11:45:00,ZONE_A,2700.3190202736605,2727.6614,2670.5222250095526,0.0027292985,0,LOW,train
2026-01-10 12:00:00,ZONE_A,2686.8844877443635,2692.5732,2691.3288143520745,0.0017787784,0,LOW,train
2026-01-10 12:15:00,ZONE_A,2822.773450972857,2674.7544,2763.681196574701,0.00076445995,0,LOW,train
2026-01-10 12:30:00,ZONE_A,2670.1283428351394,2694.492,2698.098508756196,0.000915312,0,LOW,train
2026-01-10 12:45:00,ZONE_A,2735.4991673104105,2686.85,2761.346562108195,0.0007808034,0,LOW,train
2026-01-10 13:00:00,ZONE_A,2737.97021676182,2699.3716,2640.1210779653643,0.002093209,0,LOW,train
2026-01-10 13:15:00,ZONE_A,2659.4635274699413,2676.3464,2772.9727520950496,0.00067470345,0,LOW,train
2026-01-10 13:30:00,ZONE_A,2674.821902858169,2667.7903,2887.222277369352,0.0004507021,0,LOW,train
2026-01-10 13:45:00,ZONE_A,2670.293799886976,2691.5056,2658.383116030965,0.0009396932,0,LOW,train
2026-01-10 14:00:00,ZONE_A,2731.832164437131,2716.2847,2672.774466423178,0.0010284259,0,LOW,train
2026-01-10 14:15:00,ZONE_A,2647.9945162921963,2664.5352,2772.70661048636,0.00087343546,0,LOW,train
2026-01-10 14:30:00,ZONE_A,2639.2402033745448,2673.7375,2759.371333276794,0.0011163338,0,LOW,train
2026-01-10 14:45:00,ZONE_A,2698.5754632830367,2678.0083,2669.9058281630423,0.0012257444,0,LOW,train
2026-01-10 15:00:00,ZONE_A,2729.386013395794,2792.8413,2692.890657577216,0.0008115848,0,LOW,train
2026-01-10 15:15:00,ZONE_A,2653.1778823298428,2798.5813,2632.342727931853,0.0005751276,0,LOW,train
2026-01-10 15:30:00,ZONE_A,2680.51176670879,2781.9453,2634.86380309086,0.0012818181,0,LOW,train
2026-01-10 15:45:00,ZONE_A,2671.32681395282,2798.6685,2661.775960402613,0.0017395348,0,LOW,train
2026-01-10 16:00:00,ZONE_A,2811.0577763834053,2785.9285,2813.9599688858725,0.0009112365,0,LOW,train
2026-01-10 16:15:00,ZONE_A,2830.0218453045254,2790.5645,2793.441902754593,0.0014081729,0,LOW,train
2026-01-10 16:30:00,ZONE_A,2770.0186385756524,2798.1853,2802.8795724976108,0.0021799952,0,LOW,train
2026-01-10 16:45:00,ZONE_A,2806.202307477926,2807.6528,2829.2484116791134,0.0005520373,0,LOW,train
2026-01-10 17:00:00,ZONE_A,2773.071066589433,2803.975,2803.812560973641,0.0021364184,0,LOW,train
2026-01-10 17:15:00,ZONE_A,2781.548164991318,2793.7183,2790.367679172907,0.003366286,0,LOW,train
2026-01-10 17:30:00,ZONE_A,2809.934263599012,2798.564,2798.438358045685,0.0017033678,0,LOW,train
2026-01-10 17:45:00,ZONE_A,2841.562324346525,2808.9656,2788.050840038688,0.0073203626,0,LOW,train
2026-01-10 18:00:00,ZONE_A,2831.622759827647,2808.3733,2835.4045051998246,0.024118353,0,LOW,train
2026-01-10 18:15:00,ZONE_A,2769.140183687829,2812.8425,2773.8966407180314,0.031551763,0,LOW,train
2026-01-10 18:30:00,ZONE_A,2797.852478006576,2814.215,2817.259749106313,0.006095719,0,LOW,train
2026-01-10 18:45:00,ZONE_A,2831.650658070841,2814.1953,2818.8191674638333,0.01348722,0,LOW,train
2026-01-10 19:00:00,ZONE_A,2813.9170431910647,2800.2322,2791.2615735188106,0.010429558,0,LOW,train
2026-01-10 19:15:00,ZONE_A,2793.5780978451057,2800.7986,2798.33689262099,0.002623837,0,LOW,train
2026-01-10 19:30:00,ZONE_A,2782.419990496764,2824.2102,2833.601230496045,0.0013567474,0,LOW,train
2026-01-10 19:45:00,ZONE_A,2786.181999100119,2790.0117,2786.926051555848,0.0007953043,0,LOW,train
2026-01-10 20:00:00,ZONE_A,2787.464519048821,2646.83,2741.8227513545635,0.0002606244,0,LOW,train
2026-01-10 20:15:00,ZONE_A,2831.0943743638977,2647.843,2828.281515908844,0.00060508004,0,LOW,train
2026-01-10 20:30:00,ZONE_A,2871.7999174562774,2628.5022,2783.3569940467955,0.005005406,0,LOW,train
2026-01-10 20:45:00,ZONE_A,2782.738058328629,2595.3503,2806.023813202107,0.0010759968,0,LOW,train
2026-01-10 21:00:00,ZONE_A,2655.543480717497,2567.5261,2666.223321824922,0.0003895541,0,LOW,train
2026-01-10 21:15:00,ZONE_A,2654.864800197217,2508.6306,2626.8611524916746,0.00023959432,0,LOW,train
2026-01-10 21:30:00,ZONE_A,2607.6970985805183,2460.266,2581.4109358452333,0.00028991172,0,LOW,train
2026-01-10 21:45:00,ZONE_A,2545.3350223275274,2445.0173,2599.945899054989,0.0003008549,0,LOW,train
2026-01-10 22:00:00,ZONE_A,2577.1068364243247,2433.7227,2557.994893033317,0.00037555135,0,LOW,train
2026-01-10 22:15:00,ZONE_A,2509.644572308028,2377.8354,2515.6015052060484,0.00028165494,0,LOW,train
2026-01-10 22:30:00,ZONE_A,2477.668156775272,2362.741,2498.6818928420075,0.00042268835,0,LOW,train
2026-01-10 22:45:00,ZONE_A,2459.379357037162,2334.5903,2428.0462745755667,0.00036182694,0,LOW,train
2026-01-10 23:00:00,ZONE_A,2444.456381508837,2305.3987,2400.907116390195,0.00019791153,0,LOW,train
2026-01-10 23:15:00,ZONE_A,2378.39821765509,2303.681,2469.6497400093203,0.00021485105,0,LOW,train
2026-01-10 23:30:00,ZONE_A,2329.4853435329205,2290.672,2340.173970896457,0.0003543053,0,LOW,train
2026-01-10 23:45:00,ZONE_A,2304.613121420565,2299.4858,2323.6304440553504,0.00045691853,0,LOW,train
2026-01-11 00:00:00,ZONE_A,2278.5189703584515,2288.0042,2360.633620566822,0.0004006571,0,LOW,train
2026-01-11 00:15:00,ZONE_A,2280.41143004186,2297.0898,2341.164957413273,0.00031985765,0,LOW,train
2026-01-11 00:30:00,ZONE_A,2245.7187761807545,2295.4446,2293.888987660974,0.0002484543,0,LOW,train
2026-01-11 00:45:00,ZONE_A,2284.300284543248,2293.639,2273.642390186586,0.00035826085,0,LOW,train
2026-01-11 01:00:00,ZONE_A,2251.4812076321728,2286.2183,2300.4225257546664,0.0002950882,0,LOW,train
2026-01-11 01:15:00,ZONE_A,2304.1203405366964,2299.637,2283.306514695661,0.00028935695,0,LOW,train
2026-01-11 01:30:00,ZONE_A,2315.1446802679884,2304.1262,2247.3476390952983,0.00041542822,0,LOW,train
2026-01-11 01:45:00,ZONE_A,2271.4751892651525,2288.686,2311.00427380164,0.0006196287,0,LOW,train
2026-01-11 02:00:00,ZONE_A,2255.938587222716,2297.5137,2394.0968879736365,0.00038812106,0,LOW,train
2026-01-11 02:15:00,ZONE_A,2356.622200175412,2283.7432,2305.285433519002,0.00022228873,0,LOW,train
2026-01-11 02:30:00,ZONE_A,2298.215414069037,2287.4956,2275.9528350708365,0.0005340488,0,LOW,train
2026-01-11 02:45:00,ZONE_A,2311.2922592502546,2287.044,2256.649161831991,0.00033472056,0,LOW,train
2026-01-11 03:00:00,ZONE_A,2314.1622673980014,2288.867,2276.9152410648494,0.00039510033,0,LOW,train
2026-01-11 03:15:00,ZONE_A,2266.8130594975355,2291.3672,2294.667801648049,0.0003929986,0,LOW,train
2026-01-11 03:30:00,ZONE_A,2250.1555654123745,2281.7068,2307.5843744907324,0.00035032368,0,LOW,train
2026-01-11 03:45:00,ZONE_A,2323.3164593220963,2288.3792,2296.7131276436508,0.0003863425,0,LOW,train
2026-01-11 04:00:00,ZONE_A,2267.902005567951,2295.1133,2306.104377609361,0.00043654532,0,LOW,train
2026-01-11 04:15:00,ZONE_A,2323.466998310603,2286.8147,2287.4209601173866,0.0003309781,0,LOW,train
2026-01-11 04:30:00,ZONE_A,2266.6993899736763,2286.3357,2305.72780154326,0.00069049833,0,LOW,train
2026-01-11 04:45:00,ZONE_A,2304.9559026664865,2298.6648,2322.5038026237903,0.0003884529,0,LOW,train
2026-01-11 05:00:00,ZONE_A,2302.2638485447046,2588.862,2282.258455426426,0.00045648712,0,LOW,train
2026-01-11 05:15:00,ZONE_A,2304.164578914629,2596.6863,2276.799841963596,0.0004009683,0,LOW,train
2026-01-11 05:30:00,ZONE_A,2278.7906539756864,2609.1858,2269.661998639269,0.00047729872,0,LOW,train
2026-01-11 05:45:00,ZONE_A,2311.778673790123,2629.6814,2309.73104042667,0.00030217983,0,LOW,train
2026-01-11 06:00:00,ZONE_A,2556.796512626279,2647.5098,2509.8273683625284,0.0003709571,0,LOW,train
2026-01-11 06:15:00,ZONE_A,2577.7305244858107,2699.719,2595.485544506191,0.00036184455,0,LOW,train
2026-01-11 06:30:00,ZONE_A,2614.855818567745,2734.7673,2607.479168123092,0.0010561948,0,LOW,train
2026-01-11 06:45:00,ZONE_A,2649.616424461946,2759.1794,2661.836385048217,0.00087048433,0,LOW,train
2026-01-11 07:00:00,ZONE_A,2677.318335570566,2787.1987,2682.623415843242,0.00093338895,0,LOW,train
2026-01-11 07:15:00,ZONE_A,2714.5630505359827,2831.7454,2688.1045087136213,0.0055792243,0,LOW,train
2026-01-11 07:30:00,ZONE_A,2707.429389993736,2872.191,2693.1391128717983,0.015859593,0,LOW,train
2026-01-11 07:45:00,ZONE_A,2765.5981107500666,2910.1096,2770.915819883703,0.04963177,0,LOW,train
2026-01-11 08:00:00,ZONE_A,2786.328109922438,2966.3926,2781.9337546530096,0.9190926,1,CRITICAL,train
2026-01-11 08:15:00,ZONE_A,2842.944931288166,2987.3572,2836.238882946763,0.110762164,0,LOW,train
2026-01-11 08:30:00,ZONE_A,2885.61239338643,3014.7673,2887.5367613815743,0.19427013,0,LOW,train
2026-01-11 08:45:00,ZONE_A,2864.5718886101768,3055.0999,2921.694236296427,0.98810774,1,CRITICAL,train
2026-01-11 09:00:00,ZONE_A,3034.86646606567,2719.4863,2960.471002516427,0.0048888773,0,LOW,train
2026-01-11 09:15:00,ZONE_A,3000.099636247469,2747.856,2921.8745783227337,0.002528891,0,LOW,train
2026-01-11 09:30:00,ZONE_A,2996.2627328755725,2700.413,2996.3510651803795,0.0072915833,0,LOW,train
2026-01-11 09:45:00,ZONE_A,3069.4938032619866,2689.9438,3135.4845850114257,0.0027501136,0,LOW,train
2026-01-11 10:00:00,ZONE_A,2756.725100259413,2737.562,2703.130654911194,0.0011770956,0,LOW,train
2026-01-11 10:15:00,ZONE_A,2775.1799365327674,2732.5605,2637.7033241272284,0.00087092695,0,LOW,train
2026-01-11 10:30:00,ZONE_A,2670.903356612322,2743.6384,2704.913894392272,0.0020509886,0,LOW,train
2026-01-11 10:45:00,ZONE_A,2663.959901892342,2757.0613,2759.9707901338684,0.0010312477,0,LOW,train
2026-01-11 11:00:00,ZONE_A,2772.1530053943,2745.2402,2690.370016643774,0.0017455867,0,LOW,train
2026-01-11 11:15:00,ZONE_A,2715.608747806413,2688.9668,2874.109191378933,0.0037782392,0,LOW,train
2026-01-11 11:30:00,ZONE_A,2744.5197040644466,2767.8625,2696.3249461358137,0.0011470704,0,LOW,train
2026-01-11 11:45:00,ZONE_A,2781.121224390773,2715.579,2700.3190202736605,0.0033705474,0,LOW,train
2026-01-11 12:00:00,ZONE_A,2771.515168501909,2731.4543,2686.8844877443635,0.0012591375,0,LOW,train
2026-01-11 12:15:00,ZONE_A,2665.27953202285,2674.9463,2822.773450972857,0.0017771645,0,LOW,train
2026-01-11 12:30:00,ZONE_A,2798.158248808322,2770.471,2670.1283428351394,0.0016755539,0,LOW,train
2026-01-11 12:45:00,ZONE_A,2687.083879396597,2694.1245,2735.4991673104105,0.0016149714,0,LOW,train
2026-01-11 13:00:00,ZONE_A,2830.671664207005,2679.9456,2737.97021676182,0.00082088157,0,LOW,train
2026-01-11 13:15:00,ZONE_A,2648.7066449700665,2698.748,2659.4635274699413,0.0025978286,0,LOW,train
2026-01-11 13:30:00,ZONE_A,2843.620275730201,2694.1042,2674.821902858169,0.004146037,0,LOW,train
2026-01-11 13:45:00,ZONE_A,2676.5823686812832,2681.8804,2670.293799886976,0.0016860996,0,LOW,train
2026-01-11 14:00:00,ZONE_A,2639.5348813698965,2688.8606,2731.832164437131,0.0013655833,0,LOW,train
2026-01-11 14:15:00,ZONE_A,2663.5694312212845,2681.1987,2647.9945162921963,0.0012087955,0,LOW,train
2026-01-11 14:30:00,ZONE_A,2686.438910878248,2688.8167,2639.2402033745448,0.0026864926,0,LOW,train
2026-01-11 14:45:00,ZONE_A,2669.266710494924,2705.9111,2698.5754632830367,0.002168839,0,LOW,train
2026-01-11 15:00:00,ZONE_A,2692.537290922185,2804.0046,2729.386013395794,0.0011638441,0,LOW,train
2026-01-11 15:15:00,ZONE_A,2665.481532802029,2791.3252,2653.1778823298428,0.0017293913,0,LOW,train
2026-01-11 15:30:00,ZONE_A,2666.59669845292,2799.729,2680.51176670879,0.0020298152,0,LOW,train
2026-01-11 15:45:00,ZONE_A,2728.071384433112,2804.7344,2671.32681395282,0.003094594,0,LOW,train
2026-01-11 16:00:00,ZONE_A,2847.9295477255564,2786.0022,2811.0577763834053,0.0009515651,0,LOW,train
2026-01-11 16:15:00,ZONE_A,2806.802798801207,2807.0984,2830.0218453045254,0.0011034728,0,LOW,train
2026-01-11 16:30:00,ZONE_A,2785.593083345924,2796.63,2770.0186385756524,0.005216314,0,LOW,train
2026-01-11 16:45:00,ZONE_A,2817.813045368977,2797.081,2806.202307477926,0.013045675,0,LOW,train
2026-01-11 17:00:00,ZONE_A,2775.1940338702466,2818.2112,2773.071066589433,0.07588718,0,LOW,train
2026-01-11 17:15:00,ZONE_A,2813.7389458817524,2795.7058,2781.548164991318,0.02099103,0,LOW,train
2026-01-11 17:30:00,ZONE_A,2800.5619568064285,2804.0637,2809.934263599012,0.036241986,0,LOW,train
2026-01-11 17:45:00,ZONE_A,2777.503595738013,2809.3362,2841.562324346525,0.035067927,0,LOW,train
2026-01-11 18:00:00,ZONE_A,2822.864617933926,2811.6145,2831.622759827647,0.021049468,0,LOW,train
2026-01-11 18:15:00,ZONE_A,2766.9952156238296,2810.3567,2769.140183687829,0.004625905,0,LOW,train
2026-01-11 18:30:00,ZONE_A,2797.1488262512507,2802.6545,2797.852478006576,0.0052915644,0,LOW,train
2026-01-11 18:45:00,ZONE_A,2792.663586641449,2810.8496,2831.650658070841,0.0022271622,0,LOW,train
2026-01-11 19:00:00,ZONE_A,2810.714632186536,2817.4492,2813.9170431910647,0.011638192,0,LOW,train
2026-01-11 19:15:00,ZONE_A,2828.2490603381298,2807.691,2793.5780978451057,0.004056366,0,LOW,train
2026-01-11 19:30:00,ZONE_A,2794.3019280503045,2800.8625,2782.419990496764,0.0022845895,0,LOW,train
2026-01-11 19:45:00,ZONE_A,2801.2226729755143,2783.8076,2786.181999100119,0.009286614,0,LOW,train
2026-01-11 20:00:00,ZONE_A,2824.626978925195,2657.536,2787.464519048821,0.0035952472,0,LOW,train
2026-01-11 20:15:00,ZONE_A,2769.0921688560006,2627.2896,2831.0943743638977,0.0004428377,0,LOW,train
2026-01-11 20:30:00,ZONE_A,2824.008558743613,2621.4207,2871.7999174562774,0.0014565303,0,LOW,train
2026-01-11 20:45:00,ZONE_A,2762.179711518268,2604.2236,2782.738058328629,0.00080287276,0,LOW,train
2026-01-11 21:00:00,ZONE_A,2649.8548416592284,2551.5361,2655.543480717497,0.0006855113,0,LOW,train
2026-01-11 21:15:00,ZONE_A,2583.050087428175,2497.4814,2654.864800197217,0.00024257468,0,LOW,train
2026-01-11 21:30:00,ZONE_A,2609.449704265527,2473.5703,2607.6970985805183,0.00031920816,0,LOW,train
2026-01-11 21:45:00,ZONE_A,2645.232994318416,2460.3872,2545.3350223275274,0.0005976084,0,LOW,train
2026-01-11 22:00:00,ZONE_A,2538.930651285224,2420.515,2577.1068364243247,0.00043771122,0,LOW,train
2026-01-11 22:15:00,ZONE_A,2484.34150095538,2389.8909,2509.644572308028,0.00034076997,0,LOW,train
2026-01-11 22:30:00,ZONE_A,2503.071186827194,2381.0337,2477.668156775272,0.00035150294,0,LOW,train
2026-01-11 22:45:00,ZONE_A,2481.12379695396,2337.3357,2459.379357037162,0.0002770712,0,LOW,train
2026-01-11 23:00:00,ZONE_A,2408.6602946208086,2306.4368,2444.456381508837,0.00043478486,0,LOW,train
2026-01-11 23:15:00,ZONE_A,2369.011080835989,2305.988,2378.39821765509,0.0004887585,0,LOW,train
2026-01-11 23:30:00,ZONE_A,2365.8486850038657,2303.1016,2329.4853435329205,0.0003094306,0,LOW,train
2026-01-11 23:45:00,ZONE_A,2361.6980617150484,2303.7048,2304.613121420565,0.00034121762,0,LOW,train
2026-01-12 00:00:00,ZONE_A,2301.516204754332,2291.2698,2278.5189703584515,0.00078328873,0,LOW,train
2026-01-12 00:15:00,ZONE_A,2280.391246309045,2324.5273,2280.41143004186,0.0007320407,0,LOW,train
2026-01-12 00:30:00,ZONE_A,2267.0418112748152,2300.5264,2245.7187761807545,0.00045235013,0,LOW,train
2026-01-12 00:45:00,ZONE_A,2300.6981394161435,2323.0095,2284.300284543248,0.0006274574,0,LOW,train
2026-01-12 01:00:00,ZONE_A,2250.894943126553,2285.4238,2251.4812076321728,0.00030687643,0,LOW,train
2026-01-12 01:15:00,ZONE_A,2430.0230834807385,2335.8696,2304.1203405366964,0.00031466468,0,LOW,train
2026-01-12 01:30:00,ZONE_A,2280.224164767687,2300.7483,2315.1446802679884,0.00033030036,0,LOW,train
2026-01-12 01:45:00,ZONE_A,2381.9815284811298,2296.3398,2271.4751892651525,0.0008741906,0,LOW,train
2026-01-12 02:00:00,ZONE_A,2279.401839780849,2288.0122,2255.938587222716,0.00046149257,0,LOW,train
2026-01-12 02:15:00,ZONE_A,2341.7248749293144,2286.1172,2356.622200175412,0.0006901852,0,LOW,train
2026-01-12 02:30:00,ZONE_A,2327.7018913627385,2287.457,2298.215414069037,0.000712203,0,LOW,train
2026-01-12 02:45:00,ZONE_A,2296.682348674,2290.4014,2311.2922592502546,0.00053068297,0,LOW,train
2026-01-12 03:00:00,ZONE_A,2297.9088951291737,2286.917,2314.1622673980014,0.00063131563,0,LOW,train
2026-01-12 03:15:00,ZONE_A,2278.4798367075755,2288.6052,2266.8130594975355,0.00072029623,0,LOW,train
2026-01-12 03:30:00,ZONE_A,2292.275605368613,2288.5955,2250.1555654123745,0.0003658564,0,LOW,train
2026-01-12 03:45:00,ZONE_A,2300.393310938691,2293.8088,2323.3164593220963,0.0004245457,0,LOW,train
2026-01-12 04:00:00,ZONE_A,2277.950583181097,2286.9023,2267.902005567951,0.00045940554,0,LOW,train
2026-01-12 04:15:00,ZONE_A,2262.83281638358,2286.488,2323.466998310603,0.0005054154,0,LOW,train
2026-01-12 04:30:00,ZONE_A,2304.1733343076585,2295.3293,2266.6993899736763,0.00026305066,0,LOW,train
2026-01-12 04:45:00,ZONE_A,2289.268950909886,2293.0952,2304.9559026664865,0.00039529003,0,LOW,train
2026-01-12 05:00:00,ZONE_A,2271.12988084904,2537.731,2302.2638485447046,0.0004684544,0,LOW,train
2026-01-12 05:15:00,ZONE_A,2279.0086590173137,2592.956,2304.164578914629,0.0003087125,0,LOW,train
2026-01-12 05:30:00,ZONE_A,2316.2569291772297,2586.0234,2278.7906539756864,0.00035138684,0,LOW,train
2026-01-12 05:45:00,ZONE_A,2280.056759868716,2622.8977,2311.778673790123,0.00056629843,0,LOW,train
2026-01-12 06:00:00,ZONE_A,2545.4329847345057,2685.665,2556.796512626279,0.0005992494,0,LOW,train
2026-01-12 06:15:00,ZONE_A,2593.22379310165,2699.0273,2577.7305244858107,0.0007495507,0,LOW,train
2026-01-12 06:30:00,ZONE_A,2590.4699829953,2734.0266,2614.855818567745,0.0009037722,0,LOW,train
2026-01-12 06:45:00,ZONE_A,2672.654968341272,2779.8242,2649.616424461946,0.002041586,0,LOW,train
2026-01-12 07:00:00,ZONE_A,2668.1021689374816,2796.511,2677.318335570566,0.0017394768,0,LOW,train
2026-01-12 07:15:00,ZONE_A,2729.876454577253,2847.1145,2714.5630505359827,0.004682525,0,LOW,train
2026-01-12 07:30:00,ZONE_A,2725.8065071297574,2881.634,2707.429389993736,0.0138541665,0,LOW,train
2026-01-12 07:45:00,ZONE_A,2790.976955606984,2911.131,2765.5981107500666,0.06710011,0,LOW,train
2026-01-12 08:00:00,ZONE_A,2785.532165612372,2951.7844,2786.328109922438,0.046172,0,LOW,train
2026-01-12 08:15:00,ZONE_A,2825.755783258634,2963.0771,2842.944931288166,0.107673995,0,LOW,train
2026-01-12 08:30:00,ZONE_A,2887.85120668544,3013.3167,2885.61239338643,0.23160292,0,LOW,train
2026-01-12 08:45:00,ZONE_A,2873.374224158358,3054.1165,2864.5718886101768,0.9890113,1,CRITICAL,train
2026-01-12 09:00:00,ZONE_A,2932.3227156044672,2697.491,3034.86646606567,0.008469059,0,LOW,train
2026-01-12 09:15:00,ZONE_A,2952.09486144078,2688.9753,3000.099636247469,0.0046111913,0,LOW,train
2026-01-12 09:30:00,ZONE_A,3003.830564911163,2708.9316,2996.2627328755725,0.0037259278,0,LOW,train
2026-01-12 09:45:00,ZONE_A,3022.929374815111,2697.6226,3069.4938032619866,0.004726025,0,LOW,train
2026-01-12 10:00:00,ZONE_A,2664.585685519666,2705.3801,2756.725100259413,0.0019657565,0,LOW,train
2026-01-12 10:15:00,ZONE_A,2648.3572105719163,2677.2275,2775.1799365327674,0.0018241578,0,LOW,train
2026-01-12 10:30:00,ZONE_A,2732.37683506309,2775.9595,2670.903356612322,0.004366398,0,LOW,train
2026-01-12 10:45:00,ZONE_A,2680.741733385303,2682.7869,2663.959901892342,0.0024232273,0,LOW,train
2026-01-12 11:00:00,ZONE_A,2738.330676193292,2727.6765,2772.1530053943,0.002440887,0,LOW,train
2026-01-12 11:15:00,ZONE_A,2657.652228823445,2690.703,2715.608747806413,0.0012436257,0,LOW,train
2026-01-12 11:30:00,ZONE_A,2892.062683826616,2725.0715,2744.5197040644466,0.0040917327,0,LOW,train
2026-01-12 11:45:00,ZONE_A,2642.9244053921725,2692.432,2781.121224390773,0.0013356463,0,LOW,train
2026-01-12 12:00:00,ZONE_A,2763.731734121917,2702.8916,2771.515168501909,0.000597519,0,LOW,train
2026-01-12 12:15:00,ZONE_A,2623.1146099978705,2787.5217,2665.27953202285,0.0023580526,0,LOW,train
2026-01-12 12:30:00,ZONE_A,2748.2402182913656,2695.5017,2798.158248808322,0.001315513,0,LOW,train
2026-01-12 12:45:00,ZONE_A,2685.795988245284,2693.0562,2687.083879396597,0.001441496,0,LOW,train
2026-01-12 13:00:00,ZONE_A,2680.4292013702075,2687.8948,2830.671664207005,0.0010818652,0,LOW,train
2026-01-12 13:15:00,ZONE_A,2854.930073524548,2685.295,2648.7066449700665,0.00085764076,0,LOW,train
2026-01-12 13:30:00,ZONE_A,2682.3178866974613,2685.1545,2843.620275730201,0.0013749682,0,LOW,train
2026-01-12 13:45:00,ZONE_A,2716.587493384125,2696.7214,2676.5823686812832,0.0017570138,0,LOW,train
2026-01-12 14:00:00,ZONE_A,2717.7022097691024,2780.4844,2639.5348813698965,0.0018774923,0,LOW,train
2026-01-12 14:15:00,ZONE_A,2679.707264062365,2684.8972,2663.5694312212845,0.00153265,0,LOW,train
2026-01-12 14:30:00,ZONE_A,2694.913365269232,2695.292,2686.438910878248,0.0031571758,0,LOW,train
2026-01-12 14:45:00,ZONE_A,2700.935295177196,2689.3547,2669.266710494924,0.0011729326,0,LOW,train
2026-01-12 15:00:00,ZONE_A,2861.2295643077528,2801.648,2692.537290922185,0.0043775938,0,LOW,train
2026-01-12 15:15:00,ZONE_A,2651.705753888617,2812.664,2665.481532802029,0.0026272046,0,LOW,train
2026-01-12 15:30:00,ZONE_A,2672.06793161052,2800.3147,2666.59669845292,0.0017507527,0,LOW,train
2026-01-12 15:45:00,ZONE_A,2679.543655640673,2801.5837,2728.071384433112,0.0026663966,0,LOW,train
2026-01-12 16:00:00,ZONE_A,2797.023681599456,2810.6248,2847.9295477255564,0.0026378226,0,LOW,train
2026-01-12 16:15:00,ZONE_A,2816.8769206482057,2808.6318,2806.802798801207,0.012518467,0,LOW,train
2026-01-12 16:30:00,ZONE_A,2806.824234330847,2808.228,2785.593083345924,0.033386745,0,LOW,train
2026-01-12 16:45:00,ZONE_A,2807.518108117325,2810.116,2817.813045368977,0.035687625,0,LOW,train
2026-01-12 17:00:00,ZONE_A,2826.119363032527,2815.1345,2775.1940338702466,0.030321186,0,LOW,train
2026-01-12 17:15:00,ZONE_A,2813.6059117043205,2816.4497,2813.7389458817524,0.07989357,0,LOW,train
2026-01-12 17:30:00,ZONE_A,2784.2609643161945,2822.2686,2800.5619568064285,0.09663748,0,LOW,train
2026-01-12 17:45:00,ZONE_A,2797.7733476927706,2821.211,2777.503595738013,0.053224057,0,LOW,train
2026-01-12 18:00:00,ZONE_A,2793.565120445022,2822.0105,2822.864617933926,0.059244353,0,LOW,train
2026-01-12 18:15:00,ZONE_A,2783.3487530835346,2823.7205,2766.9952156238296,0.03773894,0,LOW,train
2026-01-12 18:30:00,ZONE_A,2789.4742261785022,2811.1416,2797.1488262512507,0.01667438,0,LOW,train
2026-01-12 18:45:00,ZONE_A,2786.0393227633463,2805.8403,2792.663586641449,0.014852775,0,LOW,train
2026-01-12 19:00:00,ZONE_A,2821.981170373688,2803.125,2810.714632186536,0.0052202865,0,LOW,train
2026-01-12 19:15:00,ZONE_A,2814.9939274242074,2809.305,2828.2490603381298,0.0031722197,0,LOW,train
2026-01-12 19:30:00,ZONE_A,2793.281030292143,2801.6406,2794.3019280503045,0.0016647277,0,LOW,train
2026-01-12 19:45:00,ZONE_A,2784.098275364741,2801.2583,2801.2226729755143,0.0018232829,0,LOW,train
2026-01-12 20:00:00,ZONE_A,2806.2250175116287,2666.4043,2824.626978925195,0.0042419476,0,LOW,train
2026-01-12 20:15:00,ZONE_A,2847.148636973144,2644.9126,2769.0921688560006,0.004933402,0,LOW,train
2026-01-12 20:30:00,ZONE_A,2801.2398166961943,2625.6353,2824.008558743613,0.011402681,0,LOW,train
2026-01-12 20:45:00,ZONE_A,2807.008055890872,2600.3752,2762.179711518268,0.008718326,0,LOW,train
2026-01-12 21:00:00,ZONE_A,2674.873399161492,2560.7637,2649.8548416592284,0.001130571,0,LOW,train
2026-01-12 21:15:00,ZONE_A,2638.254414593021,2491.0027,2583.050087428175,0.0020726733,0,LOW,train
2026-01-12 21:30:00,ZONE_A,2613.0125945174573,2495.1445,2609.449704265527,0.00074107567,0,LOW,train
2026-01-12 21:45:00,ZONE_A,2562.5670109803546,2500.8293,2645.232994318416,0.00064805447,0,LOW,train
2026-01-12 22:00:00,ZONE_A,2534.014004230912,2416.0203,2538.930651285224,0.001314878,0,LOW,train
2026-01-12 22:15:00,ZONE_A,2518.6798889095,2389.7312,2484.34150095538,0.00049799395,0,LOW,train
2026-01-12 22:30:00,ZONE_A,2525.2336036190286,2382.8684,2503.071186827194,0.0016017007,0,LOW,train
2026-01-12 22:45:00,ZONE_A,2493.025131383819,2395.8108,2481.12379695396,0.0011253656,0,LOW,train
2026-01-12 23:00:00,ZONE_A,2411.4925055513245,2323.1953,2408.6602946208086,0.0011412487,0,LOW,train
2026-01-12 23:15:00,ZONE_A,2421.338667945215,2315.3584,2369.011080835989,0.00091222423,0,LOW,train
2026-01-12 23:30:00,ZONE_A,2399.501115166472,2309.4148,2365.8486850038657,0.0013122944,0,LOW,train
2026-01-12 23:45:00,ZONE_A,2435.5450218416963,2291.4907,2361.6980617150484,0.002013197,0,LOW,train
2026-01-13 00:00:00,ZONE_A,2280.356497210788,2320.509,2301.516204754332,0.00043574828,0,LOW,train
2026-01-13 00:15:00,ZONE_A,2375.390871783836,2294.0154,2280.391246309045,0.0013470016,0,LOW,train
2026-01-13 00:30:00,ZONE_A,2303.047583575534,2293.0881,2267.0418112748152,0.0006245206,0,LOW,train
2026-01-13 00:45:00,ZONE_A,2231.415611416207,2290.0615,2300.6981394161435,0.00084866525,0,LOW,train
2026-01-13 01:00:00,ZONE_A,2348.0886009745823,2302.7173,2250.894943126553,0.00051010016,0,LOW,train
2026-01-13 01:15:00,ZONE_A,2252.350476943746,2293.4546,2430.0230834807385,0.0002880281,0,LOW,train
2026-01-13 01:30:00,ZONE_A,2266.49098965478,2290.983,2280.224164767687,0.00049414637,0,LOW,train
2026-01-13 01:45:00,ZONE_A,2257.353041028361,2301.2703,2381.9815284811298,0.0004043063,0,LOW,train
2026-01-13 02:00:00,ZONE_A,2382.2456525193293,2289.3684,2279.401839780849,0.00050484214,0,LOW,train
2026-01-13 02:15:00,ZONE_A,2301.922938571576,2286.6704,2341.7248749293144,0.0012861051,0,LOW,train
2026-01-13 02:30:00,ZONE_A,2330.240847993431,2292.8652,2327.7018913627385,0.0017667548,0,LOW,train
2026-01-13 02:45:00,ZONE_A,2336.176963517431,2289.517,2296.682348674,0.00036076625,0,LOW,train
2026-01-13 03:00:00,ZONE_A,2312.6669801833605,2286.4834,2297.9088951291737,0.00042867547,0,LOW,train
2026-01-13 03:15:00,ZONE_A,2280.034643759823,2284.143,2278.4798367075755,0.0007119525,0,LOW,train
2026-01-13 03:30:00,ZONE_A,2290.0016963446974,2284.2434,2292.275605368613,0.00039137134,0,LOW,train
2026-01-13 03:45:00,ZONE_A,2282.2675549823293,2295.3306,2300.393310938691,0.00043370837,0,LOW,train
2026-01-13 04:00:00,ZONE_A,2255.9280584784733,2290.8752,2277.950583181097,0.000258063,0,LOW,train
2026-01-13 04:15:00,ZONE_A,2260.3369836063803,2285.1494,2262.83281638358,0.00025331692,0,LOW,train
2026-01-13 04:30:00,ZONE_A,2287.344994616305,2294.3767,2304.1733343076585,0.00021793139,0,LOW,train
2026-01-13 04:45:00,ZONE_A,2306.763750934236,2288.2126,2289.268950909886,0.00024199854,0,LOW,train
2026-01-13 05:00:00,ZONE_A,2258.0393464767985,2508.598,2271.12988084904,0.0004125373,0,LOW,train
2026-01-13 05:15:00,ZONE_A,2261.449769889749,2606.7834,2279.0086590173137,0.00036916882,0,LOW,train
2026-01-13 05:30:00,ZONE_A,2270.0750397257943,2600.6619,2316.2569291772297,0.0006294052,0,LOW,train
2026-01-13 05:45:00,ZONE_A,2279.040938934291,2608.083,2280.056759868716,0.00049728836,0,LOW,train
2026-01-13 06:00:00,ZONE_A,2545.5887818142733,2689.4058,2545.4329847345057,0.00033256368,0,LOW,train
2026-01-13 06:15:00,ZONE_A,2620.38219128005,2725.9146,2593.22379310165,0.0007803426,0,LOW,train
2026-01-13 06:30:00,ZONE_A,2601.573870494537,2738.6865,2590.4699829953,0.00079179334,0,LOW,train
2026-01-13 06:45:00,ZONE_A,2624.8415360743534,2763.4434,2672.654968341272,0.0019708467,0,LOW,train
2026-01-13 07:00:00,ZONE_A,2680.113433888685,2797.3484,2668.1021689374816,0.0016873602,0,LOW,train
2026-01-13 07:15:00,ZONE_A,2703.935975506297,2847.755,2729.876454577253,0.0010976687,0,LOW,train
2026-01-13 07:30:00,ZONE_A,2725.600784635342,2878.3887,2725.8065071297574,0.014386905,0,LOW,train
2026-01-13 07:45:00,ZONE_A,2750.5129575627207,2930.0007,2790.976955606984,0.0125954,0,LOW,train
2026-01-13 08:00:00,ZONE_A,2789.419203726504,2928.959,2785.532165612372,0.021225989,0,LOW,train
2026-01-13 08:15:00,ZONE_A,2863.0175565548266,2973.6714,2825.755783258634,0.22199684,0,LOW,train
2026-01-13 08:30:00,ZONE_A,2876.878869885766,3003.8972,2887.85120668544,0.36388236,0,MEDIUM,train
2026-01-13 08:45:00,ZONE_A,2917.9554908914765,3006.1638,2873.374224158358,0.9793952,1,CRITICAL,train
2026-01-13 09:00:00,ZONE_A,2935.7432143304195,2683.9792,2932.3227156044672,0.008817012,0,LOW,train
2026-01-13 09:15:00,ZONE_A,2935.744405347092,2701.1008,2952.09486144078,0.0073967413,0,LOW,train
2026-01-13 09:30:00,ZONE_A,2980.694730124726,2717.5198,3003.830564911163,0.005746439,0,LOW,train
2026-01-13 09:45:00,ZONE_A,3037.7709024971314,2703.839,3022.929374815111,0.007833599,0,LOW,train
2026-01-13 10:00:00,ZONE_A,2672.6793424011084,2685.6138,2664.585685519666,0.001067497,0,LOW,train
2026-01-13 10:15:00,ZONE_A,2683.6971728280137,2713.4412,2648.3572105719163,0.0005240054,0,LOW,train
2026-01-13 10:30:00,ZONE_A,2722.1982721534173,2717.283,2732.37683506309,0.0025220816,0,LOW,train
2026-01-13 10:45:00,ZONE_A,2717.1038863807166,2761.5261,2680.741733385303,0.0008846211,0,LOW,train
2026-01-13 11:00:00,ZONE_A,2678.022182694407,2700.6997,2738.330676193292,0.0056892345,0,LOW,train
2026-01-13 11:15:00,ZONE_A,2714.986680565092,2716.611,2657.652228823445,0.0032161877,0,LOW,train
2026-01-13 11:30:00,ZONE_A,2700.7782494438875,2692.1306,2892.062683826616,0.0013995663,0,LOW,train
2026-01-13 11:45:00,ZONE_A,2814.5164837255725,2715.9614,2642.9244053921725,0.002449424,0,LOW,train
2026-01-13 12:00:00,ZONE_A,2700.2185992231334,2692.3616,2763.731734121917,0.0063608787,0,LOW,train
2026-01-13 12:15:00,ZONE_A,2700.364452224531,2675.5842,2623.1146099978705,0.0028528012,0,LOW,train
2026-01-13 12:30:00,ZONE_A,2680.989106486699,2691.0784,2748.2402182913656,0.0009395826,0,LOW,train
2026-01-13 12:45:00,ZONE_A,2720.9794440472874,2701.6765,2685.795988245284,0.0038881835,0,LOW,train
2026-01-13 13:00:00,ZONE_A,2671.179816843386,2697.311,2680.4292013702075,0.0007487058,0,LOW,train
2026-01-13 13:15:00,ZONE_A,2666.311130769201,2702.6675,2854.930073524548,0.00059866306,0,LOW,train
2026-01-13 13:30:00,ZONE_A,2692.3213743028614,2686.555,2682.3178866974613,0.0011814677,0,LOW,train
2026-01-13 13:45:00,ZONE_A,2679.9644636059056,2691.3054,2716.587493384125,0.0009373508,0,LOW,train
2026-01-13 14:00:00,ZONE_A,2697.1243511976727,2688.2046,2717.7022097691024,0.0006044777,0,LOW,train
2026-01-13 14:15:00,ZONE_A,2796.382175930526,2678.4805,2679.707264062365,0.0007980582,0,LOW,train
2026-01-13 14:30:00,ZONE_A,2679.271646270482,2688.6196,2694.913365269232,0.001733042,0,LOW,train
2026-01-13 14:45:00,ZONE_A,2681.5903057677915,2686.6157,2700.935295177196,0.0015879605,0,LOW,train
2026-01-13 15:00:00,ZONE_A,2644.989142374964,2792.8933,2861.2295643077528,0.00094840303,0,LOW,train
2026-01-13 15:15:00,ZONE_A,2628.441016043724,2805.3623,2651.705753888617,0.0004832646,0,LOW,train
2026-01-13 15:30:00,ZONE_A,2653.2609912396624,2799.9004,2672.06793161052,0.000940882,0,LOW,train
2026-01-13 15:45:00,ZONE_A,2684.3528916201963,2802.6792,2679.543655640673,0.001079124,0,LOW,train
2026-01-13 16:00:00,ZONE_A,2803.684560311362,2801.1895,2797.023681599456,0.002166236,0,LOW,train
2026-01-13 16:15:00,ZONE_A,2807.663194788892,2803.5403,2816.8769206482057,0.0031601214,0,LOW,train
2026-01-13 16:30:00,ZONE_A,2792.7333821822936,2800.8464,2806.824234330847,0.0015264432,0,LOW,train
2026-01-13 16:45:00,ZONE_A,2832.513656311301,2805.6738,2807.518108117325,0.0032540965,0,LOW,train
2026-01-13 17:00:00,ZONE_A,2832.5237077796146,2809.5637,2826.119363032527,0.009554574,0,LOW,train
2026-01-13 17:15:00,ZONE_A,2790.879658280142,2813.9155,2813.6059117043205,0.007012991,0,LOW,train
2026-01-13 17:30:00,ZONE_A,2815.5580338589434,2824.0176,2784.2609643161945,0.055284645,0,LOW,train
2026-01-13 17:45:00,ZONE_A,2816.1158297566494,2817.3792,2797.7733476927706,0.086172506,0,LOW,train
2026-01-13 18:00:00,ZONE_A,2813.956055666613,2811.4065,2793.565120445022,0.054075055,0,LOW,train
2026-01-13 18:15:00,ZONE_A,2792.482833448447,2807.0286,2783.3487530835346,0.006653843,0,LOW,train
2026-01-13 18:30:00,ZONE_A,2809.6793280979423,2819.6636,2789.4742261785022,0.007155915,0,LOW,train
2026-01-13 18:45:00,ZONE_A,2777.414032664892,2812.3904,2786.0393227633463,0.0025767537,0,LOW,train
2026-01-13 19:00:00,ZONE_A,2797.132866127155,2814.0884,2821.981170373688,0.0007569492,0,LOW,train
2026-01-13 19:15:00,ZONE_A,2808.09710451345,2809.8452,2814.9939274242074,0.0011818233,0,LOW,train
2026-01-13 19:30:00,ZONE_A,2812.00835432403,2800.902,2793.281030292143,0.0016414727,0,LOW,train
2026-01-13 19:45:00,ZONE_A,2831.5183983016045,2805.3103,2784.098275364741,0.0025014968,0,LOW,train
2026-01-13 20:00:00,ZONE_A,2791.961868075905,2662.7178,2806.2250175116287,0.0012651713,0,LOW,train
2026-01-13 20:15:00,ZONE_A,2814.83214623013,2655.2473,2847.148636973144,0.0013878451,0,LOW,train
2026-01-13 20:30:00,ZONE_A,2816.388957831997,2615.3518,2801.2398166961943,0.0022606838,0,LOW,train
2026-01-13 20:45:00,ZONE_A,2789.7470202773948,2584.815,2807.008055890872,0.0008233884,0,LOW,train
2026-01-13 21:00:00,ZONE_A,2684.335545879605,2552.5996,2674.873399161492,0.000243321,0,LOW,train
2026-01-13 21:15:00,ZONE_A,2662.946514549064,2533.794,2638.254414593021,0.00023839278,0,LOW,train
2026-01-13 21:30:00,ZONE_A,2606.3941748420903,2504.1777,2613.0125945174573,0.00015581437,0,LOW,train
2026-01-13 21:45:00,ZONE_A,2531.787146992273,2480.382,2562.5670109803546,0.0004526732,0,LOW,train
2026-01-13 22:00:00,ZONE_A,2528.902541577133,2415.5686,2534.014004230912,0.00027648878,0,LOW,train
2026-01-13 22:15:00,ZONE_A,2546.4951808943947,2395.7,2518.6798889095,0.00044838485,0,LOW,train
2026-01-13 22:30:00,ZONE_A,2514.6558559912,2372.5303,2525.2336036190286,0.0005093405,0,LOW,train
2026-01-13 22:45:00,ZONE_A,2518.7340549248297,2356.3362,2493.025131383819,0.00035680426,0,LOW,train
2026-01-13 23:00:00,ZONE_A,2425.5401065235324,2309.1157,2411.4925055513245,0.000169628,0,LOW,train
2026-01-13 23:15:00,ZONE_A,2451.872087107634,2339.7827,2421.338667945215,0.00018467024,0,LOW,train
2026-01-13 23:30:00,ZONE_A,2329.423978060256,2291.1562,2399.501115166472,0.00032433443,0,LOW,train
2026-01-13 23:45:00,ZONE_A,2356.6495239574147,2306.8462,2435.5450218416963,0.0005630345,0,LOW,train
2026-01-14 00:00:00,ZONE_A,2283.537350039333,2318.351,2280.356497210788,0.0005684675,0,LOW,train
2026-01-14 00:15:00,ZONE_A,2385.33125772558,2290.4287,2375.390871783836,0.00022743792,0,LOW,train
2026-01-14 00:30:00,ZONE_A,2271.267286052455,2291.9604,2303.047583575534,0.00022348986,0,LOW,train
2026-01-14 00:45:00,ZONE_A,2286.759917138134,2292.3816,2231.415611416207,0.0002623651,0,LOW,train
2026-01-14 01:00:00,ZONE_A,2394.190290726337,2292.6733,2348.0886009745823,0.00012533703,0,LOW,train
2026-01-14 01:15:00,ZONE_A,2242.391526684276,2291.2651,2252.350476943746,0.00017728406,0,LOW,train
2026-01-14 01:30:00,ZONE_A,2293.2277568562545,2286.9268,2266.49098965478,0.000191845,0,LOW,train
2026-01-14 01:45:00,ZONE_A,2351.179076590878,2286.8767,2257.353041028361,0.00030969415,0,LOW,train
2026-01-14 02:00:00,ZONE_A,2253.370844947823,2294.6604,2382.2456525193293,0.00028365475,0,LOW,train
2026-01-14 02:15:00,ZONE_A,2314.6941864846654,2284.0222,2301.922938571576,0.00027074388,0,LOW,train
2026-01-14 02:30:00,ZONE_A,2276.312309382203,2283.4072,2330.240847993431,0.000665161,0,LOW,train
2026-01-14 02:45:00,ZONE_A,2300.14225384665,2283.1694,2336.176963517431,0.00031491526,0,LOW,train
2026-01-14 03:00:00,ZONE_A,2291.7162876537764,2284.109,2312.6669801833605,0.0005614006,0,LOW,train
2026-01-14 03:15:00,ZONE_A,2271.411739187935,2283.8923,2280.034643759823,0.00030015298,0,LOW,train
2026-01-14 03:30:00,ZONE_A,2266.055920442705,2281.654,2290.0016963446974,0.0003221753,0,LOW,train
2026-01-14 03:45:00,ZONE_A,2287.513559081674,2283.1338,2282.2675549823293,0.00015949574,0,LOW,train
2026-01-14 04:00:00,ZONE_A,2269.8476626124275,2293.5415,2255.9280584784733,0.00016445118,0,LOW,train
2026-01-14 04:15:00,ZONE_A,2309.341660467355,2289.1494,2260.3369836063803,0.00020644354,0,LOW,train
2026-01-14 04:30:00,ZONE_A,2250.137311035669,2281.5403,2287.344994616305,0.00014589191,0,LOW,train
2026-01-14 04:45:00,ZONE_A,2268.8973783039264,2297.4072,2306.763750934236,0.000231154,0,LOW,train
2026-01-14 05:00:00,ZONE_A,2315.6645695830875,2585.2844,2258.0393464767985,0.00020720868,0,LOW,train
2026-01-14 05:15:00,ZONE_A,2304.2143281723847,2581.0476,2261.449769889749,0.0002002944,0,LOW,train
2026-01-14 05:30:00,ZONE_A,2272.9151859537865,2599.8865,2270.0750397257943,0.00023951575,0,LOW,train
2026-01-14 05:45:00,ZONE_A,2266.672502959136,2606.7378,2279.040938934291,0.00031121905,0,LOW,train
2026-01-14 06:00:00,ZONE_A,2547.895176315249,2663.4404,2545.5887818142733,0.00016030383,0,LOW,train
2026-01-14 06:15:00,ZONE_A,2560.519988927292,2692.5393,2620.38219128005,0.00026102277,0,LOW,train
2026-01-14 06:30:00,ZONE_A,2602.893089151997,2745.7156,2601.573870494537,0.00051492447,0,LOW,train
2026-01-14 06:45:00,ZONE_A,2608.592099298675,2744.1602,2624.8415360743534,0.00077710714,0,LOW,train
2026-01-14 07:00:00,ZONE_A,2718.269682660441,2790.4353,2680.113433888685,0.0010376301,0,LOW,train
2026-01-14 07:15:00,ZONE_A,2684.784721231748,2825.0068,2703.935975506297,0.0008120857,0,LOW,train
2026-01-14 07:30:00,ZONE_A,2741.762034536997,2857.0093,2725.600784635342,0.003621837,0,LOW,train
2026-01-14 07:45:00,ZONE_A,2748.782370583359,2919.328,2750.5129575627207,0.020644803,0,LOW,train
2026-01-14 08:00:00,ZONE_A,2772.446353735674,2925.9392,2789.419203726504,0.0019081924,0,LOW,train
2026-01-14 08:15:00,ZONE_A,2833.715711632437,2969.6177,2863.0175565548266,0.048569106,0,LOW,train
2026-01-14 08:30:00,ZONE_A,2854.5802964717745,3018.605,2876.878869885766,0.283497,0,LOW,train
2026-01-14 08:45:00,ZONE_A,2933.210058885722,3035.0928,2917.9554908914765,0.97630274,1,CRITICAL,train
2026-01-14 09:00:00,ZONE_A,2898.3601011679348,2709.5388,2935.7432143304195,0.009245449,0,LOW,train
2026-01-14 09:15:00,ZONE_A,2956.6318931442297,2718.6545,2935.744405347092,0.01061706,0,LOW,train
2026-01-14 09:30:00,ZONE_A,2984.6731493311154,2705.6028,2980.694730124726,0.004959178,0,LOW,train
2026-01-14 09:45:00,ZONE_A,3041.546622201221,2792.302,3037.7709024971314,0.0034100958,0,LOW,train
2026-01-14 10:00:00,ZONE_A,2675.8789686841887,2701.1226,2672.6793424011084,0.0008698699,0,LOW,train
2026-01-14 10:15:00,ZONE_A,2682.032730595078,2716.0493,2683.6971728280137,0.0010058063,0,LOW,train
2026-01-14 10:30:00,ZONE_A,2691.592475464045,2702.8337,2722.1982721534173,0.0013763201,0,LOW,train
2026-01-14 10:45:00,ZONE_A,2909.635141787104,2683.9902,2717.1038863807166,0.00490953,0,LOW,train
2026-01-14 11:00:00,ZONE_A,2684.6444660664347,2730.4834,2678.022182694407,0.00090713345,0,LOW,train
2026-01-14 11:15:00,ZONE_A,2750.5294090935563,2695.014,2714.986680565092,0.0019070475,0,LOW,train
2026-01-14 11:30:00,ZONE_A,2684.270843636068,2713.8108,2700.7782494438875,0.0007055837,0,LOW,train
2026-01-14 11:45:00,ZONE_A,2653.478268005262,2693.2654,2814.5164837255725,0.0004992975,0,LOW,train
2026-01-14 12:00:00,ZONE_A,2761.012712994352,2699.7974,2700.2185992231334,0.0016578819,0,LOW,train
2026-01-14 12:15:00,ZONE_A,2675.8773663236857,2696.4514,2700.364452224531,0.00073055975,0,LOW,train
2026-01-14 12:30:00,ZONE_A,2735.854085104602,2682.3364,2680.989106486699,0.003072567,0,LOW,train
2026-01-14 12:45:00,ZONE_A,2683.991414392038,2683.8826,2720.9794440472874,0.00068141264,0,LOW,train
2026-01-14 13:00:00,ZONE_A,2663.602529120389,2696.2756,2671.179816843386,0.00056983565,0,LOW,train
2026-01-14 13:15:00,ZONE_A,2726.9006470435547,2684.4343,2666.311130769201,0.00033967884,0,LOW,train
2026-01-14 13:30:00,ZONE_A,2640.0425328890506,2682.097,2692.3213743028614,0.00038415,0,LOW,train
2026-01-14 13:45:00,ZONE_A,2674.924020553632,2694.4268,2679.9644636059056,0.0009419714,0,LOW,train
2026-01-14 14:00:00,ZONE_A,2705.84489247326,2687.725,2697.1243511976727,0.00024475358,0,LOW,train
2026-01-14 14:15:00,ZONE_A,2672.5777768256817,2675.1094,2796.382175930526,0.0006822245,0,LOW,train
2026-01-14 14:30:00,ZONE_A,2648.048962579146,2676.368,2679.271646270482,0.00044562307,0,LOW,train
2026-01-14 14:45:00,ZONE_A,2723.033075332297,2690.638,2681.5903057677915,0.001575515,0,LOW,train
2026-01-14 15:00:00,ZONE_A,2698.021090063067,2783.4226,2644.989142374964,0.0005649388,0,LOW,train
2026-01-14 15:15:00,ZONE_A,2662.2512885633246,2786.1992,2628.441016043724,0.00051443145,0,LOW,train
2026-01-14 15:30:00,ZONE_A,2659.8189967281537,2788.0269,2653.2609912396624,0.00046154318,0,LOW,train
2026-01-14 15:45:00,ZONE_A,2707.5814373468565,2789.7488,2684.3528916201963,0.0010194276,0,LOW,train
2026-01-14 16:00:00,ZONE_A,2776.3537284557965,2796.0146,2803.684560311362,0.000980337,0,LOW,train
2026-01-14 16:15:00,ZONE_A,2827.393822005324,2799.7273,2807.663194788892,0.0006803488,0,LOW,train
2026-01-14 16:30:00,ZONE_A,2790.8387291995823,2800.7852,2792.7333821822936,0.00057650846,0,LOW,train
2026-01-14 16:45:00,ZONE_A,2794.6619779529788,2805.3523,2832.513656311301,0.0007186948,0,LOW,train
2026-01-14 17:00:00,ZONE_A,2820.013695774749,2802.7903,2832.5237077796146,0.0012518234,0,LOW,train
2026-01-14 17:15:00,ZONE_A,2820.6577037033903,2806.2935,2790.879658280142,0.0026111642,0,LOW,train
2026-01-14 17:30:00,ZONE_A,2781.59589716918,2799.4563,2815.5580338589434,0.0016861109,0,LOW,train
2026-01-14 17:45:00,ZONE_A,2814.874811243991,2800.2932,2816.1158297566494,0.0037999065,0,LOW,train
2026-01-14 18:00:00,ZONE_A,2787.3799653912174,2819.8518,2813.956055666613,0.00119155,0,LOW,train
2026-01-14 18:15:00,ZONE_A,2789.9046209934613,2803.0925,2792.482833448447,0.0014679261,0,LOW,train
2026-01-14 18:30:00,ZONE_A,2790.336110677484,2798.5986,2809.6793280979423,0.00085221214,0,LOW,train
2026-01-14 18:45:00,ZONE_A,2794.7138879758886,2798.9802,2777.414032664892,0.0004020952,0,LOW,train
2026-01-14 19:00:00,ZONE_A,2820.338734730697,2788.643,2797.132866127155,0.00044410658,0,LOW,train
2026-01-14 19:15:00,ZONE_A,2831.40961689231,2811.4753,2808.09710451345,0.00041999065,0,LOW,train
2026-01-14 19:30:00,ZONE_A,2748.0114335812173,2797.4983,2812.00835432403,0.0010171216,0,LOW,train
2026-01-14 19:45:00,ZONE_A,2807.6846222118083,2790.9739,2831.5183983016045,0.00040825538,0,LOW,train
2026-01-14 20:00:00,ZONE_A,2759.710180001131,2637.6094,2791.961868075905,0.00023021153,0,LOW,train
2026-01-14 20:15:00,ZONE_A,2805.245987248953,2633.989,2814.83214623013,0.0005520407,0,LOW,train
2026-01-14 20:30:00,ZONE_A,2788.6042699260333,2615.8267,2816.388957831997,0.0002599531,0,LOW,train
2026-01-14 20:45:00,ZONE_A,2794.874683783028,2594.1887,2789.7470202773948,0.00033547467,0,LOW,train
2026-01-14 21:00:00,ZONE_A,2653.7580115952683,2560.6074,2684.335545879605,0.000132933,0,LOW,train
2026-01-14 21:15:00,ZONE_A,2624.426873695244,2528.3735,2662.946514549064,0.00014327052,0,LOW,train
2026-01-14 21:30:00,ZONE_A,2607.075104860442,2482.4524,2606.3941748420903,0.0001631416,0,LOW,train
2026-01-14 21:45:00,ZONE_A,2554.103814213589,2452.1262,2531.787146992273,0.0003353399,0,LOW,train
2026-01-14 22:00:00,ZONE_A,2533.0298846042624,2407.6296,2528.902541577133,0.00017107184,0,LOW,train
2026-01-14 22:15:00,ZONE_A,2499.076638641872,2372.3926,2546.4951808943947,0.00019909124,0,LOW,train
2026-01-14 22:30:00,ZONE_A,2506.510428195215,2355.7854,2514.6558559912,0.00022734751,0,LOW,train
2026-01-14 22:45:00,ZONE_A,2453.5298925085026,2306.9473,2518.7340549248297,0.0002598317,0,LOW,train
2026-01-14 23:00:00,ZONE_A,2428.026995685405,2312.9019,2425.5401065235324,0.00023346151,0,LOW,train
2026-01-14 23:15:00,ZONE_A,2367.6194160474097,2321.1936,2451.872087107634,0.00026763947,0,LOW,train
2026-01-14 23:30:00,ZONE_A,2335.4523128746137,2326.283,2329.423978060256,0.00023180773,0,LOW,train
2026-01-14 23:45:00,ZONE_A,2295.5936336888376,2305.314,2356.6495239574147,0.00034388978,0,LOW,train
2026-01-15 00:00:00,ZONE_A,2272.980168434628,2296.589,2283.537350039333,0.00042948368,0,LOW,train
2026-01-15 00:15:00,ZONE_A,2384.211955629381,2291.1353,2385.33125772558,0.00014788711,0,LOW,train
2026-01-15 00:30:00,ZONE_A,2434.7549728786107,2303.388,2271.267286052455,0.00032860463,0,LOW,train
2026-01-15 00:45:00,ZONE_A,2265.434077381124,2304.4072,2286.759917138134,0.0005150032,0,LOW,train
2026-01-15 01:00:00,ZONE_A,2344.1197059476567,2293.6506,2394.190290726337,0.0005860913,0,LOW,train
2026-01-15 01:15:00,ZONE_A,2281.833387377042,2291.8765,2242.391526684276,0.00020118842,0,LOW,train
2026-01-15 01:30:00,ZONE_A,2354.072982459957,2289.8816,2293.2277568562545,0.0002391844,0,LOW,train
2026-01-15 01:45:00,ZONE_A,2381.7806160369446,2323.816,2351.179076590878,0.0004524722,0,LOW,train
2026-01-15 02:00:00,ZONE_A,2269.7611551997,2291.5574,2253.370844947823,0.00042455504,0,LOW,train
2026-01-15 02:15:00,ZONE_A,2307.6343972109644,2286.3384,2314.6941864846654,0.0003837572,0,LOW,train
2026-01-15 02:30:00,ZONE_A,2271.6576392965435,2288.9146,2276.312309382203,0.0004192077,0,LOW,train
2026-01-15 02:45:00,ZONE_A,2403.4350835227565,2284.5156,2300.14225384665,0.0005072458,0,LOW,train
2026-01-15 03:00:00,ZONE_A,2264.937961110119,2292.1082,2291.7162876537764,0.00038127668,0,LOW,train
2026-01-15 03:15:00,ZONE_A,2267.039911231023,2287.016,2271.411739187935,0.00044159667,0,LOW,train
2026-01-15 03:30:00,ZONE_A,2313.276462234334,2288.3757,2266.055920442705,0.00024879188,0,LOW,train
2026-01-15 03:45:00,ZONE_A,2272.3536461231,2287.3848,2287.513559081674,0.0005733272,0,LOW,train
2026-01-15 04:00:00,ZONE_A,2301.860104061709,2289.6294,2269.8476626124275,0.00025966208,0,LOW,train
2026-01-15 04:15:00,ZONE_A,2282.6530836838247,2285.2004,2309.341660467355,0.00040623354,0,LOW,train
2026-01-15 04:30:00,ZONE_A,2301.216884257779,2290.5264,2250.137311035669,0.00018937168,0,LOW,train
2026-01-15 04:45:00,ZONE_A,2273.166207352225,2284.9907,2268.8973783039264,0.00018306191,0,LOW,train
2026-01-15 05:00:00,ZONE_A,2270.6267245383674,2458.4966,2315.6645695830875,0.0002910455,0,LOW,train
2026-01-15 05:15:00,ZONE_A,2264.033967500625,2542.5562,2304.2143281723847,0.00030160992,0,LOW,train
2026-01-15 05:30:00,ZONE_A,2304.837317483426,2588.2954,2272.9151859537865,0.00013653366,0,LOW,train
2026-01-15 05:45:00,ZONE_A,2271.723734128181,2583.982,2266.672502959136,0.00018196763,0,LOW,train
2026-01-15 06:00:00,ZONE_A,2535.4293027939884,2665.4321,2547.895176315249,0.00020945987,0,LOW,train
2026-01-15 06:15:00,ZONE_A,2570.4389256690874,2615.014,2560.519988927292,0.0004913208,0,LOW,train
2026-01-15 06:30:00,ZONE_A,2604.386268286393,2711.8398,2602.893089151997,0.00074779737,0,LOW,train
2026-01-15 06:45:00,ZONE_A,2621.724216738728,2723.2432,2608.592099298675,0.002214796,0,LOW,train
2026-01-15 07:00:00,ZONE_A,2680.121663330231,2799.2861,2718.269682660441,0.0005623231,0,LOW,train
2026-01-15 07:15:00,ZONE_A,2712.0009095002465,2822.183,2684.784721231748,0.0025381988,0,LOW,train
2026-01-15 07:30:00,ZONE_A,2706.552092647385,2870.15,2741.762034536997,0.008210493,0,LOW,train
2026-01-15 07:45:00,ZONE_A,2728.859706893954,2919.1934,2748.782370583359,0.018180357,0,LOW,train
2026-01-15 08:00:00,ZONE_A,2794.6049930093404,2935.05,2772.446353735674,0.01221252,0,LOW,train
2026-01-15 08:15:00,ZONE_A,2809.102488234448,2963.0005,2833.715711632437,0.21175347,0,LOW,train
2026-01-15 08:30:00,ZONE_A,2873.0502627779115,3033.7808,2854.5802964717745,0.9487815,1,CRITICAL,train
2026-01-15 08:45:00,ZONE_A,2992.6269315662,3033.6987,2933.210058885722,0.9870942,1,CRITICAL,train
2026-01-15 09:00:00,ZONE_A,2928.3791490280373,2706.982,2898.3601011679348,0.039360076,0,LOW,train
2026-01-15 09:15:00,ZONE_A,2991.0865225530315,2704.1367,2956.6318931442297,0.035953436,0,LOW,train
2026-01-15 09:30:00,ZONE_A,3159.4174074719576,2729.45,2984.6731493311154,0.011568368,0,LOW,train
2026-01-15 09:45:00,ZONE_A,3020.284643113779,2759.7466,3041.546622201221,0.011333613,0,LOW,train
2026-01-15 10:00:00,ZONE_A,2698.995650004056,2681.6843,2675.8789686841887,0.0007329139,0,LOW,train
2026-01-15 10:15:00,ZONE_A,2629.2770898752306,2697.327,2682.032730595078,0.0005205999,0,LOW,train
2026-01-15 10:30:00,ZONE_A,2751.365871167732,2697.365,2691.592475464045,0.0030383435,0,LOW,train
2026-01-15 10:45:00,ZONE_A,2837.420790553537,2658.348,2909.635141787104,0.0011155816,0,LOW,train
2026-01-15 11:00:00,ZONE_A,2643.483617237473,2735.585,2684.6444660664347,0.000562568,0,LOW,train
2026-01-15 11:15:00,ZONE_A,2643.092568752307,2698.43,2750.5294090935563,0.00085154525,0,LOW,train
2026-01-15 11:30:00,ZONE_A,2736.348808140705,2690.2195,2684.270843636068,0.002006245,0,LOW,train
2026-01-15 11:45:00,ZONE_A,2639.8054017814297,2686.619,2653.478268005262,0.0005333778,0,LOW,train
2026-01-15 12:00:00,ZONE_A,2844.9682109272994,2664.4358,2761.012712994352,0.00086422643,0,LOW,train
2026-01-15 12:15:00,ZONE_A,2690.5740236802344,2699.6636,2675.8773663236857,0.0012678903,0,LOW,train
2026-01-15 12:30:00,ZONE_A,2648.42669637829,2736.744,2735.854085104602,0.0006460777,0,LOW,train
2026-01-15 12:45:00,ZONE_A,2680.5176981058457,2675.56,2683.991414392038,0.0015830805,0,LOW,train
2026-01-15 13:00:00,ZONE_A,2669.020073088296,2677.1877,2663.602529120389,0.0012923601,0,LOW,train
2026-01-15 13:15:00,ZONE_A,2683.809504713585,2688.425,2726.9006470435547,0.0013080562,0,LOW,train
2026-01-15 13:30:00,ZONE_A,2777.5156160030765,2708.3406,2640.0425328890506,0.0010127076,0,LOW,train
2026-01-15 13:45:00,ZONE_A,2648.307832026883,2687.2622,2674.924020553632,0.0025980202,0,LOW,train
2026-01-15 14:00:00,ZONE_A,2670.121337426333,2696.9495,2705.84489247326,0.000679519,0,LOW,train
2026-01-15 14:15:00,ZONE_A,2685.469831147856,2672.7314,2672.5777768256817,0.0008797248,0,LOW,train
2026-01-15 14:30:00,ZONE_A,2767.9474655626004,2675.358,2648.048962579146,0.00087021856,0,LOW,train
2026-01-15 14:45:00,ZONE_A,2672.7564326472725,2683.0425,2723.033075332297,0.000696516,0,LOW,train
2026-01-15 15:00:00,ZONE_A,2703.3838005365737,2784.4348,2698.021090063067,0.0009906862,0,LOW,train
2026-01-15 15:15:00,ZONE_A,2637.628078627676,2788.5674,2662.2512885633246,0.00041731814,0,LOW,train
2026-01-15 15:30:00,ZONE_A,2671.012647994643,2786.4924,2659.8189967281537,0.00051743793,0,LOW,train
2026-01-15 15:45:00,ZONE_A,2696.3533111692664,2784.854,2707.5814373468565,0.00071907544,0,LOW,train
2026-01-15 16:00:00,ZONE_A,2780.5292832570867,2795.0823,2776.3537284557965,0.00095359166,0,LOW,train
2026-01-15 16:15:00,ZONE_A,2803.6708447012147,2804.7993,2827.393822005324,0.00085267227,0,LOW,train
2026-01-15 16:30:00,ZONE_A,2757.0930092169165,2793.2393,2790.8387291995823,0.0005808278,0,LOW,train
2026-01-15 16:45:00,ZONE_A,2797.905727767422,2799.6165,2794.6619779529788,0.00096876663,0,LOW,train
2026-01-15 17:00:00,ZONE_A,2808.020738101005,2798.4902,2820.013695774749,0.0011976868,0,LOW,train
2026-01-15 17:15:00,ZONE_A,2846.2159108885094,2809.3418,2820.6577037033903,0.0018690687,0,LOW,train
2026-01-15 17:30:00,ZONE_A,2782.5205550579444,2805.0564,2781.59589716918,0.0067207827,0,LOW,train
2026-01-15 17:45:00,ZONE_A,2816.787505705859,2810.3953,2814.874811243991,0.07305178,0,LOW,train
2026-01-15 18:00:00,ZONE_A,2818.8839180400814,2814.3862,2787.3799653912174,0.06564235,0,LOW,train
2026-01-15 18:15:00,ZONE_A,2831.656971652567,2817.0725,2789.9046209934613,0.034239545,0,LOW,train
2026-01-15 18:30:00,ZONE_A,2777.2894183160392,2812.9,2790.336110677484,0.0151238665,0,LOW,train
2026-01-15 18:45:00,ZONE_A,2804.410558117021,2817.698,2794.7138879758886,0.015570485,0,LOW,train
2026-01-15 19:00:00,ZONE_A,2808.689010369844,2808.8557,2820.338734730697,0.003751926,0,LOW,train
2026-01-15 19:15:00,ZONE_A,2775.5746730718297,2804.5981,2831.40961689231,0.0024009815,0,LOW,train
2026-01-15 19:30:00,ZONE_A,2795.584413801276,2795.2063,2748.0114335812173,0.00033607264,0,LOW,train
2026-01-15 19:45:00,ZONE_A,2792.9946839250847,2791.1016,2807.6846222118083,0.00055846636,0,LOW,train
2026-01-15 20:00:00,ZONE_A,2834.6461731038694,2647.3638,2759.710180001131,0.0022622321,0,LOW,train
2026-01-15 20:15:00,ZONE_A,2848.131607529121,2646.813,2805.245987248953,0.0030071437,0,LOW,train
2026-01-15 20:30:00,ZONE_A,2828.4931536647296,2611.5286,2788.6042699260333,0.0041321977,0,LOW,train
2026-01-15 20:45:00,ZONE_A,2830.0598034688664,2598.7932,2794.874683783028,0.001890118,0,LOW,train
2026-01-15 21:00:00,ZONE_A,2655.080780360236,2551.5918,2653.7580115952683,0.00025031177,0,LOW,train
2026-01-15 21:15:00,ZONE_A,2631.880672299805,2517.3914,2624.426873695244,0.00035133795,0,LOW,train
2026-01-15 21:30:00,ZONE_A,2601.44708335262,2478.0168,2607.075104860442,0.00029926948,0,LOW,train
2026-01-15 21:45:00,ZONE_A,2555.516442103339,2456.271,2554.103814213589,0.00041010996,0,LOW,train
2026-01-15 22:00:00,ZONE_A,2536.453494463813,2420.1575,2533.0298846042624,0.0003205072,0,LOW,train
2026-01-15 22:15:00,ZONE_A,2523.740761786315,2379.747,2499.076638641872,0.00052064453,0,LOW,train
2026-01-15 22:30:00,ZONE_A,2463.0789311669373,2344.9084,2506.510428195215,0.00034400995,0,LOW,train
2026-01-15 22:45:00,ZONE_A,2411.276379153794,2332.0735,2453.5298925085026,0.00044768272,0,LOW,train
2026-01-15 23:00:00,ZONE_A,2429.59712038022,2296.6504,2428.026995685405,0.0004152253,0,LOW,train
2026-01-15 23:15:00,ZONE_A,2382.3719903480846,2305.2937,2367.6194160474097,0.00030660795,0,LOW,train
2026-01-15 23:30:00,ZONE_A,2328.0705296705614,2299.2883,2335.4523128746137,0.00024106818,0,LOW,train
2026-01-15 23:45:00,ZONE_A,2306.29772018291,2304.6853,2295.5936336888376,0.00036871634,0,LOW,train
2026-01-16 00:00:00,ZONE_A,2269.28310935387,2294.8389,2272.980168434628,0.00022475728,0,LOW,train
2026-01-16 00:15:00,ZONE_A,2305.47215433559,2296.4312,2384.211955629381,0.00030233458,0,LOW,train
2026-01-16 00:30:00,ZONE_A,2258.9452250472723,2302.1665,2434.7549728786107,0.00021196659,0,LOW,train
2026-01-16 00:45:00,ZONE_A,2309.5365995430816,2294.2656,2265.434077381124,0.00041348103,0,LOW,train
2026-01-16 01:00:00,ZONE_A,2294.9163678729824,2292.5142,2344.1197059476567,0.0004089832,0,LOW,train
2026-01-16 01:15:00,ZONE_A,2331.15063396428,2293.6873,2281.833387377042,0.0001341616,0,LOW,train
2026-01-16 01:30:00,ZONE_A,2305.7507069171284,2291.6099,2354.072982459957,0.00022068188,0,LOW,train
2026-01-16 01:45:00,ZONE_A,2292.606551630248,2295.394,2381.7806160369446,0.00027533714,0,LOW,train
2026-01-16 02:00:00,ZONE_A,2270.241652401452,2292.6174,2269.7611551997,0.0001938731,0,LOW,train
2026-01-16 02:15:00,ZONE_A,2303.300232494819,2286.0002,2307.6343972109644,0.00019381284,0,LOW,train
2026-01-16 02:30:00,ZONE_A,2297.7113966109764,2284.9429,2271.6576392965435,0.00049649854,0,LOW,train
2026-01-16 02:45:00,ZONE_A,2262.7365942163046,2291.992,2403.4350835227565,0.00047088545,0,LOW,train
2026-01-16 03:00:00,ZONE_A,2242.473610998816,2276.206,2264.937961110119,0.0004641263,0,LOW,train
2026-01-16 03:15:00,ZONE_A,2302.9203384165926,2279.026,2267.039911231023,0.00031009037,0,LOW,train
2026-01-16 03:30:00,ZONE_A,2250.169899686457,2282.5337,2313.276462234334,0.00029709755,0,LOW,train
2026-01-16 03:45:00,ZONE_A,2336.166347669155,2285.3416,2272.3536461231,0.00029753576,0,LOW,train
2026-01-16 04:00:00,ZONE_A,2288.649297091104,2289.1538,2301.860104061709,0.0003394176,0,LOW,train
2026-01-16 04:15:00,ZONE_A,2270.932948241678,2283.6611,2282.6530836838247,0.00021896385,0,LOW,train
2026-01-16 04:30:00,ZONE_A,2281.5077698261443,2311.5737,2301.216884257779,0.00034840824,0,LOW,train
2026-01-16 04:45:00,ZONE_A,2294.202050849384,2304.4172,2273.166207352225,0.00028895942,0,LOW,train
2026-01-16 05:00:00,ZONE_A,2267.9241010867536,2557.7004,2270.6267245383674,0.00023152081,0,LOW,train
2026-01-16 05:15:00,ZONE_A,2253.683861833217,2587.528,2264.033967500625,0.00025169455,0,LOW,train
2026-01-16 05:30:00,ZONE_A,2304.3093451191385,2581.6472,2304.837317483426,0.00024493964,0,LOW,train
2026-01-16 05:45:00,ZONE_A,2312.594633530358,2617.1514,2271.723734128181,0.0002213938,0,LOW,train
2026-01-16 06:00:00,ZONE_A,2529.64426296416,2667.7664,2535.4293027939884,0.00023884622,0,LOW,train
2026-01-16 06:15:00,ZONE_A,2610.1078866934035,2696.2805,2570.4389256690874,0.00058114674,0,LOW,train
2026-01-16 06:30:00,ZONE_A,2598.187856827943,2746.1633,2604.386268286393,0.0011863157,0,LOW,train
2026-01-16 06:45:00,ZONE_A,2654.868917763539,2758.2458,2621.724216738728,0.002284146,0,LOW,train
2026-01-16 07:00:00,ZONE_A,2675.495377332896,2795.4192,2680.121663330231,0.0005870451,0,LOW,train
2026-01-16 07:15:00,ZONE_A,2716.3140308684624,2835.5867,2712.0009095002465,0.0025596884,0,LOW,train
2026-01-16 07:30:00,ZONE_A,2721.569077527185,2872.9546,2706.552092647385,0.038470883,0,LOW,train
2026-01-16 07:45:00,ZONE_A,2747.061203007976,2930.201,2728.859706893954,0.005782998,0,LOW,train
2026-01-16 08:00:00,ZONE_A,2782.087782577485,2933.751,2794.6049930093404,0.0045471517,0,LOW,train
2026-01-16 08:15:00,ZONE_A,2847.947521297222,2985.2373,2809.102488234448,0.18254298,0,LOW,train
2026-01-16 08:30:00,ZONE_A,2856.44760871344,3024.0642,2873.0502627779115,0.3665125,0,MEDIUM,train
2026-01-16 08:45:00,ZONE_A,2961.1621183247576,3028.299,2992.6269315662,0.9855267,1,CRITICAL,train
2026-01-16 09:00:00,ZONE_A,2931.1108048696697,2727.1018,2928.3791490280373,0.013657484,0,LOW,train
2026-01-16 09:15:00,ZONE_A,2983.87380597127,2693.2292,2991.0865225530315,0.0038215853,0,LOW,train
2026-01-16 09:30:00,ZONE_A,2997.349941022456,2759.4705,3159.4174074719576,0.010190371,0,LOW,train
2026-01-16 09:45:00,ZONE_A,3021.896567021456,2706.8606,3020.284643113779,0.006838254,0,LOW,train
2026-01-16 10:00:00,ZONE_A,2712.6789336058064,2697.8765,2698.995650004056,0.0008467448,0,LOW,train
2026-01-16 10:15:00,ZONE_A,2656.518016596964,2714.341,2629.2770898752306,0.0010558722,0,LOW,train
2026-01-16 10:30:00,ZONE_A,2818.8337235160075,2678.2817,2751.365871167732,0.0036831168,0,LOW,train
2026-01-16 10:45:00,ZONE_A,2690.029290297857,2663.9924,2837.420790553537,0.00062866625,0,LOW,train
2026-01-16 11:00:00,ZONE_A,2663.629469962713,2704.5112,2643.483617237473,0.0014801268,0,LOW,train
2026-01-16 11:15:00,ZONE_A,2762.5480780131484,2752.7837,2643.092568752307,0.0016713429,0,LOW,train
2026-01-16 11:30:00,ZONE_A,2660.3977380826204,2682.527,2736.348808140705,0.001177957,0,LOW,train
2026-01-16 11:45:00,ZONE_A,2627.0648156521347,2785.1226,2639.8054017814297,0.0022615574,0,LOW,train
2026-01-16 12:00:00,ZONE_A,2654.083089449399,2677.5437,2844.9682109272994,0.0017354507,0,LOW,train
2026-01-16 12:15:00,ZONE_A,2778.161915507154,2691.0464,2690.5740236802344,0.0004737328,0,LOW,train
2026-01-16 12:30:00,ZONE_A,2636.8989637961245,2777.592,2648.42669637829,0.00075897377,0,LOW,train
2026-01-16 12:45:00,ZONE_A,2914.755792903418,2819.382,2680.5176981058457,0.005191163,0,LOW,train
2026-01-16 13:00:00,ZONE_A,2655.634411572948,2791.78,2669.020073088296,0.0028033187,0,LOW,train
2026-01-16 13:15:00,ZONE_A,2648.334564977401,2741.3533,2683.809504713585,0.00045583118,0,LOW,train
2026-01-16 13:30:00,ZONE_A,2810.096346880482,2689.7969,2777.5156160030765,0.0014686245,0,LOW,train
2026-01-16 13:45:00,ZONE_A,2841.1921548162168,2695.1794,2648.307832026883,0.005465541,0,LOW,train
2026-01-16 14:00:00,ZONE_A,2875.0588516174616,2705.7751,2670.121337426333,0.0028407613,0,LOW,train
2026-01-16 14:15:00,ZONE_A,2777.800119737984,2680.5803,2685.469831147856,0.0036504795,0,LOW,train
2026-01-16 14:30:00,ZONE_A,2692.440596533403,2691.346,2767.9474655626004,0.002504079,0,LOW,train
2026-01-16 14:45:00,ZONE_A,2669.820124897187,2684.3054,2672.7564326472725,0.001205933,0,LOW,train
2026-01-16 15:00:00,ZONE_A,2692.965849219212,2795.8203,2703.3838005365737,0.0009670454,0,LOW,train
2026-01-16 15:15:00,ZONE_A,2661.8046542713228,2793.675,2637.628078627676,0.0011091226,0,LOW,train
2026-01-16 15:30:00,ZONE_A,2706.950486116985,2803.7346,2671.012647994643,0.00060740375,0,LOW,train
2026-01-16 15:45:00,ZONE_A,2672.775243105989,2800.951,2696.3533111692664,0.0011492672,0,LOW,train
2026-01-16 16:00:00,ZONE_A,2816.43799627654,2801.3804,2780.5292832570867,0.0032587536,0,LOW,train
2026-01-16 16:15:00,ZONE_A,2804.493255648596,2811.2925,2803.6708447012147,0.0111146625,0,LOW,train
2026-01-16 16:30:00,ZONE_A,2815.14682982423,2800.4485,2757.0930092169165,0.008629174,0,LOW,train
2026-01-16 16:45:00,ZONE_A,2827.599181954077,2807.5554,2797.905727767422,0.038317133,0,LOW,train
2026-01-16 17:00:00,ZONE_A,2786.551432652372,2819.5718,2808.020738101005,0.012036507,0,LOW,train
2026-01-16 17:15:00,ZONE_A,2806.4426383305404,2819.2332,2846.2159108885094,0.012782435,0,LOW,train
2026-01-16 17:30:00,ZONE_A,2778.987985374733,2822.1074,2782.5205550579444,0.0046117124,0,LOW,train
2026-01-16 17:45:00,ZONE_A,2797.6634933347345,2813.7249,2816.787505705859,0.010221348,0,LOW,train
2026-01-16 18:00:00,ZONE_A,2779.961035689088,2809.9167,2818.8839180400814,0.0011647313,0,LOW,train
2026-01-16 18:15:00,ZONE_A,2791.225679965181,2811.9592,2831.656971652567,0.0010068072,0,LOW,train
2026-01-16 18:30:00,ZONE_A,2755.851732918499,2807.155,2777.2894183160392,0.0010068009,0,LOW,train
2026-01-16 18:45:00,ZONE_A,2803.4714490906385,2800.7798,2804.410558117021,0.0016287488,0,LOW,train
2026-01-16 19:00:00,ZONE_A,2804.7946686632613,2798.279,2808.689010369844,0.0013879508,0,LOW,train
2026-01-16 19:15:00,ZONE_A,2844.1644966800027,2807.0894,2775.5746730718297,0.0022835222,0,LOW,train
2026-01-16 19:30:00,ZONE_A,2815.811359528396,2781.7888,2795.584413801276,0.000957814,0,LOW,train
2026-01-16 19:45:00,ZONE_A,2852.2628912272253,2788.038,2792.9946839250847,0.0016874775,0,LOW,train
2026-01-16 20:00:00,ZONE_A,2772.956261729587,2633.2268,2834.6461731038694,0.00071466825,0,LOW,train
2026-01-16 20:15:00,ZONE_A,2805.7145007099343,2629.7175,2848.131607529121,0.0007665192,0,LOW,train
2026-01-16 20:30:00,ZONE_A,2804.65621838851,2639.6575,2828.4931536647296,0.0006498992,0,LOW,train
2026-01-16 20:45:00,ZONE_A,2792.7282757841967,2594.6614,2830.0598034688664,0.00034295148,0,LOW,train
2026-01-16 21:00:00,ZONE_A,2633.9202837508183,2555.498,2655.080780360236,0.00019031513,0,LOW,train
2026-01-16 21:15:00,ZONE_A,2632.5116916363013,2538.7908,2631.880672299805,0.00025006942,0,LOW,train
2026-01-16 21:30:00,ZONE_A,2657.674596538579,2480.3193,2601.44708335262,0.00017994545,0,LOW,train
2026-01-16 21:45:00,ZONE_A,2567.8745694633267,2495.0137,2555.516442103339,0.00023163385,0,LOW,train
2026-01-16 22:00:00,ZONE_A,2547.945806551242,2414.0027,2536.453494463813,0.00017770666,0,LOW,train
2026-01-16 22:15:00,ZONE_A,2572.44919460777,2423.6584,2523.740761786315,0.00021311846,0,LOW,train
2026-01-16 22:30:00,ZONE_A,2458.9689525808,2359.3098,2463.0789311669373,0.00026619626,0,LOW,train
2026-01-16 22:45:00,ZONE_A,2559.9126692494187,2381.0452,2411.276379153794,0.0009988871,0,LOW,train
2026-01-16 23:00:00,ZONE_A,2391.9989059586387,2305.9954,2429.59712038022,0.00019239876,0,LOW,train
2026-01-16 23:15:00,ZONE_A,2431.635587623318,2328.9883,2382.3719903480846,0.00022756936,0,LOW,train
2026-01-16 23:30:00,ZONE_A,2364.983052541741,2320.6672,2328.0705296705614,0.00031218427,0,LOW,train
2026-01-16 23:45:00,ZONE_A,2407.945310841922,2364.245,2306.29772018291,0.0002477024,0,LOW,train
2026-01-17 00:00:00,ZONE_A,2265.7258379497725,2294.2908,2269.28310935387,0.00029356338,0,LOW,train
2026-01-17 00:15:00,ZONE_A,2318.01525533554,2296.9412,2305.47215433559,0.00034143028,0,LOW,train
2026-01-17 00:30:00,ZONE_A,2354.291290429528,2294.2173,2258.9452250472723,0.0001783116,0,LOW,train
2026-01-17 00:45:00,ZONE_A,2488.81625279482,2319.0295,2309.5365995430816,0.0005897195,0,LOW,train
2026-01-17 01:00:00,ZONE_A,2276.8355306303874,2299.0706,2294.9163678729824,0.00023050717,0,LOW,train
2026-01-17 01:15:00,ZONE_A,2288.032530071072,2294.2964,2331.15063396428,0.00032481126,0,LOW,train
2026-01-17 01:30:00,ZONE_A,2314.6055887601296,2294.3196,2305.7507069171284,0.00022273447,0,LOW,train
2026-01-17 01:45:00,ZONE_A,2294.0975241165165,2295.1765,2292.606551630248,0.00047223127,0,LOW,train
2026-01-17 02:00:00,ZONE_A,2288.121867965293,2294.1047,2270.241652401452,0.00022922788,0,LOW,train
2026-01-17 02:15:00,ZONE_A,2299.8536166570034,2292.5942,2303.300232494819,0.0003179077,0,LOW,train
2026-01-17 02:30:00,ZONE_A,2296.797097407477,2292.5159,2297.7113966109764,0.00015802162,0,LOW,train
2026-01-17 02:45:00,ZONE_A,2279.4172259113107,2284.589,2262.7365942163046,0.00021477159,0,LOW,train
2026-01-17 03:00:00,ZONE_A,2302.708318124257,2289.8384,2242.473610998816,0.00013925035,0,LOW,train
2026-01-17 03:15:00,ZONE_A,2285.208394284877,2292.7256,2302.9203384165926,0.00027017298,0,LOW,train
2026-01-17 03:30:00,ZONE_A,2322.431216541024,2290.026,2250.169899686457,8.786908e-05,0,LOW,train
2026-01-17 03:45:00,ZONE_A,2283.7886297569203,2298.8225,2336.166347669155,0.00014250168,0,LOW,train
2026-01-17 04:00:00,ZONE_A,2267.8469400330355,2289.1152,2288.649297091104,0.0002716022,0,LOW,train
2026-01-17 04:15:00,ZONE_A,2324.6424172997563,2290.2822,2270.932948241678,0.00011480029,0,LOW,train
2026-01-17 04:30:00,ZONE_A,2268.993294955087,2289.5547,2281.5077698261443,0.00021367575,0,LOW,train
2026-01-17 04:45:00,ZONE_A,2309.246845358079,2289.6526,2294.202050849384,0.00020388312,0,LOW,train
2026-01-17 05:00:00,ZONE_A,2277.964971594909,2454.2769,2267.9241010867536,0.00017466636,0,LOW,train
2026-01-17 05:15:00,ZONE_A,2255.272420619424,2507.809,2253.683861833217,0.00016365935,0,LOW,train
2026-01-17 05:30:00,ZONE_A,2305.893885752673,2605.672,2304.3093451191385,0.00028505936,0,LOW,train
2026-01-17 05:45:00,ZONE_A,2288.277858831544,2608.6628,2312.594633530358,0.0002913887,0,LOW,train
2026-01-17 06:00:00,ZONE_A,2542.159195399121,2661.1274,2529.64426296416,0.00025795057,0,LOW,train
2026-01-17 06:15:00,ZONE_A,2555.5506705156854,2702.7493,2610.1078866934035,0.0004596826,0,LOW,train
2026-01-17 06:30:00,ZONE_A,2606.92894544141,2719.063,2598.187856827943,0.00039818272,0,LOW,train
2026-01-17 06:45:00,ZONE_A,2623.384569580389,2766.8523,2654.868917763539,0.0009771897,0,LOW,train
2026-01-17 07:00:00,ZONE_A,2690.646754698113,2795.5557,2675.495377332896,0.0016466037,0,LOW,train
2026-01-17 07:15:00,ZONE_A,2679.94256208013,2838.337,2716.3140308684624,0.0005905278,0,LOW,train
2026-01-17 07:30:00,ZONE_A,2746.8055318887023,2866.4382,2721.569077527185,0.005802166,0,LOW,train
2026-01-17 07:45:00,ZONE_A,2764.537988106968,2901.8047,2747.061203007976,0.042018842,0,LOW,train
2026-01-17 08:00:00,ZONE_A,2807.7592994780834,2932.8577,2782.087782577485,0.05756576,0,LOW,train
2026-01-17 08:15:00,ZONE_A,2852.697843644975,2983.6812,2847.947521297222,0.17837395,0,LOW,train
2026-01-17 08:30:00,ZONE_A,2871.92759239591,3012.9739,2856.44760871344,0.44025978,0,MEDIUM,train
2026-01-17 08:45:00,ZONE_A,2880.3978351467185,3034.135,2961.1621183247576,0.9816087,1,CRITICAL,train
2026-01-17 09:00:00,ZONE_A,2958.330469728784,2701.361,2931.1108048696697,0.0053153858,0,LOW,train
2026-01-17 09:15:00,ZONE_A,2932.602308267323,2715.5115,2983.87380597127,0.01171955,0,LOW,train
2026-01-17 09:30:00,ZONE_A,2986.630113939196,2669.2444,2997.349941022456,0.006322472,0,LOW,train
2026-01-17 09:45:00,ZONE_A,3037.236765804028,2688.051,3021.896567021456,0.0034186565,0,LOW,train
2026-01-17 10:00:00,ZONE_A,2682.896283921829,2697.3923,2712.6789336058064,0.0012274787,0,LOW,train
2026-01-17 10:15:00,ZONE_A,2773.0094402549457,2723.9292,2656.518016596964,0.0016546383,0,LOW,train
2026-01-17 10:30:00,ZONE_A,2653.870555110799,2698.2205,2818.8337235160075,0.0008502618,0,LOW,train
2026-01-17 10:45:00,ZONE_A,2678.021972082251,2684.4502,2690.029290297857,0.0016569471,0,LOW,train
2026-01-17 11:00:00,ZONE_A,2695.1058138983603,2694.809,2663.629469962713,0.0013628113,0,LOW,train
2026-01-17 11:15:00,ZONE_A,2770.6170930743174,2719.1687,2762.5480780131484,0.00051933556,0,LOW,train
2026-01-17 11:30:00,ZONE_A,2672.479241351552,2699.5776,2660.3977380826204,0.00093313644,0,LOW,train
2026-01-17 11:45:00,ZONE_A,2678.8433805721183,2696.0566,2627.0648156521347,0.00046823345,0,LOW,train
2026-01-17 12:00:00,ZONE_A,2686.4605805002525,2684.8123,2654.083089449399,0.00063069985,0,LOW,train
2026-01-17 12:15:00,ZONE_A,2736.974951238821,2685.2065,2778.161915507154,0.0020146768,0,LOW,train
2026-01-17 12:30:00,ZONE_A,2674.888544235817,2682.2185,2636.8989637961245,0.0021228357,0,LOW,train
2026-01-17 12:45:00,ZONE_A,2691.059322988598,2678.6228,2914.755792903418,0.0011854188,0,LOW,train
2026-01-17 13:00:00,ZONE_A,2682.98996798003,2692.0476,2655.634411572948,0.0006784597,0,LOW,train
2026-01-17 13:15:00,ZONE_A,2675.5877055537576,2699.409,2648.334564977401,0.0004186979,0,LOW,train
2026-01-17 13:30:00,ZONE_A,2677.639478720614,2673.2642,2810.096346880482,0.00102637,0,LOW,train
2026-01-17 13:45:00,ZONE_A,2623.868448241172,2666.843,2841.1921548162168,0.00040777968,0,LOW,train
2026-01-17 14:00:00,ZONE_A,2659.05670123978,2675.6914,2875.0588516174616,0.00035369073,0,LOW,train
2026-01-17 14:15:00,ZONE_A,2722.630240347632,2707.997,2777.800119737984,0.00024470178,0,LOW,train
2026-01-17 14:30:00,ZONE_A,2664.622556250569,2679.6152,2692.440596533403,0.0003469614,0,LOW,train
2026-01-17 14:45:00,ZONE_A,2662.4309810551285,2693.5413,2669.820124897187,0.00056215614,0,LOW,train
2026-01-17 15:00:00,ZONE_A,2653.4073005855907,2789.8584,2692.965849219212,0.00028101384,0,LOW,train
2026-01-17 15:15:00,ZONE_A,2791.6684594279004,2800.2156,2661.8046542713228,0.00017648176,0,LOW,train
2026-01-17 15:30:00,ZONE_A,2670.103668554404,2793.6926,2706.950486116985,0.0012866742,0,LOW,train
2026-01-17 15:45:00,ZONE_A,2661.3058562806195,2790.9753,2672.775243105989,0.001852182,0,LOW,train
2026-01-17 16:00:00,ZONE_A,2794.422852583111,2801.5876,2816.43799627654,0.0003516697,0,LOW,train
2026-01-17 16:15:00,ZONE_A,2820.315750701684,2793.0935,2804.493255648596,0.00067645474,0,LOW,train
2026-01-17 16:30:00,ZONE_A,2797.2990580552614,2804.2812,2815.14682982423,0.0006039704,0,LOW,train
2026-01-17 16:45:00,ZONE_A,2801.935490096668,2807.3728,2827.599181954077,0.0012105792,0,LOW,train
2026-01-17 17:00:00,ZONE_A,2800.295349552176,2805.0295,2786.551432652372,0.0010298648,0,LOW,train
2026-01-17 17:15:00,ZONE_A,2788.3360345643664,2799.6377,2806.4426383305404,0.0010648308,0,LOW,train
2026-01-17 17:30:00,ZONE_A,2815.2010134708457,2795.7751,2778.987985374733,0.00081642024,0,LOW,train
2026-01-17 17:45:00,ZONE_A,2818.655272616057,2802.1653,2797.6634933347345,0.0013288548,0,LOW,train
2026-01-17 18:00:00,ZONE_A,2820.358904783828,2803.988,2779.961035689088,0.004291247,0,LOW,train
2026-01-17 18:15:00,ZONE_A,2795.38759080136,2818.2717,2791.225679965181,0.0014954936,0,LOW,train
2026-01-17 18:30:00,ZONE_A,2802.0027099188387,2815.114,2755.851732918499,0.002207916,0,LOW,train
2026-01-17 18:45:00,ZONE_A,2817.115267934785,2796.7344,2803.4714490906385,0.00084629026,0,LOW,train
2026-01-17 19:00:00,ZONE_A,2825.23414646547,2795.3872,2804.7946686632613,0.0010948584,0,LOW,train
2026-01-17 19:15:00,ZONE_A,2808.248419252501,2810.2126,2844.1644966800027,0.0007922012,0,LOW,train
2026-01-17 19:30:00,ZONE_A,2825.3275473877907,2792.6526,2815.811359528396,0.0004912093,0,LOW,train
2026-01-17 19:45:00,ZONE_A,2799.141385918695,2794.813,2852.2628912272253,0.0024055028,0,LOW,train
2026-01-17 20:00:00,ZONE_A,2764.5767856301536,2657.221,2772.956261729587,0.00039765262,0,LOW,train
2026-01-17 20:15:00,ZONE_A,2798.1407594192706,2633.4304,2805.7145007099343,0.00038794646,0,LOW,train
2026-01-17 20:30:00,ZONE_A,2804.20743302225,2611.662,2804.65621838851,0.00036668373,0,LOW,train
2026-01-17 20:45:00,ZONE_A,2815.8557878095744,2603.42,2792.7282757841967,0.00035026492,0,LOW,train
2026-01-17 21:00:00,ZONE_A,2715.82451824214,2552.375,2633.9202837508183,0.00020678257,0,LOW,train
2026-01-17 21:15:00,ZONE_A,2703.843347725817,2519.6887,2632.5116916363013,0.00014199385,0,LOW,train
2026-01-17 21:30:00,ZONE_A,2603.529894946897,2503.0208,2657.674596538579,0.00020339497,0,LOW,train
2026-01-17 21:45:00,ZONE_A,2587.5898247243613,2462.4722,2567.8745694633267,0.00019805519,0,LOW,train
2026-01-17 22:00:00,ZONE_A,2554.459860472195,2422.2703,2547.945806551242,0.00013326934,0,LOW,train
2026-01-17 22:15:00,ZONE_A,2519.816412987768,2426.5654,2572.44919460777,0.00016668266,0,LOW,train
2026-01-17 22:30:00,ZONE_A,2470.85270364272,2360.4612,2458.9689525808,0.00016263293,0,LOW,train
2026-01-17 22:45:00,ZONE_A,2444.334324512586,2357.7073,2559.9126692494187,0.0002793971,0,LOW,train
2026-01-17 23:00:00,ZONE_A,2404.5899647934584,2310.0437,2391.9989059586387,0.00018377301,0,LOW,train
2026-01-17 23:15:00,ZONE_A,2412.6312330778505,2304.0598,2431.635587623318,0.00039342686,0,LOW,train
2026-01-17 23:30:00,ZONE_A,2363.3962036269286,2301.4792,2364.983052541741,0.00011848174,0,LOW,train
2026-01-17 23:45:00,ZONE_A,2365.6666013599342,2306.1604,2407.945310841922,0.00024081478,0,LOW,train
2026-01-18 00:00:00,ZONE_A,2325.7489876466675,2311.8386,2265.7258379497725,0.0002594616,0,LOW,train
2026-01-18 00:15:00,ZONE_A,2274.117151093004,2293.8008,2318.01525533554,0.00023555072,0,LOW,train
2026-01-18 00:30:00,ZONE_A,2315.815284109495,2290.8855,2354.291290429528,0.00022180326,0,LOW,train
2026-01-18 00:45:00,ZONE_A,2310.9129109173127,2304.1155,2488.81625279482,0.00042983427,0,LOW,train
2026-01-18 01:00:00,ZONE_A,2336.5219343173376,2288.3433,2276.8355306303874,0.00010761738,0,LOW,train
2026-01-18 01:15:00,ZONE_A,2265.852456615331,2288.2625,2288.032530071072,0.00020157284,0,LOW,train
2026-01-18 01:30:00,ZONE_A,2243.095312896809,2285.288,2314.6055887601296,0.00019230157,0,LOW,train
2026-01-18 01:45:00,ZONE_A,2323.578480568476,2284.3467,2294.0975241165165,0.00034009313,0,LOW,train
2026-01-18 02:00:00,ZONE_A,2296.0979325343305,2288.9783,2288.121867965293,0.00015977399,0,LOW,train
2026-01-18 02:15:00,ZONE_A,2271.3011513265906,2285.389,2299.8536166570034,0.00016627644,0,LOW,train
2026-01-18 02:30:00,ZONE_A,2283.991259956303,2284.5002,2296.797097407477,0.00028915977,0,LOW,train
2026-01-18 02:45:00,ZONE_A,2299.6683637661504,2284.8225,2279.4172259113107,0.00017005196,0,LOW,train
2026-01-18 03:00:00,ZONE_A,2283.450522312024,2284.0974,2302.708318124257,0.0002875263,0,LOW,train
2026-01-18 03:15:00,ZONE_A,2298.1084235561416,2284.106,2285.208394284877,0.00012319729,0,LOW,train
2026-01-18 03:30:00,ZONE_A,2252.524382565399,2288.2302,2322.431216541024,0.00014273613,0,LOW,train
2026-01-18 03:45:00,ZONE_A,2279.5475086669003,2281.5586,2283.7886297569203,0.00029661303,0,LOW,train
2026-01-18 04:00:00,ZONE_A,2265.505748920162,2280.9673,2267.8469400330355,0.00024281764,0,LOW,train
2026-01-18 04:15:00,ZONE_A,2288.4976296600794,2279.9937,2324.6424172997563,0.00018743213,0,LOW,train
2026-01-18 04:30:00,ZONE_A,2304.5552765372827,2296.497,2268.993294955087,0.00012374311,0,LOW,train
2026-01-18 04:45:00,ZONE_A,2254.708907708081,2268.5176,2309.246845358079,0.0002554712,0,LOW,train
2026-01-18 05:00:00,ZONE_A,2281.810633582389,2571.8396,2277.964971594909,0.00013644973,0,LOW,train
2026-01-18 05:15:00,ZONE_A,2264.1850608874533,2595.948,2255.272420619424,0.00014504649,0,LOW,train
2026-01-18 05:30:00,ZONE_A,2281.426932165675,2611.467,2305.893885752673,0.0002348468,0,LOW,train
2026-01-18 05:45:00,ZONE_A,2275.7596803344463,2623.382,2288.277858831544,0.00020787556,0,LOW,train
2026-01-18 06:00:00,ZONE_A,2527.5566667190137,2667.9688,2542.159195399121,0.00014649078,0,LOW,train
2026-01-18 06:15:00,ZONE_A,2592.7598577325784,2691.203,2555.5506705156854,0.00056463113,0,LOW,train
2026-01-18 06:30:00,ZONE_A,2617.530684599269,2738.0547,2606.92894544141,0.00045350747,0,LOW,train
2026-01-18 06:45:00,ZONE_A,2630.230326859231,2762.7458,2623.384569580389,0.0010348718,0,LOW,train
2026-01-18 07:00:00,ZONE_A,2690.5854096150388,2799.1853,2690.646754698113,0.0009286573,0,LOW,train
2026-01-18 07:15:00,ZONE_A,2664.307147551024,2815.4382,2679.94256208013,0.0010035984,0,LOW,train
2026-01-18 07:30:00,ZONE_A,2701.170959260879,2837.2422,2746.8055318887023,0.00063848094,0,LOW,train
2026-01-18 07:45:00,ZONE_A,2783.4047420731386,2888.9421,2764.537988106968,0.0064533222,0,LOW,train
2026-01-18 08:00:00,ZONE_A,2835.058082166748,2979.94,2807.7592994780834,0.046927083,0,LOW,train
2026-01-18 08:15:00,ZONE_A,2818.21448360278,2976.0974,2852.697843644975,0.030048136,0,LOW,train
2026-01-18 08:30:00,ZONE_A,2831.8713886181563,3010.0283,2871.92759239591,0.25298873,0,LOW,train
2026-01-18 08:45:00,ZONE_A,2883.883029961089,3040.572,2880.3978351467185,0.9800481,1,CRITICAL,train
2026-01-18 09:00:00,ZONE_A,2942.095606447465,2700.7585,2958.330469728784,0.0050372034,0,LOW,train
2026-01-18 09:15:00,ZONE_A,2979.558901544497,2699.734,2932.602308267323,0.0064331605,0,LOW,train
2026-01-18 09:30:00,ZONE_A,2976.810376243522,2743.7405,2986.630113939196,0.01104483,0,LOW,train
2026-01-18 09:45:00,ZONE_A,3041.373210532703,2679.861,3037.236765804028,0.0320675,0,LOW,train
2026-01-18 10:00:00,ZONE_A,2652.7222307524858,2747.9534,2682.896283921829,0.0016342751,0,LOW,train
2026-01-18 10:15:00,ZONE_A,2675.837180968681,2750.3088,2773.0094402549457,0.0018468607,0,LOW,train
2026-01-18 10:30:00,ZONE_A,2794.143341284609,2703.189,2653.870555110799,0.01248342,0,LOW,train
2026-01-18 10:45:00,ZONE_A,2654.194184547844,2688.0957,2678.021972082251,0.0033663693,0,LOW,train
2026-01-18 11:00:00,ZONE_A,2779.916897503564,2695.4543,2695.1058138983603,0.021063289,0,LOW,train
2026-01-18 11:15:00,ZONE_A,2795.132241718792,2698.378,2770.6170930743174,0.0018164408,0,LOW,train
2026-01-18 11:30:00,ZONE_A,2746.536891079941,2689.5708,2672.479241351552,0.0028525952,0,LOW,train
2026-01-18 11:45:00,ZONE_A,2669.113784131862,2700.295,2678.8433805721183,0.0010498011,0,LOW,train
2026-01-18 12:00:00,ZONE_A,2721.763737771746,2681.3704,2686.4605805002525,0.003062648,0,LOW,train
2026-01-18 12:15:00,ZONE_A,2672.720801584175,2703.5361,2736.974951238821,0.00039106086,0,LOW,train
2026-01-18 12:30:00,ZONE_A,2652.194482004368,2675.6248,2674.888544235817,0.00079079304,0,LOW,train
2026-01-18 12:45:00,ZONE_A,2705.881729780037,2685.382,2691.059322988598,0.0006248668,0,LOW,train
2026-01-18 13:00:00,ZONE_A,2655.926978044147,2691.2996,2682.98996798003,0.00044866724,0,LOW,train
2026-01-18 13:15:00,ZONE_A,2792.3867224873,2671.7275,2675.5877055537576,0.0013645556,0,LOW,train
2026-01-18 13:30:00,ZONE_A,2670.087555214297,2677.8945,2677.639478720614,0.00077821285,0,LOW,train
2026-01-18 13:45:00,ZONE_A,2640.701283373567,2673.3762,2623.868448241172,0.00045070506,0,LOW,train
2026-01-18 14:00:00,ZONE_A,2675.386655646859,2682.2402,2659.05670123978,0.0003013949,0,LOW,train
2026-01-18 14:15:00,ZONE_A,2670.296615068476,2683.091,2722.630240347632,0.0012437465,0,LOW,train
2026-01-18 14:30:00,ZONE_A,2680.548606642333,2683.5183,2664.622556250569,0.00055177795,0,LOW,train
2026-01-18 14:45:00,ZONE_A,2667.22762664381,2691.553,2662.4309810551285,0.0006035057,0,LOW,train
2026-01-18 15:00:00,ZONE_A,2670.720435524268,2777.8513,2653.4073005855907,0.00091314345,0,LOW,train
2026-01-18 15:15:00,ZONE_A,2694.3886293853534,2782.5547,2791.6684594279004,0.0005989747,0,LOW,train
2026-01-18 15:30:00,ZONE_A,2654.342771488575,2794.0166,2670.103668554404,0.0010601504,0,LOW,train
2026-01-18 15:45:00,ZONE_A,2753.6335863217146,2770.97,2661.3058562806195,0.0038877216,0,LOW,train
2026-01-18 16:00:00,ZONE_A,2765.3226562704017,2805.3726,2794.422852583111,0.0011450071,0,LOW,train
2026-01-18 16:15:00,ZONE_A,2775.0633278015603,2801.7178,2820.315750701684,0.001094922,0,LOW,train
2026-01-18 16:30:00,ZONE_A,2819.793664803645,2800.2856,2797.2990580552614,0.0007428405,0,LOW,train
2026-01-18 16:45:00,ZONE_A,2750.621076524952,2801.4983,2801.935490096668,0.001341781,0,LOW,train
2026-01-18 17:00:00,ZONE_A,2777.5570685897887,2803.9768,2800.295349552176,0.0006897693,0,LOW,train
2026-01-18 17:15:00,ZONE_A,2811.572192533696,2804.006,2788.3360345643664,0.0013389158,0,LOW,train
2026-01-18 17:30:00,ZONE_A,2808.674537508102,2803.1694,2815.2010134708457,0.0013062976,0,LOW,train
2026-01-18 17:45:00,ZONE_A,2808.608642195444,2806.4404,2818.655272616057,0.00913828,0,LOW,train
2026-01-18 18:00:00,ZONE_A,2784.9024412034782,2802.181,2820.358904783828,0.0010317734,0,LOW,train
2026-01-18 18:15:00,ZONE_A,2796.494191710646,2800.0896,2795.38759080136,0.00094778294,0,LOW,train
2026-01-18 18:30:00,ZONE_A,2781.149786569018,2802.4263,2802.0027099188387,0.00046990416,0,LOW,train
2026-01-18 18:45:00,ZONE_A,2825.3283132683378,2797.302,2817.115267934785,0.00072212133,0,LOW,train
2026-01-18 19:00:00,ZONE_A,2796.5676046003414,2813.2808,2825.23414646547,0.00044623326,0,LOW,train
2026-01-18 19:15:00,ZONE_A,2789.637945499582,2800.779,2808.248419252501,0.0002550473,0,LOW,train
2026-01-18 19:30:00,ZONE_A,2817.452675280585,2801.3462,2825.3275473877907,0.0004957608,0,LOW,train
2026-01-18 19:45:00,ZONE_A,2797.5859895154745,2789.1655,2799.141385918695,0.000414167,0,LOW,train
2026-01-18 20:00:00,ZONE_A,2880.9425565144206,2638.134,2764.5767856301536,0.0040375427,0,LOW,train
2026-01-18 20:15:00,ZONE_A,2807.505859786807,2626.3142,2798.1407594192706,0.0015600097,0,LOW,train
2026-01-18 20:30:00,ZONE_A,2808.784863614769,2608.2205,2804.20743302225,0.0012416833,0,LOW,train
2026-01-18 20:45:00,ZONE_A,2806.7549660099767,2595.35,2815.8557878095744,0.00077261264,0,LOW,train
2026-01-18 21:00:00,ZONE_A,2673.0337340137767,2554.2375,2715.82451824214,0.00028588893,0,LOW,train
2026-01-18 21:15:00,ZONE_A,2615.146393564625,2523.7288,2703.843347725817,0.00020383783,0,LOW,train
2026-01-18 21:30:00,ZONE_A,2604.7642580845704,2489.3716,2603.529894946897,0.00017644676,0,LOW,train
2026-01-18 21:45:00,ZONE_A,2591.397203111819,2456.094,2587.5898247243613,0.0002440147,0,LOW,train
2026-01-18 22:00:00,ZONE_A,2537.3761426585484,2430.5813,2554.459860472195,0.00013430843,0,LOW,train
2026-01-18 22:15:00,ZONE_A,2513.511102264528,2371.0596,2519.816412987768,0.00040509697,0,LOW,train
2026-01-18 22:30:00,ZONE_A,2490.192435075999,2363.4155,2470.85270364272,0.00029254024,0,LOW,train
2026-01-18 22:45:00,ZONE_A,2430.1156148503937,2331.7466,2444.334324512586,0.00064498134,0,LOW,train
2026-01-18 23:00:00,ZONE_A,2451.7773511903893,2310.11,2404.5899647934584,0.00035908734,0,LOW,train
2026-01-18 23:15:00,ZONE_A,2363.7256900425605,2299.4402,2412.6312330778505,0.00018032537,0,LOW,train
2026-01-18 23:30:00,ZONE_A,2363.784328486772,2301.9805,2363.3962036269286,0.00022016697,0,LOW,train
2026-01-18 23:45:00,ZONE_A,2337.4918604915742,2302.3306,2365.6666013599342,0.000400171,0,LOW,train
2026-01-19 00:00:00,ZONE_A,2301.2704050422126,2315.535,2325.7489876466675,0.0009125707,0,LOW,train
2026-01-19 00:15:00,ZONE_A,2269.569192919112,2296.2827,2274.117151093004,0.00026545746,0,LOW,train
2026-01-19 00:30:00,ZONE_A,2265.7078029088643,2299.1648,2315.815284109495,0.00050009985,0,LOW,train
2026-01-19 00:45:00,ZONE_A,2313.540294485444,2298.2969,2310.9129109173127,0.00059894903,0,LOW,train
2026-01-19 01:00:00,ZONE_A,2326.2380999940915,2295.5442,2336.5219343173376,0.0002314226,0,LOW,train
2026-01-19 01:15:00,ZONE_A,2295.799792135242,2293.6904,2265.852456615331,0.00019536374,0,LOW,train
2026-01-19 01:30:00,ZONE_A,2277.865746738324,2294.6646,2243.095312896809,0.00025243137,0,LOW,train
2026-01-19 01:45:00,ZONE_A,2367.2913259009165,2290.3867,2323.578480568476,0.00045554905,0,LOW,train
2026-01-19 02:00:00,ZONE_A,2300.203379042653,2295.3315,2296.0979325343305,0.0003418558,0,LOW,train
2026-01-19 02:15:00,ZONE_A,2318.5230750906044,2294.0679,2271.3011513265906,0.00033931003,0,LOW,train
2026-01-19 02:30:00,ZONE_A,2301.010658373737,2287.2092,2283.991259956303,0.00048638403,0,LOW,train
2026-01-19 02:45:00,ZONE_A,2314.295733187812,2286.0696,2299.6683637661504,0.00041472173,0,LOW,train
2026-01-19 03:00:00,ZONE_A,2278.4552720608413,2287.663,2283.450522312024,0.0004204317,0,LOW,train
2026-01-19 03:15:00,ZONE_A,2273.137935527668,2289.3,2298.1084235561416,0.00029425943,0,LOW,train
2026-01-19 03:30:00,ZONE_A,2300.9648565863863,2290.9993,2252.524382565399,0.00029426,0,LOW,train
2026-01-19 03:45:00,ZONE_A,2269.0066151141805,2287.663,2279.5475086669003,0.00045935364,0,LOW,train
2026-01-19 04:00:00,ZONE_A,2238.665093288774,2279.3545,2265.505748920162,0.00036614842,0,LOW,train
2026-01-19 04:15:00,ZONE_A,2250.670149380797,2280.458,2288.4976296600794,0.0002892924,0,LOW,train
2026-01-19 04:30:00,ZONE_A,2299.2559019269843,2307.894,2304.5552765372827,0.00034943043,0,LOW,train
2026-01-19 04:45:00,ZONE_A,2267.3448743753047,2276.6067,2254.708907708081,0.0005959666,0,LOW,train
2026-01-19 05:00:00,ZONE_A,2291.217150373717,2529.5369,2281.810633582389,0.00029820486,0,LOW,train
2026-01-19 05:15:00,ZONE_A,2281.2784693833155,2590.0063,2264.1850608874533,0.00053781207,0,LOW,train
2026-01-19 05:30:00,ZONE_A,2307.372882932426,2594.8525,2281.426932165675,0.00029173752,0,LOW,train
2026-01-19 05:45:00,ZONE_A,2264.0958603958984,2616.7505,2275.7596803344463,0.00044907653,0,LOW,train
2026-01-19 06:00:00,ZONE_A,2500.047369577738,2661.3345,2527.5566667190137,0.00034989163,0,LOW,train
2026-01-19 06:15:00,ZONE_A,2556.9289916835432,2705.2595,2592.7598577325784,0.00054212473,0,LOW,train
2026-01-19 06:30:00,ZONE_A,2555.2515352953965,2720.9067,2617.530684599269,0.0009913708,0,LOW,train
2026-01-19 06:45:00,ZONE_A,2630.883859240227,2775.362,2630.230326859231,0.002123746,0,LOW,train
2026-01-19 07:00:00,ZONE_A,2692.95247425547,2803.7036,2690.5854096150388,0.0007443034,0,LOW,train
2026-01-19 07:15:00,ZONE_A,2718.676458019802,2829.3962,2664.307147551024,0.0041376445,0,LOW,train
2026-01-19 07:30:00,ZONE_A,2752.79315692874,2871.5332,2701.170959260879,0.009842516,0,LOW,train
2026-01-19 07:45:00,ZONE_A,2783.5039004328514,2910.2312,2783.4047420731386,0.032478508,0,LOW,train
2026-01-19 08:00:00,ZONE_A,2822.1796236553614,2938.5051,2835.058082166748,0.051855102,0,LOW,train
2026-01-19 08:15:00,ZONE_A,2820.682817070954,2977.592,2818.21448360278,0.26986182,0,LOW,train
2026-01-19 08:30:00,ZONE_A,2888.3149938881584,3074.0608,2831.8713886181563,0.97899055,1,CRITICAL,train
2026-01-19 08:45:00,ZONE_A,2887.207118966683,3015.1865,2883.883029961089,0.9865074,1,CRITICAL,train
2026-01-19 09:00:00,ZONE_A,2929.753369295903,2720.9487,2942.095606447465,0.053644396,0,LOW,train
2026-01-19 09:15:00,ZONE_A,2952.3361915533696,2690.1938,2979.558901544497,0.010617901,0,LOW,train
2026-01-19 09:30:00,ZONE_A,3147.600812674152,2698.9392,2976.810376243522,0.0035682449,0,LOW,train
2026-01-19 09:45:00,ZONE_A,3014.035471988628,2769.5054,3041.373210532703,0.00762161,0,LOW,train
2026-01-19 10:00:00,ZONE_A,2702.9211150731417,2687.9834,2652.7222307524858,0.002545616,0,LOW,train
2026-01-19 10:15:00,ZONE_A,2680.894555852057,2687.3455,2675.837180968681,0.0029738334,0,LOW,train
2026-01-19 10:30:00,ZONE_A,2696.9868000958163,2690.9666,2794.143341284609,0.0030483308,0,LOW,train
2026-01-19 10:45:00,ZONE_A,2823.549695754308,2683.7366,2654.194184547844,0.0018134986,0,LOW,train
2026-01-19 11:00:00,ZONE_A,2660.1337287269903,2691.8408,2779.916897503564,0.00073180214,0,LOW,train
2026-01-19 11:15:00,ZONE_A,2690.634142922143,2702.4868,2795.132241718792,0.0013840233,0,LOW,train
2026-01-19 11:30:00,ZONE_A,2650.3502730606424,2697.551,2746.536891079941,0.0007288869,0,LOW,train
2026-01-19 11:45:00,ZONE_A,2654.700139056347,2707.998,2669.113784131862,0.0022798965,0,LOW,train
2026-01-19 12:00:00,ZONE_A,2666.7316234871405,2704.9343,2721.763737771746,0.0021037054,0,LOW,train
2026-01-19 12:15:00,ZONE_A,2695.842472988923,2693.7297,2672.720801584175,0.0023981917,0,LOW,train
2026-01-19 12:30:00,ZONE_A,2699.3347246492626,2686.9985,2652.194482004368,0.002071972,0,LOW,train
2026-01-19 12:45:00,ZONE_A,2652.6931148489507,2703.5056,2705.881729780037,0.0015417514,0,LOW,train
2026-01-19 13:00:00,ZONE_A,2682.201758432368,2687.9822,2655.926978044147,0.001599644,0,LOW,train
2026-01-19 13:15:00,ZONE_A,2698.302684417092,2678.0112,2792.3867224873,0.0021716272,0,LOW,train
2026-01-19 13:30:00,ZONE_A,2666.433198915224,2672.2139,2670.087555214297,0.0029304803,0,LOW,train
2026-01-19 13:45:00,ZONE_A,2769.46391125538,2693.364,2640.701283373567,0.0032037501,0,LOW,train
2026-01-19 14:00:00,ZONE_A,2658.9549880772443,2698.1233,2675.386655646859,0.0026751298,0,LOW,train
2026-01-19 14:15:00,ZONE_A,2701.646391940761,2696.254,2670.296615068476,0.0018492594,0,LOW,train
2026-01-19 14:30:00,ZONE_A,2665.9929114467127,2673.4138,2680.548606642333,0.001330422,0,LOW,train
2026-01-19 14:45:00,ZONE_A,2673.144767305213,2693.6724,2667.22762664381,0.0021952477,0,LOW,train
2026-01-19 15:00:00,ZONE_A,2701.748224534981,2796.606,2670.720435524268,0.0008911798,0,LOW,train
2026-01-19 15:15:00,ZONE_A,2725.726031261094,2794.254,2694.3886293853534,0.0010131346,0,LOW,train
2026-01-19 15:30:00,ZONE_A,2675.822305523462,2797.0764,2654.342771488575,0.0023252259,0,LOW,train
2026-01-19 15:45:00,ZONE_A,2676.7464716102504,2801.6523,2753.6335863217146,0.003206686,0,LOW,train
2026-01-19 16:00:00,ZONE_A,2782.836670090123,2798.4294,2765.3226562704017,0.008257962,0,LOW,train
2026-01-19 16:15:00,ZONE_A,2820.3965656723863,2806.298,2775.0633278015603,0.008256228,0,LOW,train
2026-01-19 16:30:00,ZONE_A,2793.241741416193,2809.251,2819.793664803645,0.008014014,0,LOW,train
2026-01-19 16:45:00,ZONE_A,2795.3829690461475,2805.7825,2750.621076524952,0.0070185713,0,LOW,train
2026-01-19 17:00:00,ZONE_A,2787.176488372347,2827.2932,2777.5570685897887,0.015645565,0,LOW,train
2026-01-19 17:15:00,ZONE_A,2814.712660049612,2808.7761,2811.572192533696,0.0063927537,0,LOW,train
2026-01-19 17:30:00,ZONE_A,2792.4619275296504,2809.8376,2808.674537508102,0.0077392757,0,LOW,train
2026-01-19 17:45:00,ZONE_A,2819.581417171258,2810.7922,2808.608642195444,0.0068570916,0,LOW,train
2026-01-19 18:00:00,ZONE_A,2810.357073135712,2808.6306,2784.9024412034782,0.007906521,0,LOW,train
2026-01-19 18:15:00,ZONE_A,2792.39275701925,2818.9685,2796.494191710646,0.0069084526,0,LOW,train
2026-01-19 18:30:00,ZONE_A,2785.558258694075,2805.5059,2781.149786569018,0.0030841231,0,LOW,train
2026-01-19 18:45:00,ZONE_A,2808.1932870581395,2822.1882,2825.3283132683378,0.005626075,0,LOW,train
2026-01-19 19:00:00,ZONE_A,2810.338370377229,2815.5176,2796.5676046003414,0.0036579254,0,LOW,train
2026-01-19 19:15:00,ZONE_A,2781.788713187347,2807.0981,2789.637945499582,0.000824133,0,LOW,train
2026-01-19 19:30:00,ZONE_A,2812.335480793785,2808.1223,2817.452675280585,0.003015583,0,LOW,train
2026-01-19 19:45:00,ZONE_A,2859.799980785401,2809.3157,2797.5859895154745,0.0036747134,0,LOW,train
2026-01-19 20:00:00,ZONE_A,2830.5362709810765,2654.2583,2880.9425565144206,0.0029523154,0,LOW,train
2026-01-19 20:15:00,ZONE_A,2811.7771206046777,2638.409,2807.505859786807,0.00159725,0,LOW,train
2026-01-19 20:30:00,ZONE_A,2791.291830177694,2615.6997,2808.784863614769,0.0011283342,0,LOW,train
2026-01-19 20:45:00,ZONE_A,2811.526609623196,2607.0427,2806.7549660099767,0.005794807,0,LOW,train
2026-01-19 21:00:00,ZONE_A,2665.020944672862,2582.6343,2673.0337340137767,0.001407971,0,LOW,train
2026-01-19 21:15:00,ZONE_A,2659.0157898182297,2514.6836,2615.146393564625,0.00043540326,0,LOW,train
2026-01-19 21:30:00,ZONE_A,2603.0762994580355,2478.4746,2604.7642580845704,0.00041270227,0,LOW,train
2026-01-19 21:45:00,ZONE_A,2615.5244596620446,2468.0686,2591.397203111819,0.00067156705,0,LOW,train
2026-01-19 22:00:00,ZONE_A,2650.762049522517,2430.5247,2537.3761426585484,0.0006494298,0,LOW,train
2026-01-19 22:15:00,ZONE_A,2536.744368052095,2398.8232,2513.511102264528,0.0005717125,0,LOW,train
2026-01-19 22:30:00,ZONE_A,2482.3223824240376,2366.3372,2490.192435075999,0.0006583874,0,LOW,train
2026-01-19 22:45:00,ZONE_A,2499.120069664365,2367.3237,2430.1156148503937,0.0008980578,0,LOW,train
2026-01-19 23:00:00,ZONE_A,2406.159073957221,2300.299,2451.7773511903893,0.00077027996,0,LOW,train
2026-01-19 23:15:00,ZONE_A,2365.0008419187743,2300.1196,2363.7256900425605,0.0005551523,0,LOW,train
2026-01-19 23:30:00,ZONE_A,2364.947099533509,2305.004,2363.784328486772,0.00067697157,0,LOW,train
2026-01-19 23:45:00,ZONE_A,2367.6673842705627,2305.3933,2337.4918604915742,0.00042846953,0,LOW,train
2026-01-20 00:00:00,ZONE_A,2273.57648304587,2288.7278,2301.2704050422126,0.00024474168,0,LOW,train
2026-01-20 00:15:00,ZONE_A,2281.17902473134,2291.1782,2269.569192919112,0.0001970129,0,LOW,train
2026-01-20 00:30:00,ZONE_A,2317.836211003039,2294.0288,2265.7078029088643,0.00020598993,0,LOW,train
2026-01-20 00:45:00,ZONE_A,2287.997440433073,2290.9983,2313.540294485444,0.00034972388,0,LOW,train
2026-01-20 01:00:00,ZONE_A,2278.488772733317,2292.281,2326.2380999940915,0.00013837621,0,LOW,train
2026-01-20 01:15:00,ZONE_A,2249.780638870878,2286.9702,2295.799792135242,0.00014756326,0,LOW,train
2026-01-20 01:30:00,ZONE_A,2269.779168749493,2290.168,2277.865746738324,0.0001889044,0,LOW,train
2026-01-20 01:45:00,ZONE_A,2267.67659955116,2295.8318,2367.2913259009165,0.00019616843,0,LOW,train
2026-01-20 02:00:00,ZONE_A,2302.5188873894053,2292.5444,2300.203379042653,0.00016304657,0,LOW,train
2026-01-20 02:15:00,ZONE_A,2242.127079772902,2277.789,2318.5230750906044,0.00020803657,0,LOW,train
2026-01-20 02:30:00,ZONE_A,2277.942548459773,2286.6375,2301.010658373737,0.00031633678,0,LOW,train
2026-01-20 02:45:00,ZONE_A,2313.560069185344,2285.0068,2314.295733187812,0.00059694896,0,LOW,train
2026-01-20 03:00:00,ZONE_A,2307.552220489958,2287.3945,2278.4552720608413,0.00051802763,0,LOW,train
2026-01-20 03:15:00,ZONE_A,2264.120946510004,2289.6868,2273.137935527668,0.00055924006,0,LOW,train
2026-01-20 03:30:00,ZONE_A,2308.69200558293,2287.6372,2300.9648565863863,0.00043325772,0,LOW,train
2026-01-20 03:45:00,ZONE_A,2275.179873822213,2288.809,2269.0066151141805,0.0007265474,0,LOW,train
2026-01-20 04:00:00,ZONE_A,2275.714792079086,2287.4211,2238.665093288774,0.00034767512,0,LOW,train
2026-01-20 04:15:00,ZONE_A,2308.6355383954283,2292.1685,2250.670149380797,0.00047031126,0,LOW,train
2026-01-20 04:30:00,ZONE_A,2273.017281112318,2280.1497,2299.2559019269843,0.0002546828,0,LOW,train
2026-01-20 04:45:00,ZONE_A,2278.6772884998686,2269.9595,2267.3448743753047,0.0003115863,0,LOW,train
2026-01-20 05:00:00,ZONE_A,2289.3590360952976,2591.5972,2291.217150373717,0.00030486577,0,LOW,train
2026-01-20 05:15:00,ZONE_A,2314.645857631342,2592.1382,2281.2784693833155,0.0002998498,0,LOW,train
2026-01-20 05:30:00,ZONE_A,2263.467635058652,2597.447,2307.372882932426,0.00036109192,0,LOW,train
2026-01-20 05:45:00,ZONE_A,2265.787196794716,2626.2795,2264.0958603958984,0.0004196473,0,LOW,train
2026-01-20 06:00:00,ZONE_A,2551.651219551453,2677.4797,2500.047369577738,0.00049330964,0,LOW,train
2026-01-20 06:15:00,ZONE_A,2592.369894779774,2685.6165,2556.9289916835432,0.00040499485,0,LOW,train
2026-01-20 06:30:00,ZONE_A,2589.5523930537192,2690.763,2555.2515352953965,0.0005009708,0,LOW,train
2026-01-20 06:45:00,ZONE_A,2642.202485156801,2764.1914,2630.883859240227,0.00094352127,0,LOW,train
2026-01-20 07:00:00,ZONE_A,2674.5666746891097,2798.9692,2692.95247425547,0.0005719439,0,LOW,train
2026-01-20 07:15:00,ZONE_A,2700.8409197749866,2853.8635,2718.676458019802,0.00091085635,0,LOW,train
2026-01-20 07:30:00,ZONE_A,2723.281932545173,2880.0793,2752.79315692874,0.010747034,0,LOW,train
2026-01-20 07:45:00,ZONE_A,2763.884833473292,2928.2144,2783.5039004328514,0.010762365,0,LOW,train
2026-01-20 08:00:00,ZONE_A,2798.085602021814,2936.5928,2822.1796236553614,0.015434079,0,LOW,train
2026-01-20 08:15:00,ZONE_A,2875.311541552864,2999.8452,2820.682817070954,0.4134831,0,MEDIUM,train
2026-01-20 08:30:00,ZONE_A,2874.386413289306,3035.367,2888.3149938881584,0.97020996,1,CRITICAL,train
2026-01-20 08:45:00,ZONE_A,2915.536729355192,3005.8472,2887.207118966683,0.9910347,1,CRITICAL,train
2026-01-20 09:00:00,ZONE_A,2908.80829886874,2752.197,2929.753369295903,0.012507143,0,LOW,train
2026-01-20 09:15:00,ZONE_A,2995.256166004541,2700.8406,2952.3361915533696,0.0042526317,0,LOW,train
2026-01-20 09:30:00,ZONE_A,3024.577370809553,2728.743,3147.600812674152,0.0038744672,0,LOW,train
2026-01-20 09:45:00,ZONE_A,3023.9417693932137,2733.7598,3014.035471988628,0.008415528,0,LOW,train
2026-01-20 10:00:00,ZONE_A,2792.1595119030585,2689.3552,2702.9211150731417,0.0010907718,0,LOW,train
2026-01-20 10:15:00,ZONE_A,2687.052571816223,2692.162,2680.894555852057,0.0019240231,0,LOW,train
2026-01-20 10:30:00,ZONE_A,2729.947431097491,2703.2087,2696.9868000958163,0.0012088548,0,LOW,train
2026-01-20 10:45:00,ZONE_A,2775.2896919484024,2689.671,2823.549695754308,0.00046780985,0,LOW,train
2026-01-20 11:00:00,ZONE_A,2657.226739254637,2703.9377,2660.1337287269903,0.003413413,0,LOW,train
2026-01-20 11:15:00,ZONE_A,2686.048672232572,2714.0708,2690.634142922143,0.0027672627,0,LOW,train
2026-01-20 11:30:00,ZONE_A,2700.840223697884,2744.3423,2650.3502730606424,0.0011311187,0,LOW,train
2026-01-20 11:45:00,ZONE_A,2673.9111097324626,2761.925,2654.700139056347,0.0020495476,0,LOW,train
2026-01-20 12:00:00,ZONE_A,2661.913967828132,2691.3389,2666.7316234871405,0.0015710292,0,LOW,train
2026-01-20 12:15:00,ZONE_A,2706.953935409,2690.465,2695.842472988923,0.0012461084,0,LOW,train
2026-01-20 12:30:00,ZONE_A,2813.976627053119,2695.3086,2699.3347246492626,0.0011090792,0,LOW,train
2026-01-20 12:45:00,ZONE_A,2817.289340714712,2682.2231,2652.6931148489507,0.0007416243,0,LOW,train
2026-01-20 13:00:00,ZONE_A,2671.243651453597,2726.7358,2682.201758432368,0.0032754166,0,LOW,train
2026-01-20 13:15:00,ZONE_A,2696.0494008592987,2753.951,2698.302684417092,0.0016365804,0,LOW,train
2026-01-20 13:30:00,ZONE_A,2673.714451724286,2700.1443,2666.433198915224,0.001637829,0,LOW,train
2026-01-20 13:45:00,ZONE_A,2645.6146383300947,2687.7954,2769.46391125538,0.0006825774,0,LOW,train
2026-01-20 14:00:00,ZONE_A,2739.215155874355,2693.3123,2658.9549880772443,0.0015025359,0,LOW,train
2026-01-20 14:15:00,ZONE_A,2818.95755978452,2681.1846,2701.646391940761,0.0013131046,0,LOW,train
2026-01-20 14:30:00,ZONE_A,2683.2819986137106,2680.5574,2665.9929114467127,0.0012280341,0,LOW,train
2026-01-20 14:45:00,ZONE_A,2679.2066695013577,2694.719,2673.144767305213,0.002453873,0,LOW,train
2026-01-20 15:00:00,ZONE_A,2689.243919401149,2808.9932,2701.748224534981,0.0022356948,0,LOW,train
2026-01-20 15:15:00,ZONE_A,2673.879216381465,2804.8184,2725.726031261094,0.00096959266,0,LOW,train
2026-01-20 15:30:00,ZONE_A,2655.748807909225,2804.8064,2675.822305523462,0.0014006463,0,LOW,train
2026-01-20 15:45:00,ZONE_A,2679.028337795468,2803.3804,2676.7464716102504,0.0012703508,0,LOW,train
2026-01-20 16:00:00,ZONE_A,2813.65073992173,2797.8208,2782.836670090123,0.0025454562,0,LOW,train
2026-01-20 16:15:00,ZONE_A,2786.689950538835,2808.203,2820.3965656723863,0.0037936429,0,LOW,train
2026-01-20 16:30:00,ZONE_A,2816.794676972361,2818.276,2793.241741416193,0.010864066,0,LOW,train
2026-01-20 16:45:00,ZONE_A,2809.5151181688066,2815.0952,2795.3829690461475,0.0055583394,0,LOW,train
2026-01-20 17:00:00,ZONE_A,2790.9435879343464,2821.4678,2787.176488372347,0.008613837,0,LOW,train
2026-01-20 17:15:00,ZONE_A,2801.6006071443253,2819.5076,2814.712660049612,0.012263626,0,LOW,train
2026-01-20 17:30:00,ZONE_A,2840.992163473431,2977.5984,2792.4619275296504,0.9542918,1,CRITICAL,train
2026-01-20 17:45:00,ZONE_A,2799.1907659678564,2984.757,2819.581417171258,0.9698295,1,CRITICAL,train
2026-01-20 18:00:00,ZONE_A,2798.5135174117017,2939.3857,2810.357073135712,0.9430605,1,CRITICAL,train
2026-01-20 18:15:00,ZONE_A,2802.6809773483765,2966.639,2792.39275701925,0.96566975,1,CRITICAL,train
2026-01-20 18:30:00,ZONE_A,3131.085195464432,3104.1167,2785.558258694075,0.9920744,1,CRITICAL,train
2026-01-20 18:45:00,ZONE_A,3120.91082135297,3121.9778,2808.1932870581395,0.99210703,1,CRITICAL,train
2026-01-20 19:00:00,ZONE_A,3109.4391952196347,3125.7795,2810.338370377229,0.99618477,1,CRITICAL,train
2026-01-20 19:15:00,ZONE_A,3131.903648385511,3135.1394,2781.788713187347,0.99566025,1,CRITICAL,train
2026-01-20 19:30:00,ZONE_A,3102.985412832816,3095.745,2812.335480793785,0.98213863,1,CRITICAL,train
2026-01-20 19:45:00,ZONE_A,3117.8425043438174,2844.3481,2859.799980785401,0.055450756,0,LOW,train
2026-01-20 20:00:00,ZONE_A,3114.0015562077733,2689.9512,2830.5362709810765,0.035197735,0,LOW,train
2026-01-20 20:15:00,ZONE_A,3145.7928991919525,2637.3657,2811.7771206046777,0.043832686,0,LOW,train
2026-01-20 20:30:00,ZONE_A,3153.900268464862,2623.3076,2791.291830177694,0.040579956,0,LOW,train
2026-01-20 20:45:00,ZONE_A,2834.370540751462,2594.78,2811.526609623196,0.008130555,0,LOW,train
2026-01-20 21:00:00,ZONE_A,2706.2410565543387,2549.381,2665.020944672862,0.00091505994,0,LOW,train
2026-01-20 21:15:00,ZONE_A,2626.182621160451,2510.7917,2659.0157898182297,0.0013238929,0,LOW,train
2026-01-20 21:30:00,ZONE_A,2612.052041111985,2516.1895,2603.0762994580355,0.0012249863,0,LOW,train
2026-01-20 21:45:00,ZONE_A,2552.733407489024,2485.2656,2615.5244596620446,0.00073842995,0,LOW,train
2026-01-20 22:00:00,ZONE_A,2511.9062876363023,2479.3289,2650.762049522517,0.0001639913,0,LOW,train
2026-01-20 22:15:00,ZONE_A,2484.9906235410376,2399.504,2536.744368052095,0.00027490198,0,LOW,train
2026-01-20 22:30:00,ZONE_A,2550.6031847001045,2392.795,2482.3223824240376,0.0005626716,0,LOW,train
2026-01-20 22:45:00,ZONE_A,2479.777502160792,2340.823,2499.120069664365,0.0002732031,0,LOW,train
2026-01-20 23:00:00,ZONE_A,2467.868333130084,2376.574,2406.159073957221,0.00020864542,0,LOW,train
2026-01-20 23:15:00,ZONE_A,2423.793842021735,2311.4841,2365.0008419187743,0.00016020724,0,LOW,train
2026-01-20 23:30:00,ZONE_A,2369.184266832968,2316.9736,2364.947099533509,0.00024464834,0,LOW,train
2026-01-20 23:45:00,ZONE_A,2352.077231778429,2318.149,2367.6673842705627,0.00029344612,0,LOW,train
2026-01-21 00:00:00,ZONE_A,2419.687795284722,2286.348,2273.57648304587,0.00020401903,0,LOW,train
2026-01-21 00:15:00,ZONE_A,2291.3278570891075,2314.0513,2281.17902473134,0.00022500921,0,LOW,train
2026-01-21 00:30:00,ZONE_A,2336.044101875604,2329.9043,2317.836211003039,0.00035666907,0,LOW,train
2026-01-21 00:45:00,ZONE_A,2287.4956010884807,2303.3438,2287.997440433073,0.00021833717,0,LOW,train
2026-01-21 01:00:00,ZONE_A,2255.529865882529,2292.178,2278.488772733317,0.00026451662,0,LOW,train
2026-01-21 01:15:00,ZONE_A,2325.492295413501,2287.6672,2249.780638870878,0.00020914913,0,LOW,train
2026-01-21 01:30:00,ZONE_A,2414.5648460878065,2290.9675,2269.779168749493,0.0002539561,0,LOW,train
2026-01-21 01:45:00,ZONE_A,2306.816565173845,2288.6155,2267.67659955116,0.0002779191,0,LOW,train
2026-01-21 02:00:00,ZONE_A,2268.7134988073203,2295.169,2302.5188873894053,0.00032444514,0,LOW,train
2026-01-21 02:15:00,ZONE_A,2268.2018213269303,2293.6719,2242.127079772902,0.0004155227,0,LOW,train
2026-01-21 02:30:00,ZONE_A,2295.3343175155355,2285.3862,2277.942548459773,0.00031047608,0,LOW,train
2026-01-21 02:45:00,ZONE_A,2242.628431113629,2280.0679,2313.560069185344,0.00028055956,0,LOW,train
2026-01-21 03:00:00,ZONE_A,2283.985808268354,2287.1384,2307.552220489958,0.0002564662,0,LOW,train
2026-01-21 03:15:00,ZONE_A,2331.102426417848,2288.1375,2264.120946510004,0.00033090395,0,LOW,train
2026-01-21 03:30:00,ZONE_A,2268.3828699357387,2280.729,2308.69200558293,0.00088082906,0,LOW,train
2026-01-21 03:45:00,ZONE_A,2260.070081533744,2287.5674,2275.179873822213,0.00029595938,0,LOW,train
2026-01-21 04:00:00,ZONE_A,2281.972156893212,2287.5837,2275.714792079086,0.00023384135,0,LOW,train
2026-01-21 04:15:00,ZONE_A,2279.128761522166,2293.73,2308.6355383954283,0.00022478298,0,LOW,train
2026-01-21 04:30:00,ZONE_A,2257.638174293365,2285.8123,2273.017281112318,0.0002361813,0,LOW,train
2026-01-21 04:45:00,ZONE_A,2278.4474928848817,2291.8274,2278.6772884998686,0.00017271198,0,LOW,train
2026-01-21 05:00:00,ZONE_A,2274.8763477390908,2474.2583,2289.3590360952976,0.00024782904,0,LOW,train
2026-01-21 05:15:00,ZONE_A,2288.127686734887,2597.3726,2314.645857631342,0.00026036112,0,LOW,train
2026-01-21 05:30:00,ZONE_A,2282.2278297133826,2609.4578,2263.467635058652,0.0002585965,0,LOW,train
2026-01-21 05:45:00,ZONE_A,2282.2691767938963,2608.1355,2265.787196794716,0.00022947586,0,LOW,train
2026-01-21 06:00:00,ZONE_A,2532.343591774324,2682.5017,2551.651219551453,0.00039927094,0,LOW,train
2026-01-21 06:15:00,ZONE_A,2586.0091347443395,2700.9558,2592.369894779774,0.0007985659,0,LOW,train
2026-01-21 06:30:00,ZONE_A,2621.119223389655,2737.4814,2589.5523930537192,0.0014121291,0,LOW,train
2026-01-21 06:45:00,ZONE_A,2630.7392000319696,2769.1528,2642.202485156801,0.0008889451,0,LOW,train
2026-01-21 07:00:00,ZONE_A,2671.464522588254,2797.9724,2674.5666746891097,0.0011088422,0,LOW,train
2026-01-21 07:15:00,ZONE_A,2723.181788278523,2845.4155,2700.8409197749866,0.008613056,0,LOW,train
2026-01-21 07:30:00,ZONE_A,2725.528051105584,2876.1086,2723.281932545173,0.020773109,0,LOW,train
2026-01-21 07:45:00,ZONE_A,2745.9536768900257,2943.304,2763.884833473292,0.064078,0,LOW,train
2026-01-21 08:00:00,ZONE_A,2811.305932219389,2957.2827,2798.085602021814,0.034137942,0,LOW,train
2026-01-21 08:15:00,ZONE_A,2831.7450306075534,3072.736,2875.311541552864,0.93575567,1,CRITICAL,train
2026-01-21 08:30:00,ZONE_A,2865.700395054804,3052.9263,2874.386413289306,0.9585078,1,CRITICAL,train
2026-01-21 08:45:00,ZONE_A,2932.5192479970333,3023.2834,2915.536729355192,0.71638054,1,HIGH,train
2026-01-21 09:00:00,ZONE_A,2919.7916980705595,2679.5862,2908.80829886874,0.01630585,0,LOW,train
2026-01-21 09:15:00,ZONE_A,3235.4532797003044,2679.1812,2995.256166004541,0.01452329,0,LOW,train
2026-01-21 09:30:00,ZONE_A,3086.4455838147487,2705.2642,3024.577370809553,0.0070562703,0,LOW,train
2026-01-21 09:45:00,ZONE_A,3023.3997905594497,2710.1406,3023.9417693932137,0.004281446,0,LOW,train
2026-01-21 10:00:00,ZONE_A,2654.387635833056,2691.0085,2792.1595119030585,0.00052113115,0,LOW,train
2026-01-21 10:15:00,ZONE_A,2679.50570576732,2706.6243,2687.052571816223,0.0014825135,0,LOW,train
2026-01-21 10:30:00,ZONE_A,2687.62452679072,2688.645,2729.947431097491,0.0018153943,0,LOW,train
2026-01-21 10:45:00,ZONE_A,2699.764741676536,2676.9507,2775.2896919484024,0.00089483854,0,LOW,train
2026-01-21 11:00:00,ZONE_A,2700.10722828742,2703.687,2657.226739254637,0.00053929945,0,LOW,train
2026-01-21 11:15:00,ZONE_A,2714.030784225334,2757.0205,2686.048672232572,0.00081026263,0,LOW,train
2026-01-21 11:30:00,ZONE_A,2650.779504549585,2720.3474,2700.840223697884,0.0017572071,0,LOW,train
2026-01-21 11:45:00,ZONE_A,2653.22829975067,2703.579,2673.9111097324626,0.002509455,0,LOW,train
2026-01-21 12:00:00,ZONE_A,2703.9008046654308,2716.0864,2661.913967828132,0.004339196,0,LOW,train
2026-01-21 12:15:00,ZONE_A,2806.4924459411623,2699.9744,2706.953935409,0.0014017192,0,LOW,train
2026-01-21 12:30:00,ZONE_A,2703.2950810865614,2684.2031,2813.976627053119,0.0023833911,0,LOW,train
2026-01-21 12:45:00,ZONE_A,2685.085771741696,2671.7703,2817.289340714712,0.00083426194,0,LOW,train
2026-01-21 13:00:00,ZONE_A,2739.6949306399883,2738.4817,2671.243651453597,0.0015132662,0,LOW,train
2026-01-21 13:15:00,ZONE_A,2696.324191850485,2705.2305,2696.0494008592987,0.0005601878,0,LOW,train
2026-01-21 13:30:00,ZONE_A,2686.141476007357,2690.9202,2673.714451724286,0.001056169,0,LOW,train
2026-01-21 13:45:00,ZONE_A,2644.1990290418694,2686.0422,2645.6146383300947,0.0018958921,0,LOW,train
2026-01-21 14:00:00,ZONE_A,2778.3133180188443,2671.0525,2739.215155874355,0.0016165953,0,LOW,train
2026-01-21 14:15:00,ZONE_A,2738.3076548211434,2666.1462,2818.95755978452,0.0012095586,0,LOW,train
2026-01-21 14:30:00,ZONE_A,2676.239913499381,2685.5815,2683.2819986137106,0.0011990052,0,LOW,train
2026-01-21 14:45:00,ZONE_A,2689.2073270774536,2687.0198,2679.2066695013577,0.0008678586,0,LOW,train
2026-01-21 15:00:00,ZONE_A,2649.223824088336,2790.22,2689.243919401149,0.0011700875,0,LOW,train
2026-01-21 15:15:00,ZONE_A,2648.722631103739,2799.9812,2673.879216381465,0.00043937546,0,LOW,train
2026-01-21 15:30:00,ZONE_A,2669.425914189352,2797.5188,2655.748807909225,0.0009039251,0,LOW,train
2026-01-21 15:45:00,ZONE_A,2675.2221705212123,2785.5588,2679.028337795468,0.0006555145,0,LOW,train
2026-01-21 16:00:00,ZONE_A,2799.288616886868,2804.4587,2813.65073992173,0.0010968874,0,LOW,train
2026-01-21 16:15:00,ZONE_A,2795.3915948450995,2804.04,2786.689950538835,0.0023108942,0,LOW,train
2026-01-21 16:30:00,ZONE_A,2813.624495340074,2805.429,2816.794676972361,0.005137539,0,LOW,train
2026-01-21 16:45:00,ZONE_A,2800.764737287297,2808.339,2809.5151181688066,0.007212809,0,LOW,train
2026-01-21 17:00:00,ZONE_A,2796.065092609252,2803.093,2790.9435879343464,0.0035825216,0,LOW,train
2026-01-21 17:15:00,ZONE_A,2786.097636946274,2810.34,2801.6006071443253,0.002765141,0,LOW,train
2026-01-21 17:30:00,ZONE_A,2791.890593479941,2799.8264,2840.992163473431,0.0013329332,0,LOW,train
2026-01-21 17:45:00,ZONE_A,2805.303816737465,2800.6812,2799.1907659678564,0.0015666784,0,LOW,train
2026-01-21 18:00:00,ZONE_A,2797.9748819324136,2812.8298,2798.5135174117017,0.0034163683,0,LOW,train
2026-01-21 18:15:00,ZONE_A,2806.135629841191,2814.081,2802.6809773483765,0.002975904,0,LOW,train
2026-01-21 18:30:00,ZONE_A,2784.894920769278,2804.6414,3131.085195464432,0.0011295581,0,LOW,train
2026-01-21 18:45:00,ZONE_A,2785.7180489681305,2814.994,3120.91082135297,0.0011766579,0,LOW,train
2026-01-21 19:00:00,ZONE_A,2793.985547984177,2816.9927,3109.4391952196347,0.00026672572,0,LOW,train
2026-01-21 19:15:00,ZONE_A,2808.178850738343,2798.05,3131.903648385511,0.0006763967,0,LOW,train
2026-01-21 19:30:00,ZONE_A,2790.714350879591,2816.8933,3102.985412832816,0.0004727012,0,LOW,train
2026-01-21 19:45:00,ZONE_A,2820.5472618426656,2809.6865,3117.8425043438174,0.00075616763,0,LOW,train
2026-01-21 20:00:00,ZONE_A,2797.9609113657875,2704.2463,3114.0015562077733,0.0013138351,0,LOW,train
2026-01-21 20:15:00,ZONE_A,2774.682807766956,2664.5408,3145.7928991919525,0.0004149309,0,LOW,train
2026-01-21 20:30:00,ZONE_A,2807.7339243805827,2619.107,3153.900268464862,0.000721592,0,LOW,train
2026-01-21 20:45:00,ZONE_A,2852.167864475737,2609.1921,2834.370540751462,0.00040163033,0,LOW,train
2026-01-21 21:00:00,ZONE_A,2759.9869148359394,2577.559,2706.2410565543387,0.00039368216,0,LOW,train
2026-01-21 21:15:00,ZONE_A,2657.7745067658725,2531.204,2626.182621160451,0.00015694794,0,LOW,train
2026-01-21 21:30:00,ZONE_A,2579.1345350694514,2516.7236,2612.052041111985,0.00016366199,0,LOW,train
2026-01-21 21:45:00,ZONE_A,2592.03404143583,2474.6458,2552.733407489024,0.0001823221,0,LOW,train
2026-01-21 22:00:00,ZONE_A,2569.168043121781,2441.245,2511.9062876363023,9.6656695e-05,0,LOW,train
2026-01-21 22:15:00,ZONE_A,2498.0824690950208,2406.0254,2484.9906235410376,0.00015234256,0,LOW,train
2026-01-21 22:30:00,ZONE_A,2538.703285995761,2374.4546,2550.6031847001045,0.00024794578,0,LOW,train
2026-01-21 22:45:00,ZONE_A,2480.055373175029,2340.0742,2479.777502160792,0.00039075658,0,LOW,train
2026-01-21 23:00:00,ZONE_A,2453.557841880521,2329.0557,2467.868333130084,0.00022452144,0,LOW,train
2026-01-21 23:15:00,ZONE_A,2439.9525080475646,2327.6687,2423.793842021735,0.00012924722,0,LOW,train
2026-01-21 23:30:00,ZONE_A,2338.1922978941634,2295.7615,2369.184266832968,0.00021078756,0,LOW,train
2026-01-21 23:45:00,ZONE_A,2299.795142427007,2309.6228,2352.077231778429,0.00037475454,0,LOW,validation
2026-01-22 00:00:00,ZONE_A,2294.331811712547,2317.1199,2419.687795284722,0.0006147297,0,LOW,validation
2026-01-22 00:15:00,ZONE_A,2371.587829510993,2282.2173,2291.3278570891075,0.00010546536,0,LOW,validation
2026-01-22 00:30:00,ZONE_A,2299.932949471413,2292.738,2336.044101875604,0.00015313455,0,LOW,validation
2026-01-22 00:45:00,ZONE_A,2334.849077460337,2291.1724,2287.4956010884807,0.00019472826,0,LOW,validation
2026-01-22 01:00:00,ZONE_A,2250.854559421151,2290.4258,2255.529865882529,0.00018201221,0,LOW,validation
2026-01-22 01:15:00,ZONE_A,2263.3432943950934,2291.1213,2325.492295413501,0.00017101964,0,LOW,validation
2026-01-22 01:30:00,ZONE_A,2260.0015728960484,2293.8044,2414.5648460878065,0.000114934686,0,LOW,validation
2026-01-22 01:45:00,ZONE_A,2344.920080167647,2284.2664,2306.816565173845,0.00011639673,0,LOW,validation
2026-01-22 02:00:00,ZONE_A,2461.1371932309416,2299.9136,2268.7134988073203,0.00018738174,0,LOW,validation
2026-01-22 02:15:00,ZONE_A,2290.410348630622,2294.162,2268.2018213269303,0.00013766461,0,LOW,validation
2026-01-22 02:30:00,ZONE_A,2288.121703687161,2285.7192,2295.3343175155355,0.0004673434,0,LOW,validation
2026-01-22 02:45:00,ZONE_A,2299.4338253813444,2283.8245,2242.628431113629,0.00027561368,0,LOW,validation
2026-01-22 03:00:00,ZONE_A,2268.790561194296,2291.1887,2283.985808268354,0.00025077208,0,LOW,validation
2026-01-22 03:15:00,ZONE_A,2275.189613800112,2292.0996,2331.102426417848,0.00023011037,0,LOW,validation
2026-01-22 03:30:00,ZONE_A,2276.440579324102,2284.9185,2268.3828699357387,0.00014444871,0,LOW,validation
2026-01-22 03:45:00,ZONE_A,2266.4246296372944,2284.3652,2260.070081533744,0.00018291674,0,LOW,validation
2026-01-22 04:00:00,ZONE_A,2259.4798388875824,2280.7163,2281.972156893212,0.00020053382,0,LOW,validation
2026-01-22 04:15:00,ZONE_A,2270.111945727131,2281.0637,2279.128761522166,0.000193726,0,LOW,validation
2026-01-22 04:30:00,ZONE_A,2303.679933554623,2289.7036,2257.638174293365,0.0002377944,0,LOW,validation
2026-01-22 04:45:00,ZONE_A,2294.234632318945,2301.6619,2278.4474928848817,0.00040492593,0,LOW,validation
2026-01-22 05:00:00,ZONE_A,2279.9124191221945,2500.3633,2274.8763477390908,0.00022511135,0,LOW,validation
2026-01-22 05:15:00,ZONE_A,2271.669164664811,2602.0874,2288.127686734887,0.00026234487,0,LOW,validation
2026-01-22 05:30:00,ZONE_A,2258.041077869213,2571.916,2282.2278297133826,0.00034303826,0,LOW,validation
2026-01-22 05:45:00,ZONE_A,2294.657865475436,2603.7686,2282.2691767938963,0.00018587291,0,LOW,validation
2026-01-22 06:00:00,ZONE_A,2570.6688358716046,2645.9136,2532.343591774324,0.00047493033,0,LOW,validation
2026-01-22 06:15:00,ZONE_A,2544.293100932299,2665.9006,2586.0091347443395,0.00069957913,0,LOW,validation
2026-01-22 06:30:00,ZONE_A,2649.021185780418,2759.2693,2621.119223389655,0.00035202006,0,LOW,validation
2026-01-22 06:45:00,ZONE_A,2647.7055562646774,2756.8638,2630.7392000319696,0.00051004346,0,LOW,validation
2026-01-22 07:00:00,ZONE_A,2645.3005575521765,2805.346,2671.464522588254,0.00048582593,0,LOW,validation
2026-01-22 07:15:00,ZONE_A,2693.9359602889954,2827.6384,2723.181788278523,0.0011692814,0,LOW,validation
2026-01-22 07:30:00,ZONE_A,2734.510800158709,2850.805,2725.528051105584,0.004576273,0,LOW,validation
2026-01-22 07:45:00,ZONE_A,2817.4976524001586,2927.7488,2745.9536768900257,0.12394006,0,LOW,validation
2026-01-22 08:00:00,ZONE_A,2840.635987606901,3081.196,2811.305932219389,0.054212186,0,LOW,validation
2026-01-22 08:15:00,ZONE_A,2816.385014633112,2994.9993,2831.7450306075534,0.20234635,0,LOW,validation
2026-01-22 08:30:00,ZONE_A,2853.298951103163,3049.5564,2865.700395054804,0.69193447,0,HIGH,validation
2026-01-22 08:45:00,ZONE_A,2917.303350377412,3075.0977,2932.5192479970333,0.7864981,1,HIGH,validation
2026-01-22 09:00:00,ZONE_A,2886.708968341106,2768.6833,2919.7916980705595,0.027773822,0,LOW,validation
2026-01-22 09:15:00,ZONE_A,2942.3175131169414,2785.5515,3235.4532797003044,0.011932393,0,LOW,validation
2026-01-22 09:30:00,ZONE_A,2998.9345200411058,2742.6257,3086.4455838147487,0.010272068,0,LOW,validation
2026-01-22 09:45:00,ZONE_A,3044.574433158845,2740.3787,3023.3997905594497,0.0056224647,0,LOW,validation
2026-01-22 10:00:00,ZONE_A,2647.7296121162485,2674.0693,2654.387635833056,0.00053553854,0,LOW,validation
2026-01-22 10:15:00,ZONE_A,2736.9045458701203,2705.5354,2679.50570576732,0.001421669,0,LOW,validation
2026-01-22 10:30:00,ZONE_A,2653.146819127822,2691.5044,2687.62452679072,0.0003414016,0,LOW,validation
2026-01-22 10:45:00,ZONE_A,2663.293263389663,2697.4712,2699.764741676536,0.0014929894,0,LOW,validation
2026-01-22 11:00:00,ZONE_A,2763.2123815948166,2694.7388,2700.10722828742,0.0016961301,0,LOW,validation
2026-01-22 11:15:00,ZONE_A,2659.9877734414786,2697.9072,2714.030784225334,0.0006805647,0,LOW,validation
2026-01-22 11:30:00,ZONE_A,2727.0926727683027,2701.627,2650.779504549585,0.0014659571,0,LOW,validation
2026-01-22 11:45:00,ZONE_A,2663.770741484737,2708.2544,2653.22829975067,0.0012076367,0,LOW,validation
2026-01-22 12:00:00,ZONE_A,2692.648357086881,2708.6401,2703.9008046654308,0.0010003495,0,LOW,validation
2026-01-22 12:15:00,ZONE_A,2652.720839481869,2691.549,2806.4924459411623,0.0009586644,0,LOW,validation
2026-01-22 12:30:00,ZONE_A,2684.744357719678,2686.7344,2703.2950810865614,0.0007341967,0,LOW,validation
2026-01-22 12:45:00,ZONE_A,2674.2622976330017,2699.3975,2685.085771741696,0.0013720472,0,LOW,validation
2026-01-22 13:00:00,ZONE_A,2765.250672951782,2706.4922,2739.6949306399883,0.00078005897,0,LOW,validation
2026-01-22 13:15:00,ZONE_A,2747.831164695536,2690.359,2696.324191850485,0.0033320023,0,LOW,validation
2026-01-22 13:30:00,ZONE_A,2764.280180039483,2682.6216,2686.141476007357,0.0019374081,0,LOW,validation
2026-01-22 13:45:00,ZONE_A,2798.605717066433,2694.98,2644.1990290418694,0.0035885181,0,LOW,validation
2026-01-22 14:00:00,ZONE_A,2677.212584576612,2693.4163,2778.3133180188443,0.00051101163,0,LOW,validation
2026-01-22 14:15:00,ZONE_A,2662.329466116264,2690.8105,2738.3076548211434,0.0010752334,0,LOW,validation
2026-01-22 14:30:00,ZONE_A,2700.9312909174578,2682.518,2676.239913499381,0.0010879335,0,LOW,validation
2026-01-22 14:45:00,ZONE_A,2667.080252253125,2687.7761,2689.2073270774536,0.0010410685,0,LOW,validation
2026-01-22 15:00:00,ZONE_A,2675.6111829947567,2796.3054,2649.223824088336,0.0006226063,0,LOW,validation
2026-01-22 15:15:00,ZONE_A,2706.104391943941,2781.8877,2648.722631103739,0.00044228003,0,LOW,validation
2026-01-22 15:30:00,ZONE_A,2676.2580999296983,2801.8013,2669.425914189352,0.0009441998,0,LOW,validation
2026-01-22 15:45:00,ZONE_A,2650.518412848224,2791.9365,2675.2221705212123,0.0020190936,0,LOW,validation
2026-01-22 16:00:00,ZONE_A,2800.944952365165,2822.1426,2799.288616886868,0.0011703946,0,LOW,validation
2026-01-22 16:15:00,ZONE_A,2783.112160303079,2805.3804,2795.3915948450995,0.0011800955,0,LOW,validation
2026-01-22 16:30:00,ZONE_A,2792.485990619176,2808.9858,2813.624495340074,0.0008420207,0,LOW,validation
2026-01-22 16:45:00,ZONE_A,2761.644438872114,2806.8494,2800.764737287297,0.00088218757,0,LOW,validation
2026-01-22 17:00:00,ZONE_A,2782.981426194359,2808.0188,2796.065092609252,0.0011712594,0,LOW,validation
2026-01-22 17:15:00,ZONE_A,2800.805335504975,2805.4983,2786.097636946274,0.0007546067,0,LOW,validation
2026-01-22 17:30:00,ZONE_A,2792.259523135336,2803.6624,2791.890593479941,0.0013161397,0,LOW,validation
2026-01-22 17:45:00,ZONE_A,2821.532169585267,2806.348,2805.303816737465,0.0023054848,0,LOW,validation
2026-01-22 18:00:00,ZONE_A,2794.375624127546,2803.079,2797.9748819324136,0.00086434546,0,LOW,validation
2026-01-22 18:15:00,ZONE_A,2772.791169719577,2794.8076,2806.135629841191,0.0010385242,0,LOW,validation
2026-01-22 18:30:00,ZONE_A,2759.703516273356,2803.13,2784.894920769278,0.00062568265,0,LOW,validation
2026-01-22 18:45:00,ZONE_A,2774.9421882569445,2801.0498,2785.7180489681305,0.00056702783,0,LOW,validation
2026-01-22 19:00:00,ZONE_A,2800.9097094976432,2802.5938,2793.985547984177,0.00042919823,0,LOW,validation
2026-01-22 19:15:00,ZONE_A,2769.101083815502,2805.3755,2808.178850738343,0.00045898577,0,LOW,validation
2026-01-22 19:30:00,ZONE_A,2777.4733554231866,2786.5637,2790.714350879591,0.00033200614,0,LOW,validation
2026-01-22 19:45:00,ZONE_A,2818.295381294982,2788.6116,2820.5472618426656,0.0006345995,0,LOW,validation
2026-01-22 20:00:00,ZONE_A,2802.888239849048,2659.7292,2797.9609113657875,0.0004380101,0,LOW,validation
2026-01-22 20:15:00,ZONE_A,2787.233373347015,2645.4036,2774.682807766956,0.00026380463,0,LOW,validation
2026-01-22 20:30:00,ZONE_A,2835.3627017002896,2616.8535,2807.7339243805827,0.00034160475,0,LOW,validation
2026-01-22 20:45:00,ZONE_A,2801.1605451026453,2621.432,2852.167864475737,0.0007243348,0,LOW,validation
2026-01-22 21:00:00,ZONE_A,2702.469027711293,2609.5525,2759.9869148359394,0.0001971495,0,LOW,validation
2026-01-22 21:15:00,ZONE_A,2669.411299731532,2524.8203,2657.7745067658725,0.00019729091,0,LOW,validation
2026-01-22 21:30:00,ZONE_A,2577.6521456437567,2471.7764,2579.1345350694514,0.00024112173,0,LOW,validation
2026-01-22 21:45:00,ZONE_A,2559.5743069137266,2479.4827,2592.03404143583,0.0001978419,0,LOW,validation
2026-01-22 22:00:00,ZONE_A,2603.488570034397,2441.3972,2569.168043121781,0.0002153016,0,LOW,validation
2026-01-22 22:15:00,ZONE_A,2511.949870588302,2403.2102,2498.0824690950208,0.00021377948,0,LOW,validation
2026-01-22 22:30:00,ZONE_A,2521.1991391370348,2369.4978,2538.703285995761,0.00024444785,0,LOW,validation
2026-01-22 22:45:00,ZONE_A,2440.8346970445605,2349.376,2480.055373175029,0.00023156893,0,LOW,validation
2026-01-22 23:00:00,ZONE_A,2417.042263215973,2345.8987,2453.557841880521,0.00033938154,0,LOW,validation
2026-01-22 23:15:00,ZONE_A,2382.114659316251,2313.2659,2439.9525080475646,0.0002731531,0,LOW,validation
2026-01-22 23:30:00,ZONE_A,2366.4969503960115,2321.0557,2338.1922978941634,0.00020023118,0,LOW,validation
2026-01-22 23:45:00,ZONE_A,2302.178470625567,2314.6267,2299.795142427007,0.00035645868,0,LOW,validation
2026-01-23 00:00:00,ZONE_A,2291.976001963725,2297.204,2294.331811712547,0.00061838655,0,LOW,validation
2026-01-23 00:15:00,ZONE_A,2337.073876325036,2295.8486,2371.587829510993,0.0003686471,0,LOW,validation
2026-01-23 00:30:00,ZONE_A,2254.995576546967,2301.767,2299.932949471413,0.00014631935,0,LOW,validation
2026-01-23 00:45:00,ZONE_A,2308.6971930473173,2295.7498,2334.849077460337,0.0002662087,0,LOW,validation
2026-01-23 01:00:00,ZONE_A,2280.211644193085,2296.387,2250.854559421151,0.00014209055,0,LOW,validation
2026-01-23 01:15:00,ZONE_A,2340.24845217343,2291.1057,2263.3432943950934,0.00011218874,0,LOW,validation
2026-01-23 01:30:00,ZONE_A,2407.3471961900404,2307.9363,2260.0015728960484,0.00014366861,0,LOW,validation
2026-01-23 01:45:00,ZONE_A,2300.2688278138485,2291.9578,2344.920080167647,0.0007375681,0,LOW,validation
2026-01-23 02:00:00,ZONE_A,2291.641827745103,2303.1145,2461.1371932309416,0.000337686,0,LOW,validation
2026-01-23 02:15:00,ZONE_A,2257.7082769302365,2292.5444,2290.410348630622,0.00029515772,0,LOW,validation
2026-01-23 02:30:00,ZONE_A,2285.5801223675603,2291.3303,2288.121703687161,0.00064048026,0,LOW,validation
2026-01-23 02:45:00,ZONE_A,2285.5809393759623,2284.8381,2299.4338253813444,0.00019161447,0,LOW,validation
2026-01-23 03:00:00,ZONE_A,2263.042527456713,2284.7515,2268.790561194296,0.00025247084,0,LOW,validation
2026-01-23 03:15:00,ZONE_A,2285.522633845977,2288.097,2275.189613800112,0.00016471955,0,LOW,validation
2026-01-23 03:30:00,ZONE_A,2273.937154342997,2285.421,2276.440579324102,0.00021268487,0,LOW,validation
2026-01-23 03:45:00,ZONE_A,2259.149699544528,2285.1018,2266.4246296372944,0.0003100067,0,LOW,validation
2026-01-23 04:00:00,ZONE_A,2293.01411970512,2287.0818,2259.4798388875824,0.00015028297,0,LOW,validation
2026-01-23 04:15:00,ZONE_A,2285.732280438476,2288.1172,2270.111945727131,0.00014013227,0,LOW,validation
2026-01-23 04:30:00,ZONE_A,2291.813389473424,2305.2463,2303.679933554623,0.00019846483,0,LOW,validation
2026-01-23 04:45:00,ZONE_A,2271.980165161134,2278.6802,2294.234632318945,0.00033058802,0,LOW,validation
2026-01-23 05:00:00,ZONE_A,2310.0656851513418,2594.1182,2279.9124191221945,0.00012650581,0,LOW,validation
2026-01-23 05:15:00,ZONE_A,2295.7059491880955,2601.5173,2271.669164664811,0.0001658478,0,LOW,validation
2026-01-23 05:30:00,ZONE_A,2295.357946883343,2602.5613,2258.041077869213,0.0002152782,0,LOW,validation
2026-01-23 05:45:00,ZONE_A,2293.556535163865,2624.3125,2294.657865475436,0.0002922793,0,LOW,validation
2026-01-23 06:00:00,ZONE_A,2518.326843053665,2639.5217,2570.6688358716046,0.00039556407,0,LOW,validation
2026-01-23 06:15:00,ZONE_A,2568.454719711264,2623.8997,2544.293100932299,0.00069714186,0,LOW,validation
2026-01-23 06:30:00,ZONE_A,2587.8307052143846,2720.366,2649.021185780418,0.00096552446,0,LOW,validation
2026-01-23 06:45:00,ZONE_A,2702.1519896712816,2787.6575,2647.7055562646774,0.00039990674,0,LOW,validation
2026-01-23 07:00:00,ZONE_A,2674.9255052020744,2797.7842,2645.3005575521765,0.0008072747,0,LOW,validation
2026-01-23 07:15:00,ZONE_A,2706.9631951270303,2838.852,2693.9359602889954,0.005037868,0,LOW,validation
2026-01-23 07:30:00,ZONE_A,2744.0364383330657,2876.3093,2734.510800158709,0.0077890297,0,LOW,validation
2026-01-23 07:45:00,ZONE_A,2765.944201874797,2941.316,2817.4976524001586,0.011765728,0,LOW,validation
2026-01-23 08:00:00,ZONE_A,2804.8397304879186,2952.458,2840.635987606901,0.0347961,0,LOW,validation
2026-01-23 08:15:00,ZONE_A,2839.8107254063048,3009.7322,2816.385014633112,0.26810783,0,LOW,validation
2026-01-23 08:30:00,ZONE_A,2851.8560425980468,3046.8726,2853.298951103163,0.94778883,1,CRITICAL,validation
2026-01-23 08:45:00,ZONE_A,2881.480787521189,3052.3596,2917.303350377412,0.9226098,1,CRITICAL,validation
2026-01-23 09:00:00,ZONE_A,2940.236548502417,2714.0242,2886.708968341106,0.012235206,0,LOW,validation
2026-01-23 09:15:00,ZONE_A,2934.5196918635365,2738.8699,2942.3175131169414,0.0061884252,0,LOW,validation
2026-01-23 09:30:00,ZONE_A,2974.707857741255,2719.3774,2998.9345200411058,0.006236801,0,LOW,validation
2026-01-23 09:45:00,ZONE_A,3167.3401978684883,2711.918,3044.574433158845,0.0032091804,0,LOW,validation
2026-01-23 10:00:00,ZONE_A,2666.841750887967,2708.375,2647.7296121162485,0.0006596284,0,LOW,validation
2026-01-23 10:15:00,ZONE_A,2634.7338692319804,2710.1897,2736.9045458701203,0.0003532572,0,LOW,validation
2026-01-23 10:30:00,ZONE_A,2665.60238328638,2705.339,2653.146819127822,0.0008777882,0,LOW,validation
2026-01-23 10:45:00,ZONE_A,2636.441328180078,2717.2354,2663.293263389663,0.0038738672,0,LOW,validation
2026-01-23 11:00:00,ZONE_A,2642.0867380693257,2718.7876,2763.2123815948166,0.0010698747,0,LOW,validation
2026-01-23 11:15:00,ZONE_A,2682.876862799216,2698.7166,2659.9877734414786,0.0011138694,0,LOW,validation
2026-01-23 11:30:00,ZONE_A,2790.792435301444,2708.9875,2727.0926727683027,0.00036328172,0,LOW,validation
2026-01-23 11:45:00,ZONE_A,2736.966447329236,2710.1106,2663.770741484737,0.0021182923,0,LOW,validation
2026-01-23 12:00:00,ZONE_A,2678.1033957504296,2706.0703,2692.648357086881,0.002381793,0,LOW,validation
2026-01-23 12:15:00,ZONE_A,2709.7028649933536,2674.3523,2652.720839481869,0.003324952,0,LOW,validation
2026-01-23 12:30:00,ZONE_A,2739.599459085197,2681.8838,2684.744357719678,0.0015921664,0,LOW,validation
2026-01-23 12:45:00,ZONE_A,2817.0503907114403,2682.4106,2674.2622976330017,0.0020382807,0,LOW,validation
2026-01-23 13:00:00,ZONE_A,2826.7970344313308,2688.7178,2765.250672951782,0.0022513405,0,LOW,validation
2026-01-23 13:15:00,ZONE_A,2682.149686611857,2703.077,2747.831164695536,0.0026720401,0,LOW,validation
2026-01-23 13:30:00,ZONE_A,2732.74050090888,2733.4827,2764.280180039483,0.0018854701,0,LOW,validation
2026-01-23 13:45:00,ZONE_A,2678.989930627569,2703.2656,2798.605717066433,0.0009309731,0,LOW,validation
2026-01-23 14:00:00,ZONE_A,2679.8189406913234,2703.0757,2677.212584576612,0.0011361609,0,LOW,validation
2026-01-23 14:15:00,ZONE_A,2644.162105047813,2686.9602,2662.329466116264,0.0007632542,0,LOW,validation
2026-01-23 14:30:00,ZONE_A,2732.330963606988,2679.8394,2700.9312909174578,0.000916615,0,LOW,validation
2026-01-23 14:45:00,ZONE_A,2668.632270844327,2685.129,2667.080252253125,0.0009635226,0,LOW,validation
2026-01-23 15:00:00,ZONE_A,2652.316686624582,2792.6538,2675.6111829947567,0.0009807247,0,LOW,validation
2026-01-23 15:15:00,ZONE_A,2683.2878964744546,2795.3901,2706.104391943941,0.0007260632,0,LOW,validation
2026-01-23 15:30:00,ZONE_A,2692.891050368102,2798.1506,2676.2580999296983,0.0009571895,0,LOW,validation
2026-01-23 15:45:00,ZONE_A,2766.6982558211407,2793.6077,2650.518412848224,0.0012377376,0,LOW,validation
2026-01-23 16:00:00,ZONE_A,2791.0672872392915,2811.227,2800.944952365165,0.0011550307,0,LOW,validation
2026-01-23 16:15:00,ZONE_A,2832.4247607716743,2809.2659,2783.112160303079,0.0014686363,0,LOW,validation
2026-01-23 16:30:00,ZONE_A,2836.640649208891,2815.8525,2792.485990619176,0.0022766255,0,LOW,validation
2026-01-23 16:45:00,ZONE_A,2774.320350834489,2813.326,2761.644438872114,0.0025609136,0,LOW,validation
2026-01-23 17:00:00,ZONE_A,2812.199530862174,2820.5798,2782.981426194359,0.0032771216,0,LOW,validation
2026-01-23 17:15:00,ZONE_A,2817.262196812186,2810.484,2800.805335504975,0.0026312561,0,LOW,validation
2026-01-23 17:30:00,ZONE_A,2829.835239106267,2808.2168,2792.259523135336,0.0016943008,0,LOW,validation
2026-01-23 17:45:00,ZONE_A,2819.195561163411,2804.6946,2821.532169585267,0.0055601955,0,LOW,validation
2026-01-23 18:00:00,ZONE_A,2833.8007089676,2811.8982,2794.375624127546,0.0016776824,0,LOW,validation
2026-01-23 18:15:00,ZONE_A,2785.195035894404,2810.1213,2772.791169719577,0.0024153073,0,LOW,validation
2026-01-23 18:30:00,ZONE_A,2794.0233809271685,2798.971,2759.703516273356,0.0012572956,0,LOW,validation
2026-01-23 18:45:00,ZONE_A,2835.826881838925,2810.3086,2774.9421882569445,0.0012027238,0,LOW,validation
2026-01-23 19:00:00,ZONE_A,2807.170385135796,2802.1404,2800.9097094976432,0.0009515388,0,LOW,validation
2026-01-23 19:15:00,ZONE_A,2796.916698559985,2796.9958,2769.101083815502,0.00079601316,0,LOW,validation
2026-01-23 19:30:00,ZONE_A,2808.0302129310144,2788.9497,2777.4733554231866,0.0004324086,0,LOW,validation
2026-01-23 19:45:00,ZONE_A,2780.549216996948,2786.3364,2818.295381294982,0.00046379416,0,LOW,validation
2026-01-23 20:00:00,ZONE_A,2784.66510772244,2645.5183,2802.888239849048,0.00037718422,0,LOW,validation
2026-01-23 20:15:00,ZONE_A,2823.5132584712014,2634.5447,2787.233373347015,0.00026260686,0,LOW,validation
2026-01-23 20:30:00,ZONE_A,2808.8951667934807,2618.924,2835.3627017002896,0.00042787832,0,LOW,validation
2026-01-23 20:45:00,ZONE_A,2796.2648063160004,2594.5203,2801.1605451026453,0.0003406714,0,LOW,validation
2026-01-23 21:00:00,ZONE_A,2680.256578580273,2558.4502,2702.469027711293,0.00016462737,0,LOW,validation
2026-01-23 21:15:00,ZONE_A,2645.808547867105,2532.8328,2669.411299731532,0.00020561337,0,LOW,validation
2026-01-23 21:30:00,ZONE_A,2588.267383389357,2473.164,2577.6521456437567,0.00014755975,0,LOW,validation
2026-01-23 21:45:00,ZONE_A,2632.696382293354,2481.6863,2559.5743069137266,0.00020261087,0,LOW,validation
2026-01-23 22:00:00,ZONE_A,2542.898960149761,2447.398,2603.488570034397,0.00021321887,0,LOW,validation
2026-01-23 22:15:00,ZONE_A,2484.6624990038054,2404.7131,2511.949870588302,0.00017730841,0,LOW,validation
2026-01-23 22:30:00,ZONE_A,2479.796620991996,2376.6013,2521.1991391370348,0.0002335158,0,LOW,validation
2026-01-23 22:45:00,ZONE_A,2489.182178726768,2350.1514,2440.8346970445605,0.00022452296,0,LOW,validation
2026-01-23 23:00:00,ZONE_A,2461.363807478567,2329.3542,2417.042263215973,0.00020823185,0,LOW,validation
2026-01-23 23:15:00,ZONE_A,2387.0648000724823,2312.6472,2382.114659316251,0.000105338826,0,LOW,validation
2026-01-23 23:30:00,ZONE_A,2370.864667712337,2313.1692,2366.4969503960115,0.00021944476,0,LOW,validation
2026-01-23 23:45:00,ZONE_A,2317.1820332457014,2323.9124,2302.178470625567,0.00021957098,0,LOW,validation
2026-01-24 00:00:00,ZONE_A,2291.559478141721,2320.2148,2291.976001963725,0.0003981176,0,LOW,validation
2026-01-24 00:15:00,ZONE_A,2274.017823664991,2298.2056,2337.073876325036,0.00032435608,0,LOW,validation
2026-01-24 00:30:00,ZONE_A,2379.1301106210785,2287.5776,2254.995576546967,0.00020306304,0,LOW,validation
2026-01-24 00:45:00,ZONE_A,2286.245955088269,2291.4294,2308.6971930473173,0.00046255108,0,LOW,validation
2026-01-24 01:00:00,ZONE_A,2273.975218202965,2295.4382,2280.211644193085,0.0003043294,0,LOW,validation
2026-01-24 01:15:00,ZONE_A,2304.3786763474814,2294.7534,2340.24845217343,0.00019713615,0,LOW,validation
2026-01-24 01:30:00,ZONE_A,2288.6941346212616,2303.3533,2407.3471961900404,0.0005445404,0,LOW,validation
2026-01-24 01:45:00,ZONE_A,2263.526301680934,2294.411,2300.2688278138485,0.0002386434,0,LOW,validation
2026-01-24 02:00:00,ZONE_A,2288.142388941675,2296.3699,2291.641827745103,0.0002516475,0,LOW,validation
2026-01-24 02:15:00,ZONE_A,2281.7709327647544,2291.2498,2257.7082769302365,9.500572e-05,0,LOW,validation
2026-01-24 02:30:00,ZONE_A,2301.948837869935,2287.9622,2285.5801223675603,0.00022578353,0,LOW,validation
2026-01-24 02:45:00,ZONE_A,2216.191093107204,2292.3108,2285.5809393759623,0.00035311445,0,LOW,validation
2026-01-24 03:00:00,ZONE_A,2282.184128150034,2292.5251,2263.042527456713,0.00016251435,0,LOW,validation
2026-01-24 03:15:00,ZONE_A,2216.868031603756,2296.5356,2285.522633845977,0.00044575112,0,LOW,validation
2026-01-24 03:30:00,ZONE_A,2259.8002667486867,2293.7937,2273.937154342997,0.00035306846,0,LOW,validation
2026-01-24 03:45:00,ZONE_A,2282.2523191916566,2300.2334,2259.149699544528,0.00023610475,0,LOW,validation
2026-01-24 04:00:00,ZONE_A,2281.064745213917,2291.3533,2293.01411970512,0.00043097552,0,LOW,validation
2026-01-24 04:15:00,ZONE_A,2299.3724676601687,2284.944,2285.732280438476,0.00019680784,0,LOW,validation
2026-01-24 04:30:00,ZONE_A,2285.3997677780926,2295.181,2291.813389473424,0.0002706538,0,LOW,validation
2026-01-24 04:45:00,ZONE_A,2281.955849992996,2284.8547,2271.980165161134,0.00025089478,0,LOW,validation
2026-01-24 05:00:00,ZONE_A,2243.6837972808426,2593.1184,2310.0656851513418,0.00034098103,0,LOW,validation
2026-01-24 05:15:00,ZONE_A,2256.737337258001,2602.2505,2295.7059491880955,0.0003130584,0,LOW,validation
2026-01-24 05:30:00,ZONE_A,2281.0976362475217,2607.5188,2295.357946883343,0.0002614148,0,LOW,validation
2026-01-24 05:45:00,ZONE_A,2298.3342520918923,2596.764,2293.556535163865,0.00024718078,0,LOW,validation
2026-01-24 06:00:00,ZONE_A,2545.732880820749,2678.1868,2518.326843053665,0.00048697394,0,LOW,validation
2026-01-24 06:15:00,ZONE_A,2569.713716747652,2676.7556,2568.454719711264,0.001102869,0,LOW,validation
2026-01-24 06:30:00,ZONE_A,2607.4278706905907,2700.285,2587.8307052143846,0.00037699318,0,LOW,validation
2026-01-24 06:45:00,ZONE_A,2673.85273217705,2798.74,2702.1519896712816,0.0013499061,0,LOW,validation
2026-01-24 07:00:00,ZONE_A,2649.410474618848,2830.6282,2674.9255052020744,0.00057535345,0,LOW,validation
2026-01-24 07:15:00,ZONE_A,2707.584350170817,2844.4011,2706.9631951270303,0.00087059004,0,LOW,validation
2026-01-24 07:30:00,ZONE_A,2733.8932384097493,2860.4646,2744.0364383330657,0.0013605406,0,LOW,validation
2026-01-24 07:45:00,ZONE_A,2766.720481493715,2899.585,2765.944201874797,0.015107808,0,LOW,validation
2026-01-24 08:00:00,ZONE_A,2760.580503873034,2975.9531,2804.8397304879186,0.091373615,0,LOW,validation
2026-01-24 08:15:00,ZONE_A,2837.677940289789,2999.4448,2839.8107254063048,0.10062814,0,LOW,validation
2026-01-24 08:30:00,ZONE_A,2989.631637504261,3035.9453,2851.8560425980468,0.7643296,1,HIGH,validation
2026-01-24 08:45:00,ZONE_A,2910.70954400748,2966.9907,2881.480787521189,0.43763688,0,MEDIUM,validation
2026-01-24 09:00:00,ZONE_A,3008.0341620159134,2712.9563,2940.236548502417,0.009191331,0,LOW,validation
2026-01-24 09:15:00,ZONE_A,2924.288847670385,2719.9832,2934.5196918635365,0.025988903,0,LOW,validation
2026-01-24 09:30:00,ZONE_A,2948.6172237512587,2740.3523,2974.707857741255,0.063255385,0,LOW,validation
2026-01-24 09:45:00,ZONE_A,3044.263167516302,2751.6218,3167.3401978684883,0.011932083,0,LOW,validation
2026-01-24 10:00:00,ZONE_A,2654.8547732959937,2715.1865,2666.841750887967,0.0015132568,0,LOW,validation
2026-01-24 10:15:00,ZONE_A,2726.3169226640503,2706.9758,2634.7338692319804,0.00076032424,0,LOW,validation
2026-01-24 10:30:00,ZONE_A,2672.23070150418,2732.9028,2665.60238328638,0.0015675895,0,LOW,validation
2026-01-24 10:45:00,ZONE_A,2791.486127609207,2699.9492,2636.441328180078,0.0022137624,0,LOW,validation
2026-01-24 11:00:00,ZONE_A,2676.286218459677,2740.5825,2642.0867380693257,0.0010460468,0,LOW,validation
2026-01-24 11:15:00,ZONE_A,2646.8716476665213,2783.3325,2682.876862799216,0.0009335157,0,LOW,validation
2026-01-24 11:30:00,ZONE_A,2663.283853211503,2778.9019,2790.792435301444,0.0013658745,0,LOW,validation
2026-01-24 11:45:00,ZONE_A,2719.588169161764,2767.6858,2736.966447329236,0.005200122,0,LOW,validation
2026-01-24 12:00:00,ZONE_A,2769.400401215424,2701.391,2678.1033957504296,0.0028367525,0,LOW,validation
2026-01-24 12:15:00,ZONE_A,2664.6268188577264,2685.811,2709.7028649933536,0.0037928717,0,LOW,validation
2026-01-24 12:30:00,ZONE_A,2650.202571230223,2699.2815,2739.599459085197,0.00092755735,0,LOW,validation
2026-01-24 12:45:00,ZONE_A,2658.374871687179,2718.9285,2817.0503907114403,0.0014086296,0,LOW,validation
2026-01-24 13:00:00,ZONE_A,2734.1917500444733,2708.484,2826.7970344313308,0.0024003969,0,LOW,validation
2026-01-24 13:15:00,ZONE_A,2716.717138091461,2700.5542,2682.149686611857,0.0020942478,0,LOW,validation
2026-01-24 13:30:00,ZONE_A,2805.4454345188665,2702.8694,2732.74050090888,0.0056900326,0,LOW,validation
2026-01-24 13:45:00,ZONE_A,2686.621254675418,2698.3386,2678.989930627569,0.002739644,0,LOW,validation
2026-01-24 14:00:00,ZONE_A,2687.4859618413434,2698.6816,2679.8189406913234,0.0031458058,0,LOW,validation
2026-01-24 14:15:00,ZONE_A,2726.0917613733354,2672.2083,2644.162105047813,0.003152843,0,LOW,validation
2026-01-24 14:30:00,ZONE_A,2689.9603650566896,2696.0417,2732.330963606988,0.0036454052,0,LOW,validation
2026-01-24 14:45:00,ZONE_A,2697.637495447437,2692.1238,2668.632270844327,0.002813196,0,LOW,validation
2026-01-24 15:00:00,ZONE_A,2668.49485559463,2794.2559,2652.316686624582,0.0007573042,0,LOW,validation
2026-01-24 15:15:00,ZONE_A,2667.8404142854138,2788.282,2683.2878964744546,0.0009351777,0,LOW,validation
2026-01-24 15:30:00,ZONE_A,2637.886286627455,2789.4614,2692.891050368102,0.0007621429,0,LOW,validation
2026-01-24 15:45:00,ZONE_A,2662.962810426391,2799.0845,2766.6982558211407,0.0012460059,0,LOW,validation
2026-01-24 16:00:00,ZONE_A,2835.9176997283244,2815.3872,2791.0672872392915,0.0011910286,0,LOW,validation
2026-01-24 16:15:00,ZONE_A,2787.789200069993,2805.3516,2832.4247607716743,0.0008038614,0,LOW,validation
2026-01-24 16:30:00,ZONE_A,2791.047719572755,2818.8025,2836.640649208891,0.0007475616,0,LOW,validation
2026-01-24 16:45:00,ZONE_A,2813.8161187146443,2816.115,2774.320350834489,0.0044609704,0,LOW,validation
2026-01-24 17:00:00,ZONE_A,2785.044985578897,2876.035,2812.199530862174,0.0043146345,0,LOW,validation
2026-01-24 17:15:00,ZONE_A,2797.885281643158,2858.8008,2817.262196812186,0.0034882675,0,LOW,validation
2026-01-24 17:30:00,ZONE_A,2823.6314543088965,2873.8599,2829.835239106267,0.003236411,0,LOW,validation
2026-01-24 17:45:00,ZONE_A,2811.0551145214326,2876.7195,2819.195561163411,0.01263648,0,LOW,validation
2026-01-24 18:00:00,ZONE_A,2802.182119752612,2875.2175,2833.8007089676,0.021377789,0,LOW,validation
2026-01-24 18:15:00,ZONE_A,2793.621156767777,2820.7964,2785.195035894404,0.002825266,0,LOW,validation
2026-01-24 18:30:00,ZONE_A,2778.8007364004093,2865.0503,2794.0233809271685,0.0027770821,0,LOW,validation
2026-01-24 18:45:00,ZONE_A,2814.350202210496,2869.2612,2835.826881838925,0.00093697535,0,LOW,validation
2026-01-24 19:00:00,ZONE_A,2797.915216531322,2853.8413,2807.170385135796,0.00062796834,0,LOW,validation
2026-01-24 19:15:00,ZONE_A,2802.703028049598,2854.5442,2796.916698559985,0.00041265704,0,LOW,validation
2026-01-24 19:30:00,ZONE_A,2820.2468929879387,2858.0002,2808.0302129310144,0.00053398084,0,LOW,validation
2026-01-24 19:45:00,ZONE_A,2809.026319046815,2798.6404,2780.549216996948,0.0010206943,0,LOW,validation
2026-01-24 20:00:00,ZONE_A,2789.3549322314248,2678.4246,2784.66510772244,0.00053564523,0,LOW,validation
2026-01-24 20:15:00,ZONE_A,2793.904937805495,2722.3784,2823.5132584712014,0.0005490201,0,LOW,validation
2026-01-24 20:30:00,ZONE_A,2785.7071943533647,2667.7473,2808.8951667934807,0.000655972,0,LOW,validation
2026-01-24 20:45:00,ZONE_A,2788.203146731362,2666.5374,2796.2648063160004,0.00046719596,0,LOW,validation
2026-01-24 21:00:00,ZONE_A,2662.6599868591534,2548.1567,2680.256578580273,0.00041038662,0,LOW,validation
2026-01-24 21:15:00,ZONE_A,2673.3158003311432,2531.241,2645.808547867105,0.0002956018,0,LOW,validation
2026-01-24 21:30:00,ZONE_A,2617.26858703724,2477.7546,2588.267383389357,0.00030372187,0,LOW,validation
2026-01-24 21:45:00,ZONE_A,2563.056140029545,2490.73,2632.696382293354,0.00044381878,0,LOW,validation
2026-01-24 22:00:00,ZONE_A,2577.817532828072,2425.2556,2542.898960149761,0.00018975469,0,LOW,validation
2026-01-24 22:15:00,ZONE_A,2496.966982175324,2410.0015,2484.6624990038054,0.00019429522,0,LOW,validation
2026-01-24 22:30:00,ZONE_A,2471.207645234538,2370.3184,2479.796620991996,0.00034332587,0,LOW,validation
2026-01-24 22:45:00,ZONE_A,2501.7031015354164,2362.5947,2489.182178726768,0.00043526362,0,LOW,validation
2026-01-24 23:00:00,ZONE_A,2368.049825227428,2330.2769,2461.363807478567,0.00026948712,0,LOW,validation
2026-01-24 23:15:00,ZONE_A,2449.0863077920444,2327.8474,2387.0648000724823,0.00019476411,0,LOW,validation
2026-01-24 23:30:00,ZONE_A,2378.0293491799766,2309.1929,2370.864667712337,0.0002837754,0,LOW,validation
2026-01-24 23:45:00,ZONE_A,2325.4710324892594,2327.2192,2317.1820332457014,0.00035242198,0,LOW,validation
2026-01-25 00:00:00,ZONE_A,2290.141961478475,2307.7988,2291.559478141721,0.00050883315,0,LOW,validation
2026-01-25 00:15:00,ZONE_A,2307.369860151246,2294.8271,2274.017823664991,0.00040351442,0,LOW,validation
2026-01-25 00:30:00,ZONE_A,2292.0966543805293,2299.2573,2379.1301106210785,0.000246491,0,LOW,validation
2026-01-25 00:45:00,ZONE_A,2302.7026878370148,2299.0603,2286.245955088269,0.00035666738,0,LOW,validation
2026-01-25 01:00:00,ZONE_A,2288.202157961316,2306.8613,2273.975218202965,0.00021502237,0,LOW,validation
2026-01-25 01:15:00,ZONE_A,2255.7309526613617,2308.1094,2304.3786763474814,0.00029788745,0,LOW,validation
2026-01-25 01:30:00,ZONE_A,2280.330245072074,2298.5798,2288.6941346212616,0.00017495539,0,LOW,validation
2026-01-25 01:45:00,ZONE_A,2235.962554186713,2298.9082,2263.526301680934,0.00029785253,0,LOW,validation
2026-01-25 02:00:00,ZONE_A,2250.7397424590927,2301.5862,2288.142388941675,0.00041232913,0,LOW,validation
2026-01-25 02:15:00,ZONE_A,2277.87849094712,2291.3958,2281.7709327647544,0.00024038374,0,LOW,validation
2026-01-25 02:30:00,ZONE_A,2249.7148351349483,2293.264,2301.948837869935,0.0005246574,0,LOW,validation
2026-01-25 02:45:00,ZONE_A,2282.591943076832,2285.6301,2216.191093107204,0.00033739125,0,LOW,validation
2026-01-25 03:00:00,ZONE_A,2263.0319276323626,2291.7708,2282.184128150034,0.00030872782,0,LOW,validation
2026-01-25 03:15:00,ZONE_A,2263.3671741284256,2290.9275,2216.868031603756,0.00021884406,0,LOW,validation
2026-01-25 03:30:00,ZONE_A,2266.1976873079643,2294.6702,2259.8002667486867,0.00025341864,0,LOW,validation
2026-01-25 03:45:00,ZONE_A,2281.399694943844,2294.0803,2282.2523191916566,0.00035737074,0,LOW,validation
2026-01-25 04:00:00,ZONE_A,2315.750756259418,2292.0728,2281.064745213917,0.000206119,0,LOW,validation
2026-01-25 04:15:00,ZONE_A,2307.481106733938,2316.6887,2299.3724676601687,0.0002840339,0,LOW,validation
2026-01-25 04:30:00,ZONE_A,2280.8903483139247,2283.6545,2285.3997677780926,0.0003741122,0,LOW,validation
2026-01-25 04:45:00,ZONE_A,2260.621050404657,2260.065,2281.955849992996,0.0006935684,0,LOW,validation
2026-01-25 05:00:00,ZONE_A,2271.244565218271,2558.346,2243.6837972808426,0.00030870427,0,LOW,validation
2026-01-25 05:15:00,ZONE_A,2274.3275163816493,2591.8352,2256.737337258001,0.00030976857,0,LOW,validation
2026-01-25 05:30:00,ZONE_A,2304.988696013588,2597.328,2281.0976362475217,0.00019802384,0,LOW,validation
2026-01-25 05:45:00,ZONE_A,2293.5989768217023,2618.3203,2298.3342520918923,0.00037161598,0,LOW,validation
2026-01-25 06:00:00,ZONE_A,2552.3621972849105,2671.0703,2545.732880820749,0.0006003267,0,LOW,validation
2026-01-25 06:15:00,ZONE_A,2541.2376628785646,2668.0835,2569.713716747652,0.00070249167,0,LOW,validation
2026-01-25 06:30:00,ZONE_A,2613.602413344708,2760.6987,2607.4278706905907,0.00057712634,0,LOW,validation
2026-01-25 06:45:00,ZONE_A,2635.672810876616,2770.0212,2673.85273217705,0.0006050331,0,LOW,validation
2026-01-25 07:00:00,ZONE_A,2663.1637873146306,2803.457,2649.410474618848,0.00060301844,0,LOW,validation
2026-01-25 07:15:00,ZONE_A,2667.2665626545386,2857.763,2707.584350170817,0.0007003096,0,LOW,validation
2026-01-25 07:30:00,ZONE_A,2715.264500649467,2893.7866,2733.8932384097493,0.022361992,0,LOW,validation
2026-01-25 07:45:00,ZONE_A,2740.1127502832724,2934.9917,2766.720481493715,0.015394882,0,LOW,validation
2026-01-25 08:00:00,ZONE_A,2814.122607219637,2969.0974,2760.580503873034,0.27611667,0,LOW,validation
2026-01-25 08:15:00,ZONE_A,2831.599814540012,3102.286,2837.677940289789,0.5533605,0,MEDIUM,validation
2026-01-25 08:30:00,ZONE_A,2825.083108096806,3014.9158,2989.631637504261,0.8687417,1,CRITICAL,validation
2026-01-25 08:45:00,ZONE_A,2907.627023100825,3043.4382,2910.70954400748,0.9699892,1,CRITICAL,validation
2026-01-25 09:00:00,ZONE_A,2900.344664374761,2754.406,3008.0341620159134,0.009299766,0,LOW,validation
2026-01-25 09:15:00,ZONE_A,2973.583612401917,2681.3171,2924.288847670385,0.00853653,0,LOW,validation
2026-01-25 09:30:00,ZONE_A,3012.088261101638,2730.9602,2948.6172237512587,0.0038043477,0,LOW,validation
2026-01-25 09:45:00,ZONE_A,3045.342904557699,2738.997,3044.263167516302,0.011383862,0,LOW,validation
2026-01-25 10:00:00,ZONE_A,2662.123262191649,2713.3757,2654.8547732959937,0.0015703294,0,LOW,validation
2026-01-25 10:15:00,ZONE_A,2760.4968897272825,2735.0408,2726.3169226640503,0.010741733,0,LOW,validation
2026-01-25 10:30:00,ZONE_A,2660.465989584196,2749.033,2672.23070150418,0.0031904853,0,LOW,validation
2026-01-25 10:45:00,ZONE_A,2630.7340264723694,2750.9802,2791.486127609207,0.0071325265,0,LOW,validation
2026-01-25 11:00:00,ZONE_A,2741.071280544144,2750.8306,2676.286218459677,0.0019329627,0,LOW,validation
2026-01-25 11:15:00,ZONE_A,2689.4138183469595,2720.9211,2646.8716476665213,0.0028648432,0,LOW,validation
2026-01-25 11:30:00,ZONE_A,2785.1541413147365,2725.809,2663.283853211503,0.0012652748,0,LOW,validation
2026-01-25 11:45:00,ZONE_A,2710.9893451951216,2743.9573,2719.588169161764,0.0017600992,0,LOW,validation
2026-01-25 12:00:00,ZONE_A,2767.279992601568,2739.4854,2769.400401215424,0.0031009645,0,LOW,validation
2026-01-25 12:15:00,ZONE_A,2702.057424466069,2738.9727,2664.6268188577264,0.0032556714,0,LOW,validation
2026-01-25 12:30:00,ZONE_A,2784.296904318193,2721.4077,2650.202571230223,0.0007927438,0,LOW,validation
2026-01-25 12:45:00,ZONE_A,2709.2551090088923,2722.6245,2658.374871687179,0.0037175454,0,LOW,validation
2026-01-25 13:00:00,ZONE_A,2679.563947218356,2721.728,2734.1917500444733,0.0052380413,0,LOW,validation
2026-01-25 13:15:00,ZONE_A,2655.0355430073723,2710.584,2716.717138091461,0.0021198834,0,LOW,validation
2026-01-25 13:30:00,ZONE_A,2659.083540697957,2721.115,2805.4454345188665,0.0005976825,0,LOW,validation
2026-01-25 13:45:00,ZONE_A,2681.0923557945034,2716.885,2686.621254675418,0.0008957317,0,LOW,validation
2026-01-25 14:00:00,ZONE_A,2671.138155207912,2711.0667,2687.4859618413434,0.0013863655,0,LOW,validation
2026-01-25 14:15:00,ZONE_A,2655.2542452585494,2711.6636,2726.0917613733354,0.0038508596,0,LOW,validation
2026-01-25 14:30:00,ZONE_A,2691.3835535770345,2710.5608,2689.9603650566896,0.0005687949,0,LOW,validation
2026-01-25 14:45:00,ZONE_A,2697.981105780378,2719.6248,2697.637495447437,0.00052569027,0,LOW,validation
2026-01-25 15:00:00,ZONE_A,2633.753691341676,2816.754,2668.49485559463,0.00061958,0,LOW,validation
2026-01-25 15:15:00,ZONE_A,2730.329517006073,2802.8354,2667.8404142854138,0.00078607147,0,LOW,validation
2026-01-25 15:30:00,ZONE_A,2676.330988730372,2787.2954,2637.886286627455,0.0013485772,0,LOW,validation
2026-01-25 15:45:00,ZONE_A,2670.62737039335,2796.1204,2662.962810426391,0.00068526407,0,LOW,validation
2026-01-25 16:00:00,ZONE_A,2810.8843852934856,2803.7349,2835.9176997283244,0.00045424793,0,LOW,validation
2026-01-25 16:15:00,ZONE_A,2803.7053205067705,2803.6611,2787.789200069993,0.001502071,0,LOW,validation
2026-01-25 16:30:00,ZONE_A,2800.310295819228,2809.3916,2791.047719572755,0.0015843993,0,LOW,validation
2026-01-25 16:45:00,ZONE_A,2778.7134949444994,2801.6519,2813.8161187146443,0.0012663358,0,LOW,validation
2026-01-25 17:00:00,ZONE_A,2786.2824039226343,2802.6418,2785.044985578897,0.00092370855,0,LOW,validation
2026-01-25 17:15:00,ZONE_A,2830.3701694714355,2820.448,2797.885281643158,0.0011307363,0,LOW,validation
2026-01-25 17:30:00,ZONE_A,2816.970570978522,2815.5063,2823.6314543088965,0.0030274277,0,LOW,validation
2026-01-25 17:45:00,ZONE_A,2793.9612887082776,2819.0403,2811.0551145214326,0.0035744132,0,LOW,validation
2026-01-25 18:00:00,ZONE_A,2754.5221409973183,2817.076,2802.182119752612,0.0018042894,0,LOW,validation
2026-01-25 18:15:00,ZONE_A,2766.236095736228,2810.258,2793.621156767777,0.00071334856,0,LOW,validation
2026-01-25 18:30:00,ZONE_A,2763.456823153028,2817.377,2778.8007364004093,0.0019367344,0,LOW,validation
2026-01-25 18:45:00,ZONE_A,2779.4550680502243,2809.9026,2814.350202210496,0.00080790813,0,LOW,validation
2026-01-25 19:00:00,ZONE_A,2795.332948279444,2809.5957,2797.915216531322,0.00029939733,0,LOW,validation
2026-01-25 19:15:00,ZONE_A,2800.508726611514,2817.6257,2802.703028049598,0.00046741584,0,LOW,validation
2026-01-25 19:30:00,ZONE_A,2826.971292663624,2824.5752,2820.2468929879387,0.00072221906,0,LOW,validation
2026-01-25 19:45:00,ZONE_A,2809.268042110888,2811.4897,2809.026319046815,0.0005031617,0,LOW,validation
2026-01-25 20:00:00,ZONE_A,2787.289963225927,2664.4358,2789.3549322314248,0.00032201165,0,LOW,validation
2026-01-25 20:15:00,ZONE_A,2786.983847631863,2672.5999,2793.904937805495,0.00032443585,0,LOW,validation
2026-01-25 20:30:00,ZONE_A,2801.5278266055066,2640.7039,2785.7071943533647,0.00053122704,0,LOW,validation
2026-01-25 20:45:00,ZONE_A,2811.311940384546,2626.533,2788.203146731362,0.00050568744,0,LOW,validation
2026-01-25 21:00:00,ZONE_A,2669.905705954373,2589.5496,2662.6599868591534,0.0001671933,0,LOW,validation
2026-01-25 21:15:00,ZONE_A,2645.675200407662,2553.9546,2673.3158003311432,0.00022778884,0,LOW,validation
2026-01-25 21:30:00,ZONE_A,2681.381361121329,2526.8254,2617.26858703724,0.00020429058,0,LOW,validation
2026-01-25 21:45:00,ZONE_A,2577.5378478694342,2465.3647,2563.056140029545,0.00027755424,0,LOW,validation
2026-01-25 22:00:00,ZONE_A,2608.072987446181,2452.643,2577.817532828072,0.00019409801,0,LOW,validation
2026-01-25 22:15:00,ZONE_A,2530.430546467464,2413.5376,2496.966982175324,0.00017502999,0,LOW,validation
2026-01-25 22:30:00,ZONE_A,2466.174075156295,2372.1301,2471.207645234538,0.00017109254,0,LOW,validation
2026-01-25 22:45:00,ZONE_A,2554.6674934982707,2393.7954,2501.7031015354164,0.0004532039,0,LOW,validation
2026-01-25 23:00:00,ZONE_A,2453.7614141197987,2335.5962,2368.049825227428,0.00019313527,0,LOW,validation
2026-01-25 23:15:00,ZONE_A,2435.901395840096,2342.37,2449.0863077920444,0.00033505645,0,LOW,validation
2026-01-25 23:30:00,ZONE_A,2341.709987129969,2307.818,2378.0293491799766,0.0003451051,0,LOW,validation
2026-01-25 23:45:00,ZONE_A,2334.265298323316,2320.3887,2325.4710324892594,0.000277021,0,LOW,validation
2026-01-26 00:00:00,ZONE_A,2332.888117331468,2324.6562,2290.141961478475,0.0008808114,0,LOW,validation
2026-01-26 00:15:00,ZONE_A,2279.371077294678,2311.4883,2307.369860151246,0.0009426294,0,LOW,validation
2026-01-26 00:30:00,ZONE_A,2310.302504242401,2309.995,2292.0966543805293,0.00028566332,0,LOW,validation
2026-01-26 00:45:00,ZONE_A,2269.7964341444235,2309.993,2302.7026878370148,0.00051784347,0,LOW,validation
2026-01-26 01:00:00,ZONE_A,2270.9152130963093,2302.1355,2288.202157961316,0.00030170224,0,LOW,validation
2026-01-26 01:15:00,ZONE_A,2294.292962776395,2308.935,2255.7309526613617,0.00030041608,0,LOW,validation
2026-01-26 01:30:00,ZONE_A,2341.8444869463056,2310.8406,2280.330245072074,0.00034887108,0,LOW,validation
2026-01-26 01:45:00,ZONE_A,2312.364023073666,2299.557,2235.962554186713,0.00044655177,0,LOW,validation
2026-01-26 02:00:00,ZONE_A,2295.078275209779,2306.5066,2250.7397424590927,0.00057712337,0,LOW,validation
2026-01-26 02:15:00,ZONE_A,2334.2747874118563,2303.4287,2277.87849094712,0.0002257564,0,LOW,validation
2026-01-26 02:30:00,ZONE_A,2323.908992823576,2294.813,2249.7148351349483,0.00036693047,0,LOW,validation
2026-01-26 02:45:00,ZONE_A,2259.963245065397,2294.3423,2282.591943076832,0.00038834554,0,LOW,validation
2026-01-26 03:00:00,ZONE_A,2277.7196459693178,2300.4722,2263.0319276323626,0.00047614652,0,LOW,validation
2026-01-26 03:15:00,ZONE_A,2294.6153463351066,2292.9363,2263.3671741284256,0.00054067466,0,LOW,validation
2026-01-26 03:30:00,ZONE_A,2302.760403876663,2293.7217,2266.1976873079643,0.0006399433,0,LOW,validation
2026-01-26 03:45:00,ZONE_A,2282.541932475268,2292.8062,2281.399694943844,0.0005568808,0,LOW,validation
2026-01-26 04:00:00,ZONE_A,2263.095787304217,2292.5828,2315.750756259418,0.0005526348,0,LOW,validation
2026-01-26 04:15:00,ZONE_A,2301.298272125434,2292.7031,2307.481106733938,0.00026627444,0,LOW,validation
2026-01-26 04:30:00,ZONE_A,2252.062983563336,2287.471,2280.8903483139247,0.00058828545,0,LOW,validation
2026-01-26 04:45:00,ZONE_A,2254.850295117648,2309.7568,2260.621050404657,0.00059580273,0,LOW,validation
2026-01-26 05:00:00,ZONE_A,2285.596433449953,2584.2847,2271.244565218271,0.0007909133,0,LOW,validation
2026-01-26 05:15:00,ZONE_A,2292.0890316462182,2595.1902,2274.3275163816493,0.0016668822,0,LOW,validation
2026-01-26 05:30:00,ZONE_A,2290.256012596396,2608.9888,2304.988696013588,0.0006203602,0,LOW,validation
2026-01-26 05:45:00,ZONE_A,2283.2721535438527,2624.0615,2293.5989768217023,0.0007446585,0,LOW,validation
2026-01-26 06:00:00,ZONE_A,2512.291796708056,2644.6968,2552.3621972849105,0.0005828011,0,LOW,validation
2026-01-26 06:15:00,ZONE_A,2553.935760000548,2669.2004,2541.2376628785646,0.0017716627,0,LOW,validation
2026-01-26 06:30:00,ZONE_A,2595.1022556852663,2768.357,2613.602413344708,0.0024157304,0,LOW,validation
2026-01-26 06:45:00,ZONE_A,2663.106497167228,2785.035,2635.672810876616,0.002357621,0,LOW,validation
2026-01-26 07:00:00,ZONE_A,2668.7754576947555,2816.238,2663.1637873146306,0.0028958004,0,LOW,validation
2026-01-26 07:15:00,ZONE_A,2692.210865191605,2857.924,2667.2665626545386,0.0011758792,0,LOW,validation
2026-01-26 07:30:00,ZONE_A,2714.365494283702,2893.6946,2715.264500649467,0.029054424,0,LOW,validation
2026-01-26 07:45:00,ZONE_A,2786.3518378140147,2935.5554,2740.1127502832724,0.020554846,0,LOW,validation
2026-01-26 08:00:00,ZONE_A,2805.6637048605407,2976.8604,2814.122607219637,0.17863265,0,LOW,validation
2026-01-26 08:15:00,ZONE_A,2813.583247585208,2986.445,2831.599814540012,0.6466571,0,HIGH,validation
2026-01-26 08:30:00,ZONE_A,2884.840917267832,3047.2195,2825.083108096806,0.92492425,1,CRITICAL,validation
2026-01-26 08:45:00,ZONE_A,2907.728607791317,3054.3733,2907.627023100825,0.9721265,1,CRITICAL,validation
2026-01-26 09:00:00,ZONE_A,2911.585169394703,2728.0063,2900.344664374761,0.08339197,0,LOW,validation
2026-01-26 09:15:00,ZONE_A,2970.2101943267226,2702.9912,2973.583612401917,0.01851906,0,LOW,validation
2026-01-26 09:30:00,ZONE_A,3013.4683555244355,2744.5327,3012.088261101638,0.016142827,0,LOW,validation
2026-01-26 09:45:00,ZONE_A,3041.911435085676,2737.2449,3045.342904557699,0.013907158,0,LOW,validation
2026-01-26 10:00:00,ZONE_A,2837.002290215797,2713.6057,2662.123262191649,0.0028558334,0,LOW,validation
2026-01-26 10:15:00,ZONE_A,2795.8629022940777,2732.981,2760.4968897272825,0.0005324381,0,LOW,validation
2026-01-26 10:30:00,ZONE_A,2621.3774839722287,2719.4304,2660.465989584196,0.0010058255,0,LOW,validation
2026-01-26 10:45:00,ZONE_A,2746.359757736962,2710.7676,2630.7340264723694,0.004457336,0,LOW,validation
2026-01-26 11:00:00,ZONE_A,2697.662184894882,2710.1428,2741.071280544144,0.00477146,0,LOW,validation
2026-01-26 11:15:00,ZONE_A,2719.232849764345,2725.211,2689.4138183469595,0.0034851525,0,LOW,validation
2026-01-26 11:30:00,ZONE_A,2713.833615136397,2711.0195,2785.1541413147365,0.0012190081,0,LOW,validation
2026-01-26 11:45:00,ZONE_A,2676.448701953096,2716.3574,2710.9893451951216,0.0021431004,0,LOW,validation
2026-01-26 12:00:00,ZONE_A,2686.042058298159,2696.5188,2767.279992601568,0.0034425,0,LOW,test
2026-01-26 12:15:00,ZONE_A,2657.770674048685,2713.9275,2702.057424466069,0.0066755237,0,LOW,test
2026-01-26 12:30:00,ZONE_A,2667.1529564137154,2700.392,2784.296904318193,0.0041611474,0,LOW,test
2026-01-26 12:45:00,ZONE_A,2650.953961146882,2708.5784,2709.2551090088923,0.005022236,0,LOW,test
2026-01-26 13:00:00,ZONE_A,2629.949865920928,2707.5208,2679.563947218356,0.0016675163,0,LOW,test
2026-01-26 13:15:00,ZONE_A,2689.550815315369,2696.8281,2655.0355430073723,0.000812364,0,LOW,test
2026-01-26 13:30:00,ZONE_A,2721.1751667264984,2699.0967,2659.083540697957,0.0018558159,0,LOW,test
2026-01-26 13:45:00,ZONE_A,2792.104625903086,2728.5315,2681.0923557945034,0.0015391969,0,LOW,test
2026-01-26 14:00:00,ZONE_A,2657.40032039332,2727.984,2671.138155207912,0.0049056527,0,LOW,test
2026-01-26 14:15:00,ZONE_A,2645.877305987656,2721.7166,2655.2542452585494,0.0029527855,0,LOW,test
2026-01-26 14:30:00,ZONE_A,2680.289518527381,2722.5745,2691.3835535770345,0.002199796,0,LOW,test
2026-01-26 14:45:00,ZONE_A,2671.7911217150986,2717.6643,2697.981105780378,0.00354037,0,LOW,test
2026-01-26 15:00:00,ZONE_A,2654.7280816415896,2804.4905,2633.753691341676,0.0039194785,0,LOW,test
2026-01-26 15:15:00,ZONE_A,2710.818853993458,2810.5205,2730.329517006073,0.001109927,0,LOW,test
2026-01-26 15:30:00,ZONE_A,2652.851504061345,2816.6077,2676.330988730372,0.004169086,0,LOW,test
2026-01-26 15:45:00,ZONE_A,2640.7084465796,2816.0615,2670.62737039335,0.0027609197,0,LOW,test
2026-01-26 16:00:00,ZONE_A,2785.6768973986104,2824.8477,2810.8843852934856,0.0055779545,0,LOW,test
2026-01-26 16:15:00,ZONE_A,2817.893616562372,2830.9973,2803.7053205067705,0.009624535,0,LOW,test
2026-01-26 16:30:00,ZONE_A,2811.400079132873,2830.1528,2800.310295819228,0.023117542,0,LOW,test
2026-01-26 16:45:00,ZONE_A,2822.5985850726847,2838.0288,2778.7134949444994,0.035768565,0,LOW,test
2026-01-26 17:00:00,ZONE_A,2828.606295432734,2841.1165,2786.2824039226343,0.022318324,0,LOW,test
2026-01-26 17:15:00,ZONE_A,2770.102445826175,2810.994,2830.3701694714355,0.047603566,0,LOW,test
2026-01-26 17:30:00,ZONE_A,2810.836609607357,2832.664,2816.970570978522,0.08792772,0,LOW,test
2026-01-26 17:45:00,ZONE_A,2818.8666681989275,2851.5127,2793.9612887082776,0.1365172,0,LOW,test
2026-01-26 18:00:00,ZONE_A,2798.05968182828,2845.7344,2754.5221409973183,0.14195405,0,LOW,test
2026-01-26 18:15:00,ZONE_A,2816.2689137409493,2850.4727,2766.236095736228,0.027441826,0,LOW,test
2026-01-26 18:30:00,ZONE_A,2773.238543505623,2835.2092,2763.456823153028,0.009646604,0,LOW,test
2026-01-26 18:45:00,ZONE_A,2795.6143080400016,2829.5547,2779.4550680502243,0.011343897,0,LOW,test
2026-01-26 19:00:00,ZONE_A,2832.230740953384,2830.461,2795.332948279444,0.0014202732,0,LOW,test
2026-01-26 19:15:00,ZONE_A,2792.38081610616,2820.309,2800.508726611514,0.01630803,0,LOW,test
2026-01-26 19:30:00,ZONE_A,2821.70703015288,2815.8877,2826.971292663624,0.004482261,0,LOW,test
2026-01-26 19:45:00,ZONE_A,2778.847346552136,2808.7556,2809.268042110888,0.0036996838,0,LOW,test
2026-01-26 20:00:00,ZONE_A,2810.935167463299,2683.0723,2787.289963225927,0.0028389937,0,LOW,test
2026-01-26 20:15:00,ZONE_A,2819.994885155815,2662.2705,2786.983847631863,0.0036040514,0,LOW,test
2026-01-26 20:30:00,ZONE_A,2792.853139364167,2640.4238,2801.5278266055066,0.0014804072,0,LOW,test
2026-01-26 20:45:00,ZONE_A,2835.2611232011955,2627.5833,2811.311940384546,0.0013987981,0,LOW,test
2026-01-26 21:00:00,ZONE_A,2675.490212624918,2572.8335,2669.905705954373,0.0006212649,0,LOW,test
2026-01-26 21:15:00,ZONE_A,2635.645983369076,2542.3699,2645.675200407662,0.0005514346,0,LOW,test
2026-01-26 21:30:00,ZONE_A,2614.1085000977114,2516.126,2681.381361121329,0.0007535991,0,LOW,test
2026-01-26 21:45:00,ZONE_A,2547.3831711807743,2473.3965,2577.5378478694342,0.0009498558,0,LOW,test
2026-01-26 22:00:00,ZONE_A,2512.810961416603,2447.788,2608.072987446181,0.0006210953,0,LOW,test
2026-01-26 22:15:00,ZONE_A,2590.004693515112,2413.9607,2530.430546467464,0.0006144362,0,LOW,test
2026-01-26 22:30:00,ZONE_A,2491.7530375773667,2370.044,2466.174075156295,0.0012475562,0,LOW,test
2026-01-26 22:45:00,ZONE_A,2436.25912582047,2344.2388,2554.6674934982707,0.0010723165,0,LOW,test
2026-01-26 23:00:00,ZONE_A,2418.2844208375427,2326.9443,2453.7614141197987,0.0012716516,0,LOW,test
2026-01-26 23:15:00,ZONE_A,2417.5538159349016,2350.6282,2435.901395840096,0.00084375223,0,LOW,test
2026-01-26 23:30:00,ZONE_A,2392.9416624030887,2322.9106,2341.709987129969,0.0004750963,0,LOW,test
2026-01-26 23:45:00,ZONE_A,2341.410844789966,2317.8606,2334.265298323316,0.00040642818,0,LOW,test
2026-01-27 00:00:00,ZONE_A,2277.610570627549,2309.134,2332.888117331468,0.0002803513,0,LOW,test
2026-01-27 00:15:00,ZONE_A,2356.649355141491,2291.5178,2279.371077294678,0.00024103507,0,LOW,test
2026-01-27 00:30:00,ZONE_A,2282.094331455397,2299.1545,2310.302504242401,0.0003104681,0,LOW,test
2026-01-27 00:45:00,ZONE_A,2289.1532943263846,2299.6536,2269.7964341444235,0.00032347627,0,LOW,test
2026-01-27 01:00:00,ZONE_A,2305.25058267289,2298.2625,2270.9152130963093,0.0001360497,0,LOW,test
2026-01-27 01:15:00,ZONE_A,2307.4716989730155,2297.7024,2294.292962776395,0.00018758106,0,LOW,test
2026-01-27 01:30:00,ZONE_A,2305.802995911381,2296.6587,2341.8444869463056,0.00024235874,0,LOW,test
2026-01-27 01:45:00,ZONE_A,2283.8814345454866,2299.3252,2312.364023073666,0.00050295476,0,LOW,test
2026-01-27 02:00:00,ZONE_A,2322.848025567422,2301.327,2295.078275209779,0.00014400315,0,LOW,test
2026-01-27 02:15:00,ZONE_A,2264.0231593869235,2291.7783,2334.2747874118563,0.00030076972,0,LOW,test
2026-01-27 02:30:00,ZONE_A,2287.637477320222,2291.6018,2323.908992823576,0.0010743621,0,LOW,test
2026-01-27 02:45:00,ZONE_A,2279.960441222081,2300.3987,2259.963245065397,0.00038013668,0,LOW,test
2026-01-27 03:00:00,ZONE_A,2348.3973319761703,2292.8777,2277.7196459693178,0.00024989044,0,LOW,test
2026-01-27 03:15:00,ZONE_A,2293.944282245145,2303.701,2294.6153463351066,0.0002788337,0,LOW,test
2026-01-27 03:30:00,ZONE_A,2296.949928317812,2297.2708,2302.760403876663,0.00023318054,0,LOW,test
2026-01-27 03:45:00,ZONE_A,2244.7870060729115,2297.628,2282.541932475268,0.00035051643,0,LOW,test
2026-01-27 04:00:00,ZONE_A,2271.576024510184,2298.6892,2263.095787304217,0.0005413046,0,LOW,test
2026-01-27 04:15:00,ZONE_A,2315.2503613913304,2298.1829,2301.298272125434,0.00022810529,0,LOW,test
2026-01-27 04:30:00,ZONE_A,2306.9903131740075,2308.7449,2252.062983563336,0.00028320917,0,LOW,test
2026-01-27 04:45:00,ZONE_A,2279.456363711454,2334.3472,2254.850295117648,0.00037829208,0,LOW,test
2026-01-27 05:00:00,ZONE_A,2277.681894591408,2557.717,2285.596433449953,0.000330646,0,LOW,test
2026-01-27 05:15:00,ZONE_A,2304.319722054616,2596.07,2292.0890316462182,0.0002755895,0,LOW,test
2026-01-27 05:30:00,ZONE_A,2262.24303618451,2617.99,2290.256012596396,0.0003050853,0,LOW,test
2026-01-27 05:45:00,ZONE_A,2255.151040349041,2611.7004,2283.2721535438527,0.0003124159,0,LOW,test
2026-01-27 06:00:00,ZONE_A,2525.4965366528863,2671.7417,2512.291796708056,0.00036372148,0,LOW,test
2026-01-27 06:15:00,ZONE_A,2618.7903948371822,2701.7344,2553.935760000548,0.0007140277,0,LOW,test
2026-01-27 06:30:00,ZONE_A,2585.682661867915,2719.136,2595.1022556852663,0.0008631656,0,LOW,test
2026-01-27 06:45:00,ZONE_A,2628.275859653984,2778.1104,2663.106497167228,0.0008226246,0,LOW,test
2026-01-27 07:00:00,ZONE_A,2655.1757483391166,2800.363,2668.7754576947555,0.0013903745,0,LOW,test
2026-01-27 07:15:00,ZONE_A,2676.6613400045694,2844.6897,2692.210865191605,0.00076424645,0,LOW,test
2026-01-27 07:30:00,ZONE_A,2691.8994396389494,2881.789,2714.365494283702,0.022279182,0,LOW,test
2026-01-27 07:45:00,ZONE_A,2753.954769504826,2941.253,2786.3518378140147,0.029750202,0,LOW,test
2026-01-27 08:00:00,ZONE_A,2875.137826564119,3020.8994,2805.6637048605407,0.39658606,0,MEDIUM,test
2026-01-27 08:15:00,ZONE_A,2812.679326158654,2998.4446,2813.583247585208,0.44654077,0,MEDIUM,test
2026-01-27 08:30:00,ZONE_A,2870.6244146296967,3049.447,2884.840917267832,0.83083117,1,HIGH,test
2026-01-27 08:45:00,ZONE_A,2885.0231587962057,3039.005,2907.728607791317,0.9709043,1,CRITICAL,test
2026-01-27 09:00:00,ZONE_A,2941.014603776284,2720.7454,2911.585169394703,0.009747558,0,LOW,test
2026-01-27 09:15:00,ZONE_A,2970.889397045892,2722.3752,2970.2101943267226,0.017178278,0,LOW,test
2026-01-27 09:30:00,ZONE_A,3015.808124532015,2744.2043,3013.4683555244355,0.010717954,0,LOW,test
2026-01-27 09:45:00,ZONE_A,3008.9539144939667,2740.5857,3041.911435085676,0.016634818,0,LOW,test
2026-01-27 10:00:00,ZONE_A,2754.611026050376,2742.9792,2837.002290215797,0.0013468183,0,LOW,test
2026-01-27 10:15:00,ZONE_A,2733.996726703324,2754.1187,2795.8629022940777,0.0017105783,0,LOW,test
2026-01-27 10:30:00,ZONE_A,2663.067290705835,2718.4646,2621.3774839722287,0.0010913205,0,LOW,test
2026-01-27 10:45:00,ZONE_A,2659.2020587871148,2714.572,2746.359757736962,0.0011628274,0,LOW,test
2026-01-27 11:00:00,ZONE_A,2677.2763244414327,2710.697,2697.662184894882,0.0028568127,0,LOW,test
2026-01-27 11:15:00,ZONE_A,2684.112506019208,2738.9788,2719.232849764345,0.0034862608,0,LOW,test
2026-01-27 11:30:00,ZONE_A,2695.25346254393,2731.0261,2713.833615136397,0.0012452845,0,LOW,test
2026-01-27 11:45:00,ZONE_A,2669.5689451038,2708.0403,2676.448701953096,0.0014016725,0,LOW,test
2026-01-27 12:00:00,ZONE_A,2918.696109347012,2750.9397,2686.042058298159,0.019293474,0,LOW,test
2026-01-27 12:15:00,ZONE_A,2710.226537823262,2694.6526,2657.770674048685,0.0014203996,0,LOW,test
2026-01-27 12:30:00,ZONE_A,2696.9213759582963,2696.0315,2667.1529564137154,0.0019055913,0,LOW,test
2026-01-27 12:45:00,ZONE_A,2692.7613351563605,2682.2952,2650.953961146882,0.0016564273,0,LOW,test
2026-01-27 13:00:00,ZONE_A,2740.015097020955,2662.8206,2629.949865920928,0.0007982757,0,LOW,test
2026-01-27 13:15:00,ZONE_A,2892.8420864708983,2731.9817,2689.550815315369,0.0047989325,0,LOW,test
2026-01-27 13:30:00,ZONE_A,2656.1815238411587,2709.6616,2721.1751667264984,0.0011717578,0,LOW,test
2026-01-27 13:45:00,ZONE_A,2679.2390448971505,2696.9604,2792.104625903086,0.0018633354,0,LOW,test
2026-01-27 14:00:00,ZONE_A,2821.4348275817056,2686.6458,2657.40032039332,0.0016475195,0,LOW,test
2026-01-27 14:15:00,ZONE_A,2654.802180706185,2672.421,2645.877305987656,0.00044687305,0,LOW,test
2026-01-27 14:30:00,ZONE_A,2665.6722104890823,2680.57,2680.289518527381,0.0012470762,0,LOW,test
2026-01-27 14:45:00,ZONE_A,2645.151704941019,2686.7732,2671.7911217150986,0.0017356797,0,LOW,test
2026-01-27 15:00:00,ZONE_A,2651.106908873587,2786.9614,2654.7280816415896,0.0013281722,0,LOW,test
2026-01-27 15:15:00,ZONE_A,2703.273611405842,2799.6614,2710.818853993458,0.0012125422,0,LOW,test
2026-01-27 15:30:00,ZONE_A,2658.260713529994,2798.64,2652.851504061345,0.0015064749,0,LOW,test
2026-01-27 15:45:00,ZONE_A,2686.400788833702,2805.1238,2640.7084465796,0.0017990567,0,LOW,test
2026-01-27 16:00:00,ZONE_A,2782.288481420033,2827.9353,2785.6768973986104,0.00224586,0,LOW,test
2026-01-27 16:15:00,ZONE_A,2819.180729327792,2829.3455,2817.893616562372,0.0058415695,0,LOW,test
2026-01-27 16:30:00,ZONE_A,2797.4981162402178,2815.17,2811.400079132873,0.0026157135,0,LOW,test
2026-01-27 16:45:00,ZONE_A,2793.584266781783,2817.8904,2822.5985850726847,0.01160908,0,LOW,test
2026-01-27 17:00:00,ZONE_A,2829.2258150050525,2829.8472,2828.606295432734,0.014080616,0,LOW,test
2026-01-27 17:15:00,ZONE_A,2775.52049627342,2817.0725,2770.102445826175,0.007007275,0,LOW,test
2026-01-27 17:30:00,ZONE_A,2825.1711160627224,2823.633,2810.836609607357,0.013120679,0,LOW,test
2026-01-27 17:45:00,ZONE_A,2799.419970911943,2817.8752,2818.8666681989275,0.0333733,0,LOW,test
2026-01-27 18:00:00,ZONE_A,2814.1346379442634,2809.906,2798.05968182828,0.010850761,0,LOW,test
2026-01-27 18:15:00,ZONE_A,2807.689541142085,2808.3494,2816.2689137409493,0.0074925637,0,LOW,test
2026-01-27 18:30:00,ZONE_A,2800.563954055613,2815.2214,2773.238543505623,0.004042349,0,LOW,test
2026-01-27 18:45:00,ZONE_A,2815.3535443813626,2801.0266,2795.6143080400016,0.0010589033,0,LOW,test
2026-01-27 19:00:00,ZONE_A,2778.4853162474687,2800.1643,2832.230740953384,0.0008034686,0,LOW,test
2026-01-27 19:15:00,ZONE_A,2751.312042469821,2808.8513,2792.38081610616,0.00041323356,0,LOW,test
2026-01-27 19:30:00,ZONE_A,2811.4453753536304,2791.1868,2821.70703015288,0.0013853664,0,LOW,test
2026-01-27 19:45:00,ZONE_A,2752.5942073901992,2782.6335,2778.847346552136,0.00078568124,0,LOW,test
2026-01-27 20:00:00,ZONE_A,2783.188375193618,2650.756,2810.935167463299,0.000668956,0,LOW,test
2026-01-27 20:15:00,ZONE_A,2796.27956745398,2651.3594,2819.994885155815,0.00054296665,0,LOW,test
2026-01-27 20:30:00,ZONE_A,2791.505345178165,2628.969,2792.853139364167,0.00044162344,0,LOW,test
2026-01-27 20:45:00,ZONE_A,2782.8265408652896,2613.1113,2835.2611232011955,0.0006265067,0,LOW,test
2026-01-27 21:00:00,ZONE_A,2642.6075375991027,2545.4307,2675.490212624918,0.00020194413,0,LOW,test
2026-01-27 21:15:00,ZONE_A,2637.0057323570823,2509.908,2635.645983369076,0.00017848732,0,LOW,test
2026-01-27 21:30:00,ZONE_A,2589.755238522981,2501.1008,2614.1085000977114,0.00021416263,0,LOW,test
2026-01-27 21:45:00,ZONE_A,2573.60287406917,2454.7031,2547.3831711807743,0.0002412811,0,LOW,test
2026-01-27 22:00:00,ZONE_A,2544.209093052007,2427.8582,2512.810961416603,0.00011200744,0,LOW,test
2026-01-27 22:15:00,ZONE_A,2529.4443686692207,2429.4941,2590.004693515112,0.00020863747,0,LOW,test
2026-01-27 22:30:00,ZONE_A,2526.2279969093474,2393.2974,2491.7530375773667,0.000152766,0,LOW,test
2026-01-27 22:45:00,ZONE_A,2447.665125940245,2344.5378,2436.25912582047,0.00033443733,0,LOW,test
2026-01-27 23:00:00,ZONE_A,2456.506644001045,2339.2222,2418.2844208375427,0.00019176965,0,LOW,test
2026-01-27 23:15:00,ZONE_A,2386.56316050562,2306.2874,2417.5538159349016,0.00023348197,0,LOW,test
2026-01-27 23:30:00,ZONE_A,2345.6695787594085,2309.4595,2392.9416624030887,0.00035526042,0,LOW,test
2026-01-27 23:45:00,ZONE_A,2357.571300983407,2308.2295,2341.410844789966,0.00023842073,0,LOW,test
2026-01-28 00:00:00,ZONE_A,2253.134217696392,2291.7583,2277.610570627549,0.0002498921,0,LOW,test
2026-01-28 00:15:00,ZONE_A,2298.326947159727,2293.8508,2356.649355141491,0.0006788009,0,LOW,test
2026-01-28 00:30:00,ZONE_A,2278.093380914152,2293.391,2282.094331455397,0.00023553162,0,LOW,test
2026-01-28 00:45:00,ZONE_A,2411.2037124055496,2284.5608,2289.1532943263846,0.00024333027,0,LOW,test
2026-01-28 01:00:00,ZONE_A,2325.47261654564,2291.995,2305.25058267289,0.00013900491,0,LOW,test
2026-01-28 01:15:00,ZONE_A,2280.363862014632,2296.021,2307.4716989730155,0.00019061861,0,LOW,test
2026-01-28 01:30:00,ZONE_A,2268.495219231148,2294.4458,2305.802995911381,0.00016401912,0,LOW,test
2026-01-28 01:45:00,ZONE_A,2300.487038285786,2295.9597,2283.8814345454866,0.00019913244,0,LOW,test
2026-01-28 02:00:00,ZONE_A,2384.655403517839,2290.506,2322.848025567422,9.790474e-05,0,LOW,test
2026-01-28 02:15:00,ZONE_A,2289.479522853723,2288.041,2264.0231593869235,0.000362806,0,LOW,test
2026-01-28 02:30:00,ZONE_A,2278.64299689522,2287.8054,2287.637477320222,0.0002646728,0,LOW,test
2026-01-28 02:45:00,ZONE_A,2284.097443350582,2287.6487,2279.960441222081,0.00020390742,0,LOW,test
2026-01-28 03:00:00,ZONE_A,2292.1436001999823,2300.9844,2348.3973319761703,0.00031431357,0,LOW,test
2026-01-28 03:15:00,ZONE_A,2294.4661359193974,2284.7476,2293.944282245145,0.00015485562,0,LOW,test
2026-01-28 03:30:00,ZONE_A,2279.389591437489,2282.1116,2296.949928317812,0.00027232696,0,LOW,test
2026-01-28 03:45:00,ZONE_A,2364.780069036481,2277.1836,2244.7870060729115,0.00018649976,0,LOW,test
2026-01-28 04:00:00,ZONE_A,2277.282369704857,2288.047,2271.576024510184,0.00033589295,0,LOW,test
2026-01-28 04:15:00,ZONE_A,2220.145284655541,2274.4995,2315.2503613913304,0.00034809316,0,LOW,test
2026-01-28 04:30:00,ZONE_A,2249.383480870189,2288.5366,2306.9903131740075,0.00024838682,0,LOW,test
2026-01-28 04:45:00,ZONE_A,2278.250442311836,2294.2341,2279.456363711454,0.0002589683,0,LOW,test
2026-01-28 05:00:00,ZONE_A,2258.9481297411235,2592.9436,2277.681894591408,0.00023791753,0,LOW,test
2026-01-28 05:15:00,ZONE_A,2286.4534832583404,2528.947,2304.319722054616,0.0002579732,0,LOW,test
2026-01-28 05:30:00,ZONE_A,2258.6899571388744,2596.2954,2262.24303618451,0.00022807592,0,LOW,test
2026-01-28 05:45:00,ZONE_A,2279.545765698407,2602.031,2255.151040349041,0.00020449716,0,LOW,test
2026-01-28 06:00:00,ZONE_A,2528.122613181345,2662.2515,2525.4965366528863,0.00023610519,0,LOW,test
2026-01-28 06:15:00,ZONE_A,2586.215100484744,2707.5693,2618.7903948371822,0.00031835234,0,LOW,test
2026-01-28 06:30:00,ZONE_A,2621.457911383485,2653.1812,2585.682661867915,0.0009906306,0,LOW,test
2026-01-28 06:45:00,ZONE_A,2609.6801066091098,2746.6938,2628.275859653984,0.00066436373,0,LOW,test
2026-01-28 07:00:00,ZONE_A,2685.446977597228,2792.8784,2655.1757483391166,0.00045041603,0,LOW,test
2026-01-28 07:15:00,ZONE_A,2713.0018883554803,2826.1404,2676.6613400045694,0.002390075,0,LOW,test
2026-01-28 07:30:00,ZONE_A,2754.569826001951,2857.0369,2691.8994396389494,0.010020096,0,LOW,test
2026-01-28 07:45:00,ZONE_A,2769.6833946528864,2936.1008,2753.954769504826,0.17806329,0,LOW,test
2026-01-28 08:00:00,ZONE_A,2790.718161017367,2947.991,2875.137826564119,0.013790033,0,LOW,test
2026-01-28 08:15:00,ZONE_A,2825.039292002574,2954.7341,2812.679326158654,0.006933777,0,LOW,test
2026-01-28 08:30:00,ZONE_A,2869.348361883205,3045.3066,2870.6244146296967,0.35960162,0,MEDIUM,test
2026-01-28 08:45:00,ZONE_A,2870.964955110109,3040.123,2885.0231587962057,0.6424608,0,HIGH,test
2026-01-28 09:00:00,ZONE_A,2946.734803557042,2720.717,2941.014603776284,0.009132262,0,LOW,test
2026-01-28 09:15:00,ZONE_A,2951.4682956699785,2728.3884,2970.889397045892,0.009735277,0,LOW,test
2026-01-28 09:30:00,ZONE_A,2969.220324857729,2735.219,3015.808124532015,0.011005092,0,LOW,test
2026-01-28 09:45:00,ZONE_A,3020.5560302488484,2758.932,3008.9539144939667,0.004836189,0,LOW,test
2026-01-28 10:00:00,ZONE_A,2671.164365755986,2728.0398,2754.611026050376,0.0006934772,0,LOW,test
2026-01-28 10:15:00,ZONE_A,2693.64741800558,2733.4827,2733.996726703324,0.00049931556,0,LOW,test
2026-01-28 10:30:00,ZONE_A,2815.394370125736,2662.5466,2663.067290705835,0.0019111789,0,LOW,test
2026-01-28 10:45:00,ZONE_A,2728.8151632428294,2677.475,2659.2020587871148,0.0029832714,0,LOW,test
2026-01-28 11:00:00,ZONE_A,2643.9630710613924,2709.1023,2677.2763244414327,0.0015337069,0,LOW,test
2026-01-28 11:15:00,ZONE_A,2723.902483928088,2707.9036,2684.112506019208,0.0012689045,0,LOW,test
2026-01-28 11:30:00,ZONE_A,2675.8585122018444,2692.1687,2695.25346254393,0.0011120357,0,LOW,test
2026-01-28 11:45:00,ZONE_A,2711.589399934583,2701.2517,2669.5689451038,0.0011296371,0,LOW,test
2026-01-28 12:00:00,ZONE_A,2863.8885614999394,2719.7795,2918.696109347012,0.002440253,0,LOW,test
2026-01-28 12:15:00,ZONE_A,2661.025391521628,2711.3032,2710.226537823262,0.0012798583,0,LOW,test
2026-01-28 12:30:00,ZONE_A,2663.787867171538,2709.4705,2696.9213759582963,0.0010392689,0,LOW,test
2026-01-28 12:45:00,ZONE_A,2635.145313902517,2694.5276,2692.7613351563605,0.0015570556,0,LOW,test
2026-01-28 13:00:00,ZONE_A,2673.5365827724845,2699.3765,2740.015097020955,0.0015456975,0,LOW,test
2026-01-28 13:15:00,ZONE_A,2615.5434573412344,2691.2566,2892.8420864708983,0.00065263174,0,LOW,test
2026-01-28 13:30:00,ZONE_A,2639.22702184148,2696.681,2656.1815238411587,0.0014728864,0,LOW,test
2026-01-28 13:45:00,ZONE_A,2681.6411261542185,2700.797,2679.2390448971505,0.0017733214,0,LOW,test
2026-01-28 14:00:00,ZONE_A,2660.6003797865387,2718.4414,2821.4348275817056,0.0009733573,0,LOW,test
2026-01-28 14:15:00,ZONE_A,2741.3794607433783,2704.2131,2654.802180706185,0.0016235467,0,LOW,test
2026-01-28 14:30:00,ZONE_A,2635.6865388743004,2694.902,2665.6722104890823,0.0010778203,0,LOW,test
2026-01-28 14:45:00,ZONE_A,2757.680187493176,2704.9321,2645.151704941019,0.0023642157,0,LOW,test
2026-01-28 15:00:00,ZONE_A,2656.21322971018,2777.7056,2651.106908873587,0.0017031836,0,LOW,test
2026-01-28 15:15:00,ZONE_A,2683.4081761478537,2799.6074,2703.273611405842,0.0009415771,0,LOW,test
2026-01-28 15:30:00,ZONE_A,2689.96128661672,2785.0876,2658.260713529994,0.0004524396,0,LOW,test
2026-01-28 15:45:00,ZONE_A,2656.112832539277,2790.3264,2686.400788833702,0.00083576096,0,LOW,test
2026-01-28 16:00:00,ZONE_A,2807.529774057187,2811.793,2782.288481420033,0.0013872861,0,LOW,test
2026-01-28 16:15:00,ZONE_A,2793.245401532486,2802.5566,2819.180729327792,0.0006443362,0,LOW,test
2026-01-28 16:30:00,ZONE_A,2753.829062091822,2805.8828,2797.4981162402178,0.0033168697,0,LOW,test
2026-01-28 16:45:00,ZONE_A,2806.466262104015,2807.8699,2793.584266781783,0.0019243411,0,LOW,test
2026-01-28 17:00:00,ZONE_A,2795.69440433205,2807.085,2829.2258150050525,0.0022860288,0,LOW,test
2026-01-28 17:15:00,ZONE_A,2783.5794358911085,2803.2217,2775.52049627342,0.022781927,0,LOW,test
2026-01-28 17:30:00,ZONE_A,2819.68342951294,2808.972,2825.1711160627224,0.010146745,0,LOW,test
2026-01-28 17:45:00,ZONE_A,2761.117727414898,2802.3467,2799.419970911943,0.003945834,0,LOW,test
2026-01-28 18:00:00,ZONE_A,2817.4902167131468,2809.514,2814.1346379442634,0.006299336,0,LOW,test
2026-01-28 18:15:00,ZONE_A,2786.3664792176533,2807.9062,2807.689541142085,0.0057074707,0,LOW,test
2026-01-28 18:30:00,ZONE_A,2767.416222645783,2797.6296,2800.563954055613,0.002148118,0,LOW,test
2026-01-28 18:45:00,ZONE_A,2785.4863503225924,2805.117,2815.3535443813626,0.0008719325,0,LOW,test
2026-01-28 19:00:00,ZONE_A,2789.1187221363048,2786.1682,2778.4853162474687,0.000530114,0,LOW,test
2026-01-28 19:15:00,ZONE_A,2815.431098085707,2775.721,2751.312042469821,0.0005760539,0,LOW,test
2026-01-28 19:30:00,ZONE_A,2827.076060851619,2789.5723,2811.4453753536304,0.0002740311,0,LOW,test
2026-01-28 19:45:00,ZONE_A,2795.102438544817,2775.8416,2752.5942073901992,0.0005026296,0,LOW,test
2026-01-28 20:00:00,ZONE_A,2806.231117406855,2649.0955,2783.188375193618,0.00039311455,0,LOW,test
2026-01-28 20:15:00,ZONE_A,2799.8984104653177,2637.8638,2796.27956745398,0.0004135437,0,LOW,test
2026-01-28 20:30:00,ZONE_A,2811.328881945195,2617.703,2791.505345178165,0.000496589,0,LOW,test
2026-01-28 20:45:00,ZONE_A,2873.804661507754,2612.8552,2782.8265408652896,0.008226569,0,LOW,test
2026-01-28 21:00:00,ZONE_A,2659.204176907336,2570.5576,2642.6075375991027,0.00013391876,0,LOW,test
2026-01-28 21:15:00,ZONE_A,2687.086593583767,2511.6863,2637.0057323570823,0.00016629578,0,LOW,test
2026-01-28 21:30:00,ZONE_A,2617.6095992244755,2497.9854,2589.755238522981,0.00011390777,0,LOW,test
2026-01-28 21:45:00,ZONE_A,2513.7166758741264,2438.1482,2573.60287406917,0.00023047485,0,LOW,test
2026-01-28 22:00:00,ZONE_A,2529.242750513078,2429.5447,2544.209093052007,0.00017480798,0,LOW,test
2026-01-28 22:15:00,ZONE_A,2540.2227194233847,2418.884,2529.4443686692207,0.00019494098,0,LOW,test
2026-01-28 22:30:00,ZONE_A,2488.228658007709,2371.8298,2526.2279969093474,0.00025420342,0,LOW,test
2026-01-28 22:45:00,ZONE_A,2455.912589669951,2357.8408,2447.665125940245,0.00024169024,0,LOW,test
2026-01-28 23:00:00,ZONE_A,2405.495501309582,2310.0627,2456.506644001045,0.00022537936,0,LOW,test
2026-01-28 23:15:00,ZONE_A,2342.843977997584,2314.9285,2386.56316050562,0.00038664756,0,LOW,test
2026-01-28 23:30:00,ZONE_A,2368.474347928906,2317.103,2345.6695787594085,0.00024820786,0,LOW,test
2026-01-28 23:45:00,ZONE_A,2422.766971773111,2329.711,2357.571300983407,0.00030244526,0,LOW,test
2026-01-29 00:00:00,ZONE_A,2286.7766366501446,2312.493,2253.134217696392,0.00034667968,0,LOW,test
2026-01-29 00:15:00,ZONE_A,2302.690879100009,2299.915,2298.326947159727,0.0001804136,0,LOW,test
2026-01-29 00:30:00,ZONE_A,2327.410636197673,2299.4827,2278.093380914152,0.00020240928,0,LOW,test
2026-01-29 00:45:00,ZONE_A,2284.9448369391694,2305.3916,2411.2037124055496,0.0006260018,0,LOW,test
2026-01-29 01:00:00,ZONE_A,2249.018909295451,2304.4622,2325.47261654564,0.000115879775,0,LOW,test
2026-01-29 01:15:00,ZONE_A,2278.725342967453,2299.2815,2280.363862014632,0.00015946533,0,LOW,test
2026-01-29 01:30:00,ZONE_A,2259.370477315072,2293.666,2268.495219231148,0.00014542096,0,LOW,test
2026-01-29 01:45:00,ZONE_A,2262.4987826200613,2299.3254,2300.487038285786,0.00013837582,0,LOW,test
2026-01-29 02:00:00,ZONE_A,2260.802226183111,2305.8513,2384.655403517839,0.0003082111,0,LOW,test
2026-01-29 02:15:00,ZONE_A,2358.306281781013,2291.6816,2289.479522853723,0.00010796366,0,LOW,test
2026-01-29 02:30:00,ZONE_A,2296.9387228343016,2294.8538,2278.64299689522,0.00029376245,0,LOW,test
2026-01-29 02:45:00,ZONE_A,2287.0814208293727,2289.9226,2284.097443350582,0.0007355343,0,LOW,test
2026-01-29 03:00:00,ZONE_A,2285.3691195718534,2292.163,2292.1436001999823,0.0003664391,0,LOW,test
2026-01-29 03:15:00,ZONE_A,2268.5536272272325,2289.235,2294.4661359193974,0.00019711303,0,LOW,test
2026-01-29 03:30:00,ZONE_A,2304.159151759269,2286.594,2279.389591437489,0.00024139062,0,LOW,test
2026-01-29 03:45:00,ZONE_A,2277.7549600637985,2287.5852,2364.780069036481,0.00021306888,0,LOW,test
2026-01-29 04:00:00,ZONE_A,2283.713129167664,2289.5413,2277.282369704857,0.00017833081,0,LOW,test
2026-01-29 04:15:00,ZONE_A,2215.846047112076,2282.469,2220.145284655541,0.000112710506,0,LOW,test
2026-01-29 04:30:00,ZONE_A,2258.5979176379165,2306.7568,2249.383480870189,0.0001850187,0,LOW,test
2026-01-29 04:45:00,ZONE_A,2287.6281264819886,2309.6794,2278.250442311836,0.0003099275,0,LOW,test
2026-01-29 05:00:00,ZONE_A,2307.620347899845,2562.205,2258.9481297411235,0.00015005417,0,LOW,test
2026-01-29 05:15:00,ZONE_A,2286.415173436001,2540.157,2286.4534832583404,0.000647918,0,LOW,test
2026-01-29 05:30:00,ZONE_A,2262.583344621801,2604.7354,2258.6899571388744,0.00020294284,0,LOW,test
2026-01-29 05:45:00,ZONE_A,2252.1489593403367,2603.592,2279.545765698407,0.00036846,0,LOW,test
2026-01-29 06:00:00,ZONE_A,2532.0457376911427,2669.852,2528.122613181345,0.00023370002,0,LOW,test
2026-01-29 06:15:00,ZONE_A,2540.694473730935,2656.6252,2586.215100484744,0.0003454295,0,LOW,test
2026-01-29 06:30:00,ZONE_A,2599.7410350756845,2749.6963,2621.457911383485,0.00043063547,0,LOW,test
2026-01-29 06:45:00,ZONE_A,2624.410186032956,2758.2673,2609.6801066091098,0.0006812675,0,LOW,test
2026-01-29 07:00:00,ZONE_A,2660.930904872944,2792.7332,2685.446977597228,0.00055987155,0,LOW,test
2026-01-29 07:15:00,ZONE_A,2704.03397302075,2837.6975,2713.0018883554803,0.001165384,0,LOW,test
2026-01-29 07:30:00,ZONE_A,2755.820957678616,2869.5994,2754.569826001951,0.026389807,0,LOW,test
2026-01-29 07:45:00,ZONE_A,2737.9116887858454,2928.8975,2769.6833946528864,0.015689313,0,LOW,test
2026-01-29 08:00:00,ZONE_A,2856.8611787752025,2979.842,2790.718161017367,0.18603273,0,LOW,test
2026-01-29 08:15:00,ZONE_A,2800.364996223254,2984.195,2825.039292002574,0.4502679,0,MEDIUM,test
2026-01-29 08:30:00,ZONE_A,2861.0171985141096,3012.6619,2869.348361883205,0.8525065,1,CRITICAL,test
2026-01-29 08:45:00,ZONE_A,2936.330551389069,3016.7415,2870.964955110109,0.9753897,1,CRITICAL,test
2026-01-29 09:00:00,ZONE_A,3064.933973133969,2712.0679,2946.734803557042,0.008496022,0,LOW,test
2026-01-29 09:15:00,ZONE_A,2974.272354755303,2711.0437,2951.4682956699785,0.004419769,0,LOW,test
2026-01-29 09:30:00,ZONE_A,3057.9726933003003,2768.878,2969.220324857729,0.021965519,0,LOW,test
2026-01-29 09:45:00,ZONE_A,3117.36788285852,2696.2122,3020.5560302488484,0.0037799014,0,LOW,test
2026-01-29 10:00:00,ZONE_A,2655.145000078733,2704.502,2671.164365755986,0.00083657046,0,LOW,test
2026-01-29 10:15:00,ZONE_A,2652.4299676448622,2714.6248,2693.64741800558,0.0016901433,0,LOW,test
2026-01-29 10:30:00,ZONE_A,2784.454451812156,2720.6545,2815.394370125736,0.0068170037,0,LOW,test
2026-01-29 10:45:00,ZONE_A,2830.892625547466,2696.3596,2728.8151632428294,0.016556825,0,LOW,test
2026-01-29 11:00:00,ZONE_A,2757.5051142775105,2696.2085,2643.9630710613924,0.000828582,0,LOW,test
2026-01-29 11:15:00,ZONE_A,2662.5079682622663,2694.7168,2723.902483928088,0.0034043028,0,LOW,test
2026-01-29 11:30:00,ZONE_A,2870.577715805414,2698.7148,2675.8585122018444,0.0062419157,0,LOW,test
2026-01-29 11:45:00,ZONE_A,2699.357195230996,2726.99,2711.589399934583,0.007821322,0,LOW,test
2026-01-29 12:00:00,ZONE_A,2669.9880310603107,2701.1096,2863.8885614999394,0.004290809,0,LOW,test
2026-01-29 12:15:00,ZONE_A,2689.8141552732723,2678.5354,2661.025391521628,0.0020678234,0,LOW,test
2026-01-29 12:30:00,ZONE_A,2805.560713951968,2676.9138,2663.787867171538,0.0057814247,0,LOW,test
2026-01-29 12:45:00,ZONE_A,2738.960149940379,2671.106,2635.145313902517,0.0014674126,0,LOW,test
2026-01-29 13:00:00,ZONE_A,2709.218219670979,2679.0076,2673.5365827724845,0.0013823517,0,LOW,test
2026-01-29 13:15:00,ZONE_A,2682.49724126238,2660.8738,2615.5434573412344,0.0010739436,0,LOW,test
2026-01-29 13:30:00,ZONE_A,2635.1751559555937,2674.9585,2639.22702184148,0.0011314356,0,LOW,test
2026-01-29 13:45:00,ZONE_A,2708.467993147244,2680.3318,2681.6411261542185,0.0010319793,0,LOW,test
2026-01-29 14:00:00,ZONE_A,2679.3188956750782,2681.7598,2660.6003797865387,0.00055972533,0,LOW,test
2026-01-29 14:15:00,ZONE_A,2635.71722754059,2673.1707,2741.3794607433783,0.00078634976,0,LOW,test
2026-01-29 14:30:00,ZONE_A,2669.422191785028,2668.8079,2635.6865388743004,0.001047209,0,LOW,test
2026-01-29 14:45:00,ZONE_A,2698.1359284467803,2684.9502,2757.680187493176,0.0013960652,0,LOW,test
2026-01-29 15:00:00,ZONE_A,2675.2671896318075,2779.1519,2656.21322971018,0.0014791897,0,LOW,test
2026-01-29 15:15:00,ZONE_A,2662.529617191757,2794.3354,2683.4081761478537,0.0026657816,0,LOW,test
2026-01-29 15:30:00,ZONE_A,2764.659420870356,2787.6086,2689.96128661672,0.0012437345,0,LOW,test
2026-01-29 15:45:00,ZONE_A,2709.6485435119102,2776.5803,2656.112832539277,0.0021997092,0,LOW,test
2026-01-29 16:00:00,ZONE_A,2784.1290558007267,2806.512,2807.529774057187,0.0007126198,0,LOW,test
2026-01-29 16:15:00,ZONE_A,2786.395061719846,2811.2893,2793.245401532486,0.0012209859,0,LOW,test
2026-01-29 16:30:00,ZONE_A,2794.6844019785635,2807.6565,2753.829062091822,0.00050510064,0,LOW,test
2026-01-29 16:45:00,ZONE_A,2837.384966727252,2819.3184,2806.466262104015,0.0022114317,0,LOW,test
2026-01-29 17:00:00,ZONE_A,2808.4542934089304,2811.4956,2795.69440433205,0.001864046,0,LOW,test
2026-01-29 17:15:00,ZONE_A,2790.7725934721693,2824.2407,2783.5794358911085,0.004705437,0,LOW,test
2026-01-29 17:30:00,ZONE_A,2805.6926395574424,2824.606,2819.68342951294,0.027001727,0,LOW,test
2026-01-29 17:45:00,ZONE_A,2835.310147963947,2828.6824,2761.117727414898,0.008047568,0,LOW,test
2026-01-29 18:00:00,ZONE_A,2810.360421265445,2819.9683,2817.4902167131468,0.004103332,0,LOW,test
2026-01-29 18:15:00,ZONE_A,2798.856756340487,2823.4666,2786.3664792176533,0.0061535663,0,LOW,test
2026-01-29 18:30:00,ZONE_A,2811.071994625188,2825.2612,2767.416222645783,0.008289278,0,LOW,test
2026-01-29 18:45:00,ZONE_A,2814.128733966229,2812.8,2785.4863503225924,0.0017319254,0,LOW,test
2026-01-29 19:00:00,ZONE_A,2829.2623437738603,2791.4353,2789.1187221363048,0.002526418,0,LOW,test
2026-01-29 19:15:00,ZONE_A,2756.933524154512,2820.0437,2815.431098085707,0.002345104,0,LOW,test
2026-01-29 19:30:00,ZONE_A,2806.2638356628186,2810.1047,2827.076060851619,0.0017360243,0,LOW,test
2026-01-29 19:45:00,ZONE_A,2814.496249049229,2781.459,2795.102438544817,0.00053471245,0,LOW,test
2026-01-29 20:00:00,ZONE_A,2792.3544974465,2646.1357,2806.231117406855,0.00033387123,0,LOW,test
2026-01-29 20:15:00,ZONE_A,2790.1679207842703,2643.681,2799.8984104653177,0.00037820375,0,LOW,test
2026-01-29 20:30:00,ZONE_A,2774.935445797817,2613.6702,2811.328881945195,0.00040402135,0,LOW,test
2026-01-29 20:45:00,ZONE_A,2800.1478251327767,2602.4724,2873.804661507754,0.001001315,0,LOW,test
2026-01-29 21:00:00,ZONE_A,2696.042851195164,2576.8591,2659.204176907336,0.00025021465,0,LOW,test
2026-01-29 21:15:00,ZONE_A,2697.9704113031075,2532.7998,2687.086593583767,0.00017909029,0,LOW,test
2026-01-29 21:30:00,ZONE_A,2616.1589712599225,2522.1812,2617.6095992244755,0.00016320025,0,LOW,test
2026-01-29 21:45:00,ZONE_A,2574.432234827429,2445.266,2513.7166758741264,0.00020763506,0,LOW,test
2026-01-29 22:00:00,ZONE_A,2547.4858857542504,2433.7588,2529.242750513078,0.000134696,0,LOW,test
2026-01-29 22:15:00,ZONE_A,2493.252437281659,2413.322,2540.2227194233847,0.0002058878,0,LOW,test
2026-01-29 22:30:00,ZONE_A,2482.981747851759,2372.395,2488.228658007709,0.00023870985,0,LOW,test
2026-01-29 22:45:00,ZONE_A,2449.042446514132,2333.753,2455.912589669951,0.0003231175,0,LOW,test
2026-01-29 23:00:00,ZONE_A,2419.333273541497,2329.0242,2405.495501309582,0.00018119525,0,LOW,test
2026-01-29 23:15:00,ZONE_A,2388.747017006261,2314.2544,2342.843977997584,9.4534975e-05,0,LOW,test
2026-01-29 23:30:00,ZONE_A,2408.9942238975127,2324.7622,2368.474347928906,0.00012436403,0,LOW,test
2026-01-29 23:45:00,ZONE_A,2375.256451444471,2307.5164,2422.766971773111,0.00032358637,0,LOW,test
2026-01-30 00:00:00,ZONE_A,2300.3497754282766,2315.8228,2286.7766366501446,0.0002627073,0,LOW,test
2026-01-30 00:15:00,ZONE_A,2310.968867681668,2296.9421,2302.690879100009,0.00032126988,0,LOW,test
2026-01-30 00:30:00,ZONE_A,2328.519689304483,2299.489,2327.410636197673,0.00022245706,0,LOW,test
2026-01-30 00:45:00,ZONE_A,2338.2176731256536,2295.5693,2284.9448369391694,0.0002441383,0,LOW,test
2026-01-30 01:00:00,ZONE_A,2294.93937763994,2300.757,2249.018909295451,0.00010088058,0,LOW,test
2026-01-30 01:15:00,ZONE_A,2310.086188928182,2295.3604,2278.725342967453,8.015287e-05,0,LOW,test
2026-01-30 01:30:00,ZONE_A,2286.1214624553745,2295.4236,2259.370477315072,0.00010802967,0,LOW,test
2026-01-30 01:45:00,ZONE_A,2298.827845284889,2297.9106,2262.4987826200613,0.00018696928,0,LOW,test
2026-01-30 02:00:00,ZONE_A,2298.2858846294607,2297.7026,2260.802226183111,0.000108623324,0,LOW,test
2026-01-30 02:15:00,ZONE_A,2314.4024685146605,2293.2952,2358.306281781013,0.00029538854,0,LOW,test
2026-01-30 02:30:00,ZONE_A,2260.9889109115907,2289.6702,2296.9387228343016,0.00020564454,0,LOW,test
2026-01-30 02:45:00,ZONE_A,2297.2204927457724,2290.9775,2287.0814208293727,0.00016997854,0,LOW,test
2026-01-30 03:00:00,ZONE_A,2283.7834357432544,2290.7139,2285.3691195718534,0.00024829473,0,LOW,test
2026-01-30 03:15:00,ZONE_A,2334.688670829252,2288.353,2268.5536272272325,0.00014632702,0,LOW,test
2026-01-30 03:30:00,ZONE_A,2277.748031665348,2288.975,2304.159151759269,0.00022880884,0,LOW,test
2026-01-30 03:45:00,ZONE_A,2253.295679584493,2297.8572,2277.7549600637985,0.000231037,0,LOW,test
2026-01-30 04:00:00,ZONE_A,2290.351607751454,2293.0813,2283.713129167664,0.00017724553,0,LOW,test
2026-01-30 04:15:00,ZONE_A,2272.8490233216176,2282.1824,2215.846047112076,0.00049280224,0,LOW,test
2026-01-30 04:30:00,ZONE_A,2277.71514211447,2302.1477,2258.5979176379165,0.00015962309,0,LOW,test
2026-01-30 04:45:00,ZONE_A,2306.307679991932,2323.9456,2287.6281264819886,0.00017786822,0,LOW,test
2026-01-30 05:00:00,ZONE_A,2294.7964536517907,2563.8289,2307.620347899845,0.00031041334,0,LOW,test
2026-01-30 05:15:00,ZONE_A,2308.696619934208,2614.333,2286.415173436001,0.0002636613,0,LOW,test
2026-01-30 05:30:00,ZONE_A,2277.22086974596,2565.3428,2262.583344621801,0.00017221355,0,LOW,test
2026-01-30 05:45:00,ZONE_A,2292.19539849622,2628.6545,2252.1489593403367,0.00029972606,0,LOW,test
2026-01-30 06:00:00,ZONE_A,2550.561480834299,2663.651,2532.0457376911427,0.00060402683,0,LOW,test
2026-01-30 06:15:00,ZONE_A,2569.004529896943,2645.2268,2540.694473730935,0.00047609909,0,LOW,test
2026-01-30 06:30:00,ZONE_A,2602.291000270555,2762.4475,2599.7410350756845,0.00039360844,0,LOW,test
2026-01-30 06:45:00,ZONE_A,2638.935793271069,2755.565,2624.410186032956,0.0007729311,0,LOW,test
2026-01-30 07:00:00,ZONE_A,2673.452348579736,2798.117,2660.930904872944,0.0005570846,0,LOW,test
2026-01-30 07:15:00,ZONE_A,2692.3830557964657,2848.0344,2704.03397302075,0.00034449354,0,LOW,test
2026-01-30 07:30:00,ZONE_A,2729.7486545597208,2871.7144,2755.820957678616,0.0012531548,0,LOW,test
2026-01-30 07:45:00,ZONE_A,2764.637775803518,2883.397,2737.9116887858454,0.017247401,0,LOW,test
2026-01-30 08:00:00,ZONE_A,2768.759339564774,3021.917,2856.8611787752025,0.20559427,0,LOW,test
2026-01-30 08:15:00,ZONE_A,2821.899320487212,2982.4763,2800.364996223254,0.052179314,0,LOW,test
2026-01-30 08:30:00,ZONE_A,2841.940597524552,3099.9456,2861.0171985141096,0.34852836,0,MEDIUM,test
2026-01-30 08:45:00,ZONE_A,2892.0261783574583,3032.9148,2936.330551389069,0.8130583,1,HIGH,test
2026-01-30 09:00:00,ZONE_A,2941.846584776912,2766.5066,3064.933973133969,0.13319197,0,LOW,test
2026-01-30 09:15:00,ZONE_A,3030.28294485985,2703.195,2974.272354755303,0.008491765,0,LOW,test
2026-01-30 09:30:00,ZONE_A,3034.636025048463,2732.056,3057.9726933003003,0.0074451016,0,LOW,test
2026-01-30 09:45:00,ZONE_A,3022.50097121432,2747.4087,3117.36788285852,0.019895984,0,LOW,test
2026-01-30 10:00:00,ZONE_A,2638.805790592277,2727.302,2655.145000078733,0.0011568752,0,LOW,test
2026-01-30 10:15:00,ZONE_A,2791.9356396605726,2675.3142,2652.4299676448622,0.0011898171,0,LOW,test
2026-01-30 10:30:00,ZONE_A,2800.6495192336643,2705.5845,2784.454451812156,0.0050334907,0,LOW,test
2026-01-30 10:45:00,ZONE_A,2685.1335293282978,2719.0386,2830.892625547466,0.0013197742,0,LOW,test
2026-01-30 11:00:00,ZONE_A,2736.754315693546,2703.695,2757.5051142775105,0.0043966738,0,LOW,test
2026-01-30 11:15:00,ZONE_A,2699.743061009058,2730.3296,2662.5079682622663,0.0013234906,0,LOW,test
2026-01-30 11:30:00,ZONE_A,2639.673164475309,2714.4724,2870.577715805414,0.0007266229,0,LOW,test
2026-01-30 11:45:00,ZONE_A,2625.468746783977,2698.7598,2699.357195230996,0.0024760633,0,LOW,test
2026-01-30 12:00:00,ZONE_A,2840.220465068792,2697.2688,2669.9880310603107,0.003435244,0,LOW,test
2026-01-30 12:15:00,ZONE_A,2669.0494349043724,2704.805,2689.8141552732723,0.0016725814,0,LOW,test
2026-01-30 12:30:00,ZONE_A,2641.6959135278303,2698.79,2805.560713951968,0.0015162554,0,LOW,test
2026-01-30 12:45:00,ZONE_A,2684.2786703013103,2704.7334,2738.960149940379,0.001820938,0,LOW,test
2026-01-30 13:00:00,ZONE_A,2860.9933554663653,2675.4346,2709.218219670979,0.0034904478,0,LOW,test
2026-01-30 13:15:00,ZONE_A,2810.900418678403,2691.161,2682.49724126238,0.005732491,0,LOW,test
2026-01-30 13:30:00,ZONE_A,2886.3630564045848,2717.7817,2635.1751559555937,0.039407793,0,LOW,test
2026-01-30 13:45:00,ZONE_A,2695.2554949148043,2702.5178,2708.467993147244,0.0046434896,0,LOW,test
2026-01-30 14:00:00,ZONE_A,2652.7775888473016,2689.4685,2679.3188956750782,0.0018472167,0,LOW,test
2026-01-30 14:15:00,ZONE_A,2655.724017702469,2684.5012,2635.71722754059,0.0010190557,0,LOW,test
2026-01-30 14:30:00,ZONE_A,2747.055377999804,2683.8945,2669.422191785028,0.0024822506,0,LOW,test
2026-01-30 14:45:00,ZONE_A,2668.355196692122,2682.572,2698.1359284467803,0.0018729068,0,LOW,test
2026-01-30 15:00:00,ZONE_A,2655.116012091365,2779.4536,2675.2671896318075,0.0014284689,0,LOW,test
2026-01-30 15:15:00,ZONE_A,2673.54599526304,2801.8474,2662.529617191757,0.00094384135,0,LOW,test
2026-01-30 15:30:00,ZONE_A,2660.858002678827,2812.145,2764.659420870356,0.0011617767,0,LOW,test
2026-01-30 15:45:00,ZONE_A,2682.7679194853326,2811.4194,2709.6485435119102,0.0012696534,0,LOW,test
2026-01-30 16:00:00,ZONE_A,2761.3222982403654,2811.76,2784.1290558007267,0.0012772633,0,LOW,test
2026-01-30 16:15:00,ZONE_A,2807.7752064561337,2812.6353,2786.395061719846,0.0055748606,0,LOW,test
2026-01-30 16:30:00,ZONE_A,2817.4956469738854,2816.374,2794.6844019785635,0.00721493,0,LOW,test
2026-01-30 16:45:00,ZONE_A,2781.8961621128096,2807.2866,2837.384966727252,0.018734416,0,LOW,test
2026-01-30 17:00:00,ZONE_A,2808.6960047269845,2810.9211,2808.4542934089304,0.007920211,0,LOW,test
2026-01-30 17:15:00,ZONE_A,2777.2582602826155,2805.5903,2790.7725934721693,0.02878156,0,LOW,test
2026-01-30 17:30:00,ZONE_A,2819.5447125094056,2803.8877,2805.6926395574424,0.0041620997,0,LOW,test
2026-01-30 17:45:00,ZONE_A,2814.881373224291,2805.1567,2835.310147963947,0.00815959,0,LOW,test
2026-01-30 18:00:00,ZONE_A,2804.073357903101,2803.1248,2810.360421265445,0.0038540545,0,LOW,test
2026-01-30 18:15:00,ZONE_A,2821.0411757314446,2801.2644,2798.856756340487,0.0020403457,0,LOW,test
2026-01-30 18:30:00,ZONE_A,2802.214173344823,2813.1228,2811.071994625188,0.0040572654,0,LOW,test
2026-01-30 18:45:00,ZONE_A,2809.419237638326,2803.8982,2814.128733966229,0.0026332086,0,LOW,test
2026-01-30 19:00:00,ZONE_A,2840.6832526355884,2815.2375,2829.2623437738603,0.0008689789,0,LOW,test
2026-01-30 19:15:00,ZONE_A,2793.158488318607,2776.1895,2756.933524154512,0.00049340766,0,LOW,test
2026-01-30 19:30:00,ZONE_A,2776.458366636499,2789.4875,2806.2638356628186,0.0006238365,0,LOW,test
2026-01-30 19:45:00,ZONE_A,2776.89006475301,2785.9958,2814.496249049229,0.00044776552,0,LOW,test
2026-01-30 20:00:00,ZONE_A,2809.1446263754574,2664.419,2792.3544974465,0.0013637767,0,LOW,test
2026-01-30 20:15:00,ZONE_A,2795.516280434362,2636.9468,2790.1679207842703,0.00014708213,0,LOW,test
2026-01-30 20:30:00,ZONE_A,2778.7394296044267,2618.6462,2774.935445797817,0.00019699748,0,LOW,test
2026-01-30 20:45:00,ZONE_A,2814.2743610606108,2609.7725,2800.1478251327767,0.00028956807,0,LOW,test
2026-01-30 21:00:00,ZONE_A,2688.916163892959,2554.3186,2696.042851195164,0.00021139358,0,LOW,test
2026-01-30 21:15:00,ZONE_A,2653.889452921588,2517.8074,2697.9704113031075,0.00023287526,0,LOW,test
2026-01-30 21:30:00,ZONE_A,2595.891095419607,2490.8179,2616.1589712599225,0.0002181266,0,LOW,test
2026-01-30 21:45:00,ZONE_A,2556.113203113573,2470.7087,2574.432234827429,0.00029265543,0,LOW,test
2026-01-30 22:00:00,ZONE_A,2638.3773191262217,2440.5,2547.4858857542504,0.00012818824,0,LOW,test
2026-01-30 22:15:00,ZONE_A,2542.342212121889,2402.2903,2493.252437281659,0.0001652026,0,LOW,test
2026-01-30 22:30:00,ZONE_A,2475.0923014879504,2372.8228,2482.981747851759,0.0002778836,0,LOW,test
2026-01-30 22:45:00,ZONE_A,2463.5881351455323,2342.9902,2449.042446514132,0.00024928316,0,LOW,test
2026-01-02 00:00:00,ZONE_B,1604.5304308048333,1603.6185,1608.2696323175912,0.00021273718,0,LOW,train
2026-01-02 00:15:00,ZONE_B,1600.6189617653563,1603.5972,1624.3201307782294,0.00012691191,0,LOW,train
2026-01-02 00:30:00,ZONE_B,1596.315080422919,1603.7617,1622.2238482290854,0.00021645383,0,LOW,train
2026-01-02 00:45:00,ZONE_B,1616.5044883836326,1603.559,1610.197744958424,0.00020592767,0,LOW,train
2026-01-02 01:00:00,ZONE_B,1604.164369045057,1601.6764,1605.579562038313,0.00031612965,0,LOW,train
2026-01-02 01:15:00,ZONE_B,1614.4384250481671,1601.682,1622.8157160090495,0.00022314706,0,LOW,train
2026-01-02 01:30:00,ZONE_B,1567.2695364720048,1601.4133,1581.9009702217372,0.00022103712,0,LOW,train
2026-01-02 01:45:00,ZONE_B,1600.3594515873665,1604.8239,1593.049994005882,0.00015291451,0,LOW,train
2026-01-02 02:00:00,ZONE_B,1578.1172920159258,1603.6036,1587.1600601109333,0.00014567534,0,LOW,train
2026-01-02 02:15:00,ZONE_B,1611.140592449756,1603.3805,1554.3352273076991,0.00014374124,0,LOW,train
2026-01-02 02:30:00,ZONE_B,1605.5490651531184,1605.4324,1573.3871969230795,0.0001859371,0,LOW,train
2026-01-02 02:45:00,ZONE_B,1613.67722227864,1603.1716,1611.4877270226775,0.00015105188,0,LOW,train
2026-01-02 03:00:00,ZONE_B,1606.635760634192,1607.2919,1612.2966193535538,0.00010952248,0,LOW,train
2026-01-02 03:15:00,ZONE_B,1593.169591699894,1595.0603,1610.832039089475,0.00019489527,0,LOW,train
2026-01-02 03:30:00,ZONE_B,1631.6003752464774,1602.1625,1587.109705616809,9.876009e-05,0,LOW,train
2026-01-02 03:45:00,ZONE_B,1603.5885904258987,1601.4966,1620.3506284786126,0.0001484483,0,LOW,train
2026-01-02 04:00:00,ZONE_B,1613.9632884350178,1602.3008,1637.9064781790437,0.00013288662,0,LOW,train
2026-01-02 04:15:00,ZONE_B,1574.8970186558968,1598.2705,1609.8347928151245,0.00015863575,0,LOW,train
2026-01-02 04:30:00,ZONE_B,1587.8511820943356,1602.6385,1602.969005673021,0.00015567182,0,LOW,train
2026-01-02 04:45:00,ZONE_B,1568.5702162484745,1607.6023,1597.9089722286294,0.00013226742,0,LOW,train
2026-01-02 05:00:00,ZONE_B,1609.291138029743,1833.3645,1625.315981687327,0.00015933963,0,LOW,train
2026-01-02 05:15:00,ZONE_B,1583.9215931152116,1839.9486,1566.319919644077,0.00014815909,0,LOW,train
2026-01-02 05:30:00,ZONE_B,1594.34749440904,1855.9581,1602.5513646610782,0.00021873495,0,LOW,train
2026-01-02 05:45:00,ZONE_B,1582.419674620991,1887.6614,1623.3744558846247,0.00038189508,0,LOW,train
2026-01-02 06:00:00,ZONE_B,1798.8622770091488,1888.521,1780.1203723877843,0.0004802615,0,LOW,train
2026-01-02 06:15:00,ZONE_B,1809.3231652183065,2033.0264,1818.4255037406745,0.0005698623,0,LOW,train
2026-01-02 06:30:00,ZONE_B,1875.0007099807365,1972.572,1839.128357129064,0.00045008812,0,LOW,train
2026-01-02 06:45:00,ZONE_B,1899.689139575294,2008.8015,1871.088135263016,0.0012028809,0,LOW,train
2026-01-02 07:00:00,ZONE_B,1865.673457806456,2001.7898,1893.9423024423963,0.0026500141,0,LOW,train
2026-01-02 07:15:00,ZONE_B,2096.9190275492574,2024.4396,1917.9156276816675,0.07122356,0,LOW,train
2026-01-02 07:30:00,ZONE_B,1945.260817201117,2093.2175,1963.437526329852,0.11123663,0,LOW,train
2026-01-02 07:45:00,ZONE_B,2004.6488805750928,2133.636,2095.872121034861,0.25612763,0,LOW,train
2026-01-02 08:00:00,ZONE_B,1971.2254050010729,2133.4426,2013.785393382506,0.24282916,0,LOW,train
2026-01-02 08:15:00,ZONE_B,2014.399784824401,2204.3223,2031.1878088491967,0.977879,1,CRITICAL,train
2026-01-02 08:30:00,ZONE_B,2068.574356644564,2195.1375,2118.355313701067,0.97897524,1,CRITICAL,train
2026-01-02 08:45:00,ZONE_B,2115.840948160264,2294.1172,2069.6599247646595,0.9839363,1,CRITICAL,train
2026-01-02 09:00:00,ZONE_B,2065.6628495428927,1970.5913,2172.9048647176296,0.045966387,0,LOW,train
2026-01-02 09:15:00,ZONE_B,2202.8728278618523,1967.717,2139.025112788868,0.037876636,0,LOW,train
2026-01-02 09:30:00,ZONE_B,2162.2327157099667,2055.9644,2142.754540330148,0.0385701,0,LOW,train
2026-01-02 09:45:00,ZONE_B,2381.299714563855,1930.0802,2258.185194764265,0.05136035,0,LOW,train
2026-01-02 10:00:00,ZONE_B,1923.5356676434865,1996.3932,2044.051944332172,0.042297676,0,LOW,train
2026-01-02 10:15:00,ZONE_B,1955.393538852532,2122.499,1994.6627088826465,0.9438897,1,CRITICAL,train
2026-01-02 10:30:00,ZONE_B,2121.336899796904,1963.5585,1983.8102280656533,0.09158016,0,LOW,train
2026-01-02 10:45:00,ZONE_B,1882.030190264543,2037.5516,1979.5516003646053,0.01873543,0,LOW,train
2026-01-02 11:00:00,ZONE_B,2003.0596412836337,2049.681,1894.219042478777,0.033223692,0,LOW,train
2026-01-02 11:15:00,ZONE_B,2151.7316401830994,2058.511,1905.285232601897,0.0026127447,0,LOW,train
2026-01-02 11:30:00,ZONE_B,1899.4572953476168,1965.4596,1952.756992656406,0.020773664,0,LOW,train
2026-01-02 11:45:00,ZONE_B,2048.340134698145,1969.2625,2122.6187573422185,0.0074326033,0,LOW,train
2026-01-02 12:00:00,ZONE_B,2090.584861961033,2046.0391,2013.36361671647,0.0110967215,0,LOW,train
2026-01-02 12:15:00,ZONE_B,2077.790083109332,2014.8506,1894.2825549004176,0.016368503,0,LOW,train
2026-01-02 12:30:00,ZONE_B,1892.1790054804185,1970.43,2032.944471108672,0.009903032,0,LOW,train
2026-01-02 12:45:00,ZONE_B,1901.961609005596,1978.6859,1956.62978903088,0.01500366,0,LOW,train
2026-01-02 13:00:00,ZONE_B,2039.7151151547823,1941.1056,1926.4519694666687,0.022243757,0,LOW,train
2026-01-02 13:15:00,ZONE_B,2038.7596146727392,1974.9479,2077.794781403249,0.0017982911,0,LOW,train
2026-01-02 13:30:00,ZONE_B,1997.634961368696,1975.3873,2060.128121746411,0.004215622,0,LOW,train
2026-01-02 13:45:00,ZONE_B,2006.7160698838504,1944.039,2062.8477926760816,0.0054961587,0,LOW,train
2026-01-02 14:00:00,ZONE_B,1891.5669046561288,2033.2294,1915.7109263979603,0.0039343177,0,LOW,train
2026-01-02 14:15:00,ZONE_B,1960.2726684260608,1969.0232,1918.7226975794483,0.01191916,0,LOW,train
2026-01-02 14:30:00,ZONE_B,1985.2516184515728,1941.5269,1987.5776832727029,0.0052874875,0,LOW,train
2026-01-02 14:45:00,ZONE_B,1896.8838183563616,1942.1107,2006.927935162499,0.0024696658,0,LOW,train
2026-01-02 15:00:00,ZONE_B,2127.993000680264,2036.481,1912.565894381752,0.007219454,0,LOW,train
2026-01-02 15:15:00,ZONE_B,1993.7567423779803,2019.2273,1912.8409018378711,0.0034947777,0,LOW,train
2026-01-02 15:30:00,ZONE_B,1860.8718509764155,2039.1979,1889.8830866149408,0.014288166,0,LOW,train
2026-01-02 15:45:00,ZONE_B,1964.4826742537985,2006.6592,1928.763911704175,0.0045803622,0,LOW,train
2026-01-02 16:00:00,ZONE_B,2041.9057702223704,2009.197,2093.284763780209,0.0031066507,0,LOW,train
2026-01-02 16:15:00,ZONE_B,2048.3973864967584,2006.8253,2114.346821427687,0.0015954426,0,LOW,train
2026-01-02 16:30:00,ZONE_B,2071.4833122292807,2012.0868,2014.2719497711464,0.0035413287,0,LOW,train
2026-01-02 16:45:00,ZONE_B,1991.4603925698648,2014.7565,2022.293438754729,0.023683071,0,LOW,train
2026-01-02 17:00:00,ZONE_B,1997.671750671556,2008.1841,1959.555083815932,0.018292665,0,LOW,train
2026-01-02 17:15:00,ZONE_B,2010.260957348205,2006.6387,2005.7536408735143,0.023210153,0,LOW,train
2026-01-02 17:30:00,ZONE_B,2004.4492972468493,2001.501,2003.7308364240523,0.02985603,0,LOW,train
2026-01-02 17:45:00,ZONE_B,2039.571108055684,2002.6707,2034.2757779512413,0.007154411,0,LOW,train
2026-01-02 18:00:00,ZONE_B,2009.5593995519848,1998.2184,2017.0472626960072,0.0044265348,0,LOW,train
2026-01-02 18:15:00,ZONE_B,2020.1250159886545,1999.0161,1987.4022752485453,0.0025072873,0,LOW,train
2026-01-02 18:30:00,ZONE_B,1977.386869789085,1999.6213,2008.147943552888,0.0010965645,0,LOW,train
2026-01-02 18:45:00,ZONE_B,2032.7221022119263,2000.5886,1982.240741267968,0.0013591147,0,LOW,train
2026-01-02 19:00:00,ZONE_B,1994.252567206044,1998.1442,1994.0896741348893,0.0006211894,0,LOW,train
2026-01-02 19:15:00,ZONE_B,2015.8787024182104,1998.8666,1999.686240664861,0.0011991143,0,LOW,train
2026-01-02 19:30:00,ZONE_B,1986.001811764652,1996.1288,2008.894445241484,0.00076385366,0,LOW,train
2026-01-02 19:45:00,ZONE_B,2002.3408207116247,1996.6716,2014.4555354786555,0.00066280004,0,LOW,train
2026-01-02 20:00:00,ZONE_B,2007.6549262989645,1891.503,2001.0972657431228,0.0005499683,0,LOW,train
2026-01-02 20:15:00,ZONE_B,1979.4401185356512,1867.2089,2015.3291191969945,0.0009339721,0,LOW,train
2026-01-02 20:30:00,ZONE_B,1985.423540189964,1853.5304,2018.388582316769,0.00054955855,0,LOW,train
2026-01-02 20:45:00,ZONE_B,1970.894220481976,1838.9333,1992.440205080296,0.0007033384,0,LOW,train
2026-01-02 21:00:00,ZONE_B,1913.9131908859824,1807.92,1904.0704951042967,0.00020971886,0,LOW,train
2026-01-02 21:15:00,ZONE_B,1868.4233834682552,1795.2758,1896.140868383308,0.00032268622,0,LOW,train
2026-01-02 21:30:00,ZONE_B,1825.7369862539952,1751.3052,1884.6497001539128,0.00032648246,0,LOW,train
2026-01-02 21:45:00,ZONE_B,1812.8987261855607,1721.3678,1827.726225911273,0.00026859064,0,LOW,train
2026-01-02 22:00:00,ZONE_B,1761.784591286557,1705.9438,1797.0930937102453,0.00018468451,0,LOW,train
2026-01-02 22:15:00,ZONE_B,1805.655677695362,1689.4967,1760.799498263698,0.00022691718,0,LOW,train
2026-01-02 22:30:00,ZONE_B,1713.1777653515987,1651.4817,1762.7516027556362,0.00031678553,0,LOW,train
2026-01-02 22:45:00,ZONE_B,1702.4825834570977,1639.8936,1751.4242225215514,0.00040873728,0,LOW,train
2026-01-02 23:00:00,ZONE_B,1690.3820858237275,1612.0193,1667.5282582873033,0.00019757799,0,LOW,train
2026-01-02 23:15:00,ZONE_B,1695.3006060116973,1611.9185,1637.7146032548706,0.00028482926,0,LOW,train
2026-01-02 23:30:00,ZONE_B,1668.5003493624492,1609.0034,1673.6812322881697,0.00029022808,0,LOW,train
2026-01-02 23:45:00,ZONE_B,1630.2315496813085,1608.2343,1643.167571382834,0.0003526312,0,LOW,train
2026-01-03 00:00:00,ZONE_B,1616.5492960249903,1603.4664,1604.5304308048333,0.0001758376,0,LOW,train
2026-01-03 00:15:00,ZONE_B,1601.021353732149,1601.9575,1600.6189617653563,0.00023715386,0,LOW,train
2026-01-03 00:30:00,ZONE_B,1605.349748174677,1601.6898,1596.315080422919,0.0004966072,0,LOW,train
2026-01-03 00:45:00,ZONE_B,1605.6114993191725,1601.3774,1616.5044883836326,0.00036752122,0,LOW,train
2026-01-03 01:00:00,ZONE_B,1613.6384600643478,1615.6282,1604.164369045057,0.00037108833,0,LOW,train
2026-01-03 01:15:00,ZONE_B,1596.6807653705414,1596.0824,1614.4384250481671,0.0002082636,0,LOW,train
2026-01-03 01:30:00,ZONE_B,1583.1181987800976,1603.7076,1567.2695364720048,0.00039652418,0,LOW,train
2026-01-03 01:45:00,ZONE_B,1607.211600317726,1601.3774,1600.3594515873665,0.00042951666,0,LOW,train
2026-01-03 02:00:00,ZONE_B,1631.8820464001865,1601.6606,1578.1172920159258,0.00028110069,0,LOW,train
2026-01-03 02:15:00,ZONE_B,1582.785240230538,1602.5223,1611.140592449756,0.00027986415,0,LOW,train
2026-01-03 02:30:00,ZONE_B,1610.199494814168,1604.6385,1605.5490651531184,0.00024314868,0,LOW,train
2026-01-03 02:45:00,ZONE_B,1585.9787293804163,1601.3774,1613.67722227864,0.000427392,0,LOW,train
2026-01-03 03:00:00,ZONE_B,1586.040167589235,1601.5946,1606.635760634192,0.0002306659,0,LOW,train
2026-01-03 03:15:00,ZONE_B,1621.0613943518983,1634.3765,1593.169591699894,0.0003163965,0,LOW,train
2026-01-03 03:30:00,ZONE_B,1599.321155142182,1600.0975,1631.6003752464774,0.00020169205,0,LOW,train
2026-01-03 03:45:00,ZONE_B,1603.448397041828,1600.8896,1603.5885904258987,0.00031707168,0,LOW,train
2026-01-03 04:00:00,ZONE_B,1569.1523878310747,1601.3466,1613.9632884350178,0.00022383087,0,LOW,train
2026-01-03 04:15:00,ZONE_B,1724.5496833172283,1606.7133,1574.8970186558968,0.00085016293,0,LOW,train
2026-01-03 04:30:00,ZONE_B,1608.9003731981702,1601.68,1587.8511820943356,0.00035701608,0,LOW,train
2026-01-03 04:45:00,ZONE_B,1600.671031936365,1585.4006,1568.5702162484745,0.0003946693,0,LOW,train
2026-01-03 05:00:00,ZONE_B,1571.8687151344054,1730.3005,1609.291138029743,0.0005887959,0,LOW,train
2026-01-03 05:15:00,ZONE_B,1588.1117260284404,1814.07,1583.9215931152116,0.00039496587,0,LOW,train
2026-01-03 05:30:00,ZONE_B,1599.375540823523,1848.1346,1594.34749440904,0.0002739094,0,LOW,train
2026-01-03 05:45:00,ZONE_B,1545.1702114104526,1875.7043,1582.419674620991,0.00042986812,0,LOW,train
2026-01-03 06:00:00,ZONE_B,1785.1010468128711,2014.0979,1798.8622770091488,0.0003298614,0,LOW,train
2026-01-03 06:15:00,ZONE_B,1809.3302374330824,1921.6761,1809.3231652183065,0.0007634927,0,LOW,train
2026-01-03 06:30:00,ZONE_B,1843.8271374062344,1969.5703,1875.0007099807365,0.00076039636,0,LOW,train
2026-01-03 06:45:00,ZONE_B,1888.96865564126,1985.8563,1899.689139575294,0.0012161018,0,LOW,train
2026-01-03 07:00:00,ZONE_B,2062.476646396185,2020.6697,1865.673457806456,0.050784186,0,LOW,train
2026-01-03 07:15:00,ZONE_B,1918.2450193459613,2071.929,2096.9190275492574,0.00336921,0,LOW,train
2026-01-03 07:30:00,ZONE_B,1993.7669542293224,2082.1316,1945.260817201117,0.03429206,0,LOW,train
2026-01-03 07:45:00,ZONE_B,1948.8897512483409,2118.9753,2004.6488805750928,0.071771584,0,LOW,train
2026-01-03 08:00:00,ZONE_B,1994.3932058531484,2171.1887,1971.2254050010729,0.18156062,0,LOW,train
2026-01-03 08:15:00,ZONE_B,2122.8782037726687,2177.6921,2014.399784824401,0.9797062,1,CRITICAL,train
2026-01-03 08:30:00,ZONE_B,2073.08327877007,2225.137,2068.574356644564,0.5285994,0,MEDIUM,train
2026-01-03 08:45:00,ZONE_B,2060.0824298712764,2223.4763,2115.840948160264,0.9826544,1,CRITICAL,train
2026-01-03 09:00:00,ZONE_B,2134.380716672718,1994.3984,2065.6628495428927,0.039243665,0,LOW,train
2026-01-03 09:15:00,ZONE_B,2215.854442528469,1957.4583,2202.8728278618523,0.03602935,0,LOW,train
2026-01-03 09:30:00,ZONE_B,2137.033026419825,2084.6228,2162.2327157099667,0.9360809,1,CRITICAL,train
2026-01-03 09:45:00,ZONE_B,2243.742732962464,1998.547,2381.299714563855,0.07642888,0,LOW,train
2026-01-03 10:00:00,ZONE_B,1955.9354551111364,2001.5653,1923.5356676434865,0.019067936,0,LOW,train
2026-01-03 10:15:00,ZONE_B,1919.8898092625784,2010.5702,1955.393538852532,0.020326128,0,LOW,train
2026-01-03 10:30:00,ZONE_B,2200.5822337814966,1981.9242,2121.336899796904,0.057638805,0,LOW,train
2026-01-03 10:45:00,ZONE_B,2043.5722840837352,2074.0076,1882.030190264543,0.108607285,0,LOW,train
2026-01-03 11:00:00,ZONE_B,1913.2169626775687,1979.561,2003.0596412836337,0.017179035,0,LOW,train
2026-01-03 11:15:00,ZONE_B,2030.199080076744,1980.4055,2151.7316401830994,0.009580438,0,LOW,train
2026-01-03 11:30:00,ZONE_B,1940.3654093468,2025.6833,1899.4572953476168,0.030474164,0,LOW,train
2026-01-03 11:45:00,ZONE_B,2092.815147675856,2058.323,2048.340134698145,0.025078943,0,LOW,train
2026-01-03 12:00:00,ZONE_B,1931.1500278062929,1960.5126,2090.584861961033,0.0050483234,0,LOW,train
2026-01-03 12:15:00,ZONE_B,2005.0948677308168,1956.1533,2077.790083109332,0.03100514,0,LOW,train
2026-01-03 12:30:00,ZONE_B,2035.199826221056,1979.0483,1892.1790054804185,0.059325952,0,LOW,train
2026-01-03 12:45:00,ZONE_B,2107.4928415950885,1914.0748,1901.961609005596,0.07222141,0,LOW,train
2026-01-03 13:00:00,ZONE_B,1911.0930187842632,2030.453,2039.7151151547823,0.007663474,0,LOW,train
2026-01-03 13:15:00,ZONE_B,1945.8738545002884,1993.0302,2038.7596146727392,0.006629967,0,LOW,train
2026-01-03 13:30:00,ZONE_B,1937.0091626963297,1942.8284,1997.634961368696,0.014479921,0,LOW,train
2026-01-03 13:45:00,ZONE_B,1831.757755540989,2022.9218,2006.7160698838504,0.0009710399,0,LOW,train
2026-01-03 14:00:00,ZONE_B,2120.861167833101,2058.754,1891.5669046561288,0.055487905,0,LOW,train
2026-01-03 14:15:00,ZONE_B,1984.2685439572508,1973.3704,1960.2726684260608,0.020357704,0,LOW,train
2026-01-03 14:30:00,ZONE_B,1902.949184807951,1944.617,1985.2516184515728,0.02310355,0,LOW,train
2026-01-03 14:45:00,ZONE_B,2064.341894324347,1959.612,1896.8838183563616,0.048678834,0,LOW,train
2026-01-03 15:00:00,ZONE_B,2108.833256712337,2070.132,2127.993000680264,0.048408307,0,LOW,train
2026-01-03 15:15:00,ZONE_B,2012.187698345621,2021.1082,1993.7567423779803,0.015967676,0,LOW,train
2026-01-03 15:30:00,ZONE_B,1917.374580256964,2027.2778,1860.8718509764155,0.014732586,0,LOW,train
2026-01-03 15:45:00,ZONE_B,1874.311699460898,2025.7568,1964.4826742537985,0.02265476,0,LOW,train
2026-01-03 16:00:00,ZONE_B,2127.185775071824,2016.2203,2041.9057702223704,0.018537687,0,LOW,train
2026-01-03 16:15:00,ZONE_B,1980.825925417128,2017.8325,2048.3973864967584,0.030530492,0,LOW,train
2026-01-03 16:30:00,ZONE_B,2048.2990126742475,2024.6692,2071.4833122292807,0.05550405,0,LOW,train
2026-01-03 16:45:00,ZONE_B,2043.717050611975,2004.9142,1991.4603925698648,0.015115444,0,LOW,train
2026-01-03 17:00:00,ZONE_B,2028.842685254176,2018.7213,1997.671750671556,0.06958123,0,LOW,train
2026-01-03 17:15:00,ZONE_B,1987.073654046052,2008.6912,2010.260957348205,0.018044103,0,LOW,train
2026-01-03 17:30:00,ZONE_B,1998.693529554412,1998.9962,2004.4492972468493,0.008394834,0,LOW,train
2026-01-03 17:45:00,ZONE_B,1988.3872944049456,1995.7019,2039.571108055684,0.0029715933,0,LOW,train
2026-01-03 18:00:00,ZONE_B,2015.1882754844364,1995.4459,2009.5593995519848,0.0013982167,0,LOW,train
2026-01-03 18:15:00,ZONE_B,2006.8674069959093,1996.1577,2020.1250159886545,0.0014778578,0,LOW,train
2026-01-03 18:30:00,ZONE_B,1987.420391815904,2006.0277,1977.386869789085,0.002207169,0,LOW,train
2026-01-03 18:45:00,ZONE_B,1993.661859027886,1996.5505,2032.7221022119263,0.00028863313,0,LOW,train
2026-01-03 19:00:00,ZONE_B,1957.6089632872124,1996.4089,1994.252567206044,0.0002010636,0,LOW,train
2026-01-03 19:15:00,ZONE_B,1993.6690859358048,1998.385,2015.8787024182104,0.00091285247,0,LOW,train
2026-01-03 19:30:00,ZONE_B,2010.2052876985065,1994.3391,1986.001811764652,0.0007516436,0,LOW,train
2026-01-03 19:45:00,ZONE_B,2022.7848363672656,2008.9252,2002.3408207116247,0.00046912764,0,LOW,train
2026-01-03 20:00:00,ZONE_B,2000.3930600369708,1879.6469,2007.6549262989645,0.0008337815,0,LOW,train
2026-01-03 20:15:00,ZONE_B,2017.609422108568,1866.0114,1979.4401185356512,0.0005951086,0,LOW,train
2026-01-03 20:30:00,ZONE_B,1984.277387276348,1853.0228,1985.423540189964,0.0004920048,0,LOW,train
2026-01-03 20:45:00,ZONE_B,2032.152347736489,1846.3109,1970.894220481976,0.0009572771,0,LOW,train
2026-01-03 21:00:00,ZONE_B,1872.373743312108,1800.3033,1913.9131908859824,0.0003582448,0,LOW,train
2026-01-03 21:15:00,ZONE_B,1840.2873824829,1768.2054,1868.4233834682552,0.0003558728,0,LOW,train
2026-01-03 21:30:00,ZONE_B,1825.1452423358105,1734.616,1825.7369862539952,0.00019916016,0,LOW,train
2026-01-03 21:45:00,ZONE_B,1823.3628450728067,1735.7738,1812.8987261855607,0.0003205561,0,LOW,train
2026-01-03 22:00:00,ZONE_B,1766.508399363391,1690.9733,1761.784591286557,0.00060803565,0,LOW,train
2026-01-03 22:15:00,ZONE_B,1780.8519689148166,1716.9712,1805.655677695362,0.0006517839,0,LOW,train
2026-01-03 22:30:00,ZONE_B,1778.6182816199546,1651.9932,1713.1777653515987,0.0006013698,0,LOW,train
2026-01-03 22:45:00,ZONE_B,1750.3702104537267,1630.9929,1702.4825834570977,0.00078605016,0,LOW,train
2026-01-03 23:00:00,ZONE_B,1692.0564024513094,1617.1235,1690.3820858237275,0.0005157826,0,LOW,train
2026-01-03 23:15:00,ZONE_B,1747.1974914010232,1615.1144,1695.3006060116973,0.00019881333,0,LOW,train
2026-01-03 23:30:00,ZONE_B,1657.7875159974972,1615.5226,1668.5003493624492,0.00045446234,0,LOW,train
2026-01-03 23:45:00,ZONE_B,1643.3492430718743,1612.4968,1630.2315496813085,0.00069261563,0,LOW,train
2026-01-04 00:00:00,ZONE_B,1631.3751447050486,1603.9623,1616.5492960249903,0.0003596989,0,LOW,train
2026-01-04 00:15:00,ZONE_B,1591.4131229901056,1605.2079,1601.021353732149,0.00036081922,0,LOW,train
2026-01-04 00:30:00,ZONE_B,1599.3351051989027,1602.1896,1605.349748174677,0.00054344506,0,LOW,train
2026-01-04 00:45:00,ZONE_B,1609.9958346099393,1602.184,1605.6114993191725,0.00075607613,0,LOW,train
2026-01-04 01:00:00,ZONE_B,1623.8619031163316,1604.4131,1613.6384600643478,0.0006649569,0,LOW,train
2026-01-04 01:15:00,ZONE_B,1615.737201374703,1604.1538,1596.6807653705414,0.00053920975,0,LOW,train
2026-01-04 01:30:00,ZONE_B,1620.7212886079903,1603.0538,1583.1181987800976,0.00031621192,0,LOW,train
2026-01-04 01:45:00,ZONE_B,1599.4488812696886,1596.6459,1607.211600317726,0.0005579391,0,LOW,train
2026-01-04 02:00:00,ZONE_B,1541.851262419587,1601.556,1631.8820464001865,0.000507057,0,LOW,train
2026-01-04 02:15:00,ZONE_B,1606.737847293909,1602.9255,1582.785240230538,0.00045485716,0,LOW,train
2026-01-04 02:30:00,ZONE_B,1628.0843232335028,1601.6862,1610.199494814168,0.00044699444,0,LOW,train
2026-01-04 02:45:00,ZONE_B,1590.8442129428197,1601.8035,1585.9787293804163,0.0005091745,0,LOW,train
2026-01-04 03:00:00,ZONE_B,1597.0290743571911,1604.0442,1586.040167589235,0.0006015856,0,LOW,train
2026-01-04 03:15:00,ZONE_B,1620.77512579229,1600.0773,1621.0613943518983,0.00031173785,0,LOW,train
2026-01-04 03:30:00,ZONE_B,1572.5780962752783,1599.3672,1599.321155142182,0.00030582878,0,LOW,train
2026-01-04 03:45:00,ZONE_B,1567.9863378196803,1607.4557,1603.448397041828,0.0003638137,0,LOW,train
2026-01-04 04:00:00,ZONE_B,1586.8107924295082,1604.9917,1569.1523878310747,0.0008300787,0,LOW,train
2026-01-04 04:15:00,ZONE_B,1621.6281308878497,1618.0131,1724.5496833172283,0.0004839208,0,LOW,train
2026-01-04 04:30:00,ZONE_B,1580.5223162776515,1599.9841,1608.9003731981702,0.0011431321,0,LOW,train
2026-01-04 04:45:00,ZONE_B,1635.1298656335064,1603.7137,1600.671031936365,0.0005215324,0,LOW,train
2026-01-04 05:00:00,ZONE_B,1611.2051972266595,1776.8378,1571.8687151344054,0.0005843079,0,LOW,train
2026-01-04 05:15:00,ZONE_B,1633.0688021765168,1828.6376,1588.1117260284404,0.0004360774,0,LOW,train
2026-01-04 05:30:00,ZONE_B,1589.669621322488,1853.0598,1599.375540823523,0.00040759082,0,LOW,train
2026-01-04 05:45:00,ZONE_B,1597.6322432531151,1869.4849,1545.1702114104526,0.0011297313,0,LOW,train
2026-01-04 06:00:00,ZONE_B,1801.3556391434306,1916.6278,1785.1010468128711,0.0008581639,0,LOW,train
2026-01-04 06:15:00,ZONE_B,1832.9255507977373,1914.5406,1809.3302374330824,0.00086842687,0,LOW,train
2026-01-04 06:30:00,ZONE_B,1840.7961920843168,1960.8842,1843.8271374062344,0.0012443762,0,LOW,train
2026-01-04 06:45:00,ZONE_B,1879.1505655572685,1987.8516,1888.96865564126,0.037453108,0,LOW,train
2026-01-04 07:00:00,ZONE_B,1932.2912952151385,2013.2533,2062.476646396185,0.010368954,0,LOW,train
2026-01-04 07:15:00,ZONE_B,1895.745653291454,2050.4556,1918.2450193459613,0.0051087826,0,LOW,train
2026-01-04 07:30:00,ZONE_B,1975.696073997425,2056.998,1993.7669542293224,0.022349443,0,LOW,train
2026-01-04 07:45:00,ZONE_B,1959.4398217526689,2145.848,1948.8897512483409,0.9613615,1,CRITICAL,train
2026-01-04 08:00:00,ZONE_B,2011.980625605102,2136.5007,1994.3932058531484,0.27936026,0,LOW,train
2026-01-04 08:15:00,ZONE_B,2080.338923734977,2162.9082,2122.8782037726687,0.36983293,0,MEDIUM,train
2026-01-04 08:30:00,ZONE_B,2041.845891275396,2252.6711,2073.08327877007,0.98295,1,CRITICAL,train
2026-01-04 08:45:00,ZONE_B,2321.406466725839,2271.6873,2060.0824298712764,0.9848957,1,CRITICAL,train
2026-01-04 09:00:00,ZONE_B,2086.7589355561854,2013.7823,2134.380716672718,0.07079307,0,LOW,train
2026-01-04 09:15:00,ZONE_B,2122.618283151454,2031.671,2215.854442528469,0.076935574,0,LOW,train
2026-01-04 09:30:00,ZONE_B,2327.42191678924,2006.1764,2137.033026419825,0.09553988,0,LOW,train
2026-01-04 09:45:00,ZONE_B,2297.2300339798044,1974.665,2243.742732962464,0.022314163,0,LOW,train
2026-01-04 10:00:00,ZONE_B,2039.730556730564,1980.1117,1955.9354551111364,0.0102085145,0,LOW,train
2026-01-04 10:15:00,ZONE_B,2073.295548055756,1972.5917,1919.8898092625784,0.025409784,0,LOW,train
2026-01-04 10:30:00,ZONE_B,2012.027496165016,2024.6738,2200.5822337814966,0.03353061,0,LOW,train
2026-01-04 10:45:00,ZONE_B,1899.8445011109404,2003.3317,2043.5722840837352,0.005299353,0,LOW,train
2026-01-04 11:00:00,ZONE_B,1976.575764265213,1974.5337,1913.2169626775687,0.010972232,0,LOW,train
2026-01-04 11:15:00,ZONE_B,1901.3032721095365,1982.0443,2030.199080076744,0.007239803,0,LOW,train
2026-01-04 11:30:00,ZONE_B,2068.170636317061,2002.3168,1940.3654093468,0.0064460807,0,LOW,train
2026-01-04 11:45:00,ZONE_B,1991.9199694365689,1990.3513,2092.815147675856,0.0096784895,0,LOW,train
2026-01-04 12:00:00,ZONE_B,1899.8342337034912,1967.6278,1931.1500278062929,0.014376348,0,LOW,train
2026-01-04 12:15:00,ZONE_B,1966.569132828149,1988.2152,2005.0948677308168,0.016642183,0,LOW,train
2026-01-04 12:30:00,ZONE_B,2066.003636214268,1991.9299,2035.199826221056,0.0077516153,0,LOW,train
2026-01-04 12:45:00,ZONE_B,1931.1446607797127,1958.8972,2107.4928415950885,0.0031244357,0,LOW,train
2026-01-04 13:00:00,ZONE_B,1942.554331670078,1964.7902,1911.0930187842632,0.01196784,0,LOW,train
2026-01-04 13:15:00,ZONE_B,2003.1765473215844,1959.5626,1945.8738545002884,0.019407054,0,LOW,train
2026-01-04 13:30:00,ZONE_B,1999.6444086867969,1956.7435,1937.0091626963297,0.031542577,0,LOW,train
2026-01-04 13:45:00,ZONE_B,1938.2703201595696,1928.0765,1831.757755540989,0.0048054797,0,LOW,train
2026-01-04 14:00:00,ZONE_B,1963.64248437496,1943.4354,2120.861167833101,0.0023401994,0,LOW,train
2026-01-04 14:15:00,ZONE_B,1949.6015323435952,1943.7903,1984.2685439572508,0.016122023,0,LOW,train
2026-01-04 14:30:00,ZONE_B,1884.4529125071808,1956.2883,1902.949184807951,0.0059514274,0,LOW,train
2026-01-04 14:45:00,ZONE_B,1898.29647815458,1982.0143,2064.341894324347,0.0038342515,0,LOW,train
2026-01-04 15:00:00,ZONE_B,1910.188979348214,2006.9692,2108.833256712337,0.014989403,0,LOW,train
2026-01-04 15:15:00,ZONE_B,1876.107447936076,1995.7926,2012.187698345621,0.0012941245,0,LOW,train
2026-01-04 15:30:00,ZONE_B,1935.155584738516,1994.4465,1917.374580256964,0.0012356585,0,LOW,train
2026-01-04 15:45:00,ZONE_B,2012.147302498388,2013.1671,1874.311699460898,0.018457582,0,LOW,train
2026-01-04 16:00:00,ZONE_B,2051.361953372037,2001.4633,2127.185775071824,0.0035790799,0,LOW,train
2026-01-04 16:15:00,ZONE_B,2017.3074994119315,2002.2701,1980.825925417128,0.0016970428,0,LOW,train
2026-01-04 16:30:00,ZONE_B,2022.096364659199,2009.2698,2048.2990126742475,0.0035509765,0,LOW,train
2026-01-04 16:45:00,ZONE_B,2030.586613073834,2001.6256,2043.717050611975,0.001465826,0,LOW,train
2026-01-04 17:00:00,ZONE_B,2012.6686445383752,1999.1523,2028.842685254176,0.0013948625,0,LOW,train
2026-01-04 17:15:00,ZONE_B,2018.7441254116336,1996.2388,1987.073654046052,0.0005231293,0,LOW,train
2026-01-04 17:30:00,ZONE_B,2047.2200987400072,1995.1548,1998.693529554412,0.001136909,0,LOW,train
2026-01-04 17:45:00,ZONE_B,1982.95893724715,1999.6362,1988.3872944049456,0.00066804176,0,LOW,train
2026-01-04 18:00:00,ZONE_B,1986.6124678356744,1997.126,2015.1882754844364,0.00035839443,0,LOW,train
2026-01-04 18:15:00,ZONE_B,1989.8622530026555,1995.0713,2006.8674069959093,0.00070943235,0,LOW,train
2026-01-04 18:30:00,ZONE_B,1998.767081463956,1999.2411,1987.420391815904,0.00048142872,0,LOW,train
2026-01-04 18:45:00,ZONE_B,1987.177751449111,1989.546,1993.661859027886,0.000227715,0,LOW,train
2026-01-04 19:00:00,ZONE_B,1987.984149375136,1990.4535,1957.6089632872124,0.00013066584,0,LOW,train
2026-01-04 19:15:00,ZONE_B,1983.1949647076267,1995.5365,1993.6690859358048,0.00014204951,0,LOW,train
2026-01-04 19:30:00,ZONE_B,1973.079854567733,1992.6604,2010.2052876985065,0.00021837006,0,LOW,train
2026-01-04 19:45:00,ZONE_B,1970.229107219361,1982.0967,2022.7848363672656,0.00027756218,0,LOW,train
2026-01-04 20:00:00,ZONE_B,1982.9846038331764,1868.5273,2000.3930600369708,0.0002562521,0,LOW,train
2026-01-04 20:15:00,ZONE_B,2011.599531539145,1860.9287,2017.609422108568,0.00020272798,0,LOW,train
2026-01-04 20:30:00,ZONE_B,1996.6431672697424,1848.595,1984.277387276348,0.00036171966,0,LOW,train
2026-01-04 20:45:00,ZONE_B,1964.734981360161,1843.4723,2032.152347736489,0.00024024765,0,LOW,train
2026-01-04 21:00:00,ZONE_B,1906.380390361304,1802.9136,1872.373743312108,0.0001377916,0,LOW,train
2026-01-04 21:15:00,ZONE_B,1856.26465134834,1757.7422,1840.2873824829,0.00026878403,0,LOW,train
2026-01-04 21:30:00,ZONE_B,1828.4479822507053,1719.3555,1825.1452423358105,0.00085977383,0,LOW,train
2026-01-04 21:45:00,ZONE_B,1833.818376556167,1735.9286,1823.3628450728067,0.00059444393,0,LOW,train
2026-01-04 22:00:00,ZONE_B,1797.20509171065,1689.2722,1766.508399363391,0.00037284434,0,LOW,train
2026-01-04 22:15:00,ZONE_B,1756.4223508317966,1674.9603,1780.8519689148166,0.00047439302,0,LOW,train
2026-01-04 22:30:00,ZONE_B,1745.40729207995,1656.4738,1778.6182816199546,0.0011321154,0,LOW,train
2026-01-04 22:45:00,ZONE_B,1753.4079286219703,1634.0084,1750.3702104537267,0.0009069204,0,LOW,train
2026-01-04 23:00:00,ZONE_B,1704.3015404263206,1615.7167,1692.0564024513094,0.00054179056,0,LOW,train
2026-01-04 23:15:00,ZONE_B,1666.075332664311,1612.2335,1747.1974914010232,0.00027193857,0,LOW,train
2026-01-04 23:30:00,ZONE_B,1721.8938315474738,1612.8018,1657.7875159974972,0.00081410795,0,LOW,train
2026-01-04 23:45:00,ZONE_B,1636.9826420274978,1609.1818,1643.3492430718743,0.0007652303,0,LOW,train
2026-01-05 00:00:00,ZONE_B,1630.1231322830597,1605.837,1631.3751447050486,0.000930188,0,LOW,train
2026-01-05 00:15:00,ZONE_B,1582.910669874659,1604.6603,1591.4131229901056,0.0015112753,0,LOW,train
2026-01-05 00:30:00,ZONE_B,1599.001187714365,1603.8762,1599.3351051989027,0.0010192241,0,LOW,train
2026-01-05 00:45:00,ZONE_B,1595.352762462874,1605.3651,1609.9958346099393,0.00083882344,0,LOW,train
2026-01-05 01:00:00,ZONE_B,1602.7265486409135,1603.8613,1623.8619031163316,0.0007078042,0,LOW,train
2026-01-05 01:15:00,ZONE_B,1599.8851280896818,1604.9406,1615.737201374703,0.00024711952,0,LOW,train
2026-01-05 01:30:00,ZONE_B,1592.210681492046,1604.5298,1620.7212886079903,0.0005188336,0,LOW,train
2026-01-05 01:45:00,ZONE_B,1608.6105922335407,1603.5281,1599.4488812696886,0.00071820733,0,LOW,train
2026-01-05 02:00:00,ZONE_B,1614.7220574659534,1598.4391,1541.851262419587,0.0009042232,0,LOW,train
2026-01-05 02:15:00,ZONE_B,1592.2865480575626,1603.7087,1606.737847293909,0.0011847758,0,LOW,train
2026-01-05 02:30:00,ZONE_B,1617.7590849041203,1604.8618,1628.0843232335028,0.0005996353,0,LOW,train
2026-01-05 02:45:00,ZONE_B,1608.2802588388938,1605.0988,1590.8442129428197,0.00091498933,0,LOW,train
2026-01-05 03:00:00,ZONE_B,1590.6572423226903,1604.5204,1597.0290743571911,0.0013526144,0,LOW,train
2026-01-05 03:15:00,ZONE_B,1607.8790401798788,1603.0592,1620.77512579229,0.0009575868,0,LOW,train
2026-01-05 03:30:00,ZONE_B,1618.1609692101238,1603.0424,1572.5780962752783,0.00041479015,0,LOW,train
2026-01-05 03:45:00,ZONE_B,1604.880121262856,1604.8596,1567.9863378196803,0.0006882935,0,LOW,train
2026-01-05 04:00:00,ZONE_B,1610.74733057733,1602.9993,1586.8107924295082,0.00026696283,0,LOW,train
2026-01-05 04:15:00,ZONE_B,1599.4864947929102,1596.8956,1621.6281308878497,0.00023501458,0,LOW,train
2026-01-05 04:30:00,ZONE_B,1567.3285748474236,1604.2981,1580.5223162776515,0.0009910804,0,LOW,train
2026-01-05 04:45:00,ZONE_B,1633.8330081679533,1604.1759,1635.1298656335064,0.0006910385,0,LOW,train
2026-01-05 05:00:00,ZONE_B,1595.6194926430333,1809.9543,1611.2051972266595,0.0011211877,0,LOW,train
2026-01-05 05:15:00,ZONE_B,1588.533901555372,1834.1467,1633.0688021765168,0.0013423586,0,LOW,train
2026-01-05 05:30:00,ZONE_B,1573.729932134605,1862.1072,1589.669621322488,0.0007084618,0,LOW,train
2026-01-05 05:45:00,ZONE_B,1608.749965928169,1864.9167,1597.6322432531151,0.001225334,0,LOW,train
2026-01-05 06:00:00,ZONE_B,1774.7948390857264,1891.6388,1801.3556391434306,0.002550956,0,LOW,train
2026-01-05 06:15:00,ZONE_B,1836.515799545036,1942.0272,1832.9255507977373,0.0025147316,0,LOW,train
2026-01-05 06:30:00,ZONE_B,1871.2037133264864,1987.8191,1840.7961920843168,0.0016912001,0,LOW,train
2026-01-05 06:45:00,ZONE_B,1836.240533710233,1993.0831,1879.1505655572685,0.0035415895,0,LOW,train
2026-01-05 07:00:00,ZONE_B,1873.7905321177504,2043.1759,1932.2912952151385,0.0024641766,0,LOW,train
2026-01-05 07:15:00,ZONE_B,1944.5063186749608,2026.6627,1895.745653291454,0.0033055644,0,LOW,train
2026-01-05 07:30:00,ZONE_B,1963.1793574603075,2099.3762,1975.696073997425,0.9632752,1,CRITICAL,train
2026-01-05 07:45:00,ZONE_B,1991.837132587929,2125.0247,1959.4398217526689,0.3584925,0,MEDIUM,train
2026-01-05 08:00:00,ZONE_B,2134.556619885611,2199.0986,2011.980625605102,0.9765296,1,CRITICAL,train
2026-01-05 08:15:00,ZONE_B,2002.703378668327,2251.0874,2080.338923734977,0.982625,1,CRITICAL,train
2026-01-05 08:30:00,ZONE_B,2170.097084571765,2203.971,2041.845891275396,0.9854886,1,CRITICAL,train
2026-01-05 08:45:00,ZONE_B,2107.292604868222,2278.871,2321.406466725839,0.9888765,1,CRITICAL,train
2026-01-05 09:00:00,ZONE_B,2337.9629438855795,2023.4381,2086.7589355561854,0.09523461,0,LOW,train
2026-01-05 09:15:00,ZONE_B,2341.157126677497,2078.8652,2122.618283151454,0.060030058,0,LOW,train
2026-01-05 09:30:00,ZONE_B,2199.795017241442,1952.9368,2327.42191678924,0.059226282,0,LOW,train
2026-01-05 09:45:00,ZONE_B,2321.5262273989,2031.6901,2297.2300339798044,0.040055744,0,LOW,train
2026-01-05 10:00:00,ZONE_B,2036.6910199699864,2056.2505,2039.730556730564,0.012542582,0,LOW,train
2026-01-05 10:15:00,ZONE_B,2096.225741721742,1956.4658,2073.295548055756,0.053020187,0,LOW,train
2026-01-05 10:30:00,ZONE_B,1866.9404621209749,1958.5248,2012.027496165016,0.0031100092,0,LOW,train
2026-01-05 10:45:00,ZONE_B,2028.1440966198984,1962.6918,1899.8445011109404,0.06486045,0,LOW,train
2026-01-05 11:00:00,ZONE_B,2101.486040175328,1979.2999,1976.575764265213,0.03603908,0,LOW,train
2026-01-05 11:15:00,ZONE_B,1895.3692115376505,2020.6589,1901.3032721095365,0.027926115,0,LOW,train
2026-01-05 11:30:00,ZONE_B,1897.8156923037347,2067.8914,2068.170636317061,0.030340688,0,LOW,train
2026-01-05 11:45:00,ZONE_B,1904.2203406044457,1994.8125,1991.9199694365689,0.038889494,0,LOW,train
2026-01-05 12:00:00,ZONE_B,1981.1486038132307,2050.2961,1899.8342337034912,0.95233774,1,CRITICAL,train
2026-01-05 12:15:00,ZONE_B,2058.2821628475385,1965.4265,1966.569132828149,0.03687823,0,LOW,train
2026-01-05 12:30:00,ZONE_B,2142.988367493418,1929.3389,2066.003636214268,0.017177682,0,LOW,train
2026-01-05 12:45:00,ZONE_B,1986.0444542782648,1981.9847,1931.1446607797127,0.028426517,0,LOW,train
2026-01-05 13:00:00,ZONE_B,2152.173464760844,1972.6906,1942.554331670078,0.027498247,0,LOW,train
2026-01-05 13:15:00,ZONE_B,1922.021487737862,1955.6077,2003.1765473215844,0.048849534,0,LOW,train
2026-01-05 13:30:00,ZONE_B,1871.0779454396288,1931.6204,1999.6444086867969,0.005018585,0,LOW,train
2026-01-05 13:45:00,ZONE_B,1961.13132061468,1948.9055,1938.2703201595696,0.015943442,0,LOW,train
2026-01-05 14:00:00,ZONE_B,2024.05112725886,1940.1842,1963.64248437496,0.042412627,0,LOW,train
2026-01-05 14:15:00,ZONE_B,1959.8176052665483,1955.2954,1949.6015323435952,0.030304201,0,LOW,train
2026-01-05 14:30:00,ZONE_B,1950.857928914873,1962.3011,1884.4529125071808,0.03540355,0,LOW,train
2026-01-05 14:45:00,ZONE_B,1964.6095054534983,1952.3196,1898.29647815458,0.011469337,0,LOW,train
2026-01-05 15:00:00,ZONE_B,1911.2185553148745,1992.4484,1910.188979348214,0.0121354405,0,LOW,train
2026-01-05 15:15:00,ZONE_B,1972.1901004584904,1998.8102,1876.107447936076,0.032883078,0,LOW,train
2026-01-05 15:30:00,ZONE_B,1958.958447866495,2003.0331,1935.155584738516,0.03118889,0,LOW,train
2026-01-05 15:45:00,ZONE_B,1894.079286215113,1995.624,2012.147302498388,0.012134748,0,LOW,train
2026-01-05 16:00:00,ZONE_B,1984.6242143591485,1998.1996,2051.361953372037,0.018694973,0,LOW,train
2026-01-05 16:15:00,ZONE_B,1996.594257485164,1995.1649,2017.3074994119315,0.0069217538,0,LOW,train
2026-01-05 16:30:00,ZONE_B,1982.133735360272,1997.7692,2022.096364659199,0.0120069375,0,LOW,train
2026-01-05 16:45:00,ZONE_B,2023.0033296306744,2012.0984,2030.586613073834,0.026994962,0,LOW,train
2026-01-05 17:00:00,ZONE_B,1980.68554818686,1998.795,2012.6686445383752,0.007991853,0,LOW,train
2026-01-05 17:15:00,ZONE_B,1977.1157008972723,2000.5033,2018.7441254116336,0.009309499,0,LOW,train
2026-01-05 17:30:00,ZONE_B,2012.4211882061472,1999.7654,2047.2200987400072,0.020934705,0,LOW,train
2026-01-05 17:45:00,ZONE_B,2009.7521473512224,2002.7028,1982.95893724715,0.030224573,0,LOW,train
2026-01-05 18:00:00,ZONE_B,2000.8651048038344,1999.9197,1986.6124678356744,0.020328179,0,LOW,train
2026-01-05 18:15:00,ZONE_B,2026.391176031204,2002.2042,1989.8622530026555,0.0074125156,0,LOW,train
2026-01-05 18:30:00,ZONE_B,2024.6490781595564,2000.0243,1998.767081463956,0.00401225,0,LOW,train
2026-01-05 18:45:00,ZONE_B,2011.094916164856,2000.4211,1987.177751449111,0.0014845479,0,LOW,train
2026-01-05 19:00:00,ZONE_B,1969.4270206961064,2005.0017,1987.984149375136,0.0022890891,0,LOW,train
2026-01-05 19:15:00,ZONE_B,1980.344866143184,1999.0538,1983.1949647076267,0.0008272597,0,LOW,train
2026-01-05 19:30:00,ZONE_B,2009.1468722843688,2001.299,1973.079854567733,0.0009025933,0,LOW,train
2026-01-05 19:45:00,ZONE_B,1981.403045739696,1998.972,1970.229107219361,0.0022538763,0,LOW,train
2026-01-05 20:00:00,ZONE_B,2008.640004610557,1876.0057,1982.9846038331764,0.0007966149,0,LOW,train
2026-01-05 20:15:00,ZONE_B,1980.3958147585568,1878.4973,2011.599531539145,0.00052189315,0,LOW,train
2026-01-05 20:30:00,ZONE_B,2015.530970938573,1852.2804,1996.6431672697424,0.0013027888,0,LOW,train
2026-01-05 20:45:00,ZONE_B,1988.5860265893784,1856.6294,1964.734981360161,0.0013521095,0,LOW,train
2026-01-05 21:00:00,ZONE_B,1877.698885718776,1811.7701,1906.380390361304,0.0003517069,0,LOW,train
2026-01-05 21:15:00,ZONE_B,1886.161987448134,1774.2963,1856.26465134834,0.00025923882,0,LOW,train
2026-01-05 21:30:00,ZONE_B,1837.3099385139355,1742.2177,1828.4479822507053,0.0011458549,0,LOW,train
2026-01-05 21:45:00,ZONE_B,1855.603165119894,1733.4087,1833.818376556167,0.0005227341,0,LOW,train
2026-01-05 22:00:00,ZONE_B,1837.1695088237568,1728.1755,1797.20509171065,0.00033800327,0,LOW,train
2026-01-05 22:15:00,ZONE_B,1777.868351059054,1683.8635,1756.4223508317966,0.00028967962,0,LOW,train
2026-01-05 22:30:00,ZONE_B,1736.9748363060037,1635.471,1745.40729207995,0.00046997133,0,LOW,train
2026-01-05 22:45:00,ZONE_B,1709.7629291197916,1617.3947,1753.4079286219703,0.00028291848,0,LOW,train
2026-01-05 23:00:00,ZONE_B,1694.4696927361474,1615.3336,1704.3015404263206,0.0002976626,0,LOW,train
2026-01-05 23:15:00,ZONE_B,1691.1295445984624,1616.3611,1666.075332664311,0.0002274698,0,LOW,train
2026-01-05 23:30:00,ZONE_B,1625.678081900516,1616.7577,1721.8938315474738,0.00078784314,0,LOW,train
2026-01-05 23:45:00,ZONE_B,1600.3633611774446,1611.1244,1636.9826420274978,0.00046719084,0,LOW,train
2026-01-06 00:00:00,ZONE_B,1611.400038825858,1618.5248,1630.1231322830597,0.00044522752,0,LOW,train
2026-01-06 00:15:00,ZONE_B,1655.2869703223428,1601.853,1582.910669874659,0.00024514357,0,LOW,train
2026-01-06 00:30:00,ZONE_B,1644.3711145093216,1602.46,1599.001187714365,0.00015476234,0,LOW,train
2026-01-06 00:45:00,ZONE_B,1579.461552494335,1602.4918,1595.352762462874,0.00053274265,0,LOW,train
2026-01-06 01:00:00,ZONE_B,1589.4438987117153,1601.7668,1602.7265486409135,0.000186346,0,LOW,train
2026-01-06 01:15:00,ZONE_B,1594.1938111495392,1600.5334,1599.8851280896818,0.00051826594,0,LOW,train
2026-01-06 01:30:00,ZONE_B,1581.2440675128914,1600.5938,1592.210681492046,0.00032498132,0,LOW,train
2026-01-06 01:45:00,ZONE_B,1637.686921669933,1606.7356,1608.6105922335407,0.0004970119,0,LOW,train
2026-01-06 02:00:00,ZONE_B,1613.0298229864195,1601.5107,1614.7220574659534,0.00038780374,0,LOW,train
2026-01-06 02:15:00,ZONE_B,1596.8997314215087,1602.5521,1592.2865480575626,0.00034382308,0,LOW,train
2026-01-06 02:30:00,ZONE_B,1630.167393998189,1603.9882,1617.7590849041203,0.0003492869,0,LOW,train
2026-01-06 02:45:00,ZONE_B,1610.9978577283323,1600.1582,1608.2802588388938,0.00029640272,0,LOW,train
2026-01-06 03:00:00,ZONE_B,1600.199086980864,1598.4141,1590.6572423226903,0.00029340753,0,LOW,train
2026-01-06 03:15:00,ZONE_B,1598.417099474584,1608.2155,1607.8790401798788,0.0005190955,0,LOW,train
2026-01-06 03:30:00,ZONE_B,1606.8106496042394,1600.1357,1618.1609692101238,0.0008244649,0,LOW,train
2026-01-06 03:45:00,ZONE_B,1591.8658596926757,1589.6813,1604.880121262856,0.0003940922,0,LOW,train
2026-01-06 04:00:00,ZONE_B,1550.5107668333935,1585.8495,1610.74733057733,0.0002893492,0,LOW,train
2026-01-06 04:15:00,ZONE_B,1635.31185387651,1601.9908,1599.4864947929102,0.00016197396,0,LOW,train
2026-01-06 04:30:00,ZONE_B,1604.052906341966,1599.705,1567.3285748474236,0.00017933293,0,LOW,train
2026-01-06 04:45:00,ZONE_B,1575.793026980058,1605.4014,1633.8330081679533,0.0004941657,0,LOW,train
2026-01-06 05:00:00,ZONE_B,1572.647233514203,1830.3959,1595.6194926430333,0.00046565605,0,LOW,train
2026-01-06 05:15:00,ZONE_B,1615.332138223284,1831.2318,1588.533901555372,0.0006191178,0,LOW,train
2026-01-06 05:30:00,ZONE_B,1600.1462555828473,1859.0797,1573.729932134605,0.000443735,0,LOW,train
2026-01-06 05:45:00,ZONE_B,1594.1877783055018,1883.5382,1608.749965928169,0.00046375883,0,LOW,train
2026-01-06 06:00:00,ZONE_B,1798.346430583926,1888.777,1774.7948390857264,0.00037719554,0,LOW,train
2026-01-06 06:15:00,ZONE_B,1820.4733116721864,1946.5422,1836.515799545036,0.0006500748,0,LOW,train
2026-01-06 06:30:00,ZONE_B,1867.4860711866088,1994.9756,1871.2037133264864,0.0009317895,0,LOW,train
2026-01-06 06:45:00,ZONE_B,1884.985658816921,1973.9613,1836.240533710233,0.0012763889,0,LOW,train
2026-01-06 07:00:00,ZONE_B,1876.0617407450409,2024.8496,1873.7905321177504,0.014865094,0,LOW,train
2026-01-06 07:15:00,ZONE_B,1917.083923316768,2040.9678,1944.5063186749608,0.015031174,0,LOW,train
2026-01-06 07:30:00,ZONE_B,1940.1937706323345,2065.3672,1963.1793574603075,0.046205875,0,LOW,train
2026-01-06 07:45:00,ZONE_B,1975.560418014536,2131.2593,1991.837132587929,0.9614514,1,CRITICAL,train
2026-01-06 08:00:00,ZONE_B,2036.2095173154028,2158.076,2134.556619885611,0.96076477,1,CRITICAL,train
2026-01-06 08:15:00,ZONE_B,2046.0311236762084,2157.7605,2002.703378668327,0.2532877,0,LOW,train
2026-01-06 08:30:00,ZONE_B,2095.6837390258443,2208.9407,2170.097084571765,0.9804985,1,CRITICAL,train
2026-01-06 08:45:00,ZONE_B,2177.0377417058567,2241.602,2107.292604868222,0.9900456,1,CRITICAL,train
2026-01-06 09:00:00,ZONE_B,2183.063661107172,1945.9004,2337.9629438855795,0.04758808,0,LOW,train
2026-01-06 09:15:00,ZONE_B,2143.436525830146,2010.7205,2341.157126677497,0.031353794,0,LOW,train
2026-01-06 09:30:00,ZONE_B,2216.6289287385066,1949.3105,2199.795017241442,0.08660977,0,LOW,train
2026-01-06 09:45:00,ZONE_B,2288.9511834934365,2006.3445,2321.5262273989,0.052016232,0,LOW,train
2026-01-06 10:00:00,ZONE_B,1867.8098974468403,1970.6976,2036.6910199699864,0.044017233,0,LOW,train
2026-01-06 10:15:00,ZONE_B,2025.11004975806,1915.5869,2096.225741721742,0.14193271,0,LOW,train
2026-01-06 10:30:00,ZONE_B,1910.5237736785643,1945.7109,1866.9404621209749,0.08071661,0,LOW,train
2026-01-06 10:45:00,ZONE_B,2017.4700001586928,2003.6263,2028.1440966198984,0.028295983,0,LOW,train
2026-01-06 11:00:00,ZONE_B,1949.515342481266,2011.4656,2101.486040175328,0.00719422,0,LOW,train
2026-01-06 11:15:00,ZONE_B,1876.911520995202,1953.6746,1895.3692115376505,0.011173789,0,LOW,train
2026-01-06 11:30:00,ZONE_B,1909.9540791643624,2034.307,1897.8156923037347,0.011362925,0,LOW,train
2026-01-06 11:45:00,ZONE_B,2020.080947398892,1958.3616,1904.2203406044457,0.0689251,0,LOW,train
2026-01-06 12:00:00,ZONE_B,2045.933480481676,1994.9512,1981.1486038132307,0.039406765,0,LOW,train
2026-01-06 12:15:00,ZONE_B,1929.3956979829045,1952.475,2058.2821628475385,0.02490267,0,LOW,train
2026-01-06 12:30:00,ZONE_B,2067.140786826001,1931.2703,2142.988367493418,0.022794865,0,LOW,train
2026-01-06 12:45:00,ZONE_B,1887.1535720077609,1973.8135,1986.0444542782648,0.041767802,0,LOW,train
2026-01-06 13:00:00,ZONE_B,2016.487347434004,1921.2644,2152.173464760844,0.013579333,0,LOW,train
2026-01-06 13:15:00,ZONE_B,1908.0281725196912,1978.9181,1922.021487737862,0.010969468,0,LOW,train
2026-01-06 13:30:00,ZONE_B,1932.342081231519,2017.9418,1871.0779454396288,0.008547733,0,LOW,train
2026-01-06 13:45:00,ZONE_B,1965.841533619957,1961.5618,1961.13132061468,0.019992493,0,LOW,train
2026-01-06 14:00:00,ZONE_B,1889.5559970812124,2001.0283,2024.05112725886,0.008828788,0,LOW,train
2026-01-06 14:15:00,ZONE_B,1950.9579346220687,1933.9772,1959.8176052665483,0.004241503,0,LOW,train
2026-01-06 14:30:00,ZONE_B,2055.024883329953,1948.2543,1950.857928914873,0.012520371,0,LOW,train
2026-01-06 14:45:00,ZONE_B,1902.067203973252,2019.2535,1964.6095054534983,0.009904436,0,LOW,train
2026-01-06 15:00:00,ZONE_B,2028.5141623193133,2018.5077,1911.2185553148745,0.028959228,0,LOW,train
2026-01-06 15:15:00,ZONE_B,1866.5837447714944,2019.4277,1972.1901004584904,0.015876563,0,LOW,train
2026-01-06 15:30:00,ZONE_B,1949.1903050673025,1994.9596,1958.958447866495,0.011349343,0,LOW,train
2026-01-06 15:45:00,ZONE_B,2074.390814068413,2004.8993,1894.079286215113,0.019887887,0,LOW,train
2026-01-06 16:00:00,ZONE_B,2016.6369270716589,2024.3811,1984.6242143591485,0.032509193,0,LOW,train
2026-01-06 16:15:00,ZONE_B,2008.0742114690893,2015.4667,1996.594257485164,0.012412119,0,LOW,train
2026-01-06 16:30:00,ZONE_B,1998.5171964803333,2015.1272,1982.133735360272,0.01838903,0,LOW,train
2026-01-06 16:45:00,ZONE_B,1986.872152247949,2000.0536,2023.0033296306744,0.008307379,0,LOW,train
2026-01-06 17:00:00,ZONE_B,2009.3217459651064,2001.0317,1980.68554818686,0.00055319926,0,LOW,train
2026-01-06 17:15:00,ZONE_B,2042.662521530402,2007.3292,1977.1157008972723,0.0019033181,0,LOW,train
2026-01-06 17:30:00,ZONE_B,1984.3019279078096,2000.7703,2012.4211882061472,0.0009268139,0,LOW,train
2026-01-06 17:45:00,ZONE_B,2004.295329832016,1999.4746,2009.7521473512224,0.0017123708,0,LOW,train
2026-01-06 18:00:00,ZONE_B,2020.0719678382216,1999.8241,2000.8651048038344,0.0011257774,0,LOW,train
2026-01-06 18:15:00,ZONE_B,2014.664073444808,2001.5375,2026.391176031204,0.0018858227,0,LOW,train
2026-01-06 18:30:00,ZONE_B,1999.312474649741,2006.7986,2024.6490781595564,0.0009172667,0,LOW,train
2026-01-06 18:45:00,ZONE_B,2007.886282875416,1996.6106,2011.094916164856,0.00050546933,0,LOW,train
2026-01-06 19:00:00,ZONE_B,2001.39902088295,1996.3827,1969.4270206961064,0.00031129026,0,LOW,train
2026-01-06 19:15:00,ZONE_B,2009.767422244947,1992.8345,1980.344866143184,0.00026854992,0,LOW,train
2026-01-06 19:30:00,ZONE_B,2034.457985772372,2006.4286,2009.1468722843688,0.00081752136,0,LOW,train
2026-01-06 19:45:00,ZONE_B,1976.945316977207,1992.9479,1981.403045739696,0.0002892108,0,LOW,train
2026-01-06 20:00:00,ZONE_B,2015.3109464671768,1871.8605,2008.640004610557,0.00032962812,0,LOW,train
2026-01-06 20:15:00,ZONE_B,1990.063650690279,1868.8029,1980.3958147585568,0.00053838006,0,LOW,train
2026-01-06 20:30:00,ZONE_B,2025.3063541521265,1858.8073,2015.530970938573,0.00047296533,0,LOW,train
2026-01-06 20:45:00,ZONE_B,1995.8242648652413,1856.984,1988.5860265893784,0.00040845253,0,LOW,train
2026-01-06 21:00:00,ZONE_B,1871.928054008388,1802.5957,1877.698885718776,0.00031389704,0,LOW,train
2026-01-06 21:15:00,ZONE_B,1889.5433844340707,1794.4769,1886.161987448134,0.0007379727,0,LOW,train
2026-01-06 21:30:00,ZONE_B,1895.72761298656,1776.3342,1837.3099385139355,0.0008528908,0,LOW,train
2026-01-06 21:45:00,ZONE_B,1827.4551564281871,1757.3833,1855.603165119894,0.0009258528,0,LOW,train
2026-01-06 22:00:00,ZONE_B,1811.202390572604,1725.5787,1837.1695088237568,0.00038302844,0,LOW,train
2026-01-06 22:15:00,ZONE_B,1806.0159723011136,1707.7751,1777.868351059054,0.0004380984,0,LOW,train
2026-01-06 22:30:00,ZONE_B,1742.4187160443812,1665.3374,1736.9748363060037,0.00074980326,0,LOW,train
2026-01-06 22:45:00,ZONE_B,1740.3100816756166,1634.8663,1709.7629291197916,0.00033738982,0,LOW,train
2026-01-06 23:00:00,ZONE_B,1673.0584187246136,1608.8136,1694.4696927361474,0.0004342205,0,LOW,train
2026-01-06 23:15:00,ZONE_B,1689.2365473719533,1609.8284,1691.1295445984624,0.0004932842,0,LOW,train
2026-01-06 23:30:00,ZONE_B,1679.7210161165867,1617.5732,1625.678081900516,0.00022588581,0,LOW,train
2026-01-06 23:45:00,ZONE_B,1645.633892529974,1611.8702,1600.3633611774446,0.00026162222,0,LOW,train
2026-01-07 00:00:00,ZONE_B,1597.5400424614656,1603.3473,1611.400038825858,0.00019650989,0,LOW,train
2026-01-07 00:15:00,ZONE_B,1544.1029912319552,1605.2798,1655.2869703223428,0.0006060289,0,LOW,train
2026-01-07 00:30:00,ZONE_B,1641.356622637405,1598.6641,1644.3711145093216,0.00041785953,0,LOW,train
2026-01-07 00:45:00,ZONE_B,1613.7136369240277,1603.5529,1579.461552494335,0.00055934297,0,LOW,train
2026-01-07 01:00:00,ZONE_B,1570.2761015716203,1603.9224,1589.4438987117153,0.0007474743,0,LOW,train
2026-01-07 01:15:00,ZONE_B,1621.866170818613,1619.3206,1594.1938111495392,0.0006914562,0,LOW,train
2026-01-07 01:30:00,ZONE_B,1587.4249680151934,1602.0068,1581.2440675128914,0.0007506927,0,LOW,train
2026-01-07 01:45:00,ZONE_B,1635.1977603153357,1602.496,1637.686921669933,0.00057746173,0,LOW,train
2026-01-07 02:00:00,ZONE_B,1602.7323287352658,1605.026,1613.0298229864195,0.00080313865,0,LOW,train
2026-01-07 02:15:00,ZONE_B,1648.1135934887889,1609.403,1596.8997314215087,0.00061213004,0,LOW,train
2026-01-07 02:30:00,ZONE_B,1582.459320803285,1604.6581,1630.167393998189,0.0004197873,0,LOW,train
2026-01-07 02:45:00,ZONE_B,1582.220059832356,1602.0835,1610.9978577283323,0.00038882115,0,LOW,train
2026-01-07 03:00:00,ZONE_B,1631.7965504169251,1605.6691,1600.199086980864,0.00070093654,0,LOW,train
2026-01-07 03:15:00,ZONE_B,1632.0080351089623,1604.3916,1598.417099474584,0.0004072314,0,LOW,train
2026-01-07 03:30:00,ZONE_B,1606.765982549169,1608.745,1606.8106496042394,0.00082053,0,LOW,train
2026-01-07 03:45:00,ZONE_B,1630.8600173051475,1606.6722,1591.8658596926757,0.00078144576,0,LOW,train
2026-01-07 04:00:00,ZONE_B,1619.472632596768,1605.0278,1550.5107668333935,0.00036875586,0,LOW,train
2026-01-07 04:15:00,ZONE_B,1592.8851309053412,1604.902,1635.31185387651,0.00058416923,0,LOW,train
2026-01-07 04:30:00,ZONE_B,1651.0298842935658,1603.4124,1604.052906341966,0.00045615758,0,LOW,train
2026-01-07 04:45:00,ZONE_B,1600.525616851748,1594.68,1575.793026980058,0.00058788806,0,LOW,train
2026-01-07 05:00:00,ZONE_B,1616.7720598458743,1755.7188,1572.647233514203,0.0003605773,0,LOW,train
2026-01-07 05:15:00,ZONE_B,1621.3699234756225,1838.8605,1615.332138223284,0.0011011206,0,LOW,train
2026-01-07 05:30:00,ZONE_B,1592.892564769396,1843.3998,1600.1462555828473,0.00063368684,0,LOW,train
2026-01-07 05:45:00,ZONE_B,1595.9295520456385,1899.5186,1594.1877783055018,0.0003639485,0,LOW,train
2026-01-07 06:00:00,ZONE_B,1798.542901871819,1923.7018,1798.346430583926,0.0009123977,0,LOW,train
2026-01-07 06:15:00,ZONE_B,1843.1409963781105,2019.1117,1820.4733116721864,0.0006691964,0,LOW,train
2026-01-07 06:30:00,ZONE_B,1832.2394581935127,1975.8698,1867.4860711866088,0.0028831186,0,LOW,train
2026-01-07 06:45:00,ZONE_B,1942.1605107177577,1996.0833,1884.985658816921,0.01081505,0,LOW,train
2026-01-07 07:00:00,ZONE_B,1898.6835254057069,2010.4628,1876.0617407450409,0.018821085,0,LOW,train
2026-01-07 07:15:00,ZONE_B,2063.156019994781,2089.945,1917.083923316768,0.97112477,1,CRITICAL,train
2026-01-07 07:30:00,ZONE_B,1952.2073800878445,2085.3335,1940.1937706323345,0.033335857,0,LOW,train
2026-01-07 07:45:00,ZONE_B,1980.8905665001848,2105.9185,1975.560418014536,0.073994964,0,LOW,train
2026-01-07 08:00:00,ZONE_B,1992.901747248527,2157.783,2036.2095173154028,0.3234119,0,MEDIUM,train
2026-01-07 08:15:00,ZONE_B,2162.780169800896,2142.6438,2046.0311236762084,0.244102,0,LOW,train
2026-01-07 08:30:00,ZONE_B,2086.275219529596,2330.86,2095.6837390258443,0.980454,1,CRITICAL,train
2026-01-07 08:45:00,ZONE_B,2107.418120640284,2221.417,2177.0377417058567,0.98646915,1,CRITICAL,train
2026-01-07 09:00:00,ZONE_B,2143.299187734381,1970.1492,2183.063661107172,0.051429186,0,LOW,train
2026-01-07 09:15:00,ZONE_B,2111.6923112200766,2027.6969,2143.436525830146,0.06293437,0,LOW,train
2026-01-07 09:30:00,ZONE_B,2432.2306500395343,1989.8503,2216.6289287385066,0.06493008,0,LOW,train
2026-01-07 09:45:00,ZONE_B,2234.058895464473,2004.978,2288.9511834934365,0.054269828,0,LOW,train
2026-01-07 10:00:00,ZONE_B,1946.9766369107288,1982.7793,1867.8098974468403,0.011250654,0,LOW,train
2026-01-07 10:15:00,ZONE_B,2046.480080129668,2003.9325,2025.11004975806,0.03760567,0,LOW,train
2026-01-07 10:30:00,ZONE_B,1979.9994071303947,2118.2341,1910.5237736785643,0.9614828,1,CRITICAL,train
2026-01-07 10:45:00,ZONE_B,2023.7612202464927,2052.3142,2017.4700001586928,0.044827633,0,LOW,train
2026-01-07 11:00:00,ZONE_B,1918.1650560577843,2042.4396,1949.515342481266,0.0077760024,0,LOW,train
2026-01-07 11:15:00,ZONE_B,2026.3708756115352,1966.5159,1876.911520995202,0.025880886,0,LOW,train
2026-01-07 11:30:00,ZONE_B,2189.731546194191,1981.981,1909.9540791643624,0.08055381,0,LOW,train
2026-01-07 11:45:00,ZONE_B,2131.053831826407,2007.9629,2020.080947398892,0.033054467,0,LOW,train
2026-01-07 12:00:00,ZONE_B,2140.5990281264408,1972.7407,2045.933480481676,0.092337996,0,LOW,train
2026-01-07 12:15:00,ZONE_B,1939.310496245292,2030.5942,1929.3956979829045,0.012362947,0,LOW,train
2026-01-07 12:30:00,ZONE_B,1923.5489969807168,1942.0818,2067.140786826001,0.009550144,0,LOW,train
2026-01-07 12:45:00,ZONE_B,2009.385929621124,2065.622,1887.1535720077609,0.9436238,1,CRITICAL,train
2026-01-07 13:00:00,ZONE_B,1979.0672076492845,1986.8271,2016.487347434004,0.037880875,0,LOW,train
2026-01-07 13:15:00,ZONE_B,2099.471821917295,1933.9838,1908.0281725196912,0.039461095,0,LOW,train
2026-01-07 13:30:00,ZONE_B,1908.4441312892493,1947.8888,1932.342081231519,0.008581813,0,LOW,train
2026-01-07 13:45:00,ZONE_B,2168.264563460822,1945.186,1965.841533619957,0.03689001,0,LOW,train
2026-01-07 14:00:00,ZONE_B,1986.0599822370668,2002.8685,1889.5559970812124,0.108429834,0,LOW,train
2026-01-07 14:15:00,ZONE_B,1911.6839192948787,1931.9545,1950.9579346220687,0.010806698,0,LOW,train
2026-01-07 14:30:00,ZONE_B,1913.0559156712893,1924.2479,2055.024883329953,0.0026763806,0,LOW,train
2026-01-07 14:45:00,ZONE_B,1906.9603504762536,1950.5894,1902.067203973252,0.0070965593,0,LOW,train
2026-01-07 15:00:00,ZONE_B,2009.099735017401,2024.3822,2028.5141623193133,0.01781167,0,LOW,train
2026-01-07 15:15:00,ZONE_B,1885.2487613989924,2035.5808,1866.5837447714944,0.005483665,0,LOW,train
2026-01-07 15:30:00,ZONE_B,1894.1460520288824,2001.3534,1949.1903050673025,0.005949921,0,LOW,train
2026-01-07 15:45:00,ZONE_B,1909.174728958429,1993.0692,2074.390814068413,0.019843131,0,LOW,train
2026-01-07 16:00:00,ZONE_B,1991.9617494645163,2009.2856,2016.6369270716589,0.03166559,0,LOW,train
2026-01-07 16:15:00,ZONE_B,2137.8856606879112,1992.4364,2008.0742114690893,0.044425126,0,LOW,train
2026-01-07 16:30:00,ZONE_B,2022.7349774553204,2016.8364,1998.5171964803333,0.046110712,0,LOW,train
2026-01-07 16:45:00,ZONE_B,1991.9318075737267,2018.5629,1986.872152247949,0.056803863,0,LOW,train
2026-01-07 17:00:00,ZONE_B,1987.5328660737,2005.8635,2009.3217459651064,0.049367517,0,LOW,train
2026-01-07 17:15:00,ZONE_B,2005.4371829558545,2011.1714,2042.662521530402,0.05523644,0,LOW,train
2026-01-07 17:30:00,ZONE_B,2010.8487243724617,2000.4166,1984.3019279078096,0.016036106,0,LOW,train
2026-01-07 17:45:00,ZONE_B,2050.204562950554,2000.767,2004.295329832016,0.007633771,0,LOW,train
2026-01-07 18:00:00,ZONE_B,1997.5361906647447,1999.64,2020.0719678382216,0.004627868,0,LOW,train
2026-01-07 18:15:00,ZONE_B,1986.2508572265808,2000.1371,2014.664073444808,0.004882803,0,LOW,train
2026-01-07 18:30:00,ZONE_B,1997.665352772203,1994.9852,1999.312474649741,0.003045558,0,LOW,train
2026-01-07 18:45:00,ZONE_B,2020.32713663206,2002.2206,2007.886282875416,0.0062800897,0,LOW,train
2026-01-07 19:00:00,ZONE_B,2022.156817211768,2009.6975,2001.39902088295,0.005396499,0,LOW,train
2026-01-07 19:15:00,ZONE_B,1982.475086483562,1998.3899,2009.767422244947,0.0004739806,0,LOW,train
2026-01-07 19:30:00,ZONE_B,2014.4810328378549,2006.3573,2034.457985772372,0.005554411,0,LOW,train
2026-01-07 19:45:00,ZONE_B,1984.1839575548563,1996.6842,1976.945316977207,0.00064269896,0,LOW,train
2026-01-07 20:00:00,ZONE_B,2013.2062642903088,1871.3457,2015.3109464671768,0.0017595129,0,LOW,train
2026-01-07 20:15:00,ZONE_B,1977.08772032279,1862.775,1990.063650690279,0.00039101703,0,LOW,train
2026-01-07 20:30:00,ZONE_B,1983.6311286760908,1852.7698,2025.3063541521265,0.00041563855,0,LOW,train
2026-01-07 20:45:00,ZONE_B,2030.2499653501773,1852.1996,1995.8242648652413,0.00074026675,0,LOW,train
2026-01-07 21:00:00,ZONE_B,1887.629679231301,1813.0344,1871.928054008388,0.00027859295,0,LOW,train
2026-01-07 21:15:00,ZONE_B,1858.9418317973489,1781.6625,1889.5433844340707,0.00056494767,0,LOW,train
2026-01-07 21:30:00,ZONE_B,1837.91132601997,1766.9503,1895.72761298656,0.00025607843,0,LOW,train
2026-01-07 21:45:00,ZONE_B,1822.3234343360064,1733.4172,1827.4551564281871,0.0002832586,0,LOW,train
2026-01-07 22:00:00,ZONE_B,1796.0848318601031,1732.2698,1811.202390572604,0.0005924439,0,LOW,train
2026-01-07 22:15:00,ZONE_B,1782.8431561116508,1708.1451,1806.0159723011136,0.00020347955,0,LOW,train
2026-01-07 22:30:00,ZONE_B,1723.7668955960196,1650.3955,1742.4187160443812,0.000714013,0,LOW,train
2026-01-07 22:45:00,ZONE_B,1755.9571213758402,1647.5897,1740.3100816756166,0.000983389,0,LOW,train
2026-01-07 23:00:00,ZONE_B,1786.3236660971634,1631.753,1673.0584187246136,0.00037410844,0,LOW,train
2026-01-07 23:15:00,ZONE_B,1711.4047750069954,1615.7587,1689.2365473719533,0.00029128313,0,LOW,train
2026-01-07 23:30:00,ZONE_B,1657.9401391320469,1620.0076,1679.7210161165867,0.00057386246,0,LOW,train
2026-01-07 23:45:00,ZONE_B,1672.9567116707162,1607.1178,1645.633892529974,0.00039595738,0,LOW,train
2026-01-08 00:00:00,ZONE_B,1579.3568329806276,1606.6644,1597.5400424614656,0.00025081847,0,LOW,train
2026-01-08 00:15:00,ZONE_B,1599.696104464063,1604.5614,1544.1029912319552,0.0004042512,0,LOW,train
2026-01-08 00:30:00,ZONE_B,1612.4005838129451,1601.4309,1641.356622637405,0.00045056938,0,LOW,train
2026-01-08 00:45:00,ZONE_B,1630.7755458213635,1604.0731,1613.7136369240277,0.00034642033,0,LOW,train
2026-01-08 01:00:00,ZONE_B,1599.8960676519755,1605.2484,1570.2761015716203,0.00020386057,0,LOW,train
2026-01-08 01:15:00,ZONE_B,1583.0917803557702,1605.1124,1621.866170818613,0.0002999553,0,LOW,train
2026-01-08 01:30:00,ZONE_B,1593.352718741794,1604.4049,1587.4249680151934,0.00037885256,0,LOW,train
2026-01-08 01:45:00,ZONE_B,1577.0773275571762,1602.0066,1635.1977603153357,0.00041206053,0,LOW,train
2026-01-08 02:00:00,ZONE_B,1584.406300292842,1600.8179,1602.7323287352658,0.00045748576,0,LOW,train
2026-01-08 02:15:00,ZONE_B,1643.4050972595264,1572.7434,1648.1135934887889,0.00048103975,0,LOW,train
2026-01-08 02:30:00,ZONE_B,1572.1122862713344,1605.2854,1582.459320803285,0.0006524648,0,LOW,train
2026-01-08 02:45:00,ZONE_B,1643.1217041581292,1604.1398,1582.220059832356,0.00052836124,0,LOW,train
2026-01-08 03:00:00,ZONE_B,1599.1240452050374,1603.5289,1631.7965504169251,0.00033210998,0,LOW,train
2026-01-08 03:15:00,ZONE_B,1542.2477229970775,1600.8484,1632.0080351089623,0.00030473617,0,LOW,train
2026-01-08 03:30:00,ZONE_B,1599.283847609066,1606.7986,1606.765982549169,0.00044618497,0,LOW,train
2026-01-08 03:45:00,ZONE_B,1581.766464962065,1600.04,1630.8600173051475,0.00037655767,0,LOW,train
2026-01-08 04:00:00,ZONE_B,1608.850603416193,1599.8136,1619.472632596768,0.0004170338,0,LOW,train
2026-01-08 04:15:00,ZONE_B,1565.3937478719213,1599.1854,1592.8851309053412,0.00034854512,0,LOW,train
2026-01-08 04:30:00,ZONE_B,1651.8925782543654,1603.3215,1651.0298842935658,0.0003968295,0,LOW,train
2026-01-08 04:45:00,ZONE_B,1611.0381970069325,1597.3181,1600.525616851748,0.00048424816,0,LOW,train
2026-01-08 05:00:00,ZONE_B,1586.8924914159325,1762.6288,1616.7720598458743,0.00023432073,0,LOW,train
2026-01-08 05:15:00,ZONE_B,1557.9160840013649,1831.9781,1621.3699234756225,0.0005512163,0,LOW,train
2026-01-08 05:30:00,ZONE_B,1608.238108042164,1848.7985,1592.892564769396,0.00071510737,0,LOW,train
2026-01-08 05:45:00,ZONE_B,1579.706584314167,1883.0886,1595.9295520456385,0.00027192585,0,LOW,train
2026-01-08 06:00:00,ZONE_B,1784.829435655822,1896.8583,1798.542901871819,0.0008859923,0,LOW,train
2026-01-08 06:15:00,ZONE_B,1816.742111136797,1956.2963,1843.1409963781105,0.0005007715,0,LOW,train
2026-01-08 06:30:00,ZONE_B,1852.7483069633324,1936.4276,1832.2394581935127,0.0020090423,0,LOW,train
2026-01-08 06:45:00,ZONE_B,1885.811615409859,1991.8021,1942.1605107177577,0.0029120122,0,LOW,train
2026-01-08 07:00:00,ZONE_B,1893.2297691282647,2016.2264,1898.6835254057069,0.0012373102,0,LOW,train
2026-01-08 07:15:00,ZONE_B,1961.034618942336,2050.9202,2063.156019994781,0.0041042734,0,LOW,train
2026-01-08 07:30:00,ZONE_B,1918.146716607692,2050.7253,1952.2073800878445,0.04960932,0,LOW,train
2026-01-08 07:45:00,ZONE_B,1975.5995424307696,2177.328,1980.8905665001848,0.9576474,1,CRITICAL,train
2026-01-08 08:00:00,ZONE_B,2024.2966834439576,2155.483,1992.901747248527,0.14828801,0,LOW,train
2026-01-08 08:15:00,ZONE_B,2085.183303119756,2225.8203,2162.780169800896,0.97991973,1,CRITICAL,train
2026-01-08 08:30:00,ZONE_B,2072.2948739483213,2225.389,2086.275219529596,0.9878643,1,CRITICAL,train
2026-01-08 08:45:00,ZONE_B,2276.8129235613605,2209.7056,2107.418120640284,0.98956573,1,CRITICAL,train
2026-01-08 09:00:00,ZONE_B,2087.7790755074125,1959.2872,2143.299187734381,0.0908729,0,LOW,train
2026-01-08 09:15:00,ZONE_B,2305.9625922929595,2006.6301,2111.6923112200766,0.04834022,0,LOW,train
2026-01-08 09:30:00,ZONE_B,2224.7689601260613,1993.0918,2432.2306500395343,0.01505427,0,LOW,train
2026-01-08 09:45:00,ZONE_B,2183.295822195163,2036.0652,2234.058895464473,0.016687168,0,LOW,train
2026-01-08 10:00:00,ZONE_B,1909.9702659992024,1994.4006,1946.9766369107288,0.009599868,0,LOW,train
2026-01-08 10:15:00,ZONE_B,2022.3402423164805,1999.74,2046.480080129668,0.036105312,0,LOW,train
2026-01-08 10:30:00,ZONE_B,1968.4327267088424,1971.7255,1979.9994071303947,0.025937863,0,LOW,train
2026-01-08 10:45:00,ZONE_B,2109.433690407144,1999.3369,2023.7612202464927,0.018713675,0,LOW,train
2026-01-08 11:00:00,ZONE_B,1984.9392052909843,2017.5808,1918.1650560577843,0.016224297,0,LOW,train
2026-01-08 11:15:00,ZONE_B,1970.0178503332224,1983.6322,2026.3708756115352,0.009869729,0,LOW,train
2026-01-08 11:30:00,ZONE_B,1966.166082671904,1966.2301,2189.731546194191,0.006715981,0,LOW,train
2026-01-08 11:45:00,ZONE_B,1976.977439194429,2035.2181,2131.053831826407,0.031587843,0,LOW,train
2026-01-08 12:00:00,ZONE_B,2013.8643680726288,1967.323,2140.5990281264408,0.0013458591,0,LOW,train
2026-01-08 12:15:00,ZONE_B,1920.0009228626336,1984.0859,1939.310496245292,0.0108963335,0,LOW,train
2026-01-08 12:30:00,ZONE_B,1906.355228518289,1978.7617,1923.5489969807168,0.002390099,0,LOW,train
2026-01-08 12:45:00,ZONE_B,2084.407126415062,1989.2101,2009.385929621124,0.005569518,0,LOW,train
2026-01-08 13:00:00,ZONE_B,2002.691183148054,1945.9961,1979.0672076492845,0.004924263,0,LOW,train
2026-01-08 13:15:00,ZONE_B,1980.631135999673,1938.6168,2099.471821917295,0.0045133303,0,LOW,train
2026-01-08 13:30:00,ZONE_B,1960.391270573722,1952.3828,1908.4441312892493,0.051215935,0,LOW,train
2026-01-08 13:45:00,ZONE_B,2023.175634559473,1926.0742,2168.264563460822,0.0018065925,0,LOW,train
2026-01-08 14:00:00,ZONE_B,1894.396271443278,1944.453,1986.0599822370668,0.0013177652,0,LOW,train
2026-01-08 14:15:00,ZONE_B,1889.3968529389565,1949.5516,1911.6839192948787,0.0027603027,0,LOW,train
2026-01-08 14:30:00,ZONE_B,1966.4665950257247,1975.0146,1913.0559156712893,0.0021041497,0,LOW,train
2026-01-08 14:45:00,ZONE_B,1875.7490510918344,1953.6862,1906.9603504762536,0.004206123,0,LOW,train
2026-01-08 15:00:00,ZONE_B,1948.911987380845,2017.4167,2009.099735017401,0.006393562,0,LOW,train
2026-01-08 15:15:00,ZONE_B,1886.882224415273,2034.8837,1885.2487613989924,0.0017580838,0,LOW,train
2026-01-08 15:30:00,ZONE_B,1989.18330585148,2034.7325,1894.1460520288824,0.0033097914,0,LOW,train
2026-01-08 15:45:00,ZONE_B,1922.641938932556,2017.3271,1909.174728958429,0.0011034291,0,LOW,train
2026-01-08 16:00:00,ZONE_B,2028.7277687467588,2014.647,1991.9617494645163,0.001565452,0,LOW,train
2026-01-08 16:15:00,ZONE_B,2055.007849209857,2005.1305,2137.8856606879112,0.0010506285,0,LOW,train
2026-01-08 16:30:00,ZONE_B,2089.4540168546096,2005.689,2022.7349774553204,0.0076100817,0,LOW,train
2026-01-08 16:45:00,ZONE_B,2041.959170171156,2007.6522,1991.9318075737267,0.034874745,0,LOW,train
2026-01-08 17:00:00,ZONE_B,2022.4876147435884,2000.5338,1987.5328660737,0.0032616106,0,LOW,train
2026-01-08 17:15:00,ZONE_B,2010.9092460560687,2002.022,2005.4371829558545,0.0015776911,0,LOW,train
2026-01-08 17:30:00,ZONE_B,2003.4974070452247,2002.8594,2010.8487243724617,0.0026789312,0,LOW,train
2026-01-08 17:45:00,ZONE_B,1996.0628981921384,2000.6826,2050.204562950554,0.0019529986,0,LOW,train
2026-01-08 18:00:00,ZONE_B,2016.2600163302327,1999.2144,1997.5361906647447,0.0008731921,0,LOW,train
2026-01-08 18:15:00,ZONE_B,1990.175707503485,1999.3977,1986.2508572265808,0.00080669107,0,LOW,train
2026-01-08 18:30:00,ZONE_B,2011.5628304718152,2000.6602,1997.665352772203,0.00057436887,0,LOW,train
2026-01-08 18:45:00,ZONE_B,1985.516012487333,2000.8291,2020.32713663206,0.0004428797,0,LOW,train
2026-01-08 19:00:00,ZONE_B,1964.401932713189,1998.7834,2022.156817211768,0.0005439467,0,LOW,train
2026-01-08 19:15:00,ZONE_B,2017.8939012269527,1994.8805,1982.475086483562,0.0002897255,0,LOW,train
2026-01-08 19:30:00,ZONE_B,2014.4330119544445,1998.6681,2014.4810328378549,0.00054284063,0,LOW,train
2026-01-08 19:45:00,ZONE_B,2002.7954876256863,2000.2238,1984.1839575548563,0.0004260399,0,LOW,train
2026-01-08 20:00:00,ZONE_B,2014.1085860521976,1884.5707,2013.2062642903088,0.00049450656,0,LOW,train
2026-01-08 20:15:00,ZONE_B,1988.8511561230623,1862.4851,1977.08772032279,0.0004127564,0,LOW,train
2026-01-08 20:30:00,ZONE_B,1982.4751562011515,1853.4003,1983.6311286760908,0.00023930529,0,LOW,train
2026-01-08 20:45:00,ZONE_B,2019.2821491432048,1846.558,2030.2499653501773,0.00030792708,0,LOW,train
2026-01-08 21:00:00,ZONE_B,1890.8166610431208,1809.8691,1887.629679231301,0.00020216896,0,LOW,train
2026-01-08 21:15:00,ZONE_B,1834.5767648006893,1756.8987,1858.9418317973489,0.0004209093,0,LOW,train
2026-01-08 21:30:00,ZONE_B,1833.826038362055,1742.8853,1837.91132601997,0.0002213805,0,LOW,train
2026-01-08 21:45:00,ZONE_B,1816.841127295509,1719.7223,1822.3234343360064,0.00023411908,0,LOW,train
2026-01-08 22:00:00,ZONE_B,1819.2996504159323,1685.7938,1796.0848318601031,0.00015697951,0,LOW,train
2026-01-08 22:15:00,ZONE_B,1800.768621190747,1684.5339,1782.8431561116508,0.00017740158,0,LOW,train
2026-01-08 22:30:00,ZONE_B,1726.7276861631826,1648.0426,1723.7668955960196,0.00022538926,0,LOW,train
2026-01-08 22:45:00,ZONE_B,1738.8251007553058,1633.0808,1755.9571213758402,0.00040430957,0,LOW,train
2026-01-08 23:00:00,ZONE_B,1704.772715919766,1617.7745,1786.3236660971634,0.00026556986,0,LOW,train
2026-01-08 23:15:00,ZONE_B,1679.380322763079,1607.4109,1711.4047750069954,0.00025547048,0,LOW,train
2026-01-08 23:30:00,ZONE_B,1656.805189279484,1610.5593,1657.9401391320469,0.00023691496,0,LOW,train
2026-01-08 23:45:00,ZONE_B,1623.9278101786265,1610.3566,1672.9567116707162,0.00021264452,0,LOW,train
2026-01-09 00:00:00,ZONE_B,1573.1828672173062,1602.2898,1579.3568329806276,0.00035706218,0,LOW,train
2026-01-09 00:15:00,ZONE_B,1615.1152370046275,1604.1665,1599.696104464063,0.00032903723,0,LOW,train
2026-01-09 00:30:00,ZONE_B,1622.8951219152043,1602.2524,1612.4005838129451,0.0003520635,0,LOW,train
2026-01-09 00:45:00,ZONE_B,1618.7212878317391,1602.2375,1630.7755458213635,0.0003258935,0,LOW,train
2026-01-09 01:00:00,ZONE_B,1589.535749340533,1602.6708,1599.8960676519755,0.0002908369,0,LOW,train
2026-01-09 01:15:00,ZONE_B,1608.520279096886,1603.2086,1583.0917803557702,0.00030029437,0,LOW,train
2026-01-09 01:30:00,ZONE_B,1600.938568044996,1600.9679,1593.352718741794,0.00027416047,0,LOW,train
2026-01-09 01:45:00,ZONE_B,1623.2180109005842,1602.6193,1577.0773275571762,0.00020655399,0,LOW,train
2026-01-09 02:00:00,ZONE_B,1586.3750575867994,1601.1707,1584.406300292842,0.0002981085,0,LOW,train
2026-01-09 02:15:00,ZONE_B,1600.4263461682726,1603.822,1643.4050972595264,0.0003601934,0,LOW,train
2026-01-09 02:30:00,ZONE_B,1567.927287618641,1601.3489,1572.1122862713344,0.00036422425,0,LOW,train
2026-01-09 02:45:00,ZONE_B,1599.0750839821928,1600.7758,1643.1217041581292,0.0005845613,0,LOW,train
2026-01-09 03:00:00,ZONE_B,1595.84091903459,1601.4913,1599.1240452050374,0.00030581068,0,LOW,train
2026-01-09 03:15:00,ZONE_B,1621.6067329650955,1597.9987,1542.2477229970775,0.0002640583,0,LOW,train
2026-01-09 03:30:00,ZONE_B,1604.3398873102435,1601.7616,1599.283847609066,0.0004290984,0,LOW,train
2026-01-09 03:45:00,ZONE_B,1621.7888166316063,1601.5369,1581.766464962065,0.00014442544,0,LOW,train
2026-01-09 04:00:00,ZONE_B,1599.85729128339,1600.9908,1608.850603416193,0.00022325729,0,LOW,train
2026-01-09 04:15:00,ZONE_B,1585.598710116046,1603.7715,1565.3937478719213,0.00019384184,0,LOW,train
2026-01-09 04:30:00,ZONE_B,1571.8332292799753,1599.7937,1651.8925782543654,0.0004666463,0,LOW,train
2026-01-09 04:45:00,ZONE_B,1605.65533936764,1597.2675,1611.0381970069325,0.0002448145,0,LOW,train
2026-01-09 05:00:00,ZONE_B,1605.565736269332,1832.8304,1586.8924914159325,0.00037922835,0,LOW,train
2026-01-09 05:15:00,ZONE_B,1603.5470731550984,1842.3883,1557.9160840013649,0.00017665855,0,LOW,train
2026-01-09 05:30:00,ZONE_B,1619.54167326724,1852.588,1608.238108042164,0.0002415435,0,LOW,train
2026-01-09 05:45:00,ZONE_B,1605.3559533057462,1873.1561,1579.706584314167,0.0002506533,0,LOW,train
2026-01-09 06:00:00,ZONE_B,1787.596802157702,1877.567,1784.829435655822,0.00038799658,0,LOW,train
2026-01-09 06:15:00,ZONE_B,1838.9720969738264,1921.6605,1816.742111136797,0.000333869,0,LOW,train
2026-01-09 06:30:00,ZONE_B,1845.2333544863816,1957.2449,1852.7483069633324,0.0010169903,0,LOW,train
2026-01-09 06:45:00,ZONE_B,1876.214681644355,1987.5496,1885.811615409859,0.0015269265,0,LOW,train
2026-01-09 07:00:00,ZONE_B,1877.1389964976,2013.0895,1893.2297691282647,0.0011452662,0,LOW,train
2026-01-09 07:15:00,ZONE_B,1929.0972680629343,2030.5144,1961.034618942336,0.0012561518,0,LOW,train
2026-01-09 07:30:00,ZONE_B,1928.823080020864,2054.408,1918.146716607692,0.020563526,0,LOW,train
2026-01-09 07:45:00,ZONE_B,1961.1864338993084,2126.263,1975.5995424307696,0.17463167,0,LOW,train
2026-01-09 08:00:00,ZONE_B,2062.0571380324054,2145.1985,2024.2966834439576,0.2184395,0,LOW,train
2026-01-09 08:15:00,ZONE_B,2013.2589606975496,2210.8484,2085.183303119756,0.9829086,1,CRITICAL,train
2026-01-09 08:30:00,ZONE_B,2021.8507954579395,2209.9495,2072.2948739483213,0.98679775,1,CRITICAL,train
2026-01-09 08:45:00,ZONE_B,2083.605060332112,2195.1626,2276.8129235613605,0.9876956,1,CRITICAL,train
2026-01-09 09:00:00,ZONE_B,2082.812612898996,2042.523,2087.7790755074125,0.09816665,0,LOW,train
2026-01-09 09:15:00,ZONE_B,2161.042023340128,1952.728,2305.9625922929595,0.019838529,0,LOW,train
2026-01-09 09:30:00,ZONE_B,2233.556548138992,1979.1062,2224.7689601260613,0.038207807,0,LOW,train
2026-01-09 09:45:00,ZONE_B,2196.8540415838265,1996.7161,2183.295822195163,0.12390987,0,LOW,train
2026-01-09 10:00:00,ZONE_B,2092.2062940905384,2084.8262,1909.9702659992024,0.14079283,0,LOW,train
2026-01-09 10:15:00,ZONE_B,1900.484220166566,2012.3943,2022.3402423164805,0.012792398,0,LOW,train
2026-01-09 10:30:00,ZONE_B,1969.320198364819,2078.0625,1968.4327267088424,0.085595176,0,LOW,train
2026-01-09 10:45:00,ZONE_B,1943.4060499456057,1938.0625,2109.433690407144,0.028512059,0,LOW,train
2026-01-09 11:00:00,ZONE_B,2119.044036567158,2020.5708,1984.9392052909843,0.01998439,0,LOW,train
2026-01-09 11:15:00,ZONE_B,2018.118290846787,2072.0205,1970.0178503332224,0.07092041,0,LOW,train
2026-01-09 11:30:00,ZONE_B,2114.88583954248,2020.0371,1966.166082671904,0.08446766,0,LOW,train
2026-01-09 11:45:00,ZONE_B,1878.1472233071536,2054.6138,1976.977439194429,0.026060868,0,LOW,train
2026-01-09 12:00:00,ZONE_B,2049.986795931882,1974.0336,2013.8643680726288,0.027634952,0,LOW,train
2026-01-09 12:15:00,ZONE_B,2090.180814866312,2137.6477,1920.0009228626336,0.95860976,1,CRITICAL,train
2026-01-09 12:30:00,ZONE_B,1987.469597162179,2134.0625,1906.355228518289,0.9371043,1,CRITICAL,train
2026-01-09 12:45:00,ZONE_B,2089.683381580458,1963.3771,2084.407126415062,0.067580715,0,LOW,train
2026-01-09 13:00:00,ZONE_B,1918.7865624642257,1976.8907,2002.691183148054,0.047615856,0,LOW,train
2026-01-09 13:15:00,ZONE_B,2157.7264081374824,2103.8972,1980.631135999673,0.9362426,1,CRITICAL,train
2026-01-09 13:30:00,ZONE_B,2206.2757395144754,2044.8732,1960.391270573722,0.10480495,0,LOW,train
2026-01-09 13:45:00,ZONE_B,1937.213553839319,1920.1862,2023.175634559473,0.028420169,0,LOW,train
2026-01-09 14:00:00,ZONE_B,1953.4002845920152,1946.1561,1894.396271443278,0.05320197,0,LOW,train
2026-01-09 14:15:00,ZONE_B,2149.5806961288445,1942.6985,1889.3968529389565,0.023657119,0,LOW,train
2026-01-09 14:30:00,ZONE_B,2093.7545442374103,1950.2664,1966.4665950257247,0.09179214,0,LOW,train
2026-01-09 14:45:00,ZONE_B,1904.76185289356,1927.7628,1875.7490510918344,0.01019141,0,LOW,train
2026-01-09 15:00:00,ZONE_B,1891.1621241001023,1993.7222,1948.911987380845,0.012682618,0,LOW,train
2026-01-09 15:15:00,ZONE_B,1925.183600585636,1996.3572,1886.882224415273,0.003536965,0,LOW,train
2026-01-09 15:30:00,ZONE_B,1864.1289784723947,1998.28,1989.18330585148,0.006727773,0,LOW,train
2026-01-09 15:45:00,ZONE_B,1884.030935907084,1997.0942,1922.641938932556,0.004092331,0,LOW,train
2026-01-09 16:00:00,ZONE_B,2005.4524000571068,2032.6486,2028.7277687467588,0.0052240323,0,LOW,train
2026-01-09 16:15:00,ZONE_B,1977.737885246111,2010.4819,2055.007849209857,0.07912533,0,LOW,train
2026-01-09 16:30:00,ZONE_B,1985.5169076209315,2000.9386,2089.4540168546096,0.04553338,0,LOW,train
2026-01-09 16:45:00,ZONE_B,2008.7965210569755,2006.3622,2041.959170171156,0.026850978,0,LOW,train
2026-01-09 17:00:00,ZONE_B,2067.961247832516,2002.4331,2022.4876147435884,0.005115168,0,LOW,train
2026-01-09 17:15:00,ZONE_B,1967.2405253585664,2009.5747,2010.9092460560687,0.007628311,0,LOW,train
2026-01-09 17:30:00,ZONE_B,2018.218469125217,2004.4292,2003.4974070452247,0.031075776,0,LOW,train
2026-01-09 17:45:00,ZONE_B,1999.6231939865504,2005.3462,1996.0628981921384,0.020064596,0,LOW,train
2026-01-09 18:00:00,ZONE_B,2012.911919661677,2004.744,2016.2600163302327,0.021010201,0,LOW,train
2026-01-09 18:15:00,ZONE_B,2020.780346140092,2000.2085,1990.175707503485,0.0050557507,0,LOW,train
2026-01-09 18:30:00,ZONE_B,2017.238840857579,2004.0282,2011.5628304718152,0.007579784,0,LOW,train
2026-01-09 18:45:00,ZONE_B,2003.874838013362,2001.48,1985.516012487333,0.0038920618,0,LOW,train
2026-01-09 19:00:00,ZONE_B,2030.0712480498169,2000.1658,1964.401932713189,0.0014717677,0,LOW,train
2026-01-09 19:15:00,ZONE_B,2004.7398352146288,1999.6427,2017.8939012269527,0.0012358598,0,LOW,train
2026-01-09 19:30:00,ZONE_B,2016.536520012144,1999.0199,2014.4330119544445,0.0012380359,0,LOW,train
2026-01-09 19:45:00,ZONE_B,1973.659326125716,1999.1082,2002.7954876256863,0.00070572464,0,LOW,train
2026-01-09 20:00:00,ZONE_B,1996.095345169368,1875.6571,2014.1085860521976,0.0007699446,0,LOW,train
2026-01-09 20:15:00,ZONE_B,2006.130925530428,1873.9791,1988.8511561230623,0.00059307757,0,LOW,train
2026-01-09 20:30:00,ZONE_B,2003.543252116704,1855.3763,1982.4751562011515,0.0003599198,0,LOW,train
2026-01-09 20:45:00,ZONE_B,2023.2073564343427,1847.6017,2019.2821491432048,0.0006712337,0,LOW,train
2026-01-09 21:00:00,ZONE_B,1877.2719467644724,1803.9352,1890.8166610431208,0.0002793864,0,LOW,train
2026-01-09 21:15:00,ZONE_B,1870.3573040284664,1752.4609,1834.5767648006893,0.00016634035,0,LOW,train
2026-01-09 21:30:00,ZONE_B,1888.551827865214,1757.9958,1833.826038362055,0.00018074748,0,LOW,train
2026-01-09 21:45:00,ZONE_B,1833.100906965488,1739.1892,1816.841127295509,0.00029749665,0,LOW,train
2026-01-09 22:00:00,ZONE_B,1797.4962505968954,1712.0889,1819.2996504159323,0.0002199647,0,LOW,train
2026-01-09 22:15:00,ZONE_B,1792.961613851562,1716.5284,1800.768621190747,0.00030667198,0,LOW,train
2026-01-09 22:30:00,ZONE_B,1773.8390930646788,1656.4045,1726.7276861631826,0.00019976131,0,LOW,train
2026-01-09 22:45:00,ZONE_B,1709.0620971195713,1628.295,1738.8251007553058,0.0003305477,0,LOW,train
2026-01-09 23:00:00,ZONE_B,1659.3608921290754,1608.295,1704.772715919766,0.0002753542,0,LOW,train
2026-01-09 23:15:00,ZONE_B,1715.3998974520125,1609.2338,1679.380322763079,0.00019513792,0,LOW,train
2026-01-09 23:30:00,ZONE_B,1637.1721485741018,1608.6251,1656.805189279484,0.00040115108,0,LOW,train
2026-01-09 23:45:00,ZONE_B,1610.9824636743822,1607.7921,1623.9278101786265,0.0004317506,0,LOW,train
2026-01-10 00:00:00,ZONE_B,1600.2607759132857,1603.0046,1573.1828672173062,0.00040337292,0,LOW,train
2026-01-10 00:15:00,ZONE_B,1602.4467372911458,1601.4268,1615.1152370046275,0.00024864438,0,LOW,train
2026-01-10 00:30:00,ZONE_B,1607.677756370931,1601.0206,1622.8951219152043,0.00024313641,0,LOW,train
2026-01-10 00:45:00,ZONE_B,1599.145325497894,1594.2596,1618.7212878317391,0.0001908876,0,LOW,train
2026-01-10 01:00:00,ZONE_B,1627.8740777033604,1605.4377,1589.535749340533,0.0002072984,0,LOW,train
2026-01-10 01:15:00,ZONE_B,1593.7329448836228,1599.8375,1608.520279096886,0.0004400138,0,LOW,train
2026-01-10 01:30:00,ZONE_B,1576.3482233244636,1601.61,1600.938568044996,0.00022590885,0,LOW,train
2026-01-10 01:45:00,ZONE_B,1593.6936892048057,1600.9747,1623.2180109005842,0.00023032504,0,LOW,train
2026-01-10 02:00:00,ZONE_B,1617.967885397695,1602.2451,1586.3750575867994,0.00022996168,0,LOW,train
2026-01-10 02:15:00,ZONE_B,1585.6951921909208,1600.3766,1600.4263461682726,0.0004330354,0,LOW,train
2026-01-10 02:30:00,ZONE_B,1608.514382289654,1603.3518,1567.927287618641,0.00018365074,0,LOW,train
2026-01-10 02:45:00,ZONE_B,1628.898405092852,1602.8002,1599.0750839821928,0.00027579768,0,LOW,train
2026-01-10 03:00:00,ZONE_B,1594.6356628809722,1601.2096,1595.84091903459,0.00030911982,0,LOW,train
2026-01-10 03:15:00,ZONE_B,1606.042752862253,1602.062,1621.6067329650955,0.0001999393,0,LOW,train
2026-01-10 03:30:00,ZONE_B,1623.2506780489937,1602.0883,1604.3398873102435,0.00048381934,0,LOW,train
2026-01-10 03:45:00,ZONE_B,1595.6827649986667,1600.9083,1621.7888166316063,0.00032267143,0,LOW,train
2026-01-10 04:00:00,ZONE_B,1624.1164965960998,1603.2035,1599.85729128339,0.00040761026,0,LOW,train
2026-01-10 04:15:00,ZONE_B,1614.7032081392206,1602.3605,1585.598710116046,0.00015534175,0,LOW,train
2026-01-10 04:30:00,ZONE_B,1586.2647120787994,1604.5187,1571.8332292799753,0.00025071495,0,LOW,train
2026-01-10 04:45:00,ZONE_B,1598.4212174599402,1629.0764,1605.65533936764,0.00032913763,0,LOW,train
2026-01-10 05:00:00,ZONE_B,1611.914320070754,1820.028,1605.565736269332,0.0004113047,0,LOW,train
2026-01-10 05:15:00,ZONE_B,1594.6452411335035,1837.8298,1603.5470731550984,0.00041195448,0,LOW,train
2026-01-10 05:30:00,ZONE_B,1650.3185657922884,1859.0002,1619.54167326724,0.00038780374,0,LOW,train
2026-01-10 05:45:00,ZONE_B,1599.70367415079,1883.0204,1605.3559533057462,0.00035319992,0,LOW,train
2026-01-10 06:00:00,ZONE_B,1780.1709538767589,1917.636,1787.596802157702,0.0004408287,0,LOW,train
2026-01-10 06:15:00,ZONE_B,1857.215469845308,1964.6362,1838.9720969738264,0.0007834171,0,LOW,train
2026-01-10 06:30:00,ZONE_B,1862.5617605566456,1994.6793,1845.2333544863816,0.0004601311,0,LOW,train
2026-01-10 06:45:00,ZONE_B,1880.9928995331345,1994.5825,1876.214681644355,0.002002994,0,LOW,train
2026-01-10 07:00:00,ZONE_B,1929.8177280143927,2011.9901,1877.1389964976,0.0059662643,0,LOW,train
2026-01-10 07:15:00,ZONE_B,1986.1075722204448,2056.562,1929.0972680629343,0.057864837,0,LOW,train
2026-01-10 07:30:00,ZONE_B,2051.2881399780053,2132.8987,1928.823080020864,0.966674,1,CRITICAL,train
2026-01-10 07:45:00,ZONE_B,1990.610089290543,2124.3176,1961.1864338993084,0.20324947,0,LOW,train
2026-01-10 08:00:00,ZONE_B,1976.991215640248,2165.895,2062.0571380324054,0.96972376,1,CRITICAL,train
2026-01-10 08:15:00,ZONE_B,2062.953350229012,2198.2183,2013.2589606975496,0.3789446,0,MEDIUM,train
2026-01-10 08:30:00,ZONE_B,2192.327445121192,2202.413,2021.8507954579395,0.9788674,1,CRITICAL,train
2026-01-10 08:45:00,ZONE_B,2042.4527903274268,2277.464,2083.605060332112,0.9846844,1,CRITICAL,train
2026-01-10 09:00:00,ZONE_B,2199.8679709320245,1985.8136,2082.812612898996,0.10894424,0,LOW,train
2026-01-10 09:15:00,ZONE_B,2121.6377961165667,2005.2864,2161.042023340128,0.04624178,0,LOW,train
2026-01-10 09:30:00,ZONE_B,2180.604774492085,1970.3612,2233.556548138992,0.10949119,0,LOW,train
2026-01-10 09:45:00,ZONE_B,2338.903705926967,2063.073,2196.8540415838265,0.0784546,0,LOW,train
2026-01-10 10:00:00,ZONE_B,1999.167533354317,2008.5515,2092.2062940905384,0.019337421,0,LOW,train
2026-01-10 10:15:00,ZONE_B,1990.8193198030967,2074.3765,1900.484220166566,0.9245297,1,CRITICAL,train
2026-01-10 10:30:00,ZONE_B,1931.397547338736,1988.3931,1969.320198364819,0.028975867,0,LOW,train
2026-01-10 10:45:00,ZONE_B,2087.675042407955,2013.059,1943.4060499456057,0.023649344,0,LOW,train
2026-01-10 11:00:00,ZONE_B,2033.6523579890463,1999.1827,2119.044036567158,0.0031899954,0,LOW,train
2026-01-10 11:15:00,ZONE_B,2194.380838115929,2057.5913,2018.118290846787,0.0036763882,0,LOW,train
2026-01-10 11:30:00,ZONE_B,1968.252561685554,1992.9806,2114.88583954248,0.0045551946,0,LOW,train
2026-01-10 11:45:00,ZONE_B,2022.0211337600188,2003.2817,1878.1472233071536,0.0055273324,0,LOW,train
2026-01-10 12:00:00,ZONE_B,1998.291824899199,2011.264,2049.986795931882,0.0095968535,0,LOW,train
2026-01-10 12:15:00,ZONE_B,2161.205023993751,2016.5522,2090.180814866312,0.0062845484,0,LOW,train
2026-01-10 12:30:00,ZONE_B,2005.976611287862,1972.163,1987.469597162179,0.0127586,0,LOW,train
2026-01-10 12:45:00,ZONE_B,2020.25175591082,1963.257,2089.683381580458,0.0025545973,0,LOW,train
2026-01-10 13:00:00,ZONE_B,2050.8380676767965,1998.5532,1918.7865624642257,0.0061889007,0,LOW,train
2026-01-10 13:15:00,ZONE_B,2024.614173401894,1933.7343,2157.7264081374824,0.00335262,0,LOW,train
2026-01-10 13:30:00,ZONE_B,1949.851791070559,1931.9496,2206.2757395144754,0.00093931897,0,LOW,train
2026-01-10 13:45:00,ZONE_B,1988.441743028592,1927.6758,1937.213553839319,0.017787661,0,LOW,train
2026-01-10 14:00:00,ZONE_B,2058.1535417822874,2000.1663,1953.4002845920152,0.0072209467,0,LOW,train
2026-01-10 14:15:00,ZONE_B,1911.1946407835685,1897.1036,2149.5806961288445,0.0034207886,0,LOW,train
2026-01-10 14:30:00,ZONE_B,1934.5654311244955,1908.7477,2093.7545442374103,0.0025646407,0,LOW,train
2026-01-10 14:45:00,ZONE_B,1883.8904547013112,1948.3278,1904.76185289356,0.004800768,0,LOW,train
2026-01-10 15:00:00,ZONE_B,2053.00245970895,2102.143,1891.1621241001023,0.004464703,0,LOW,train
2026-01-10 15:15:00,ZONE_B,1899.7962059957968,2010.7772,1925.183600585636,0.0022737796,0,LOW,train
2026-01-10 15:30:00,ZONE_B,1885.353622174664,2010.0132,1864.1289784723947,0.0029644547,0,LOW,train
2026-01-10 15:45:00,ZONE_B,1909.716264748396,2060.5159,1884.030935907084,0.006930911,0,LOW,train
2026-01-10 16:00:00,ZONE_B,2139.122550958331,2010.72,2005.4524000571068,0.001586345,0,LOW,train
2026-01-10 16:15:00,ZONE_B,2043.811402685256,2006.9895,1977.737885246111,0.0050258236,0,LOW,train
2026-01-10 16:30:00,ZONE_B,1989.27456089314,2009.0547,1985.5169076209315,0.004177897,0,LOW,train
2026-01-10 16:45:00,ZONE_B,2132.587046450148,1981.3345,2008.7965210569755,0.03220289,0,LOW,train
2026-01-10 17:00:00,ZONE_B,2009.763070594732,2003.8032,2067.961247832516,0.009951883,0,LOW,train
2026-01-10 17:15:00,ZONE_B,2007.387878031374,2002.6255,1967.2405253585664,0.016971756,0,LOW,train
2026-01-10 17:30:00,ZONE_B,1996.948648670933,2005.6589,2018.218469125217,0.013208656,0,LOW,train
2026-01-10 17:45:00,ZONE_B,1940.05293563858,2023.2653,1999.6231939865504,0.0042606797,0,LOW,train
2026-01-10 18:00:00,ZONE_B,1985.0145051035247,2007.1345,2012.911919661677,0.0037155256,0,LOW,train
2026-01-10 18:15:00,ZONE_B,1988.536426474756,2000.9147,2020.780346140092,0.0016837495,0,LOW,train
2026-01-10 18:30:00,ZONE_B,1981.341373589873,2000.5891,2017.238840857579,0.0013884016,0,LOW,train
2026-01-10 18:45:00,ZONE_B,2017.3630522242736,1998.3684,2003.874838013362,0.0045621446,0,LOW,train
2026-01-10 19:00:00,ZONE_B,1991.5836826726124,2001.8976,2030.0712480498169,0.0005450984,0,LOW,train
2026-01-10 19:15:00,ZONE_B,1955.811850237168,2002.6638,2004.7398352146288,0.00078834104,0,LOW,train
2026-01-10 19:30:00,ZONE_B,2029.9587843525703,2000.7828,2016.536520012144,0.0011057309,0,LOW,train
2026-01-10 19:45:00,ZONE_B,1990.3807317341843,2000.4683,1973.659326125716,0.0019395772,0,LOW,train
2026-01-10 20:00:00,ZONE_B,1987.7918730494653,1893.6267,1996.095345169368,0.0008914562,0,LOW,train
2026-01-10 20:15:00,ZONE_B,2023.765263507448,1874.4181,2006.130925530428,0.0017980447,0,LOW,train
2026-01-10 20:30:00,ZONE_B,1981.39857836928,1858.7012,2003.543252116704,0.00039689027,0,LOW,train
2026-01-10 20:45:00,ZONE_B,1984.760844075005,1848.3519,2023.2073564343427,0.00032954646,0,LOW,train
2026-01-10 21:00:00,ZONE_B,1913.9809116979784,1809.7249,1877.2719467644724,0.00019795494,0,LOW,train
2026-01-10 21:15:00,ZONE_B,1859.43452580959,1764.3586,1870.3573040284664,0.0003140994,0,LOW,train
2026-01-10 21:30:00,ZONE_B,1846.072638502279,1760.2311,1888.551827865214,0.00022447693,0,LOW,train
2026-01-10 21:45:00,ZONE_B,1828.4661547297217,1715.4958,1833.100906965488,0.00030098084,0,LOW,train
2026-01-10 22:00:00,ZONE_B,1825.3621771912533,1701.7794,1797.4962505968954,0.00019957132,0,LOW,train
2026-01-10 22:15:00,ZONE_B,1750.319354950887,1670.9089,1792.961613851562,0.00015937306,0,LOW,train
2026-01-10 22:30:00,ZONE_B,1760.3681419275642,1649.9529,1773.8390930646788,0.00041780915,0,LOW,train
2026-01-10 22:45:00,ZONE_B,1737.2354457015074,1616.3552,1709.0620971195713,0.00039386086,0,LOW,train
2026-01-10 23:00:00,ZONE_B,1696.7096137107606,1610.7452,1659.3608921290754,0.0002629684,0,LOW,train
2026-01-10 23:15:00,ZONE_B,1692.282756372917,1607.529,1715.3998974520125,0.00024459168,0,LOW,train
2026-01-10 23:30:00,ZONE_B,1656.6172263239523,1609.8994,1637.1721485741018,0.00021755334,0,LOW,train
2026-01-10 23:45:00,ZONE_B,1614.7824129342198,1611.9722,1610.9824636743822,0.0003621498,0,LOW,train
2026-01-11 00:00:00,ZONE_B,1622.3827661102252,1601.619,1600.2607759132857,0.00045375433,0,LOW,train
2026-01-11 00:15:00,ZONE_B,1592.9708327005817,1601.7668,1602.4467372911458,0.0002593048,0,LOW,train
2026-01-11 00:30:00,ZONE_B,1616.4305623677124,1601.5038,1607.677756370931,0.00031248055,0,LOW,train
2026-01-11 00:45:00,ZONE_B,1625.6279463603623,1601.7073,1599.145325497894,0.00033924455,0,LOW,train
2026-01-11 01:00:00,ZONE_B,1609.9772138031535,1601.229,1627.8740777033604,0.00025714614,0,LOW,train
2026-01-11 01:15:00,ZONE_B,1608.0978311870035,1602.2966,1593.7329448836228,0.00034598977,0,LOW,train
2026-01-11 01:30:00,ZONE_B,1574.3379042740405,1594.8035,1576.3482233244636,0.00031433965,0,LOW,train
2026-01-11 01:45:00,ZONE_B,1580.3466021195206,1600.5178,1593.6936892048057,0.00031173814,0,LOW,train
2026-01-11 02:00:00,ZONE_B,1573.002252639125,1600.8179,1617.967885397695,0.0005671424,0,LOW,train
2026-01-11 02:15:00,ZONE_B,1611.123479027416,1602.1354,1585.6951921909208,0.0002431313,0,LOW,train
2026-01-11 02:30:00,ZONE_B,1582.3633812556131,1600.0883,1608.514382289654,0.00023541848,0,LOW,train
2026-01-11 02:45:00,ZONE_B,1577.442726368593,1602.7017,1628.898405092852,0.00039104425,0,LOW,train
2026-01-11 03:00:00,ZONE_B,1604.7294596204758,1602.036,1594.6356628809722,0.0002497549,0,LOW,train
2026-01-11 03:15:00,ZONE_B,1561.8754581671371,1601.0206,1606.042752862253,0.00035686838,0,LOW,train
2026-01-11 03:30:00,ZONE_B,1579.8721330391393,1600.7576,1623.2506780489937,0.00034546884,0,LOW,train
2026-01-11 03:45:00,ZONE_B,1617.1535352125925,1602.0531,1595.6827649986667,0.00031610855,0,LOW,train
2026-01-11 04:00:00,ZONE_B,1595.323408922951,1601.779,1624.1164965960998,0.00041211024,0,LOW,train
2026-01-11 04:15:00,ZONE_B,1585.4530470291566,1601.0023,1614.7032081392206,0.00020180535,0,LOW,train
2026-01-11 04:30:00,ZONE_B,1576.74161769404,1596.6323,1586.2647120787994,0.00038333275,0,LOW,train
2026-01-11 04:45:00,ZONE_B,1589.9354240043967,1644.0813,1598.4212174599402,0.0006428886,0,LOW,train
2026-01-11 05:00:00,ZONE_B,1580.961562239751,1820.8926,1611.914320070754,0.0005638852,0,LOW,train
2026-01-11 05:15:00,ZONE_B,1619.1331886444364,1839.9872,1594.6452411335035,0.00031586454,0,LOW,train
2026-01-11 05:30:00,ZONE_B,1639.1490901172292,1862.6533,1650.3185657922884,0.00031598532,0,LOW,train
2026-01-11 05:45:00,ZONE_B,1606.0411501465494,1881.6256,1599.70367415079,0.0005598211,0,LOW,train
2026-01-11 06:00:00,ZONE_B,1794.2748522052282,1895.5852,1780.1709538767589,0.0006062464,0,LOW,train
2026-01-11 06:15:00,ZONE_B,1838.929718035939,1964.5453,1857.215469845308,0.0004599289,0,LOW,train
2026-01-11 06:30:00,ZONE_B,1870.0384798069367,1977.0236,1862.5617605566456,0.00069132174,0,LOW,train
2026-01-11 06:45:00,ZONE_B,1889.854136914513,1988.9048,1880.9928995331345,0.0006603524,0,LOW,train
2026-01-11 07:00:00,ZONE_B,1899.5798527974675,2026.9084,1929.8177280143927,0.0013315165,0,LOW,train
2026-01-11 07:15:00,ZONE_B,1937.7470474438728,2041.5017,1986.1075722204448,0.0064057484,0,LOW,train
2026-01-11 07:30:00,ZONE_B,1948.3523356496885,2084.9492,2051.2881399780053,0.054448836,0,LOW,train
2026-01-11 07:45:00,ZONE_B,1983.4633397379805,2127.062,1990.610089290543,0.12958108,0,LOW,train
2026-01-11 08:00:00,ZONE_B,1998.21344383954,2197.0723,1976.991215640248,0.9623216,1,CRITICAL,train
2026-01-11 08:15:00,ZONE_B,2041.027132670705,2212.0542,2062.953350229012,0.96735626,1,CRITICAL,train
2026-01-11 08:30:00,ZONE_B,2051.90185350242,2186.0955,2192.327445121192,0.48257816,0,MEDIUM,train
2026-01-11 08:45:00,ZONE_B,2089.303826064663,2250.094,2042.4527903274268,0.98871475,1,CRITICAL,train
2026-01-11 09:00:00,ZONE_B,2344.9744962715654,2044.6754,2199.8679709320245,0.045517206,0,LOW,train
2026-01-11 09:15:00,ZONE_B,2248.1609157049274,2038.0612,2121.6377961165667,0.14178689,0,LOW,train
2026-01-11 09:30:00,ZONE_B,2142.7303542145487,2016.6984,2180.604774492085,0.10478611,0,LOW,train
2026-01-11 09:45:00,ZONE_B,2279.5488028169607,1972.9797,2338.903705926967,0.017577698,0,LOW,train
2026-01-11 10:00:00,ZONE_B,2080.30068266597,2039.0674,1999.167533354317,0.061676733,0,LOW,train
2026-01-11 10:15:00,ZONE_B,2078.7443506870527,2044.6405,1990.8193198030967,0.06617885,0,LOW,train
2026-01-11 10:30:00,ZONE_B,1989.699254196936,2074.2102,1931.397547338736,0.1007559,0,LOW,train
2026-01-11 10:45:00,ZONE_B,1922.40183593048,2022.8704,2087.675042407955,0.009711759,0,LOW,train
2026-01-11 11:00:00,ZONE_B,2032.1814658106189,2060.3906,2033.6523579890463,0.0039242753,0,LOW,train
2026-01-11 11:15:00,ZONE_B,2057.5633654830067,1994.5718,2194.380838115929,0.0051044077,0,LOW,train
2026-01-11 11:30:00,ZONE_B,2095.418367431604,2088.3928,1968.252561685554,0.030543085,0,LOW,train
2026-01-11 11:45:00,ZONE_B,2056.5762857433565,2014.8315,2022.0211337600188,0.008628872,0,LOW,train
2026-01-11 12:00:00,ZONE_B,2110.5370570810373,2132.4583,1998.291824899199,0.95016795,1,CRITICAL,train
2026-01-11 12:15:00,ZONE_B,1968.0193247729649,1973.1624,2161.205023993751,0.008162929,0,LOW,train
2026-01-11 12:30:00,ZONE_B,2125.7707603065264,2057.6833,2005.976611287862,0.012516782,0,LOW,train
2026-01-11 12:45:00,ZONE_B,2016.589154796448,1996.0511,2020.25175591082,0.006606336,0,LOW,train
2026-01-11 13:00:00,ZONE_B,2182.5422675309305,1971.0205,2050.8380676767965,0.00893076,0,LOW,train
2026-01-11 13:15:00,ZONE_B,1907.7995200286416,1936.9375,2024.614173401894,0.0045943675,0,LOW,train
2026-01-11 13:30:00,ZONE_B,2150.3596998295066,1940.2415,1949.851791070559,0.003901809,0,LOW,train
2026-01-11 13:45:00,ZONE_B,1986.181526412372,1977.641,1988.441743028592,0.006825923,0,LOW,train
2026-01-11 14:00:00,ZONE_B,1893.683367708332,1941.4958,2058.1535417822874,0.0006660418,0,LOW,train
2026-01-11 14:15:00,ZONE_B,1901.7871606613987,1920.6399,1911.1946407835685,0.0036759232,0,LOW,train
2026-01-11 14:30:00,ZONE_B,1900.260310530424,1935.4033,1934.5654311244955,0.005079302,0,LOW,train
2026-01-11 14:45:00,ZONE_B,1972.5380368535973,2041.1154,1883.8904547013112,0.0028127907,0,LOW,train
2026-01-11 15:00:00,ZONE_B,1969.080398739903,2096.592,2053.00245970895,0.006202659,0,LOW,train
2026-01-11 15:15:00,ZONE_B,1882.5649240448367,2020.5599,1899.7962059957968,0.011806777,0,LOW,train
2026-01-11 15:30:00,ZONE_B,1921.9079351195328,2036.1455,1885.353622174664,0.0043038363,0,LOW,train
2026-01-11 15:45:00,ZONE_B,2083.5935422600724,2041.8348,1909.716264748396,0.00453371,0,LOW,train
2026-01-11 16:00:00,ZONE_B,2157.61650780508,2026.6024,2139.122550958331,0.016147949,0,LOW,train
2026-01-11 16:15:00,ZONE_B,1995.6282284563977,2037.19,2043.811402685256,0.05583067,0,LOW,train
2026-01-11 16:30:00,ZONE_B,2034.775433090356,2017.6464,1989.27456089314,0.050363977,0,LOW,train
2026-01-11 16:45:00,ZONE_B,2000.403070911614,2006.0388,2132.587046450148,0.014552412,0,LOW,train
2026-01-11 17:00:00,ZONE_B,1999.4726801234583,2015.164,2009.763070594732,0.053665362,0,LOW,train
2026-01-11 17:15:00,ZONE_B,1996.8978623474543,1999.6251,2007.387878031374,0.004559298,0,LOW,train
2026-01-11 17:30:00,ZONE_B,2020.485833654373,2002.6161,1996.948648670933,0.007898428,0,LOW,train
2026-01-11 17:45:00,ZONE_B,1999.9544431826248,2000.4791,1940.05293563858,0.0051455977,0,LOW,train
2026-01-11 18:00:00,ZONE_B,1997.514707822219,2005.493,1985.0145051035247,0.0030331467,0,LOW,train
2026-01-11 18:15:00,ZONE_B,2012.8421841453544,2000.7087,1988.536426474756,0.008476758,0,LOW,train
2026-01-11 18:30:00,ZONE_B,2035.957737981042,2003.2516,1981.341373589873,0.0026061372,0,LOW,train
2026-01-11 18:45:00,ZONE_B,1970.1522708636608,1996.5857,2017.3630522242736,0.0020779725,0,LOW,train
2026-01-11 19:00:00,ZONE_B,2002.705066663892,1997.4777,1991.5836826726124,0.001150847,0,LOW,train
2026-01-11 19:15:00,ZONE_B,1995.9644585504552,1997.6726,1955.811850237168,0.0027584813,0,LOW,train
2026-01-11 19:30:00,ZONE_B,2004.8668992090409,2002.204,2029.9587843525703,0.0020709154,0,LOW,train
2026-01-11 19:45:00,ZONE_B,2012.082762149884,1999.4637,1990.3807317341843,0.00045727193,0,LOW,train
2026-01-11 20:00:00,ZONE_B,1977.8008378403667,1871.3689,1987.7918730494653,0.00047660084,0,LOW,train
2026-01-11 20:15:00,ZONE_B,2021.348871694236,1870.5458,2023.765263507448,0.0003641824,0,LOW,train
2026-01-11 20:30:00,ZONE_B,2019.9428283229704,1854.306,1981.39857836928,0.00047459817,0,LOW,train
2026-01-11 20:45:00,ZONE_B,2010.139094827584,1850.0132,1984.760844075005,0.0004891085,0,LOW,train
2026-01-11 21:00:00,ZONE_B,1870.318959482889,1812.6237,1913.9809116979784,0.00028685818,0,LOW,train
2026-01-11 21:15:00,ZONE_B,1904.832276995452,1766.3519,1859.43452580959,0.00021732341,0,LOW,train
2026-01-11 21:30:00,ZONE_B,1820.6018938998416,1734.1198,1846.072638502279,0.0003142833,0,LOW,train
2026-01-11 21:45:00,ZONE_B,1854.2766665349704,1732.1721,1828.4661547297217,0.00029061877,0,LOW,train
2026-01-11 22:00:00,ZONE_B,1830.6149277286663,1712.8845,1825.3621771912533,0.00019948001,0,LOW,train
2026-01-11 22:15:00,ZONE_B,1725.883485364721,1656.215,1750.319354950887,0.00018874383,0,LOW,train
2026-01-11 22:30:00,ZONE_B,1727.8291593130543,1637.433,1760.3681419275642,0.00027164366,0,LOW,train
2026-01-11 22:45:00,ZONE_B,1753.4249505151631,1624.6927,1737.2354457015074,0.00054276513,0,LOW,train
2026-01-11 23:00:00,ZONE_B,1721.359589818464,1608.8297,1696.7096137107606,0.00025638603,0,LOW,train
2026-01-11 23:15:00,ZONE_B,1683.9307993896502,1608.2311,1692.282756372917,0.00023737554,0,LOW,train
2026-01-11 23:30:00,ZONE_B,1624.9879843440372,1607.91,1656.6172263239523,0.0002729586,0,LOW,train
2026-01-11 23:45:00,ZONE_B,1650.230739684344,1612.1642,1614.7824129342198,0.00038306275,0,LOW,train
2026-01-12 00:00:00,ZONE_B,1573.6152348308733,1605.3131,1622.3827661102252,0.00032603426,0,LOW,train
2026-01-12 00:15:00,ZONE_B,1594.468185326543,1675.5016,1592.9708327005817,0.0011503417,0,LOW,train
2026-01-12 00:30:00,ZONE_B,1583.828671544609,1606.6671,1616.4305623677124,0.0003489258,0,LOW,train
2026-01-12 00:45:00,ZONE_B,1631.0398706434885,1605.5377,1625.6279463603623,0.00031643693,0,LOW,train
2026-01-12 01:00:00,ZONE_B,1569.8389237844158,1604.3077,1609.9772138031535,0.00044836476,0,LOW,train
2026-01-12 01:15:00,ZONE_B,1713.2099562998562,1633.7651,1608.0978311870035,0.0011733571,0,LOW,train
2026-01-12 01:30:00,ZONE_B,1616.5760919683855,1605.9911,1574.3379042740405,0.00047863362,0,LOW,train
2026-01-12 01:45:00,ZONE_B,1605.8544751825575,1604.655,1580.3466021195206,0.0007493518,0,LOW,train
2026-01-12 02:00:00,ZONE_B,1623.8454091420767,1605.6434,1573.002252639125,0.0005783874,0,LOW,train
2026-01-12 02:15:00,ZONE_B,1636.1770843008292,1603.4552,1611.123479027416,0.0006330986,0,LOW,train
2026-01-12 02:30:00,ZONE_B,1619.59545079929,1607.6516,1582.3633812556131,0.00039169585,0,LOW,train
2026-01-12 02:45:00,ZONE_B,1619.130734189628,1605.5502,1577.442726368593,0.00043763177,0,LOW,train
2026-01-12 03:00:00,ZONE_B,1633.4768007542878,1602.338,1604.7294596204758,0.0006533263,0,LOW,train
2026-01-12 03:15:00,ZONE_B,1594.611973782408,1609.355,1561.8754581671371,0.00041886113,0,LOW,train
2026-01-12 03:30:00,ZONE_B,1615.999217873357,1608.9767,1579.8721330391393,0.00040885422,0,LOW,train
2026-01-12 03:45:00,ZONE_B,1580.9530963845516,1603.7156,1617.1535352125925,0.00059566105,0,LOW,train
2026-01-12 04:00:00,ZONE_B,1601.1516089821316,1608.2084,1595.323408922951,0.00035968176,0,LOW,train
2026-01-12 04:15:00,ZONE_B,1663.6686783655032,1607.8242,1585.4530470291566,0.0006248284,0,LOW,train
2026-01-12 04:30:00,ZONE_B,1614.618488078282,1602.3933,1576.74161769404,0.0006044947,0,LOW,train
2026-01-12 04:45:00,ZONE_B,1592.0794356186682,1608.4952,1589.9354240043967,0.00042947917,0,LOW,train
2026-01-12 05:00:00,ZONE_B,1609.4750022884266,1710.3739,1580.961562239751,0.00044588142,0,LOW,train
2026-01-12 05:15:00,ZONE_B,1613.2909923988286,1823.6025,1619.1331886444364,0.0002734903,0,LOW,train
2026-01-12 05:30:00,ZONE_B,1577.6080623617609,1827.086,1639.1490901172292,0.0010446575,0,LOW,train
2026-01-12 05:45:00,ZONE_B,1618.7776981389466,1905.2131,1606.0411501465494,0.00064775255,0,LOW,train
2026-01-12 06:00:00,ZONE_B,1812.9100001031247,1897.5833,1794.2748522052282,0.0006196399,0,LOW,train
2026-01-12 06:15:00,ZONE_B,1831.5179575061225,1921.978,1838.929718035939,0.0010452006,0,LOW,train
2026-01-12 06:30:00,ZONE_B,1837.6158338025336,1967.9647,1870.0384798069367,0.0016787794,0,LOW,train
2026-01-12 06:45:00,ZONE_B,1965.6496154006056,1982.1719,1889.854136914513,0.0052752425,0,LOW,train
2026-01-12 07:00:00,ZONE_B,1894.8663973851544,2014.8185,1899.5798527974675,0.0018049834,0,LOW,train
2026-01-12 07:15:00,ZONE_B,1929.6659174522329,2033.891,1937.7470474438728,0.013978597,0,LOW,train
2026-01-12 07:30:00,ZONE_B,1951.6165197291225,2063.758,1948.3523356496885,0.044489115,0,LOW,train
2026-01-12 07:45:00,ZONE_B,1945.2162385330985,2115.4004,1983.4633397379805,0.07219616,0,LOW,train
2026-01-12 08:00:00,ZONE_B,2030.5453221548908,2157.8005,1998.21344383954,0.27132678,0,LOW,train
2026-01-12 08:15:00,ZONE_B,1999.7322492265007,2203.5913,2041.027132670705,0.97241026,1,CRITICAL,train
2026-01-12 08:30:00,ZONE_B,2037.366776820132,2225.37,2051.90185350242,0.98424685,1,CRITICAL,train
2026-01-12 08:45:00,ZONE_B,2091.4060367646657,2223.2449,2089.303826064663,0.9815881,1,CRITICAL,train
2026-01-12 09:00:00,ZONE_B,2148.5042690757987,1977.8873,2344.9744962715654,0.077812575,0,LOW,train
2026-01-12 09:15:00,ZONE_B,2196.0599560948176,1963.8588,2248.1609157049274,0.07061371,0,LOW,train
2026-01-12 09:30:00,ZONE_B,2275.6732062329493,2057.0872,2142.7303542145487,0.07633747,0,LOW,train
2026-01-12 09:45:00,ZONE_B,2242.15977414443,2011.8411,2279.5488028169607,0.069477595,0,LOW,train
2026-01-12 10:00:00,ZONE_B,1955.0714498092937,2019.2927,2080.30068266597,0.0306051,0,LOW,train
2026-01-12 10:15:00,ZONE_B,1889.810504972256,1946.9148,2078.7443506870527,0.11566851,0,LOW,train
2026-01-12 10:30:00,ZONE_B,2064.687227632736,2118.1353,1989.699254196936,0.93868434,1,CRITICAL,train
2026-01-12 10:45:00,ZONE_B,2009.146780397304,1972.4298,1922.40183593048,0.08785442,0,LOW,train
2026-01-12 11:00:00,ZONE_B,2098.051222865747,2043.9451,2032.1814658106189,0.046402425,0,LOW,train
2026-01-12 11:15:00,ZONE_B,1915.285793503489,1941.039,2057.5633654830067,0.006509023,0,LOW,train
2026-01-12 11:30:00,ZONE_B,2206.9255167128204,2032.5726,2095.418367431604,0.028268782,0,LOW,train
2026-01-12 11:45:00,ZONE_B,1940.0240763130537,1971.5751,2056.5762857433565,0.016428348,0,LOW,train
2026-01-12 12:00:00,ZONE_B,2095.3268051130167,1988.7815,2110.5370570810373,0.059494633,0,LOW,train
2026-01-12 12:15:00,ZONE_B,1899.691181810126,2182.801,1968.0193247729649,0.95715183,1,CRITICAL,train
2026-01-12 12:30:00,ZONE_B,2043.983446498231,1997.6489,2125.7707603065264,0.025319524,0,LOW,train
2026-01-12 12:45:00,ZONE_B,1931.1279818134344,1964.3425,2016.589154796448,0.024260867,0,LOW,train
2026-01-12 13:00:00,ZONE_B,1942.8446418019328,2009.2338,2182.5422675309305,0.0037081812,0,LOW,train
2026-01-12 13:15:00,ZONE_B,2220.0773787845915,1994.941,1907.7995200286416,0.043904595,0,LOW,train
2026-01-12 13:30:00,ZONE_B,2000.255677946092,1939.1351,2150.3596998295066,0.017373353,0,LOW,train
2026-01-12 13:45:00,ZONE_B,1983.8953609485768,1967.1426,1986.181526412372,0.04865707,0,LOW,train
2026-01-12 14:00:00,ZONE_B,2063.652331942977,2085.4463,1893.683367708332,0.029906934,0,LOW,train
2026-01-12 14:15:00,ZONE_B,1989.1636708629176,1946.7784,1901.7871606613987,0.04855003,0,LOW,train
2026-01-12 14:30:00,ZONE_B,1926.929000257248,1965.243,1900.260310530424,0.029658355,0,LOW,train
2026-01-12 14:45:00,ZONE_B,1943.3757817802605,1988.6964,1972.5380368535973,0.06754812,0,LOW,train
2026-01-12 15:00:00,ZONE_B,2139.610023698641,2049.2603,1969.080398739903,0.008471254,0,LOW,train
2026-01-12 15:15:00,ZONE_B,1907.72818066094,2038.0062,1882.5649240448367,0.0062101143,0,LOW,train
2026-01-12 15:30:00,ZONE_B,1950.5923928703007,2043.376,1921.9079351195328,0.09738195,0,LOW,train
2026-01-12 15:45:00,ZONE_B,2003.858662084048,2043.6349,2083.5935422600724,0.0431557,0,LOW,train
2026-01-12 16:00:00,ZONE_B,2078.301610697508,2216.269,2157.61650780508,0.9253374,1,CRITICAL,train
2026-01-12 16:15:00,ZONE_B,2056.0405291947427,2178.208,1995.6282284563977,0.96332496,1,CRITICAL,train
2026-01-12 16:30:00,ZONE_B,2031.72905280137,2222.46,2034.775433090356,0.95471585,1,CRITICAL,train
2026-01-12 16:45:00,ZONE_B,1981.5119032755697,2180.0786,2000.403070911614,0.9629677,1,CRITICAL,train
2026-01-12 17:00:00,ZONE_B,2388.8659209182606,2324.8933,1999.4726801234583,0.988193,1,CRITICAL,train
2026-01-12 17:15:00,ZONE_B,2286.950127881096,2297.3071,1996.8978623474543,0.9874692,1,CRITICAL,train
2026-01-12 17:30:00,ZONE_B,2320.401148749749,2338.1926,2020.485833654373,0.99608827,1,CRITICAL,train
2026-01-12 17:45:00,ZONE_B,2328.4783839704364,2326.8574,1999.9544431826248,0.9959126,1,CRITICAL,train
2026-01-12 18:00:00,ZONE_B,2320.9003798318463,2227.4526,1997.514707822219,0.9717448,1,CRITICAL,train
2026-01-12 18:15:00,ZONE_B,2330.471184615702,2065.9995,2012.8421841453544,0.1867154,0,LOW,train
2026-01-12 18:30:00,ZONE_B,2328.7075564932493,2034.3408,2035.957737981042,0.10425932,0,LOW,train
2026-01-12 18:45:00,ZONE_B,2338.162572316353,2029.5946,1970.1522708636608,0.03878108,0,LOW,train
2026-01-12 19:00:00,ZONE_B,2313.253098255628,2037.3602,2002.705066663892,0.010180165,0,LOW,train
2026-01-12 19:15:00,ZONE_B,2004.3037674766213,2005.7238,1995.9644585504552,0.005266912,0,LOW,train
2026-01-12 19:30:00,ZONE_B,2006.6834293882905,2014.165,2004.8668992090409,0.011087327,0,LOW,train
2026-01-12 19:45:00,ZONE_B,2007.2074795063456,2010.0609,2012.082762149884,0.014378212,0,LOW,train
2026-01-12 20:00:00,ZONE_B,2006.399167248116,1892.8043,1977.8008378403667,0.015744912,0,LOW,train
2026-01-12 20:15:00,ZONE_B,1988.084682719072,1858.7161,2021.348871694236,0.002605706,0,LOW,train
2026-01-12 20:30:00,ZONE_B,1999.017569118492,1850.793,2019.9428283229704,0.00569081,0,LOW,train
2026-01-12 20:45:00,ZONE_B,2030.423525815104,1840.5947,2010.139094827584,0.003518966,0,LOW,train
2026-01-12 21:00:00,ZONE_B,1907.9424328431007,1810.0491,1870.318959482889,0.0012100778,0,LOW,train
2026-01-12 21:15:00,ZONE_B,1865.4701464350064,1792.7463,1904.832276995452,0.0012343492,0,LOW,train
2026-01-12 21:30:00,ZONE_B,1822.8906644091207,1721.8328,1820.6018938998416,0.00050730375,0,LOW,train
2026-01-12 21:45:00,ZONE_B,1800.756516652546,1734.7991,1854.2766665349704,0.0006024727,0,LOW,train
2026-01-12 22:00:00,ZONE_B,1804.888452215832,1715.9086,1830.6149277286663,0.0002229752,0,LOW,train
2026-01-12 22:15:00,ZONE_B,1792.286341873885,1687.7314,1725.883485364721,0.00020103045,0,LOW,train
2026-01-12 22:30:00,ZONE_B,1725.238962907487,1643.1981,1727.8291593130543,0.0002162154,0,LOW,train
2026-01-12 22:45:00,ZONE_B,1745.6272370753113,1657.2628,1753.4249505151631,0.00022650132,0,LOW,train
2026-01-12 23:00:00,ZONE_B,1685.4271386233345,1632.7369,1721.359589818464,0.0003485717,0,LOW,train
2026-01-12 23:15:00,ZONE_B,1701.1635437516145,1634.1514,1683.9307993896502,0.00039723128,0,LOW,train
2026-01-12 23:30:00,ZONE_B,1659.354774959556,1629.6376,1624.9879843440372,0.00025437918,0,LOW,train
2026-01-12 23:45:00,ZONE_B,1684.4129039720185,1619.6086,1650.230739684344,0.00036216425,0,LOW,train
2026-01-13 00:00:00,ZONE_B,1606.4133251217793,1613.1891,1573.6152348308733,0.00013847864,0,LOW,train
2026-01-13 00:15:00,ZONE_B,1656.8042462190328,1609.9934,1594.468185326543,0.00032991267,0,LOW,train
2026-01-13 00:30:00,ZONE_B,1621.6284492100267,1606.5846,1583.828671544609,0.00028947918,0,LOW,train
2026-01-13 00:45:00,ZONE_B,1600.4548699952304,1605.5311,1631.0398706434885,0.0005493936,0,LOW,train
2026-01-13 01:00:00,ZONE_B,1644.831610064743,1608.9313,1569.8389237844158,0.00029764103,0,LOW,train
2026-01-13 01:15:00,ZONE_B,1583.032017869187,1605.38,1713.2099562998562,0.0008868673,0,LOW,train
2026-01-13 01:30:00,ZONE_B,1600.145993578613,1605.3284,1616.5760919683855,0.00032394877,0,LOW,train
2026-01-13 01:45:00,ZONE_B,1615.771698373706,1605.5287,1605.8544751825575,0.00031759235,0,LOW,train
2026-01-13 02:00:00,ZONE_B,1667.634329841981,1607.2765,1623.8454091420767,0.0005084244,0,LOW,train
2026-01-13 02:15:00,ZONE_B,1624.3612214952254,1604.1195,1636.1770843008292,0.0014382628,0,LOW,train
2026-01-13 02:30:00,ZONE_B,1623.208782464363,1605.1193,1619.59545079929,0.000640443,0,LOW,train
2026-01-13 02:45:00,ZONE_B,1630.3723300900886,1605.5115,1619.130734189628,0.00032894817,0,LOW,train
2026-01-13 03:00:00,ZONE_B,1593.0240374522737,1606.6938,1633.4768007542878,0.0006804856,0,LOW,train
2026-01-13 03:15:00,ZONE_B,1617.9536735258016,1605.8116,1594.611973782408,0.0005255778,0,LOW,train
2026-01-13 03:30:00,ZONE_B,1609.4914767608273,1602.6671,1615.999217873357,0.0005685206,0,LOW,train
2026-01-13 03:45:00,ZONE_B,1584.4947910660317,1603.452,1580.9530963845516,0.00047942632,0,LOW,train
2026-01-13 04:00:00,ZONE_B,1597.95767442389,1602.8627,1601.1516089821316,0.00030991004,0,LOW,train
2026-01-13 04:15:00,ZONE_B,1600.4005022823037,1602.4503,1663.6686783655032,0.00053805433,0,LOW,train
2026-01-13 04:30:00,ZONE_B,1618.169412186536,1588.095,1614.618488078282,0.00047769584,0,LOW,train
2026-01-13 04:45:00,ZONE_B,1584.7138374066792,1587.0468,1592.0794356186682,0.00034419482,0,LOW,train
2026-01-13 05:00:00,ZONE_B,1588.2962321971777,1801.3134,1609.4750022884266,0.0003246586,0,LOW,train
2026-01-13 05:15:00,ZONE_B,1610.090544315015,1826.6492,1613.2909923988286,0.00032370453,0,LOW,train
2026-01-13 05:30:00,ZONE_B,1573.6290607761323,1826.3558,1577.6080623617609,0.0005498653,0,LOW,train
2026-01-13 05:45:00,ZONE_B,1574.2038316375024,1869.0153,1618.7776981389466,0.00040231782,0,LOW,train
2026-01-13 06:00:00,ZONE_B,1806.0421780280328,1907.7131,1812.9100001031247,0.0002810452,0,LOW,train
2026-01-13 06:15:00,ZONE_B,1852.8766648939768,1944.1498,1831.5179575061225,0.00055626966,0,LOW,train
2026-01-13 06:30:00,ZONE_B,1806.8849382323,1963.6985,1837.6158338025336,0.000485575,0,LOW,train
2026-01-13 06:45:00,ZONE_B,1874.361462277454,1987.1577,1965.6496154006056,0.0014792143,0,LOW,train
2026-01-13 07:00:00,ZONE_B,1897.5436644690485,2002.9663,1894.8663973851544,0.0008103823,0,LOW,train
2026-01-13 07:15:00,ZONE_B,2000.1187023695832,2070.11,1929.6659174522329,0.0060378476,0,LOW,train
2026-01-13 07:30:00,ZONE_B,1979.4960695309355,2056.042,1951.6165197291225,0.0697234,0,LOW,train
2026-01-13 07:45:00,ZONE_B,1939.6611726269275,2106.2844,1945.2162385330985,0.12228833,0,LOW,train
2026-01-13 08:00:00,ZONE_B,1955.5442750511736,2167.1963,2030.5453221548908,0.96908766,1,CRITICAL,train
2026-01-13 08:15:00,ZONE_B,2080.2701143186137,2186.4587,1999.7322492265007,0.20349884,0,LOW,train
2026-01-13 08:30:00,ZONE_B,2048.6020243990424,2214.786,2037.366776820132,0.9761973,1,CRITICAL,train
2026-01-13 08:45:00,ZONE_B,2054.0010156467824,2215.5176,2091.4060367646657,0.6280827,0,HIGH,train
2026-01-13 09:00:00,ZONE_B,2203.7997400841814,1954.7736,2148.5042690757987,0.019555336,0,LOW,train
2026-01-13 09:15:00,ZONE_B,2132.109396496259,2007.6077,2196.0599560948176,0.0291039,0,LOW,train
2026-01-13 09:30:00,ZONE_B,2235.185277669254,1937.1559,2275.6732062329493,0.006821987,0,LOW,train
2026-01-13 09:45:00,ZONE_B,2191.38856562184,2028.7358,2242.15977414443,0.044727135,0,LOW,train
2026-01-13 10:00:00,ZONE_B,1889.2213570985336,2020.6328,1955.0714498092937,0.022519588,0,LOW,train
2026-01-13 10:15:00,ZONE_B,1998.2443767520224,2043.3859,1889.810504972256,0.076901615,0,LOW,train
2026-01-13 10:30:00,ZONE_B,1904.0851319300407,1989.7462,2064.687227632736,0.007424742,0,LOW,train
2026-01-13 10:45:00,ZONE_B,2065.0831861596303,2054.69,2009.146780397304,0.0058986465,0,LOW,train
2026-01-13 11:00:00,ZONE_B,2032.3064277542912,1992.4944,2098.051222865747,0.0021070773,0,LOW,train
2026-01-13 11:15:00,ZONE_B,2043.1016043769807,1985.7313,1915.285793503489,0.0042410675,0,LOW,train
2026-01-13 11:30:00,ZONE_B,1991.83197034709,1985.9288,2206.9255167128204,0.0052868053,0,LOW,train
2026-01-13 11:45:00,ZONE_B,2113.7073495740274,2018.8837,1940.0240763130537,0.004135535,0,LOW,train
2026-01-13 12:00:00,ZONE_B,1988.829844713024,1990.2966,2095.3268051130167,0.0032394428,0,LOW,train
2026-01-13 12:15:00,ZONE_B,1914.3917085788664,1995.407,1899.691181810126,0.0036465584,0,LOW,train
2026-01-13 12:30:00,ZONE_B,1989.2068237052065,1967.7839,2043.983446498231,0.0030747107,0,LOW,train
2026-01-13 12:45:00,ZONE_B,2047.5681976387143,1957.2494,1931.1279818134344,0.00093299994,0,LOW,train
2026-01-13 13:00:00,ZONE_B,2003.017627197968,1981.9086,1942.8446418019328,0.0076753437,0,LOW,train
2026-01-13 13:15:00,ZONE_B,1989.7773211131791,2032.812,2220.0773787845915,0.0071842927,0,LOW,train
2026-01-13 13:30:00,ZONE_B,1940.988307279844,1946.9054,2000.255677946092,0.0027514242,0,LOW,train
2026-01-13 13:45:00,ZONE_B,1907.2377587538967,1930.9811,1983.8953609485768,0.0014496323,0,LOW,train
2026-01-13 14:00:00,ZONE_B,1936.9391385813103,1933.7198,2063.652331942977,0.001313343,0,LOW,train
2026-01-13 14:15:00,ZONE_B,2120.2106997927576,1978.019,1989.1636708629176,0.002758349,0,LOW,train
2026-01-13 14:30:00,ZONE_B,1913.546633949104,1939.0396,1926.929000257248,0.004162671,0,LOW,train
2026-01-13 14:45:00,ZONE_B,1885.766816148356,1965.6514,1943.3757817802605,0.011060997,0,LOW,train
2026-01-13 15:00:00,ZONE_B,1896.1947110463173,1985.5541,2139.610023698641,0.0006719797,0,LOW,train
2026-01-13 15:15:00,ZONE_B,1981.783318174428,2025.5576,1907.72818066094,0.0010475502,0,LOW,train
2026-01-13 15:30:00,ZONE_B,1900.010349774668,2004.4601,1950.5923928703007,0.0013321311,0,LOW,train
2026-01-13 15:45:00,ZONE_B,1982.8645910587848,2071.843,2003.858662084048,0.0046596327,0,LOW,train
2026-01-13 16:00:00,ZONE_B,1961.6973207975964,2014.0823,2078.301610697508,0.010254757,0,LOW,train
2026-01-13 16:15:00,ZONE_B,2023.951664607428,2005.4052,2056.0405291947427,0.005691792,0,LOW,train
2026-01-13 16:30:00,ZONE_B,1992.313697782836,2008.5116,2031.72905280137,0.015186588,0,LOW,train
2026-01-13 16:45:00,ZONE_B,2178.331481950049,1984.4374,1981.5119032755697,0.012369178,0,LOW,train
2026-01-13 17:00:00,ZONE_B,1994.9252551689383,1986.7632,2388.8659209182606,0.0041974816,0,LOW,train
2026-01-13 17:15:00,ZONE_B,2017.4434826740887,2009.422,2286.950127881096,0.023969369,0,LOW,train
2026-01-13 17:30:00,ZONE_B,1976.4285816035783,1992.381,2320.401148749749,0.021662932,0,LOW,train
2026-01-13 17:45:00,ZONE_B,1981.2369754344552,2001.3373,2328.4783839704364,0.0031817348,0,LOW,train
2026-01-13 18:00:00,ZONE_B,1959.4805955847423,1995.1041,2320.9003798318463,0.0011818329,0,LOW,train
2026-01-13 18:15:00,ZONE_B,2014.6704672965511,2005.0869,2330.471184615702,0.0012823805,0,LOW,train
2026-01-13 18:30:00,ZONE_B,1977.5587988315835,2004.1923,2328.7075564932493,0.00074651325,0,LOW,train
2026-01-13 18:45:00,ZONE_B,1981.2260444259084,2005.1168,2338.162572316353,0.0005823777,0,LOW,train
2026-01-13 19:00:00,ZONE_B,2002.306566353732,1994.4574,2313.253098255628,0.0007185312,0,LOW,train
2026-01-13 19:15:00,ZONE_B,2010.8085030771,2007.4523,2004.3037674766213,0.00024483315,0,LOW,train
2026-01-13 19:30:00,ZONE_B,2004.937724835075,2006.4525,2006.6834293882905,0.00032778984,0,LOW,train
2026-01-13 19:45:00,ZONE_B,1980.4997537720608,2007.6687,2007.2074795063456,0.00039230872,0,LOW,train
2026-01-13 20:00:00,ZONE_B,1991.1739673339184,1902.8485,2006.399167248116,0.00035933868,0,LOW,train
2026-01-13 20:15:00,ZONE_B,2017.1631962430265,1876.048,1988.084682719072,0.00028296438,0,LOW,train
2026-01-13 20:30:00,ZONE_B,2045.6896449001413,1866.6038,1999.017569118492,0.00036263917,0,LOW,train
2026-01-13 20:45:00,ZONE_B,2016.413573040433,1854.599,2030.423525815104,0.00078375574,0,LOW,train
2026-01-13 21:00:00,ZONE_B,1935.631169307406,1808.8821,1907.9424328431007,0.00038697207,0,LOW,train
2026-01-13 21:15:00,ZONE_B,1844.709553834043,1790.5175,1865.4701464350064,0.00062555086,0,LOW,train
2026-01-13 21:30:00,ZONE_B,1888.2416386400048,1755.8857,1822.8906644091207,0.00031678888,0,LOW,train
2026-01-13 21:45:00,ZONE_B,1817.215321182549,1723.755,1800.756516652546,0.0008075106,0,LOW,train
2026-01-13 22:00:00,ZONE_B,1805.8929029096128,1706.4752,1804.888452215832,0.0005367814,0,LOW,train
2026-01-13 22:15:00,ZONE_B,1812.48674310476,1695.8638,1792.286341873885,0.00036359354,0,LOW,train
2026-01-13 22:30:00,ZONE_B,1730.0337916816195,1659.9835,1725.238962907487,0.0004034079,0,LOW,train
2026-01-13 22:45:00,ZONE_B,1714.0946224736567,1634.4318,1745.6272370753113,0.0010513844,0,LOW,train
2026-01-13 23:00:00,ZONE_B,1685.518536076996,1615.5795,1685.4271386233345,0.0005315221,0,LOW,train
2026-01-13 23:15:00,ZONE_B,1679.5112885465398,1613.3704,1701.1635437516145,0.00044118034,0,LOW,train
2026-01-13 23:30:00,ZONE_B,1659.7216899462055,1609.7048,1659.354774959556,0.0005686022,0,LOW,train
2026-01-13 23:45:00,ZONE_B,1599.7021748423765,1613.3055,1684.4129039720185,0.000573251,0,LOW,train
2026-01-14 00:00:00,ZONE_B,1623.9624536773892,1605.7454,1606.4133251217793,0.00044864588,0,LOW,train
2026-01-14 00:15:00,ZONE_B,1594.7014203770311,1602.8463,1656.8042462190328,0.000392725,0,LOW,train
2026-01-14 00:30:00,ZONE_B,1600.4713492414069,1603.9731,1621.6284492100267,0.00017105961,0,LOW,train
2026-01-14 00:45:00,ZONE_B,1621.5126125370227,1603.3124,1600.4548699952304,0.0010430913,0,LOW,train
2026-01-14 01:00:00,ZONE_B,1665.921560186065,1603.2532,1644.831610064743,0.000312917,0,LOW,train
2026-01-14 01:15:00,ZONE_B,1632.383843291094,1607.0519,1583.032017869187,0.0008169615,0,LOW,train
2026-01-14 01:30:00,ZONE_B,1608.5806231413355,1604.4064,1600.145993578613,0.00097283866,0,LOW,train
2026-01-14 01:45:00,ZONE_B,1577.2609812140972,1603.9824,1615.771698373706,0.00077466725,0,LOW,train
2026-01-14 02:00:00,ZONE_B,1574.9326864751206,1600.2675,1667.634329841981,0.0005660386,0,LOW,train
2026-01-14 02:15:00,ZONE_B,1622.3806364390225,1607.3939,1624.3612214952254,0.0004251998,0,LOW,train
2026-01-14 02:30:00,ZONE_B,1603.21666917377,1603.3838,1623.208782464363,0.00041628868,0,LOW,train
2026-01-14 02:45:00,ZONE_B,1607.258933563893,1604.6473,1630.3723300900886,0.00037831193,0,LOW,train
2026-01-14 03:00:00,ZONE_B,1565.498512203087,1601.921,1593.0240374522737,0.0004375039,0,LOW,train
2026-01-14 03:15:00,ZONE_B,1595.9080189371373,1607.1202,1617.9536735258016,0.0011417532,0,LOW,train
2026-01-14 03:30:00,ZONE_B,1569.159512359546,1602.2412,1609.4914767608273,0.00068416155,0,LOW,train
2026-01-14 03:45:00,ZONE_B,1606.1076539698656,1607.7772,1584.4947910660317,0.0005981395,0,LOW,train
2026-01-14 04:00:00,ZONE_B,1621.9524014288727,1605.722,1597.95767442389,0.0005538297,0,LOW,train
2026-01-14 04:15:00,ZONE_B,1624.6353174800158,1607.6184,1600.4005022823037,0.0010160683,0,LOW,train
2026-01-14 04:30:00,ZONE_B,1609.744535628415,1593.7192,1618.169412186536,0.0004114786,0,LOW,train
2026-01-14 04:45:00,ZONE_B,1639.118105704918,1621.8564,1584.7138374066792,0.00048925675,0,LOW,train
2026-01-14 05:00:00,ZONE_B,1610.2041218062354,1812.5724,1588.2962321971777,0.00036460813,0,LOW,train
2026-01-14 05:15:00,ZONE_B,1606.9839812134255,1830.1354,1610.090544315015,0.0010217626,0,LOW,train
2026-01-14 05:30:00,ZONE_B,1572.2765796310907,1848.9417,1573.6290607761323,0.0012804955,0,LOW,train
2026-01-14 05:45:00,ZONE_B,1589.5154944747678,1863.6361,1574.2038316375024,0.001514131,0,LOW,train
2026-01-14 06:00:00,ZONE_B,1796.082801872759,1958.2083,1806.0421780280328,0.00040367412,0,LOW,train
2026-01-14 06:15:00,ZONE_B,1819.6574069847336,1937.9628,1852.8766648939768,0.0022378645,0,LOW,train
2026-01-14 06:30:00,ZONE_B,1858.8623498625263,1956.2258,1806.8849382323,0.0010140187,0,LOW,train
2026-01-14 06:45:00,ZONE_B,1858.9587968190745,1977.3011,1874.361462277454,0.0029999514,0,LOW,train
2026-01-14 07:00:00,ZONE_B,2037.0779893794147,1999.0157,1897.5436644690485,0.017992212,0,LOW,train
2026-01-14 07:15:00,ZONE_B,1948.514796448316,2031.5698,2000.1187023695832,0.028850257,0,LOW,train
2026-01-14 07:30:00,ZONE_B,1964.7019415670484,2099.723,1979.4960695309355,0.07195879,0,LOW,train
2026-01-14 07:45:00,ZONE_B,1960.428754165646,2150.1555,1939.6611726269275,0.9766234,1,CRITICAL,train
2026-01-14 08:00:00,ZONE_B,1969.6827801456864,2163.3179,1955.5442750511736,0.06651,0,LOW,train
2026-01-14 08:15:00,ZONE_B,2012.212842242694,2155.2703,2080.2701143186137,0.19092038,0,LOW,train
2026-01-14 08:30:00,ZONE_B,2100.630676168068,2201.0195,2048.6020243990424,0.32984403,0,MEDIUM,train
2026-01-14 08:45:00,ZONE_B,2229.305241893825,2235.4312,2054.0010156467824,0.9909498,1,CRITICAL,train
2026-01-14 09:00:00,ZONE_B,2129.1711496072053,1958.817,2203.7997400841814,0.07127766,0,LOW,train
2026-01-14 09:15:00,ZONE_B,2131.928631127316,1992.9623,2132.109396496259,0.042396076,0,LOW,train
2026-01-14 09:30:00,ZONE_B,2132.954445272743,2000.8976,2235.185277669254,0.122009486,0,LOW,train
2026-01-14 09:45:00,ZONE_B,2275.2488859569903,2126.2034,2191.38856562184,0.9248007,1,CRITICAL,train
2026-01-14 10:00:00,ZONE_B,1888.9729378902744,1992.4236,1889.2213570985336,0.023054421,0,LOW,train
2026-01-14 10:15:00,ZONE_B,1923.218967894664,2035.9564,1998.2443767520224,0.11237427,0,LOW,train
2026-01-14 10:30:00,ZONE_B,2006.2159641262613,2017.0977,1904.0851319300407,0.034891035,0,LOW,train
2026-01-14 10:45:00,ZONE_B,2257.0979517630544,1976.788,2065.0831861596303,0.013984797,0,LOW,train
2026-01-14 11:00:00,ZONE_B,1963.4766853199783,2041.457,2032.3064277542912,0.029773023,0,LOW,train
2026-01-14 11:15:00,ZONE_B,2066.784625146619,1964.5735,2043.1016043769807,0.008474543,0,LOW,train
2026-01-14 11:30:00,ZONE_B,2019.4267979698416,1996.8049,1991.83197034709,0.015100432,0,LOW,train
2026-01-14 11:45:00,ZONE_B,1953.082158783871,1984.6128,2113.7073495740274,0.017509336,0,LOW,train
2026-01-14 12:00:00,ZONE_B,2066.9236249000523,1981.012,1988.829844713024,0.10238737,0,LOW,train
2026-01-14 12:15:00,ZONE_B,1958.4058464797447,2023.734,1914.3917085788664,0.027621614,0,LOW,train
2026-01-14 12:30:00,ZONE_B,2023.8815058981404,1984.9475,1989.2068237052065,0.0054771546,0,LOW,train
2026-01-14 12:45:00,ZONE_B,2007.809360222316,1952.1948,2047.5681976387143,0.010326871,0,LOW,train
2026-01-14 13:00:00,ZONE_B,1945.903548656337,1982.1962,2003.017627197968,0.005515571,0,LOW,train
2026-01-14 13:15:00,ZONE_B,2082.6334676308697,1952.4664,1989.7773211131791,0.0028420866,0,LOW,train
2026-01-14 13:30:00,ZONE_B,1960.9169994232147,1971.6301,1940.988307279844,0.010942296,0,LOW,train
2026-01-14 13:45:00,ZONE_B,1898.101993334908,1972.9791,1907.2377587538967,0.0049499534,0,LOW,train
2026-01-14 14:00:00,ZONE_B,2013.7454005618456,1966.4679,1936.9391385813103,0.023232184,0,LOW,train
2026-01-14 14:15:00,ZONE_B,1891.6927080949176,1968.7805,2120.2106997927576,0.003226742,0,LOW,train
2026-01-14 14:30:00,ZONE_B,1971.1969291954808,1950.9119,1913.546633949104,0.004456297,0,LOW,train
2026-01-14 14:45:00,ZONE_B,1972.4594678461424,1976.1272,1885.766816148356,0.039391994,0,LOW,train
2026-01-14 15:00:00,ZONE_B,2040.731704266264,2048.1418,1896.1947110463173,0.009342778,0,LOW,train
2026-01-14 15:15:00,ZONE_B,1998.1772786746687,2027.0464,1981.783318174428,0.006075846,0,LOW,train
2026-01-14 15:30:00,ZONE_B,1887.0228375512256,1994.2871,1900.010349774668,0.00040460104,0,LOW,train
2026-01-14 15:45:00,ZONE_B,1968.627422134696,1997.0776,1982.8645910587848,0.0019454558,0,LOW,train
2026-01-14 16:00:00,ZONE_B,2139.840617103394,2019.3862,1961.6973207975964,0.006263717,0,LOW,train
2026-01-14 16:15:00,ZONE_B,2011.767244919176,2013.8624,2023.951664607428,0.023045324,0,LOW,train
2026-01-14 16:30:00,ZONE_B,2004.4515004636585,2013.4788,1992.313697782836,0.007132922,0,LOW,train
2026-01-14 16:45:00,ZONE_B,2025.7917142234364,2005.5265,2178.331481950049,0.009086815,0,LOW,train
2026-01-14 17:00:00,ZONE_B,2025.658129596276,2007.8492,1994.9252551689383,0.0007263048,0,LOW,train
2026-01-14 17:15:00,ZONE_B,2013.695912741167,2002.3401,2017.4434826740887,0.0007986097,0,LOW,train
2026-01-14 17:30:00,ZONE_B,1999.3946245902748,2007.2197,1976.4285816035783,0.0010300928,0,LOW,train
2026-01-14 17:45:00,ZONE_B,2011.4759440993,2001.3036,1981.2369754344552,0.00033044652,0,LOW,train
2026-01-14 18:00:00,ZONE_B,1997.0744388528565,2001.0448,1959.4805955847423,0.000239902,0,LOW,train
2026-01-14 18:15:00,ZONE_B,1982.552206360942,2004.223,2014.6704672965511,0.0008039752,0,LOW,train
2026-01-14 18:30:00,ZONE_B,2004.6486768477853,1998.9493,1977.5587988315835,0.00028863645,0,LOW,train
2026-01-14 18:45:00,ZONE_B,1980.540192248128,2002.2976,1981.2260444259084,0.0006428089,0,LOW,train
2026-01-14 19:00:00,ZONE_B,1980.3825427059169,1999.2219,2002.306566353732,0.00020512598,0,LOW,train
2026-01-14 19:15:00,ZONE_B,2024.1347992820715,1999.352,2010.8085030771,0.00013210431,0,LOW,train
2026-01-14 19:30:00,ZONE_B,1994.1665831730447,1999.7963,2004.937724835075,0.00017996175,0,LOW,train
2026-01-14 19:45:00,ZONE_B,2024.3833537347289,1999.9313,1980.4997537720608,0.00018689282,0,LOW,train
2026-01-14 20:00:00,ZONE_B,2011.7449975696247,1878.2635,1991.1739673339184,0.00013670693,0,LOW,train
2026-01-14 20:15:00,ZONE_B,1991.9651443011176,1866.1188,2017.1631962430265,0.00021595992,0,LOW,train
2026-01-14 20:30:00,ZONE_B,1991.369259181872,1850.8088,2045.6896449001413,0.00025040846,0,LOW,train
2026-01-14 20:45:00,ZONE_B,2015.6233359831256,1846.1631,2016.413573040433,0.0003812732,0,LOW,train
2026-01-14 21:00:00,ZONE_B,1912.548189278059,1835.7009,1935.631169307406,0.0001830113,0,LOW,train
2026-01-14 21:15:00,ZONE_B,1865.510701740292,1768.946,1844.709553834043,0.00016183287,0,LOW,train
2026-01-14 21:30:00,ZONE_B,1819.295731329286,1743.0109,1888.2416386400048,0.00018652112,0,LOW,train
2026-01-14 21:45:00,ZONE_B,1834.401185299782,1727.3906,1817.215321182549,0.0004219502,0,LOW,train
2026-01-14 22:00:00,ZONE_B,1828.5885075934896,1710.1926,1805.8929029096128,0.00026243317,0,LOW,train
2026-01-14 22:15:00,ZONE_B,1768.9147646020797,1700.3822,1812.48674310476,0.0003052712,0,LOW,train
2026-01-14 22:30:00,ZONE_B,1752.889055582947,1648.714,1730.0337916816195,0.0002689922,0,LOW,train
2026-01-14 22:45:00,ZONE_B,1687.9920064530738,1614.2301,1714.0946224736567,0.00047319778,0,LOW,train
2026-01-14 23:00:00,ZONE_B,1700.6287156392689,1610.0707,1685.518536076996,0.00016730955,0,LOW,train
2026-01-14 23:15:00,ZONE_B,1662.76981591816,1619.8529,1679.5112885465398,0.0002999256,0,LOW,train
2026-01-14 23:30:00,ZONE_B,1616.497964081672,1622.9594,1659.7216899462055,0.00038631505,0,LOW,train
2026-01-14 23:45:00,ZONE_B,1606.1636797574042,1609.0989,1599.7021748423765,0.0001892511,0,LOW,train
2026-01-15 00:00:00,ZONE_B,1576.0889744293015,1601.9164,1623.9624536773892,0.00069206697,0,LOW,train
2026-01-15 00:15:00,ZONE_B,1677.2297649912057,1600.8895,1594.7014203770311,0.00027280513,0,LOW,train
2026-01-15 00:30:00,ZONE_B,1703.1345920236722,1606.768,1600.4713492414069,0.00044540156,0,LOW,train
2026-01-15 00:45:00,ZONE_B,1583.3011466439923,1614.5054,1621.5126125370227,0.0008762221,0,LOW,train
2026-01-15 01:00:00,ZONE_B,1598.6270179479934,1602.294,1665.921560186065,0.00033889123,0,LOW,train
2026-01-15 01:15:00,ZONE_B,1564.8914979464976,1601.6013,1632.383843291094,0.00018202749,0,LOW,train
2026-01-15 01:30:00,ZONE_B,1575.1289005654507,1608.188,1608.5806231413355,0.00021065555,0,LOW,train
2026-01-15 01:45:00,ZONE_B,1623.9077378840582,1609.2773,1577.2609812140972,0.00015374612,0,LOW,train
2026-01-15 02:00:00,ZONE_B,1603.7001031856828,1600.78,1574.9326864751206,0.00022343831,0,LOW,train
2026-01-15 02:15:00,ZONE_B,1568.286825234129,1601.4276,1622.3806364390225,0.0004916134,0,LOW,train
2026-01-15 02:30:00,ZONE_B,1622.1631066828113,1607.8374,1603.21666917377,0.0004305786,0,LOW,train
2026-01-15 02:45:00,ZONE_B,1658.5998897001314,1604.4829,1607.258933563893,0.00016302186,0,LOW,train
2026-01-15 03:00:00,ZONE_B,1595.8262916240917,1602.9462,1565.498512203087,0.00072158553,0,LOW,train
2026-01-15 03:15:00,ZONE_B,1620.543457231586,1605.2783,1595.9080189371373,0.0007064928,0,LOW,train
2026-01-15 03:30:00,ZONE_B,1613.1581864482253,1601.8041,1569.159512359546,0.00018517542,0,LOW,train
2026-01-15 03:45:00,ZONE_B,1615.7254847614304,1604.4827,1606.1076539698656,0.0002686352,0,LOW,train
2026-01-15 04:00:00,ZONE_B,1618.786575652837,1607.7251,1621.9524014288727,0.0003123927,0,LOW,train
2026-01-15 04:15:00,ZONE_B,1573.2135952493195,1589.7764,1624.6353174800158,0.00023669506,0,LOW,train
2026-01-15 04:30:00,ZONE_B,1609.5433665659125,1607.2535,1609.744535628415,0.00023644402,0,LOW,train
2026-01-15 04:45:00,ZONE_B,1610.789959353374,1592.4636,1639.118105704918,0.0002367393,0,LOW,train
2026-01-15 05:00:00,ZONE_B,1625.486432660131,1800.85,1610.2041218062354,0.0005416392,0,LOW,train
2026-01-15 05:15:00,ZONE_B,1588.5213176954198,1833.5648,1606.9839812134255,0.00035405473,0,LOW,train
2026-01-15 05:30:00,ZONE_B,1602.179132468082,1856.8639,1572.2765796310907,0.00026089788,0,LOW,train
2026-01-15 05:45:00,ZONE_B,1613.3207017213128,1861.7943,1589.5154944747678,0.00037102058,0,LOW,train
2026-01-15 06:00:00,ZONE_B,1828.0780484404413,1900.5392,1796.082801872759,0.00018310486,0,LOW,train
2026-01-15 06:15:00,ZONE_B,1796.1865676444925,1920.5602,1819.6574069847336,0.00057994766,0,LOW,train
2026-01-15 06:30:00,ZONE_B,1881.5546793735696,1995.5931,1858.8623498625263,0.00058704003,0,LOW,train
2026-01-15 06:45:00,ZONE_B,1919.51504341138,1997.6938,1858.9587968190745,0.0037483736,0,LOW,train
2026-01-15 07:00:00,ZONE_B,1883.268756860553,2028.9823,2037.0779893794147,0.0036167882,0,LOW,train
2026-01-15 07:15:00,ZONE_B,1915.410137247566,2050.0896,1948.514796448316,0.0033663516,0,LOW,train
2026-01-15 07:30:00,ZONE_B,2009.509156534791,2063.835,1964.7019415670484,0.09882298,0,LOW,train
2026-01-15 07:45:00,ZONE_B,1997.8323336733672,2146.2642,1960.428754165646,0.9745564,1,CRITICAL,train
2026-01-15 08:00:00,ZONE_B,1992.390619812892,2176.573,1969.6827801456864,0.9628616,1,CRITICAL,train
2026-01-15 08:15:00,ZONE_B,2065.747027551022,2167.496,2012.212842242694,0.2911197,0,LOW,train
2026-01-15 08:30:00,ZONE_B,2018.6977359039568,2252.9941,2100.630676168068,0.9834568,1,CRITICAL,train
2026-01-15 08:45:00,ZONE_B,2262.609148770715,2174.9207,2229.305241893825,0.98262286,1,CRITICAL,train
2026-01-15 09:00:00,ZONE_B,2198.334827768088,2000.6018,2129.1711496072053,0.0644315,0,LOW,train
2026-01-15 09:15:00,ZONE_B,2112.842519552588,2002.8434,2131.928631127316,0.2073693,0,LOW,train
2026-01-15 09:30:00,ZONE_B,2385.152463492778,2112.4182,2132.954445272743,0.93989587,1,CRITICAL,train
2026-01-15 09:45:00,ZONE_B,2170.509411077578,2062.9238,2275.2488859569903,0.025690345,0,LOW,train
2026-01-15 10:00:00,ZONE_B,2038.68209917714,1996.0558,1888.9729378902744,0.026272275,0,LOW,train
2026-01-15 10:15:00,ZONE_B,2009.3529843747551,1986.6655,1923.218967894664,0.3087754,0,MEDIUM,train
2026-01-15 10:30:00,ZONE_B,2166.470432389536,1994.9572,2006.2159641262613,0.12017066,0,LOW,train
2026-01-15 10:45:00,ZONE_B,2115.5763216816017,1962.4824,2257.0979517630544,0.016524704,0,LOW,train
2026-01-15 11:00:00,ZONE_B,1993.0187361290327,2076.6506,1963.4766853199783,0.8484001,1,HIGH,train
2026-01-15 11:15:00,ZONE_B,1951.0933817147563,1982.4358,2066.784625146619,0.0697451,0,LOW,train
2026-01-15 11:30:00,ZONE_B,2018.9433932499376,1996.5651,2019.4267979698416,0.02898687,0,LOW,train
2026-01-15 11:45:00,ZONE_B,1948.754372624336,1990.8662,1953.082158783871,0.057437114,0,LOW,train
2026-01-15 12:00:00,ZONE_B,2208.2545488429764,1950.3007,2066.9236249000523,0.04868554,0,LOW,train
2026-01-15 12:15:00,ZONE_B,1966.6436136851328,1934.5511,1958.4058464797447,0.08050997,0,LOW,train
2026-01-15 12:30:00,ZONE_B,1989.5922252472628,2066.3303,2023.8815058981404,0.088699,0,LOW,train
2026-01-15 12:45:00,ZONE_B,2003.3122965356315,1953.1144,2007.809360222316,0.015508764,0,LOW,train
2026-01-15 13:00:00,ZONE_B,1903.120642194076,1952.0789,1945.903548656337,0.01927089,0,LOW,train
2026-01-15 13:15:00,ZONE_B,1894.6209564577352,1955.3016,2082.6334676308697,0.0108185,0,LOW,train
2026-01-15 13:30:00,ZONE_B,2123.597909614849,2008.3623,1960.9169994232147,0.019416044,0,LOW,train
2026-01-15 13:45:00,ZONE_B,1913.2263371218053,1985.4846,1898.101993334908,0.004739908,0,LOW,train
2026-01-15 14:00:00,ZONE_B,1913.8361465827472,1969.8556,2013.7454005618456,0.0015925545,0,LOW,train
2026-01-15 14:15:00,ZONE_B,1990.373418718336,1948.0647,1891.6927080949176,0.009263312,0,LOW,train
2026-01-15 14:30:00,ZONE_B,2065.6530054612144,1946.2042,1971.1969291954808,0.0032761248,0,LOW,train
2026-01-15 14:45:00,ZONE_B,2020.4369788464776,1973.4656,1972.4594678461424,0.004019705,0,LOW,train
2026-01-15 15:00:00,ZONE_B,2003.049663886144,2013.9,2040.731704266264,0.0021877298,0,LOW,train
2026-01-15 15:15:00,ZONE_B,1905.0255678934225,2002.8746,1998.1772786746687,0.0028283386,0,LOW,train
2026-01-15 15:30:00,ZONE_B,1904.039307792429,2039.989,1887.0228375512256,0.0030217494,0,LOW,train
2026-01-15 15:45:00,ZONE_B,2021.82093030111,2015.0513,1968.627422134696,0.0061795865,0,LOW,train
2026-01-15 16:00:00,ZONE_B,2043.5121809702264,2030.6875,2139.840617103394,0.00518248,0,LOW,train
2026-01-15 16:15:00,ZONE_B,1984.433488440728,2035.8846,2011.767244919176,0.007967454,0,LOW,train
2026-01-15 16:30:00,ZONE_B,2093.682383037283,2001.396,2004.4515004636585,0.01288697,0,LOW,train
2026-01-15 16:45:00,ZONE_B,2001.6714592735425,2009.1082,2025.7917142234364,0.05000911,0,LOW,train
2026-01-15 17:00:00,ZONE_B,2013.9597201641493,2008.5525,2025.658129596276,0.026516285,0,LOW,train
2026-01-15 17:15:00,ZONE_B,2091.69911972051,2001.2914,2013.695912741167,0.009440895,0,LOW,train
2026-01-15 17:30:00,ZONE_B,1979.527146387661,2008.9463,1999.3946245902748,0.006171501,0,LOW,train
2026-01-15 17:45:00,ZONE_B,1978.440706078108,2002.1161,2011.4759440993,0.008887545,0,LOW,train
2026-01-15 18:00:00,ZONE_B,2023.7051449346093,2002.9563,1997.0744388528565,0.005075323,0,LOW,train
2026-01-15 18:15:00,ZONE_B,1992.871425787935,2004.9849,1982.552206360942,0.0006812529,0,LOW,train
2026-01-15 18:30:00,ZONE_B,1996.3913866273715,2002.7638,2004.6486768477853,0.001036523,0,LOW,train
2026-01-15 18:45:00,ZONE_B,2001.4197876180424,2001.0829,1980.540192248128,0.0005019689,0,LOW,train
2026-01-15 19:00:00,ZONE_B,1994.209977403736,2000.4879,1980.3825427059169,0.00033951146,0,LOW,train
2026-01-15 19:15:00,ZONE_B,2027.411604259754,1994.9436,2024.1347992820715,0.00049635116,0,LOW,train
2026-01-15 19:30:00,ZONE_B,2004.0300163529355,2000.7894,1994.1665831730447,0.00045345168,0,LOW,train
2026-01-15 19:45:00,ZONE_B,2014.719979195485,1998.9347,2024.3833537347289,0.00041903945,0,LOW,train
2026-01-15 20:00:00,ZONE_B,2002.9048672692857,1883.8616,2011.7449975696247,0.00041182945,0,LOW,train
2026-01-15 20:15:00,ZONE_B,1980.0708353031807,1873.7811,1991.9651443011176,0.00022294268,0,LOW,train
2026-01-15 20:30:00,ZONE_B,1991.46397789368,1855.6062,1991.369259181872,0.0005009207,0,LOW,train
2026-01-15 20:45:00,ZONE_B,2022.4905894412072,1851.473,2015.6233359831256,0.0004436551,0,LOW,train
2026-01-15 21:00:00,ZONE_B,1904.0990877415584,1814.4795,1912.548189278059,0.00021804696,0,LOW,train
2026-01-15 21:15:00,ZONE_B,1904.3293449108,1784.0167,1865.510701740292,0.00020868541,0,LOW,train
2026-01-15 21:30:00,ZONE_B,1849.1706479963648,1742.553,1819.295731329286,0.00022955354,0,LOW,train
2026-01-15 21:45:00,ZONE_B,1830.5081989921143,1719.016,1834.401185299782,0.00021681614,0,LOW,train
2026-01-15 22:00:00,ZONE_B,1775.5677360314614,1709.6516,1828.5885075934896,0.00022544342,0,LOW,train
2026-01-15 22:15:00,ZONE_B,1806.3169177951893,1674.3319,1768.9147646020797,0.00022143326,0,LOW,train
2026-01-15 22:30:00,ZONE_B,1756.1570879281503,1654.9828,1752.889055582947,0.0003328555,0,LOW,train
2026-01-15 22:45:00,ZONE_B,1719.4034964822288,1633.2096,1687.9920064530738,0.00021922916,0,LOW,train
2026-01-15 23:00:00,ZONE_B,1690.6869887072753,1613.72,1700.6287156392689,0.00020310118,0,LOW,train
2026-01-15 23:15:00,ZONE_B,1663.466373575534,1615.0363,1662.76981591816,0.0002705723,0,LOW,train
2026-01-15 23:30:00,ZONE_B,1641.0649259711688,1610.6985,1616.497964081672,0.00027954788,0,LOW,train
2026-01-15 23:45:00,ZONE_B,1622.3759289225388,1613.662,1606.1636797574042,0.00025568763,0,LOW,train
2026-01-16 00:00:00,ZONE_B,1613.216922613968,1602.9584,1576.0889744293015,0.00026685314,0,LOW,train
2026-01-16 00:15:00,ZONE_B,1602.6882916767538,1602.7297,1677.2297649912057,0.0004766881,0,LOW,train
2026-01-16 00:30:00,ZONE_B,1598.0230469893827,1602.2781,1703.1345920236722,0.0002742619,0,LOW,train
2026-01-16 00:45:00,ZONE_B,1646.9198392878109,1603.232,1583.3011466439923,0.00015050826,0,LOW,train
2026-01-16 01:00:00,ZONE_B,1616.9663921880356,1601.321,1598.6270179479934,0.00024274449,0,LOW,train
2026-01-16 01:15:00,ZONE_B,1608.6313892477267,1601.4945,1564.8914979464976,0.00020190928,0,LOW,train
2026-01-16 01:30:00,ZONE_B,1587.593444990082,1601.5333,1575.1289005654507,0.00015888008,0,LOW,train
2026-01-16 01:45:00,ZONE_B,1579.4447662291916,1603.2208,1623.9077378840582,0.00041075554,0,LOW,train
2026-01-16 02:00:00,ZONE_B,1590.6059039645136,1601.5299,1603.7001031856828,0.0001764052,0,LOW,train
2026-01-16 02:15:00,ZONE_B,1594.8348627569137,1600.5701,1568.286825234129,0.00019559523,0,LOW,train
2026-01-16 02:30:00,ZONE_B,1627.1258638959516,1595.933,1622.1631066828113,0.00034370608,0,LOW,train
2026-01-16 02:45:00,ZONE_B,1602.203098126078,1599.836,1658.5998897001314,0.0007376426,0,LOW,train
2026-01-16 03:00:00,ZONE_B,1612.7418189381838,1601.3806,1595.8262916240917,0.0002760255,0,LOW,train
2026-01-16 03:15:00,ZONE_B,1596.0186210921331,1599.2379,1620.543457231586,0.00026023135,0,LOW,train
2026-01-16 03:30:00,ZONE_B,1584.130385077427,1600.4528,1613.1581864482253,0.00023822488,0,LOW,train
2026-01-16 03:45:00,ZONE_B,1603.0460699324826,1600.8164,1615.7254847614304,0.0002963445,0,LOW,train
2026-01-16 04:00:00,ZONE_B,1593.6476679489724,1596.8582,1618.786575652837,0.00019252925,0,LOW,train
2026-01-16 04:15:00,ZONE_B,1591.1943478324797,1593.5964,1573.2135952493195,0.00012179435,0,LOW,train
2026-01-16 04:30:00,ZONE_B,1589.6408566986745,1583.7874,1609.5433665659125,0.00033663813,0,LOW,train
2026-01-16 04:45:00,ZONE_B,1605.3317582186207,1614.6794,1610.789959353374,0.0004055042,0,LOW,train
2026-01-16 05:00:00,ZONE_B,1538.9620399699372,1814.8109,1625.486432660131,0.00026663087,0,LOW,train
2026-01-16 05:15:00,ZONE_B,1572.9283744914317,1838.7814,1588.5213176954198,0.000119446646,0,LOW,train
2026-01-16 05:30:00,ZONE_B,1574.6772831380663,1899.593,1602.179132468082,0.00016494807,0,LOW,train
2026-01-16 05:45:00,ZONE_B,1565.4466310171665,1886.4095,1613.3207017213128,0.00018260271,0,LOW,train
2026-01-16 06:00:00,ZONE_B,1808.6781891509872,1923.7217,1828.0780484404413,0.00013149052,0,LOW,train
2026-01-16 06:15:00,ZONE_B,1822.5500093795408,1922.6995,1796.1865676444925,0.00036853217,0,LOW,train
2026-01-16 06:30:00,ZONE_B,1965.0423916170737,1999.6255,1881.5546793735696,0.0011200566,0,LOW,train
2026-01-16 06:45:00,ZONE_B,1886.793288123068,1998.0054,1919.51504341138,0.0010705487,0,LOW,train
2026-01-16 07:00:00,ZONE_B,1926.0030835222933,2033.8267,1883.268756860553,0.0010220273,0,LOW,train
2026-01-16 07:15:00,ZONE_B,1926.920141398238,2039.0408,1915.410137247566,0.002746662,0,LOW,train
2026-01-16 07:30:00,ZONE_B,2026.2547155296013,2083.187,2009.509156534791,0.036017794,0,LOW,train
2026-01-16 07:45:00,ZONE_B,1957.251755677312,2128.7744,1997.8323336733672,0.14123599,0,LOW,train
2026-01-16 08:00:00,ZONE_B,2053.6583092952987,2153.8362,1992.390619812892,0.17941457,0,LOW,train
2026-01-16 08:15:00,ZONE_B,2030.451427588773,2189.6995,2065.747027551022,0.985174,1,CRITICAL,train
2026-01-16 08:30:00,ZONE_B,2066.0428733112058,2205.0999,2018.6977359039568,0.3905288,0,MEDIUM,train
2026-01-16 08:45:00,ZONE_B,2141.516232102077,2200.399,2262.609148770715,0.977076,1,CRITICAL,train
2026-01-16 09:00:00,ZONE_B,2130.70371258158,2006.3906,2198.334827768088,0.031883735,0,LOW,train
2026-01-16 09:15:00,ZONE_B,2198.279891875401,1976.7358,2112.842519552588,0.05039952,0,LOW,train
2026-01-16 09:30:00,ZONE_B,2150.193852066184,2064.3274,2385.152463492778,0.020828953,0,LOW,train
2026-01-16 09:45:00,ZONE_B,2175.188934179546,1996.4968,2170.509411077578,0.042126253,0,LOW,train
2026-01-16 10:00:00,ZONE_B,2054.277324614059,2006.4308,2038.68209917714,0.014689784,0,LOW,train
2026-01-16 10:15:00,ZONE_B,1943.0816456953064,2045.2247,2009.3529843747551,0.035068914,0,LOW,train
2026-01-16 10:30:00,ZONE_B,2137.467267259552,1959.7083,2166.470432389536,0.056642804,0,LOW,train
2026-01-16 10:45:00,ZONE_B,1911.5517655857464,1903.0686,2115.5763216816017,0.006431618,0,LOW,train
2026-01-16 11:00:00,ZONE_B,2023.6667098170333,1968.1425,1993.0187361290327,0.06192355,0,LOW,train
2026-01-16 11:15:00,ZONE_B,2075.441532417855,2072.7578,1951.0933817147563,0.03135472,0,LOW,train
2026-01-16 11:30:00,ZONE_B,1894.539835436636,1959.5857,2018.9433932499376,0.03188643,0,LOW,train
2026-01-16 11:45:00,ZONE_B,1878.171849119096,2163.592,1948.754372624336,0.94261426,1,CRITICAL,train
2026-01-16 12:00:00,ZONE_B,1888.567418780884,1960.933,2208.2545488429764,0.06332515,0,LOW,train
2026-01-16 12:15:00,ZONE_B,2119.507210161404,2026.3807,1966.6436136851328,0.057321586,0,LOW,train
2026-01-16 12:30:00,ZONE_B,1961.373958794617,2132.6465,1989.5922252472628,0.1361126,0,LOW,train
2026-01-16 12:45:00,ZONE_B,2255.221332774144,2167.4849,2003.3122965356315,0.9714561,1,CRITICAL,train
2026-01-16 13:00:00,ZONE_B,1948.780385362497,2131.7725,1903.120642194076,0.9682096,1,CRITICAL,train
2026-01-16 13:15:00,ZONE_B,2016.125365004412,2062.9033,1894.6209564577352,0.043506924,0,LOW,train
2026-01-16 13:30:00,ZONE_B,2148.279759900723,2032.3948,2123.597909614849,0.018129695,0,LOW,train
2026-01-16 13:45:00,ZONE_B,2205.671832784268,1987.6792,1913.2263371218053,0.023790149,0,LOW,train
2026-01-16 14:00:00,ZONE_B,2162.110277279212,2018.5552,1913.8361465827472,0.039867815,0,LOW,train
2026-01-16 14:15:00,ZONE_B,2100.0566666216405,1933.1097,1990.373418718336,0.014068303,0,LOW,train
2026-01-16 14:30:00,ZONE_B,2059.262412509453,1921.9432,2065.6530054612144,0.0029301513,0,LOW,train
2026-01-16 14:45:00,ZONE_B,1998.6951180396031,1950.0548,2020.4369788464776,0.0026116464,0,LOW,train
2026-01-16 15:00:00,ZONE_B,2020.8661462732296,2018.7823,2003.049663886144,0.005349156,0,LOW,train
2026-01-16 15:15:00,ZONE_B,1901.4202447786024,2002.3057,1905.0255678934225,0.0012182589,0,LOW,train
2026-01-16 15:30:00,ZONE_B,1875.0223358605413,2015.5002,1904.039307792429,0.0038716912,0,LOW,train
2026-01-16 15:45:00,ZONE_B,1923.9885256715008,2000.9374,2021.82093030111,0.0022237329,0,LOW,train
2026-01-16 16:00:00,ZONE_B,2013.4081447224416,2005.6818,2043.5121809702264,0.0069227866,0,LOW,train
2026-01-16 16:15:00,ZONE_B,1994.825178645127,2007.1608,1984.433488440728,0.0023034043,0,LOW,train
2026-01-16 16:30:00,ZONE_B,2017.0016047628944,2004.9672,2093.682383037283,0.0051299017,0,LOW,train
2026-01-16 16:45:00,ZONE_B,2026.3258152626704,2016.0885,2001.6714592735425,0.012260998,0,LOW,train
2026-01-16 17:00:00,ZONE_B,1988.011812361008,2004.4604,2013.9597201641493,0.0012698143,0,LOW,train
2026-01-16 17:15:00,ZONE_B,2047.139536272304,2009.8976,2091.69911972051,0.0023810046,0,LOW,train
2026-01-16 17:30:00,ZONE_B,1978.9200887577272,2005.762,1979.527146387661,0.012867217,0,LOW,train
2026-01-16 17:45:00,ZONE_B,2039.2320011999377,2010.5077,1978.440706078108,0.0040554106,0,LOW,train
2026-01-16 18:00:00,ZONE_B,1982.6992006058224,2005.1876,2023.7051449346093,0.0016701141,0,LOW,train
2026-01-16 18:15:00,ZONE_B,2016.686596127891,1993.9171,1992.871425787935,0.0007881228,0,LOW,train
2026-01-16 18:30:00,ZONE_B,1990.046118504688,2004.7937,1996.3913866273715,0.0017782671,0,LOW,train
2026-01-16 18:45:00,ZONE_B,1993.9014962559231,2003.459,2001.4197876180424,0.0006624183,0,LOW,train
2026-01-16 19:00:00,ZONE_B,2011.5879791225016,2000.578,1994.209977403736,0.00031226315,0,LOW,train
2026-01-16 19:15:00,ZONE_B,2024.2619144341115,2002.0646,2027.411604259754,0.00043852418,0,LOW,train
2026-01-16 19:30:00,ZONE_B,1998.659623995307,1999.222,2004.0300163529355,0.0004475641,0,LOW,train
2026-01-16 19:45:00,ZONE_B,1985.6460092161687,2000.0748,2014.719979195485,0.0008052303,0,LOW,train
2026-01-16 20:00:00,ZONE_B,2003.701731456523,1878.4792,2002.9048672692857,0.0005055992,0,LOW,train
2026-01-16 20:15:00,ZONE_B,2021.2803605057184,1873.7704,1980.0708353031807,0.00021895676,0,LOW,train
2026-01-16 20:30:00,ZONE_B,1995.172891640298,1856.9761,1991.46397789368,0.00023391892,0,LOW,train
2026-01-16 20:45:00,ZONE_B,2025.532902730356,1850.3209,2022.4905894412072,0.00037711122,0,LOW,train
2026-01-16 21:00:00,ZONE_B,1876.44175820354,1801.5153,1904.0990877415584,0.00016766042,0,LOW,train
2026-01-16 21:15:00,ZONE_B,1870.1407072102447,1782.5015,1904.3293449108,0.00023592608,0,LOW,train
2026-01-16 21:30:00,ZONE_B,1848.3006676469493,1748.3512,1849.1706479963648,0.00034937463,0,LOW,train
2026-01-16 21:45:00,ZONE_B,1822.1214618988784,1721.6941,1830.5081989921143,0.00040246604,0,LOW,train
2026-01-16 22:00:00,ZONE_B,1769.9596031310004,1685.3379,1775.5677360314614,0.00030454042,0,LOW,train
2026-01-16 22:15:00,ZONE_B,1753.9779707759087,1676.0801,1806.3169177951893,0.00048521062,0,LOW,train
2026-01-16 22:30:00,ZONE_B,1719.3281381025654,1627.4982,1756.1570879281503,0.00042083286,0,LOW,train
2026-01-16 22:45:00,ZONE_B,1784.8758469599886,1643.8822,1719.4034964822288,0.0004099493,0,LOW,train
2026-01-16 23:00:00,ZONE_B,1676.7079632574269,1612.6775,1690.6869887072753,0.0003172767,0,LOW,train
2026-01-16 23:15:00,ZONE_B,1663.5604790703649,1613.8582,1663.466373575534,0.00034993063,0,LOW,train
2026-01-16 23:30:00,ZONE_B,1626.3998496982606,1607.9781,1641.0649259711688,0.00023425686,0,LOW,train
2026-01-16 23:45:00,ZONE_B,1628.0576756050616,1630.7643,1622.3759289225388,0.00044739456,0,LOW,train
2026-01-17 00:00:00,ZONE_B,1593.4460046122604,1602.7604,1613.216922613968,0.00060651836,0,LOW,train
2026-01-17 00:15:00,ZONE_B,1611.4217873138184,1604.0094,1602.6882916767538,0.00015740385,0,LOW,train
2026-01-17 00:30:00,ZONE_B,1613.2305722533038,1603.7869,1598.0230469893827,0.00015385641,0,LOW,train
2026-01-17 00:45:00,ZONE_B,1701.4106754579925,1597.8539,1646.9198392878109,0.00043840316,0,LOW,train
2026-01-17 01:00:00,ZONE_B,1620.7353392340965,1607.7494,1616.9663921880356,0.0003667493,0,LOW,train
2026-01-17 01:15:00,ZONE_B,1575.690691450827,1602.2761,1608.6313892477267,0.00043801405,0,LOW,train
2026-01-17 01:30:00,ZONE_B,1638.9602205167173,1603.2906,1587.593444990082,0.000433881,0,LOW,train
2026-01-17 01:45:00,ZONE_B,1572.4107069877882,1600.3862,1579.4447662291916,0.00028959263,0,LOW,train
2026-01-17 02:00:00,ZONE_B,1621.6167818045435,1606.996,1590.6059039645136,0.00018275356,0,LOW,train
2026-01-17 02:15:00,ZONE_B,1616.020191535055,1604.6179,1594.8348627569137,0.00030890654,0,LOW,train
2026-01-17 02:30:00,ZONE_B,1584.501521052539,1601.8951,1627.1258638959516,0.00023414631,0,LOW,train
2026-01-17 02:45:00,ZONE_B,1599.0516230765454,1603.8075,1602.203098126078,0.0006760912,0,LOW,train
2026-01-17 03:00:00,ZONE_B,1573.6461560543107,1601.2092,1612.7418189381838,0.00026774843,0,LOW,train
2026-01-17 03:15:00,ZONE_B,1626.743809388753,1606.7672,1596.0186210921331,8.056022e-05,0,LOW,train
2026-01-17 03:30:00,ZONE_B,1607.6837381629036,1602.3362,1584.130385077427,0.00022892623,0,LOW,train
2026-01-17 03:45:00,ZONE_B,1600.381155282667,1604.0914,1603.0460699324826,0.00034635694,0,LOW,train
2026-01-17 04:00:00,ZONE_B,1621.5723403470486,1602.9928,1593.6476679489724,0.00026205363,0,LOW,train
2026-01-17 04:15:00,ZONE_B,1609.0214422600118,1600.2375,1591.1943478324797,0.00018352576,0,LOW,train
2026-01-17 04:30:00,ZONE_B,1609.541048429308,1602.3958,1589.6408566986745,0.0001453393,0,LOW,train
2026-01-17 04:45:00,ZONE_B,1618.6209068780274,1602.05,1605.3317582186207,0.00014133047,0,LOW,train
2026-01-17 05:00:00,ZONE_B,1580.498829754866,1801.915,1538.9620399699372,0.00022007735,0,LOW,train
2026-01-17 05:15:00,ZONE_B,1580.4546907061488,1831.7056,1572.9283744914317,0.00014694952,0,LOW,train
2026-01-17 05:30:00,ZONE_B,1594.559294145252,1844.1694,1574.6772831380663,0.00023935779,0,LOW,train
2026-01-17 05:45:00,ZONE_B,1621.8948395078637,1883.6627,1565.4466310171665,0.00014915773,0,LOW,train
2026-01-17 06:00:00,ZONE_B,1793.8960266694903,1897.6306,1808.6781891509872,0.0006614399,0,LOW,train
2026-01-17 06:15:00,ZONE_B,1849.923581457729,1936.9899,1822.5500093795408,0.0001697822,0,LOW,train
2026-01-17 06:30:00,ZONE_B,1833.7362005817456,1965.8875,1965.0423916170737,0.00028695638,0,LOW,train
2026-01-17 06:45:00,ZONE_B,1903.617172754372,1993.741,1886.793288123068,0.00035365348,0,LOW,train
2026-01-17 07:00:00,ZONE_B,1871.6216152064285,2020.4937,1926.0030835222933,0.0036191826,0,LOW,train
2026-01-17 07:15:00,ZONE_B,1921.1021188358693,2042.9766,1926.920141398238,0.0023936944,0,LOW,train
2026-01-17 07:30:00,ZONE_B,1936.58984190954,2059.3386,2026.2547155296013,0.039195016,0,LOW,train
2026-01-17 07:45:00,ZONE_B,1990.7541860562408,2120.3774,1957.251755677312,0.051851243,0,LOW,train
2026-01-17 08:00:00,ZONE_B,1999.2570402563024,2155.656,2053.6583092952987,0.94981676,1,CRITICAL,train
2026-01-17 08:15:00,ZONE_B,2042.579614953646,2171.5789,2030.451427588773,0.3053873,0,MEDIUM,train
2026-01-17 08:30:00,ZONE_B,2113.483140069695,2207.4758,2066.0428733112058,0.98102564,1,CRITICAL,train
2026-01-17 08:45:00,ZONE_B,2049.6085991554246,2231.316,2141.516232102077,0.99027586,1,CRITICAL,train
2026-01-17 09:00:00,ZONE_B,2168.6657708353464,1969.6532,2130.70371258158,0.037001938,0,LOW,train
2026-01-17 09:15:00,ZONE_B,2142.088966120113,2006.291,2198.279891875401,0.026718277,0,LOW,train
2026-01-17 09:30:00,ZONE_B,2245.335161744853,1972.7399,2150.193852066184,0.007130342,0,LOW,train
2026-01-17 09:45:00,ZONE_B,2229.4721244069938,1975.4073,2175.188934179546,0.03291018,0,LOW,train
2026-01-17 10:00:00,ZONE_B,1928.9305866591872,1998.5376,2054.277324614059,0.011636289,0,LOW,train
2026-01-17 10:15:00,ZONE_B,2078.5368926154792,2021.2675,1943.0816456953064,0.023408704,0,LOW,train
2026-01-17 10:30:00,ZONE_B,1904.0664192181137,1945.6229,2137.467267259552,0.011373809,0,LOW,train
2026-01-17 10:45:00,ZONE_B,1902.129676543836,2011.7986,1911.5517655857464,0.014956313,0,LOW,train
2026-01-17 11:00:00,ZONE_B,1983.82166951154,2014.3674,2023.6667098170333,0.0053476826,0,LOW,train
2026-01-17 11:15:00,ZONE_B,2080.686195081425,2011.5569,2075.441532417855,0.0044043325,0,LOW,train
2026-01-17 11:30:00,ZONE_B,1881.5293402475468,2017.5824,1894.539835436636,0.003681516,0,LOW,train
2026-01-17 11:45:00,ZONE_B,2036.2740039987464,1993.3481,1878.171849119096,0.0151048,0,LOW,train
2026-01-17 12:00:00,ZONE_B,2048.361883057053,1974.0664,1888.567418780884,0.02798054,0,LOW,train
2026-01-17 12:15:00,ZONE_B,2060.109665724699,1993.0557,2119.507210161404,0.010659896,0,LOW,train
2026-01-17 12:30:00,ZONE_B,2042.3588885011588,1969.1045,1961.373958794617,0.015822973,0,LOW,train
2026-01-17 12:45:00,ZONE_B,1971.1895134525307,1960.8925,2255.221332774144,0.011831403,0,LOW,train
2026-01-17 13:00:00,ZONE_B,1943.72606980826,2004.461,1948.780385362497,0.006904806,0,LOW,train
2026-01-17 13:15:00,ZONE_B,2045.34165809224,2001.317,2016.125365004412,0.013389952,0,LOW,train
2026-01-17 13:30:00,ZONE_B,1885.5905616067253,1932.6005,2148.279759900723,0.010776248,0,LOW,train
2026-01-17 13:45:00,ZONE_B,1912.8205933215067,1944.01,2205.671832784268,0.0015371596,0,LOW,train
2026-01-17 14:00:00,ZONE_B,2031.1016068993808,1983.4982,2162.110277279212,0.0037331406,0,LOW,train
2026-01-17 14:15:00,ZONE_B,2044.088110409496,2043.3805,2100.0566666216405,0.004831893,0,LOW,train
2026-01-17 14:30:00,ZONE_B,1901.525465433968,1945.7946,2059.262412509453,0.0055975216,0,LOW,train
2026-01-17 14:45:00,ZONE_B,1912.6531421214024,1964.1959,1998.6951180396031,0.0033687348,0,LOW,train
2026-01-17 15:00:00,ZONE_B,1995.3152798119163,2034.6028,2020.8661462732296,0.00367475,0,LOW,train
2026-01-17 15:15:00,ZONE_B,2142.255153471706,2086.4868,1901.4202447786024,0.014199841,0,LOW,train
2026-01-17 15:30:00,ZONE_B,1910.7271039586324,2012.771,1875.0223358605413,0.012093621,0,LOW,train
2026-01-17 15:45:00,ZONE_B,1897.553266088834,2000.0289,1923.9885256715008,0.0072667156,0,LOW,train
2026-01-17 16:00:00,ZONE_B,2036.649840569906,2013.4852,2013.4081447224416,0.00537527,0,LOW,train
2026-01-17 16:15:00,ZONE_B,2099.716940104109,2014.8875,1994.825178645127,0.008203045,0,LOW,train
2026-01-17 16:30:00,ZONE_B,2000.868061008929,2012.4279,2017.0016047628944,0.007615669,0,LOW,train
2026-01-17 16:45:00,ZONE_B,1966.7356067001149,2002.4749,2026.3258152626704,0.0076438766,0,LOW,train
2026-01-17 17:00:00,ZONE_B,2035.6298530128813,2009.4255,1988.011812361008,0.0033545322,0,LOW,train
2026-01-17 17:15:00,ZONE_B,2001.776989604845,2005.4438,2047.139536272304,0.0031070183,0,LOW,train
2026-01-17 17:30:00,ZONE_B,2021.731127111986,2002.6398,1978.9200887577272,0.0034032997,0,LOW,train
2026-01-17 17:45:00,ZONE_B,1984.2367395761032,2000.6694,2039.2320011999377,0.0027202931,0,LOW,train
2026-01-17 18:00:00,ZONE_B,2022.715829076532,1999.596,1982.6992006058224,0.0006798199,0,LOW,train
2026-01-17 18:15:00,ZONE_B,1984.9929959638569,2001.4381,2016.686596127891,0.00042102428,0,LOW,train
2026-01-17 18:30:00,ZONE_B,1995.772390667039,1999.802,1990.046118504688,0.00032507212,0,LOW,train
2026-01-17 18:45:00,ZONE_B,1997.2936931788963,2008.4233,1993.9014962559231,0.00016740419,0,LOW,train
2026-01-17 19:00:00,ZONE_B,1988.6697463430053,2000.5676,2011.5879791225016,0.0004572922,0,LOW,train
2026-01-17 19:15:00,ZONE_B,2004.26729895706,1985.8118,2024.2619144341115,0.00023451942,0,LOW,train
2026-01-17 19:30:00,ZONE_B,2014.551159321261,2005.0055,1998.659623995307,0.00019589292,0,LOW,train
2026-01-17 19:45:00,ZONE_B,2098.972494294681,1994.8107,1985.6460092161687,0.0016423668,0,LOW,train
2026-01-17 20:00:00,ZONE_B,1966.310642945324,1878.3291,2003.701731456523,0.00037116546,0,LOW,train
2026-01-17 20:15:00,ZONE_B,1951.1168776599727,1867.2908,2021.2803605057184,0.00024096476,0,LOW,train
2026-01-17 20:30:00,ZONE_B,2023.9899480241063,1856.6401,1995.172891640298,0.00019599736,0,LOW,train
2026-01-17 20:45:00,ZONE_B,2014.566532564488,1845.0051,2025.532902730356,0.00044543852,0,LOW,train
2026-01-17 21:00:00,ZONE_B,1867.7076817562104,1788.5092,1876.44175820354,0.00017837145,0,LOW,train
2026-01-17 21:15:00,ZONE_B,1865.761489357641,1763.5677,1870.1407072102447,0.00025767527,0,LOW,train
2026-01-17 21:30:00,ZONE_B,1872.7022419452007,1764.9802,1848.3006676469493,0.00024161742,0,LOW,train
2026-01-17 21:45:00,ZONE_B,1796.9117902360158,1714.1974,1822.1214618988784,0.00031994304,0,LOW,train
2026-01-17 22:00:00,ZONE_B,1792.617503372218,1684.2357,1769.9596031310004,0.00046890188,0,LOW,train
2026-01-17 22:15:00,ZONE_B,1765.478382271921,1657.3606,1753.9779707759087,0.00048134383,0,LOW,train
2026-01-17 22:30:00,ZONE_B,1772.8300704787764,1662.3286,1719.3281381025654,0.0003168505,0,LOW,train
2026-01-17 22:45:00,ZONE_B,1716.6359875106557,1632.121,1784.8758469599886,0.00052709994,0,LOW,train
2026-01-17 23:00:00,ZONE_B,1712.963658597032,1615.6311,1676.7079632574269,0.00015660112,0,LOW,train
2026-01-17 23:15:00,ZONE_B,1675.237741695924,1617.4332,1663.5604790703649,0.00029352924,0,LOW,train
2026-01-17 23:30:00,ZONE_B,1691.3842850527114,1608.1189,1626.3998496982606,0.0002879858,0,LOW,train
2026-01-17 23:45:00,ZONE_B,1612.721290595339,1615.5916,1628.0576756050616,0.00030763628,0,LOW,train
2026-01-18 00:00:00,ZONE_B,1599.1627304335375,1603.3928,1593.4460046122604,0.00073137024,0,LOW,train
2026-01-18 00:15:00,ZONE_B,1633.4939635330263,1604.1045,1611.4217873138184,0.0005876533,0,LOW,train
2026-01-18 00:30:00,ZONE_B,1596.2656918780058,1603.3218,1613.2305722533038,0.0007809727,0,LOW,train
2026-01-18 00:45:00,ZONE_B,1609.7531044295297,1605.6262,1701.4106754579925,0.00037628258,0,LOW,train
2026-01-18 01:00:00,ZONE_B,1619.291663768729,1602.0106,1620.7353392340965,0.00042474244,0,LOW,train
2026-01-18 01:15:00,ZONE_B,1594.7111139137571,1601.2106,1575.690691450827,0.00028512324,0,LOW,train
2026-01-18 01:30:00,ZONE_B,1598.7986404392263,1600.4851,1638.9602205167173,0.0015116876,0,LOW,train
2026-01-18 01:45:00,ZONE_B,1645.1009314492496,1602.6814,1572.4107069877882,0.0005927704,0,LOW,train
2026-01-18 02:00:00,ZONE_B,1596.3492661152925,1602.1768,1621.6167818045435,0.00069536,0,LOW,train
2026-01-18 02:15:00,ZONE_B,1611.1127485335871,1601.4076,1616.020191535055,0.00043050208,0,LOW,train
2026-01-18 02:30:00,ZONE_B,1608.3901516234705,1601.9186,1584.501521052539,0.0005994816,0,LOW,train
2026-01-18 02:45:00,ZONE_B,1600.699427579466,1602.5577,1599.0516230765454,0.0006394589,0,LOW,train
2026-01-18 03:00:00,ZONE_B,1584.315404531903,1604.5734,1573.6461560543107,0.00021101198,0,LOW,train
2026-01-18 03:15:00,ZONE_B,1577.4416449907078,1601.9677,1626.743809388753,0.00023254311,0,LOW,train
2026-01-18 03:30:00,ZONE_B,1634.0358073307991,1602.6737,1607.6837381629036,0.00024638715,0,LOW,train
2026-01-18 03:45:00,ZONE_B,1603.8140083071796,1601.5481,1600.381155282667,0.00028300294,0,LOW,train
2026-01-18 04:00:00,ZONE_B,1614.1315287904406,1600.8733,1621.5723403470486,0.00038942418,0,LOW,train
2026-01-18 04:15:00,ZONE_B,1567.867936196549,1599.0681,1609.0214422600118,0.00057293335,0,LOW,train
2026-01-18 04:30:00,ZONE_B,1593.474665346466,1606.0199,1609.541048429308,0.0004950056,0,LOW,train
2026-01-18 04:45:00,ZONE_B,1613.753906197981,1631.1554,1618.6209068780274,0.00022990815,0,LOW,train
2026-01-18 05:00:00,ZONE_B,1564.5261366079046,1803.4729,1580.498829754866,0.0006677114,0,LOW,train
2026-01-18 05:15:00,ZONE_B,1583.5334514712556,1840.1553,1580.4546907061488,0.00050535175,0,LOW,train
2026-01-18 05:30:00,ZONE_B,1634.7977583624795,1846.8986,1594.559294145252,0.00043973286,0,LOW,train
2026-01-18 05:45:00,ZONE_B,1602.4538843586456,1876.2023,1621.8948395078637,0.0006287163,0,LOW,train
2026-01-18 06:00:00,ZONE_B,1819.9664140462603,1932.4099,1793.8960266694903,0.0004770751,0,LOW,train
2026-01-18 06:15:00,ZONE_B,1810.478918413106,1937.949,1849.923581457729,0.0009372142,0,LOW,train
2026-01-18 06:30:00,ZONE_B,1839.168387617398,1948.4706,1833.7362005817456,0.0007094871,0,LOW,train
2026-01-18 06:45:00,ZONE_B,1880.5237125084527,1990.5205,1903.617172754372,0.0015322297,0,LOW,train
2026-01-18 07:00:00,ZONE_B,1952.6011709664128,2043.9807,1871.6216152064285,0.0042709834,0,LOW,train
2026-01-18 07:15:00,ZONE_B,1922.227757942449,2040.1312,1921.1021188358693,0.01712814,0,LOW,train
2026-01-18 07:30:00,ZONE_B,1949.7135072899048,2075.274,1936.58984190954,0.005790913,0,LOW,train
2026-01-18 07:45:00,ZONE_B,1958.618987077814,2116.7607,1990.7541860562408,0.3439723,0,MEDIUM,train
2026-01-18 08:00:00,ZONE_B,2103.094779321357,2167.4954,1999.2570402563024,0.9727486,1,CRITICAL,train
2026-01-18 08:15:00,ZONE_B,2043.347386406319,2170.6748,2042.579614953646,0.9629916,1,CRITICAL,train
2026-01-18 08:30:00,ZONE_B,2092.484345310677,2200.0635,2113.483140069695,0.9763324,1,CRITICAL,train
2026-01-18 08:45:00,ZONE_B,2102.832271576874,2220.9343,2049.6085991554246,0.9814745,1,CRITICAL,train
2026-01-18 09:00:00,ZONE_B,2210.833296436581,1966.5305,2168.6657708353464,0.018858528,0,LOW,train
2026-01-18 09:15:00,ZONE_B,2222.658835422508,1975.263,2142.088966120113,0.037818503,0,LOW,train
2026-01-18 09:30:00,ZONE_B,2176.48334368268,2046.6014,2245.335161744853,0.04407528,0,LOW,train
2026-01-18 09:45:00,ZONE_B,2201.053189798136,1989.4949,2229.4721244069938,0.06479454,0,LOW,train
2026-01-18 10:00:00,ZONE_B,1946.482524089303,2057.0056,1928.9305866591872,0.0031773192,0,LOW,train
2026-01-18 10:15:00,ZONE_B,1897.126996607177,2083.5703,2078.5368926154792,0.9455666,1,CRITICAL,train
2026-01-18 10:30:00,ZONE_B,2136.831394096705,2056.6675,1904.0664192181137,0.06768154,0,LOW,train
2026-01-18 10:45:00,ZONE_B,1942.400924762161,1989.7767,1902.129676543836,0.0044841594,0,LOW,train
2026-01-18 11:00:00,ZONE_B,2114.716668283073,1987.3654,1983.82166951154,0.0119061945,0,LOW,train
2026-01-18 11:15:00,ZONE_B,2176.8022070970155,1988.9113,2080.686195081425,0.021152567,0,LOW,train
2026-01-18 11:30:00,ZONE_B,2083.2986736014054,1959.8406,1881.5293402475468,0.028089527,0,LOW,train
2026-01-18 11:45:00,ZONE_B,1956.5843159582807,2014.2196,2036.2740039987464,0.022737393,0,LOW,train
2026-01-18 12:00:00,ZONE_B,2002.759277828194,1979.1113,2048.361883057053,0.03915938,0,LOW,train
2026-01-18 12:15:00,ZONE_B,1988.909385552964,2013.4581,2060.109665724699,0.017465357,0,LOW,train
2026-01-18 12:30:00,ZONE_B,1906.6133752887315,1946.9728,2042.3588885011588,0.0009381022,0,LOW,train
2026-01-18 12:45:00,ZONE_B,2078.0283362404634,1974.4592,1971.1895134525307,0.00275063,0,LOW,train
2026-01-18 13:00:00,ZONE_B,1938.4292064877984,1973.6344,1943.72606980826,0.01138976,0,LOW,train
2026-01-18 13:15:00,ZONE_B,2060.887256042055,1956.9016,2045.34165809224,0.00465732,0,LOW,train
2026-01-18 13:30:00,ZONE_B,1921.2670460363136,1971.4146,1885.5905616067253,0.014765951,0,LOW,train
2026-01-18 13:45:00,ZONE_B,2001.4919741585989,1946.8318,1912.8205933215067,0.020279506,0,LOW,train
2026-01-18 14:00:00,ZONE_B,1995.389293248456,1964.164,2031.1016068993808,0.006940518,0,LOW,train
2026-01-18 14:15:00,ZONE_B,1952.461436839774,1953.5945,2044.088110409496,0.0045187883,0,LOW,train
2026-01-18 14:30:00,ZONE_B,2010.5188940995365,1960.1488,1901.525465433968,0.011472079,0,LOW,train
2026-01-18 14:45:00,ZONE_B,1885.1562957794777,1987.0583,1912.6531421214024,0.003432741,0,LOW,train
2026-01-18 15:00:00,ZONE_B,1992.1140475340808,1999.5367,1995.3152798119163,0.003523013,0,LOW,train
2026-01-18 15:15:00,ZONE_B,1883.1917900933663,1992.5989,2142.255153471706,0.0035463162,0,LOW,train
2026-01-18 15:30:00,ZONE_B,1918.9742387404976,2005.4695,1910.7271039586324,0.0019010948,0,LOW,train
2026-01-18 15:45:00,ZONE_B,2076.2693885145145,1982.5983,1897.553266088834,0.0062578875,0,LOW,train
2026-01-18 16:00:00,ZONE_B,2019.1028225896707,2010.0978,2036.649840569906,0.0056410283,0,LOW,train
2026-01-18 16:15:00,ZONE_B,1999.9185452411048,2011.1785,2099.716940104109,0.003719162,0,LOW,train
2026-01-18 16:30:00,ZONE_B,2020.138562141843,2002.919,2000.868061008929,0.003118683,0,LOW,train
2026-01-18 16:45:00,ZONE_B,1963.777563500804,2003.8043,1966.7356067001149,0.004356647,0,LOW,train
2026-01-18 17:00:00,ZONE_B,2017.4950576963367,2001.4983,2035.6298530128813,0.0043814755,0,LOW,train
2026-01-18 17:15:00,ZONE_B,2054.1981842440296,2004.8923,2001.776989604845,0.0072251153,0,LOW,train
2026-01-18 17:30:00,ZONE_B,2013.406537710528,2007.0376,2021.731127111986,0.0024692349,0,LOW,train
2026-01-18 17:45:00,ZONE_B,2004.792013756973,2003.2894,1984.2367395761032,0.0020550145,0,LOW,train
2026-01-18 18:00:00,ZONE_B,2017.9150982657045,2002.6804,2022.715829076532,0.0007590117,0,LOW,train
2026-01-18 18:15:00,ZONE_B,2022.2892732251,2001.976,1984.9929959638569,0.00032798556,0,LOW,train
2026-01-18 18:30:00,ZONE_B,2002.435091344987,1990.1053,1995.772390667039,0.0003560854,0,LOW,train
2026-01-18 18:45:00,ZONE_B,2016.6076244181431,1999.4702,1997.2936931788963,0.00038725085,0,LOW,train
2026-01-18 19:00:00,ZONE_B,1963.8687698861104,1998.7932,1988.6697463430053,0.00020786267,0,LOW,train
2026-01-18 19:15:00,ZONE_B,2020.9507501410965,1999.8318,2004.26729895706,0.00047424363,0,LOW,train
2026-01-18 19:30:00,ZONE_B,1985.9416962625507,2001.9163,2014.551159321261,0.00037784158,0,LOW,train
2026-01-18 19:45:00,ZONE_B,1981.144954936736,2000.4999,2098.972494294681,0.0005659876,0,LOW,train
2026-01-18 20:00:00,ZONE_B,1964.220512207539,1875.7948,1966.310642945324,0.0003538835,0,LOW,train
2026-01-18 20:15:00,ZONE_B,1985.423945363241,1869.468,1951.1168776599727,0.00016351006,0,LOW,train
2026-01-18 20:30:00,ZONE_B,2045.0123711473368,1853.5837,2023.9899480241063,0.00053886446,0,LOW,train
2026-01-18 20:45:00,ZONE_B,2013.9667447037973,1847.6812,2014.566532564488,0.00035194372,0,LOW,train
2026-01-18 21:00:00,ZONE_B,1910.755732989244,1795.6669,1867.7076817562104,0.00023103038,0,LOW,train
2026-01-18 21:15:00,ZONE_B,1865.6229975289373,1774.1835,1865.761489357641,0.00019851745,0,LOW,train
2026-01-18 21:30:00,ZONE_B,1867.207376312976,1774.9177,1872.7022419452007,0.0001728459,0,LOW,train
2026-01-18 21:45:00,ZONE_B,1847.302544091356,1720.2788,1796.9117902360158,0.00013606384,0,LOW,train
2026-01-18 22:00:00,ZONE_B,1799.324931040676,1694.4852,1792.617503372218,0.00012244377,0,LOW,train
2026-01-18 22:15:00,ZONE_B,1739.773228156689,1668.7401,1765.478382271921,0.00014997019,0,LOW,train
2026-01-18 22:30:00,ZONE_B,1759.4305552889207,1662.2311,1772.8300704787764,0.00021494224,0,LOW,train
2026-01-18 22:45:00,ZONE_B,1700.588465632488,1617.4733,1716.6359875106557,0.00022401681,0,LOW,train
2026-01-18 23:00:00,ZONE_B,1699.0611626172602,1614.6912,1712.963658597032,0.0002466965,0,LOW,train
2026-01-18 23:15:00,ZONE_B,1676.4569941068066,1611.3746,1675.237741695924,0.00028564155,0,LOW,train
2026-01-18 23:30:00,ZONE_B,1682.9200967181196,1610.9937,1691.3842850527114,0.00022873688,0,LOW,train
2026-01-18 23:45:00,ZONE_B,1636.668817043117,1611.5087,1612.721290595339,0.00017229206,0,LOW,train
2026-01-19 00:00:00,ZONE_B,1601.5446555103,1605.9701,1599.1627304335375,0.0003533623,0,LOW,train
2026-01-19 00:15:00,ZONE_B,1597.5003382846876,1604.7703,1633.4939635330263,0.0008626267,0,LOW,train
2026-01-19 00:30:00,ZONE_B,1573.1633416496654,1605.5835,1596.2656918780058,0.00028736403,0,LOW,train
2026-01-19 00:45:00,ZONE_B,1586.9681055722642,1610.603,1609.7531044295297,0.0011119997,0,LOW,train
2026-01-19 01:00:00,ZONE_B,1557.8051071309085,1603.6893,1619.291663768729,0.0005941219,0,LOW,train
2026-01-19 01:15:00,ZONE_B,1585.7261443235266,1612.7711,1594.7111139137571,0.0008044699,0,LOW,train
2026-01-19 01:30:00,ZONE_B,1608.2463727450472,1604.7305,1598.7986404392263,0.00048647422,0,LOW,train
2026-01-19 01:45:00,ZONE_B,1635.385739985909,1608.7281,1645.1009314492496,0.00070991594,0,LOW,train
2026-01-19 02:00:00,ZONE_B,1617.503395411928,1605.7606,1596.3492661152925,0.0011380651,0,LOW,train
2026-01-19 02:15:00,ZONE_B,1619.5030420023288,1608.6085,1611.1127485335871,0.00073939643,0,LOW,train
2026-01-19 02:30:00,ZONE_B,1587.0306762342725,1604.1407,1608.3901516234705,0.0007965458,0,LOW,train
2026-01-19 02:45:00,ZONE_B,1643.322498262294,1604.1226,1600.699427579466,0.0010811934,0,LOW,train
2026-01-19 03:00:00,ZONE_B,1578.7307579191256,1604.7141,1584.315404531903,0.0011494834,0,LOW,train
2026-01-19 03:15:00,ZONE_B,1623.8038692418943,1606.7946,1577.4416449907078,0.00029408722,0,LOW,train
2026-01-19 03:30:00,ZONE_B,1639.567740288859,1605.2504,1634.0358073307991,0.00048113166,0,LOW,train
2026-01-19 03:45:00,ZONE_B,1578.0439248428154,1600.2284,1603.8140083071796,0.0011898295,0,LOW,train
2026-01-19 04:00:00,ZONE_B,1611.7856841914413,1606.6503,1614.1315287904406,0.0007120076,0,LOW,train
2026-01-19 04:15:00,ZONE_B,1611.5045569916304,1601.6635,1567.867936196549,0.00048889103,0,LOW,train
2026-01-19 04:30:00,ZONE_B,1587.1632427198822,1605.3002,1593.474665346466,0.0013740754,0,LOW,train
2026-01-19 04:45:00,ZONE_B,1567.9261204443565,1595.1041,1613.753906197981,0.000900753,0,LOW,train
2026-01-19 05:00:00,ZONE_B,1645.7492538805468,1830.8032,1564.5261366079046,0.00039810152,0,LOW,train
2026-01-19 05:15:00,ZONE_B,1581.8284006202823,1833.3357,1583.5334514712556,0.006023613,0,LOW,train
2026-01-19 05:30:00,ZONE_B,1586.8595184999333,1858.8158,1634.7977583624795,0.000641146,0,LOW,train
2026-01-19 05:45:00,ZONE_B,1587.7529112434836,1882.7528,1602.4538843586456,0.009157768,0,LOW,train
2026-01-19 06:00:00,ZONE_B,1785.4076401656453,1915.1969,1819.9664140462603,0.00039106735,0,LOW,train
2026-01-19 06:15:00,ZONE_B,1835.1130066700075,1950.602,1810.478918413106,0.00038593038,0,LOW,train
2026-01-19 06:30:00,ZONE_B,1861.3433058460505,1992.1947,1839.168387617398,0.0013373151,0,LOW,train
2026-01-19 06:45:00,ZONE_B,1884.709090688708,2045.2301,1880.5237125084527,0.0024606485,0,LOW,train
2026-01-19 07:00:00,ZONE_B,1910.8042513850853,2070.3142,1952.6011709664128,0.9540955,1,CRITICAL,train
2026-01-19 07:15:00,ZONE_B,1976.3416948662093,2067.6296,1922.227757942449,0.008697005,0,LOW,train
2026-01-19 07:30:00,ZONE_B,2045.7735581960003,2065.7039,1949.7135072899048,0.12394703,0,LOW,train
2026-01-19 07:45:00,ZONE_B,2075.731037228696,2095.392,1958.618987077814,0.21026784,0,LOW,train
2026-01-19 08:00:00,ZONE_B,2170.446871537192,2153.6423,2103.094779321357,0.4828941,0,MEDIUM,train
2026-01-19 08:15:00,ZONE_B,2076.6924987045154,2195.3047,2043.347386406319,0.5863753,0,MEDIUM,train
2026-01-19 08:30:00,ZONE_B,2050.488208309491,2285.7405,2092.484345310677,0.97277933,1,CRITICAL,train
2026-01-19 08:45:00,ZONE_B,2035.202179695335,2238.8643,2102.832271576874,0.9862454,1,CRITICAL,train
2026-01-19 09:00:00,ZONE_B,2106.494937662685,1996.8358,2210.833296436581,0.13619292,0,LOW,train
2026-01-19 09:15:00,ZONE_B,2087.2755954805143,2017.7504,2222.658835422508,0.11860462,0,LOW,train
2026-01-19 09:30:00,ZONE_B,2408.826159876073,2034.5947,2176.48334368268,0.17902537,0,LOW,train
2026-01-19 09:45:00,ZONE_B,2203.31866110458,2076.8306,2201.053189798136,0.91541153,1,CRITICAL,train
2026-01-19 10:00:00,ZONE_B,1994.8791956106888,1985.9567,1946.482524089303,0.06150096,0,LOW,train
2026-01-19 10:15:00,ZONE_B,2051.898935796095,2013.359,1897.126996607177,0.07371567,0,LOW,train
2026-01-19 10:30:00,ZONE_B,2016.811169372221,1969.8005,2136.831394096705,0.089589655,0,LOW,train
2026-01-19 10:45:00,ZONE_B,2170.371865502997,1966.3248,1942.400924762161,0.09845836,0,LOW,train
2026-01-19 11:00:00,ZONE_B,1929.780562046908,1975.2708,2114.716668283073,0.019280406,0,LOW,train
2026-01-19 11:15:00,ZONE_B,2019.757199247172,2000.0804,2176.8022070970155,0.0035235542,0,LOW,train
2026-01-19 11:30:00,ZONE_B,1944.8486754573391,1997.1316,2083.2986736014054,0.016292624,0,LOW,train
2026-01-19 11:45:00,ZONE_B,1892.259316629071,1956.4536,1956.5843159582807,0.04262941,0,LOW,train
2026-01-19 12:00:00,ZONE_B,1942.99946461484,1978.2675,2002.759277828194,0.014638019,0,LOW,train
2026-01-19 12:15:00,ZONE_B,1993.379722775076,1975.0659,1988.909385552964,0.007068074,0,LOW,train
2026-01-19 12:30:00,ZONE_B,1986.4261923160784,1957.076,1906.6133752887315,0.025242524,0,LOW,train
2026-01-19 12:45:00,ZONE_B,1952.0863965553208,1994.5653,2078.0283362404634,0.007064601,0,LOW,train
2026-01-19 13:00:00,ZONE_B,1932.5671416105183,1960.0731,1938.4292064877984,0.010993634,0,LOW,train
2026-01-19 13:15:00,ZONE_B,1963.8845568565823,1942.6721,2060.887256042055,0.0036873922,0,LOW,train
2026-01-19 13:30:00,ZONE_B,1899.1405230858488,1952.5308,1921.2670460363136,0.014879339,0,LOW,train
2026-01-19 13:45:00,ZONE_B,2030.317615029222,1950.001,2001.4919741585989,0.0020139886,0,LOW,train
2026-01-19 14:00:00,ZONE_B,1963.3225629415435,1946.3174,1995.389293248456,0.001867726,0,LOW,train
2026-01-19 14:15:00,ZONE_B,1940.2307631223227,1976.644,1952.461436839774,0.008671886,0,LOW,train
2026-01-19 14:30:00,ZONE_B,1929.5570566737847,1951.3943,2010.5188940995365,0.011883245,0,LOW,train
2026-01-19 14:45:00,ZONE_B,1916.7219639840057,1946.406,1885.1562957794777,0.0038514393,0,LOW,train
2026-01-19 15:00:00,ZONE_B,1951.5747943988283,2006.655,1992.1140475340808,0.0013500693,0,LOW,train
2026-01-19 15:15:00,ZONE_B,2063.3925795188893,2035.9878,1883.1917900933663,0.002012513,0,LOW,train
2026-01-19 15:30:00,ZONE_B,1868.3642454235344,2022.6744,1918.9742387404976,0.031403657,0,LOW,train
2026-01-19 15:45:00,ZONE_B,1904.5570319161911,1995.6255,2076.2693885145145,0.0016324897,0,LOW,train
2026-01-19 16:00:00,ZONE_B,2003.9220666104552,2008.8248,2019.1028225896707,0.004121797,0,LOW,train
2026-01-19 16:15:00,ZONE_B,2033.5244666202288,2022.3986,1999.9185452411048,0.014672407,0,LOW,train
2026-01-19 16:30:00,ZONE_B,2041.436484678252,2007.1775,2020.138562141843,0.01048629,0,LOW,train
2026-01-19 16:45:00,ZONE_B,1979.7411064515293,2007.9083,1963.777563500804,0.014012189,0,LOW,train
2026-01-19 17:00:00,ZONE_B,2014.1617052203967,2005.7732,2017.4950576963367,0.0023345938,0,LOW,train
2026-01-19 17:15:00,ZONE_B,1993.0902960930453,2006.8827,2054.1981842440296,0.021627922,0,LOW,train
2026-01-19 17:30:00,ZONE_B,1995.446432904928,2005.292,2013.406537710528,0.0021842862,0,LOW,train
2026-01-19 17:45:00,ZONE_B,1987.6454091984583,2006.1342,2004.792013756973,0.0012083201,0,LOW,train
2026-01-19 18:00:00,ZONE_B,2017.367103513977,2006.797,2017.9150982657045,0.001149881,0,LOW,train
2026-01-19 18:15:00,ZONE_B,2007.1779321401857,2005.3695,2022.2892732251,0.001152554,0,LOW,train
2026-01-19 18:30:00,ZONE_B,2025.6484622098767,2005.8116,2002.435091344987,0.0006431264,0,LOW,train
2026-01-19 18:45:00,ZONE_B,2012.21918288772,2006.7302,2016.6076244181431,0.00105412,0,LOW,train
2026-01-19 19:00:00,ZONE_B,2002.9855325753,2002.3717,1963.8687698861104,0.001493315,0,LOW,train
2026-01-19 19:15:00,ZONE_B,2016.110831200088,2005.2456,2020.9507501410965,0.00089548295,0,LOW,train
2026-01-19 19:30:00,ZONE_B,2023.2267383180367,2001.5017,1985.9416962625507,0.00064412225,0,LOW,train
2026-01-19 19:45:00,ZONE_B,1992.559546119929,2014.7427,1981.144954936736,0.00091681496,0,LOW,train
2026-01-19 20:00:00,ZONE_B,2018.951912226494,1886.3322,1964.220512207539,0.0015742832,0,LOW,train
2026-01-19 20:15:00,ZONE_B,2044.6123568459825,1875.6338,1985.423945363241,0.0013682864,0,LOW,train
2026-01-19 20:30:00,ZONE_B,1976.7624640779304,1853.3868,2045.0123711473368,0.0009873747,0,LOW,train
2026-01-19 20:45:00,ZONE_B,2056.498647215025,1850.7036,2013.9667447037973,0.0021553237,0,LOW,train
2026-01-19 21:00:00,ZONE_B,1923.8051473699904,1828.9866,1910.755732989244,0.0010098981,0,LOW,train
2026-01-19 21:15:00,ZONE_B,1873.2894374510104,1786.1431,1865.6229975289373,0.000574592,0,LOW,train
2026-01-19 21:30:00,ZONE_B,1818.187053834648,1736.7587,1867.207376312976,0.00043048323,0,LOW,train
2026-01-19 21:45:00,ZONE_B,1823.852947716264,1741.7296,1847.302544091356,0.00055313465,0,LOW,train
2026-01-19 22:00:00,ZONE_B,1804.906347780361,1707.9127,1799.324931040676,0.00036460324,0,LOW,train
2026-01-19 22:15:00,ZONE_B,1790.835701841242,1686.548,1739.773228156689,0.00027647693,0,LOW,train
2026-01-19 22:30:00,ZONE_B,1755.3794560514082,1654.6189,1759.4305552889207,0.00035090244,0,LOW,train
2026-01-19 22:45:00,ZONE_B,1726.788962393677,1636.9343,1700.588465632488,0.0003623618,0,LOW,train
2026-01-19 23:00:00,ZONE_B,1713.1886792579976,1609.4713,1699.0611626172602,0.00028403767,0,LOW,train
2026-01-19 23:15:00,ZONE_B,1720.7227921027982,1609.9183,1676.4569941068066,0.000316865,0,LOW,train
2026-01-19 23:30:00,ZONE_B,1646.9990625034566,1610.2345,1682.9200967181196,0.00069600344,0,LOW,train
2026-01-19 23:45:00,ZONE_B,1621.5845592547737,1609.6478,1636.668817043117,0.00053544284,0,LOW,train
2026-01-20 00:00:00,ZONE_B,1605.8518818209136,1602.6647,1601.5446555103,0.0005053701,0,LOW,train
2026-01-20 00:15:00,ZONE_B,1610.5464943143372,1602.0255,1597.5003382846876,0.00039164137,0,LOW,train
2026-01-20 00:30:00,ZONE_B,1598.1906804965051,1601.2793,1573.1633416496654,0.000269073,0,LOW,train
2026-01-20 00:45:00,ZONE_B,1570.477520929698,1601.8582,1586.9681055722642,0.00023270545,0,LOW,train
2026-01-20 01:00:00,ZONE_B,1590.6709811390265,1604.7205,1557.8051071309085,0.00025867048,0,LOW,train
2026-01-20 01:15:00,ZONE_B,1588.066549979579,1601.9819,1585.7261443235266,0.0005866317,0,LOW,train
2026-01-20 01:30:00,ZONE_B,1566.330574274031,1601.9819,1608.2463727450472,0.0002818064,0,LOW,train
2026-01-20 01:45:00,ZONE_B,1602.6830060181971,1603.4263,1635.385739985909,0.00046350912,0,LOW,train
2026-01-20 02:00:00,ZONE_B,1598.151756177423,1601.9185,1617.503395411928,0.00051873794,0,LOW,train
2026-01-20 02:15:00,ZONE_B,1596.6689338175795,1601.9185,1619.5030420023288,0.00028221967,0,LOW,train
2026-01-20 02:30:00,ZONE_B,1603.57573581541,1604.6001,1587.0306762342725,0.0004768001,0,LOW,train
2026-01-20 02:45:00,ZONE_B,1589.6748026184937,1602.9265,1643.322498262294,0.0005118384,0,LOW,train
2026-01-20 03:00:00,ZONE_B,1590.812510339547,1599.8855,1578.7307579191256,0.0002607999,0,LOW,train
2026-01-20 03:15:00,ZONE_B,1613.8927528423098,1600.8253,1623.8038692418943,0.00033072577,0,LOW,train
2026-01-20 03:30:00,ZONE_B,1625.26049248056,1601.2974,1639.567740288859,0.00035978225,0,LOW,train
2026-01-20 03:45:00,ZONE_B,1608.7218003523094,1602.5676,1578.0439248428154,0.0002011984,0,LOW,train
2026-01-20 04:00:00,ZONE_B,1592.8957481736493,1602.4705,1611.7856841914413,0.0002550485,0,LOW,train
2026-01-20 04:15:00,ZONE_B,1605.3403699674798,1601.7386,1611.5045569916304,0.00018155428,0,LOW,train
2026-01-20 04:30:00,ZONE_B,1595.1608530150006,1601.9176,1587.1632427198822,0.00025741893,0,LOW,train
2026-01-20 04:45:00,ZONE_B,1590.0927827900794,1603.5642,1567.9261204443565,0.00036989612,0,LOW,train
2026-01-20 05:00:00,ZONE_B,1601.037860402141,1828.1855,1645.7492538805468,0.00030308924,0,LOW,train
2026-01-20 05:15:00,ZONE_B,1595.289045273044,1838.3643,1581.8284006202823,0.00035655347,0,LOW,train
2026-01-20 05:30:00,ZONE_B,1621.2465032216242,1847.5166,1586.8595184999333,0.0002560267,0,LOW,train
2026-01-20 05:45:00,ZONE_B,1625.1272088488286,1904.2727,1587.7529112434836,0.00020738973,0,LOW,train
2026-01-20 06:00:00,ZONE_B,1816.5143951701111,1884.2125,1785.4076401656453,0.00031076156,0,LOW,train
2026-01-20 06:15:00,ZONE_B,1849.1700878671031,1927.4559,1835.1130066700075,0.00079981185,0,LOW,train
2026-01-20 06:30:00,ZONE_B,1826.8798152123584,1965.2888,1861.3433058460505,0.0018773234,0,LOW,train
2026-01-20 06:45:00,ZONE_B,1984.393809296352,1999.2571,1884.709090688708,0.0038899716,0,LOW,train
2026-01-20 07:00:00,ZONE_B,1891.0020293663083,2031.649,1910.8042513850853,0.00075121224,0,LOW,train
2026-01-20 07:15:00,ZONE_B,1953.19054530174,2049.3213,1976.3416948662093,0.0076816664,0,LOW,train
2026-01-20 07:30:00,ZONE_B,1988.287652910412,2085.8303,2045.7735581960003,0.040458005,0,LOW,train
2026-01-20 07:45:00,ZONE_B,1977.1134688811728,2128.5225,2075.731037228696,0.18795262,0,LOW,train
2026-01-20 08:00:00,ZONE_B,2089.4206815693806,2153.6082,2170.446871537192,0.29915044,0,LOW,train
2026-01-20 08:15:00,ZONE_B,2011.0820310559327,2224.6086,2076.6924987045154,0.9774279,1,CRITICAL,train
2026-01-20 08:30:00,ZONE_B,2087.582361376956,2220.6682,2050.488208309491,0.9912178,1,CRITICAL,train
2026-01-20 08:45:00,ZONE_B,2107.2745111041404,2218.5562,2035.202179695335,0.98933417,1,CRITICAL,train
2026-01-20 09:00:00,ZONE_B,2100.9279843156646,2025.538,2106.494937662685,0.07184244,0,LOW,train
2026-01-20 09:15:00,ZONE_B,2219.709702874407,1957.9088,2087.2755954805143,0.09428543,0,LOW,train
2026-01-20 09:30:00,ZONE_B,2231.428452795884,2049.3157,2408.826159876073,0.012436528,0,LOW,train
2026-01-20 09:45:00,ZONE_B,2170.077008822286,2026.1681,2203.31866110458,0.13460028,0,LOW,train
2026-01-20 10:00:00,ZONE_B,2114.350088954506,1979.0894,1994.8791956106888,0.10314102,0,LOW,train
2026-01-20 10:15:00,ZONE_B,1899.716995604511,1972.0803,2051.898935796095,0.036658857,0,LOW,train
2026-01-20 10:30:00,ZONE_B,2108.62632234537,1971.1575,2016.811169372221,0.036381762,0,LOW,train
2026-01-20 10:45:00,ZONE_B,2073.023642587337,1966.0232,2170.371865502997,0.010892567,0,LOW,train
2026-01-20 11:00:00,ZONE_B,1911.6726796505548,1991.855,1929.780562046908,0.010319778,0,LOW,train
2026-01-20 11:15:00,ZONE_B,1947.4751553897524,2034.6074,2019.757199247172,0.019654186,0,LOW,train
2026-01-20 11:30:00,ZONE_B,1888.1918876403213,2070.9387,1944.8486754573391,0.008163033,0,LOW,train
2026-01-20 11:45:00,ZONE_B,1980.701581775381,2064.6245,1892.259316629071,0.01508498,0,LOW,train
2026-01-20 12:00:00,ZONE_B,1970.473687892095,1964.3816,1942.99946461484,0.034074385,0,LOW,train
2026-01-20 12:15:00,ZONE_B,2099.7422309051803,1981.8417,1993.379722775076,0.03311156,0,LOW,train
2026-01-20 12:30:00,ZONE_B,2132.911655138761,1953.2034,1986.4261923160784,0.04329706,0,LOW,train
2026-01-20 12:45:00,ZONE_B,2121.608279151252,1943.097,1952.0863965553208,0.04012106,0,LOW,train
2026-01-20 13:00:00,ZONE_B,1915.14347467042,2006.0227,1932.5671416105183,0.01978453,0,LOW,train
2026-01-20 13:15:00,ZONE_B,1948.099758315052,2017.1731,1963.8845568565823,0.008327009,0,LOW,train
2026-01-20 13:30:00,ZONE_B,1919.528754389671,1955.0668,1899.1405230858488,0.0046844874,0,LOW,train
2026-01-20 13:45:00,ZONE_B,1894.640730171558,1921.1295,2030.317615029222,0.0026550877,0,LOW,train
2026-01-20 14:00:00,ZONE_B,2085.450335035236,1939.8569,1963.3225629415435,0.0030802449,0,LOW,train
2026-01-20 14:15:00,ZONE_B,2089.079431926202,1950.546,1940.2307631223227,0.013720184,0,LOW,train
2026-01-20 14:30:00,ZONE_B,1926.8290916810129,1938.4216,1929.5570566737847,0.0054876166,0,LOW,train
2026-01-20 14:45:00,ZONE_B,1898.1164485383968,1930.8738,1916.7219639840057,0.005978261,0,LOW,train
2026-01-20 15:00:00,ZONE_B,1930.1796824920827,2024.0706,1951.5747943988283,0.004278436,0,LOW,train
2026-01-20 15:15:00,ZONE_B,1920.225535057796,1995.9574,2063.3925795188893,0.0014002182,0,LOW,train
2026-01-20 15:30:00,ZONE_B,1904.912009234064,2034.5142,1868.3642454235344,0.01737778,0,LOW,train
2026-01-20 15:45:00,ZONE_B,1918.8363395709987,2005.4226,1904.5570319161911,0.0018784897,0,LOW,train
2026-01-20 16:00:00,ZONE_B,2015.2699350685923,2018.0842,2003.9220666104552,0.002224012,0,LOW,train
2026-01-20 16:15:00,ZONE_B,1983.8760027318544,2015.3563,2033.5244666202288,0.025175594,0,LOW,train
2026-01-20 16:30:00,ZONE_B,2021.015274687598,2023.1355,2041.436484678252,0.010197342,0,LOW,train
2026-01-20 16:45:00,ZONE_B,1981.4217631129427,2002.3722,1979.7411064515293,0.03013394,0,LOW,train
2026-01-20 17:00:00,ZONE_B,2009.9117046662109,2002.0824,2014.1617052203967,0.009682307,0,LOW,train
2026-01-20 17:15:00,ZONE_B,1985.903666898393,2003.0924,1993.0902960930453,0.0061111734,0,LOW,train
2026-01-20 17:30:00,ZONE_B,2020.5995340727288,2005.9209,1995.446432904928,0.0057948595,0,LOW,train
2026-01-20 17:45:00,ZONE_B,1956.0406550496048,2001.2351,1987.6454091984583,0.0020648167,0,LOW,train
2026-01-20 18:00:00,ZONE_B,1979.736542616466,2001.0171,2017.367103513977,0.0024132656,0,LOW,train
2026-01-20 18:15:00,ZONE_B,2012.0602393878064,2001.4291,2007.1779321401857,0.0038940015,0,LOW,train
2026-01-20 18:30:00,ZONE_B,1998.5893078653733,2004.4138,2025.6484622098767,0.0043352693,0,LOW,train
2026-01-20 18:45:00,ZONE_B,2007.046685812216,2001.1652,2012.21918288772,0.0021040987,0,LOW,train
2026-01-20 19:00:00,ZONE_B,2005.71962061106,2003.4099,2002.9855325753,0.00064777787,0,LOW,train
2026-01-20 19:15:00,ZONE_B,2053.74942559385,1999.0786,2016.110831200088,0.000541189,0,LOW,train
2026-01-20 19:30:00,ZONE_B,1983.167013311968,2004.334,2023.2267383180367,0.00060342666,0,LOW,train
2026-01-20 19:45:00,ZONE_B,1999.2167158147247,2001.0054,1992.559546119929,0.0015503045,0,LOW,train
2026-01-20 20:00:00,ZONE_B,2024.126332001278,1888.1223,2018.951912226494,0.0004949124,0,LOW,train
2026-01-20 20:15:00,ZONE_B,1994.1646621021127,1872.1493,2044.6123568459825,0.0008621571,0,LOW,train
2026-01-20 20:30:00,ZONE_B,2006.642494136768,1858.2628,1976.7624640779304,0.00074328843,0,LOW,train
2026-01-20 20:45:00,ZONE_B,1997.575579323112,1848.5001,2056.498647215025,0.00037893184,0,LOW,train
2026-01-20 21:00:00,ZONE_B,1873.193055100634,1815.5177,1923.8051473699904,0.00047225985,0,LOW,train
2026-01-20 21:15:00,ZONE_B,1855.171703536682,1770.9241,1873.2894374510104,0.00040903452,0,LOW,train
2026-01-20 21:30:00,ZONE_B,1873.8016684056736,1761.3984,1818.187053834648,0.00046122543,0,LOW,train
2026-01-20 21:45:00,ZONE_B,1826.85467315384,1726.539,1823.852947716264,0.00037654562,0,LOW,train
2026-01-20 22:00:00,ZONE_B,1801.660311012952,1708.3042,1804.906347780361,0.00020767012,0,LOW,train
2026-01-20 22:15:00,ZONE_B,1778.3713012651856,1690.5571,1790.835701841242,0.00027720092,0,LOW,train
2026-01-20 22:30:00,ZONE_B,1805.0134089853127,1671.4794,1755.3794560514082,0.0002635339,0,LOW,train
2026-01-20 22:45:00,ZONE_B,1731.1951946512447,1638.974,1726.788962393677,0.00039771743,0,LOW,train
2026-01-20 23:00:00,ZONE_B,1693.5967561155712,1628.449,1713.1886792579976,0.00017918543,0,LOW,train
2026-01-20 23:15:00,ZONE_B,1685.3061667693937,1613.87,1720.7227921027982,0.0003118175,0,LOW,train
2026-01-20 23:30:00,ZONE_B,1673.5827639082408,1613.876,1646.9990625034566,0.0004043458,0,LOW,train
2026-01-20 23:45:00,ZONE_B,1619.8605881656354,1610.1611,1621.5845592547737,0.0004473161,0,LOW,train
2026-01-21 00:00:00,ZONE_B,1671.1052867153949,1604.0696,1605.8518818209136,0.00056315603,0,LOW,train
2026-01-21 00:15:00,ZONE_B,1577.422800914783,1605.3555,1610.5464943143372,0.00025243475,0,LOW,train
2026-01-21 00:30:00,ZONE_B,1614.7209709314072,1607.2424,1598.1906804965051,0.000398762,0,LOW,train
2026-01-21 00:45:00,ZONE_B,1588.2581721359024,1603.7186,1570.477520929698,0.00025582124,0,LOW,train
2026-01-21 01:00:00,ZONE_B,1574.009113426411,1599.726,1590.6709811390265,0.000961408,0,LOW,train
2026-01-21 01:15:00,ZONE_B,1591.1761545643412,1605.7789,1588.066549979579,0.00015964865,0,LOW,train
2026-01-21 01:30:00,ZONE_B,1684.222327380126,1607.7618,1566.330574274031,0.00026180514,0,LOW,train
2026-01-21 01:45:00,ZONE_B,1589.3003808078586,1604.642,1602.6830060181971,0.00048680868,0,LOW,train
2026-01-21 02:00:00,ZONE_B,1574.5377665981844,1602.6044,1598.151756177423,0.0009192707,0,LOW,train
2026-01-21 02:15:00,ZONE_B,1601.2778864066152,1603.3657,1596.6689338175795,0.0014475232,0,LOW,train
2026-01-21 02:30:00,ZONE_B,1625.8900431095185,1604.6449,1603.57573581541,0.00032673872,0,LOW,train
2026-01-21 02:45:00,ZONE_B,1600.0737298209008,1602.6622,1589.6748026184937,0.00023823373,0,LOW,train
2026-01-21 03:00:00,ZONE_B,1569.8941190531475,1601.9742,1590.812510339547,0.00024368061,0,LOW,train
2026-01-21 03:15:00,ZONE_B,1589.866043416214,1608.2067,1613.8927528423098,0.00020137959,0,LOW,train
2026-01-21 03:30:00,ZONE_B,1630.903241699699,1604.3555,1625.26049248056,0.0008005267,0,LOW,train
2026-01-21 03:45:00,ZONE_B,1590.7073701327224,1601.2947,1608.7218003523094,0.00021068189,0,LOW,train
2026-01-21 04:00:00,ZONE_B,1582.107477966646,1601.3268,1592.8957481736493,0.00046886812,0,LOW,train
2026-01-21 04:15:00,ZONE_B,1636.4889624511272,1605.8573,1605.3403699674798,0.00041874158,0,LOW,train
2026-01-21 04:30:00,ZONE_B,1617.8626086334896,1603.6875,1595.1608530150006,0.0006329679,0,LOW,train
2026-01-21 04:45:00,ZONE_B,1589.1760264216184,1603.5269,1590.0927827900794,0.0003973362,0,LOW,train
2026-01-21 05:00:00,ZONE_B,1619.921223668728,1836.8875,1601.037860402141,0.00038760508,0,LOW,train
2026-01-21 05:15:00,ZONE_B,1623.9279989206464,1819.2284,1595.289045273044,0.00022700657,0,LOW,train
2026-01-21 05:30:00,ZONE_B,1624.7654739694597,1857.6625,1621.2465032216242,0.00049779844,0,LOW,train
2026-01-21 05:45:00,ZONE_B,1623.012847583634,1881.8137,1625.1272088488286,0.00030225242,0,LOW,train
2026-01-21 06:00:00,ZONE_B,1799.8795956650777,1913.9858,1816.5143951701111,0.00078265346,0,LOW,train
2026-01-21 06:15:00,ZONE_B,1813.764856339569,1928.8855,1849.1700878671031,0.0006566779,0,LOW,train
2026-01-21 06:30:00,ZONE_B,1860.6225417939063,1949.6582,1826.8798152123584,0.0009621301,0,LOW,train
2026-01-21 06:45:00,ZONE_B,1874.1483423030563,2011.9958,1984.393809296352,0.00072228827,0,LOW,train
2026-01-21 07:00:00,ZONE_B,1933.5989484880688,2003.0006,1891.0020293663083,0.0025985553,0,LOW,train
2026-01-21 07:15:00,ZONE_B,1931.2858720741951,2049.4736,1953.19054530174,0.010875617,0,LOW,train
2026-01-21 07:30:00,ZONE_B,1942.0354983573447,2079.2405,1988.287652910412,0.077125266,0,LOW,train
2026-01-21 07:45:00,ZONE_B,2025.8301512075784,2186.8967,1977.1134688811728,0.96363205,1,CRITICAL,train
2026-01-21 08:00:00,ZONE_B,1958.6239843019373,2149.1401,2089.4206815693806,0.18032406,0,LOW,train
2026-01-21 08:15:00,ZONE_B,2026.549214679796,2330.0337,2011.0820310559327,0.9765063,1,CRITICAL,train
2026-01-21 08:30:00,ZONE_B,2083.048431388923,2262.3374,2087.582361376956,0.9886121,1,CRITICAL,train
2026-01-21 08:45:00,ZONE_B,2228.0015109737465,2248.3447,2107.2745111041404,0.98672056,1,CRITICAL,train
2026-01-21 09:00:00,ZONE_B,2113.8089310828773,1980.005,2100.9279843156646,0.054280367,0,LOW,train
2026-01-21 09:15:00,ZONE_B,2485.69410593922,2021.0562,2219.709702874407,0.049315847,0,LOW,train
2026-01-21 09:30:00,ZONE_B,2293.2044430424626,2020.081,2231.428452795884,0.04667744,0,LOW,train
2026-01-21 09:45:00,ZONE_B,2245.707148599268,2052.7285,2170.077008822286,0.045850545,0,LOW,train
2026-01-21 10:00:00,ZONE_B,1948.17975431215,2033.8214,2114.350088954506,0.0014298488,0,LOW,train
2026-01-21 10:15:00,ZONE_B,1995.6056240886023,2059.193,1899.716995604511,0.027218914,0,LOW,train
2026-01-21 10:30:00,ZONE_B,2030.8270819074185,2006.777,2108.62632234537,0.039849684,0,LOW,train
2026-01-21 10:45:00,ZONE_B,2032.8366723678032,1995.7452,2073.023642587337,0.01576942,0,LOW,train
2026-01-21 11:00:00,ZONE_B,2079.669975351966,2015.5599,1911.6726796505548,0.017980719,0,LOW,train
2026-01-21 11:15:00,ZONE_B,2054.345320774574,2044.4695,1947.4751553897524,0.05198906,0,LOW,train
2026-01-21 11:30:00,ZONE_B,2001.9711004503345,2037.0634,1888.1918876403213,0.023153352,0,LOW,train
2026-01-21 11:45:00,ZONE_B,1966.7030834475256,1989.6289,1980.701581775381,0.017607795,0,LOW,train
2026-01-21 12:00:00,ZONE_B,2005.5185306322733,2000.3666,1970.473687892095,0.025018627,0,LOW,train
2026-01-21 12:15:00,ZONE_B,2113.427901217184,2007.5614,2099.7422309051803,0.0024236147,0,LOW,train
2026-01-21 12:30:00,ZONE_B,2048.5130766590723,1984.2594,2132.911655138761,0.013418586,0,LOW,train
2026-01-21 12:45:00,ZONE_B,1874.7570831031808,1951.9677,2121.608279151252,0.001850455,0,LOW,train
2026-01-21 13:00:00,ZONE_B,2065.802031026875,2020.7366,1915.14347467042,0.0035649894,0,LOW,train
2026-01-21 13:15:00,ZONE_B,2035.324963521674,2011.3622,1948.099758315052,0.0042028925,0,LOW,train
2026-01-21 13:30:00,ZONE_B,1969.791577135796,1942.9,1919.528754389671,0.021004558,0,LOW,train
2026-01-21 13:45:00,ZONE_B,1947.2340291756493,1959.506,1894.640730171558,0.018292775,0,LOW,train
2026-01-21 14:00:00,ZONE_B,2102.081143194853,1936.585,2085.450335035236,0.000834846,0,LOW,train
2026-01-21 14:15:00,ZONE_B,2088.7386288119515,1920.0453,2089.079431926202,0.0019612247,0,LOW,train
2026-01-21 14:30:00,ZONE_B,1884.896417791917,1937.673,1926.8290916810129,0.0017218458,0,LOW,train
2026-01-21 14:45:00,ZONE_B,1941.604917877106,1955.567,1898.1164485383968,0.0076201754,0,LOW,train
2026-01-21 15:00:00,ZONE_B,1895.7029854726009,2003.7867,1930.1796824920827,0.001291241,0,LOW,train
2026-01-21 15:15:00,ZONE_B,1885.6163880396728,2014.5686,1920.225535057796,0.0051171244,0,LOW,train
2026-01-21 15:30:00,ZONE_B,1897.5215548675449,2009.6146,1904.912009234064,0.008018321,0,LOW,train
2026-01-21 15:45:00,ZONE_B,1988.6186114167192,2020.744,1918.8363395709987,0.001939003,0,LOW,train
2026-01-21 16:00:00,ZONE_B,2007.4245999705968,2020.0117,2015.2699350685923,0.0031592143,0,LOW,train
2026-01-21 16:15:00,ZONE_B,1996.5647315168333,2018.0948,1983.8760027318544,0.005762743,0,LOW,train
2026-01-21 16:30:00,ZONE_B,2024.648980623051,2002.5035,2021.015274687598,0.00852018,0,LOW,train
2026-01-21 16:45:00,ZONE_B,1986.466308734807,2003.3666,1981.4217631129427,0.006897247,0,LOW,train
2026-01-21 17:00:00,ZONE_B,2012.2581397299984,2002.0895,2009.9117046662109,0.0030740383,0,LOW,train
2026-01-21 17:15:00,ZONE_B,1999.6820271112967,2002.86,1985.903666898393,0.002469559,0,LOW,train
2026-01-21 17:30:00,ZONE_B,2017.2602698892329,2002.3029,2020.5995340727288,0.0076744766,0,LOW,train
2026-01-21 17:45:00,ZONE_B,1999.825489976802,2002.5409,1956.0406550496048,0.002049693,0,LOW,train
2026-01-21 18:00:00,ZONE_B,2019.7613811035608,2001.6365,1979.736542616466,0.0015499089,0,LOW,train
2026-01-21 18:15:00,ZONE_B,2015.461863258925,2002.7338,2012.0602393878064,0.0015667493,0,LOW,train
2026-01-21 18:30:00,ZONE_B,1970.2913687003395,2000.1559,1998.5893078653733,0.000338763,0,LOW,train
2026-01-21 18:45:00,ZONE_B,2007.709331676457,2000.7836,2007.046685812216,0.0008568517,0,LOW,train
2026-01-21 19:00:00,ZONE_B,1990.1236644005155,2001.2938,2005.71962061106,0.0005716501,0,LOW,train
2026-01-21 19:15:00,ZONE_B,1986.465397422648,1999.2272,2053.74942559385,0.00031467938,0,LOW,train
2026-01-21 19:30:00,ZONE_B,1977.2077476511893,1999.9706,1983.167013311968,0.0004504942,0,LOW,train
2026-01-21 19:45:00,ZONE_B,2007.7998704026984,1998.636,1999.2167158147247,0.00020917428,0,LOW,train
2026-01-21 20:00:00,ZONE_B,1977.2489811688483,1875.2454,2024.126332001278,0.00021244977,0,LOW,train
2026-01-21 20:15:00,ZONE_B,1976.271464416608,1870.2235,1994.1646621021127,0.00020804726,0,LOW,train
2026-01-21 20:30:00,ZONE_B,2020.4569960708727,1855.3528,2006.642494136768,0.00017157465,0,LOW,train
2026-01-21 20:45:00,ZONE_B,1995.3620354523096,1849.4642,1997.575579323112,0.00021245582,0,LOW,train
2026-01-21 21:00:00,ZONE_B,1888.661418270261,1804.8534,1873.193055100634,9.440453e-05,0,LOW,train
2026-01-21 21:15:00,ZONE_B,1867.0452574133608,1768.6743,1855.171703536682,0.0001339719,0,LOW,train
2026-01-21 21:30:00,ZONE_B,1855.667442872744,1762.5171,1873.8016684056736,0.00024609367,0,LOW,train
2026-01-21 21:45:00,ZONE_B,1831.245567066944,1736.9419,1826.85467315384,0.00026999068,0,LOW,train
2026-01-21 22:00:00,ZONE_B,1815.32210242148,1708.2649,1801.660311012952,0.00024059654,0,LOW,train
2026-01-21 22:15:00,ZONE_B,1752.2554604360034,1674.61,1778.3713012651856,0.0003071223,0,LOW,train
2026-01-21 22:30:00,ZONE_B,1776.3809950657758,1683.4207,1805.0134089853127,0.00031442207,0,LOW,train
2026-01-21 22:45:00,ZONE_B,1738.1823852471057,1621.0463,1731.1951946512447,0.0003355809,0,LOW,train
2026-01-21 23:00:00,ZONE_B,1747.1681630368396,1616.1917,1693.5967561155712,0.0003675573,0,LOW,train
2026-01-21 23:15:00,ZONE_B,1669.4488549580417,1624.4619,1685.3061667693937,0.00024037527,0,LOW,train
2026-01-21 23:30:00,ZONE_B,1674.748109707299,1609.2368,1673.5827639082408,0.0003138716,0,LOW,train
2026-01-21 23:45:00,ZONE_B,1616.461275964324,1615.7323,1619.8605881656354,0.0003306252,0,LOW,validation
2026-01-22 00:00:00,ZONE_B,1621.002466158189,1603.9161,1671.1052867153949,0.00037167338,0,LOW,validation
2026-01-22 00:15:00,ZONE_B,1640.7937622117222,1597.3721,1577.422800914783,0.00023864793,0,LOW,validation
2026-01-22 00:30:00,ZONE_B,1607.41944438849,1602.6068,1614.7209709314072,0.0003169529,0,LOW,validation
2026-01-22 00:45:00,ZONE_B,1619.6676646330557,1603.588,1588.2581721359024,0.000216453,0,LOW,validation
2026-01-22 01:00:00,ZONE_B,1606.950132148242,1601.4237,1574.009113426411,0.00026032515,0,LOW,validation
2026-01-22 01:15:00,ZONE_B,1601.8078224605315,1601.3474,1591.1761545643412,0.00025234354,0,LOW,validation
2026-01-22 01:30:00,ZONE_B,1613.6974733251625,1595.369,1684.222327380126,0.0008848803,0,LOW,validation
2026-01-22 01:45:00,ZONE_B,1588.852432040742,1611.6991,1589.3003808078586,0.00039488042,0,LOW,validation
2026-01-22 02:00:00,ZONE_B,1723.9921141259074,1603.4779,1574.5377665981844,0.0008472887,0,LOW,validation
2026-01-22 02:15:00,ZONE_B,1594.9607154548466,1606.4868,1601.2778864066152,0.0009850811,0,LOW,validation
2026-01-22 02:30:00,ZONE_B,1617.6875142758934,1598.6771,1625.8900431095185,0.0018128633,0,LOW,validation
2026-01-22 02:45:00,ZONE_B,1602.164989051336,1602.4507,1600.0737298209008,0.0011095697,0,LOW,validation
2026-01-22 03:00:00,ZONE_B,1610.3352056413837,1601.647,1569.8941190531475,0.00042676483,0,LOW,validation
2026-01-22 03:15:00,ZONE_B,1574.33591018812,1601.4366,1589.866043416214,0.00030304937,0,LOW,validation
2026-01-22 03:30:00,ZONE_B,1615.587190624165,1606.0366,1630.903241699699,0.0003848653,0,LOW,validation
2026-01-22 03:45:00,ZONE_B,1608.415164030155,1600.0764,1590.7073701327224,0.0006290166,0,LOW,validation
2026-01-22 04:00:00,ZONE_B,1633.9169871152797,1596.0778,1582.107477966646,0.0004723445,0,LOW,validation
2026-01-22 04:15:00,ZONE_B,1560.168883881255,1598.6906,1636.4889624511272,0.00057339633,0,LOW,validation
2026-01-22 04:30:00,ZONE_B,1609.3427274048952,1605.0396,1617.8626086334896,0.00073322514,0,LOW,validation
2026-01-22 04:45:00,ZONE_B,1634.739171572805,1596.5564,1589.1760264216184,0.0006715856,0,LOW,validation
2026-01-22 05:00:00,ZONE_B,1604.9973415215095,1623.8727,1619.921223668728,0.0005651022,0,LOW,validation
2026-01-22 05:15:00,ZONE_B,1604.7455002064582,1835.6301,1623.9279989206464,0.00073578104,0,LOW,validation
2026-01-22 05:30:00,ZONE_B,1614.7581645861042,1842.8523,1624.7654739694597,0.00049376924,0,LOW,validation
2026-01-22 05:45:00,ZONE_B,1587.641208500605,1855.0503,1623.012847583634,0.00025725993,0,LOW,validation
2026-01-22 06:00:00,ZONE_B,1780.2485965200813,1893.3226,1799.8795956650777,0.00051462,0,LOW,validation
2026-01-22 06:15:00,ZONE_B,1845.481422226516,1924.7632,1813.764856339569,0.00069731666,0,LOW,validation
2026-01-22 06:30:00,ZONE_B,1851.5474784735684,1938.7227,1860.6225417939063,0.000498272,0,LOW,validation
2026-01-22 06:45:00,ZONE_B,1877.8318130692896,1999.8651,1874.1483423030563,0.0020089229,0,LOW,validation
2026-01-22 07:00:00,ZONE_B,1878.083602478428,2024.2155,1933.5989484880688,0.0019583884,0,LOW,validation
2026-01-22 07:15:00,ZONE_B,2003.1867021443409,2054.257,1931.2858720741951,0.0067158793,0,LOW,validation
2026-01-22 07:30:00,ZONE_B,1988.3797861233704,2087.5818,1942.0354983573447,0.033680633,0,LOW,validation
2026-01-22 07:45:00,ZONE_B,1972.1314713977024,2136.0112,2025.8301512075784,0.7317059,1,HIGH,validation
2026-01-22 08:00:00,ZONE_B,1996.2232779688427,2170.7224,1958.6239843019373,0.6431701,0,HIGH,validation
2026-01-22 08:15:00,ZONE_B,2041.501893911373,2168.1516,2026.549214679796,0.18778926,0,LOW,validation
2026-01-22 08:30:00,ZONE_B,2164.983926542753,2207.202,2083.048431388923,0.9350908,1,CRITICAL,validation
2026-01-22 08:45:00,ZONE_B,2049.54914854344,2245.1992,2228.0015109737465,0.9181655,1,CRITICAL,validation
2026-01-22 09:00:00,ZONE_B,2084.297931892779,2003.1562,2113.8089310828773,0.03100565,0,LOW,validation
2026-01-22 09:15:00,ZONE_B,2133.309178245192,1992.4272,2485.69410593922,0.021719642,0,LOW,validation
2026-01-22 09:30:00,ZONE_B,2180.5202495839817,1991.0846,2293.2044430424626,0.029221991,0,LOW,validation
2026-01-22 09:45:00,ZONE_B,2187.173984569186,2018.8389,2245.707148599268,0.055868648,0,LOW,validation
2026-01-22 10:00:00,ZONE_B,1891.105659183812,2012.6279,1948.17975431215,0.0027119324,0,LOW,validation
2026-01-22 10:15:00,ZONE_B,2063.231256883952,2017.5597,1995.6056240886023,0.016700372,0,LOW,validation
2026-01-22 10:30:00,ZONE_B,2020.5170229459795,2016.6268,2030.8270819074185,0.017367525,0,LOW,validation
2026-01-22 10:45:00,ZONE_B,2010.3860586177736,2015.9388,2032.8366723678032,0.06269261,0,LOW,validation
2026-01-22 11:00:00,ZONE_B,2092.3602516073984,1993.8427,2079.669975351966,0.0059744394,0,LOW,validation
2026-01-22 11:15:00,ZONE_B,2017.044621994877,2015.6521,2054.345320774574,0.011526242,0,LOW,validation
2026-01-22 11:30:00,ZONE_B,2058.0415605143244,2011.409,2001.9711004503345,0.008063769,0,LOW,validation
2026-01-22 11:45:00,ZONE_B,1991.4619432084169,2009.8949,1966.7030834475256,0.005961922,0,LOW,validation
2026-01-22 12:00:00,ZONE_B,2018.6292752051345,2004.8895,2005.5185306322733,0.0049125613,0,LOW,validation
2026-01-22 12:15:00,ZONE_B,1934.206768325741,1995.5748,2113.427901217184,0.007321711,0,LOW,validation
2026-01-22 12:30:00,ZONE_B,1923.8911171084803,1993.2334,2048.5130766590723,0.0062793633,0,LOW,validation
2026-01-22 12:45:00,ZONE_B,1975.2621212701488,1983.2825,1874.7570831031808,0.0030237313,0,LOW,validation
2026-01-22 13:00:00,ZONE_B,2146.32411701716,2005.6727,2065.802031026875,0.0063666077,0,LOW,validation
2026-01-22 13:15:00,ZONE_B,2086.2991153520416,1993.1307,2035.324963521674,0.013383943,0,LOW,validation
2026-01-22 13:30:00,ZONE_B,2094.6877109527327,1994.4849,1969.791577135796,0.04480854,0,LOW,validation
2026-01-22 13:45:00,ZONE_B,2094.580219239014,1995.2861,1947.2340291756493,0.014988311,0,LOW,validation
2026-01-22 14:00:00,ZONE_B,1989.36752287854,1970.1069,2102.081143194853,0.002057962,0,LOW,validation
2026-01-22 14:15:00,ZONE_B,1975.0077941818613,1949.3606,2088.7386288119515,0.0028297121,0,LOW,validation
2026-01-22 14:30:00,ZONE_B,1895.3296480330937,1976.0345,1884.896417791917,0.0008982709,0,LOW,validation
2026-01-22 14:45:00,ZONE_B,1874.0767648735743,1981.4955,1941.604917877106,0.0011423391,0,LOW,validation
2026-01-22 15:00:00,ZONE_B,1985.7227468427552,2011.6923,1895.7029854726009,0.0015808896,0,LOW,validation
2026-01-22 15:15:00,ZONE_B,2034.808668324448,2015.4365,1885.6163880396728,0.0057108197,0,LOW,validation
2026-01-22 15:30:00,ZONE_B,1861.592668352012,1974.9479,1897.5215548675449,0.00086162076,0,LOW,validation
2026-01-22 15:45:00,ZONE_B,1895.4165647344528,1984.7603,1988.6186114167192,0.0020899463,0,LOW,validation
2026-01-22 16:00:00,ZONE_B,2020.7381031050647,2005.721,2007.4245999705968,0.0022613541,0,LOW,validation
2026-01-22 16:15:00,ZONE_B,2023.651115824132,2011.6233,1996.5647315168333,0.0028980137,0,LOW,validation
2026-01-22 16:30:00,ZONE_B,1944.108795223341,2006.8623,2024.648980623051,0.005273279,0,LOW,validation
2026-01-22 16:45:00,ZONE_B,1992.6146251266985,2005.6421,1986.466308734807,0.00597887,0,LOW,validation
2026-01-22 17:00:00,ZONE_B,1977.7996223998025,2007.584,2012.2581397299984,0.009003237,0,LOW,validation
2026-01-22 17:15:00,ZONE_B,2041.9532519009613,2013.9678,1999.6820271112967,0.001339012,0,LOW,validation
2026-01-22 17:30:00,ZONE_B,1998.916473526142,2016.5695,2017.2602698892329,0.009124051,0,LOW,validation
2026-01-22 17:45:00,ZONE_B,2035.1726773736173,2013.5509,1999.825489976802,0.0030809843,0,LOW,validation
2026-01-22 18:00:00,ZONE_B,1988.5357098480656,2013.9137,2019.7613811035608,0.0010906928,0,LOW,validation
2026-01-22 18:15:00,ZONE_B,1989.2545102325823,2005.9458,2015.461863258925,0.001518138,0,LOW,validation
2026-01-22 18:30:00,ZONE_B,1990.706354836754,2005.1565,1970.2913687003395,0.0016076328,0,LOW,validation
2026-01-22 18:45:00,ZONE_B,1990.6424404186112,2006.3636,2007.709331676457,0.00072635984,0,LOW,validation
2026-01-22 19:00:00,ZONE_B,2017.386489626739,1996.0256,1990.1236644005155,0.00026364924,0,LOW,validation
2026-01-22 19:15:00,ZONE_B,1996.9974412832976,2017.8591,1986.465397422648,0.000333404,0,LOW,validation
2026-01-22 19:30:00,ZONE_B,1988.2185219857347,2007.0724,1977.2077476511893,0.00035493018,0,LOW,validation
2026-01-22 19:45:00,ZONE_B,2005.550898868148,2007.0116,2007.7998704026984,0.00030113844,0,LOW,validation
2026-01-22 20:00:00,ZONE_B,1975.8945667756352,1879.2137,1977.2489811688483,0.00028538186,0,LOW,validation
2026-01-22 20:15:00,ZONE_B,1976.5144413985945,1861.4789,1976.271464416608,0.0002633902,0,LOW,validation
2026-01-22 20:30:00,ZONE_B,1970.8514340325005,1847.4355,2020.4569960708727,0.00031201317,0,LOW,validation
2026-01-22 20:45:00,ZONE_B,1996.0652734796963,1858.2277,1995.3620354523096,0.00029049246,0,LOW,validation
2026-01-22 21:00:00,ZONE_B,1869.0443990175768,1788.1494,1888.661418270261,0.00025489292,0,LOW,validation
2026-01-22 21:15:00,ZONE_B,1890.298735286261,1778.9603,1867.0452574133608,0.000121718185,0,LOW,validation
2026-01-22 21:30:00,ZONE_B,1843.5271642091489,1760.4327,1855.667442872744,0.00068901276,0,LOW,validation
2026-01-22 21:45:00,ZONE_B,1825.7701196396504,1715.0294,1831.245567066944,0.00035657812,0,LOW,validation
2026-01-22 22:00:00,ZONE_B,1811.2450674703368,1711.3661,1815.32210242148,0.00026674682,0,LOW,validation
2026-01-22 22:15:00,ZONE_B,1797.7104461079812,1688.0697,1752.2554604360034,0.0006787789,0,LOW,validation
2026-01-22 22:30:00,ZONE_B,1758.4643730991772,1674.9685,1776.3809950657758,0.00064947933,0,LOW,validation
2026-01-22 22:45:00,ZONE_B,1743.8967980955315,1639.4851,1738.1823852471057,0.00038011002,0,LOW,validation
2026-01-22 23:00:00,ZONE_B,1722.2400113047152,1616.7203,1747.1681630368396,0.00042433452,0,LOW,validation
2026-01-22 23:15:00,ZONE_B,1696.4942236545266,1615.774,1669.4488549580417,0.0003862289,0,LOW,validation
2026-01-22 23:30:00,ZONE_B,1625.5540003238382,1617.2017,1674.748109707299,0.00037980505,0,LOW,validation
2026-01-22 23:45:00,ZONE_B,1615.8400681147573,1642.3815,1616.461275964324,0.0006626422,0,LOW,validation
2026-01-23 00:00:00,ZONE_B,1582.7212819258048,1604.2921,1621.002466158189,0.0005159744,0,LOW,validation
2026-01-23 00:15:00,ZONE_B,1580.3889267971867,1603.7546,1640.7937622117222,0.0005883396,0,LOW,validation
2026-01-23 00:30:00,ZONE_B,1612.2486847722698,1604.2671,1607.41944438849,0.00038212998,0,LOW,validation
2026-01-23 00:45:00,ZONE_B,1598.4992298739226,1603.5366,1619.6676646330557,0.00024955947,0,LOW,validation
2026-01-23 01:00:00,ZONE_B,1618.411146225387,1604.1536,1606.950132148242,0.00035342883,0,LOW,validation
2026-01-23 01:15:00,ZONE_B,1606.002256093614,1604.2108,1601.8078224605315,0.00020635792,0,LOW,validation
2026-01-23 01:30:00,ZONE_B,1687.5829210157658,1606.7485,1613.6974733251625,0.00060640334,0,LOW,validation
2026-01-23 01:45:00,ZONE_B,1605.7656297712122,1607.1508,1588.852432040742,0.0006067725,0,LOW,validation
2026-01-23 02:00:00,ZONE_B,1614.278425591826,1601.5024,1723.9921141259074,0.00270734,0,LOW,validation
2026-01-23 02:15:00,ZONE_B,1617.6092247016995,1605.4657,1594.9607154548466,0.00045161168,0,LOW,validation
2026-01-23 02:30:00,ZONE_B,1591.6213672861295,1603.9019,1617.6875142758934,0.00035148533,0,LOW,validation
2026-01-23 02:45:00,ZONE_B,1563.4445898558445,1603.7623,1602.164989051336,0.00041343394,0,LOW,validation
2026-01-23 03:00:00,ZONE_B,1608.3641091188013,1606.8275,1610.3352056413837,0.00056789105,0,LOW,validation
2026-01-23 03:15:00,ZONE_B,1574.4911904901537,1603.2695,1574.33591018812,0.00034700043,0,LOW,validation
2026-01-23 03:30:00,ZONE_B,1591.467062318645,1608.1589,1615.587190624165,0.0003338614,0,LOW,validation
2026-01-23 03:45:00,ZONE_B,1614.0906290078576,1602.9934,1608.415164030155,0.0011882755,0,LOW,validation
2026-01-23 04:00:00,ZONE_B,1608.350658879065,1600.1504,1633.9169871152797,0.0006439473,0,LOW,validation
2026-01-23 04:15:00,ZONE_B,1618.9048418744912,1603.8685,1560.168883881255,0.0005658511,0,LOW,validation
2026-01-23 04:30:00,ZONE_B,1621.6167661602617,1605.2646,1609.3427274048952,0.00041567264,0,LOW,validation
2026-01-23 04:45:00,ZONE_B,1573.684205007733,1600.4122,1634.739171572805,0.00029580365,0,LOW,validation
2026-01-23 05:00:00,ZONE_B,1573.176879151673,1824.46,1604.9973415215095,0.00046391625,0,LOW,validation
2026-01-23 05:15:00,ZONE_B,1625.3605509337065,1855.3563,1604.7455002064582,0.0011478569,0,LOW,validation
2026-01-23 05:30:00,ZONE_B,1606.791926825986,1859.3657,1614.7581645861042,0.00043394018,0,LOW,validation
2026-01-23 05:45:00,ZONE_B,1549.8399019057308,1873.806,1587.641208500605,0.00046418805,0,LOW,validation
2026-01-23 06:00:00,ZONE_B,1757.1542643430862,1869.136,1780.2485965200813,0.0012809791,0,LOW,validation
2026-01-23 06:15:00,ZONE_B,1850.2361438403104,1961.1001,1845.481422226516,0.0011364195,0,LOW,validation
2026-01-23 06:30:00,ZONE_B,1872.968786480637,1992.0585,1851.5474784735684,0.0006391083,0,LOW,validation
2026-01-23 06:45:00,ZONE_B,1868.2920737584363,1994.8491,1877.8318130692896,0.0012682255,0,LOW,validation
2026-01-23 07:00:00,ZONE_B,1886.097924514023,2022.3212,1878.083602478428,0.0043607587,0,LOW,validation
2026-01-23 07:15:00,ZONE_B,1891.105064537782,2048.8284,2003.1867021443409,0.003127235,0,LOW,validation
2026-01-23 07:30:00,ZONE_B,1939.8292321271224,2050.894,1988.3797861233704,0.06404602,0,LOW,validation
2026-01-23 07:45:00,ZONE_B,1999.559517113412,2150.2136,1972.1314713977024,0.25376046,0,LOW,validation
2026-01-23 08:00:00,ZONE_B,2015.929779000444,2158.9187,1996.2232779688427,0.82084256,1,HIGH,validation
2026-01-23 08:15:00,ZONE_B,2122.904498830557,2177.706,2041.501893911373,0.894356,1,CRITICAL,validation
2026-01-23 08:30:00,ZONE_B,2036.7973335176505,2220.6938,2164.983926542753,0.96558136,1,CRITICAL,validation
2026-01-23 08:45:00,ZONE_B,2087.440000986426,2230.1636,2049.54914854344,0.9786072,1,CRITICAL,validation
2026-01-23 09:00:00,ZONE_B,2107.491524964417,2005.9131,2084.297931892779,0.09098945,0,LOW,validation
2026-01-23 09:15:00,ZONE_B,2082.730970866141,2016.4392,2133.309178245192,0.04626957,0,LOW,validation
2026-01-23 09:30:00,ZONE_B,2183.07743396164,1993.3955,2180.5202495839817,0.014887156,0,LOW,validation
2026-01-23 09:45:00,ZONE_B,2406.2896998570727,2041.8881,2187.173984569186,0.08453293,0,LOW,validation
2026-01-23 10:00:00,ZONE_B,1970.135983406058,1999.9908,1891.105659183812,0.0028856448,0,LOW,validation
2026-01-23 10:15:00,ZONE_B,1954.045034759443,2024.814,2063.231256883952,0.020288484,0,LOW,validation
2026-01-23 10:30:00,ZONE_B,1907.5462510047512,1983.5154,2020.5170229459795,0.09203264,0,LOW,validation
2026-01-23 10:45:00,ZONE_B,1945.0974755112884,2047.4564,2010.3860586177736,0.015413092,0,LOW,validation
2026-01-23 11:00:00,ZONE_B,1994.917291879504,2011.9608,2092.3602516073984,0.0018523919,0,LOW,validation
2026-01-23 11:15:00,ZONE_B,1967.4224180211293,2000.8792,2017.044621994877,0.0037990438,0,LOW,validation
2026-01-23 11:30:00,ZONE_B,2137.243059972329,1995.0367,2058.0415605143244,0.0141324485,0,LOW,validation
2026-01-23 11:45:00,ZONE_B,2049.023104088965,1998.1688,1991.4619432084169,0.010394375,0,LOW,validation
2026-01-23 12:00:00,ZONE_B,1914.543828755836,1991.7559,2018.6292752051345,0.00801585,0,LOW,validation
2026-01-23 12:15:00,ZONE_B,2030.515760237236,2003.4962,1934.206768325741,0.034352474,0,LOW,validation
2026-01-23 12:30:00,ZONE_B,2054.7878311843465,2004.5991,1923.8911171084803,0.07355902,0,LOW,validation
2026-01-23 12:45:00,ZONE_B,2125.20568045444,1976.7683,1975.2621212701488,0.028819127,0,LOW,validation
2026-01-23 13:00:00,ZONE_B,2140.065206162857,1966.8848,2146.32411701716,0.016485933,0,LOW,validation
2026-01-23 13:15:00,ZONE_B,1925.5816641865583,1968.4669,2086.2991153520416,0.003070415,0,LOW,validation
2026-01-23 13:30:00,ZONE_B,1856.1176163504103,2022.4645,2094.6877109527327,0.0019478888,0,LOW,validation
2026-01-23 13:45:00,ZONE_B,1905.579667088165,1953.688,2094.580219239014,0.003304245,0,LOW,validation
2026-01-23 14:00:00,ZONE_B,1957.5504008979765,1966.4023,1989.36752287854,0.0017575676,0,LOW,validation
2026-01-23 14:15:00,ZONE_B,2025.4798016923853,1969.7765,1975.0077941818613,0.009747213,0,LOW,validation
2026-01-23 14:30:00,ZONE_B,2043.2871745298348,1951.9829,1895.3296480330937,0.0075718793,0,LOW,validation
2026-01-23 14:45:00,ZONE_B,1931.253077354435,1948.6093,1874.0767648735743,0.0059468453,0,LOW,validation
2026-01-23 15:00:00,ZONE_B,1884.7367384488352,2003.9203,1985.7227468427552,0.0010134049,0,LOW,validation
2026-01-23 15:15:00,ZONE_B,1923.4545766331232,2003.2769,2034.808668324448,0.0038552575,0,LOW,validation
2026-01-23 15:30:00,ZONE_B,1905.6270516300087,1967.1752,1861.592668352012,0.005077789,0,LOW,validation
2026-01-23 15:45:00,ZONE_B,2097.9117856036537,1992.2592,1895.4165647344528,0.0041664834,0,LOW,validation
2026-01-23 16:00:00,ZONE_B,1966.654301718341,2008.3118,2020.7381031050647,0.0063377176,0,LOW,validation
2026-01-23 16:15:00,ZONE_B,1984.616491312116,2001.6803,2023.651115824132,0.016241286,0,LOW,validation
2026-01-23 16:30:00,ZONE_B,2165.6197671014224,1999.1823,1944.108795223341,0.0082921665,0,LOW,validation
2026-01-23 16:45:00,ZONE_B,1955.8221612318769,2024.4583,1992.6146251266985,0.003207341,0,LOW,validation
2026-01-23 17:00:00,ZONE_B,2026.2841763607285,2004.001,1977.7996223998025,0.007962631,0,LOW,validation
2026-01-23 17:15:00,ZONE_B,1970.8116773060856,2002.7748,2041.9532519009613,0.010095951,0,LOW,validation
2026-01-23 17:30:00,ZONE_B,2004.1171094087003,2000.1522,1998.916473526142,0.0035677908,0,LOW,validation
2026-01-23 17:45:00,ZONE_B,1981.2779019026889,2008.4587,2035.1726773736173,0.0033345006,0,LOW,validation
2026-01-23 18:00:00,ZONE_B,2008.9354547240623,2003.2646,1988.5357098480656,0.000973535,0,LOW,validation
2026-01-23 18:15:00,ZONE_B,1974.9061517297728,2007.9585,1989.2545102325823,0.0010742628,0,LOW,validation
2026-01-23 18:30:00,ZONE_B,1986.479873723221,2004.4893,1990.706354836754,0.0003971453,0,LOW,validation
2026-01-23 18:45:00,ZONE_B,2001.601161336868,2000.3569,1990.6424404186112,0.00019488858,0,LOW,validation
2026-01-23 19:00:00,ZONE_B,1985.6311862740345,2001.476,2017.386489626739,0.00019892256,0,LOW,validation
2026-01-23 19:15:00,ZONE_B,1965.1463530265844,1996.5308,1996.9974412832976,0.00028582462,0,LOW,validation
2026-01-23 19:30:00,ZONE_B,1967.7635444380408,1998.5741,1988.2185219857347,0.00022404951,0,LOW,validation
2026-01-23 19:45:00,ZONE_B,2000.6027749010173,1999.748,2005.550898868148,0.00035381888,0,LOW,validation
2026-01-23 20:00:00,ZONE_B,2015.8495342557324,1872.3356,1975.8945667756352,0.0002448509,0,LOW,validation
2026-01-23 20:15:00,ZONE_B,2032.1561472970016,1874.2107,1976.5144413985945,0.00051195186,0,LOW,validation
2026-01-23 20:30:00,ZONE_B,1960.5715724668216,1851.5327,1970.8514340325005,0.0005368236,0,LOW,validation
2026-01-23 20:45:00,ZONE_B,1973.501807070343,1851.7657,1996.0652734796963,0.00027930544,0,LOW,validation
2026-01-23 21:00:00,ZONE_B,1914.7517578377096,1795.1979,1869.0443990175768,0.0002610362,0,LOW,validation
2026-01-23 21:15:00,ZONE_B,1864.4538639346213,1785.8894,1890.298735286261,0.00036271848,0,LOW,validation
2026-01-23 21:30:00,ZONE_B,1858.961129191036,1754.9055,1843.5271642091489,0.000412963,0,LOW,validation
2026-01-23 21:45:00,ZONE_B,1858.4194658711672,1740.5016,1825.7701196396504,0.0005827242,0,LOW,validation
2026-01-23 22:00:00,ZONE_B,1812.8313151347,1709.8098,1811.2450674703368,0.00047843385,0,LOW,validation
2026-01-23 22:15:00,ZONE_B,1822.5305610840248,1701.8021,1797.7104461079812,0.00032460107,0,LOW,validation
2026-01-23 22:30:00,ZONE_B,1731.5255842671045,1662.6752,1758.4643730991772,0.00030431518,0,LOW,validation
2026-01-23 22:45:00,ZONE_B,1702.5076745071883,1627.1417,1743.8967980955315,0.000611755,0,LOW,validation
2026-01-23 23:00:00,ZONE_B,1714.367464318285,1615.9135,1722.2400113047152,0.00041634956,0,LOW,validation
2026-01-23 23:15:00,ZONE_B,1704.4925565523029,1619.0638,1696.4942236545266,0.0004533795,0,LOW,validation
2026-01-23 23:30:00,ZONE_B,1667.8853295846193,1615.2032,1625.5540003238382,0.0003253496,0,LOW,validation
2026-01-23 23:45:00,ZONE_B,1618.0528554507737,1620.0801,1615.8400681147573,0.00057385204,0,LOW,validation
2026-01-24 00:00:00,ZONE_B,1614.9829610839452,1604.1584,1582.7212819258048,0.0006098711,0,LOW,validation
2026-01-24 00:15:00,ZONE_B,1591.4965675792575,1602.238,1580.3889267971867,0.00072135305,0,LOW,validation
2026-01-24 00:30:00,ZONE_B,1609.9439638447036,1602.0343,1612.2486847722698,0.00048432598,0,LOW,validation
2026-01-24 00:45:00,ZONE_B,1633.6207057374404,1601.6647,1598.4992298739226,0.00028493517,0,LOW,validation
2026-01-24 01:00:00,ZONE_B,1569.3728519651904,1601.8497,1618.411146225387,0.0004597457,0,LOW,validation
2026-01-24 01:15:00,ZONE_B,1601.376581480883,1605.1313,1606.002256093614,0.0004158048,0,LOW,validation
2026-01-24 01:30:00,ZONE_B,1631.823893502558,1602.6555,1687.5829210157658,0.0004777876,0,LOW,validation
2026-01-24 01:45:00,ZONE_B,1608.7983694241502,1602.7512,1605.7656297712122,0.0003705858,0,LOW,validation
2026-01-24 02:00:00,ZONE_B,1594.657849743763,1604.448,1614.278425591826,0.0008043204,0,LOW,validation
2026-01-24 02:15:00,ZONE_B,1621.9794669281105,1602.5371,1617.6092247016995,0.00027328412,0,LOW,validation
2026-01-24 02:30:00,ZONE_B,1572.2116928072792,1601.571,1591.6213672861295,0.00039342235,0,LOW,validation
2026-01-24 02:45:00,ZONE_B,1605.9115283218737,1606.9329,1563.4445898558445,0.0005932277,0,LOW,validation
2026-01-24 03:00:00,ZONE_B,1619.3574729353766,1605.0549,1608.3641091188013,0.0002741874,0,LOW,validation
2026-01-24 03:15:00,ZONE_B,1567.1222034304606,1602.6475,1574.4911904901537,0.0002415283,0,LOW,validation
2026-01-24 03:30:00,ZONE_B,1604.9437569535744,1605.5126,1591.467062318645,0.00045269073,0,LOW,validation
2026-01-24 03:45:00,ZONE_B,1616.745397402139,1604.2009,1614.0906290078576,0.00047711152,0,LOW,validation
2026-01-24 04:00:00,ZONE_B,1563.6823252380675,1600.539,1608.350658879065,0.00027997332,0,LOW,validation
2026-01-24 04:15:00,ZONE_B,1622.6252659053102,1603.7952,1618.9048418744912,0.0009145566,0,LOW,validation
2026-01-24 04:30:00,ZONE_B,1614.483596511921,1603.7837,1621.6167661602617,0.0011326877,0,LOW,validation
2026-01-24 04:45:00,ZONE_B,1623.3156273139602,1587.4989,1573.684205007733,0.00046077013,0,LOW,validation
2026-01-24 05:00:00,ZONE_B,1597.0441912265485,1822.53,1573.176879151673,0.00034629024,0,LOW,validation
2026-01-24 05:15:00,ZONE_B,1583.9162669022146,1830.5814,1625.3605509337065,0.0022003665,0,LOW,validation
2026-01-24 05:30:00,ZONE_B,1572.3993419857447,1855.356,1606.791926825986,0.0005514278,0,LOW,validation
2026-01-24 05:45:00,ZONE_B,1619.2944920767436,1908.85,1549.8399019057308,0.0021255366,0,LOW,validation
2026-01-24 06:00:00,ZONE_B,1778.8971816814817,1875.3998,1757.1542643430862,0.0005736027,0,LOW,validation
2026-01-24 06:15:00,ZONE_B,1803.1085488803285,1940.1757,1850.2361438403104,0.010743106,0,LOW,validation
2026-01-24 06:30:00,ZONE_B,1848.3200962426688,1968.7263,1872.968786480637,0.00083163875,0,LOW,validation
2026-01-24 06:45:00,ZONE_B,1865.93937927088,1989.0247,1868.2920737584363,0.0036742333,0,LOW,validation
2026-01-24 07:00:00,ZONE_B,1930.718002361687,2004.1774,1886.097924514023,0.0013979957,0,LOW,validation
2026-01-24 07:15:00,ZONE_B,1905.3669549171,2048.2468,1891.105064537782,0.0035008076,0,LOW,validation
2026-01-24 07:30:00,ZONE_B,1970.6410683941144,2091.8684,1939.8292321271224,0.023498405,0,LOW,validation
2026-01-24 07:45:00,ZONE_B,2003.6795229392312,2120.2466,1999.559517113412,0.48409978,0,MEDIUM,validation
2026-01-24 08:00:00,ZONE_B,1996.14617442326,2183.8901,2015.929779000444,0.38420713,0,MEDIUM,validation
2026-01-24 08:15:00,ZONE_B,2091.409104646188,2183.1594,2122.904498830557,0.79023004,1,HIGH,validation
2026-01-24 08:30:00,ZONE_B,2235.7552663035417,2171.9243,2036.7973335176505,0.7265665,1,HIGH,validation
2026-01-24 08:45:00,ZONE_B,2044.0496189110413,2270.4573,2087.440000986426,0.92452365,1,CRITICAL,validation
2026-01-24 09:00:00,ZONE_B,2296.1082430854976,2058.1865,2107.491524964417,0.07717533,0,LOW,validation
2026-01-24 09:15:00,ZONE_B,2201.024649201421,2021.4532,2082.730970866141,0.040963635,0,LOW,validation
2026-01-24 09:30:00,ZONE_B,2187.199389001042,1998.3417,2183.07743396164,0.016223993,0,LOW,validation
2026-01-24 09:45:00,ZONE_B,2195.1786564576787,2017.7511,2406.2896998570727,0.041310504,0,LOW,validation
2026-01-24 10:00:00,ZONE_B,1937.848309810632,2031.5317,1970.135983406058,0.0036708552,0,LOW,validation
2026-01-24 10:15:00,ZONE_B,2059.155359361548,2024.366,1954.045034759443,0.011927856,0,LOW,validation
2026-01-24 10:30:00,ZONE_B,1966.456306191504,2023.7959,1907.5462510047512,0.011269187,0,LOW,validation
2026-01-24 10:45:00,ZONE_B,2131.752119378312,2035.0402,1945.0974755112884,0.023003798,0,LOW,validation
2026-01-24 11:00:00,ZONE_B,1947.5625895286832,2027.7512,1994.917291879504,0.012940966,0,LOW,validation
2026-01-24 11:15:00,ZONE_B,1975.9667010306512,2017.1826,1967.4224180211293,0.0068435604,0,LOW,validation
2026-01-24 11:30:00,ZONE_B,1919.1572228037185,1982.9037,2137.243059972329,0.032342967,0,LOW,validation
2026-01-24 11:45:00,ZONE_B,2040.2407155796689,2019.6235,2049.023104088965,0.006178164,0,LOW,validation
2026-01-24 12:00:00,ZONE_B,2087.194518441795,1994.2358,1914.543828755836,0.021863094,0,LOW,validation
2026-01-24 12:15:00,ZONE_B,1999.7440855878065,2008.8021,2030.515760237236,0.01153152,0,LOW,validation
2026-01-24 12:30:00,ZONE_B,1920.954969145837,1981.1877,2054.7878311843465,0.024456419,0,LOW,validation
2026-01-24 12:45:00,ZONE_B,2026.932949138138,1984.6166,2125.20568045444,0.008177867,0,LOW,validation
2026-01-24 13:00:00,ZONE_B,2061.50436890555,1996.2892,2140.065206162857,0.013177634,0,LOW,validation
2026-01-24 13:15:00,ZONE_B,2029.0027758058925,1987.7588,1925.5816641865583,0.008348441,0,LOW,validation
2026-01-24 13:30:00,ZONE_B,2049.01798220438,1966.0354,1856.1176163504103,0.004773831,0,LOW,validation
2026-01-24 13:45:00,ZONE_B,1891.1290022456697,1999.8264,1905.579667088165,0.00077535486,0,LOW,validation
2026-01-24 14:00:00,ZONE_B,2033.2944599721293,1976.5874,1957.5504008979765,0.014255985,0,LOW,validation
2026-01-24 14:15:00,ZONE_B,2074.6245572763064,1966.23,2025.4798016923853,0.00634907,0,LOW,validation
2026-01-24 14:30:00,ZONE_B,1878.23524263978,1945.2284,2043.2871745298348,0.0048292084,0,LOW,validation
2026-01-24 14:45:00,ZONE_B,1975.433269530616,1975.7793,1931.253077354435,0.0028335077,0,LOW,validation
2026-01-24 15:00:00,ZONE_B,1897.3421972218257,1981.8009,1884.7367384488352,0.0023108018,0,LOW,validation
2026-01-24 15:15:00,ZONE_B,1905.2272349535888,2003.8923,1923.4545766331232,0.002712389,0,LOW,validation
2026-01-24 15:30:00,ZONE_B,1982.4227661110065,1988.0945,1905.6270516300087,0.0016181421,0,LOW,validation
2026-01-24 15:45:00,ZONE_B,1937.938200880971,2001.1726,2097.9117856036537,0.016419197,0,LOW,validation
2026-01-24 16:00:00,ZONE_B,2007.080032683,2021.9939,1966.654301718341,0.0030643258,0,LOW,validation
2026-01-24 16:15:00,ZONE_B,1984.1503945771144,2006.8485,1984.616491312116,0.013102674,0,LOW,validation
2026-01-24 16:30:00,ZONE_B,2004.545908408561,2004.2832,2165.6197671014224,0.0051657385,0,LOW,validation
2026-01-24 16:45:00,ZONE_B,1998.7402002144968,2004.3069,1955.8221612318769,0.0037557243,0,LOW,validation
2026-01-24 17:00:00,ZONE_B,2013.8684034318103,2003.9517,2026.2841763607285,0.00063167705,0,LOW,validation
2026-01-24 17:15:00,ZONE_B,1972.9678910534155,2002.4108,1970.8116773060856,0.00070523215,0,LOW,validation
2026-01-24 17:30:00,ZONE_B,1998.92629497745,2011.218,2004.1171094087003,0.0006401501,0,LOW,validation
2026-01-24 17:45:00,ZONE_B,2007.012347666937,2004.0044,1981.2779019026889,0.0002604371,0,LOW,validation
2026-01-24 18:00:00,ZONE_B,2047.304376163384,2007.9734,2008.9354547240623,0.00026791595,0,LOW,validation
2026-01-24 18:15:00,ZONE_B,1975.1453887774453,2003.9904,1974.9061517297728,0.0010337953,0,LOW,validation
2026-01-24 18:30:00,ZONE_B,2006.435855454757,2002.0751,1986.479873723221,0.0007125352,0,LOW,validation
2026-01-24 18:45:00,ZONE_B,2014.774236605144,2002.886,2001.601161336868,0.00035102206,0,LOW,validation
2026-01-24 19:00:00,ZONE_B,2015.2013264654304,2002.1989,1985.6311862740345,0.00044398298,0,LOW,validation
2026-01-24 19:15:00,ZONE_B,2049.443567078237,2006.2535,1965.1463530265844,0.000808483,0,LOW,validation
2026-01-24 19:30:00,ZONE_B,1982.8101437993555,2004.3822,1967.7635444380408,0.00032781705,0,LOW,validation
2026-01-24 19:45:00,ZONE_B,2015.8540689600256,2002.1073,2000.6027749010173,0.0002820849,0,LOW,validation
2026-01-24 20:00:00,ZONE_B,1999.168495166061,1881.5298,2015.8495342557324,0.00036772853,0,LOW,validation
2026-01-24 20:15:00,ZONE_B,2006.3761741259912,1873.0177,2032.1561472970016,0.000638812,0,LOW,validation
2026-01-24 20:30:00,ZONE_B,2021.126002593199,1856.825,1960.5715724668216,0.0003373586,0,LOW,validation
2026-01-24 20:45:00,ZONE_B,2013.5848838754805,1851.0869,1973.501807070343,0.00031157292,0,LOW,validation
2026-01-24 21:00:00,ZONE_B,1857.261990505892,1788.0449,1914.7517578377096,0.0001876281,0,LOW,validation
2026-01-24 21:15:00,ZONE_B,1880.00794907808,1777.9551,1864.4538639346213,0.00016329458,0,LOW,validation
2026-01-24 21:30:00,ZONE_B,1836.7803636444607,1757.7704,1858.961129191036,0.00014181848,0,LOW,validation
2026-01-24 21:45:00,ZONE_B,1838.7760830959453,1752.9814,1858.4194658711672,0.00016451957,0,LOW,validation
2026-01-24 22:00:00,ZONE_B,1776.935283557411,1700.9307,1812.8313151347,0.000105615225,0,LOW,validation
2026-01-24 22:15:00,ZONE_B,1821.0161644751245,1702.0281,1822.5305610840248,0.0001696086,0,LOW,validation
2026-01-24 22:30:00,ZONE_B,1747.875534114061,1646.1781,1731.5255842671045,0.0002606716,0,LOW,validation
2026-01-24 22:45:00,ZONE_B,1781.0954183334852,1650.0729,1702.5076745071883,0.00015739935,0,LOW,validation
2026-01-24 23:00:00,ZONE_B,1737.9702079872573,1629.7129,1714.367464318285,0.00014695876,0,LOW,validation
2026-01-24 23:15:00,ZONE_B,1650.9597380655234,1627.9663,1704.4925565523029,0.00018524994,0,LOW,validation
2026-01-24 23:30:00,ZONE_B,1630.5951749241256,1611.1355,1667.8853295846193,0.00021865757,0,LOW,validation
2026-01-24 23:45:00,ZONE_B,1638.1507065902124,1615.0818,1618.0528554507737,0.00023424278,0,LOW,validation
2026-01-25 00:00:00,ZONE_B,1615.934841789811,1600.2161,1614.9829610839452,0.0002932565,0,LOW,validation
2026-01-25 00:15:00,ZONE_B,1584.727977905651,1601.9719,1591.4965675792575,0.0005680188,0,LOW,validation
2026-01-25 00:30:00,ZONE_B,1566.8623735489994,1602.3472,1609.9439638447036,0.0002454219,0,LOW,validation
2026-01-25 00:45:00,ZONE_B,1589.759030943184,1608.5328,1633.6207057374404,0.00037366932,0,LOW,validation
2026-01-25 01:00:00,ZONE_B,1588.0201488271978,1604.7273,1569.3728519651904,0.00019098737,0,LOW,validation
2026-01-25 01:15:00,ZONE_B,1606.114769315279,1601.5729,1601.376581480883,0.00026369424,0,LOW,validation
2026-01-25 01:30:00,ZONE_B,1612.2147999718054,1603.9374,1631.823893502558,0.00020214582,0,LOW,validation
2026-01-25 01:45:00,ZONE_B,1609.551848039384,1601.0338,1608.7983694241502,0.00023044563,0,LOW,validation
2026-01-25 02:00:00,ZONE_B,1565.029683006551,1601.1489,1594.657849743763,0.0001641177,0,LOW,validation
2026-01-25 02:15:00,ZONE_B,1579.1902519055632,1607.6757,1621.9794669281105,0.0002694057,0,LOW,validation
2026-01-25 02:30:00,ZONE_B,1639.1957228947938,1597.2219,1572.2116928072792,0.00016553499,0,LOW,validation
2026-01-25 02:45:00,ZONE_B,1606.0415528666304,1602.171,1605.9115283218737,0.00022686268,0,LOW,validation
2026-01-25 03:00:00,ZONE_B,1590.1559219877345,1603.8075,1619.3574729353766,0.00026920874,0,LOW,validation
2026-01-25 03:15:00,ZONE_B,1607.667988206451,1601.8251,1567.1222034304606,0.00015410807,0,LOW,validation
2026-01-25 03:30:00,ZONE_B,1581.886479005033,1601.739,1604.9437569535744,0.00023389015,0,LOW,validation
2026-01-25 03:45:00,ZONE_B,1609.1384442980225,1600.8164,1616.745397402139,0.00016376049,0,LOW,validation
2026-01-25 04:00:00,ZONE_B,1608.620614210466,1600.2375,1563.6823252380675,0.00011789885,0,LOW,validation
2026-01-25 04:15:00,ZONE_B,1577.30678462008,1595.5775,1622.6252659053102,0.00028568212,0,LOW,validation
2026-01-25 04:30:00,ZONE_B,1591.809027635949,1598.1608,1614.483596511921,0.0001760891,0,LOW,validation
2026-01-25 04:45:00,ZONE_B,1605.4884394905455,1660.4879,1623.3156273139602,0.0003387596,0,LOW,validation
2026-01-25 05:00:00,ZONE_B,1565.9088214109154,1838.116,1597.0441912265485,0.0001956361,0,LOW,validation
2026-01-25 05:15:00,ZONE_B,1624.4744561859193,1848.9921,1583.9162669022146,0.00023282353,0,LOW,validation
2026-01-25 05:30:00,ZONE_B,1604.0710935220886,1872.9421,1572.3993419857447,0.00015167668,0,LOW,validation
2026-01-25 05:45:00,ZONE_B,1598.019599680726,1882.2374,1619.2944920767436,0.00027341914,0,LOW,validation
2026-01-25 06:00:00,ZONE_B,1799.5007725645369,1889.3005,1778.8971816814817,0.00041112688,0,LOW,validation
2026-01-25 06:15:00,ZONE_B,1850.195211699909,1947.4644,1803.1085488803285,0.00038735,0,LOW,validation
2026-01-25 06:30:00,ZONE_B,1853.0323914541152,1966.0675,1848.3200962426688,0.00047068374,0,LOW,validation
2026-01-25 06:45:00,ZONE_B,1840.315594028854,1968.0059,1865.93937927088,0.0010748283,0,LOW,validation
2026-01-25 07:00:00,ZONE_B,1899.016916634988,2021.7449,1930.718002361687,0.00023602598,0,LOW,validation
2026-01-25 07:15:00,ZONE_B,1940.372542815941,2067.7844,1905.3669549171,0.0014903253,0,LOW,validation
2026-01-25 07:30:00,ZONE_B,1951.7444249667285,2090.3142,1970.6410683941144,0.014267308,0,LOW,validation
2026-01-25 07:45:00,ZONE_B,1988.415849650338,2128.9578,2003.6795229392312,0.059603065,0,LOW,validation
2026-01-25 08:00:00,ZONE_B,2012.8379482880512,2168.845,1996.14617442326,0.71217597,1,HIGH,validation
2026-01-25 08:15:00,ZONE_B,2019.758254748176,2235.215,2091.409104646188,0.9373443,1,CRITICAL,validation
2026-01-25 08:30:00,ZONE_B,2064.114908500256,2221.635,2235.7552663035417,0.8691997,1,CRITICAL,validation
2026-01-25 08:45:00,ZONE_B,2089.932834075091,2247.1812,2044.0496189110413,0.9701396,1,CRITICAL,validation
2026-01-25 09:00:00,ZONE_B,2191.889768314319,1979.7998,2296.1082430854976,0.03523205,0,LOW,validation
2026-01-25 09:15:00,ZONE_B,2179.578362806245,2005.7941,2201.024649201421,0.054706197,0,LOW,validation
2026-01-25 09:30:00,ZONE_B,2267.312422106648,2028.9424,2187.199389001042,0.17401496,0,LOW,validation
2026-01-25 09:45:00,ZONE_B,2177.934284357422,2036.9683,2195.1786564576787,0.07154282,0,LOW,validation
2026-01-25 10:00:00,ZONE_B,1931.006546947016,1996.2303,1937.848309810632,0.017252719,0,LOW,validation
2026-01-25 10:15:00,ZONE_B,2068.3903912293304,2036.0522,2059.155359361548,0.0625421,0,LOW,validation
2026-01-25 10:30:00,ZONE_B,1967.947730952916,2032.1729,1966.456306191504,0.07544499,0,LOW,validation
2026-01-25 10:45:00,ZONE_B,1914.376126656232,1985.9796,2131.752119378312,0.018336155,0,LOW,validation
2026-01-25 11:00:00,ZONE_B,2037.8188322928893,2047.1901,1947.5625895286832,0.004833216,0,LOW,validation
2026-01-25 11:15:00,ZONE_B,1966.7809291613744,2011.3114,1975.9667010306512,0.004487181,0,LOW,validation
2026-01-25 11:30:00,ZONE_B,2066.450332422422,2042.2885,1919.1572228037185,0.01042506,0,LOW,validation
2026-01-25 11:45:00,ZONE_B,2028.964991426457,2031.0928,2040.2407155796689,0.02724671,0,LOW,validation
2026-01-25 12:00:00,ZONE_B,2068.622064510376,2056.003,2087.194518441795,0.02068305,0,LOW,validation
2026-01-25 12:15:00,ZONE_B,1874.419591088361,2006.06,1999.7440855878065,0.03357786,0,LOW,validation
2026-01-25 12:30:00,ZONE_B,2120.456880123512,2069.594,1920.954969145837,0.013589882,0,LOW,validation
2026-01-25 12:45:00,ZONE_B,2051.7922682911926,2027.9363,2026.932949138138,0.0046501947,0,LOW,validation
2026-01-25 13:00:00,ZONE_B,1947.605963022593,2009.1002,2061.50436890555,0.20683959,0,LOW,validation
2026-01-25 13:15:00,ZONE_B,2005.0061637262324,2006.4935,2029.0027758058925,0.012180798,0,LOW,validation
2026-01-25 13:30:00,ZONE_B,1917.3115063921125,1997.2588,2049.01798220438,0.018036949,0,LOW,validation
2026-01-25 13:45:00,ZONE_B,2018.1790117347,2024.79,1891.1290022456697,0.0866408,0,LOW,validation
2026-01-25 14:00:00,ZONE_B,1876.993040245924,1995.8175,2033.2944599721293,0.0036766937,0,LOW,validation
2026-01-25 14:15:00,ZONE_B,1927.421119587193,1975.0284,2074.6245572763064,0.042646546,0,LOW,validation
2026-01-25 14:30:00,ZONE_B,1921.8629944060983,1970.8134,1878.23524263978,0.02529567,0,LOW,validation
2026-01-25 14:45:00,ZONE_B,2051.4169668271984,2014.7991,1975.433269530616,0.006997272,0,LOW,validation
2026-01-25 15:00:00,ZONE_B,1869.3996804030228,2038.0831,1897.3421972218257,0.013338834,0,LOW,validation
2026-01-25 15:15:00,ZONE_B,2079.9476740419814,2050.2415,1905.2272349535888,0.06182716,0,LOW,validation
2026-01-25 15:30:00,ZONE_B,1925.7570426632665,2035.5245,1982.4227661110065,0.0066309473,0,LOW,validation
2026-01-25 15:45:00,ZONE_B,1959.1242577787696,2037.3519,1937.938200880971,0.05571314,0,LOW,validation
2026-01-25 16:00:00,ZONE_B,2007.5156298925929,2033.6903,2007.080032683,0.0046664313,0,LOW,validation
2026-01-25 16:15:00,ZONE_B,2082.0355929212874,2050.1162,1984.1503945771144,0.0043239775,0,LOW,validation
2026-01-25 16:30:00,ZONE_B,2011.27081607032,2044.3763,2004.545908408561,0.044086825,0,LOW,validation
2026-01-25 16:45:00,ZONE_B,1989.022270340998,2039.3022,1998.7402002144968,0.015572846,0,LOW,validation
2026-01-25 17:00:00,ZONE_B,1970.1664507181583,2016.6605,2013.8684034318103,0.07533052,0,LOW,validation
2026-01-25 17:15:00,ZONE_B,1992.6020911607056,2009.6394,1972.9678910534155,0.007424647,0,LOW,validation
2026-01-25 17:30:00,ZONE_B,1984.35347261796,2020.0924,1998.92629497745,0.0033342375,0,LOW,validation
2026-01-25 17:45:00,ZONE_B,1976.892026990524,2019.0847,2007.012347666937,0.0023589951,0,LOW,validation
2026-01-25 18:00:00,ZONE_B,1992.924098377096,2002.6931,2047.304376163384,0.0005524339,0,LOW,validation
2026-01-25 18:15:00,ZONE_B,1974.7050507384413,2006.2151,1975.1453887774453,0.0009696632,0,LOW,validation
2026-01-25 18:30:00,ZONE_B,2015.6666598277832,2001.8824,2006.435855454757,0.00039336874,0,LOW,validation
2026-01-25 18:45:00,ZONE_B,2005.1919246531656,2002.2473,2014.774236605144,0.00045525425,0,LOW,validation
2026-01-25 19:00:00,ZONE_B,1970.0375205739767,1999.8346,2015.2013264654304,0.00017508038,0,LOW,validation
2026-01-25 19:15:00,ZONE_B,1995.9621353058608,2006.0847,2049.443567078237,0.0001912084,0,LOW,validation
2026-01-25 19:30:00,ZONE_B,1995.8300042497915,2001.7471,1982.8101437993555,0.00019481964,0,LOW,validation
2026-01-25 19:45:00,ZONE_B,2019.7600055273324,2000.8505,2015.8540689600256,0.0002565643,0,LOW,validation
2026-01-25 20:00:00,ZONE_B,1998.4121384597893,1881.4,1999.168495166061,0.0003252947,0,LOW,validation
2026-01-25 20:15:00,ZONE_B,2027.330756016663,1875.0487,2006.3761741259912,0.00015830409,0,LOW,validation
2026-01-25 20:30:00,ZONE_B,1982.2028041511,1856.0098,2021.126002593199,0.00013249376,0,LOW,validation
2026-01-25 20:45:00,ZONE_B,2000.4203069893408,1851.2241,2013.5848838754805,0.0002818314,0,LOW,validation
2026-01-25 21:00:00,ZONE_B,1883.8248588017564,1794.5156,1857.261990505892,0.0001365653,0,LOW,validation
2026-01-25 21:15:00,ZONE_B,1869.3424517997828,1790.9098,1880.00794907808,0.00013754168,0,LOW,validation
2026-01-25 21:30:00,ZONE_B,1871.0396112009607,1754.1953,1836.7803636444607,0.00017629625,0,LOW,validation
2026-01-25 21:45:00,ZONE_B,1857.732502306134,1750.6587,1838.7760830959453,0.00017942888,0,LOW,validation
2026-01-25 22:00:00,ZONE_B,1805.720913427067,1693.8541,1776.935283557411,0.00018002302,0,LOW,validation
2026-01-25 22:15:00,ZONE_B,1790.947338827934,1716.0243,1821.0161644751245,0.00022609202,0,LOW,validation
2026-01-25 22:30:00,ZONE_B,1738.557785505793,1645.9907,1747.875534114061,0.00020934767,0,LOW,validation
2026-01-25 22:45:00,ZONE_B,1743.095602892845,1659.398,1781.0954183334852,0.00031807172,0,LOW,validation
2026-01-25 23:00:00,ZONE_B,1722.4278051435492,1624.2784,1737.9702079872573,0.00025204732,0,LOW,validation
2026-01-25 23:15:00,ZONE_B,1675.716442626669,1615.2516,1650.9597380655234,0.00014830453,0,LOW,validation
2026-01-25 23:30:00,ZONE_B,1642.0696358933271,1610.1384,1630.5951749241256,0.00029746006,0,LOW,validation
2026-01-25 23:45:00,ZONE_B,1630.9583344331074,1619.6409,1638.1507065902124,0.0004256871,0,LOW,validation
2026-01-26 00:00:00,ZONE_B,1602.2856319988236,1610.7202,1615.934841789811,0.00085845013,0,LOW,validation
2026-01-26 00:15:00,ZONE_B,1607.5066845744282,1608.9587,1584.727977905651,0.00040857366,0,LOW,validation
2026-01-26 00:30:00,ZONE_B,1605.7355723733765,1607.8396,1566.8623735489994,0.0004861713,0,LOW,validation
2026-01-26 00:45:00,ZONE_B,1594.9578251054895,1608.4788,1589.759030943184,0.00038041983,0,LOW,validation
2026-01-26 01:00:00,ZONE_B,1611.180431362262,1614.6139,1588.0201488271978,0.0004842436,0,LOW,validation
2026-01-26 01:15:00,ZONE_B,1608.474984683334,1608.5587,1606.114769315279,0.00043581246,0,LOW,validation
2026-01-26 01:30:00,ZONE_B,1578.857564269915,1611.8542,1612.2147999718054,0.000492059,0,LOW,validation
2026-01-26 01:45:00,ZONE_B,1602.5854162157652,1603.472,1609.551848039384,0.0006012282,0,LOW,validation
2026-01-26 02:00:00,ZONE_B,1623.057234401619,1608.6608,1565.029683006551,0.0009989081,0,LOW,validation
2026-01-26 02:15:00,ZONE_B,1603.145883746817,1602.8932,1579.1902519055632,0.00023446423,0,LOW,validation
2026-01-26 02:30:00,ZONE_B,1618.7028748942253,1610.0093,1639.1957228947938,0.00029612676,0,LOW,validation
2026-01-26 02:45:00,ZONE_B,1602.4032707059418,1602.7302,1606.0415528666304,0.0006252129,0,LOW,validation
2026-01-26 03:00:00,ZONE_B,1604.1911193411836,1603.4825,1590.1559219877345,0.00040624652,0,LOW,validation
2026-01-26 03:15:00,ZONE_B,1596.734922882077,1602.5227,1607.667988206451,0.00023273742,0,LOW,validation
2026-01-26 03:30:00,ZONE_B,1582.9372568577292,1603.6486,1581.886479005033,0.00034812567,0,LOW,validation
2026-01-26 03:45:00,ZONE_B,1578.8351141248893,1603.8654,1609.1384442980225,0.0002946856,0,LOW,validation
2026-01-26 04:00:00,ZONE_B,1594.9647110842527,1603.3525,1608.620614210466,0.0006700669,0,LOW,validation
2026-01-26 04:15:00,ZONE_B,1603.2044807230093,1603.9711,1577.30678462008,0.0005800323,0,LOW,validation
2026-01-26 04:30:00,ZONE_B,1607.6112224196038,1603.976,1591.809027635949,0.00063751254,0,LOW,validation
2026-01-26 04:45:00,ZONE_B,1651.960259272459,1620.2739,1605.4884394905455,0.00042836275,0,LOW,validation
2026-01-26 05:00:00,ZONE_B,1625.6388140033105,1865.2013,1565.9088214109154,0.001962418,0,LOW,validation
2026-01-26 05:15:00,ZONE_B,1621.7385380311975,1863.3127,1624.4744561859193,0.0020089038,0,LOW,validation
2026-01-26 05:30:00,ZONE_B,1584.2093352579004,1857.4734,1604.0710935220886,0.0006940746,0,LOW,validation
2026-01-26 05:45:00,ZONE_B,1602.69236660782,1873.4626,1598.019599680726,0.0018504568,0,LOW,validation
2026-01-26 06:00:00,ZONE_B,1820.4874669512724,1930.058,1799.5007725645369,0.0011407003,0,LOW,validation
2026-01-26 06:15:00,ZONE_B,1825.0915442502671,1939.2179,1850.195211699909,0.0050604017,0,LOW,validation
2026-01-26 06:30:00,ZONE_B,1842.8901653055773,1968.0006,1853.0323914541152,0.0045863474,0,LOW,validation
2026-01-26 06:45:00,ZONE_B,1891.9817105976945,2006.3846,1840.315594028854,0.004695813,0,LOW,validation
2026-01-26 07:00:00,ZONE_B,1954.927825900946,2052.4736,1899.016916634988,0.019348532,0,LOW,validation
2026-01-26 07:15:00,ZONE_B,1922.94118269164,2064.2917,1940.372542815941,0.030224837,0,LOW,validation
2026-01-26 07:30:00,ZONE_B,1973.06213655132,2104.3992,1951.7444249667285,0.121622816,0,LOW,validation
2026-01-26 07:45:00,ZONE_B,1977.370530797456,2160.0176,1988.415849650338,0.7002633,1,HIGH,validation
2026-01-26 08:00:00,ZONE_B,1987.9861239400905,2202.3257,2012.8379482880512,0.5841293,0,MEDIUM,validation
2026-01-26 08:15:00,ZONE_B,2007.08416386474,2207.619,2019.758254748176,0.8317553,1,HIGH,validation
2026-01-26 08:30:00,ZONE_B,2060.0497896054394,2263.0005,2064.114908500256,0.84839714,1,HIGH,validation
2026-01-26 08:45:00,ZONE_B,2049.6736774891506,2272.4475,2089.932834075091,0.95867723,1,CRITICAL,validation
2026-01-26 09:00:00,ZONE_B,2092.907457150564,2027.9055,2191.889768314319,0.15675807,0,LOW,validation
2026-01-26 09:15:00,ZONE_B,2281.1813159693806,2049.2546,2179.578362806245,0.10986781,0,LOW,validation
2026-01-26 09:30:00,ZONE_B,2174.001573937054,2044.0519,2267.312422106648,0.1043553,0,LOW,validation
2026-01-26 09:45:00,ZONE_B,2157.346200756154,2031.8903,2177.934284357422,0.3913152,0,MEDIUM,validation
2026-01-26 10:00:00,ZONE_B,2146.12832702864,2026.8342,1931.006546947016,0.27640164,0,LOW,validation
2026-01-26 10:15:00,ZONE_B,2108.1830744464105,2086.8413,2068.3903912293304,0.05249292,0,LOW,validation
2026-01-26 10:30:00,ZONE_B,1895.471829497516,1989.0466,1967.947730952916,0.021863306,0,LOW,validation
2026-01-26 10:45:00,ZONE_B,2094.5813134001737,2052.5818,1914.376126656232,0.06466945,0,LOW,validation
2026-01-26 11:00:00,ZONE_B,1924.7851880644464,1966.8826,2037.8188322928893,0.0021780233,0,LOW,validation
2026-01-26 11:15:00,ZONE_B,1995.1396604496435,2038.5925,1966.7809291613744,0.07230244,0,LOW,validation
2026-01-26 11:30:00,ZONE_B,2013.3504120676944,2021.43,2066.450332422422,0.047826983,0,LOW,validation
2026-01-26 11:45:00,ZONE_B,1984.352767836212,2060.3123,2028.964991426457,0.032054722,0,LOW,validation
2026-01-26 12:00:00,ZONE_B,1927.0757445779057,2013.431,2068.622064510376,0.07841408,0,LOW,test
2026-01-26 12:15:00,ZONE_B,1932.08438903678,2049.072,1874.419591088361,0.052980956,0,LOW,test
2026-01-26 12:30:00,ZONE_B,1924.5721371787488,1947.7577,2120.456880123512,0.08724183,0,LOW,test
2026-01-26 12:45:00,ZONE_B,1933.2499608656992,2013.5099,2051.7922682911926,0.033210207,0,LOW,test
2026-01-26 13:00:00,ZONE_B,1953.5731446452755,2055.4219,1947.605963022593,0.013883637,0,LOW,test
2026-01-26 13:15:00,ZONE_B,1912.9485430140703,2058.64,2005.0061637262324,0.014133904,0,LOW,test
2026-01-26 13:30:00,ZONE_B,2015.0975714157555,2069.876,1917.3115063921125,0.010738293,0,LOW,test
2026-01-26 13:45:00,ZONE_B,2125.52320775411,2062.7583,2018.1790117347,0.023164809,0,LOW,test
2026-01-26 14:00:00,ZONE_B,1911.6293637143392,2043.0537,1876.993040245924,0.054056965,0,LOW,test
2026-01-26 14:15:00,ZONE_B,2019.2853546009428,2076.1277,1927.421119587193,0.08797455,0,LOW,test
2026-01-26 14:30:00,ZONE_B,1997.753580549061,2044.6134,1921.8629944060983,0.021382105,0,LOW,test
2026-01-26 14:45:00,ZONE_B,1973.2451798727616,1976.4889,2051.4169668271984,0.042634442,0,LOW,test
2026-01-26 15:00:00,ZONE_B,1921.522293693879,2089.2158,1869.3996804030228,0.03187724,0,LOW,test
2026-01-26 15:15:00,ZONE_B,1953.9283410824253,2011.8969,2079.9476740419814,0.0067363125,0,LOW,test
2026-01-26 15:30:00,ZONE_B,1961.130214748896,2025.7834,1925.7570426632665,0.0039866944,0,LOW,test
2026-01-26 15:45:00,ZONE_B,1913.0557838845164,2023.9839,1959.1242577787696,0.04024749,0,LOW,test
2026-01-26 16:00:00,ZONE_B,2071.594650756104,2091.2803,2007.5156298925929,0.006835945,0,LOW,test
2026-01-26 16:15:00,ZONE_B,2015.1466446267752,2070.408,2082.0355929212874,0.07083919,0,LOW,test
2026-01-26 16:30:00,ZONE_B,2018.8627380435776,2054.4753,2011.27081607032,0.011935851,0,LOW,test
2026-01-26 16:45:00,ZONE_B,1971.9003530833504,2016.175,1989.022270340998,0.079499766,0,LOW,test
2026-01-26 17:00:00,ZONE_B,2004.177514222088,2024.4515,1970.1664507181583,0.019338194,0,LOW,test
2026-01-26 17:15:00,ZONE_B,1987.260196823831,2018.0505,1992.6020911607056,0.005521865,0,LOW,test
2026-01-26 17:30:00,ZONE_B,2005.832754638964,2018.5182,1984.35347261796,0.0031257118,0,LOW,test
2026-01-26 17:45:00,ZONE_B,2090.332720567624,2042.872,1976.892026990524,0.0035213095,0,LOW,test
2026-01-26 18:00:00,ZONE_B,2001.3482035555617,2036.6367,1992.924098377096,0.008898359,0,LOW,test
2026-01-26 18:15:00,ZONE_B,2023.0684723260608,2039.1638,1974.7050507384413,0.0024143953,0,LOW,test
2026-01-26 18:30:00,ZONE_B,1979.2503827842288,2027.5896,2015.6666598277832,0.012130257,0,LOW,test
2026-01-26 18:45:00,ZONE_B,1981.237439757228,2033.1791,2005.1919246531656,0.005148606,0,LOW,test
2026-01-26 19:00:00,ZONE_B,2011.5839377375928,2028.9318,1970.0375205739767,0.0012298059,0,LOW,test
2026-01-26 19:15:00,ZONE_B,1970.1002401654089,2020.5681,1995.9621353058608,0.0021536662,0,LOW,test
2026-01-26 19:30:00,ZONE_B,2008.470339398599,2014.4677,1995.8300042497915,0.001041831,0,LOW,test
2026-01-26 19:45:00,ZONE_B,2008.5238529935093,2032.4346,2019.7600055273324,0.0027159024,0,LOW,test
2026-01-26 20:00:00,ZONE_B,1969.5903733065325,1899.084,1998.4121384597893,0.00094972143,0,LOW,test
2026-01-26 20:15:00,ZONE_B,1980.0229169363,1900.0139,2027.330756016663,0.0019368791,0,LOW,test
2026-01-26 20:30:00,ZONE_B,1987.6169722508369,1882.4875,1982.2028041511,0.0014291403,0,LOW,test
2026-01-26 20:45:00,ZONE_B,1973.991513041957,1856.3091,2000.4203069893408,0.00077504903,0,LOW,test
2026-01-26 21:00:00,ZONE_B,1921.5075341913707,1835.9697,1883.8248588017564,0.00065177615,0,LOW,test
2026-01-26 21:15:00,ZONE_B,1859.5686937345013,1781.4861,1869.3424517997828,0.0008593541,0,LOW,test
2026-01-26 21:30:00,ZONE_B,1875.3142533367284,1806.2645,1871.0396112009607,0.0007219562,0,LOW,test
2026-01-26 21:45:00,ZONE_B,1816.2971595499328,1736.1676,1857.732502306134,0.0018295062,0,LOW,test
2026-01-26 22:00:00,ZONE_B,1764.1011421785424,1697.0433,1805.720913427067,0.0016942918,0,LOW,test
2026-01-26 22:15:00,ZONE_B,1809.555454916905,1682.5933,1790.947338827934,0.0006667395,0,LOW,test
2026-01-26 22:30:00,ZONE_B,1755.24950995103,1658.0505,1738.557785505793,0.0007568997,0,LOW,test
2026-01-26 22:45:00,ZONE_B,1716.079496609034,1631.8658,1743.095602892845,0.0010522808,0,LOW,test
2026-01-26 23:00:00,ZONE_B,1726.5834750385914,1613.859,1722.4278051435492,0.0006044469,0,LOW,test
2026-01-26 23:15:00,ZONE_B,1658.2440402343705,1623.9623,1675.716442626669,0.0012420014,0,LOW,test
2026-01-26 23:30:00,ZONE_B,1644.4358953698386,1610.7267,1642.0696358933271,0.0009908854,0,LOW,test
2026-01-26 23:45:00,ZONE_B,1601.9983825234972,1611.482,1630.9583344331074,0.0011062736,0,LOW,test
2026-01-27 00:00:00,ZONE_B,1605.3936965525754,1604.1733,1602.2856319988236,0.00051422964,0,LOW,test
2026-01-27 00:15:00,ZONE_B,1617.7737469154783,1604.8933,1607.5066845744282,0.00030592267,0,LOW,test
2026-01-27 00:30:00,ZONE_B,1573.2096902850583,1602.6222,1605.7355723733765,0.0003182528,0,LOW,test
2026-01-27 00:45:00,ZONE_B,1601.5976037720416,1607.5548,1594.9578251054895,0.0004052312,0,LOW,test
2026-01-27 01:00:00,ZONE_B,1573.428484226221,1604.5297,1611.180431362262,0.00032104453,0,LOW,test
2026-01-27 01:15:00,ZONE_B,1610.0304198798494,1607.6514,1608.474984683334,0.00023883369,0,LOW,test
2026-01-27 01:30:00,ZONE_B,1622.0911183979554,1604.5382,1578.857564269915,0.00037796568,0,LOW,test
2026-01-27 01:45:00,ZONE_B,1597.5777313984838,1603.6443,1602.5854162157652,0.00020300418,0,LOW,test
2026-01-27 02:00:00,ZONE_B,1567.7561732423271,1598.5802,1623.057234401619,0.00041108104,0,LOW,test
2026-01-27 02:15:00,ZONE_B,1617.319911127422,1603.882,1603.145883746817,0.00033984517,0,LOW,test
2026-01-27 02:30:00,ZONE_B,1614.751185349515,1597.329,1618.7028748942253,0.000982502,0,LOW,test
2026-01-27 02:45:00,ZONE_B,1606.112859179266,1598.1901,1602.4032707059418,0.00036641434,0,LOW,test
2026-01-27 03:00:00,ZONE_B,1635.0864552922858,1602.6925,1604.1911193411836,0.00031800318,0,LOW,test
2026-01-27 03:15:00,ZONE_B,1617.4731948938052,1601.7533,1596.734922882077,0.0002560008,0,LOW,test
2026-01-27 03:30:00,ZONE_B,1588.859329354992,1597.8707,1582.9372568577292,0.000379477,0,LOW,test
2026-01-27 03:45:00,ZONE_B,1603.2248713889928,1598.7406,1578.8351141248893,0.0006357784,0,LOW,test
2026-01-27 04:00:00,ZONE_B,1611.930432891642,1599.4779,1594.9647110842527,0.0002678761,0,LOW,test
2026-01-27 04:15:00,ZONE_B,1563.4624405249633,1595.6727,1603.2044807230093,0.0003011996,0,LOW,test
2026-01-27 04:30:00,ZONE_B,1604.868976099173,1604.025,1607.6112224196038,0.00028508084,0,LOW,test
2026-01-27 04:45:00,ZONE_B,1608.7786072298825,1642.817,1651.960259272459,0.00037795486,0,LOW,test
2026-01-27 05:00:00,ZONE_B,1619.212735369886,1826.0557,1625.6388140033105,0.00033130895,0,LOW,test
2026-01-27 05:15:00,ZONE_B,1597.0910867263017,1860.034,1621.7385380311975,0.00026387707,0,LOW,test
2026-01-27 05:30:00,ZONE_B,1581.178731819604,1858.094,1584.2093352579004,0.0004366883,0,LOW,test
2026-01-27 05:45:00,ZONE_B,1563.2245325375543,1894.1317,1602.69236660782,0.00045485367,0,LOW,test
2026-01-27 06:00:00,ZONE_B,1811.9679939986204,1930.7954,1820.4874669512724,0.0006888414,0,LOW,test
2026-01-27 06:15:00,ZONE_B,2013.981516549352,2022.8196,1825.0915442502671,0.023420412,0,LOW,test
2026-01-27 06:30:00,ZONE_B,1845.511338320946,1987.8347,1842.8901653055773,0.0011720659,0,LOW,test
2026-01-27 06:45:00,ZONE_B,1852.173851477959,1993.8851,1891.9817105976945,0.0037868102,0,LOW,test
2026-01-27 07:00:00,ZONE_B,1900.6973977964872,2018.0349,1954.927825900946,0.0021206692,0,LOW,test
2026-01-27 07:15:00,ZONE_B,1938.8750550775087,2053.0276,1922.94118269164,0.009954994,0,LOW,test
2026-01-27 07:30:00,ZONE_B,1937.608468004072,2102.0217,1973.06213655132,0.13204892,0,LOW,test
2026-01-27 07:45:00,ZONE_B,2020.388225368828,2153.7864,1977.370530797456,0.7226541,1,HIGH,test
2026-01-27 08:00:00,ZONE_B,2189.708123269674,2173.7744,1987.9861239400905,0.7738114,1,HIGH,test
2026-01-27 08:15:00,ZONE_B,2026.041642983181,2270.6765,2007.08416386474,0.633719,0,HIGH,test
2026-01-27 08:30:00,ZONE_B,2125.464825435141,2242.182,2060.0497896054394,0.9869069,1,CRITICAL,test
2026-01-27 08:45:00,ZONE_B,2072.7800019344754,2274.199,2049.6736774891506,0.9605491,1,CRITICAL,test
2026-01-27 09:00:00,ZONE_B,2209.9092430396686,2017.2638,2092.907457150564,0.48107627,0,MEDIUM,test
2026-01-27 09:15:00,ZONE_B,2128.365042594989,2018.5951,2281.1813159693806,0.028100237,0,LOW,test
2026-01-27 09:30:00,ZONE_B,2162.9908535634945,2010.6886,2174.001573937054,0.09641592,0,LOW,test
2026-01-27 09:45:00,ZONE_B,2225.205602899022,1999.2537,2157.346200756154,0.045886416,0,LOW,test
2026-01-27 10:00:00,ZONE_B,2047.311325348236,2034.4468,2146.12832702864,0.0071126446,0,LOW,test
2026-01-27 10:15:00,ZONE_B,2052.810219780832,2022.6687,2108.1830744464105,0.06230583,0,LOW,test
2026-01-27 10:30:00,ZONE_B,1910.4873125344168,2000.2606,1895.471829497516,0.034471866,0,LOW,test
2026-01-27 10:45:00,ZONE_B,1997.5299365471449,2027.7572,2094.5813134001737,0.024140997,0,LOW,test
2026-01-27 11:00:00,ZONE_B,1922.5530141647664,2004.8314,1924.7851880644464,0.0101063065,0,LOW,test
2026-01-27 11:15:00,ZONE_B,1930.3646231858788,1989.2102,1995.1396604496435,0.097392075,0,LOW,test
2026-01-27 11:30:00,ZONE_B,1992.4404614314133,2012.2488,2013.3504120676944,0.024814568,0,LOW,test
2026-01-27 11:45:00,ZONE_B,1916.75094269736,1991.1646,1984.352767836212,0.014721309,0,LOW,test
2026-01-27 12:00:00,ZONE_B,2227.066512966642,2053.105,1927.0757445779057,0.054213863,0,LOW,test
2026-01-27 12:15:00,ZONE_B,2025.1219246566595,2003.2899,1932.08438903678,0.028030064,0,LOW,test
2026-01-27 12:30:00,ZONE_B,1911.1455147766592,1997.0016,1924.5721371787488,0.020984102,0,LOW,test
2026-01-27 12:45:00,ZONE_B,1938.860482364661,1995.5177,1933.2499608656992,0.012099714,0,LOW,test
2026-01-27 13:00:00,ZONE_B,2098.361249937712,1993.7072,1953.5731446452755,0.099948525,0,LOW,test
2026-01-27 13:15:00,ZONE_B,2212.520306692701,1996.4386,1912.9485430140703,0.014367804,0,LOW,test
2026-01-27 13:30:00,ZONE_B,1910.7343747821208,1952.2947,2015.0975714157555,0.01947499,0,LOW,test
2026-01-27 13:45:00,ZONE_B,1887.252693505088,1973.6886,2125.52320775411,0.0056174975,0,LOW,test
2026-01-27 14:00:00,ZONE_B,2156.4308867286577,2028.968,1911.6293637143392,0.0051821875,0,LOW,test
2026-01-27 14:15:00,ZONE_B,1977.610856171884,1982.7905,2019.2853546009428,0.016713008,0,LOW,test
2026-01-27 14:30:00,ZONE_B,1931.176508275372,1959.019,1997.753580549061,0.012807758,0,LOW,test
2026-01-27 14:45:00,ZONE_B,1979.387771359623,1969.7671,1973.2451798727616,0.00779889,0,LOW,test
2026-01-27 15:00:00,ZONE_B,1875.572185151744,1999.4991,1921.522293693879,0.0011039064,0,LOW,test
2026-01-27 15:15:00,ZONE_B,1902.3844490753656,2011.4565,1953.9283410824253,0.001792039,0,LOW,test
2026-01-27 15:30:00,ZONE_B,1899.9709168547763,2000.3815,1961.130214748896,0.0012894308,0,LOW,test
2026-01-27 15:45:00,ZONE_B,1993.8634301220127,1992.4524,1913.0557838845164,0.0089859255,0,LOW,test
2026-01-27 16:00:00,ZONE_B,2001.3759991659,2010.1621,2071.594650756104,0.014936895,0,LOW,test
2026-01-27 16:15:00,ZONE_B,2037.590550441101,2012.6254,2015.1466446267752,0.0114016915,0,LOW,test
2026-01-27 16:30:00,ZONE_B,1971.6957295113232,2004.4382,2018.8627380435776,0.011381335,0,LOW,test
2026-01-27 16:45:00,ZONE_B,2017.7348390075065,2002.1451,1971.9003530833504,0.0093381,0,LOW,test
2026-01-27 17:00:00,ZONE_B,2039.003580026188,2009.8234,2004.177514222088,0.0025148608,0,LOW,test
2026-01-27 17:15:00,ZONE_B,2002.0854680951527,2004.6609,1987.260196823831,0.011567201,0,LOW,test
2026-01-27 17:30:00,ZONE_B,2001.4393612601507,2005.672,2005.832754638964,0.005724357,0,LOW,test
2026-01-27 17:45:00,ZONE_B,2002.1490039077223,2002.6654,2090.332720567624,0.005012852,0,LOW,test
2026-01-27 18:00:00,ZONE_B,1997.1865163405016,2004.3586,2001.3482035555617,0.0016142251,0,LOW,test
2026-01-27 18:15:00,ZONE_B,1994.4223221702705,1990.6744,2023.0684723260608,0.00062564446,0,LOW,test
2026-01-27 18:30:00,ZONE_B,2001.770342915974,1997.823,1979.2503827842288,0.00083408423,0,LOW,test
2026-01-27 18:45:00,ZONE_B,2005.080340983524,1997.0321,1981.237439757228,0.00025089836,0,LOW,test
2026-01-27 19:00:00,ZONE_B,1972.458908346736,1996.3035,2011.5839377375928,0.00033618527,0,LOW,test
2026-01-27 19:15:00,ZONE_B,1989.474788148136,2003.5999,1970.1002401654089,0.0001948566,0,LOW,test
2026-01-27 19:30:00,ZONE_B,2046.0253750737163,2005.1377,2008.470339398599,0.00017429105,0,LOW,test
2026-01-27 19:45:00,ZONE_B,1994.719418022275,2004.9248,2008.5238529935093,0.000402718,0,LOW,test
2026-01-27 20:00:00,ZONE_B,2017.2261676509395,1871.1425,1969.5903733065325,0.0003324968,0,LOW,test
2026-01-27 20:15:00,ZONE_B,1976.6300264566617,1862.0253,1980.0229169363,0.00018040862,0,LOW,test
2026-01-27 20:30:00,ZONE_B,1989.589427890192,1852.0962,1987.6169722508369,0.00025996598,0,LOW,test
2026-01-27 20:45:00,ZONE_B,1983.736865503284,1847.1064,1973.991513041957,0.00042733375,0,LOW,test
2026-01-27 21:00:00,ZONE_B,1884.8825048638128,1810.8174,1921.5075341913707,0.00016233408,0,LOW,test
2026-01-27 21:15:00,ZONE_B,1918.712828055464,1782.1786,1859.5686937345013,0.00014912245,0,LOW,test
2026-01-27 21:30:00,ZONE_B,1822.422809201892,1754.7499,1875.3142533367284,0.00043620585,0,LOW,test
2026-01-27 21:45:00,ZONE_B,1840.5922756525065,1720.7291,1816.2971595499328,0.00025619348,0,LOW,test
2026-01-27 22:00:00,ZONE_B,1801.878274927613,1691.241,1764.1011421785424,0.00026593855,0,LOW,test
2026-01-27 22:15:00,ZONE_B,1780.030598571374,1701.8846,1809.555454916905,0.0002764933,0,LOW,test
2026-01-27 22:30:00,ZONE_B,1755.862751979072,1653.4075,1755.24950995103,0.00031743041,0,LOW,test
2026-01-27 22:45:00,ZONE_B,1727.1165021937932,1622.2979,1716.079496609034,0.00017432778,0,LOW,test
2026-01-27 23:00:00,ZONE_B,1685.0522770966338,1616.0836,1726.5834750385914,0.00013414549,0,LOW,test
2026-01-27 23:15:00,ZONE_B,1692.0588737236662,1615.1001,1658.2440402343705,0.00016534931,0,LOW,test
2026-01-27 23:30:00,ZONE_B,1645.1146382610575,1624.8453,1644.4358953698386,0.0005565518,0,LOW,test
2026-01-27 23:45:00,ZONE_B,1599.738568302681,1610.1848,1601.9983825234972,0.00016111415,0,LOW,test
2026-01-28 00:00:00,ZONE_B,1639.8120633139165,1604.1975,1605.3936965525754,0.00024786094,0,LOW,test
2026-01-28 00:15:00,ZONE_B,1598.604209610174,1601.8392,1617.7737469154783,0.00021892857,0,LOW,test
2026-01-28 00:30:00,ZONE_B,1602.861283687558,1602.2227,1573.2096902850583,0.0004173655,0,LOW,test
2026-01-28 00:45:00,ZONE_B,1652.2542362947956,1601.0745,1601.5976037720416,0.00027330627,0,LOW,test
2026-01-28 01:00:00,ZONE_B,1589.409668637344,1601.6414,1573.428484226221,0.00023723707,0,LOW,test
2026-01-28 01:15:00,ZONE_B,1626.4416244493582,1604.6521,1610.0304198798494,0.00017285728,0,LOW,test
2026-01-28 01:30:00,ZONE_B,1603.0852224901653,1602.0029,1622.0911183979554,0.00026026534,0,LOW,test
2026-01-28 01:45:00,ZONE_B,1606.5246882613044,1603.2008,1597.5777313984838,0.00027024356,0,LOW,test
2026-01-28 02:00:00,ZONE_B,1633.0759146409046,1600.8956,1567.7561732423271,0.00031159105,0,LOW,test
2026-01-28 02:15:00,ZONE_B,1583.853530842937,1602.1517,1617.319911127422,0.0002874676,0,LOW,test
2026-01-28 02:30:00,ZONE_B,1617.7355898522496,1605.3651,1614.751185349515,0.00036583006,0,LOW,test
2026-01-28 02:45:00,ZONE_B,1634.3882246892267,1605.3849,1606.112859179266,0.00048145602,0,LOW,test
2026-01-28 03:00:00,ZONE_B,1612.477030902039,1607.7406,1635.0864552922858,0.00044709587,0,LOW,test
2026-01-28 03:15:00,ZONE_B,1610.8007425896792,1603.733,1617.4731948938052,0.00017322639,0,LOW,test
2026-01-28 03:30:00,ZONE_B,1608.870844874392,1601.554,1588.859329354992,0.00037905868,0,LOW,test
2026-01-28 03:45:00,ZONE_B,1618.5605463483785,1603.5848,1603.2248713889928,0.00025451335,0,LOW,test
2026-01-28 04:00:00,ZONE_B,1580.7971301469925,1586.0889,1611.930432891642,0.00048182608,0,LOW,test
2026-01-28 04:15:00,ZONE_B,1598.8870368499197,1596.8221,1563.4624405249633,0.00045599675,0,LOW,test
2026-01-28 04:30:00,ZONE_B,1606.3615434696403,1587.9857,1604.868976099173,0.0006360242,0,LOW,test
2026-01-28 04:45:00,ZONE_B,1598.6540542110536,1670.0033,1608.7786072298825,0.00032580554,0,LOW,test
2026-01-28 05:00:00,ZONE_B,1608.26657420607,1843.031,1619.212735369886,0.00031822367,0,LOW,test
2026-01-28 05:15:00,ZONE_B,1588.065733361458,1826.9034,1597.0910867263017,0.00037884156,0,LOW,test
2026-01-28 05:30:00,ZONE_B,1595.5498867713802,1837.1249,1581.178731819604,0.0007184466,0,LOW,test
2026-01-28 05:45:00,ZONE_B,1601.9067122446763,1889.873,1563.2245325375543,0.008863674,0,LOW,test
2026-01-28 06:00:00,ZONE_B,1797.6980596583603,1923.5945,1811.9679939986204,0.00026439686,0,LOW,test
2026-01-28 06:15:00,ZONE_B,1823.834225845284,1942.0074,2013.981516549352,0.001310225,0,LOW,test
2026-01-28 06:30:00,ZONE_B,1820.1919803823644,1977.3247,1845.511338320946,0.0023491124,0,LOW,test
2026-01-28 06:45:00,ZONE_B,1894.3527755876348,1985.5284,1852.173851477959,0.0010201868,0,LOW,test
2026-01-28 07:00:00,ZONE_B,1916.0442326413456,2009.684,1900.6973977964872,0.0031815185,0,LOW,test
2026-01-28 07:15:00,ZONE_B,1917.5728135111776,2049.47,1938.8750550775087,0.012194202,0,LOW,test
2026-01-28 07:30:00,ZONE_B,1974.8321279705333,2076.948,1937.608468004072,0.013941577,0,LOW,test
2026-01-28 07:45:00,ZONE_B,2031.6578367610136,2144.1624,2020.388225368828,0.21874057,0,LOW,test
2026-01-28 08:00:00,ZONE_B,2001.2167526536973,2155.0122,2189.708123269674,0.8623381,1,CRITICAL,test
2026-01-28 08:15:00,ZONE_B,2014.457071770236,2172.0764,2026.041642983181,0.8547833,1,CRITICAL,test
2026-01-28 08:30:00,ZONE_B,2187.93104059138,2196.8113,2125.464825435141,0.8461062,1,HIGH,test
2026-01-28 08:45:00,ZONE_B,2143.82190605736,2281.9048,2072.7800019344754,0.8540645,1,CRITICAL,test
2026-01-28 09:00:00,ZONE_B,2080.986547832896,1997.1127,2209.9092430396686,0.02968201,0,LOW,test
2026-01-28 09:15:00,ZONE_B,2129.9383075071173,2005.6167,2128.365042594989,0.034990046,0,LOW,test
2026-01-28 09:30:00,ZONE_B,2212.539258573041,2003.9926,2162.9908535634945,0.055271856,0,LOW,test
2026-01-28 09:45:00,ZONE_B,2290.917606609816,2017.7648,2225.205602899022,0.04141956,0,LOW,test
2026-01-28 10:00:00,ZONE_B,2012.511253048821,2016.9099,2047.311325348236,0.010262871,0,LOW,test
2026-01-28 10:15:00,ZONE_B,2014.5911520671573,2016.6714,2052.810219780832,0.072394624,0,LOW,test
2026-01-28 10:30:00,ZONE_B,2163.7324374677287,2009.1501,1910.4873125344168,0.019894078,0,LOW,test
2026-01-28 10:45:00,ZONE_B,2093.5434898118137,2016.1409,1997.5299365471449,0.014230551,0,LOW,test
2026-01-28 11:00:00,ZONE_B,2008.7259240206704,1997.8531,1922.5530141647664,0.013491705,0,LOW,test
2026-01-28 11:15:00,ZONE_B,2112.4430955250764,1988.9697,1930.3646231858788,0.004985994,0,LOW,test
2026-01-28 11:30:00,ZONE_B,1916.853225966113,2007.9155,1992.4404614314133,0.008468434,0,LOW,test
2026-01-28 11:45:00,ZONE_B,2059.753128518056,1984.5062,1916.75094269736,0.019489849,0,LOW,test
2026-01-28 12:00:00,ZONE_B,2207.1123054532195,1977.3412,2227.066512966642,0.024376517,0,LOW,test
2026-01-28 12:15:00,ZONE_B,1968.082790855724,1986.3723,2025.1219246566595,0.009808252,0,LOW,test
2026-01-28 12:30:00,ZONE_B,1889.062451615663,2001.2816,1911.1455147766592,0.0033935644,0,LOW,test
2026-01-28 12:45:00,ZONE_B,1939.4214653786173,1980.6266,1938.860482364661,0.008597288,0,LOW,test
2026-01-28 13:00:00,ZONE_B,1905.6545814683327,1968.3927,2098.361249937712,0.0024224678,0,LOW,test
2026-01-28 13:15:00,ZONE_B,1919.038729707136,1945.4043,2212.520306692701,0.011182412,0,LOW,test
2026-01-28 13:30:00,ZONE_B,1976.5415934612256,1965.1221,1910.7343747821208,0.0046670893,0,LOW,test
2026-01-28 13:45:00,ZONE_B,1895.1625552859373,1964.7358,1887.252693505088,0.0021388382,0,LOW,test
2026-01-28 14:00:00,ZONE_B,2017.3019399499303,1979.5016,2156.4308867286577,0.0058112694,0,LOW,test
2026-01-28 14:15:00,ZONE_B,2051.1514044995133,1973.6288,1977.610856171884,0.013119549,0,LOW,test
2026-01-28 14:30:00,ZONE_B,1895.8608385697512,1975.559,1931.176508275372,0.0012238602,0,LOW,test
2026-01-28 14:45:00,ZONE_B,2053.53609289185,1953.7311,1979.387771359623,0.012587089,0,LOW,test
2026-01-28 15:00:00,ZONE_B,1992.9702426786785,1996.717,1875.572185151744,0.0034758644,0,LOW,test
2026-01-28 15:15:00,ZONE_B,2041.6555811854496,1983.1246,1902.3844490753656,0.024101939,0,LOW,test
2026-01-28 15:30:00,ZONE_B,1886.135911167139,1981.0469,1899.9709168547763,0.0024146573,0,LOW,test
2026-01-28 15:45:00,ZONE_B,2020.427134547613,1995.039,1993.8634301220127,0.0056724274,0,LOW,test
2026-01-28 16:00:00,ZONE_B,2025.843875437176,2008.1495,2001.3759991659,0.0033443973,0,LOW,test
2026-01-28 16:15:00,ZONE_B,2070.7873652140693,2000.4812,2037.590550441101,0.0021249782,0,LOW,test
2026-01-28 16:30:00,ZONE_B,2004.0048800144605,2015.7238,1971.6957295113232,0.0081480825,0,LOW,test
2026-01-28 16:45:00,ZONE_B,1986.8410755645943,2003.6045,2017.7348390075065,0.002741058,0,LOW,test
2026-01-28 17:00:00,ZONE_B,2013.482815313106,2002.7596,2039.003580026188,0.0031066698,0,LOW,test
2026-01-28 17:15:00,ZONE_B,1999.1314129531693,2003.7706,2002.0854680951527,0.003434624,0,LOW,test
2026-01-28 17:30:00,ZONE_B,1990.320047515296,2001.7559,2001.4393612601507,0.001242338,0,LOW,test
2026-01-28 17:45:00,ZONE_B,2016.5040091917867,2002.0691,2002.1490039077223,0.00074741023,0,LOW,test
2026-01-28 18:00:00,ZONE_B,1998.337648003424,2001.7616,1997.1865163405016,0.0006566619,0,LOW,test
2026-01-28 18:15:00,ZONE_B,2007.330083210664,2002.2218,1994.4223221702705,0.00024246135,0,LOW,test
2026-01-28 18:30:00,ZONE_B,1991.7802736818,1998.6982,2001.770342915974,0.00046006835,0,LOW,test
2026-01-28 18:45:00,ZONE_B,2000.5593413952488,2004.9608,2005.080340983524,0.000347416,0,LOW,test
2026-01-28 19:00:00,ZONE_B,1993.4436158083352,1991.843,1972.458908346736,0.00032097814,0,LOW,test
2026-01-28 19:15:00,ZONE_B,1975.2145919678376,2000.5393,1989.474788148136,0.0003857794,0,LOW,test
2026-01-28 19:30:00,ZONE_B,1990.360862934112,2000.2625,2046.0253750737163,0.00020703785,0,LOW,test
2026-01-28 19:45:00,ZONE_B,1973.9819329707136,2001.452,1994.719418022275,0.00036872266,0,LOW,test
2026-01-28 20:00:00,ZONE_B,1961.471316166496,1869.3826,2017.2261676509395,0.00031558913,0,LOW,test
2026-01-28 20:15:00,ZONE_B,2026.652744135853,1865.4968,1976.6300264566617,0.00025135328,0,LOW,test
2026-01-28 20:30:00,ZONE_B,2011.5083445912985,1854.0648,1989.589427890192,0.00030567747,0,LOW,test
2026-01-28 20:45:00,ZONE_B,2039.947567658117,1858.1176,1983.736865503284,0.00066810194,0,LOW,test
2026-01-28 21:00:00,ZONE_B,1919.3559771775665,1803.1957,1884.8825048638128,0.00031516305,0,LOW,test
2026-01-28 21:15:00,ZONE_B,1832.5427344405025,1780.0332,1918.712828055464,0.00037352936,0,LOW,test
2026-01-28 21:30:00,ZONE_B,1860.282805098851,1735.8363,1822.422809201892,0.00022597003,0,LOW,test
2026-01-28 21:45:00,ZONE_B,1798.8198276567537,1732.4941,1840.5922756525065,0.00040464193,0,LOW,test
2026-01-28 22:00:00,ZONE_B,1776.9267078556177,1701.5343,1801.878274927613,0.00021430316,0,LOW,test
2026-01-28 22:15:00,ZONE_B,1788.0464978562582,1678.6555,1780.030598571374,0.00032637198,0,LOW,test
2026-01-28 22:30:00,ZONE_B,1750.1092264670992,1635.6365,1755.862751979072,0.00041503593,0,LOW,test
2026-01-28 22:45:00,ZONE_B,1743.5633708337768,1636.5928,1727.1165021937932,0.0004520165,0,LOW,test
2026-01-28 23:00:00,ZONE_B,1699.3345972190357,1616.4578,1685.0522770966338,0.00021672787,0,LOW,test
2026-01-28 23:15:00,ZONE_B,1704.467380144636,1615.7885,1692.0588737236662,0.0001556546,0,LOW,test
2026-01-28 23:30:00,ZONE_B,1647.244183085054,1620.5543,1645.1146382610575,0.00040415637,0,LOW,test
2026-01-28 23:45:00,ZONE_B,1673.3938480689114,1610.8531,1599.738568302681,0.00032391262,0,LOW,test
2026-01-29 00:00:00,ZONE_B,1628.402630744729,1604.8344,1639.8120633139165,0.00042779167,0,LOW,test
2026-01-29 00:15:00,ZONE_B,1595.8590223795834,1603.2124,1598.604209610174,0.00037510123,0,LOW,test
2026-01-29 00:30:00,ZONE_B,1606.8866636692385,1603.5853,1602.861283687558,0.00043097447,0,LOW,test
2026-01-29 00:45:00,ZONE_B,1583.3191203362544,1601.2806,1652.2542362947956,0.00043487272,0,LOW,test
2026-01-29 01:00:00,ZONE_B,1612.509453396788,1604.8698,1589.409668637344,0.00021004445,0,LOW,test
2026-01-29 01:15:00,ZONE_B,1583.0097885743337,1602.0422,1626.4416244493582,0.00023598771,0,LOW,test
2026-01-29 01:30:00,ZONE_B,1561.7682115351545,1602.0422,1603.0852224901653,0.00013181868,0,LOW,test
2026-01-29 01:45:00,ZONE_B,1632.1477342458852,1605.1388,1606.5246882613044,0.00052936544,0,LOW,test
2026-01-29 02:00:00,ZONE_B,1623.981286398594,1603.8721,1633.0759146409046,0.00040636776,0,LOW,test
2026-01-29 02:15:00,ZONE_B,1621.08984456747,1605.0171,1583.853530842937,0.0005872306,0,LOW,test
2026-01-29 02:30:00,ZONE_B,1595.4103011913023,1603.8866,1617.7355898522496,0.00025192767,0,LOW,test
2026-01-29 02:45:00,ZONE_B,1617.635120994333,1604.3046,1634.3882246892267,0.00042981975,0,LOW,test
2026-01-29 03:00:00,ZONE_B,1573.159600526383,1601.9819,1612.477030902039,0.0002367815,0,LOW,test
2026-01-29 03:15:00,ZONE_B,1599.0464819109611,1607.2275,1610.8007425896792,0.00020774895,0,LOW,test
2026-01-29 03:30:00,ZONE_B,1599.660116305433,1599.5477,1608.870844874392,0.000496495,0,LOW,test
2026-01-29 03:45:00,ZONE_B,1614.5192417096912,1599.7908,1618.5605463483785,0.00023805049,0,LOW,test
2026-01-29 04:00:00,ZONE_B,1648.4744833029636,1604.5714,1580.7971301469925,0.00033337792,0,LOW,test
2026-01-29 04:15:00,ZONE_B,1607.0432558756956,1599.7922,1598.8870368499197,0.00037369228,0,LOW,test
2026-01-29 04:30:00,ZONE_B,1602.4283340562677,1604.1602,1606.3615434696403,0.00027732993,0,LOW,test
2026-01-29 04:45:00,ZONE_B,1611.0941358837983,1596.8601,1598.6540542110536,0.00032524043,0,LOW,test
2026-01-29 05:00:00,ZONE_B,1628.4402590487523,1728.9832,1608.26657420607,0.00018483549,0,LOW,test
2026-01-29 05:15:00,ZONE_B,1553.5296893725604,1831.107,1588.065733361458,0.0003574806,0,LOW,test
2026-01-29 05:30:00,ZONE_B,1620.7716710100026,1859.3531,1595.5498867713802,0.00026160676,0,LOW,test
2026-01-29 05:45:00,ZONE_B,1616.900942591379,1883.6191,1601.9067122446763,0.00055911456,0,LOW,test
2026-01-29 06:00:00,ZONE_B,1806.3876912293745,1924.6975,1797.6980596583603,0.0071125063,0,LOW,test
2026-01-29 06:15:00,ZONE_B,1799.9545307238614,1911.8043,1823.834225845284,0.00033585916,0,LOW,test
2026-01-29 06:30:00,ZONE_B,1807.492269646561,1957.6171,1820.1919803823644,0.0005852554,0,LOW,test
2026-01-29 06:45:00,ZONE_B,1883.9243002612943,2003.5116,1894.3527755876348,0.0005625407,0,LOW,test
2026-01-29 07:00:00,ZONE_B,1908.6101519448905,2022.5006,1916.0442326413456,0.0034473094,0,LOW,test
2026-01-29 07:15:00,ZONE_B,1962.496690142428,2045.5278,1917.5728135111776,0.0040662275,0,LOW,test
2026-01-29 07:30:00,ZONE_B,1932.7558696174924,2040.4119,1974.8321279705333,0.41835606,0,MEDIUM,test
2026-01-29 07:45:00,ZONE_B,1993.134471131732,2112.1968,2031.6578367610136,0.24028696,0,LOW,test
2026-01-29 08:00:00,ZONE_B,2181.54625282081,2157.0007,2001.2167526536973,0.4708691,0,MEDIUM,test
2026-01-29 08:15:00,ZONE_B,1995.5919902255844,2193.7734,2014.457071770236,0.14343601,0,LOW,test
2026-01-29 08:30:00,ZONE_B,2031.5226429724207,2238.6907,2187.93104059138,0.98126066,1,CRITICAL,test
2026-01-29 08:45:00,ZONE_B,2237.386742029105,2208.0552,2143.82190605736,0.9641658,1,CRITICAL,test
2026-01-29 09:00:00,ZONE_B,2315.000631776545,2073.099,2080.986547832896,0.017447282,0,LOW,test
2026-01-29 09:15:00,ZONE_B,2166.0782344507315,2015.6035,2129.9383075071173,0.047974817,0,LOW,test
2026-01-29 09:30:00,ZONE_B,2310.599010068659,1987.155,2212.539258573041,0.0529547,0,LOW,test
2026-01-29 09:45:00,ZONE_B,2324.2931081227675,2051.9421,2290.917606609816,0.0063184532,0,LOW,test
2026-01-29 10:00:00,ZONE_B,1889.540060541216,2041.0643,2012.511253048821,0.0013186993,0,LOW,test
2026-01-29 10:15:00,ZONE_B,1938.182423254985,2006.3845,2014.5911520671573,0.0072770664,0,LOW,test
2026-01-29 10:30:00,ZONE_B,2104.028633228855,1999.7866,2163.7324374677287,0.046285883,0,LOW,test
2026-01-29 10:45:00,ZONE_B,2174.5790458435904,2034.4807,2093.5434898118137,0.114881635,0,LOW,test
2026-01-29 11:00:00,ZONE_B,2038.4736998333028,1986.7667,2008.7259240206704,0.005468318,0,LOW,test
2026-01-29 11:15:00,ZONE_B,1933.5547889939864,1999.9667,2112.4430955250764,0.009323243,0,LOW,test
2026-01-29 11:30:00,ZONE_B,2193.41278750513,2027.3326,1916.853225966113,0.0108662695,0,LOW,test
2026-01-29 11:45:00,ZONE_B,1977.742081653104,2059.9348,2059.753128518056,0.010695226,0,LOW,test
2026-01-29 12:00:00,ZONE_B,1956.711323584347,1973.1953,2207.1123054532195,0.019629974,0,LOW,test
2026-01-29 12:15:00,ZONE_B,2045.4894641325247,1961.6687,1968.082790855724,0.026720535,0,LOW,test
2026-01-29 12:30:00,ZONE_B,2166.4848422752098,1948.8013,1889.062451615663,0.017606739,0,LOW,test
2026-01-29 12:45:00,ZONE_B,2057.314887975492,1959.1339,1939.4214653786173,0.009638576,0,LOW,test
2026-01-29 13:00:00,ZONE_B,2035.64469129065,1962.6744,1905.6545814683327,0.024742682,0,LOW,test
2026-01-29 13:15:00,ZONE_B,2010.9681364845355,1954.0876,1919.038729707136,0.037873145,0,LOW,test
2026-01-29 13:30:00,ZONE_B,1978.650365993556,1966.2842,1976.5415934612256,0.006003337,0,LOW,test
2026-01-29 13:45:00,ZONE_B,2069.151734865264,1953.4816,1895.1625552859373,0.0029899192,0,LOW,test
2026-01-29 14:00:00,ZONE_B,1935.0783183972733,1942.7255,2017.3019399499303,0.0010373356,0,LOW,test
2026-01-29 14:15:00,ZONE_B,1908.7604953052785,1944.0586,2051.1514044995133,0.0011472147,0,LOW,test
2026-01-29 14:30:00,ZONE_B,1908.0067494791583,1938.1589,1895.8608385697512,0.00347136,0,LOW,test
2026-01-29 14:45:00,ZONE_B,1889.22201439486,1964.2362,2053.53609289185,0.0025166855,0,LOW,test
2026-01-29 15:00:00,ZONE_B,1970.3957746185056,2004.3912,1992.9702426786785,0.0023724053,0,LOW,test
2026-01-29 15:15:00,ZONE_B,1915.5232123001133,2001.1875,2041.6555811854496,0.0025961625,0,LOW,test
2026-01-29 15:30:00,ZONE_B,2068.4102778538427,1973.4823,1886.135911167139,0.005026162,0,LOW,test
2026-01-29 15:45:00,ZONE_B,2045.1492907957056,1988.1493,2020.427134547613,0.0042007575,0,LOW,test
2026-01-29 16:00:00,ZONE_B,1977.5047106454667,2001.4353,2025.843875437176,0.0072300183,0,LOW,test
2026-01-29 16:15:00,ZONE_B,1995.162436144887,2002.5585,2070.7873652140693,0.010500382,0,LOW,test
2026-01-29 16:30:00,ZONE_B,2022.5122860337128,2004.8368,2004.0048800144605,0.004256864,0,LOW,test
2026-01-29 16:45:00,ZONE_B,2009.5217454068743,2002.9088,1986.8410755645943,0.006896506,0,LOW,test
2026-01-29 17:00:00,ZONE_B,2041.0199517227943,2010.221,2013.482815313106,0.0059132744,0,LOW,test
2026-01-29 17:15:00,ZONE_B,1983.8363120099527,2004.0944,1999.1314129531693,0.005885701,0,LOW,test
2026-01-29 17:30:00,ZONE_B,1978.933319236356,2004.7397,1990.320047515296,0.0015610794,0,LOW,test
2026-01-29 17:45:00,ZONE_B,2012.980229161347,2004.1558,2016.5040091917867,0.0006376499,0,LOW,test
2026-01-29 18:00:00,ZONE_B,1999.2298735042489,2002.3325,1998.337648003424,0.00071951613,0,LOW,test
2026-01-29 18:15:00,ZONE_B,1993.894442993651,2002.2108,2007.330083210664,0.0003266618,0,LOW,test
2026-01-29 18:30:00,ZONE_B,2019.595763886472,2004.5352,1991.7802736818,0.00042970036,0,LOW,test
2026-01-29 18:45:00,ZONE_B,2028.9656579221528,2008.3456,2000.5593413952488,0.00022228257,0,LOW,test
2026-01-29 19:00:00,ZONE_B,2004.019637653744,2002.1821,1993.4436158083352,0.00024729158,0,LOW,test
2026-01-29 19:15:00,ZONE_B,1978.9806156330865,2001.2413,1975.2145919678376,0.0004700717,0,LOW,test
2026-01-29 19:30:00,ZONE_B,2029.275238852288,2007.4547,1990.360862934112,0.0004414797,0,LOW,test
2026-01-29 19:45:00,ZONE_B,1996.4454684253767,2001.7671,1973.9819329707136,0.0005014235,0,LOW,test
2026-01-29 20:00:00,ZONE_B,2038.306518812846,1881.2795,1961.471316166496,0.00027151083,0,LOW,test
2026-01-29 20:15:00,ZONE_B,2050.8373503920066,1871.7965,2026.652744135853,0.00046212957,0,LOW,test
2026-01-29 20:30:00,ZONE_B,1972.122216496777,1853.5325,2011.5083445912985,0.00040471274,0,LOW,test
2026-01-29 20:45:00,ZONE_B,2062.2233530854337,1855.1025,2039.947567658117,0.0023931342,0,LOW,test
2026-01-29 21:00:00,ZONE_B,1901.964018164856,1817.8955,1919.3559771775665,0.00031186713,0,LOW,test
2026-01-29 21:15:00,ZONE_B,1860.9416015109944,1749.2717,1832.5427344405025,0.00018758337,0,LOW,test
2026-01-29 21:30:00,ZONE_B,1830.3311088550936,1731.5023,1860.282805098851,0.0002000066,0,LOW,test
2026-01-29 21:45:00,ZONE_B,1830.990129996872,1704.0156,1798.8198276567537,0.00034534503,0,LOW,test
2026-01-29 22:00:00,ZONE_B,1755.6380833879032,1679.6058,1776.9267078556177,0.0001826278,0,LOW,test
2026-01-29 22:15:00,ZONE_B,1797.4895161813597,1680.8157,1788.0464978562582,0.00027984896,0,LOW,test
2026-01-29 22:30:00,ZONE_B,1715.054607180056,1644.7277,1750.1092264670992,0.00029788888,0,LOW,test
2026-01-29 22:45:00,ZONE_B,1734.1110309371095,1633.2997,1743.5633708337768,0.00034191005,0,LOW,test
2026-01-29 23:00:00,ZONE_B,1699.565533729978,1619.2051,1699.3345972190357,0.00020580302,0,LOW,test
2026-01-29 23:15:00,ZONE_B,1669.276968893979,1618.3009,1704.467380144636,0.00022394293,0,LOW,test
2026-01-29 23:30:00,ZONE_B,1671.3626908999888,1614.9187,1647.244183085054,0.00015108126,0,LOW,test
2026-01-29 23:45:00,ZONE_B,1620.7642567655942,1608.9954,1673.3938480689114,0.00031254432,0,LOW,test
2026-01-30 00:00:00,ZONE_B,1590.7774360442072,1606.2628,1628.402630744729,0.0003578765,0,LOW,test
2026-01-30 00:15:00,ZONE_B,1632.184078031371,1606.2961,1595.8590223795834,0.000378602,0,LOW,test
2026-01-30 00:30:00,ZONE_B,1598.6383251756397,1606.0951,1606.8866636692385,0.00031420364,0,LOW,test
2026-01-30 00:45:00,ZONE_B,1604.032754142648,1605.1953,1583.3191203362544,0.00024803207,0,LOW,test
2026-01-30 01:00:00,ZONE_B,1627.2198632668392,1606.7064,1612.509453396788,0.00034200508,0,LOW,test
2026-01-30 01:15:00,ZONE_B,1588.3230391657416,1604.8212,1583.0097885743337,0.00049053045,0,LOW,test
2026-01-30 01:30:00,ZONE_B,1587.19484415498,1609.0919,1561.7682115351545,0.0002726052,0,LOW,test
2026-01-30 01:45:00,ZONE_B,1599.5231998574193,1605.5653,1632.1477342458852,0.00035791026,0,LOW,test
2026-01-30 02:00:00,ZONE_B,1615.5011967009598,1606.8143,1623.981286398594,0.0003008919,0,LOW,test
2026-01-30 02:15:00,ZONE_B,1625.7686063073984,1607.8695,1621.08984456747,0.00033144763,0,LOW,test
2026-01-30 02:30:00,ZONE_B,1585.6526304053734,1605.6704,1595.4103011913023,0.00022786246,0,LOW,test
2026-01-30 02:45:00,ZONE_B,1620.2806923544142,1608.0345,1617.635120994333,0.00035242684,0,LOW,test
2026-01-30 03:00:00,ZONE_B,1595.3132047871543,1605.3071,1573.159600526383,0.00018870927,0,LOW,test
2026-01-30 03:15:00,ZONE_B,1621.329219073927,1608.0211,1599.0464819109611,0.0004215954,0,LOW,test
2026-01-30 03:30:00,ZONE_B,1564.4561937382564,1602.8372,1599.660116305433,0.00022687523,0,LOW,test
2026-01-30 03:45:00,ZONE_B,1626.1621068443644,1607.5985,1614.5192417096912,0.00022292632,0,LOW,test
2026-01-30 04:00:00,ZONE_B,1618.7899379591236,1607.4634,1648.4744833029636,0.0003519078,0,LOW,test
2026-01-30 04:15:00,ZONE_B,1610.234003276453,1603.2059,1607.0432558756956,0.00074433355,0,LOW,test
2026-01-30 04:30:00,ZONE_B,1583.3704550325217,1597.4814,1602.4283340562677,0.00046238952,0,LOW,test
2026-01-30 04:45:00,ZONE_B,1604.4198562726256,1653.0211,1611.0941358837983,0.00048943894,0,LOW,test
2026-01-30 05:00:00,ZONE_B,1632.1062627446038,1846.4453,1628.4402590487523,0.0004662959,0,LOW,test
2026-01-30 05:15:00,ZONE_B,1604.868685299407,1845.2302,1553.5296893725604,0.00028628606,0,LOW,test
2026-01-30 05:30:00,ZONE_B,1607.2988358329203,1859.3556,1620.7716710100026,0.0004839764,0,LOW,test
2026-01-30 05:45:00,ZONE_B,1582.6652892402135,1873.4655,1616.900942591379,0.00055450475,0,LOW,test
2026-01-30 06:00:00,ZONE_B,1813.586522719713,1924.0072,1806.3876912293745,0.00069557637,0,LOW,test
2026-01-30 06:15:00,ZONE_B,1840.9840227618213,1923.1699,1799.9545307238614,0.00058448804,0,LOW,test
2026-01-30 06:30:00,ZONE_B,1882.71154086574,1979.1653,1807.492269646561,0.00078523933,0,LOW,test
2026-01-30 06:45:00,ZONE_B,1843.4760457804489,2002.1187,1883.9243002612943,0.0023710546,0,LOW,test
2026-01-30 07:00:00,ZONE_B,2009.9856673188087,2033.4279,1908.6101519448905,0.03540257,0,LOW,test
2026-01-30 07:15:00,ZONE_B,1896.7771538552872,2046.5188,1962.496690142428,0.0033285585,0,LOW,test
2026-01-30 07:30:00,ZONE_B,2038.450310065828,2108.351,1932.7558696174924,0.023188788,0,LOW,test
2026-01-30 07:45:00,ZONE_B,2021.271096250256,2116.0598,1993.134471131732,0.1360414,0,LOW,test
2026-01-30 08:00:00,ZONE_B,2048.685497806411,2188.7805,2181.54625282081,0.53911257,0,MEDIUM,test
2026-01-30 08:15:00,ZONE_B,2072.46793440107,2193.5422,1995.5919902255844,0.30279323,0,MEDIUM,test
2026-01-30 08:30:00,ZONE_B,2049.966029786643,2223.2896,2031.5226429724207,0.49784237,0,MEDIUM,test
2026-01-30 08:45:00,ZONE_B,2035.070431271012,2239.6492,2237.386742029105,0.8026836,1,HIGH,test
2026-01-30 09:00:00,ZONE_B,2093.741111474549,2021.3772,2315.000631776545,0.005751648,0,LOW,test
2026-01-30 09:15:00,ZONE_B,2214.639358811253,1988.8423,2166.0782344507315,0.021941196,0,LOW,test
2026-01-30 09:30:00,ZONE_B,2232.2190248076727,2007.1925,2310.599010068659,0.04867592,0,LOW,test
2026-01-30 09:45:00,ZONE_B,2145.393919103227,2035.6586,2324.2931081227675,0.074894086,0,LOW,test
2026-01-30 10:00:00,ZONE_B,1951.3577870155195,2006.0464,1889.540060541216,0.007585798,0,LOW,test
2026-01-30 10:15:00,ZONE_B,2172.1438108898424,2049.5125,1938.182423254985,0.02911542,0,LOW,test
2026-01-30 10:30:00,ZONE_B,2087.3039836070866,2010.4784,2104.028633228855,0.041576177,0,LOW,test
2026-01-30 10:45:00,ZONE_B,1982.4246763262456,1984.2155,2174.5790458435904,0.010424568,0,LOW,test
2026-01-30 11:00:00,ZONE_B,2091.3142651374333,1994.9199,2038.4736998333028,0.017956436,0,LOW,test
2026-01-30 11:15:00,ZONE_B,1972.7401247100288,2016.8925,1933.5547889939864,0.0056355773,0,LOW,test
2026-01-30 11:30:00,ZONE_B,1906.1536355904475,1988.4703,2193.41278750513,0.023626404,0,LOW,test
2026-01-30 11:45:00,ZONE_B,1927.9361862322555,1992.3802,1977.742081653104,0.015117085,0,LOW,test
2026-01-30 12:00:00,ZONE_B,2146.601403705646,2012.6162,1956.711323584347,0.018234514,0,LOW,test
2026-01-30 12:15:00,ZONE_B,1977.2645419561445,2002.0902,2045.4894641325247,0.009535532,0,LOW,test
2026-01-30 12:30:00,ZONE_B,1999.0405610158496,1976.2937,2166.4848422752098,0.024881138,0,LOW,test
2026-01-30 12:45:00,ZONE_B,1931.760884379352,1965.9005,2057.314887975492,0.0064636157,0,LOW,test
2026-01-30 13:00:00,ZONE_B,2198.9729372210327,1984.4825,2035.64469129065,0.013160433,0,LOW,test
2026-01-30 13:15:00,ZONE_B,2139.5601621711894,1986.2351,2010.9681364845355,0.015123106,0,LOW,test
2026-01-30 13:30:00,ZONE_B,2216.626545682898,1986.1475,1978.650365993556,0.018383104,0,LOW,test
2026-01-30 13:45:00,ZONE_B,1964.1316120564327,1970.6005,2069.151734865264,0.034552447,0,LOW,test
2026-01-30 14:00:00,ZONE_B,1989.519788019521,1948.7601,1935.0783183972733,0.004118919,0,LOW,test
2026-01-30 14:15:00,ZONE_B,1897.1937920726243,1952.4878,1908.7604953052785,0.0027901796,0,LOW,test
2026-01-30 14:30:00,ZONE_B,2062.87844703008,1954.402,1908.0067494791583,0.038172927,0,LOW,test
2026-01-30 14:45:00,ZONE_B,1887.992990018315,1959.0994,1889.22201439486,0.00081082876,0,LOW,test
2026-01-30 15:00:00,ZONE_B,1978.9752464114524,1998.5044,1970.3957746185056,0.0055421665,0,LOW,test
2026-01-30 15:15:00,ZONE_B,1880.4036396602407,2007.0437,1915.5232123001133,0.0013856376,0,LOW,test
2026-01-30 15:30:00,ZONE_B,1883.3157669283355,2002.6302,2068.4102778538427,0.0013231825,0,LOW,test
2026-01-30 15:45:00,ZONE_B,1927.4707407077592,1998.0944,2045.1492907957056,0.010078543,0,LOW,test
2026-01-30 16:00:00,ZONE_B,2028.6130346786583,2009.8964,1977.5047106454667,0.0051253163,0,LOW,test
2026-01-30 16:15:00,ZONE_B,1978.9843183711205,2004.3759,1995.162436144887,0.032555845,0,LOW,test
2026-01-30 16:30:00,ZONE_B,1995.7265508768985,2006.9813,2022.5122860337128,0.019227702,0,LOW,test
2026-01-30 16:45:00,ZONE_B,2042.2430193442617,2009.4755,2009.5217454068743,0.003973062,0,LOW,test
2026-01-30 17:00:00,ZONE_B,1988.007284771344,2004.6948,2041.0199517227943,0.0066804388,0,LOW,test
2026-01-30 17:15:00,ZONE_B,1982.0497016382385,2005.3099,1983.8363120099527,0.01362074,0,LOW,test
2026-01-30 17:30:00,ZONE_B,1986.161691447252,2005.2794,1978.933319236356,0.0015287655,0,LOW,test
2026-01-30 17:45:00,ZONE_B,2049.5378988554617,2008.4382,2012.980229161347,0.0012557355,0,LOW,test
2026-01-30 18:00:00,ZONE_B,1982.6646035175952,2007.4993,1999.2298735042489,0.0019764786,0,LOW,test
2026-01-30 18:15:00,ZONE_B,1977.3851136543087,2004.2273,1993.894442993651,0.0010164406,0,LOW,test
2026-01-30 18:30:00,ZONE_B,2007.8897251955343,2003.6757,2019.595763886472,0.0010965707,0,LOW,test
2026-01-30 18:45:00,ZONE_B,2023.8363742304184,2006.0663,2028.9656579221528,0.0005721107,0,LOW,test
2026-01-30 19:00:00,ZONE_B,1997.78177844098,2003.5847,2004.019637653744,0.0005064068,0,LOW,test
2026-01-30 19:15:00,ZONE_B,2017.2341310041195,2002.1882,1978.9806156330865,0.00030070206,0,LOW,test
2026-01-30 19:30:00,ZONE_B,2000.894571869724,2002.9668,2029.275238852288,0.00033123064,0,LOW,test
2026-01-30 19:45:00,ZONE_B,2041.678603592334,2007.4901,1996.4454684253767,0.00022396534,0,LOW,test
2026-01-30 20:00:00,ZONE_B,1976.080908192328,1872.5468,2038.306518812846,0.00025469493,0,LOW,test
2026-01-30 20:15:00,ZONE_B,2004.475152788852,1860.0802,2050.8373503920066,0.0002927163,0,LOW,test
2026-01-30 20:30:00,ZONE_B,2046.3610653066155,1853.4552,1972.122216496777,0.00040175076,0,LOW,test
2026-01-30 20:45:00,ZONE_B,2011.127287844911,1853.4697,2062.2233530854337,0.0008088571,0,LOW,test
2026-01-30 21:00:00,ZONE_B,1909.3877630891127,1805.574,1901.964018164856,0.00019426743,0,LOW,test
2026-01-30 21:15:00,ZONE_B,1854.2483983142736,1761.6569,1860.9416015109944,0.00023744663,0,LOW,test
2026-01-30 21:30:00,ZONE_B,1839.650746463043,1734.344,1830.3311088550936,0.00030180582,0,LOW,test
2026-01-30 21:45:00,ZONE_B,1818.3170034407024,1722.1025,1830.990129996872,0.0003892471,0,LOW,test
2026-01-30 22:00:00,ZONE_B,1836.7436360498,1695.1908,1755.6380833879032,0.00014127805,0,LOW,test
2026-01-30 22:15:00,ZONE_B,1797.4678792463174,1700.6189,1797.4895161813597,0.00012247506,0,LOW,test
2026-01-30 22:30:00,ZONE_B,1777.6001613909375,1669.4043,1715.054607180056,0.00013481229,0,LOW,test
2026-01-30 22:45:00,ZONE_B,1721.0202371725456,1631.9502,1734.1110309371095,0.00017155649,0,LOW,test
