target_timestamp,zone_id,baseline_demand_mw,baseline_renewable_mw,baseline_curtailment_mw,baseline_transmission_flow_mw,baseline_transmission_utilization_pct,baseline_overload_mw,battery_charge_mw,battery_discharge_mw,demand_response_mw,dispatch_generation_mw,renewable_curtailment_action_mw,optimized_curtailment_mw,optimized_transmission_flow_mw,optimized_transmission_utilization_pct,optimized_overload_mw,curtailment_avoided_mw,additional_renewable_absorbed_mw,flow_reduction_mw,baseline_overload_intervals,optimized_overload_intervals,curtailment_event_ground_truth
2026-01-02 01:15:00,ZONE_A,2299.5257724227454,610.0458396390255,3.218175156063125,1997.852111506198,0.5708148890017709,0.0,300.0,0,0,0,38.51675637743597,38.51675637743597,2297.852111506198,0.6565291747160565,0.0,-35.29858122137284,-35.29858122137284,-300.0,0,0,0
2026-01-02 01:30:00,ZONE_A,2251.248113516655,593.9802044492586,0.0,1959.1989892560289,0.5597711397874369,0.0,300.0,0,0,0,110.354116765411,110.354116765411,2259.1989892560287,0.6454854255017225,0.0,-110.354116765411,-110.35411676541099,-299.9999999999998,0,0,0
2026-01-02 01:45:00,ZONE_A,2285.906489372502,604.777786214465,4.396045687462674,1986.9571460231475,0.5677020417208993,0.0,300.0,0,0,0,163.75870173970998,163.75870173970998,2286.9571460231473,0.653416327435185,0.0,-159.3626560522473,-159.3626560522473,-299.9999999999998,0,0,0
2026-01-02 02:00:00,ZONE_A,2273.619839390543,610.6907923367165,15.602129620857228,1977.123345916024,0.5648923845474354,0.0,300.0,0,0,0,178.06597630322494,178.06597630322494,2277.123345916024,0.6506066702617211,0.0,-162.46384668236772,-162.46384668236772,-300.0,0,0,0
2026-01-02 02:30:00,ZONE_A,2284.037743885829,607.2326882672614,6.726138631987055,1985.4092643482709,0.5672597898137917,0.0,300.0,0,0,0,32.710988135040054,32.710988135040054,2285.409264348271,0.6529740755280774,0.0,-25.984849503053,-25.984849503052942,-300.0,0,0,0
2026-01-02 02:45:00,ZONE_A,2269.52650623889,598.8582238601163,0.0,1973.843320549311,0.5639552344426603,0.0,300.0,0,0,0,94.3438242240028,94.3438242240028,2273.843320549311,0.649669520156946,0.0,-94.3438242240028,-94.34382422400279,-300.0,0,0,0
2026-01-02 03:00:00,ZONE_A,2283.8438449891737,616.4485440862067,18.526710945331047,1985.272107857256,0.5672206022449303,0.0,300.0,0,0,0,127.36755623175004,127.36755623175004,2285.272107857256,0.652934887959216,0.0,-108.840845286419,-108.84084528641898,-299.9999999999998,0,0,0
2026-01-02 03:15:00,ZONE_A,2303.644807797169,595.6917112273267,0.0,2001.1276879132856,0.5717507679752245,0.0,300.0,0,0,0,198.35259787053,198.35259787053,2301.1276879132856,0.6574650536895101,0.0,-198.35259787053,-198.35259787052996,-300.0,0,0,0
2026-01-02 03:30:00,ZONE_A,2371.853324718504,609.2056153977405,4.276147747383334,2055.6676230132216,0.5873336065752062,0.0,300.0,0,0,0,167.03153073603,167.03153073603,2355.6676230132216,0.6730478922894919,0.0,-162.75538298864666,-162.75538298864666,-300.0,0,0,0
2026-01-02 03:45:00,ZONE_A,2289.797902128193,611.8547527960359,17.562393266875347,1990.0251956970624,0.5685786273420178,0.0,300.0,0,0,0,163.40764432709176,163.40764432709176,2290.0251956970624,0.6542929130563035,0.0,-145.8452510602164,-145.8452510602164,-300.0,0,0,0
2026-01-02 04:00:00,ZONE_A,2271.928133260262,616.2967107024399,8.90090152824439,1975.75774357229,0.5645022124492257,0.0,300.0,0,0,0,154.84111006488,154.84111006488,2275.75774357229,0.6502164981635115,0.0,-145.94020853663562,-145.94020853663562,-300.0,0,0,0
2026-01-02 04:30:00,ZONE_A,2283.396533451674,595.0077224751408,0.0,1984.9387003954544,0.5671253429701298,0.0,300.0,0,0,0,120.400845818922,120.400845818922,2284.9387003954544,0.6528396286844156,0.0,-120.400845818922,-120.400845818922,-300.0,0,0,0
2026-01-02 04:45:00,ZONE_A,2265.6766296705323,609.9166541899309,10.783933163282654,1970.7271829251167,0.5630649094071762,0.0,300.0,0,0,0,142.72477901198198,142.72477901198198,2270.7271829251167,0.6487791951214619,0.0,-131.94084584869933,-131.94084584869933,-300.0,0,0,0
2026-01-02 05:00:00,ZONE_A,2299.3255747846933,596.9461687056678,0.0,1997.6924536280744,0.5707692724651641,0.0,300.0,0,0,0,135.06934406617495,135.06934406617495,2297.6924536280744,0.6564835581794498,0.0,-135.06934406617495,-135.06934406617495,-300.0,0,0,0
2026-01-02 05:15:00,ZONE_A,2221.378064725749,604.4056697183167,0.0,1935.3205570142225,0.5529487305754921,0.0,300.0,0,0,0,32.460054804400045,32.460054804400045,2235.3205570142227,0.638663016289778,0.0,-32.460054804400045,-32.4600548044001,-300.0000000000002,0,0,0
2026-01-02 05:30:00,ZONE_A,2303.76949933007,616.4837442156378,23.628281035987243,2001.21310737827,0.5717751735366485,0.0,300.0,0,0,0,154.52244006719997,154.52244006719997,2301.2131073782703,0.6574894592509344,0.0,-130.89415903121272,-130.89415903121272,-300.0000000000002,0,0,0
2026-01-02 05:45:00,ZONE_A,2268.383587063445,600.7026132924764,0.0,1972.902102261848,0.5636863149319566,0.0,300.0,0,0,0,81.01642060669195,81.01642060669195,2272.902102261848,0.6494006006462423,0.0,-81.01642060669195,-81.01642060669201,-300.0,0,0,0
2026-01-02 06:00:00,ZONE_A,2542.2338826021337,610.7588221076636,2.45979307094035,2191.9597228226808,0.6262742065207659,0.0,300.0,0,0,0,146.46215658990002,146.46215658990002,2491.9597228226808,0.7119884922350517,0.0,-144.00236351895967,-144.00236351895967,-300.0,0,0,0
2026-01-02 06:15:00,ZONE_A,2560.292003329186,614.5903230429547,24.232661372857137,2206.42531593242,0.6304072331235485,0.0,300.0,0,0,0,164.38357468094398,164.38357468094398,2506.42531593242,0.7161215188378343,0.0,-140.15091330808684,-140.15091330808684,-300.0,0,0,0
2026-01-02 06:45:00,ZONE_A,2655.0098976652343,612.7674600955387,6.971701659334599,2282.177560054249,0.6520507314440712,0.0,300.0,0,0,0,118.91486411582504,118.91486411582504,2582.177560054249,0.7377650171583569,0.0,-111.94316245649044,-111.94316245649043,-300.0,0,0,0
2026-01-02 07:00:00,ZONE_A,2719.2602737755005,616.1139646955887,11.509538225100414,2333.6485620865537,0.6667567320247296,0.0,300.0,0,0,0,154.881023346358,154.881023346358,2633.6485620865537,0.7524710177390154,0.0,-143.3714851212576,-143.3714851212576,-300.0,0,0,0
2026-01-02 07:15:00,ZONE_A,2735.284471940566,663.533056327193,0.0,2366.4138802332955,0.6761182514952273,0.0,300.0,0,0,0,125.27537234456804,125.27537234456804,2666.4138802332955,0.7618325372095129,0.0,-125.27537234456804,-125.27537234456804,-300.0,0,0,0
2026-01-02 07:30:00,ZONE_A,2714.639246561544,749.8318933480356,11.419897779826783,2371.8641495759102,0.6776754713074029,0.0,300.0,0,0,0,234.803843891106,234.803843891106,2671.8641495759102,0.7633897570216887,0.0,-223.38394611127922,-223.38394611127922,-300.0,0,0,0
2026-01-02 08:00:00,ZONE_A,2794.021252059604,909.3810664535088,17.919678978710294,2478.274313372074,0.7080783752491641,0.0,300.0,0,0,0,334.428750202714,334.428750202714,2778.274313372074,0.7937926609634498,0.0,-316.5090712240037,-316.5090712240037,-300.0,0,0,0
2026-01-02 08:15:00,ZONE_A,2836.5578675853226,969.108240686146,0.0,2533.068629675223,0.7237338941929208,0.0,300.0,0,0,0,202.39800527598004,202.39800527598004,2833.068629675223,0.8094481799072065,0.0,-202.39800527598004,-202.39800527598004,-300.0,0,0,0
2026-01-02 08:30:00,ZONE_A,2858.834867404932,1051.5010903485852,12.045051046496155,2571.7230336738194,0.7347780096210913,0.0,300.0,0,0,0,436.342449932324,436.342449932324,2871.7230336738194,0.8204922953353769,0.0,-424.2973988858278,-424.29739888582776,-300.0,0,0,0
2026-01-02 08:45:00,ZONE_A,2912.365042112461,1096.5095547106782,0.0,2628.386517154736,0.7509675763299245,0.0,300.0,0,0,0,558.7239761022801,558.7239761022801,2928.386517154736,0.8366818620442102,0.0,-558.7239761022801,-558.7239761022801,-300.0,0,0,0
2026-01-02 08:45:00,ZONE_B,2115.840948160264,653.5213880577337,13.295565928767246,1924.4692227015148,0.6873104366791124,0.0,200.0,0,0,0,183.90210448387,183.90210448387,2124.469222701515,0.7587390081076839,0.0,-170.60653855510276,-170.60653855510276,-200.0,0,0,0
2026-01-02 09:00:00,ZONE_A,2928.5036315929883,1182.9451574077534,10.97933410859605,2664.5892562245954,0.7613112160641701,0.0,300.0,0,0,0,665.73384873714,665.73384873714,2964.5892562245954,0.8470255017784558,0.0,-654.7545146285439,-654.7545146285439,-300.0,0,0,0
2026-01-02 09:15:00,ZONE_A,2939.617676227529,1227.7836126198854,0.0,2688.941638940448,0.7682690396972708,0.0,300.0,0,0,0,701.2432986311198,701.2432986311198,2988.941638940448,0.8539833254115565,0.0,-701.2432986311198,-701.2432986311198,-300.0,0,0,0
2026-01-02 09:30:00,ZONE_A,3007.5847636059048,1283.9456514495444,0.0,2758.823186925193,0.7882351962643409,0.0,300.0,0,0,0,615.8241881368199,615.8241881368199,3058.823186925193,0.8739494819786267,0.0,-615.8241881368199,-615.8241881368199,-300.0,0,0,0
2026-01-02 09:45:00,ZONE_A,3159.223688695168,1288.4883442092253,0.0,2883.98478868004,0.8239956539085829,0.0,300.0,0,0,0,566.557731972402,566.557731972402,3183.98478868004,0.9097099396228685,0.0,-566.557731972402,-566.557731972402,-300.0,0,0,0
2026-01-02 10:00:00,ZONE_A,2665.130378607342,1410.9392348468828,3.2083095819384653,2517.8131147098484,0.7193751756313852,0.0,300.0,0,0,0,776.44861017639,776.44861017639,2817.8131147098484,0.8050894613456709,0.0,-773.2403005944516,-773.2403005944516,-300.0,0,0,0
2026-01-02 10:15:00,ZONE_A,2652.8322377158693,1416.5942819773545,10.487877707685811,2511.3257893318,0.7175216540948,0.0,300.0,0,0,0,990.6299277023,990.6299277023,2811.3257893318,0.8032359398090857,0.0,-980.1420499946142,-980.1420499946142,-300.0,0,0,0
2026-01-02 10:30:00,ZONE_A,2748.116247357429,1423.4795079952037,0.0,2596.634125678323,0.7418954644795208,0.0,300.0,0,0,0,1073.07487308972,1073.07487308972,2896.634125678323,0.8276097501938066,0.0,-1073.07487308972,-1073.07487308972,-300.0,0,0,0
2026-01-02 10:30:00,ZONE_B,2121.336899796904,899.2798036532818,0.0,1994.740682226168,0.7124073865093458,0.0,200.0,0,0,0,497.64225221341,497.64225221341,2194.7406822261682,0.7838359579379173,0.0,-497.64225221341,-497.64225221341,-200.00000000000023,0,0,0
2026-01-02 10:45:00,ZONE_A,2670.5901718253613,1473.1620523861156,28.432742785452547,2538.9484262680007,0.7254138360765716,0.0,300.0,0,0,0,1000.17407554335,1000.17407554335,2838.9484262680007,0.8111281217908574,0.0,-971.7413327578975,-971.7413327578975,-300.0,0,0,0
2026-01-02 10:45:00,ZONE_B,1882.030190264543,898.7391875346198,0.0,1806.1437994130008,0.6450513569332146,0.0,200.0,0,0,0,293.13641350732,293.13641350732,2006.1437994130008,0.716479928361786,0.0,-293.13641350732,-293.13641350731996,-200.0,0,0,0
2026-01-02 11:00:00,ZONE_A,2668.7469370254275,1495.578567233355,28.61203608311689,2543.977072003461,0.7268505920009889,0.0,300.0,0,0,0,1073.9415484395,1073.9415484395,2843.977072003461,0.8125648777152746,0.0,-1045.329512356383,-1045.329512356383,-300.0,0,0,0
2026-01-02 11:15:00,ZONE_A,2788.817046657593,1577.8203721322598,11.582559310326817,2666.0202249812583,0.7617200642803595,0.0,300.0,0,0,0,1147.78070507439,1147.78070507439,2966.0202249812583,0.8474343499946452,0.0,-1136.1981457640632,-1136.1981457640632,-300.0,0,0,0
2026-01-02 11:15:00,ZONE_B,2151.7316401830994,990.1763505912944,0.0,2043.351063182516,0.7297682368508986,0.0,200.0,0,0,0,450.2321432324801,450.2321432324801,2243.351063182516,0.80119680827947,0.0,-450.2321432324801,-450.2321432324801,-200.0,0,0,0
2026-01-02 11:30:00,ZONE_B,1899.4572953476168,1029.6224526350152,21.049085014642515,1850.3704977284604,0.660846606331593,0.0,200.0,0,0,0,516.217762217713,516.217762217713,2050.3704977284606,0.7322751777601645,0.0,-495.1686772030705,-495.1686772030705,-200.00000000000023,0,0,0
2026-01-02 12:00:00,ZONE_A,2716.623059035124,1650.175313177422,20.490555801297205,2624.479843620408,0.749851383891545,0.0,300.0,0,0,0,1191.02203915317,1191.02203915317,2924.479843620408,0.8355656696058308,0.0,-1170.5314833518728,-1170.5314833518728,-300.0,0,0,0
2026-01-02 13:00:00,ZONE_A,2684.7131176284192,1564.657141742723,5.18734370221955,2583.10207077259,0.7380291630778829,0.0,300.0,0,0,0,924.95752853058,924.95752853058,2883.10207077259,0.8237434487921687,0.0,-919.7701848283605,-919.7701848283605,-300.0,0,0,0
2026-01-02 13:15:00,ZONE_A,2683.388281961224,1606.5148730489575,32.34474137005736,2588.205918971066,0.7394874054203046,0.0,300.0,0,0,0,1155.33166864728,1155.33166864728,2888.205918971066,0.8252016911345902,0.0,-1122.9869272772225,-1122.9869272772225,-300.0,0,0,0
2026-01-02 13:30:00,ZONE_A,2693.222872378046,1569.2617416695762,22.23419185748708,2586.158698495966,0.7389024852845617,0.0,300.0,0,0,0,1052.52940186492,1052.52940186492,2886.158698495966,0.8246167709988473,0.0,-1030.2952100074328,-1030.2952100074328,-300.0,0,0,0
2026-01-02 13:45:00,ZONE_A,2672.9740173923715,1561.464849979995,9.626980081209696,2564.3018736872127,0.7326576781963465,0.0,300.0,0,0,0,809.92365676092,809.92365676092,2864.3018736872127,0.8183719639106322,0.0,-800.2966766797103,-800.2966766797103,-300.0,0,0,0
2026-01-02 14:00:00,ZONE_A,2677.292036074097,1482.549697195267,0.0,2550.2445161612472,0.7286412903317849,0.0,300.0,0,0,0,659.8235510307361,659.8235510307361,2850.2445161612472,0.8143555760460707,0.0,-659.8235510307361,-659.8235510307361,-300.0,0,0,0
2026-01-02 14:15:00,ZONE_A,2706.9873758313333,1431.0860504938664,1.4303333724412823,2559.834895200681,0.7313813986287659,0.0,300.0,0,0,0,622.3458013012018,622.3458013012018,2859.834895200681,0.8170956843430517,0.0,-620.9154679287606,-620.9154679287606,-300.0,0,0,0
2026-01-02 14:30:00,ZONE_A,2674.137650595136,1408.8254736908402,0.0,2525.93762113211,0.7216964631806029,0.0,300.0,0,0,0,848.5591447882,848.5591447882,2825.93762113211,0.8074107488948886,0.0,-848.5591447882,-848.5591447882,-300.0,0,0,0
2026-01-02 14:30:00,ZONE_B,1985.2516184515728,877.2239855263805,23.189257166039734,1878.23489448462,0.6707981766016501,0.0,200.0,0,0,0,479.707309576645,479.707309576645,2078.23489448462,0.7422267480302214,0.0,-456.51805241060526,-456.51805241060526,-199.99999999999977,0,0,0
2026-01-02 14:45:00,ZONE_A,2676.56777083106,1412.687080936082,19.007898237990048,2526.3016400347856,0.7218004685813673,0.0,300.0,0,0,0,986.7472754198792,986.7472754198792,2826.3016400347856,0.807514754295653,0.0,-967.7393771818892,-967.7393771818892,-300.0,0,0,0
2026-01-02 14:45:00,ZONE_B,1896.8838183563616,846.0223880501826,8.331434178227255,1793.9179110801754,0.6406849682429198,0.0,200.0,0,0,0,395.090884333388,395.090884333388,1993.9179110801754,0.7121135396714912,0.0,-386.7594501551607,-386.7594501551607,-200.0,0,0,0
2026-01-02 15:00:00,ZONE_A,2793.771460262344,1319.1966486540978,14.590100775488736,2596.934421657887,0.7419812633308248,0.0,300.0,0,0,0,906.038264587838,906.038264587838,2896.934421657887,0.8276955490451106,0.0,-891.4481638123492,-891.4481638123492,-300.0,0,0,0
2026-01-02 15:00:00,ZONE_B,2127.993000680264,766.868647237894,14.716261582429752,1953.710577660576,0.6977537777359201,0.0,200.0,0,0,0,364.98486654208,364.98486654208,2153.710577660576,0.7691823491644914,0.0,-350.26860495965025,-350.26860495965025,-199.99999999999977,0,0,0
2026-01-02 15:15:00,ZONE_A,2682.681533220785,1335.3370984651897,4.081765984786216,2511.208723449976,0.7174882066999931,0.0,300.0,0,0,0,919.22751988629,919.22751988629,2811.208723449976,0.8032024924142788,0.0,-915.1457539015038,-915.1457539015038,-300.0,0,0,0
2026-01-02 15:15:00,ZONE_B,1993.7567423779803,802.5446214290748,0.0,1865.8508280712224,0.6663752957397223,0.0,200.0,0,0,0,391.27083486936,391.27083486936,2065.850828071222,0.7378038671682936,0.0,-391.27083486936,-391.27083486936,-199.99999999999977,0,0,0
2026-01-02 15:30:00,ZONE_A,2657.6203309822777,1271.267779544731,7.40634340800284,2474.045423761704,0.7068701210747727,0.0,300.0,0,0,0,839.518515820336,839.518515820336,2774.045423761704,0.7925844067890583,0.0,-832.1121724123332,-832.1121724123332,-300.0,0,0,0
2026-01-02 15:30:00,ZONE_B,1860.8718509764155,781.6365071161345,11.041158962799614,1753.2269927905438,0.6261524974251942,0.0,200.0,0,0,0,319.496889495004,319.496889495004,1953.2269927905438,0.6975810688537657,0.0,-308.45573053220437,-308.45573053220437,-200.0,0,0,0
2026-01-02 15:45:00,ZONE_A,2680.121282757861,1221.8820639533603,14.733577720184256,2480.5298758025274,0.7087228216578649,0.0,300.0,0,0,0,825.7806371226,825.7806371226,2780.5298758025274,0.7944371073721507,0.0,-811.0470594024157,-811.0470594024157,-300.0,0,0,0
2026-01-02 16:00:00,ZONE_A,2813.118382793177,1136.3139558913808,0.0,2564.5615816262325,0.7327318804646379,0.0,300.0,0,0,0,631.5106848299899,631.5106848299899,2864.5615816262325,0.8184461661789236,0.0,-631.5106848299899,-631.5106848299899,-300.0,0,0,0
2026-01-02 16:15:00,ZONE_A,2790.8609488571287,1081.2720934545805,14.64696244025913,2526.4672816196394,0.7218477947484684,0.0,300.0,0,0,0,709.6067267937,709.6067267937,2826.4672816196394,0.8075620804627541,0.0,-694.9597643534408,-694.9597643534408,-300.0,0,0,0
2026-01-02 16:30:00,ZONE_A,2788.20965735007,1002.2726408556196,0.0,2503.297542744677,0.7152278693556219,0.0,300.0,0,0,0,358.025583066198,358.025583066198,2803.297542744677,0.8009421550699076,0.0,-358.025583066198,-358.025583066198,-300.0,0,0,0
2026-01-02 16:45:00,ZONE_A,2803.298584975728,944.5160208206444,0.0,2498.5019049874213,0.7138576871392632,0.0,300.0,0,0,0,375.3315284325299,375.3315284325299,2798.5019049874213,0.799571972853549,0.0,-375.3315284325299,-375.3315284325299,-300.0,0,0,0
2026-01-02 17:00:00,ZONE_A,2801.058789364696,905.7017115859692,20.77076483155531,2481.9509473960134,0.7091288421131466,0.0,300.0,0,0,0,469.73138635452,469.73138635452,2781.9509473960134,0.7948431278274324,0.0,-448.9606215229647,-448.9606215229647,-300.0,0,0,0
2026-01-02 17:15:00,ZONE_A,2778.5624327985456,837.2540950450833,17.200610680041223,2445.2993823436373,0.6986569663838964,0.0,300.0,0,0,0,412.626035407562,412.626035407562,2745.2993823436373,0.784371252098182,0.0,-395.42542472752075,-395.42542472752075,-300.0,0,0,0
2026-01-02 17:30:00,ZONE_A,2803.075276590894,743.5979903884612,0.0,2442.600507155016,0.6978858591871475,0.0,300.0,0,0,0,115.82956248571998,115.82956248571998,2742.600507155016,0.7836001449014331,0.0,-115.82956248571998,-115.82956248571998,-300.0,0,0,0
2026-01-02 17:45:00,ZONE_A,2792.78901947656,669.7798877440763,0.0,2413.125402942396,0.6894644008406845,0.0,300.0,0,0,0,124.99593443500004,124.99593443500004,2713.125402942396,0.7751786865549702,0.0,-124.99593443500004,-124.9959344350001,-300.0,0,0,0
2026-01-02 18:00:00,ZONE_A,2826.8549520663355,594.114179050233,0.0,2425.070473583221,0.6928772781666346,0.0,300.0,0,0,0,70.69527837348159,70.69527837348159,2725.070473583221,0.7785915638809203,0.0,-70.69527837348159,-70.69527837348153,-300.0,0,0,0
2026-01-02 18:15:00,ZONE_A,2808.699429453471,594.9785013779773,0.0,2406.8926124937293,0.687683603569637,0.0,300.0,0,0,0,141.43935883292409,141.43935883292409,2706.8926124937293,0.7733978892839226,0.0,-141.43935883292409,-141.43935883292409,-300.0,0,0,0
2026-01-02 18:30:00,ZONE_A,2798.2054884734443,616.221819578778,16.948643986107527,2396.759359685962,0.6847883884817034,0.0,300.0,0,0,0,147.13643347677498,147.13643347677498,2696.759359685962,0.7705026741959892,0.0,-130.18778949066746,-130.18778949066746,-300.0,0,0,0
2026-01-02 18:45:00,ZONE_A,2787.881116743058,606.4182917709284,12.436057956068794,2388.518343197438,0.6824338123421251,0.0,300.0,0,0,0,161.44032409144404,161.44032409144404,2688.518343197438,0.7681480980564108,0.0,-149.00426613537525,-149.00426613537525,-300.0,0,0,0
2026-01-02 19:00:00,ZONE_A,2820.179829538633,615.0247831676949,6.01713056154972,2418.373067770316,0.6909637336486617,0.0,300.0,0,0,0,78.82468995360006,78.82468995360006,2718.373067770316,0.7766780193629474,0.0,-72.80755939205034,-72.8075593920504,-300.0,0,0,0
2026-01-02 19:15:00,ZONE_A,2819.574122593096,613.6551319770874,18.410736396497786,2417.8048189215147,0.6908013768347184,0.0,300.0,0,0,0,149.0506320579118,149.0506320579118,2717.8048189215147,0.7765156625490042,0.0,-130.63989566141402,-130.63989566141402,-300.0,0,0,0
2026-01-02 19:30:00,ZONE_A,2771.820314000965,594.7814711210505,0.0,2375.674715853775,0.67876420452965,0.0,300.0,0,0,0,57.63853107092604,57.63853107092604,2675.674715853775,0.7644784902439358,0.0,-57.63853107092604,-57.63853107092609,-300.0,0,0,0
2026-01-02 19:45:00,ZONE_A,2812.235370138972,614.6743419285024,6.9557164560723095,2410.4128115941367,0.6886893747411819,0.0,300.0,0,0,0,69.86345441136001,69.86345441136001,2710.4128115941367,0.7744036604554676,0.0,-62.9077379552877,-62.907737955287644,-300.0,0,0,0
2026-01-02 20:00:00,ZONE_A,2813.9715096172404,603.4871706800753,3.0910818454950686,2412.19899786566,0.6891997136759029,0.0,300.0,0,0,0,5.692765290285024,5.692765290285024,2712.19899786566,0.7749139993901887,0.0,-2.6016834447899555,-2.6016834447899555,-300.0,0,0,0
2026-01-02 20:15:00,ZONE_A,2747.12349124073,608.5631849109667,11.574396476507218,2355.9185223722343,0.6731195778206384,0.0,300.0,0,0,0,88.90426193007795,88.90426193007795,2655.9185223722343,0.7588338635349241,0.0,-77.32986545357073,-77.32986545357073,-300.0,0,0,0
2026-01-02 20:30:00,ZONE_A,2775.5809885800227,610.6824241628672,8.363874229993826,2378.6735578593057,0.6796210165312302,0.0,300.0,0,0,0,2.491376193619999,2.491376193619999,2678.6735578593057,0.7653353022455159,0.0,5.872498036373827,5.872498036373827,-300.0,0,0,0
2026-01-02 20:45:00,ZONE_A,2772.324129382218,598.5767162406603,8.755964128738015,2376.094223799816,0.6788840639428045,0.0,300.0,0,0,0,84.82815523732,84.82815523732,2676.094223799816,0.7645983496570903,0.0,-76.07219110858199,-76.07219110858205,-300.0,0,0,0
2026-01-02 21:00:00,ZONE_A,2659.558561910033,610.4980587766908,16.811691944296967,2285.8966587531063,0.6531133310723161,0.0,300.0,0,0,0,132.32245913568,132.32245913568,2585.8966587531063,0.7388276167866018,0.0,-115.51076719138302,-115.51076719138302,-300.0,0,0,0
2026-01-02 21:15:00,ZONE_A,2692.343052547427,595.7842746021175,0.0,2312.0459666602574,0.6605845619029307,0.0,300.0,0,0,0,94.95757987802398,94.95757987802398,2612.0459666602574,0.7462988476172164,0.0,-94.95757987802398,-94.95757987802398,-300.0,0,0,0
2026-01-02 21:30:00,ZONE_A,2641.0530563538728,609.4428753602296,0.0,2271.020176007145,0.6488629074306128,0.0,300.0,0,0,0,61.831764135679975,61.831764135679975,2571.020176007145,0.7345771931448986,0.0,-61.831764135679975,-61.83176413567992,-300.0,0,0,0
2026-01-02 21:45:00,ZONE_A,2569.5264182225715,606.6068310872117,2.8577809473188154,2213.827349536949,0.6325220998676997,0.0,300.0,0,0,0,80.61713790275996,80.61713790275996,2513.827349536949,0.7182363855819854,0.0,-77.75935695544115,-77.75935695544115,-300.0,0,0,0
2026-01-02 22:15:00,ZONE_A,2494.454011910109,599.7526237665064,0.0,2153.7800584193924,0.6153657309769692,0.0,300.0,0,0,0,56.856813243864,56.856813243864,2453.7800584193924,0.701080016691255,0.0,-56.856813243864,-56.85681324386405,-300.0,0,0,0
2026-01-02 22:45:00,ZONE_A,2460.9819342688456,613.435829752256,19.341058145623837,2126.9703658813983,0.6077058188232567,0.0,300.0,0,0,0,156.09190099776004,156.09190099776004,2426.9703658813983,0.6934201045375423,0.0,-136.7508428521362,-136.7508428521362,-300.0,0,0,0
2026-01-02 23:00:00,ZONE_A,2462.2718340562856,596.8609454428148,4.397789702592263,2128.0199186734862,0.6080056910495675,0.0,300.0,0,0,0,152.29257572750402,152.29257572750402,2428.0199186734862,0.6937199767638532,0.0,-147.89478602491175,-147.89478602491175,-300.0,0,0,0
2026-01-02 23:15:00,ZONE_A,2465.870624828114,606.8896086227099,12.90486362266222,2130.9386087072207,0.6088396024877774,0.0,300.0,0,0,0,60.02089094946001,60.02089094946001,2430.9386087072207,0.6945538882020631,0.0,-47.11602732679779,-47.11602732679785,-300.0,0,0,0
2026-01-02 23:30:00,ZONE_A,2356.3879230201146,609.4458906288734,13.410730979348273,2043.34979532543,0.5838142272358372,0.0,300.0,0,0,0,84.59488262322407,84.59488262322407,2343.34979532543,0.6695285129501228,0.0,-71.1841516438758,-71.1841516438758,-300.0,0,0,0
2026-01-02 23:45:00,ZONE_A,2303.377979843772,607.8337909420526,0.5582821086046579,2000.92225366032,0.5716920724743771,0.0,300.0,0,0,0,95.35644414720002,95.35644414720002,2300.92225366032,0.6574063581886629,0.0,-94.79816203859536,-94.79816203859536,-300.0000000000002,0,0,0
2026-01-03 00:00:00,ZONE_A,2271.5947193768234,602.1289817676608,0.0,1975.4815004670304,0.5644232858477229,0.0,300.0,0,0,0,75.87278422593204,75.87278422593204,2275.4815004670304,0.6501375715620087,0.0,-75.87278422593204,-75.87278422593204,-300.0,0,0,0
2026-01-03 00:15:00,ZONE_A,2385.5299299980115,593.8671594926708,0.0,2066.634224790584,0.5904669213687384,0.0,300.0,0,0,0,80.32093699157497,80.32093699157497,2366.634224790584,0.676181207083024,0.0,-80.32093699157497,-80.32093699157497,-300.0,0,0,0
2026-01-03 00:30:00,ZONE_A,2270.426072379841,602.9500653286647,4.7339263947667405,1974.558301702696,0.5641595147721988,0.0,300.0,0,0,0,91.59090645470604,91.59090645470604,2274.558301702696,0.6498738004864846,0.0,-86.8569800599393,-86.8569800599393,-300.0,0,0,0
2026-01-03 01:00:00,ZONE_A,2347.619322175545,600.4134157459779,4.022025239045775,2036.2815363824773,0.5817947246807078,0.0,300.0,0,0,0,98.47789384480495,98.47789384480495,2336.2815363824775,0.6675090103949936,0.0,-94.45586860575918,-94.45586860575918,-300.0000000000002,0,0,0
2026-01-03 01:15:00,ZONE_A,2245.942988780881,605.8805408480998,9.819183105155505,1954.97568033186,0.5585644800948172,0.0,300.0,0,0,0,114.939799049364,114.939799049364,2254.97568033186,0.6442787658091029,0.0,-105.1206159442085,-105.12061594420851,-300.0,0,0,0
2026-01-03 01:30:00,ZONE_A,2296.9344467754167,615.8603378106199,21.76463424773351,1995.752765625857,0.5702150758931019,0.0,300.0,0,0,0,109.344491098383,109.344491098383,2295.752765625857,0.6559293616073878,0.0,-87.57985685064949,-87.57985685064949,-300.0000000000002,0,0,0
2026-01-03 01:45:00,ZONE_A,2305.725089098051,603.5809819115509,8.643656319268075,2002.780070371934,0.572222877249124,0.0,300.0,0,0,0,80.26504239687995,80.26504239687995,2302.780070371934,0.6579371629634098,0.0,-71.62138607761187,-71.62138607761187,-300.0,0,0,0
2026-01-03 02:00:00,ZONE_A,2261.130603511837,608.6551550554607,16.507031013131495,1967.1232702544075,0.5620352200726879,0.0,300.0,0,0,0,175.979388224692,175.979388224692,2267.1232702544075,0.6477495057869735,0.0,-159.4723572115605,-159.4723572115605,-300.0,0,0,0
2026-01-03 02:15:00,ZONE_A,2315.046199394218,595.1190709876626,0.0,2010.310365248604,0.5743743900710298,0.0,300.0,0,0,0,101.3752793097425,101.3752793097425,2310.3103652486043,0.6600886757853155,0.0,-101.3752793097425,-101.3752793097425,-300.0000000000002,0,0,0
2026-01-03 02:30:00,ZONE_A,2285.344213102901,611.8126522827964,14.602419736079469,1986.4920519211807,0.567569157691766,0.0,300.0,0,0,0,99.47002416839,99.47002416839,2286.492051921181,0.6532834434060517,0.0,-84.86760443231053,-84.86760443231049,-300.0000000000002,0,0,0
2026-01-03 02:45:00,ZONE_A,2305.8926660748025,596.1382195433285,0.0,2002.93851004264,0.5722681457264686,0.0,300.0,0,0,0,107.92799340015802,107.92799340015802,2302.93851004264,0.6579824314407542,0.0,-107.92799340015802,-107.92799340015802,-299.9999999999998,0,0,0
2026-01-03 03:00:00,ZONE_A,2337.2177365726648,609.4066349967835,0.0,2027.9475651383607,0.5794135900395316,0.0,300.0,0,0,0,38.151622150575975,38.151622150575975,2327.947565138361,0.6651278757538174,0.0,-38.151622150575975,-38.15162215057592,-300.0000000000002,0,0,0
2026-01-03 03:15:00,ZONE_A,2287.503590572563,609.6327414698621,9.482606435303753,1988.1830394766127,0.5680522969933179,0.0,300.0,0,0,0,123.4294127637,123.4294127637,2288.183039476613,0.6537665827076037,0.0,-113.94680632839625,-113.94680632839624,-300.0000000000002,0,0,0
2026-01-03 03:30:00,ZONE_A,2258.9358720791465,614.7768740388536,19.40091393995988,1965.3736284666893,0.5615353224190541,0.0,300.0,0,0,0,142.17695522392228,142.17695522392228,2265.3736284666893,0.6472496081333398,0.0,-122.7760412839624,-122.7760412839624,-300.0,0,0,0
2026-01-03 03:45:00,ZONE_A,2258.3227572388723,605.4068504237301,0.0,1964.884767516007,0.5613956478617163,0.0,300.0,0,0,0,128.04590287968006,128.04590287968006,2264.884767516007,0.647109933576002,0.0,-128.04590287968006,-128.04590287968006,-299.9999999999998,0,0,0
2026-01-03 04:30:00,ZONE_A,2289.208445359688,600.4106234239042,0.0,1989.596395911084,0.5684561131174526,0.0,300.0,0,0,0,65.12435012195004,65.12435012195004,2289.596395911084,0.6541703988317383,0.0,-65.12435012195004,-65.12435012194999,-300.0,0,0,0
2026-01-03 04:45:00,ZONE_A,2285.743190189924,606.5014929255925,9.108233015066617,1986.7969517886413,0.5676562719396118,0.0,300.0,0,0,0,45.16734818803798,45.16734818803798,2286.7969517886413,0.6533705576538975,0.0,-36.05911517297136,-36.05911517297136,-300.0,0,0,0
2026-01-03 05:00:00,ZONE_B,1571.8687151344054,283.1131389085073,11.53148293692334,1396.52951950352,0.4987605426798286,0.0,164.267724145302,0,0,0,0.0,0.0,1560.7972436488221,0.5574275870174364,0.0,11.53148293692334,11.53148293692334,-164.26772414530205,0,0,0
2026-01-03 05:15:00,ZONE_A,2276.087944751445,603.3007802335559,0.0,1979.0764067067296,0.5654504019162084,0.0,300.0,0,0,0,102.18502229527996,102.18502229527996,2279.0764067067294,0.6511646876304941,0.0,-102.18502229527996,-102.18502229527996,-299.9999999999998,0,0,0
2026-01-03 05:30:00,ZONE_A,2278.454209997012,593.1666402453653,0.0,1980.9506557339648,0.5659859016382757,0.0,300.0,0,0,0,109.49586927599228,109.49586927599228,2280.9506557339646,0.6517001873525613,0.0,-109.49586927599228,-109.49586927599228,-299.9999999999998,0,0,0
2026-01-03 05:45:00,ZONE_A,2276.585098233307,612.9243077316272,2.964417450500605,1979.4369777018976,0.5655534222005422,0.0,300.0,0,0,0,28.416924002809992,28.416924002809992,2279.4369777018974,0.6512677079148278,0.0,-25.452506552309387,-25.452506552309387,-299.9999999999998,0,0,0
2026-01-03 06:00:00,ZONE_A,2578.747684823588,613.075067499467,11.266605930084438,2221.213756289034,0.6346325017968668,0.0,300.0,0,0,0,197.91983984336093,197.91983984336093,2521.213756289034,0.7203467875111526,0.0,-186.6532339132765,-186.6532339132765,-300.0,0,0,0
2026-01-03 06:15:00,ZONE_A,2564.2390302233034,615.5270375753852,6.679043926664008,2209.616889789186,0.631319111368339,0.0,300.0,0,0,0,166.41100819234003,166.41100819234003,2509.616889789186,0.7170333970826246,0.0,-159.73196426567603,-159.73196426567603,-300.0,0,0,0
2026-01-03 06:30:00,ZONE_A,2631.347678358796,606.4025426514089,0.0,2263.30324395588,0.64665806970168,0.0,300.0,0,0,0,90.37185658416,90.37185658416,2563.30324395588,0.7323723554159658,0.0,-90.37185658416,-90.37185658416001,-300.0,0,0,0
2026-01-03 06:45:00,ZONE_A,2623.02376404246,578.345318485866,17.768334087113544,2246.859256657481,0.6419597876164232,0.0,300.0,0,0,0,188.26761013292804,188.26761013292804,2546.859256657481,0.7276740733307089,0.0,-170.4992760458145,-170.4992760458145,-300.0,0,0,0
2026-01-03 07:15:00,ZONE_A,2739.675488571453,650.7419600804168,0.0,2362.777132877521,0.6750791808221489,0.0,300.0,0,0,0,136.91586471468003,136.91586471468003,2662.777132877521,0.7607934665364346,0.0,-136.91586471468003,-136.91586471467997,-300.0,0,0,0
2026-01-03 07:30:00,ZONE_A,2718.838931418199,640.2475238717078,0.0,2345.8042898231693,0.6702297970923341,0.0,300.0,0,0,0,64.28316086655997,64.28316086655997,2645.8042898231693,0.7559440828066197,0.0,-64.28316086655997,-64.28316086656002,-300.0,0,0,0
2026-01-03 07:45:00,ZONE_A,2769.395899193521,517.019495571388,0.0,2368.01721027375,0.6765763457925,0.0,264.32159676765195,0,0,0,0.0,0.0,2632.338807041402,0.7520968020118292,0.0,0.0,0.0,-264.32159676765195,0,0,0
2026-01-03 08:00:00,ZONE_A,2795.437906310969,581.1761646329278,0.0,2393.900466584621,0.6839715618813202,0.0,300.0,0,0,0,39.605045415600046,39.605045415600046,2693.900466584621,0.769685847595606,0.0,-39.605045415600046,-39.60504541559999,-300.0,0,0,0
2026-01-03 08:30:00,ZONE_A,2845.522676926135,811.5631577656578,0.0,2496.4405722888446,0.7132687349396699,0.0,300.0,0,0,0,132.84335532369596,132.84335532369596,2796.4405722888446,0.7989830206539555,0.0,-132.84335532369596,-132.84335532369596,-300.0,0,0,0
2026-01-03 09:15:00,ZONE_A,2977.849530332191,703.5483564350259,2.2615490450361904,2576.189333862352,0.7360540953892435,0.0,300.0,0,0,0,154.58026380179996,154.58026380179996,2876.189333862352,0.8217683811035292,0.0,-152.31871475676377,-152.3187147567637,-300.0,0,0,0
2026-01-03 09:30:00,ZONE_A,2996.703918599416,827.0824090586286,0.2821268407828938,2619.56964692304,0.7484484705494401,0.0,300.0,0,0,0,243.29942301113,243.29942301113,2919.56964692304,0.8341627562637257,0.0,-243.0172961703471,-243.0172961703471,-300.0,0,0,0
2026-01-03 09:45:00,ZONE_A,2988.0091643197725,848.8416928974045,6.87197982656653,2619.025824013601,0.7482930925753145,0.0,300.0,0,0,0,192.749535347784,192.749535347784,2919.025824013601,0.8340073782896003,0.0,-185.87755552121746,-185.87755552121746,-300.0,0,0,0
2026-01-03 10:00:00,ZONE_A,2647.6741965939773,750.4808144273251,3.771552065581545,2321.287804387229,0.6632250869677797,0.0,300.0,0,0,0,221.62936237989004,221.62936237989004,2621.287804387229,0.7489393726820653,0.0,-217.8578103143085,-217.8578103143085,-300.0,0,0,0
2026-01-03 11:15:00,ZONE_A,2693.954372602813,675.5508462849123,3.830378793688169,2340.728999473597,0.6687797141353135,0.0,300.0,0,0,0,80.85977791550704,80.85977791550704,2640.728999473597,0.7544939998495992,0.0,-77.02939912181887,-77.02939912181887,-300.0,0,0,0
2026-01-03 11:30:00,ZONE_A,2643.0463040010504,697.9357015487831,0.3048317926700292,2308.273029803231,0.6595065799437804,0.0,300.0,0,0,0,72.517515055378,72.517515055378,2608.273029803231,0.745220865658066,0.0,-72.21268326270797,-72.21268326270797,-300.0,0,0,0
2026-01-03 11:45:00,ZONE_A,2754.203803349324,703.3315183651189,7.724972572774732,2399.4338006111752,0.6855525144603358,0.0,300.0,0,0,0,298.12013623121686,298.12013623121686,2699.4338006111752,0.7712668001746215,0.0,-290.39516365844213,-290.39516365844213,-300.0,0,0,0
2026-01-03 12:00:00,ZONE_A,2670.0014373411773,652.5912967182677,0.0,2320.079145938491,0.662879755982426,0.0,300.0,0,0,0,183.83477572023,183.83477572023,2620.079145938491,0.7485940416967117,0.0,-183.83477572023,-183.83477572023003,-300.0,0,0,0
2026-01-03 12:15:00,ZONE_A,2702.1378540096443,663.9637172729216,7.669051441269289,2349.0933356729347,0.6711695244779814,0.0,300.0,0,0,0,226.531401034992,226.531401034992,2649.0933356729347,0.756883810192267,0.0,-218.8623495937227,-218.86234959372268,-300.0,0,0,0
2026-01-03 12:30:00,ZONE_A,2707.862091928768,737.6955638896436,0.0,2373.3366328635925,0.6780961808181692,0.0,300.0,0,0,0,303.1398719860599,303.1398719860599,2673.3366328635925,0.763810466532455,0.0,-303.1398719860599,-303.1398719860599,-300.0,0,0,0
2026-01-03 12:45:00,ZONE_A,2785.5799083781085,748.5712205751217,16.659061452906826,2436.029225818576,0.6960083502338789,0.0,300.0,0,0,0,449.5451826125701,449.5451826125701,2736.029225818576,0.7817226359481646,0.0,-432.8861211596633,-432.8861211596633,-300.0,0,0,0
2026-01-03 13:00:00,ZONE_A,2664.3568092802507,834.9776005638007,7.065176863072679,2364.7531135367944,0.6756437467247984,0.0,300.0,0,0,0,419.75675565741005,419.75675565741005,2664.7531135367944,0.7613580324390842,0.0,-412.6915787943374,-412.6915787943374,-300.0,0,0,0
2026-01-03 13:15:00,ZONE_A,2654.01969785173,831.4223256061055,27.457566260075737,2351.087300680797,0.6717392287659419,0.0,300.0,0,0,0,457.40706824812,457.40706824812,2651.087300680797,0.7574535144802277,0.0,-429.9495019880443,-429.9495019880443,-300.0,0,0,0
2026-01-03 13:30:00,ZONE_A,2687.1691768527808,836.2625718728035,0.0,2383.600770119171,0.6810287914626203,0.0,300.0,0,0,0,455.48109584142,455.48109584142,2683.600770119171,0.766743077176906,0.0,-455.48109584142,-455.48109584142,-300.0,0,0,0
2026-01-03 13:30:00,ZONE_B,1937.0091626963297,474.0417920711536,0.0,1682.9977940207598,0.6010706407216999,0.0,200.0,0,0,0,157.84083511427502,157.84083511427502,1882.9977940207598,0.6724992121502713,0.0,-157.84083511427502,-157.84083511427502,-200.0,0,0,0
2026-01-03 13:45:00,ZONE_A,2668.231898515237,873.9328766521041,0.0,2378.418558501963,0.6795481595719894,0.0,300.0,0,0,0,448.00621936651,448.00621936651,2678.418558501963,0.7652624452862752,0.0,-448.00621936651,-448.00621936651,-300.0,0,0,0
2026-01-03 14:00:00,ZONE_A,2816.8429721843927,795.5742214830715,0.0,2477.132836108454,0.7077522388881297,0.0,300.0,0,0,0,418.81451920343,418.81451920343,2777.132836108454,0.7934665246024154,0.0,-418.81451920343,-418.81451920343,-300.0,0,0,0
2026-01-03 14:15:00,ZONE_A,2636.457022450011,802.784507779686,5.398922702743562,2332.5550213690403,0.6664442918197259,0.0,300.0,0,0,0,369.533256984644,369.533256984644,2632.5550213690403,0.7521585775340115,0.0,-364.13433428190046,-364.13433428190046,-300.0,0,0,0
2026-01-03 14:30:00,ZONE_A,2673.0709595284784,782.2955223532965,7.476906444681845,2353.306453294688,0.6723732723699108,0.0,300.0,0,0,0,306.09709748928003,306.09709748928003,2653.306453294688,0.7580875580841965,0.0,-298.6201910445982,-298.6201910445982,-300.0,0,0,0
2026-01-03 14:45:00,ZONE_A,2684.60992406157,764.2933741740101,25.18021919522016,2356.854494307659,0.6733869983736168,0.0,300.0,0,0,0,304.0155481167001,304.0155481167001,2656.854494307659,0.7591012840879026,0.0,-278.8353289214799,-278.8353289214799,-300.0,0,0,0
2026-01-03 15:00:00,ZONE_A,2838.8724199520507,666.2874690195308,0.0,2455.5891813866824,0.7015969089676235,0.0,300.0,0,0,0,205.18470883087195,205.18470883087195,2755.5891813866824,0.7873111946819092,0.0,-205.18470883087195,-205.18470883087195,-300.0,0,0,0
2026-01-03 15:15:00,ZONE_A,2701.6244216070386,561.7185625803362,5.044510768179293,2316.9746726047565,0.661992763601359,0.0,300.0,0,0,0,179.282326237728,179.282326237728,2616.9746726047565,0.7477070493156447,0.0,-174.2378154695487,-174.2378154695487,-300.0,0,0,0
2026-01-03 15:30:00,ZONE_A,2681.916637290211,484.19563864780855,4.044934336204278,2281.019697011553,0.6517199134318723,0.0,300.0,0,0,0,151.14168586190004,151.14168586190004,2581.019697011553,0.737434199146158,0.0,-147.09675152569577,-147.09675152569577,-300.0,0,0,0
2026-01-03 15:45:00,ZONE_A,2685.0870066604207,558.0314851317331,8.9462574309415,2300.947410389315,0.6574135458255186,0.0,300.0,0,0,0,96.77841874345596,96.77841874345596,2600.947410389315,0.7431278315398042,0.0,-87.83216131251446,-87.83216131251447,-300.0,0,0,0
2026-01-03 16:00:00,ZONE_A,2787.1205373942325,495.4273723174233,2.193006826092073,2386.035290123836,0.6817243686068103,0.0,300.0,0,0,0,61.47744968292005,61.47744968292005,2686.035290123836,0.767438654321096,0.0,-59.28444285682798,-59.28444285682798,-300.0,0,0,0
2026-01-04 10:15:00,ZONE_A,2731.573976982499,447.7599433581895,8.654092069029389,2330.676069377625,0.6659074483936072,0.0,282.199244762842,0,0,0,0.0,0.0,2612.875314140467,0.7465358040401334,0.0,8.654092069029389,8.654092069029389,-282.1992447628418,0,0,0
2026-01-04 10:45:00,ZONE_A,2647.619072435023,495.597545149782,0.0,2257.4664254493664,0.6449904072712476,0.0,229.41648250081,0,0,0,0.0,0.0,2486.8829079501766,0.7105379737000505,0.0,0.0,0.0,-229.41648250081016,0,0,0
2026-01-04 11:00:00,ZONE_A,2656.008346070053,487.1858107339372,0.0,2260.0180722500054,0.6457194492142873,0.0,237.624130335036,0,0,0,0.0,0.0,2497.6422025850416,0.7136120578814404,0.0,0.0,0.0,-237.62413033503617,0,0,0
2026-01-04 11:15:00,ZONE_A,2643.66829228194,587.3621796600031,0.0,2279.7728190895527,0.6513636625970151,0.0,294.632249759022,0,0,0,0.0,0.0,2574.405068848575,0.7355443053853071,0.0,0.0,0.0,-294.6322497590222,0,0,0
2026-01-04 11:30:00,ZONE_A,2769.2288702397136,649.3063472044396,1.6623202470386786,2393.660052474116,0.6839028721354617,0.0,278.42544344349,0,0,0,0.0,0.0,2672.0854959176063,0.7634529988336018,0.0,1.6623202470386786,1.6623202470386786,-278.42544344349017,0,0,0
2026-01-04 11:45:00,ZONE_A,2673.221747378544,580.8208199314253,2.689773454336432,2297.7753397434544,0.6565072399267012,0.0,300.0,0,0,0,15.504727164007988,15.504727164007988,2597.7753397434544,0.742221525640987,0.0,-12.814953709671556,-12.8149537096715,-300.0,0,0,0
2026-01-04 12:00:00,ZONE_A,2669.9580536523413,650.6367017084889,12.446675209685507,2313.578803902055,0.6610225154005871,0.0,300.0,0,0,0,20.173142660249997,20.173142660249997,2613.578803902055,0.7467368011148728,0.0,-7.72646745056449,-7.726467450564542,-300.0,0,0,0
2026-01-04 12:30:00,ZONE_A,2702.684307382516,658.7050269105714,0.0,2345.7645178262624,0.6702184336646464,0.0,300.0,0,0,0,46.95371898741399,46.95371898741399,2645.7645178262624,0.7559327193789321,0.0,-46.95371898741399,-46.95371898741405,-300.0,0,0,0
2026-01-04 13:30:00,ZONE_A,2690.3869321334114,785.0322848182036,23.077330720177088,2367.1097508269786,0.676317071664851,0.0,300.0,0,0,0,81.67265644118828,81.67265644118828,2667.1097508269786,0.7620313573791367,0.0,-58.59532572101119,-58.59532572101125,-300.0,0,0,0
2026-01-04 13:30:00,ZONE_B,1999.6444086867969,403.92429443611394,11.446836025799598,1716.4774102047022,0.6130276465016794,0.0,200.0,0,0,0,23.315426998406508,23.315426998406508,1916.4774102047022,0.6844562179302508,0.0,-11.86859097260691,-11.86859097260691,-200.0,0,0,0
2026-01-04 14:00:00,ZONE_A,2718.899626013328,817.3321249825433,1.182813995409333,2401.155808702234,0.6860445167720669,0.0,300.0,0,0,0,91.14473164950005,91.14473164950005,2701.155808702234,0.7717588024863525,0.0,-89.96191765409071,-89.96191765409071,-300.0,0,0,0
2026-01-04 14:15:00,ZONE_A,2675.029800693256,914.1372652714232,0.0,2390.14401942089,0.6828982912631114,0.0,300.0,0,0,0,197.87066519189185,197.87066519189185,2690.14401942089,0.7686125769773972,0.0,-197.87066519189185,-197.87066519189182,-300.0,0,0,0
2026-01-04 14:30:00,ZONE_A,2664.62662767182,769.2436346098688,0.0,2340.747914422402,0.6687851184064006,0.0,300.0,0,0,0,79.0796915802,79.0796915802,2640.747914422402,0.7544994041206863,0.0,-79.0796915802,-79.0796915802,-300.0,0,0,0
2026-01-04 15:00:00,ZONE_A,2643.554570428176,844.6291572412365,6.727864976006231,2339.9841383870234,0.6685668966820068,0.0,300.0,0,0,0,227.38514207938,227.38514207938,2639.9841383870234,0.7542811823962924,0.0,-220.65727710337376,-220.65727710337376,-300.0,0,0,0
2026-01-04 15:15:00,ZONE_A,2640.7867726888007,783.2587898875213,0.0,2325.94447031598,0.6645555629474229,0.0,300.0,0,0,0,207.007632301016,207.007632301016,2625.94447031598,0.7502698486617086,0.0,-207.007632301016,-207.00763230101597,-300.0,0,0,0
2026-01-04 15:30:00,ZONE_A,2669.299362016943,853.8534053752204,23.220469785182445,2363.7978671139617,0.6753708191754176,0.0,300.0,0,0,0,208.00131216348,208.00131216348,2663.7978671139617,0.7610851048897034,0.0,-184.78084237829756,-184.78084237829762,-300.0,0,0,0
2026-01-04 15:45:00,ZONE_A,2707.3079337825347,843.8685064724484,0.0,2395.645024621461,0.6844700070347031,0.0,300.0,0,0,0,170.8761490554,170.8761490554,2695.645024621461,0.7701842927489888,0.0,-170.8761490554,-170.8761490554,-300.0,0,0,0
2026-01-04 16:00:00,ZONE_A,2822.8841031731586,823.9487924402166,6.381027864716543,2478.7698816284174,0.7082199661795479,0.0,300.0,0,0,0,241.43403325565,241.43403325565,2778.7698816284174,0.7939342518938335,0.0,-235.05300539093346,-235.05300539093344,-300.0,0,0,0
2026-01-04 16:15:00,ZONE_A,2777.768491687766,763.0216150293091,0.0,2425.6820591133423,0.6930520168895263,0.0,300.0,0,0,0,92.32942435577002,92.32942435577002,2725.6820591133423,0.7787663026038121,0.0,-92.32942435577002,-92.32942435577002,-300.0,0,0,0
2026-01-04 16:30:00,ZONE_A,2758.826386275894,726.5864022327434,0.0,2402.956362358372,0.6865589606738206,0.0,300.0,0,0,0,46.72400926077364,46.72400926077364,2702.956362358372,0.7722732463881063,0.0,-46.72400926077364,-46.72400926077364,-300.0,0,0,0
2026-01-04 17:00:00,ZONE_A,2826.532432789999,729.4293849410376,5.846073667262317,2456.094930621362,0.7017414087489605,0.0,300.0,0,0,0,135.45535120815003,135.45535120815003,2756.094930621362,0.7874556944632463,0.0,-129.60927754088772,-129.60927754088766,-300.0,0,0,0
2026-01-04 17:15:00,ZONE_A,2782.3503726990566,708.9527349475919,8.456357721493873,2413.7429442639377,0.689640841218268,0.0,300.0,0,0,0,39.567723316900015,39.567723316900015,2713.7429442639377,0.7753551269325536,0.0,-31.11136559540614,-31.11136559540614,-300.0,0,0,0
2026-01-04 17:30:00,ZONE_A,2818.5133389581574,660.336139027733,0.0,2431.9946979684555,0.6948556279909873,0.0,300.0,0,0,0,38.275291670520005,38.275291670520005,2731.9946979684555,0.780569913705273,0.0,-38.275291670520005,-38.275291670520005,-300.0,0,0,0
2026-01-04 17:45:00,ZONE_A,2780.237768462295,628.6155060125768,0.0,2392.260720548825,0.6835030630139499,0.0,300.0,0,0,0,20.59401150344001,20.59401150344001,2692.260720548825,0.7692173487282357,0.0,-20.59401150344001,-20.594011503440015,-300.0,0,0,0
2026-01-04 18:00:00,ZONE_A,2801.7445978483884,598.421473599021,0.0,2399.9652631027025,0.6857043608864865,0.0,300.0,0,0,0,52.81397139729603,52.81397139729603,2699.9652631027025,0.7714186466007721,0.0,-52.81397139729603,-52.81397139729597,-300.0,0,0,0
2026-01-04 18:15:00,ZONE_A,2774.65006168181,600.9471295366832,4.177378946393901,2377.9475319394364,0.6794135805541247,0.0,300.0,0,0,0,51.53250189756,51.53250189756,2677.9475319394364,0.7651278662684105,0.0,-47.3551229511661,-47.355122951166095,-300.0,0,0,0
2026-01-04 18:30:00,ZONE_A,2802.3330130003123,610.4932023819624,8.851537597943548,2400.554573222307,0.6858727352063735,0.0,300.0,0,0,0,75.90680801907439,75.90680801907439,2700.554573222307,0.7715870209206592,0.0,-67.05527042113084,-67.05527042113079,-300.0,0,0,0
2026-01-04 18:45:00,ZONE_A,2809.1411479341427,594.4732677232563,0.0,2407.3733568369385,0.6878209590962682,0.0,300.0,0,0,0,141.11546105598595,141.11546105598595,2707.3733568369385,0.7735352448105538,0.0,-141.11546105598595,-141.11546105598597,-300.0,0,0,0
2026-01-04 19:00:00,ZONE_A,2799.860802341753,598.1342883830582,0.0,2398.12791664393,0.6851794047554085,0.0,300.0,0,0,0,64.94990180652502,64.94990180652502,2698.12791664393,0.7708936904696942,0.0,-64.94990180652502,-64.94990180652508,-300.0,0,0,0
2026-01-04 19:15:00,ZONE_A,2763.945287399637,594.0602911836511,0.0,2369.3371499000523,0.6769534714000149,0.0,300.0,0,0,0,57.528200850374446,57.528200850374446,2669.3371499000523,0.7626677571143007,0.0,-57.528200850374446,-57.528200850374446,-300.0,0,0,0
2026-01-04 19:30:00,ZONE_A,2810.990533488593,614.4421364323565,10.745083191491176,2409.1607151625026,0.6883316329035721,0.0,300.0,0,0,0,83.26914134496002,83.26914134496002,2709.1607151625026,0.7740459186178579,0.0,-72.52405815346884,-72.5240581534689,-300.0,0,0,0
2026-01-04 19:45:00,ZONE_A,2790.3417430554323,615.9303981968259,9.46687884866276,2390.449981527314,0.682985709007804,0.0,300.0,0,0,0,57.50714746398006,57.50714746398006,2690.449981527314,0.7686999947220897,0.0,-48.0402686153173,-48.040268615317245,-300.0,0,0,0
2026-01-04 20:00:00,ZONE_A,2819.5593002599985,613.1050526449545,23.814830517813903,2417.7488012652843,0.6907853717900813,0.0,300.0,0,0,0,142.93562643261004,142.93562643261004,2717.7488012652843,0.776499657504367,0.0,-119.12079591479613,-119.12079591479613,-300.0,0,0,0
2026-01-04 20:15:00,ZONE_A,2805.515968181621,594.910911280948,0.0,2403.7272075043247,0.6867792021440928,0.0,300.0,0,0,0,34.18363144028001,34.18363144028001,2703.7272075043247,0.7724934878583785,0.0,-34.18363144028001,-34.18363144028001,-300.0,0,0,0
2026-01-04 20:30:00,ZONE_A,2815.452459719361,596.2256704509988,0.0,2413.6880402305487,0.6896251543515853,0.0,300.0,0,0,0,73.93319218593001,73.93319218593001,2713.6880402305487,0.7753394400658711,0.0,-73.93319218593001,-73.93319218593001,-300.0,0,0,0
2026-01-04 20:45:00,ZONE_A,2792.573759706941,600.9050489010509,8.603673005717155,2392.2551783697218,0.6835014795342063,0.0,300.0,0,0,0,138.22559657317794,138.22559657317794,2692.2551783697218,0.7692157652484919,0.0,-129.62192356746078,-129.62192356746078,-300.0,0,0,0
2026-01-04 21:00:00,ZONE_A,2696.73188151089,599.0716941565873,1.3367012013596875,2315.6020852134443,0.6616005957752698,0.0,300.0,0,0,0,24.51664844144,24.51664844144,2615.6020852134443,0.7473148814895555,0.0,-23.179947240080313,-23.17994724008031,-300.0,0,0,0
2026-01-04 21:15:00,ZONE_A,2636.9677619607774,609.3319892090431,2.9653220732897125,2267.794465845652,0.6479412759559007,0.0,300.0,0,0,0,78.43280526384603,78.43280526384603,2567.794465845652,0.7336555616701863,0.0,-75.46748319055632,-75.46748319055632,-300.0,0,0,0
2026-01-04 21:30:00,ZONE_A,2584.834644842673,601.6933108498398,9.659804819060582,2226.0893447439794,0.6360255270697084,0.0,300.0,0,0,0,83.35868464429808,83.35868464429808,2526.0893447439794,0.7217398127839941,0.0,-73.6988798252375,-73.69887982523744,-300.0,0,0,0
2026-01-04 21:45:00,ZONE_A,2582.8513614413955,529.8910474322621,0.0,2202.905947005016,0.6294016991442903,0.0,300.0,0,0,0,24.40351339050005,24.40351339050005,2502.905947005016,0.715115984858576,0.0,-24.40351339050005,-24.403513390500052,-300.0,0,0,0
2026-01-04 22:00:00,ZONE_A,2537.770678344412,371.6881001779803,0.0,2136.6811913914567,0.610480340397559,0.0,266.69790103473,0,0,0,0.0,0.0,2403.3790924261866,0.6866797406931962,0.0,0.0,0.0,-266.69790103472997,0,0,0
2026-01-04 23:15:00,ZONE_A,2427.5681688683067,513.113655250738,0.1709167717522177,2074.3416763162563,0.5926690503760732,0.0,300.0,0,0,0,13.534697202214945,13.534697202214945,2374.3416763162563,0.678383336090359,0.0,-13.363780430462727,-13.363780430462725,-300.0,0,0,0
2026-01-04 23:30:00,ZONE_A,2459.605356244825,417.56799944859466,13.877326568998342,2075.06916959098,0.5928769055974229,0.0,274.614723672138,0,0,0,0.0,0.0,2349.683893263118,0.6713382552180337,0.0,13.877326568998342,13.877326568998342,-274.6147236721381,0,0,0
2026-01-04 23:45:00,ZONE_A,2305.458649434704,489.3632380743161,0.0,1972.6898395333592,0.5636256684381026,0.0,300.0,0,0,0,9.006658607534973,9.006658607534973,2272.689839533359,0.6493399541523883,0.0,-9.006658607534973,-9.006658607534973,-300.0,0,0,0
2026-01-05 00:00:00,ZONE_A,2300.9608949289395,488.5666149320911,0.0,1970.3494902412983,0.5629569972117995,0.0,296.87943815775,0,0,0,0.0,0.0,2267.2289283990485,0.6477796938282996,0.0,0.0,0.0,-296.8794381577502,0,0,0
2026-01-05 00:15:00,ZONE_A,2304.620441013811,561.2142958470874,0.0,1991.692025306952,0.5690548643734149,0.0,300.0,0,0,0,61.07440973815102,61.07440973815102,2291.692025306952,0.6547691500877005,0.0,-61.07440973815102,-61.07440973815102,-300.0,0,0,0
2026-01-05 00:30:00,ZONE_A,2292.0786185736065,529.6438120189223,0.0,1969.864903338717,0.562818543811062,0.0,300.0,0,0,0,21.52907461113,21.52907461113,2269.8649033387173,0.6485328295253479,0.0,-21.52907461113,-21.52907461113,-300.0000000000002,0,0,0
2026-01-05 00:45:00,ZONE_A,2249.318196600981,605.6518382164197,0.0,1957.655175490284,0.5593300501400811,0.0,300.0,0,0,0,42.68633588056008,42.68633588056008,2257.655175490284,0.6450443358543668,0.0,-42.68633588056008,-42.68633588056014,-300.0,0,0,0
2026-01-05 01:00:00,ZONE_A,2302.810326696924,610.7862128875491,11.309088486198448,2000.450131176362,0.5715571803361035,0.0,300.0,0,0,0,164.7179440851919,164.7179440851919,2300.450131176362,0.6572714660503891,0.0,-153.40885559899345,-153.40885559899345,-300.0,0,0,0
2026-01-05 01:15:00,ZONE_A,2293.5487129718003,591.6718023009669,6.947593012790094,1989.9239260336424,0.5685496931524693,0.0,300.0,0,0,0,41.345230900426486,41.345230900426486,2289.9239260336426,0.654263978866755,0.0,-34.39763788763639,-34.39763788763639,-300.0000000000002,0,0,0
2026-01-05 01:30:00,ZONE_A,2332.6616245537384,601.0294444987971,11.51907593215492,2020.836819896557,0.5773819485418734,0.0,300.0,0,0,0,78.278234248216,78.278234248216,2320.8368198965572,0.6630962342561593,0.0,-66.75915831606108,-66.75915831606108,-300.0000000000002,0,0,0
2026-01-05 01:45:00,ZONE_A,2261.7336721105703,575.5326539982547,9.734042909925847,1957.3647734767924,0.5592470781362264,0.0,300.0,0,0,0,139.871433948247,139.871433948247,2257.3647734767924,0.6449613638505121,0.0,-130.13739103832114,-130.13739103832114,-300.0,0,0,0
2026-01-05 02:00:00,ZONE_A,2302.944191616733,612.9878132178486,1.6127894344389233,2000.5323387388312,0.5715806682110947,0.0,300.0,0,0,0,12.791298297142475,12.791298297142475,2300.532338738831,0.6572949539253803,0.0,-11.178508862703552,-11.178508862703552,-300.0,0,0,0
2026-01-05 02:15:00,ZONE_A,2308.626252258028,487.6312518541554,0.0,1976.5384569167884,0.5647252734047967,0.0,300.0,0,0,0,18.986417663872945,18.986417663872945,2276.538456916788,0.6504395591190824,0.0,-18.986417663872945,-18.986417663872942,-299.9999999999998,0,0,0
2026-01-05 02:30:00,ZONE_A,2284.721945884301,486.3881301035667,0.0,1956.6455392878108,0.5590415826536602,0.0,300.0,0,0,0,61.78414490598402,61.78414490598402,2256.6455392878106,0.6447558683679459,0.0,-61.78414490598402,-61.78414490598402,-299.9999999999998,0,0,0
2026-01-05 02:45:00,ZONE_A,2280.5293217923136,525.0603687672738,0.0,1963.5879362091948,0.5610251246311985,0.0,300.0,0,0,0,80.63495129715005,80.63495129715005,2263.5879362091946,0.6467394103454842,0.0,-80.63495129715005,-80.63495129715005,-299.9999999999998,0,0,0
2026-01-05 03:00:00,ZONE_A,2346.190786300078,531.088311863247,0.0,2017.0176112793583,0.5762907460798167,0.0,300.0,0,0,0,39.68756885666397,39.68756885666397,2317.0176112793583,0.6620050317941024,0.0,-39.68756885666397,-39.68756885666397,-300.0,0,0,0
2026-01-05 03:15:00,ZONE_A,2278.766557993062,617.0907747515265,9.496899053539778,1981.2312590604247,0.5660660740172642,0.0,300.0,0,0,0,44.727627440352194,44.727627440352194,2281.2312590604247,0.6517803597315499,0.0,-35.230728386812416,-35.230728386812416,-300.0,0,0,0
2026-01-05 03:30:00,ZONE_A,2270.613436373649,611.8141120952729,2.6783331649157844,1974.7221329949248,0.5642063237128356,0.0,300.0,0,0,0,110.25699383430003,110.25699383430003,2274.722132994925,0.6499206094271214,0.0,-107.57866066938425,-107.57866066938425,-300.0,0,0,0
2026-01-05 03:45:00,ZONE_A,2274.996132306521,593.4535219231506,0.0,1978.1974136648928,0.5651992610471123,0.0,300.0,0,0,0,86.49598754145,86.49598754145,2278.197413664893,0.6509135467613979,0.0,-86.49598754145,-86.49598754145,-300.0,0,0,0
2026-01-05 04:00:00,ZONE_A,2279.288257772897,614.1103017337573,4.53139212109329,1981.6180751931583,0.5661765929123309,0.0,300.0,0,0,0,78.33488906141002,78.33488906141002,2281.6180751931583,0.6518908786266167,0.0,-73.80349694031673,-73.80349694031668,-300.0,0,0,0
2026-01-05 04:15:00,ZONE_A,2305.192359783378,601.2415326587858,7.960854152126217,2002.3652469570443,0.5721043562734413,0.0,300.0,0,0,0,136.42250579435898,136.42250579435898,2302.3652469570443,0.657818641987727,0.0,-128.46165164223277,-128.46165164223277,-300.0,0,0,0
2026-01-05 04:30:00,ZONE_A,2277.1335786287127,614.9136558881132,20.67906568037029,1979.9317441261744,0.5656947840360498,0.0,300.0,0,0,0,91.89161393271996,91.89161393271996,2279.9317441261746,0.6514090697503356,0.0,-71.21254825234968,-71.21254825234973,-300.0000000000002,0,0,0
2026-01-05 04:45:00,ZONE_A,2262.381239694507,603.7368401498376,6.186815093097721,1968.0890352558613,0.562311152930246,0.0,300.0,0,0,0,22.354579956950037,22.354579956950037,2268.0890352558613,0.6480254386445318,0.0,-16.167764863852316,-16.167764863852312,-300.0,0,0,0
2026-01-05 05:00:00,ZONE_A,2298.77221539388,606.3545471785246,0.0,1997.2614936993111,0.570646141056946,0.0,300.0,0,0,0,184.920477773932,184.920477773932,2297.2614936993114,0.6563604267712319,0.0,-184.920477773932,-184.92047777393202,-300.0000000000002,0,0,0
2026-01-05 05:15:00,ZONE_A,2292.512348634716,486.3716761741057,16.003231660033634,1959.026450001029,0.5597218428574369,0.0,300.0,0,0,0,20.734796684834976,20.734796684834976,2259.026450001029,0.6454361285717225,0.0,-4.731565024801341,-4.731565024801341,-300.0,0,0,0
2026-01-05 05:30:00,ZONE_A,2272.6116565742727,607.0688601614638,13.1977040400119,1976.333019763268,0.5646665770752195,0.0,300.0,0,0,0,140.91477761579995,140.91477761579995,2276.333019763268,0.6503808627895051,0.0,-127.71707357578805,-127.71707357578805,-300.0,0,0,0
2026-01-05 05:45:00,ZONE_A,2288.6538199232496,615.0324863796259,11.535112832039772,1988.6464908802384,0.5681847116800681,0.0,300.0,0,0,0,135.60193231912,135.60193231912,2288.646490880238,0.6538989973943538,0.0,-124.06681948708024,-124.06681948708024,-299.9999999999998,0,0,0
2026-01-05 06:00:00,ZONE_A,2529.6319604949044,588.6419660674601,15.325123194686626,2175.903669734519,0.6216867627812912,0.0,300.0,0,0,0,116.55761205477609,116.55761205477609,2475.903669734519,0.7074010484955768,0.0,-101.23248886008946,-101.23248886008946,-300.0,0,0,0
2026-01-05 06:15:00,ZONE_A,2538.5003575065302,600.5500161510992,1.4428700411508544,2188.9886998978286,0.625425342827951,0.0,300.0,0,0,0,87.12291478374237,87.12291478374237,2488.9886998978286,0.7111396285422368,0.0,-85.68004474259152,-85.68004474259158,-300.0,0,0,0
2026-01-05 06:30:00,ZONE_A,2581.0836712619184,606.5246121356197,0.0,2223.092144748844,0.6351691842139554,0.0,300.0,0,0,0,6.619087351308792,6.619087351308792,2523.092144748844,0.7208834699282411,0.0,-6.619087351308792,-6.619087351308735,-300.0,0,0,0
2026-01-05 06:45:00,ZONE_A,2644.445767335428,594.4020418086342,0.0,2273.2135236058384,0.6494895781730967,0.0,300.0,0,0,0,68.62501495696,68.62501495696,2573.2135236058384,0.7352038638873825,0.0,-68.62501495696,-68.62501495695994,-300.0,0,0,0
2026-01-05 07:00:00,ZONE_A,2660.5800115849406,589.1438775921213,4.080340136117229,2284.0461071890145,0.6525846020540041,0.0,300.0,0,0,0,71.3764040571852,71.3764040571852,2584.0461071890145,0.7382988877682899,0.0,-67.29606392106797,-67.29606392106803,-300.0,0,0,0
2026-01-05 07:15:00,ZONE_A,2679.7019557258263,599.0728993567252,0.0,2301.9292756095783,0.6576940787455938,0.0,300.0,0,0,0,113.01132735720802,113.01132735720802,2601.9292756095783,0.7434083644598796,0.0,-113.01132735720802,-113.01132735720802,-300.0,0,0,0
2026-01-05 07:30:00,ZONE_A,2738.365182047092,478.0262334160496,0.1172722284134692,2337.050977610931,0.6677288507459803,0.0,300.0,0,0,0,26.73265295010782,26.73265295010782,2637.050977610931,0.7534431364602661,0.0,-26.61538072169435,-26.61538072169435,-300.0,0,0,0
2026-01-05 07:45:00,ZONE_A,2791.225565424638,469.92305417688686,4.926792895033884,2390.034077488602,0.6828668792824578,0.0,267.920285213871,0,0,0,0.0,0.0,2657.954362702473,0.7594155322007067,0.0,4.926792895033884,4.926792895033884,-267.920285213871,0,0,0
2026-01-05 08:30:00,ZONE_A,2868.165391062038,465.4846280497019,12.58408534509988,2467.126482540717,0.7048932807259192,0.0,300.0,0,0,0,3.0718273777159766,3.0718273777159766,2767.126482540717,0.7906075664402049,0.0,9.512257967383903,9.512257967383903,-300.0,0,0,0
2026-01-05 09:15:00,ZONE_A,3105.6665509873715,605.6841805905817,11.776936606473328,2704.2959552698308,0.7726559872199517,0.0,300.0,0,0,0,152.84960656452597,152.84960656452597,3004.2959552698308,0.8583702729342374,0.0,-141.07266995805264,-141.07266995805264,-300.0,0,0,0
2026-01-05 09:30:00,ZONE_A,2978.7813355072235,699.0539660867732,0.0,2577.217138728345,0.7363477539223844,0.0,300.0,0,0,0,20.022082974944,20.022082974944,2877.217138728345,0.82206203963667,0.0,-20.022082974944,-20.02208297494394,-300.0,0,0,0
2026-01-05 09:45:00,ZONE_A,3075.123125126276,628.312373651192,4.983760358823247,2673.7672876673555,0.7639335107621016,0.0,300.0,0,0,0,108.64722303671,108.64722303671,2973.7672876673555,0.8496477964763873,0.0,-103.66346267788676,-103.66346267788674,-300.0,0,0,0
2026-01-05 10:30:00,ZONE_A,2674.7110442257617,664.5969767834154,9.413327663092788,2324.1289926958025,0.6640368550559436,0.0,300.0,0,0,0,104.573632713486,104.573632713486,2624.1289926958025,0.7497511407702293,0.0,-95.16030505039322,-95.16030505039316,-300.0,0,0,0
2026-01-05 11:00:00,ZONE_A,2744.520682469908,790.8464237386079,0.9304112799418364,2413.125618485621,0.6894644624244631,0.0,300.0,0,0,0,221.0128743096201,221.0128743096201,2713.125618485621,0.7751787481387489,0.0,-220.08246302967825,-220.08246302967825,-300.0,0,0,0
2026-01-05 11:15:00,ZONE_A,2660.5434715831343,834.1951226408436,4.159327192734395,2355.370811730606,0.6729630890658874,0.0,300.0,0,0,0,217.11623464783497,217.11623464783497,2655.370811730606,0.7586773747801732,0.0,-212.95690745510058,-212.95690745510058,-300.0,0,0,0
2026-01-05 11:30:00,ZONE_A,2703.4322338532074,877.8959083839309,0.0,2403.100652860296,0.6866001865315132,0.0,300.0,0,0,0,200.55791788886,200.55791788886,2703.100652860296,0.7723144722457989,0.0,-200.55791788886,-200.55791788885995,-300.0,0,0,0
2026-01-05 11:45:00,ZONE_A,2656.9125969605125,888.4249132844061,2.3400993131701853,2367.051323218576,0.6763003780624502,0.0,300.0,0,0,0,233.06755803253395,233.06755803253395,2667.051323218576,0.762014663776736,0.0,-230.72745871936377,-230.72745871936377,-300.0,0,0,0
2026-01-05 12:00:00,ZONE_A,2678.995652358887,774.6232511571151,4.469426319811305,2357.54063953076,0.6735830398659315,0.0,300.0,0,0,0,116.92993366745696,116.92993366745696,2657.54063953076,0.7592973255802171,0.0,-112.46050734764566,-112.46050734764572,-300.0,0,0,0
2026-01-05 12:15:00,ZONE_A,2702.4704488318507,870.6365314881939,6.366814022651738,2397.8064759596377,0.6850875645598965,0.0,300.0,0,0,0,193.8758378934476,193.8758378934476,2697.8064759596377,0.7708018502741822,0.0,-187.50902387079586,-187.5090238707959,-300.0,0,0,0
2026-01-05 12:30:00,ZONE_A,2818.5268586668544,1126.0638321292072,9.225173503162525,2561.7389067940376,0.7319254019411536,0.0,300.0,0,0,0,476.2273737754,476.2273737754,2861.7389067940376,0.8176396876554393,0.0,-467.0022002722375,-467.0022002722375,-300.0,0,0,0
2026-01-05 12:45:00,ZONE_A,2682.774974865753,1133.0976631095918,0.0,2456.109389490064,0.701745539854304,0.0,300.0,0,0,0,475.9072275174,475.9072275174,2756.109389490064,0.7874598255685897,0.0,-475.9072275174,-475.9072275174,-300.0,0,0,0
2026-01-05 13:00:00,ZONE_A,2848.7955166549145,1174.2673881197552,0.0,2600.499892582022,0.7429999693091491,0.0,300.0,0,0,0,558.5618397548219,558.5618397548219,2900.499892582022,0.8287142550234348,0.0,-558.5618397548219,-558.5618397548219,-300.0,0,0,0
2026-01-05 13:15:00,ZONE_A,2687.148927763531,1219.4283052473702,32.18210117013086,2477.9953297229345,0.7079986656351241,0.0,300.0,0,0,0,470.0239597878,470.0239597878,2777.9953297229345,0.7937129513494099,0.0,-437.8418586176691,-437.8418586176691,-300.0,0,0,0
2026-01-05 13:30:00,ZONE_A,2702.4186557066623,1132.2182376910482,0.0,2473.2728114983493,0.7066493747138141,0.0,300.0,0,0,0,622.8675597062901,622.8675597062901,2773.2728114983493,0.7923636604280998,0.0,-622.8675597062901,-622.8675597062901,-300.0,0,0,0
2026-01-05 13:45:00,ZONE_A,2691.8195810602974,958.0393794873752,0.0,2421.737908292106,0.6919251166548874,0.0,300.0,0,0,0,591.6885066934001,591.6885066934001,2721.737908292106,0.7776394023691732,0.0,-591.6885066934001,-591.6885066934001,-300.0,0,0,0
2026-01-05 14:00:00,ZONE_A,2667.4877042721605,955.1503321079716,0.402675565099571,2399.8640626030224,0.6856754464580064,0.0,300.0,0,0,0,474.10448648568,474.10448648568,2699.8640626030224,0.7713897321722921,0.0,-473.70181092058044,-473.70181092058044,-300.0,0,0,0
2026-01-05 14:15:00,ZONE_A,2659.39302363935,1138.8798582199563,16.86283059223865,2436.1152141943608,0.6960329183412459,0.0,300.0,0,0,0,627.1714789299699,627.1714789299699,2736.1152141943608,0.7817472040555317,0.0,-610.3086483377313,-610.3086483377313,-300.0,0,0,0
2026-01-05 14:30:00,ZONE_A,2635.1328945729765,1022.1566860743084,0.0,2388.1665455763764,0.6823332987361076,0.0,300.0,0,0,0,584.84217762798,584.84217762798,2688.1665455763764,0.7680475844503932,0.0,-584.84217762798,-584.84217762798,-300.0,0,0,0
2026-01-05 14:45:00,ZONE_A,2656.296031530784,960.0308617329516,0.0,2388.0871483570672,0.682310613816305,0.0,300.0,0,0,0,376.05188059400007,376.05188059400007,2688.0871483570672,0.7680248995305906,0.0,-376.05188059400007,-376.05188059400007,-300.0,0,0,0
2026-01-05 15:00:00,ZONE_A,2705.4562344824217,1055.818596819097,13.609164944456552,2449.132148544489,0.6997520424412826,0.0,300.0,0,0,0,460.59017544692,460.59017544692,2749.132148544489,0.7854663281555684,0.0,-446.98101050246345,-446.9810105024635,-300.0,0,0,0
2026-01-05 15:15:00,ZONE_A,2677.785574630435,973.584239976866,7.965103227680061,2405.4203496363743,0.6872629570389641,0.0,300.0,0,0,0,418.372054945272,418.372054945272,2705.4203496363743,0.7729772427532499,0.0,-410.40695171759194,-410.40695171759194,-300.0,0,0,0
2026-01-05 15:30:00,ZONE_A,2686.493807004217,954.6675172845352,16.185475930359075,2407.669310356129,0.6879055172446082,0.0,300.0,0,0,0,443.4034518478119,443.4034518478119,2707.669310356129,0.773619802958894,0.0,-427.2179759174528,-427.2179759174528,-300.0,0,0,0
2026-01-05 15:45:00,ZONE_A,2653.560917886768,913.4239587876168,0.0,2373.089392330201,0.6780255406657717,0.0,300.0,0,0,0,205.9767345241601,205.9767345241601,2673.089392330201,0.7637398263800574,0.0,-205.9767345241601,-205.97673452416007,-300.0,0,0,0
2026-01-05 16:00:00,ZONE_A,2800.0366600118896,902.4403763139308,2.158927224570448,2481.4061727640265,0.7089731922182932,0.0,300.0,0,0,0,348.202868572698,348.202868572698,2781.4061727640265,0.794687477932579,0.0,-346.04394134812753,-346.04394134812753,-300.0,0,0,0
2026-01-05 16:15:00,ZONE_A,2791.9430303532963,863.4457091360197,0.0,2469.3164897467923,0.7055189970705121,0.0,300.0,0,0,0,316.3906637591999,316.3906637591999,2769.3164897467923,0.7912332827847978,0.0,-316.3906637591999,-316.3906637591999,-300.0,0,0,0
2026-01-05 16:30:00,ZONE_A,2837.7612048249166,819.7894219766442,0.0,2490.8064946599698,0.711658998474277,0.0,300.0,0,0,0,201.91011783536,201.91011783536,2790.8064946599698,0.7973732841885628,0.0,-201.91011783536,-201.91011783535998,-300.0,0,0,0
2026-01-05 16:30:00,ZONE_B,1982.133735360272,426.2474441864901,10.345188938027036,1755.6675782460245,0.6270241350878659,0.0,200.0,0,0,0,7.107642871360014,7.107642871360014,1955.6675782460245,0.6984527065164373,0.0,3.237546066667022,3.2375460666669937,-200.0,0,0,0
2026-01-05 16:45:00,ZONE_A,2833.7892579599747,780.2054773528698,0.0,2476.936561669592,0.7076961604770262,0.0,300.0,0,0,0,132.34640458316227,132.34640458316227,2776.936561669592,0.793410446191312,0.0,-132.34640458316227,-132.3464045831622,-300.0,0,0,0
2026-01-05 17:15:00,ZONE_A,2760.894294311772,728.1229055605594,0.0,2402.576748822113,0.686450499663461,0.0,300.0,0,0,0,86.676198439818,86.676198439818,2702.576748822113,0.7721647853777466,0.0,-86.676198439818,-86.676198439818,-300.0,0,0,0
2026-01-05 17:30:00,ZONE_A,2782.2915928781003,686.4681195039514,0.0,2409.488132188092,0.6884251806251692,0.0,300.0,0,0,0,117.63525393410208,117.63525393410208,2709.488132188092,0.7741394663394549,0.0,-117.63525393410208,-117.63525393410214,-300.0,0,0,0
2026-01-05 18:15:00,ZONE_A,3103.6598798507216,593.6637533419064,0.0,2701.887305109557,0.7719678014598734,0.0,300.0,0,0,0,67.76758684726497,67.76758684726497,3001.887305109557,0.8576820871741592,0.0,-67.76758684726497,-67.76758684726497,-300.0,0,0,0
2026-01-05 18:30:00,ZONE_A,3118.211262815133,603.921071858555,1.3677719140961244,2716.4239995701123,0.7761211427343178,0.0,300.0,0,0,0,6.585058619999984,6.585058619999984,3016.4239995701123,0.8618354284486035,0.0,-5.2172867059038595,-5.217286705903803,-300.0,0,0,0
2026-01-05 18:45:00,ZONE_A,3133.3843497386706,611.1840800242753,6.061752839701171,2731.577361479883,0.780450674708538,0.0,300.0,0,0,0,113.08770056379,113.08770056379,3031.577361479883,0.8661649604228238,0.0,-107.02594772408882,-107.02594772408884,-300.0,0,0,0
2026-01-05 19:00:00,ZONE_A,3130.168942075956,599.104520186963,0.0,2728.371379971023,0.7795346799917209,0.0,300.0,0,0,0,154.369258495,154.369258495,3028.371379971023,0.8652489657060066,0.0,-154.369258495,-154.369258495,-300.0,0,0,0
2026-01-05 19:15:00,ZONE_A,3150.162714975443,604.751163974624,0.5085341807200621,2748.3849915694614,0.7852528547341319,0.0,300.0,0,0,0,55.08672023403602,55.08672023403602,3048.3849915694614,0.8709671404484175,0.0,-54.57818605331596,-54.5781860533159,-300.0,0,0,0
2026-01-05 19:30:00,ZONE_A,3142.6518261784377,611.9876479749648,21.927629641747444,2740.876068059112,0.7831074480168891,0.0,300.0,0,0,0,232.97187423386004,232.97187423386004,3040.876068059112,0.8688217337311749,0.0,-211.0442445921126,-211.0442445921126,-300.0,0,0,0
2026-01-05 19:45:00,ZONE_A,3121.2079469182195,603.7916242512334,13.142280124169474,2719.3853913991206,0.776967254685463,0.0,300.0,0,0,0,193.71843381383692,193.71843381383692,3019.3853913991206,0.8626815403997488,0.0,-180.57615368966745,-180.57615368966742,-300.0,0,0,0
2026-01-05 20:00:00,ZONE_A,3132.367038596158,612.7682123626496,17.88766889379565,2730.5898684431763,0.7801685338409076,0.0,300.0,0,0,0,245.12378430502,245.12378430502,3030.5898684431763,0.8658828195551932,0.0,-227.23611541122435,-227.23611541122432,-300.0,0,0,0
2026-01-05 20:15:00,ZONE_A,2839.575721848328,603.6202211107656,0.6398982351760196,2437.790903799126,0.6965116867997504,0.0,300.0,0,0,0,126.60408884390996,126.60408884390996,2737.790903799126,0.782225972514036,0.0,-125.96419060873394,-125.96419060873393,-300.0,0,0,0
2026-01-05 21:15:00,ZONE_A,2653.6156766044974,600.2392084021467,0.0,2281.095486759295,0.6517415676455128,0.0,300.0,0,0,0,166.89022855884002,166.89022855884002,2581.095486759295,0.7374558533597986,0.0,-166.89022855884002,-166.89022855884002,-300.0,0,0,0
2026-01-05 21:30:00,ZONE_A,2590.9820075758385,600.8684031239794,5.671864806833582,2230.9960154248265,0.6374274329785219,0.0,300.0,0,0,0,90.1557598965,90.1557598965,2530.9960154248265,0.7231417186928075,0.0,-84.48389508966642,-84.48389508966642,-300.0,0,0,0
2026-01-05 21:45:00,ZONE_A,2674.7210046428604,612.8837403593864,24.331447539598912,2297.9930972528123,0.6565694563579464,0.0,300.0,0,0,0,166.59359826167997,166.59359826167997,2597.9930972528123,0.7422837420722321,0.0,-142.26215072208106,-142.26215072208106,-300.0,0,0,0
2026-01-05 22:00:00,ZONE_A,2578.4765455521774,603.7162870383704,2.450101926266484,2221.0110624624767,0.6345745892749933,0.0,300.0,0,0,0,37.994465390839935,37.994465390839935,2521.0110624624767,0.7202888749892791,0.0,-35.54436346457345,-35.544363464573394,-300.0,0,0,0
2026-01-05 22:15:00,ZONE_A,2486.607624138196,607.390919402305,4.806978599741569,2147.532766036516,0.6135807902961474,0.0,300.0,0,0,0,111.96015195643504,111.96015195643504,2447.532766036516,0.6992950760104332,0.0,-107.15317335669347,-107.15317335669346,-300.0,0,0,0
2026-01-05 22:30:00,ZONE_A,2437.904270970784,593.8084515764717,0.0,2108.5424531151457,0.6024407008900416,0.0,300.0,0,0,0,103.7301985577882,103.7301985577882,2408.5424531151457,0.6881549866043274,0.0,-103.7301985577882,-103.73019855778819,-300.0,0,0,0
2026-01-05 22:45:00,ZONE_A,2426.8919189408007,597.6894772795735,0.0,2099.7438119935387,0.5999268034267253,0.0,300.0,0,0,0,27.80753921931,27.80753921931,2399.7438119935387,0.6856410891410111,0.0,-27.80753921931,-27.80753921931,-300.0,0,0,0
2026-01-05 23:30:00,ZONE_A,2348.487912747558,608.7876552612361,8.25399842016543,2037.0115155319904,0.5820032901519973,0.0,300.0,0,0,0,37.46561479214,37.46561479214,2337.0115155319904,0.667717575866283,0.0,-29.21161637197457,-29.21161637197463,-300.0,0,0,0
2026-01-05 23:45:00,ZONE_A,2302.56089036861,600.2706533779291,0.7979623740930037,2000.2611873647625,0.5715031963899321,0.0,300.0,0,0,0,110.76625260079504,110.76625260079504,2300.2611873647625,0.6572174821042178,0.0,-109.96829022670204,-109.96829022670204,-300.0,0,0,0
2026-01-06 00:00:00,ZONE_A,2328.4590963832948,600.3540388923925,6.329965463245685,2020.986169907124,0.577424619973464,0.0,300.0,0,0,0,57.7081136155,57.7081136155,2320.986169907124,0.6631389056877497,0.0,-51.37814815225431,-51.37814815225431,-300.0,0,0,0
2026-01-06 00:15:00,ZONE_A,2331.471987839411,614.0255123432057,12.358641791147647,2023.4457408563023,0.5781273545303721,0.0,300.0,0,0,0,154.4926897928161,154.4926897928161,2323.445740856302,0.6638416402446577,0.0,-142.13404800166845,-142.13404800166848,-299.9999999999998,0,0,0
2026-01-06 00:30:00,ZONE_A,2345.9842075728334,601.3288153480449,4.309916459287933,2034.991280376327,0.5814260801075221,0.0,300.0,0,0,0,152.73851335846,152.73851335846,2334.9912803763273,0.6671403658218078,0.0,-148.42859689917208,-148.42859689917208,-300.0000000000002,0,0,0
2026-01-06 01:00:00,ZONE_A,2329.6523257577137,602.1769359734466,0.0,2021.9221005593463,0.5776920287312418,0.0,300.0,0,0,0,80.93227092889998,80.93227092889998,2321.9221005593463,0.6634063144455276,0.0,-80.93227092889998,-80.93227092890004,-300.0,0,0,0
2026-01-06 01:15:00,ZONE_A,2350.607298344441,598.2474968281725,7.577211733988065,2038.6548479189148,0.5824728136911185,0.0,300.0,0,0,0,137.91541393784513,137.91541393784513,2338.654847918915,0.6681870994054043,0.0,-130.33820220385707,-130.33820220385707,-300.0000000000002,0,0,0
2026-01-06 01:30:00,ZONE_A,2293.139179843662,615.7815095038746,20.85385152836216,1992.7460385323072,0.5693560110092306,0.0,300.0,0,0,0,126.07772383855502,126.07772383855502,2292.7460385323075,0.6550702967235165,0.0,-105.22387231019286,-105.22387231019286,-300.0000000000002,0,0,0
2026-01-06 01:45:00,ZONE_A,2339.6055780679176,613.4905474037905,9.051014652847016,2029.9319013291488,0.5799805432368996,0.0,300.0,0,0,0,130.84621482048715,130.84621482048715,2329.931901329149,0.6656948289511854,0.0,-121.79520016764013,-121.79520016764013,-300.0,0,0,0
2026-01-06 02:00:00,ZONE_A,2262.883276627869,597.1945497000136,0.0,1968.5133533489752,0.5624323866711358,0.0,300.0,0,0,0,79.812333366026,79.812333366026,2268.513353348975,0.6481466723854215,0.0,-79.812333366026,-79.812333366026,-300.0,0,0,0
2026-01-06 02:15:00,ZONE_B,1596.8997314215087,283.2400707643604,10.597865952573043,1416.5812181036729,0.5059218636084546,0.0,142.815757712775,0,0,0,0.0,0.0,1559.3969758164478,0.5569274913630171,0.0,10.597865952573043,10.597865952573045,-142.81575771277494,0,0,0
2026-01-06 02:30:00,ZONE_A,2277.695104358965,594.4989420684356,0.0,1980.3607160390968,0.565817347439742,0.0,300.0,0,0,0,43.31894848312999,43.31894848312999,2280.3607160390966,0.6515316331540276,0.0,-43.31894848312999,-43.31894848313004,-299.9999999999998,0,0,0
2026-01-06 02:45:00,ZONE_A,2304.724600512268,603.0284770844922,0.0,2001.9806717183003,0.5719944776338001,0.0,300.0,0,0,0,25.915192605740003,25.915192605740003,2301.9806717183,0.6577087633480857,0.0,-25.915192605740003,-25.915192605740003,-299.9999999999998,0,0,0
2026-01-06 03:00:00,ZONE_A,2273.6695797199263,609.5133648317844,20.569575999144945,1977.1645298201147,0.5649041513771756,0.0,300.0,0,0,0,186.685273290832,186.685273290832,2277.1645298201147,0.6506184370914614,0.0,-166.11569729168704,-166.11569729168707,-300.0,0,0,0
2026-01-06 03:15:00,ZONE_A,2273.719473033783,594.1200653028876,0.0,1977.2297474369057,0.564922784981973,0.0,300.0,0,0,0,62.10590971826599,62.10590971826599,2277.2297474369057,0.6506370706962588,0.0,-62.10590971826599,-62.105909718265934,-300.0,0,0,0
2026-01-06 03:30:00,ZONE_A,2282.3252535482834,609.8435953279584,6.9262536105002255,1984.075364907335,0.56687867568781,0.0,300.0,0,0,0,28.238876895900034,28.238876895900034,2284.075364907335,0.6525929614020957,0.0,-21.31262328539981,-21.31262328539981,-300.0,0,0,0
2026-01-06 03:45:00,ZONE_A,2272.7281133014726,596.6352183169786,0.0,1976.368577489912,0.5646767364256892,0.0,300.0,0,0,0,101.79321251197103,101.79321251197103,2276.3685774899122,0.6503910221399749,0.0,-101.79321251197103,-101.79321251197103,-300.0000000000002,0,0,0
2026-01-06 04:00:00,ZONE_A,2276.20864526697,598.3118051346294,4.527498953658096,1979.1841791881573,0.5654811940537592,0.0,300.0,0,0,0,7.194652632590021,7.194652632590021,2279.184179188157,0.6511954797680448,0.0,-2.667153678931925,-2.6671536789319816,-299.9999999999998,0,0,0
2026-01-06 04:15:00,ZONE_A,2311.187836141769,611.8976026414701,9.344913652328955,2007.1667938034395,0.5734762268009828,0.0,300.0,0,0,0,22.122578633790056,22.122578633790056,2307.1667938034398,0.6591905125152685,0.0,-12.7776649814611,-12.777664981461157,-300.0000000000002,0,0,0
2026-01-06 04:30:00,ZONE_A,2303.7148702806,603.5243865557413,0.0,2001.165316780199,0.5717615190800569,0.0,300.0,0,0,0,164.22111983831996,164.22111983831996,2301.1653167801987,0.6574758047943425,0.0,-164.22111983831996,-164.22111983831996,-299.9999999999998,0,0,0
2026-01-06 04:45:00,ZONE_A,2281.473596185299,616.1395220870257,19.54907847408333,1983.3930025338675,0.5666837150096764,0.0,300.0,0,0,0,124.06684069174804,124.06684069174804,2283.3930025338677,0.6523980007239623,0.0,-104.51776221766471,-104.51776221766471,-300.0000000000002,0,0,0
2026-01-06 05:00:00,ZONE_A,2304.6556854427336,599.6978838604236,5.962840799779883,2001.932283954331,0.5719806525583803,0.0,300.0,0,0,0,109.87504143157504,109.87504143157504,2301.932283954331,0.657694938272666,0.0,-103.91220063179516,-103.91220063179514,-300.0,0,0,0
2026-01-06 05:15:00,ZONE_A,2246.2506187757394,611.6220978236785,14.273739230641128,1955.211431177877,0.5586318374793935,0.0,300.0,0,0,0,155.33284055380994,155.33284055380994,2255.211431177877,0.6443461231936791,0.0,-141.05910132316882,-141.05910132316882,-299.9999999999998,0,0,0
2026-01-06 05:45:00,ZONE_A,2265.04954595423,603.5093483278332,0.0,1970.2521116985183,0.5629291747710052,0.0,300.0,0,0,0,19.838662034759977,19.838662034759977,2270.252111698518,0.6486434604852909,0.0,-19.838662034759977,-19.838662034759977,-299.9999999999998,0,0,0
2026-01-06 06:00:00,ZONE_A,2558.7364008714853,607.119410314776,0.38545955740517,2205.218514227061,0.6300624326363031,0.0,300.0,0,0,0,125.74030871972803,125.74030871972803,2505.218514227061,0.7157767183505889,0.0,-125.35484916232286,-125.35484916232286,-300.0,0,0,0
2026-01-06 06:15:00,ZONE_A,2562.4061556931324,597.7232651471385,0.0,2208.115552287313,0.6308901577963753,0.0,300.0,0,0,0,105.39467932040498,105.39467932040498,2508.115552287313,0.7166044435106609,0.0,-105.39467932040498,-105.39467932040498,-300.0,0,0,0
2026-01-06 06:45:00,ZONE_A,2643.3967562500734,602.4930824352135,0.0,2272.935153021569,0.6494100437204483,0.0,300.0,0,0,0,134.72687663896562,134.72687663896562,2572.935153021569,0.735124329434734,0.0,-134.72687663896562,-134.72687663896562,-300.0,0,0,0
2026-01-06 07:00:00,ZONE_A,2669.512643150083,613.0850054932763,0.0,2293.82734960229,0.6553792427435113,0.0,300.0,0,0,0,66.91981372197802,66.91981372197802,2593.82734960229,0.7410935284577971,0.0,-66.91981372197802,-66.91981372197802,-300.0,0,0,0
2026-01-06 07:15:00,ZONE_A,2686.9592702959167,656.4514867189229,17.10096542472695,2319.279771034228,0.6626513631526365,0.0,300.0,0,0,0,144.72526565979598,144.72526565979598,2619.279771034228,0.7483656488669223,0.0,-127.62430023506903,-127.62430023506903,-300.0,0,0,0
2026-01-06 07:30:00,ZONE_A,2783.5413479110985,681.4712605052048,0.0,2408.321804201598,0.6880919440575994,0.0,300.0,0,0,0,152.13161747381997,152.13161747381997,2708.321804201598,0.7738062297718851,0.0,-152.13161747381997,-152.13161747381992,-300.0,0,0,0
2026-01-06 07:45:00,ZONE_A,2743.991485485305,726.8660687131986,7.945743797613659,2386.5064990131177,0.6818589997180337,0.0,300.0,0,0,0,81.03055656840439,81.03055656840439,2686.5064990131177,0.7675732854323194,0.0,-73.08481277079073,-73.08481277079079,-300.0,0,0,0
2026-01-06 08:00:00,ZONE_A,2799.4220742470266,752.2737930574239,6.975948344443395,2441.92449435294,0.6976927126722686,0.0,300.0,0,0,0,146.45454548255998,146.45454548255998,2741.92449435294,0.7834069983865544,0.0,-139.47859713811658,-139.47859713811658,-300.0,0,0,0
2026-01-06 08:15:00,ZONE_A,2786.957939596751,813.0905600449839,5.140769802060163,2446.840978659898,0.6990974224742567,0.0,300.0,0,0,0,100.30854979528004,100.30854979528004,2746.840978659898,0.7848117081885423,0.0,-95.16777999321988,-95.16777999321982,-300.0,0,0,0
2026-01-06 08:30:00,ZONE_A,2855.058707867436,862.1096567221986,12.78164322864052,2513.951606447662,0.7182718875564749,0.0,300.0,0,0,0,405.639611180045,405.639611180045,2813.951606447662,0.8039861732707606,0.0,-392.8579679514045,-392.8579679514045,-300.0,0,0,0
2026-01-06 08:45:00,ZONE_A,2914.5140976719767,878.6509400797338,0.0,2571.139927915555,0.7346114079758728,0.0,300.0,0,0,0,305.21301785532,305.21301785532,2871.139927915555,0.8203256936901585,0.0,-305.21301785532,-305.21301785532,-300.0,0,0,0
2026-01-06 09:00:00,ZONE_A,2932.5347686798173,919.9969152958186,11.750540129144952,2590.948893155914,0.7402711123302611,0.0,300.0,0,0,0,467.8608447350399,467.8608447350399,2890.948893155914,0.8259853980445468,0.0,-456.11030460589495,-456.11030460589495,-300.0,0,0,0
2026-01-06 09:15:00,ZONE_A,2947.049972061657,943.4399528298686,0.0,2614.1657086769883,0.7469044881934253,0.0,300.0,0,0,0,347.120004765318,347.120004765318,2914.1657086769883,0.8326187739077109,0.0,-347.120004765318,-347.1200047653181,-300.0,0,0,0
2026-01-06 09:30:00,ZONE_A,2993.8735220701333,1007.312250471844,13.16040194435334,2668.061840747293,0.7623033830706551,0.0,300.0,0,0,0,490.0664949812799,490.0664949812799,2968.061840747293,0.8480176687849409,0.0,-476.90609303692656,-476.90609303692656,-300.0,0,0,0
2026-01-06 09:45:00,ZONE_A,3054.11332440264,1026.5389537139763,2.237801408094356,2724.2201981843373,0.7783486280526678,0.0,300.0,0,0,0,435.0459576621601,435.0459576621601,3024.2201981843373,0.8640629137669535,0.0,-432.80815625406575,-432.8081562540658,-300.0,0,0,0
2026-01-06 10:00:00,ZONE_A,2694.789588874929,1066.9522537459552,0.0,2446.8079584129664,0.6990879881179904,0.0,300.0,0,0,0,381.2870941485001,381.2870941485001,2746.8079584129664,0.7848022738322761,0.0,-381.2870941485001,-381.28709414850005,-300.0,0,0,0
2026-01-06 10:15:00,ZONE_A,2705.6999162223465,1096.4887527299854,11.108489074994168,2459.2639168366004,0.7026468333818858,0.0,300.0,0,0,0,433.34423258752383,433.34423258752383,2759.2639168366004,0.7883611190961716,0.0,-422.23574351252967,-422.23574351252967,-300.0,0,0,0
2026-01-06 10:15:00,ZONE_B,2025.11004975806,641.2726548170981,15.769762980150858,1849.3661401972608,0.6604879072133074,0.0,200.0,0,0,0,149.44268827183998,149.44268827183998,2049.366140197261,0.7319164786418789,0.0,-133.67292529168913,-133.67292529168913,-200.0,0,0,0
2026-01-06 10:30:00,ZONE_A,2652.381820316068,1078.338467338615,0.0,2416.7133497086584,0.6904895284881881,0.0,300.0,0,0,0,467.0485135885,467.0485135885,2716.7133497086584,0.7762038142024739,0.0,-467.0485135885,-467.0485135885,-300.0,0,0,0
2026-01-06 10:45:00,ZONE_A,2720.3879563988653,1079.367242277494,20.428171192187392,2466.261345793323,0.7046460987980923,0.0,300.0,0,0,0,614.958018526164,614.958018526164,2766.261345793323,0.790360384512378,0.0,-594.5298473339766,-594.5298473339766,-300.0,0,0,0
2026-01-06 11:00:00,ZONE_A,2681.959741331837,1098.4080333704464,0.0,2447.3921603626186,0.6992549029607482,0.0,300.0,0,0,0,563.33002789592,563.33002789592,2747.3921603626186,0.7849691886750338,0.0,-563.33002789592,-563.33002789592,-300.0,0,0,0
2026-01-06 11:15:00,ZONE_A,2657.4801106034693,1148.9497536251831,0.0,2439.431517558319,0.696980433588091,0.0,300.0,0,0,0,493.0008474942839,493.0008474942839,2739.431517558319,0.7826947193023768,0.0,-493.0008474942839,-493.0008474942839,-300.0,0,0,0
2026-01-06 11:30:00,ZONE_A,2684.467992759153,1204.8974244175438,0.0,2475.105075593512,0.7071728787410034,0.0,300.0,0,0,0,543.90812562518,543.90812562518,2775.105075593512,0.7928871644552892,0.0,-543.90812562518,-543.90812562518,-300.0,0,0,0
2026-01-06 11:45:00,ZONE_A,2655.292952848977,1172.6702796304924,1.2981659612480598,2445.4473617030144,0.6986992462008612,0.0,300.0,0,0,0,486.6327552002799,486.6327552002799,2745.4473617030144,0.784413531915147,0.0,-485.33458923903186,-485.33458923903186,-300.0,0,0,0
2026-01-06 11:45:00,ZONE_B,2020.080947398892,697.4686925604989,15.461750325306753,1862.8540267033693,0.6653050095369176,0.0,200.0,0,0,0,185.625582490278,185.625582490278,2062.8540267033695,0.7367335809654891,0.0,-170.16383216497124,-170.16383216497127,-200.00000000000023,0,0,0
2026-01-06 12:00:00,ZONE_A,2692.5569247890608,1138.3770005884055,15.33269857896721,2462.138055584369,0.7034680158812483,0.0,300.0,0,0,0,637.620762097,637.620762097,2762.138055584369,0.7891823015955339,0.0,-622.2880635180328,-622.2880635180328,-300.0,0,0,0
2026-01-06 12:15:00,ZONE_A,2690.3634888567667,1157.5296735286634,0.0,2466.227400962632,0.7046364002750377,0.0,300.0,0,0,0,588.535034067078,588.535034067078,2766.227400962632,0.7903506859893235,0.0,-588.535034067078,-588.535034067078,-300.0,0,0,0
2026-01-06 12:30:00,ZONE_A,2744.169008811745,1149.0165167377372,0.0,2510.319631102,0.7172341803148572,0.0,300.0,0,0,0,524.09577492514,524.09577492514,2810.319631102,0.8029484660291429,0.0,-524.09577492514,-524.09577492514,-300.0,0,0,0
2026-01-06 12:45:00,ZONE_A,2665.6591314743214,1091.2827048083918,0.0,2434.5209846668995,0.6955774241905427,0.0,300.0,0,0,0,572.0173256934719,572.0173256934719,2734.5209846668995,0.7812917099048284,0.0,-572.0173256934719,-572.0173256934719,-300.0,0,0,0
2026-01-06 13:00:00,ZONE_A,2674.8290485008056,1083.828293851436,14.75942254030292,2433.785661928568,0.6953673319795909,0.0,300.0,0,0,0,637.306788619888,637.306788619888,2733.785661928568,0.7810816176938766,0.0,-622.5473660795851,-622.5473660795851,-300.0,0,0,0
2026-01-06 13:15:00,ZONE_A,2651.495553868104,1055.9425240326711,7.053876221995097,2410.173806196057,0.6886210874845876,0.0,300.0,0,0,0,642.9581588253361,642.9581588253361,2710.173806196057,0.7743353731988734,0.0,-635.904282603341,-635.904282603341,-300.0,0,0,0
2026-01-06 13:30:00,ZONE_A,2653.655927926746,1107.452435274536,5.067513947862153,2421.0453878883463,0.6917272536823846,0.0,300.0,0,0,0,627.0199408653,627.0199408653,2721.0453878883463,0.7774415393966704,0.0,-621.9524269174378,-621.9524269174378,-300.0,0,0,0
2026-01-06 13:45:00,ZONE_A,2655.674403728914,1049.6787917375746,3.094664796363304,2412.0183324393934,0.6891480949826838,0.0,300.0,0,0,0,422.8041416551199,422.8041416551199,2712.0183324393934,0.7748623806969696,0.0,-419.7094768587566,-419.7094768587566,-300.0,0,0,0
2026-01-06 14:00:00,ZONE_A,2671.946156348866,1067.234989742581,0.0,2431.1746902441496,0.6946213400697571,0.0,300.0,0,0,0,422.4467265015,422.4467265015,2731.1746902441496,0.7803356257840427,0.0,-422.4467265015,-422.44672650150005,-300.0,0,0,0
2026-01-06 14:15:00,ZONE_A,2667.7487523429872,1098.8798277933947,0.0,2433.1268852404232,0.6951791100686924,0.0,300.0,0,0,0,472.0445197672799,472.0445197672799,2733.1268852404232,0.7808933957829781,0.0,-472.0445197672799,-472.0445197672799,-300.0,0,0,0
2026-01-06 14:15:00,ZONE_B,1950.9579346220687,652.0937401885969,21.38006447388034,1792.8216284883451,0.6402934387458376,0.0,200.0,0,0,0,150.61589518966406,150.61589518966406,1992.8216284883451,0.711722010174409,0.0,-129.23583071578372,-129.23583071578372,-200.0,0,0,0
2026-01-06 14:30:00,ZONE_A,2747.779101952405,1070.6461712772964,0.0,2492.9117332522187,0.7122604952149196,0.0,300.0,0,0,0,525.6613611227999,525.6613611227999,2792.9117332522187,0.7979747809292054,0.0,-525.6613611227999,-525.6613611227999,-300.0,0,0,0
2026-01-06 14:45:00,ZONE_A,2664.233018804965,1083.285567352385,2.9613221001716283,2426.17112366871,0.6931917496196315,0.0,300.0,0,0,0,353.20343353320004,353.20343353320004,2726.17112366871,0.7789060353339172,0.0,-350.2421114330284,-350.2421114330284,-300.0,0,0,0
2026-01-06 15:00:00,ZONE_A,2704.895087126248,1061.210002567392,7.885841006820328,2451.503879842064,0.7004296799548755,0.0,300.0,0,0,0,380.5632361726799,380.5632361726799,2751.503879842064,0.7861439656691612,0.0,-372.6773951658596,-372.6773951658596,-300.0,0,0,0
2026-01-06 15:15:00,ZONE_A,2696.7353401930995,1080.891548959458,4.849708392829825,2449.4882587695474,0.6998537882198707,0.0,300.0,0,0,0,449.94811100447,449.94811100447,2749.4882587695474,0.7855680739341564,0.0,-445.09840261164015,-445.09840261164015,-300.0,0,0,0
2026-01-06 15:30:00,ZONE_A,2677.77242960402,1005.8312340514956,0.0,2416.307440819647,0.6903735545198991,0.0,300.0,0,0,0,347.7583341249456,347.7583341249456,2716.307440819647,0.7760878402341849,0.0,-347.7583341249456,-347.7583341249456,-300.0,0,0,0
2026-01-06 15:45:00,ZONE_A,2691.343023864055,960.1671850370036,18.68212897591877,2409.6488799982817,0.6884711085709376,0.0,300.0,0,0,0,405.84785196621,405.84785196621,2709.6488799982817,0.7741853942852234,0.0,-387.1657229902912,-387.1657229902912,-300.0,0,0,0
2026-01-06 16:00:00,ZONE_A,2784.638699251374,953.8641362591408,6.563695322281888,2488.906105511399,0.711116030146114,0.0,300.0,0,0,0,239.85653368530245,239.85653368530245,2788.906105511399,0.7968303158603997,0.0,-233.29283836302056,-233.29283836302056,-300.0,0,0,0
2026-01-06 16:15:00,ZONE_A,2805.674667396206,904.1488067473794,11.288028647511396,2487.943573450438,0.7108410209858395,0.0,300.0,0,0,0,399.1831649714729,399.1831649714729,2787.943573450438,0.7965553067001252,0.0,-387.8951363239615,-387.8951363239615,-300.0,0,0,0
2026-01-06 16:30:00,ZONE_A,2815.393640374864,880.0219734599577,5.67009955155595,2487.211682973265,0.7106319094209328,0.0,300.0,0,0,0,301.50731117475,301.50731117475,2787.211682973265,0.7963461951352185,0.0,-295.83721162319404,-295.837211623194,-300.0,0,0,0
2026-01-06 16:45:00,ZONE_A,2777.65253346058,822.9533948636097,0.0,2442.110689246896,0.6977459112133989,0.0,300.0,0,0,0,301.69141089795403,301.69141089795403,2742.110689246896,0.7834601969276845,0.0,-301.69141089795403,-301.69141089795403,-300.0,0,0,0
2026-01-06 17:00:00,ZONE_A,2796.163470912265,781.8535956391604,18.347023927248078,2445.0225735726817,0.6985778781636234,0.0,300.0,0,0,0,295.79854039990005,295.79854039990005,2745.0225735726817,0.784292163877909,0.0,-277.451516472652,-277.451516472652,-300.0,0,0,0
2026-01-06 17:00:00,ZONE_B,2009.3217459651064,411.4072472635388,12.809607331209236,1779.4828970884023,0.6355296061030008,0.0,200.0,0,0,0,49.87595596029601,49.87595596029601,1979.4828970884023,0.7069581775315722,0.0,-37.066348629086775,-37.06634862908675,-200.0,0,0,0
2026-01-06 17:15:00,ZONE_A,2772.986480571333,745.8583675160861,0.0,2414.4905137049027,0.6898544324871151,0.0,300.0,0,0,0,139.10248294379096,139.10248294379096,2714.4905137049027,0.7755687182014007,0.0,-139.10248294379096,-139.10248294379096,-300.0,0,0,0
2026-01-06 17:30:00,ZONE_A,2774.073100317265,693.0060726124801,5.268735765374572,2403.026264029854,0.6865789325799583,0.0,300.0,0,0,0,129.75502454646397,129.75502454646397,2703.026264029854,0.7722932182942439,0.0,-124.4862887810894,-124.48628878108934,-300.0,0,0,0
2026-01-06 17:45:00,ZONE_A,2840.614789397402,641.7870999468959,0.0,2442.6284008921184,0.6978938288263196,0.0,300.0,0,0,0,100.33541892340004,100.33541892340004,2742.6284008921184,0.7836081145406053,0.0,-100.33541892340004,-100.33541892340008,-300.0,0,0,0
2026-01-06 18:00:00,ZONE_A,2791.279223151603,611.5520887576362,8.548796093256556,2391.2487392862204,0.6832139255103487,0.0,300.0,0,0,0,63.55439036692161,63.55439036692161,2691.2487392862204,0.7689282112246344,0.0,-55.005594273665054,-55.00559427366511,-300.0,0,0,0
2026-01-06 18:15:00,ZONE_A,2777.406262319136,594.2430192089867,0.0,2380.137292576414,0.680039226450404,0.0,300.0,0,0,0,136.46072682105,136.46072682105,2680.137292576414,0.7657535121646897,0.0,-136.46072682105,-136.46072682105,-300.0,0,0,0
2026-01-06 18:30:00,ZONE_A,2807.96425756853,612.1376509301231,16.26589995232871,2406.1649059194897,0.6874756874055685,0.0,300.0,0,0,0,88.3800666285,88.3800666285,2706.1649059194897,0.7731899731198542,0.0,-72.1141666761713,-72.1141666761713,-300.0,0,0,0
2026-01-06 18:45:00,ZONE_A,2788.667801443617,611.7770098452172,3.860892047487596,2389.156627219857,0.6826161792056734,0.0,300.0,0,0,0,65.16754284211498,65.16754284211498,2689.156627219857,0.7683304649199592,0.0,-61.30665079462739,-61.30665079462733,-300.0,0,0,0
2026-01-06 19:00:00,ZONE_A,2831.289935478811,614.8844693929104,21.65454649406672,2429.513071060156,0.6941465917314732,0.0,300.0,0,0,0,126.6412614556,126.6412614556,2729.513071060156,0.7798608774457589,0.0,-104.98671496153328,-104.98671496153327,-300.0,0,0,0
2026-01-06 19:15:00,ZONE_A,2754.661285690917,609.9981359054716,0.0,2361.918155665243,0.674833758761498,0.0,300.0,0,0,0,88.47863541375006,88.47863541375006,2661.918155665243,0.7605480444757837,0.0,-88.47863541375006,-88.47863541375,-300.0,0,0,0
2026-01-06 19:30:00,ZONE_A,2805.302280107628,609.6405817372829,7.712722112294841,2403.484915709489,0.6867099759169969,0.0,300.0,0,0,0,95.75322939937502,95.75322939937502,2703.484915709489,0.7724242616312826,0.0,-88.04050728708017,-88.04050728708012,-300.0,0,0,0
2026-01-06 19:45:00,ZONE_A,2791.031876280626,606.2260304446235,0.0,2391.032504706397,0.6831521442018277,0.0,300.0,0,0,0,113.82684452009994,113.82684452009994,2691.032504706397,0.7688664299161134,0.0,-113.82684452009994,-113.82684452009994,-300.0,0,0,0
2026-01-06 20:00:00,ZONE_A,2752.220518512945,617.0826668716813,23.258298135328232,2359.944456388702,0.6742698446824862,0.0,300.0,0,0,0,94.90008072001206,94.90008072001206,2659.944456388702,0.7599841303967719,0.0,-71.64178258468382,-71.64178258468382,-300.0,0,0,0
2026-01-06 20:15:00,ZONE_A,2808.3089804948786,595.1098237469567,0.0,2406.534768846296,0.6875813625275132,0.0,300.0,0,0,0,32.320254146640025,32.320254146640025,2706.534768846296,0.7732956482417989,0.0,-32.320254146640025,-32.32025414663997,-300.0,0,0,0
2026-01-06 20:30:00,ZONE_A,2789.4280657016325,598.1486458821253,0.0,2389.737966667381,0.6827822761906803,0.0,300.0,0,0,0,106.66973900574992,106.66973900574992,2689.737966667381,0.768496561904966,0.0,-106.66973900574992,-106.66973900574993,-300.0,0,0,0
2026-01-06 20:45:00,ZONE_A,2835.683639306275,595.2921387882917,1.3928505971115328,2433.903546659404,0.6954010133312584,0.0,300.0,0,0,0,111.16019712141178,111.16019712141178,2733.903546659404,0.781115299045544,0.0,-109.76734652430025,-109.76734652430025,-300.0,0,0,0
2026-01-06 21:00:00,ZONE_A,2692.7765247954258,615.8212643158506,21.517132019502924,2312.400689100681,0.6606859111716232,0.0,300.0,0,0,0,123.79359972960005,123.79359972960005,2612.400689100681,0.7464001968859089,0.0,-102.27646771009712,-102.27646771009711,-300.0,0,0,0
2026-01-06 21:15:00,ZONE_A,2639.4132612538656,598.1658397006597,0.0,2269.76547227952,0.6485044206512914,0.0,300.0,0,0,0,117.4707374157,117.4707374157,2569.76547227952,0.7342187063655772,0.0,-117.4707374157,-117.4707374157,-300.0,0,0,0
2026-01-06 21:30:00,ZONE_A,2722.8968016750805,600.4058792842999,3.627806352118341,2336.5164069317098,0.6675761162662028,0.0,300.0,0,0,0,95.05647608435004,95.05647608435004,2636.5164069317098,0.7532904019804885,0.0,-91.4286697322317,-91.4286697322317,-300.0,0,0,0
2026-01-06 21:45:00,ZONE_A,2614.356927623819,605.029380184821,0.0,2249.715415612087,0.6427758330320248,0.0,300.0,0,0,0,67.66177021556996,67.66177021556996,2549.715415612087,0.7284901187463105,0.0,-67.66177021556996,-67.66177021556996,-300.0,0,0,0
2026-01-06 22:00:00,ZONE_A,2637.614237050618,594.6408333031967,0.0,2268.26671467914,0.64807620419404,0.0,300.0,0,0,0,60.12867119082898,60.12867119082898,2568.26671467914,0.7337904899083257,0.0,-60.12867119082898,-60.12867119082898,-300.0,0,0,0
2026-01-06 22:15:00,ZONE_A,2512.8556403961893,601.7332671760536,11.178441869654534,2168.5243744854097,0.619578392710117,0.0,300.0,0,0,0,87.33708310734795,87.33708310734795,2468.5243744854097,0.7052926784244028,0.0,-76.15864123769342,-76.15864123769336,-300.0,0,0,0
2026-01-06 22:30:00,ZONE_A,2461.488959187503,615.6040243454069,5.319521722753734,2127.4261841196694,0.6078360526056198,0.0,300.0,0,0,0,117.38794238486406,117.38794238486406,2427.4261841196694,0.6935503383199055,0.0,-112.06842066211033,-112.06842066211033,-300.0,0,0,0
2026-01-06 22:45:00,ZONE_A,2447.81716886424,611.2108498078305,5.475657831862463,2116.467880591708,0.604705108740488,0.0,300.0,0,0,0,81.74689332695999,81.74689332695999,2416.467880591708,0.6904193944547736,0.0,-76.27123549509753,-76.27123549509747,-300.0,0,0,0
2026-01-06 23:00:00,ZONE_A,2419.297039617408,611.405028405777,16.72303742032841,2093.6458757151004,0.5981845359186001,0.0,300.0,0,0,0,104.94664533232005,104.94664533232005,2393.6458757151004,0.6838988216328858,0.0,-88.22360791199164,-88.22360791199162,-300.0,0,0,0
2026-01-06 23:15:00,ZONE_A,2382.8446827616685,603.4008179654982,0.0,2064.499110003079,0.5898568885723082,0.0,300.0,0,0,0,112.861933329846,112.861933329846,2364.499110003079,0.675571174286594,0.0,-112.861933329846,-112.86193332984601,-300.0,0,0,0
2026-01-06 23:30:00,ZONE_A,2354.471470746646,616.4956840307392,12.681505424092848,2041.7861097823547,0.5833674599378157,0.0,300.0,0,0,0,201.36271016194,201.36271016194,2341.7861097823547,0.6690817456521013,0.0,-188.68120473784714,-188.6812047378471,-300.0,0,0,0
2026-01-07 00:00:00,ZONE_A,2306.719211122412,611.9542078466209,15.159668552516678,2003.5723247541405,0.5724492356440402,0.0,300.0,0,0,0,90.86994646092302,90.86994646092302,2303.5723247541405,0.6581635213583259,0.0,-75.71027790840634,-75.7102779084064,-300.0,0,0,0
2026-01-07 00:15:00,ZONE_A,2306.4314018629816,607.213675748745,0.8181889568045335,2003.33859480924,0.5723824556597829,0.0,300.0,0,0,0,80.90850285876502,80.90850285876502,2303.33859480924,0.6580967413740686,0.0,-80.09031390196049,-80.09031390196049,-300.0,0,0,0
2026-01-07 00:30:00,ZONE_A,2353.4816316992774,615.898066381081,8.943937086443611,2041.009215673139,0.5831454901923254,0.0,300.0,0,0,0,76.34198709384003,76.34198709384003,2341.009215673139,0.6688597759066112,0.0,-67.39805000739642,-67.39805000739648,-300.0,0,0,0
2026-01-07 00:45:00,ZONE_A,2278.7794880285505,595.5441543588648,0.0,1981.2678690665712,0.5660765340190204,0.0,300.0,0,0,0,82.67244298662598,82.67244298662598,2281.267869066571,0.651790819733306,0.0,-82.67244298662598,-82.67244298662592,-300.0,0,0,0
2026-01-07 01:00:00,ZONE_A,2266.018907490253,607.7261056558415,0.6952903267512056,1971.0277737722463,0.5631507925063561,0.0,300.0,0,0,0,132.223015527003,132.223015527003,2271.0277737722463,0.6488650782206418,0.0,-131.5277252002518,-131.52772520025178,-300.0,0,0,0
2026-01-07 01:15:00,ZONE_A,2307.3852280084893,609.2927787109123,0.0,2004.0863498029903,0.5725960999437115,0.0,300.0,0,0,0,50.51190335117997,50.51190335117997,2304.0863498029903,0.6583103856579973,0.0,-50.51190335117997,-50.51190335117997,-300.0,0,0,0
2026-01-07 01:45:00,ZONE_A,2239.4629016568183,615.2451573862223,10.30210518799015,1949.7380343107875,0.5570680098030821,0.0,300.0,0,0,0,110.81715699007498,110.81715699007498,2249.7380343107875,0.6427822955173679,0.0,-100.51505180208483,-100.51505180208483,-300.0,0,0,0
2026-01-07 02:00:00,ZONE_A,2255.853360063203,614.7638769012962,16.772058052587226,1962.924012671728,0.5608354321919222,0.0,300.0,0,0,0,160.38151319415,160.38151319415,2262.9240126717277,0.646549717906208,0.0,-143.60945514156276,-143.60945514156276,-299.9999999999998,0,0,0
2026-01-07 02:15:00,ZONE_A,2297.34441392583,593.8857093513911,0.0,1996.0816489512904,0.5703090425575116,0.0,300.0,0,0,0,100.80661609704596,100.80661609704596,2296.0816489512904,0.6560233282717972,0.0,-100.80661609704596,-100.80661609704595,-300.0,0,0,0
2026-01-07 02:30:00,ZONE_A,2272.2730474567898,602.00377515854,0.5155307853772229,1976.0366242326136,0.5645818926378896,0.0,300.0,0,0,0,70.35058293135495,70.35058293135495,2276.0366242326136,0.6502961783521753,0.0,-69.83505214597773,-69.83505214597778,-300.0,0,0,0
2026-01-07 02:45:00,ZONE_A,2333.185816656547,611.3436088117032,8.594969339550516,2024.8032664183363,0.5785152189766675,0.0,300.0,0,0,0,126.87248122554008,126.87248122554008,2324.8032664183365,0.6642295046909533,0.0,-118.27751188598957,-118.27751188598955,-300.0000000000002,0,0,0
2026-01-07 03:00:00,ZONE_A,2263.129543782802,616.1255300319004,3.738914688752061,1968.695384089253,0.5624843954540723,0.0,300.0,0,0,0,8.968331861384002,8.968331861384002,2268.695384089253,0.648198681168358,0.0,-5.2294171726319405,-5.229417172631884,-300.0,0,0,0
2026-01-07 03:15:00,ZONE_A,2257.1595497156927,600.6414214024849,0.0,1963.964933863797,0.5611328382467992,0.0,300.0,0,0,0,129.15292817199995,129.15292817199995,2263.964933863797,0.6468471239610848,0.0,-129.15292817199995,-129.15292817199997,-300.0,0,0,0
2026-01-07 03:30:00,ZONE_A,2245.3432249165653,606.4716082837263,0.0,1954.479390757121,0.5584226830734632,0.0,300.0,0,0,0,94.4527576686172,94.4527576686172,2254.479390757121,0.6441369687877488,0.0,-94.4527576686172,-94.45275766861721,-300.0,0,0,0
2026-01-07 03:45:00,ZONE_A,2240.260995688266,602.0304344555486,0.0,1950.434159799933,0.5572669027999808,0.0,300.0,0,0,0,141.14111487979204,141.14111487979204,2250.434159799933,0.6429811885142666,0.0,-141.14111487979204,-141.14111487979204,-299.9999999999998,0,0,0
2026-01-07 04:00:00,ZONE_A,2314.8687964006167,594.2939835495134,0.0,2010.079390839595,0.5743083973827414,0.0,300.0,0,0,0,178.78813568164503,178.78813568164503,2310.079390839595,0.6600226830970272,0.0,-178.78813568164503,-178.78813568164503,-300.0,0,0,0
2026-01-07 04:15:00,ZONE_A,2279.2878035568306,614.7874050213696,28.03456188322491,1981.6318715385887,0.566180534725311,0.0,300.0,0,0,0,146.83057883520007,146.83057883520007,2281.6318715385887,0.6518948204395968,0.0,-118.79601695197516,-118.79601695197516,-300.0,0,0,0
2026-01-07 04:30:00,ZONE_A,2248.8802859333537,594.8328013796331,0.0,1957.2887006050587,0.5592253430300168,0.0,300.0,0,0,0,53.09565461078,53.09565461078,2257.2887006050587,0.6449396287443024,0.0,-53.09565461078,-53.09565461078,-300.0,0,0,0
2026-01-07 05:00:00,ZONE_A,2302.8372702056754,608.0173246668751,16.7217774682656,2000.4737320284064,0.5715639234366875,0.0,300.0,0,0,0,110.571854049175,110.571854049175,2300.4737320284066,0.6572782091509733,0.0,-93.8500765809094,-93.85007658090939,-300.0000000000002,0,0,0
2026-01-07 05:15:00,ZONE_A,2262.4355683782314,593.9773295581508,0.0,1968.1495168337144,0.5623284333810613,0.0,300.0,0,0,0,98.79307264165,98.79307264165,2268.149516833714,0.6480427190953469,0.0,-98.79307264165,-98.79307264164999,-299.9999999999998,0,0,0
2026-01-07 05:30:00,ZONE_A,2279.2377371614,603.5203544118659,10.081650393629616,1981.6055331662087,0.5661730094760596,0.0,300.0,0,0,0,129.38182970067305,129.38182970067305,2281.6055331662087,0.6518872951903454,0.0,-119.30017930704344,-119.30017930704344,-300.0,0,0,0
2026-01-07 05:45:00,ZONE_A,2285.5457900622764,610.8315090257391,0.0,1986.6396558316385,0.567611330237611,0.0,300.0,0,0,0,32.2426137919,32.2426137919,2286.6396558316383,0.6533256159518966,0.0,-32.2426137919,-32.2426137919,-299.9999999999998,0,0,0
2026-01-07 06:30:00,ZONE_A,2567.258129516043,604.5335559120159,2.0714315842101314,2212.041592321681,0.6320118835204803,0.0,300.0,0,0,0,87.49898410749444,87.49898410749444,2512.041592321681,0.7177261692347661,0.0,-85.4275525232843,-85.42755252328436,-300.0,0,0,0
2026-01-07 06:45:00,ZONE_A,2611.7965542940965,605.7793929000504,1.5224339045470288,2247.636312541564,0.642181803583304,0.0,300.0,0,0,0,154.00224565537496,154.00224565537496,2547.636312541564,0.7278960892975898,0.0,-152.47981175082793,-152.47981175082793,-300.0,0,0,0
2026-01-07 07:00:00,ZONE_A,2683.109706494282,613.3025091973475,15.849355266901966,2304.684459719737,0.6584812742056391,0.0,300.0,0,0,0,121.1698528254896,121.1698528254896,2604.684459719737,0.7441955599199248,0.0,-105.32049755858763,-105.32049755858765,-300.0,0,0,0
2026-01-07 07:15:00,ZONE_A,2742.3893426324234,626.2678255238618,3.8137840714529143,2360.6596416451475,0.674474183327185,0.0,300.0,0,0,0,102.94198374112796,102.94198374112796,2660.6596416451475,0.7601884690414707,0.0,-99.12819966967504,-99.12819966967504,-300.0,0,0,0
2026-01-07 07:30:00,ZONE_A,2679.277046244389,662.9064270547846,0.0,2319.377814593914,0.6626793755982612,0.0,300.0,0,0,0,122.10561568460002,122.10561568460002,2619.377814593914,0.7483936613125469,0.0,-122.10561568460002,-122.10561568460002,-300.0,0,0,0
2026-01-07 07:45:00,ZONE_A,2788.9356947022493,710.5899085453458,0.7435319900231434,2421.179303020316,0.6917655151486618,0.0,300.0,0,0,0,119.834655035528,119.834655035528,2721.179303020316,0.7774798008629474,0.0,-119.09112304550486,-119.0911230455049,-300.0,0,0,0
2026-01-07 08:45:00,ZONE_A,2894.836163417229,878.3863790121214,1.363510570535368,2553.264315457606,0.7295040901307445,0.0,300.0,0,0,0,233.8518959853241,233.8518959853241,2853.264315457606,0.8152183758450302,0.0,-232.48838541478872,-232.4883854147887,-300.0,0,0,0
2026-01-07 09:00:00,ZONE_A,2961.2536990114186,901.7232739341988,20.372712446944888,2609.896485352856,0.7456847101008159,0.0,300.0,0,0,0,490.24419753897,490.24419753897,2909.896485352856,0.8313989958151017,0.0,-469.8714850920251,-469.8714850920251,-300.0,0,0,0
2026-01-07 09:15:00,ZONE_A,2940.57026198961,896.5910186244562,11.901629963082769,2592.9865804130145,0.7408533086894327,0.0,300.0,0,0,0,391.731578665856,391.731578665856,2892.9865804130145,0.8265675944037184,0.0,-379.8299487027732,-379.8299487027732,-300.0,0,0,0
2026-01-07 09:30:00,ZONE_A,3228.104326050434,927.2894708156792,14.41159461210475,2831.491173253576,0.8089974780724504,0.0,300.0,0,0,0,504.0391198993559,504.0391198993559,3131.491173253576,0.894711763786736,0.0,-489.62752528725116,-489.62752528725116,-300.0,0,0,0
2026-01-07 09:45:00,ZONE_A,3019.0772157234287,886.0558715269583,0.0,2655.731881816793,0.7587805376619408,0.0,300.0,0,0,0,276.49622639171696,276.49622639171696,2955.731881816793,0.8444948233762265,0.0,-276.49622639171696,-276.49622639171696,-300.0,0,0,0
2026-01-07 10:15:00,ZONE_A,2718.9461444604376,732.8614214083457,0.0,2376.0914177297755,0.6788832622085073,0.0,300.0,0,0,0,129.97591657231197,129.97591657231197,2676.0914177297755,0.764597547922793,0.0,-129.97591657231197,-129.97591657231192,-300.0,0,0,0
2026-01-07 10:30:00,ZONE_A,2690.971848514544,957.8999486896968,12.035521255017784,2407.950760991653,0.6879859317119009,0.0,300.0,0,0,0,480.020824922,480.020824922,2707.950760991653,0.7737002174261867,0.0,-467.9853036669822,-467.9853036669822,-300.0,0,0,0
2026-01-07 11:15:00,ZONE_A,2717.184033700789,934.3161145255986,0.0,2428.016013293436,0.6937188609409818,0.0,300.0,0,0,0,137.98100806494,137.98100806494,2728.016013293436,0.7794331466552674,0.0,-137.98100806494,-137.98100806493994,-300.0,0,0,0
2026-01-07 11:30:00,ZONE_A,2822.386668931614,984.9292772618272,0.0,2523.571569466252,0.7210204484189292,0.0,300.0,0,0,0,379.360292581824,379.360292581824,2823.571569466252,0.806734734133215,0.0,-379.360292581824,-379.36029258182396,-300.0,0,0,0
2026-01-07 11:45:00,ZONE_A,2785.9812970718835,950.0383385293028,0.0,2488.6325386604003,0.7110378681886858,0.0,300.0,0,0,0,314.66638662186404,314.66638662186404,2788.6325386604003,0.7967521539029715,0.0,-314.66638662186404,-314.66638662186404,-300.0,0,0,0
2026-01-07 12:00:00,ZONE_A,2784.016478285952,864.2983820332565,0.0,2459.326849984135,0.7026648142811814,0.0,300.0,0,0,0,162.10828355743996,162.10828355743996,2759.326849984135,0.7883790999954672,0.0,-162.10828355743996,-162.10828355744002,-300.0,0,0,0
2026-01-07 12:15:00,ZONE_A,2669.393654550122,878.3995070729934,0.0,2374.4540473172465,0.6784154420906419,0.0,300.0,0,0,0,151.84749464610002,151.84749464610002,2674.4540473172465,0.7641297278049276,0.0,-151.84749464610002,-151.84749464610002,-300.0,0,0,0
2026-01-07 12:30:00,ZONE_A,2663.999892085456,854.7473876338724,0.0,2364.455952808054,0.675558843659444,0.0,300.0,0,0,0,247.61622337327503,247.61622337327503,2664.455952808054,0.7612731293737297,0.0,-247.61622337327503,-247.61622337327503,-300.0,0,0,0
2026-01-07 12:45:00,ZONE_A,2667.89848454137,745.544193115933,1.7285304124826553,2337.2583225807634,0.6677880921659324,0.0,300.0,0,0,0,107.924614717488,107.924614717488,2637.2583225807634,0.7535023778802181,0.0,-106.19608430500534,-106.19608430500534,-300.0,0,0,0
2026-01-07 13:00:00,ZONE_A,2647.5783588413324,871.5005660265608,2.120472804033284,2351.9593722960826,0.671988392084595,0.0,300.0,0,0,0,195.5675251592941,195.5675251592941,2651.9593722960826,0.7577026777988808,0.0,-193.4470523552608,-193.44705235526078,-300.0,0,0,0
2026-01-07 13:30:00,ZONE_A,2698.0226447280547,1003.3668363119302,3.780947718640846,2429.4549075072737,0.6941299735735068,0.0,300.0,0,0,0,159.19125023157,159.19125023157,2729.4549075072737,0.7798442592877924,0.0,-155.41030251292915,-155.4103025129291,-300.0,0,0,0
2026-01-07 13:45:00,ZONE_A,2823.39525017481,978.8203069521966,0.0,2524.4111878717977,0.7212603393919422,0.0,300.0,0,0,0,222.3630308909011,222.3630308909011,2824.4111878717977,0.8069746251062279,0.0,-222.3630308909011,-222.3630308909011,-300.0,0,0,0
2026-01-07 14:00:00,ZONE_A,2647.2851421420987,1029.6975175604518,6.399433694066602,2397.0627948938454,0.6848750842553845,0.0,300.0,0,0,0,226.09210824594004,226.09210824594004,2697.0627948938454,0.7705893699696701,0.0,-219.69267455187344,-219.69267455187344,-300.0,0,0,0
2026-01-07 14:15:00,ZONE_A,2637.8776742841555,1033.6825172920016,0.0,2391.7564290646174,0.6833589797327478,0.0,300.0,0,0,0,151.20313105826398,151.20313105826398,2691.7564290646174,0.7690732654470336,0.0,-151.20313105826398,-151.20313105826403,-300.0,0,0,0
2026-01-07 14:30:00,ZONE_A,2682.165619178542,1049.5145463353929,0.0,2430.768523842803,0.6945052925265152,0.0,300.0,0,0,0,335.21410420763846,335.21410420763846,2730.768523842803,0.7802195782408009,0.0,-335.21410420763846,-335.21410420763846,-300.0,0,0,0
2026-01-07 14:45:00,ZONE_A,2676.7907344683063,892.6809882152688,0.0,2383.6665001680963,0.6810475714765989,0.0,300.0,0,0,0,184.87312051783505,184.87312051783505,2683.6665001680963,0.7667618571908846,0.0,-184.87312051783505,-184.8731205178351,-300.0,0,0,0
2026-01-07 15:00:00,ZONE_A,2682.827748179762,808.4660056808798,0.0,2368.794125903334,0.6767983216866669,0.0,300.0,0,0,0,131.58413470428803,131.58413470428803,2668.794125903334,0.7625126074009526,0.0,-131.58413470428803,-131.5841347042881,-300.0,0,0,0
2026-01-07 15:15:00,ZONE_A,2653.378652067558,868.4761338526711,15.228573438830496,2358.3905811973464,0.673825880342099,0.0,300.0,0,0,0,181.99512320421,181.99512320421,2658.3905811973464,0.7595401660563846,0.0,-166.7665497653795,-166.76654976537952,-300.0,0,0,0
2026-01-07 15:30:00,ZONE_A,2669.183968373936,775.4612485551374,0.0,2346.825886152674,0.6705216817579068,0.0,300.0,0,0,0,140.20186393691193,140.20186393691193,2646.825886152674,0.7562359674721925,0.0,-140.20186393691193,-140.20186393691188,-300.0,0,0,0
2026-01-07 15:45:00,ZONE_A,2724.668882694138,747.4507955111349,0.0,2385.264356287317,0.6815041017963762,0.0,300.0,0,0,0,83.74534693662503,83.74534693662503,2685.264356287317,0.767218387510662,0.0,-83.74534693662503,-83.74534693662508,-300.0,0,0,0
2026-01-07 16:00:00,ZONE_A,2782.4242863902823,812.7951560600385,1.5228546909821716,2447.4725095851327,0.6992778598814665,0.0,300.0,0,0,0,234.377661592884,234.377661592884,2747.4725095851327,0.7849921455957521,0.0,-232.85480690190184,-232.85480690190184,-300.0,0,0,0
2026-01-07 16:15:00,ZONE_A,2811.911666358844,820.9552569687531,30.99936203193909,2467.190013614222,0.7049114324612064,0.0,300.0,0,0,0,215.3188516772041,215.3188516772041,2767.190013614222,0.7906257181754921,0.0,-184.319489645265,-184.31948964526498,-300.0,0,0,0
2026-01-07 16:30:00,ZONE_A,2801.527659793745,706.2211299766444,7.147231659778754,2429.9207622386143,0.6942630749253184,0.0,300.0,0,0,0,70.24656461143002,70.24656461143002,2729.9207622386143,0.7799773606396041,0.0,-63.09933295165126,-63.09933295165126,-300.0,0,0,0
2026-01-07 16:45:00,ZONE_A,2779.873315842638,723.7841642456243,0.0,2417.72606929997,0.6907788769428486,0.0,300.0,0,0,0,44.642355963498005,44.642355963498005,2717.72606929997,0.7764931626571342,0.0,-44.642355963498005,-44.64235596349806,-300.0,0,0,0
2026-01-07 17:15:00,ZONE_A,2812.5176936435387,432.5284753785575,3.4050729660714296,2411.405657778044,0.6889730450794411,0.0,294.62647572919,0,0,0,0.0,0.0,2706.032133507234,0.773152038144924,0.0,3.4050729660714296,3.4050729660714296,-294.62647572919013,0,0,0
2026-01-07 18:00:00,ZONE_A,2797.610436478545,388.1264502633443,10.643512278301102,2396.484079480523,0.6847097369944352,0.0,270.74883069345003,0,0,0,0.0,0.0,2667.2329101739733,0.7620665457639924,0.0,10.643512278301102,10.643512278301102,-270.74883069345015,0,0,0
2026-01-07 19:30:00,ZONE_A,2784.381730684784,505.3856170920603,0.3577065022746524,2382.889509975997,0.6808255742788563,0.0,249.9625077133824,0,0,0,0.0,0.0,2632.8520176893794,0.752243433625537,0.0,0.3577065022746524,0.3577065022746524,-249.96250771338237,0,0,0
2026-01-07 22:15:00,ZONE_A,2521.1823310196587,380.2382634192247,0.7631688125035225,2120.062098348421,0.6057320280995488,0.0,252.6562481944996,0,0,0,0.0,0.0,2372.7183465429207,0.6779195275836917,0.0,0.7631688125035225,0.7631688125035225,-252.65624819449977,0,0,0
2026-01-07 22:45:00,ZONE_A,2484.8464740042104,486.7319517281356,0.0,2114.349328955396,0.6040998082729703,0.0,262.731670428696,0,0,0,0.0,0.0,2377.0809993840917,0.6791659998240261,0.0,0.0,0.0,-262.7316704286959,0,0,0
2026-01-07 23:00:00,ZONE_A,2559.135487902568,507.8975524358656,13.515446784853566,2179.3743568716773,0.6226783876776221,0.0,288.147320294925,0,0,0,0.0,0.0,2467.5216771666023,0.7050061934761721,0.0,13.515446784853566,13.515446784853566,-288.14732029492507,0,0,0
2026-01-07 23:15:00,ZONE_A,2366.3505835860287,602.0081784678415,6.123797637317352,2051.308384810281,0.5860881099457946,0.0,300.0,0,0,0,70.44458816028805,70.44458816028805,2351.308384810281,0.6718023956600803,0.0,-64.3207905229707,-64.3207905229707,-300.0,0,0,0
2026-01-07 23:30:00,ZONE_A,2353.178546817964,607.1960203407964,3.05715888195698,2040.729008139823,0.5830654308970923,0.0,300.0,0,0,0,73.83157861116001,73.83157861116001,2340.7290081398232,0.668779716611378,0.0,-70.77441972920303,-70.77441972920303,-300.0000000000002,0,0,0
2026-01-07 23:45:00,ZONE_A,2451.5007601713787,611.3850664116054,1.8247367981986145,2119.4893239368475,0.6055683782676707,0.0,300.0,0,0,0,37.90321178647997,37.90321178647997,2419.4893239368475,0.6912826639819565,0.0,-36.07847498828136,-36.078474988281414,-300.0,0,0,0
2026-01-08 00:00:00,ZONE_A,2333.2738456603265,603.545617698882,7.96019424675012,2024.8037208086405,0.5785153488024687,0.0,300.0,0,0,0,78.05683032965703,78.05683032965703,2324.8037208086407,0.6642296345167545,0.0,-70.09663608290691,-70.09663608290691,-300.0000000000002,0,0,0
2026-01-08 00:15:00,ZONE_A,2338.029653523959,607.8335929159489,2.3153697819070658,2028.6480664296755,0.5796137332656216,0.0,300.0,0,0,0,100.69596679345,100.69596679345,2328.6480664296755,0.6653280189799073,0.0,-98.38059701154293,-98.38059701154293,-300.0,0,0,0
2026-01-08 00:30:00,ZONE_A,2383.465375967901,611.4994763903978,22.67764925908796,2064.970735444594,0.5899916386984555,0.0,300.0,0,0,0,152.70909953183997,152.70909953183997,2364.970735444594,0.6757059244127411,0.0,-130.031450272752,-130.031450272752,-300.0,0,0,0
2026-01-08 00:45:00,ZONE_A,2299.8179439969804,616.492132166554,24.23964071270302,1998.070985470267,0.5708774244200763,0.0,300.0,0,0,0,202.78326622352995,202.78326622352995,2298.0709854702673,0.6565917101343621,0.0,-178.54362551082693,-178.54362551082693,-300.0000000000002,0,0,0
2026-01-08 01:00:00,ZONE_A,2296.195293206763,599.9150220145389,0.0,1995.162148388288,0.5700463281109395,0.0,300.0,0,0,0,99.18170466188997,99.18170466188997,2295.162148388288,0.6557606138252252,0.0,-99.18170466188997,-99.18170466188997,-300.0000000000002,0,0,0
2026-01-08 01:15:00,ZONE_A,2284.29860025614,508.6248487945387,10.776322800813148,1960.702655942652,0.5602007588407577,0.0,300.0,0,0,0,102.77307229594504,102.77307229594504,2260.702655942652,0.6459150445550434,0.0,-91.9967494951319,-91.9967494951319,-300.0000000000002,0,0,0
2026-01-08 01:30:00,ZONE_A,2260.161289949938,463.5379448123889,0.0,1929.7690828951625,0.5513625951129035,0.0,300.0,0,0,0,3.729749819434005,3.729749819434005,2229.7690828951627,0.6370768808271894,0.0,-3.729749819434005,-3.729749819434005,-300.0000000000002,0,0,0
2026-01-08 01:45:00,ZONE_A,2268.304292297154,376.817133090526,10.54708230838054,1911.4397021173231,0.5461256291763781,0.0,266.232720522924,0,0,0,0.0,0.0,2177.672422640247,0.6221921207543563,0.0,10.54708230838054,10.547082308380539,-266.23272052292396,0,0,0
2026-01-08 02:00:00,ZONE_A,2317.738185718246,338.05450718992853,6.2012029495007255,1941.910785237988,0.5548316529251395,0.0,284.7572351203412,0,0,0,0.0,0.0,2226.668020358329,0.6361908629595227,0.0,6.2012029495007255,6.2012029495007255,-284.7572351203412,0,0,0
2026-01-08 05:15:00,ZONE_A,2274.867653298744,302.742664667679,10.58436357736116,1898.182670040146,0.542337905725756,0.0,173.51343939440002,0,0,0,0.0,0.0,2071.696109434546,0.591913174124156,0.0,10.58436357736116,10.58436357736116,-173.51343939440017,0,0,0
2026-01-08 06:15:00,ZONE_A,2610.04920334908,416.36742188179886,2.401482004487832,2208.811348461995,0.6310889567034271,0.0,207.46870633286,0,0,0,0.0,0.0,2416.280054794855,0.6903657299413871,0.0,2.401482004487832,2.401482004487832,-207.46870633286017,0,0,0
2026-01-08 06:30:00,ZONE_A,2652.236913738265,426.1867989359033,16.880065076555127,2250.9730904879125,0.6431351687108321,0.0,258.7252419933846,0,0,0,0.0,0.0,2509.6983324812973,0.7170566664232277,0.0,16.880065076555127,16.880065076555127,-258.72524199338477,0,0,0
2026-01-08 07:30:00,ZONE_A,2755.683893415953,611.7734154534195,0.0,2370.5533265334698,0.6773009504381342,0.0,261.76982496908715,0,0,0,0.0,0.0,2632.323151502557,0.7520923290007305,0.0,0.0,0.0,-261.76982496908704,0,0,0
2026-01-08 07:45:00,ZONE_A,2724.0520327074523,724.4573825498974,1.0392287739562107,2376.7437377029028,0.6790696393436865,0.0,300.0,0,0,0,19.40835902843997,19.40835902843997,2676.7437377029028,0.7647839250579722,0.0,-18.36913025448376,-18.369130254483707,-300.0,0,0,0
2026-01-08 08:00:00,ZONE_A,2782.387857489177,813.5620404402603,0.0,2446.6441056154,0.6990411730329714,0.0,300.0,0,0,0,0.7068459178399848,0.7068459178399848,2746.6441056154,0.7847554587472572,0.0,-0.7068459178399848,-0.706845917839928,-300.0,0,0,0
2026-01-08 08:15:00,ZONE_A,2849.167120501424,863.7479938012818,6.174116657912236,2511.7002038372466,0.7176286296677847,0.0,300.0,0,0,0,137.83751324944302,137.83751324944302,2811.7002038372466,0.8033429153820705,0.0,-131.66339659153078,-131.66339659153073,-300.0,0,0,0
2026-01-08 08:30:00,ZONE_A,2831.769318601987,965.8258931248974,0.0,2530.854382717476,0.7231012522049931,0.0,300.0,0,0,0,160.24087164330007,160.24087164330007,2830.854382717476,0.8088155379192788,0.0,-160.24087164330007,-160.24087164330012,-300.0,0,0,0
2026-01-08 08:45:00,ZONE_A,2968.2073043817386,1100.32367370418,5.6530665982838855,2674.724635429837,0.7642070386942391,0.0,300.0,0,0,0,362.705371501635,362.705371501635,2974.724635429837,0.8499213244085247,0.0,-357.0523049033511,-357.0523049033511,-300.0,0,0,0
2026-01-08 09:00:00,ZONE_A,2943.21262246053,1169.154926859294,0.0,2674.660368888517,0.7641886768252906,0.0,300.0,0,0,0,594.7743379698,594.7743379698,2974.660368888517,0.8499029625395763,0.0,-594.7743379698,-594.7743379698,-300.0,0,0,0
2026-01-08 09:15:00,ZONE_A,3080.300916392764,1212.744117593066,0.2338771285676557,2799.7232145295584,0.7999209184370167,0.0,300.0,0,0,0,602.99356440902,602.99356440902,3099.7232145295584,0.8856352041513024,0.0,-602.7596872804523,-602.7596872804523,-300.0,0,0,0
2026-01-08 09:30:00,ZONE_A,2929.959411346568,1289.2567744702294,12.101422210765804,2697.8066208027594,0.7708018916579312,0.0,300.0,0,0,0,691.3698591207841,691.3698591207841,2997.8066208027594,0.856516177372217,0.0,-679.2684369100183,-679.2684369100183,-300.0,0,0,0
2026-01-08 09:45:00,ZONE_A,3048.668961053233,1359.1120357652972,11.982657295899116,2808.9846932063256,0.8025670552018073,0.0,300.0,0,0,0,848.1783502189,848.1783502189,3108.9846932063256,0.888281340916093,0.0,-836.1956929230009,-836.1956929230009,-300.0,0,0,0
2026-01-08 09:45:00,ZONE_B,2183.295822195163,702.9521779034686,7.961922414428045,1962.0018221122623,0.7007149364686651,0.0,200.0,0,0,0,231.80857106166195,231.80857106166195,2162.0018221122623,0.7721435078972365,0.0,-223.8466486472339,-223.8466486472339,-200.0,0,0,0
2026-01-08 10:00:00,ZONE_A,2667.749696879734,1389.9865872759633,19.29119816768161,2518.413771717186,0.719546791919196,0.0,300.0,0,0,0,922.0603473746698,922.0603473746698,2818.413771717186,0.8052610776334818,0.0,-902.7691492069882,-902.7691492069882,-300.0,0,0,0
2026-01-08 10:15:00,ZONE_A,2664.7411616674794,1450.8100907928197,0.0,2528.6438778069446,0.7224696793734128,0.0,300.0,0,0,0,828.21980127289,828.21980127289,2828.6438778069446,0.8081839650876984,0.0,-828.21980127289,-828.21980127289,-300.0,0,0,0
2026-01-08 10:30:00,ZONE_A,2656.5554105207807,1280.3467858713493,0.0,2487.1370407089253,0.7106105830596929,0.0,300.0,0,0,0,846.8172754691561,846.8172754691561,2787.1370407089253,0.7963248687739787,0.0,-846.8172754691561,-846.8172754691561,-300.0,0,0,0
2026-01-08 10:45:00,ZONE_A,2745.1827651013923,1373.717814182233,23.023087006222568,2572.22761841224,0.7349221766892114,0.0,300.0,0,0,0,986.472917502596,986.472917502596,2872.22761841224,0.8206364624034972,0.0,-963.4498304963735,-963.4498304963735,-300.0,0,0,0
2026-01-08 10:45:00,ZONE_B,2109.433690407144,740.6154945450293,0.0,1901.1318655311504,0.6789756662611252,0.0,200.0,0,0,0,316.38296153768795,316.38296153768795,2101.1318655311507,0.7504042376896967,0.0,-316.38296153768795,-316.38296153768795,-200.00000000000023,0,0,0
2026-01-08 11:00:00,ZONE_A,2695.343576187028,1451.2050646835485,652.6214935313243,3432.2519509669823,0.980643414561995,0.0,300.0,0,0,0,529.5482452641801,529.5482452641801,3732.2519509669823,1.0663577002762807,232.25195096698235,123.07324826714421,123.07324826714421,-300.0,0,1,1
2026-01-08 11:00:00,ZONE_B,1984.9392052909843,764.3374027541613,10.464280935674424,1809.3275687432176,0.646188417408292,0.0,200.0,0,0,0,318.559549585992,318.559549585992,2009.3275687432176,0.7176169888368634,0.0,-308.09526865031756,-308.09526865031756,-200.0,0,0,0
2026-01-08 11:15:00,ZONE_A,2670.636937679629,1565.356879055595,663.3963335426996,3437.6272189269307,0.9821792054076944,0.0,300.0,0,0,0,621.73631033992,621.73631033992,3737.6272189269307,1.0678934911219802,237.6272189269307,41.6600232027796,41.6600232027796,-300.0,0,1,1
2026-01-08 11:15:00,ZONE_B,1970.0178503332224,832.0222828723093,0.0,1816.8032946116743,0.6488583195041694,0.0,200.0,0,0,0,351.174866116974,351.174866116974,2016.8032946116743,0.7202868909327408,0.0,-351.174866116974,-351.174866116974,-200.0,0,0,0
2026-01-08 11:30:00,ZONE_A,2670.65159749588,1572.7249306588003,668.2384927310474,3421.5300335216184,0.9775800095776053,0.0,300.0,0,0,0,641.5847423766501,641.5847423766501,3721.5300335216184,1.063294295291891,221.5300335216184,26.65375035439729,26.65375035439729,-300.0,0,1,1
2026-01-08 11:30:00,ZONE_B,1966.166082671904,854.0109384676831,21.313724870355145,1815.7609762979184,0.6484860629635423,0.0,200.0,0,0,0,392.1585350532371,392.1585350532371,2015.7609762979184,0.7199146343921137,0.0,-370.84481018288193,-370.84481018288193,-200.0,0,0,0
2026-01-08 11:45:00,ZONE_A,2681.29561599166,1563.9912897487284,558.4332357094457,3429.9132924036894,0.9799752264010542,0.0,300.0,0,0,0,718.6846662277449,718.6846662277449,3729.9132924036894,1.0656895121153398,229.9132924036894,-160.25143051829912,-160.25143051829912,-300.0,0,1,1
2026-01-08 11:45:00,ZONE_B,1976.977439194429,842.3523655990417,0.0,1828.99930112774,0.65321403611705,0.0,200.0,0,0,0,267.09753406848,267.09753406848,2028.99930112774,0.7246426075456214,0.0,-267.09753406848,-267.09753406848006,-200.0,0,0,0
2026-01-08 12:00:00,ZONE_A,2664.0348987418406,1594.6216921100458,702.8707380000172,3422.3434755749745,0.9778124215928499,0.0,300.0,0,0,0,591.4505815900081,591.4505815900081,3722.3434755749745,1.0635267073071355,222.3434755749745,111.4201564100091,111.4201564100091,-300.0,0,1,1
2026-01-08 12:00:00,ZONE_B,2013.8643680726288,873.7317335341558,6.089614007929072,1874.232364134377,0.6693687014765631,0.0,200.0,0,0,0,380.282662556044,380.282662556044,2074.232364134377,0.7407972729051346,0.0,-374.1930485481149,-374.1930485481149,-200.0,0,0,0
2026-01-08 12:15:00,ZONE_A,2671.7192187384726,1641.1644294579942,580.8774873170316,3402.064924783507,0.972018549938145,0.0,300.0,0,0,0,760.6301027535501,760.6301027535501,3702.064924783507,1.0577328356524307,202.0649247835072,-179.75261543651845,-179.75261543651845,-300.0,0,1,1
2026-01-08 12:15:00,ZONE_B,1920.0009228626336,998.2186673739684,21.14563198160988,1835.257521168306,0.6554491147029664,0.0,200.0,0,0,0,515.929229285321,515.929229285321,2035.257521168306,0.7268776861315379,0.0,-494.7835973037111,-494.7835973037111,-200.0,0,0,0
2026-01-08 12:30:00,ZONE_A,2654.7912052305164,1633.1204699186037,526.1121398576734,3404.3146151833607,0.9726613186238173,0.0,300.0,0,0,0,741.53331624365,741.53331624365,3704.3146151833607,1.058375604338103,204.31461518336073,-215.42117638597665,-215.42117638597665,-300.0,0,1,1
2026-01-08 12:45:00,ZONE_A,2764.4990120817315,1631.6114101335786,706.1375929567797,3351.583869569152,0.957595391305472,0.0,300.0,0,0,0,686.65993928384,686.65993928384,3651.583869569152,1.0433096770197576,151.58386956915183,19.47765367293971,19.47765367293971,-300.0,0,1,1
2026-01-08 12:45:00,ZONE_B,2084.407126415062,980.008567579461,0.0,1965.4565901411609,0.7019487821932717,0.0,200.0,0,0,0,457.62484692769,457.62484692769,2165.4565901411606,0.7733773536218431,0.0,-457.62484692769,-457.62484692769,-199.99999999999977,0,0,0
2026-01-08 13:00:00,ZONE_A,2654.09442097908,1605.855177248697,759.4599473195079,3440.841492673068,0.9830975693351622,0.0,300.0,0,0,0,597.0029907808499,597.0029907808499,3740.841492673068,1.068811855049448,240.84149267306793,162.456956538658,162.456956538658,-300.0,0,1,1
2026-01-08 13:15:00,ZONE_A,2666.2958667121457,1521.978418858187,566.6160211406394,3368.6992239280657,0.9624854925508759,0.0,300.0,0,0,0,699.4473217184001,699.4473217184001,3668.6992239280657,1.0481997782651618,168.69922392806575,-132.83130057776066,-132.83130057776066,-300.0,0,1,1
2026-01-08 13:15:00,ZONE_B,1980.631135999673,871.2425815494291,23.104623715536945,1851.871315274238,0.6613826125979422,0.0,200.0,0,0,0,506.55894282648,506.55894282648,2051.871315274238,0.7328111840265136,0.0,-483.45431911094306,-483.45431911094306,-200.0,0,0,0
2026-01-08 13:30:00,ZONE_A,2657.1211366414973,1519.5726497070232,650.117408978701,3400.0031635451464,0.9714294752986132,0.0,300.0,0,0,0,676.657055742324,676.657055742324,3700.0031635451464,1.057143761012899,200.00316354514644,-26.539646763623068,-26.539646763623068,-300.0,0,1,1
2026-01-08 13:30:00,ZONE_B,1960.391270573722,857.6478080596348,27.703134155981274,1828.7494999321195,0.6531248214043284,0.0,200.0,0,0,0,482.9287749687721,482.9287749687721,2028.7494999321195,0.7245533928328999,0.0,-455.2256408127908,-455.2256408127908,-200.0,0,0,0
2026-01-08 13:45:00,ZONE_A,2654.270191121532,1534.6736055318308,603.437907478737,3359.936378111952,0.9599818223177006,0.0,300.0,0,0,0,623.2484913077475,623.2484913077475,3659.936378111952,1.0456961080319862,159.93637811195185,-19.81058382901051,-19.81058382901051,-300.0,0,1,1
2026-01-08 14:00:00,ZONE_A,2665.641775671433,1499.2790376041455,559.4812711648497,3422.421097074872,0.9778345991642491,0.0,300.0,0,0,0,635.13441848778,635.13441848778,3722.421097074872,1.0635488848785348,222.4210970748718,-75.6531473229303,-75.6531473229303,-300.0,0,1,1
2026-01-08 14:15:00,ZONE_A,2670.905352866908,1427.3221314077296,8.059296643789821,2528.8924396354723,0.7225406970387064,0.0,300.0,0,0,0,796.13774960406,796.13774960406,2828.8924396354723,0.8082549827529921,0.0,-788.0784529602702,-788.0784529602702,-300.0,0,0,0
2026-01-08 14:15:00,ZONE_B,1889.3968529389565,873.7796047738193,0.0,1805.223484149998,0.6447226729107136,0.0,200.0,0,0,0,423.686001278827,423.686001278827,2005.223484149998,0.716151244339285,0.0,-423.686001278827,-423.686001278827,-200.0,0,0,0
2026-01-08 14:30:00,ZONE_A,2683.5890534430364,1385.430438357894,21.82878029729295,2526.7924756330904,0.72194070732374,0.0,300.0,0,0,0,868.1525688418801,868.1525688418801,2826.7924756330904,0.8076549930380258,0.0,-846.3237885445872,-846.3237885445872,-300.0,0,0,0
2026-01-08 14:30:00,ZONE_B,1966.4665950257247,789.7726225963083,0.0,1830.0751273891767,0.6535982597818488,0.0,200.0,0,0,0,414.372897870496,414.372897870496,2030.0751273891767,0.7250268312104202,0.0,-414.372897870496,-414.372897870496,-200.0,0,0,0
2026-01-08 14:45:00,ZONE_A,2689.2297317301422,1393.6722390570908,36.55897766032194,2530.380318415391,0.7229658052615402,0.0,300.0,0,0,0,841.1472282706259,841.1472282706259,2830.380318415391,0.8086800909758259,0.0,-804.5882506103039,-804.5882506103039,-300.0,0,0,0
2026-01-08 14:45:00,ZONE_B,1875.7490510918344,787.6753607660942,4.5418177165474845,1756.0272169665127,0.6271525774880402,0.0,200.0,0,0,0,359.6671520705439,359.6671520705439,1956.0272169665127,0.6985811489166117,0.0,-355.12533435399644,-355.12533435399644,-200.0,0,0,0
2026-01-08 15:00:00,ZONE_A,2661.626858832873,1302.1282441414164,14.520012747180772,2486.295812757581,0.7103702322164518,0.0,300.0,0,0,0,831.4803958483201,831.4803958483201,2786.295812757581,0.7960845179307375,0.0,-816.9603831011393,-816.9603831011393,-300.0,0,0,0
2026-01-08 15:00:00,ZONE_B,1948.911987380845,712.5683116032758,0.0,1789.8190864104256,0.6392211022894377,0.0,200.0,0,0,0,322.1899474718409,322.1899474718409,1989.8190864104256,0.7106496737180091,0.0,-322.1899474718409,-322.1899474718409,-200.0,0,0,0
2026-01-08 15:15:00,ZONE_A,2659.9575055060886,1265.3469161064982,17.69990308530646,2470.4850250698846,0.7058528643056813,0.0,300.0,0,0,0,867.7985633735,867.7985633735,2770.4850250698846,0.791567150019967,0.0,-850.0986602881935,-850.0986602881935,-300.0,0,0,0
2026-01-08 15:30:00,ZONE_A,2686.5419794034165,1230.8938101108356,30.32573372174693,2481.6436207297147,0.7090410344942042,0.0,300.0,0,0,0,830.84554470481,830.84554470481,2781.6436207297147,0.7947553202084899,0.0,-800.519810983063,-800.519810983063,-300.0,0,0,0
2026-01-08 15:30:00,ZONE_B,1989.18330585148,636.7290204488804,4.53433979837564,1798.0415763930002,0.6421577058546429,0.0,200.0,0,0,0,156.82311891593503,156.82311891593503,1998.0415763930002,0.7135862772832143,0.0,-152.2887791175594,-152.2887791175594,-200.0,0,0,0
2026-01-08 15:45:00,ZONE_A,2658.18978444853,1163.2326739682967,14.521701730254335,2442.7012686536027,0.6979146481867436,0.0,300.0,0,0,0,787.0344748775001,787.0344748775001,2742.7012686536027,0.7836289339010294,0.0,-772.5127731472458,-772.5127731472458,-300.0,0,0,0
2026-01-08 16:00:00,ZONE_A,2799.5817530088416,987.7510850924492,5.8806869933281405,2511.787602426433,0.7176536006932666,0.0,300.0,0,0,0,533.1016159930501,533.1016159930501,2811.787602426433,0.8033678864075522,0.0,-527.220928999722,-527.220928999722,-300.0,0,0,0
2026-01-08 16:15:00,ZONE_A,2787.2176758588894,1001.3560921938896,0.0,2503.09555993552,0.7151701599815772,0.0,300.0,0,0,0,534.8150456352189,534.8150456352189,2803.09555993552,0.8008844456958629,0.0,-534.8150456352189,-534.8150456352189,-300.0,0,0,0
2026-01-08 16:30:00,ZONE_A,2825.752752416989,945.3121505398436,0.0,2517.764056849593,0.7193611590998837,0.0,300.0,0,0,0,330.91394265175995,330.91394265175995,2817.764056849593,0.8050754448141695,0.0,-330.91394265175995,-330.91394265175995,-300.0,0,0,0
2026-01-08 16:45:00,ZONE_A,2807.078303727976,907.8199840019258,11.73726318166041,2489.5234986334003,0.7112924281809715,0.0,300.0,0,0,0,454.7992719613,454.7992719613,2789.5234986334003,0.7970067138952572,0.0,-443.0620087796396,-443.0620087796396,-300.0,0,0,0
2026-01-08 17:00:00,ZONE_A,2771.8606197764584,830.9897121744966,0.7529917307590495,2442.694111557631,0.6979126033021803,0.0,300.0,0,0,0,119.21068587891205,119.21068587891205,2742.694111557631,0.783626889016466,0.0,-118.457694148153,-118.457694148153,-300.0,0,0,0
2026-01-08 17:30:00,ZONE_A,2814.83676503186,515.5704330645283,5.8453459065843845,2413.4632937257625,0.6895609410645036,0.0,300.0,0,0,0,31.3817032735638,31.3817032735638,2713.4632937257625,0.7752752267787892,0.0,-25.536357366979416,-25.536357366979416,-300.0,0,0,0
2026-01-08 19:15:00,ZONE_A,2772.3826885105527,526.4305810760854,11.20863486159908,2370.856221285197,0.6773874917957706,0.0,300.0,0,0,0,14.338634306459994,14.338634306459994,2670.856221285197,0.7631017775100563,0.0,-3.129999444860914,-3.129999444860914,-300.0,0,0,0
2026-01-08 19:45:00,ZONE_A,2773.5277670228124,605.6644000331468,0.0,2377.050224886488,0.6791572071104252,0.0,300.0,0,0,0,26.189276435370004,26.189276435370004,2677.050224886488,0.7648714928247109,0.0,-26.189276435370004,-26.18927643537006,-300.0,0,0,0
2026-01-08 20:00:00,ZONE_A,2806.6977805163583,598.8308463732468,0.0,2404.896288776159,0.6871132253646168,0.0,300.0,0,0,0,57.37828722564802,57.37828722564802,2704.896288776159,0.7728275110789026,0.0,-57.37828722564802,-57.37828722564802,-300.0,0,0,0
2026-01-08 20:15:00,ZONE_A,2841.8615843979223,597.224052350565,7.138813007639669,2440.10399231479,0.6971725692327971,0.0,300.0,0,0,0,34.48653957868004,34.48653957868004,2740.10399231479,0.7828868549470829,0.0,-27.34772657104037,-27.347726571040425,-300.0,0,0,0
2026-01-08 20:30:00,ZONE_A,2752.4044355664973,610.0554539569705,0.0,2360.1368370045807,0.6743248105727373,0.0,300.0,0,0,0,31.672477422848036,31.672477422848036,2660.1368370045807,0.760039096287023,0.0,-31.672477422848036,-31.672477422848033,-300.0,0,0,0
2026-01-08 20:45:00,ZONE_A,2834.912860341192,610.3057251920255,0.0,2433.1105180866207,0.6951744337390345,0.0,300.0,0,0,0,119.27360680207806,119.27360680207806,2733.1105180866207,0.7808887194533202,0.0,-119.27360680207806,-119.27360680207806,-300.0,0,0,0
2026-01-08 21:00:00,ZONE_A,2639.743520141297,617.1213935696642,23.82348356116233,2270.0041488768065,0.6485726139648018,0.0,300.0,0,0,0,166.69098620607605,166.69098620607605,2570.0041488768065,0.7342868996790876,0.0,-142.8675026449137,-142.8675026449137,-300.0,0,0,0
2026-01-08 21:15:00,ZONE_A,2644.9947761632507,613.9055023837602,13.68940794728246,2274.185975401557,0.6497674215433019,0.0,300.0,0,0,0,34.552985781219945,34.552985781219945,2574.185975401557,0.7354817072575877,0.0,-20.863577833937484,-20.863577833937484,-300.0,0,0,0
2026-01-08 21:30:00,ZONE_A,2645.6394605665223,614.7019438965932,18.66858382836574,2274.735665001661,0.6499244757147603,0.0,300.0,0,0,0,201.10247625748792,201.10247625748792,2574.735665001661,0.7356387614290459,0.0,-182.43389242912218,-182.43389242912218,-300.0,0,0,0
2026-01-08 21:45:00,ZONE_A,2571.5064949339026,597.2165461224295,0.0,2215.426106209062,0.6329788874883033,0.0,300.0,0,0,0,113.82905814147358,113.82905814147358,2515.426106209062,0.7186931732025891,0.0,-113.82905814147358,-113.82905814147358,-300.0,0,0,0
2026-01-08 22:00:00,ZONE_A,2566.681979386553,612.8029790932777,4.984410634039591,2211.5654483469816,0.6318758423848518,0.0,300.0,0,0,0,115.73547113939998,115.73547113939998,2511.5654483469816,0.7175901280991376,0.0,-110.75106050536039,-110.75106050536039,-300.0,0,0,0
2026-01-08 22:30:00,ZONE_A,2476.2351693362043,593.2231656447066,0.0,2139.206503049905,0.6112018580142586,0.0,300.0,0,0,0,25.325814388531967,25.325814388531967,2439.206503049905,0.6969161437285444,0.0,-25.325814388531967,-25.325814388531967,-300.0,0,0,0
2026-01-08 22:45:00,ZONE_A,2449.2583908830125,594.286621572306,0.0,2117.6125961858893,0.6050321703388255,0.0,300.0,0,0,0,96.25924346063005,96.25924346063005,2417.6125961858893,0.6907464560531112,0.0,-96.25924346063005,-96.25924346063005,-300.0,0,0,0
2026-01-08 23:15:00,ZONE_A,2429.362412896754,615.751649342148,19.22938750686592,2101.6712337881463,0.6004774953680418,0.0,300.0,0,0,0,158.40611430615002,158.40611430615002,2401.6712337881463,0.6861917810823275,0.0,-139.1767267992841,-139.1767267992841,-300.0,0,0,0
2026-01-08 23:30:00,ZONE_A,2349.7622061896286,609.285833099337,10.380754272248168,2038.022699544364,0.5822921998698183,0.0,300.0,0,0,0,76.68958591435006,76.68958591435006,2338.022699544364,0.668006485584104,0.0,-66.3088316421019,-66.30883164210195,-300.0,0,0,0
2026-01-08 23:45:00,ZONE_A,2332.424501850106,596.9386239928378,0.7770728577672799,2024.1675604742247,0.5783335887069213,0.0,300.0,0,0,0,102.55714944712004,102.55714944712004,2324.167560474225,0.6640478744212072,0.0,-101.78007658935276,-101.78007658935275,-300.0000000000002,0,0,0
2026-01-09 00:00:00,ZONE_A,2310.7736597458097,606.8614627544055,14.210453988556878,2006.84487219452,0.5733842491984342,0.0,300.0,0,0,0,183.328896841728,183.328896841728,2306.8448721945197,0.6590985349127199,0.0,-169.11844285317113,-169.11844285317113,-299.9999999999998,0,0,0
2026-01-09 00:15:00,ZONE_A,2295.3500856214023,605.5838804694238,10.56729745880932,1994.489736688278,0.5698542104823652,0.0,300.0,0,0,0,96.45007693004004,96.45007693004004,2294.489736688278,0.6555684961966508,0.0,-85.88277947123072,-85.88277947123072,-299.9999999999998,0,0,0
2026-01-09 00:30:00,ZONE_A,2290.5315287692843,615.9639533833235,15.22543733183852,1990.5856663108848,0.5687387618031099,0.0,300.0,0,0,0,183.97973942304003,183.97973942304003,2290.585666310885,0.6544530475173956,0.0,-168.7543020912015,-168.7543020912015,-300.0,0,0,0
2026-01-09 00:45:00,ZONE_A,2309.1546171738564,611.3785890037665,12.92660670707403,2005.5322696432963,0.5730092198980846,0.0,300.0,0,0,0,172.45376953025993,172.45376953025993,2305.5322696432963,0.6587235056123704,0.0,-159.5271628231859,-159.5271628231859,-300.0,0,0,0
2026-01-09 01:00:00,ZONE_A,2275.441184281545,602.0175748212009,8.639564261159535,1978.5609243518231,0.565303121243378,0.0,300.0,0,0,0,77.77036710201202,77.77036710201202,2278.560924351823,0.6510174069576636,0.0,-69.13080284085248,-69.13080284085243,-299.9999999999998,0,0,0
2026-01-09 01:15:00,ZONE_A,2265.0156179615,603.7589587312751,6.311276754849132,1970.2377510864576,0.5629250717389879,0.0,300.0,0,0,0,121.87433670445796,121.87433670445796,2270.2377510864576,0.6486393574532736,0.0,-115.56305994960883,-115.56305994960883,-300.0,0,0,0
2026-01-09 01:30:00,ZONE_A,2298.510466218049,574.0332672701884,0.0,1991.326331762064,0.5689503805034468,0.0,300.0,0,0,0,189.4906439997561,189.4906439997561,2291.326331762064,0.6546646662177326,0.0,-189.4906439997561,-189.49064399975612,-300.0,0,0,0
2026-01-09 01:45:00,ZONE_A,2408.0438079790247,489.4826893361803,0.0,2055.0681652980484,0.5871623329422996,0.0,300.0,0,0,0,66.56552442411362,66.56552442411362,2355.0681652980484,0.6728766186565852,0.0,-66.56552442411362,-66.56552442411362,-300.0,0,0,0
2026-01-09 02:00:00,ZONE_A,2299.609112502103,611.4238072058192,14.39103391599815,1997.867720519024,0.5708193487197212,0.0,300.0,0,0,0,105.806085238128,105.806085238128,2297.8677205190243,0.6565336344340069,0.0,-91.41505132212986,-91.41505132212984,-300.0000000000002,0,0,0
2026-01-09 02:15:00,ZONE_A,2286.347718719806,613.2046199496476,2.0599802393510345,1987.2659194258108,0.5677902626930889,0.0,300.0,0,0,0,125.56852822865405,125.56852822865405,2287.265919425811,0.6535045484073745,0.0,-123.50854798930301,-123.508547989303,-300.0,0,0,0
2026-01-09 02:30:00,ZONE_A,2272.2362270468384,605.2501551050696,0.0,1976.0108794580728,0.5645745369880208,0.0,300.0,0,0,0,80.73257266846002,80.73257266846002,2276.010879458073,0.6502888227023065,0.0,-80.73257266846002,-80.73257266846008,-300.0,0,0,0
2026-01-09 02:45:00,ZONE_A,2286.17638137554,608.8302419337218,0.0,1987.147780691201,0.5677565087689146,0.0,300.0,0,0,0,66.64482892019993,66.64482892019993,2287.1477806912008,0.6534707944832002,0.0,-66.64482892019993,-66.64482892019998,-299.9999999999998,0,0,0
2026-01-09 03:00:00,ZONE_A,2273.808089644859,616.4691544261499,8.069688666404204,1977.258324325937,0.5649309498074107,0.0,300.0,0,0,0,135.62822446940157,135.62822446940157,2277.258324325937,0.6506452355216963,0.0,-127.55853580299737,-127.55853580299737,-299.9999999999998,0,0,0
2026-01-09 03:15:00,ZONE_A,2313.9097021470566,614.882132996055,12.737736391040016,2009.3417231396213,0.5740976351827489,0.0,300.0,0,0,0,209.454210527928,209.454210527928,2309.3417231396215,0.6598119208970348,0.0,-196.716474136888,-196.716474136888,-300.0000000000002,0,0,0
2026-01-09 03:30:00,ZONE_A,2296.23249719128,601.879491517465,0.0,1995.210881845957,0.5700602519559876,0.0,300.0,0,0,0,53.80012557765701,53.80012557765701,2295.210881845957,0.6557745376702734,0.0,-53.80012557765701,-53.80012557765701,-300.0,0,0,0
2026-01-09 03:45:00,ZONE_A,2297.261436955925,610.6207062680242,10.64324697164875,1996.0248781189616,0.5702928223197034,0.0,300.0,0,0,0,175.57092880484248,175.57092880484248,2296.0248781189616,0.656007108033989,0.0,-164.92768183319373,-164.92768183319373,-300.0,0,0,0
2026-01-09 04:00:00,ZONE_A,2301.9570181993995,599.7408796446063,0.0,1999.7808301008847,0.5713659514573957,0.0,300.0,0,0,0,188.46888656716504,188.46888656716504,2299.7808301008845,0.6570802371716813,0.0,-188.46888656716504,-188.46888656716504,-299.9999999999998,0,0,0
2026-01-09 04:15:00,ZONE_A,2268.421504368032,606.9971699014156,0.0,1972.959491459921,0.5637027118456918,0.0,300.0,0,0,0,177.70198907134505,177.70198907134505,2272.959491459921,0.6494169975599775,0.0,-177.70198907134505,-177.70198907134505,-300.0,0,0,0
2026-01-09 04:30:00,ZONE_A,2267.9103258291075,613.9192649337629,22.41896886425741,1972.536105293001,0.5635817443694289,0.0,300.0,0,0,0,193.58086255965,193.58086255965,2272.536105293001,0.6492960300837146,0.0,-171.1618936953926,-171.16189369539256,-300.0000000000002,0,0,0
2026-01-09 04:45:00,ZONE_A,2261.300672465284,608.8004200782945,14.867504558701851,1967.2349153345097,0.5620671186670028,0.0,300.0,0,0,0,190.71833983649208,190.71833983649208,2267.2349153345094,0.6477814043812884,0.0,-175.85083527779022,-175.85083527779022,-299.9999999999998,0,0,0
2026-01-09 05:00:00,ZONE_A,2285.963514055549,521.268132384114,0.0,1964.597771672375,0.5613136490492501,0.0,300.0,0,0,0,30.45028461431997,30.45028461431997,2264.597771672375,0.6470279347635357,0.0,-30.45028461431997,-30.45028461431997,-300.0,0,0,0
2026-01-09 05:15:00,ZONE_A,2272.3925947999724,604.1338243032724,7.044207672254288,1976.1336049125216,0.5646096014035776,0.0,300.0,0,0,0,171.52574993590002,171.52574993590002,2276.1336049125216,0.6503238871178633,0.0,-164.48154226364574,-164.48154226364574,-300.0,0,0,0
2026-01-09 05:30:00,ZONE_A,2281.4710415466843,604.8987400096281,0.0,1983.363494430807,0.5666752841230877,0.0,300.0,0,0,0,84.87866379235402,84.87866379235402,2283.363494430807,0.6523895698373734,0.0,-84.87866379235402,-84.87866379235402,-300.0,0,0,0
2026-01-09 05:45:00,ZONE_A,2268.2353092777985,600.5035878471608,0.0,1972.7567923069032,0.5636447978019723,0.0,300.0,0,0,0,56.78879805905598,56.78879805905598,2272.756792306903,0.649359083516258,0.0,-56.78879805905598,-56.788798059056035,-300.0,0,0,0
2026-01-09 06:00:00,ZONE_A,2568.582344109602,602.7384441727974,0.0,2213.0858389126747,0.6323102396893356,0.0,300.0,0,0,0,78.76286290365005,78.76286290365005,2513.0858389126747,0.7180245254036214,0.0,-78.76286290365005,-78.76286290364999,-300.0,0,0,0
2026-01-09 06:15:00,ZONE_A,2607.3376603005136,595.0724048846965,0.0,2244.075341590956,0.6411643833117018,0.0,300.0,0,0,0,112.74821317974404,112.74821317974404,2544.075341590956,0.7268786690259875,0.0,-112.74821317974404,-112.74821317974403,-300.0,0,0,0
2026-01-09 06:30:00,ZONE_A,2631.337267790196,611.3959544237201,19.32540373660709,2263.2718155528955,0.6466490901579701,0.0,300.0,0,0,0,150.59336922212125,150.59336922212125,2563.2718155528955,0.7323633758722559,0.0,-131.26796548551417,-131.2679654855142,-300.0,0,0,0
2026-01-09 06:45:00,ZONE_A,2612.926086028708,616.4147299445792,17.76222395188097,2248.5524291335705,0.6424435511810201,0.0,300.0,0,0,0,121.56709804548,121.56709804548,2548.5524291335705,0.7281578368953059,0.0,-103.80487409359903,-103.80487409359904,-300.0,0,0,0
2026-01-09 07:00:00,ZONE_A,2677.7115207222214,614.787713576953,22.49808831834116,2300.371197292616,0.6572489135121761,0.0,300.0,0,0,0,116.19615950744998,116.19615950744998,2600.371197292616,0.7429631992264618,0.0,-93.69807118910882,-93.69807118910882,-300.0,0,0,0
2026-01-09 07:15:00,ZONE_A,2695.966693893527,671.3343062825085,0.0,2333.549589458313,0.6667284541309466,0.0,300.0,0,0,0,95.76710663234805,95.76710663234805,2633.549589458313,0.7524427398452324,0.0,-95.76710663234805,-95.76710663234803,-300.0,0,0,0
2026-01-09 07:30:00,ZONE_A,2761.570837046987,730.0466683646937,9.417937457660289,2403.584694647571,0.6867384841850203,0.0,300.0,0,0,0,99.46287687196804,99.46287687196804,2703.584694647571,0.772452769899306,0.0,-90.04493941430775,-90.0449394143078,-300.0,0,0,0
2026-01-09 07:45:00,ZONE_A,2737.8413777112546,781.7289550769553,0.0,2399.225143812968,0.6854928982322765,0.0,300.0,0,0,0,127.86173142152,127.86173142152,2699.225143812968,0.7712071839465623,0.0,-127.86173142152,-127.86173142152006,-300.0,0,0,0
2026-01-09 08:15:00,ZONE_A,2817.0837356907946,794.7054580347485,0.0,2468.7882711406737,0.705368077468764,0.0,300.0,0,0,0,177.60225162794995,177.60225162794995,2768.7882711406737,0.7910823631830496,0.0,-177.60225162794995,-177.60225162794995,-300.0,0,0,0
2026-01-09 08:30:00,ZONE_A,2877.6700791127514,756.2684620153256,6.286841922444069,2508.7534094583734,0.7167866884166781,0.0,300.0,0,0,0,285.1906743661841,285.1906743661841,2808.7534094583734,0.8025009741309639,0.0,-278.90383244374004,-278.90383244374004,-300.0,0,0,0
2026-01-09 08:45:00,ZONE_A,2914.960102386282,791.8908218335916,0.0,2547.987791029147,0.7279965117226135,0.0,300.0,0,0,0,343.21140581958,343.21140581958,2847.987791029147,0.8137107974368991,0.0,-343.21140581958,-343.21140581958,-300.0,0,0,0
2026-01-09 09:00:00,ZONE_A,2920.686441227624,969.8205340359092,0.0,2602.338308908471,0.743525231116706,0.0,300.0,0,0,0,388.5181443365302,388.5181443365302,2902.338308908471,0.8292395168309917,0.0,-388.5181443365302,-388.5181443365302,-300.0,0,0,0
2026-01-09 09:15:00,ZONE_A,2949.097818803598,842.5760307248734,3.749461574513816,2589.331340805448,0.7398089545158423,0.0,300.0,0,0,0,391.4731652958492,391.4731652958492,2889.331340805448,0.8255232402301279,0.0,-387.72370372133537,-387.72370372133537,-300.0,0,0,0
2026-01-09 09:30:00,ZONE_A,2976.0623536129283,784.3991389130708,14.221139418929624,2594.716760472844,0.741347645849384,0.0,300.0,0,0,0,322.86867578072,322.86867578072,2894.716760472844,0.8270619315636697,0.0,-308.6475363617904,-308.6475363617904,-300.0,0,0,0
2026-01-09 09:45:00,ZONE_A,3068.89873728713,776.6551467328982,5.793998061698176,2670.468573739134,0.7629910210683241,0.0,300.0,0,0,0,462.07973517613993,462.07973517613993,2970.468573739134,0.8487053067826098,0.0,-456.28573711444176,-456.28573711444176,-300.0,0,0,0
2026-01-09 10:00:00,ZONE_A,2778.600306149028,771.4369734279583,17.591523988777453,2437.0474826247414,0.6962992807499261,0.0,300.0,0,0,0,442.213583195448,442.213583195448,2737.0474826247414,0.7820135664642118,0.0,-424.62205920667054,-424.62205920667054,-300.0,0,0,0
2026-01-09 10:15:00,ZONE_A,2664.37544373556,817.4403914966308,0.0,2359.1834465240245,0.6740524132925784,0.0,300.0,0,0,0,410.2393504753141,410.2393504753141,2659.1834465240245,0.7597666990068641,0.0,-410.2393504753141,-410.2393504753141,-300.0,0,0,0
2026-01-09 10:30:00,ZONE_A,2676.871517702378,847.0494030331339,29.96811170053786,2373.373011142746,0.6781065746122131,0.0,300.0,0,0,0,415.21747432213,415.21747432213,2673.373011142746,0.7638208603264988,0.0,-385.2493626215921,-385.2493626215921,-300.0,0,0,0
2026-01-09 10:45:00,ZONE_A,2669.5918285593366,940.7401482357956,0.0,2394.471419785288,0.6841346913672252,0.0,300.0,0,0,0,220.2774058492801,220.2774058492801,2694.471419785288,0.7698489770815109,0.0,-220.2774058492801,-220.27740584928006,-300.0,0,0,0
2026-01-09 10:45:00,ZONE_B,1943.4060499456057,507.1817115797543,0.0,1698.883814759724,0.6067442195570443,0.0,200.0,0,0,0,232.4438138349625,232.4438138349625,1898.883814759724,0.6781727909856157,0.0,-232.4438138349625,-232.4438138349625,-200.0,0,0,0
2026-01-09 11:00:00,ZONE_A,2837.0558216180684,832.5743073558214,21.63830784860886,2499.8080626498604,0.7142308750428172,0.0,300.0,0,0,0,441.6831893652256,441.6831893652256,2799.8080626498604,0.799945160757103,0.0,-420.0448815166167,-420.0448815166167,-300.0,0,0,0
2026-01-09 11:15:00,ZONE_A,2657.9782314047,883.7899241501641,6.201695528137179,2371.48260602976,0.6775664588656457,0.0,300.0,0,0,0,409.27806110343,409.27806110343,2671.48260602976,0.7632807445799314,0.0,-403.0763655752928,-403.0763655752928,-300.0,0,0,0
2026-01-09 11:30:00,ZONE_A,2775.161327519938,950.8894743268104,8.162628300365782,2481.9633092005333,0.7091323740572952,0.0,300.0,0,0,0,442.57325125,442.57325125,2781.9633092005333,0.794846659771581,0.0,-434.4106229496342,-434.4106229496342,-300.0,0,0,0
2026-01-09 11:45:00,ZONE_A,2670.5222250095526,872.6539855976879,18.289550177235355,2377.9946899414645,0.6794270542689899,0.0,300.0,0,0,0,497.2420858747009,497.2420858747009,2677.9946899414645,0.7651413399832756,0.0,-478.9525356974655,-478.9525356974655,-300.0,0,0,0
2026-01-09 12:00:00,ZONE_A,2691.3288143520745,970.617897199386,19.29865442037556,2416.444525854103,0.6904127216726009,0.0,300.0,0,0,0,495.46673317614,495.46673317614,2716.444525854103,0.7761270073868867,0.0,-476.16807875576444,-476.16807875576444,-300.0,0,0,0
2026-01-09 12:00:00,ZONE_B,2049.986795931882,502.0230629863741,0.8612397581566711,1784.868237344886,0.6374529419088879,0.0,200.0,0,0,0,52.81713629176201,52.81713629176201,1984.868237344886,0.7088815133374593,0.0,-51.95589653360534,-51.95589653360531,-200.0,0,0,0
2026-01-09 12:15:00,ZONE_A,2763.681196574701,985.292676211169,0.0,2486.292713020824,0.7103693465773783,0.0,300.0,0,0,0,521.99572375932,521.99572375932,2786.292713020824,0.796083632291664,0.0,-521.99572375932,-521.99572375932,-300.0,0,0,0
2026-01-09 12:30:00,ZONE_A,2698.098508756196,1094.9589748129952,18.148116358988545,2456.9704725407933,0.7019915635830838,0.0,300.0,0,0,0,586.051367891374,586.051367891374,2756.9704725407933,0.7877058492973695,0.0,-567.9032515323854,-567.9032515323854,-300.0,0,0,0
2026-01-09 12:30:00,ZONE_B,1987.469597162179,547.2104342301865,1.7751166743033764,1751.572305751965,0.6255615377685589,0.0,200.0,0,0,0,117.02529278158,117.02529278158,1951.572305751965,0.6969901091971303,0.0,-115.25017610727663,-115.25017610727662,-200.0,0,0,0
2026-01-09 12:45:00,ZONE_A,2761.346562108195,1140.916802530894,6.1094674963335365,2519.329074497828,0.7198083069993795,0.0,300.0,0,0,0,633.417822699398,633.417822699398,2819.329074497828,0.8055225927136651,0.0,-627.3083552030645,-627.3083552030645,-300.0,0,0,0
2026-01-09 13:00:00,ZONE_A,2640.1210779653643,1159.397097866269,0.0,2435.7739384323104,0.6959354109806601,0.0,300.0,0,0,0,576.2233323450821,576.2233323450821,2735.7739384323104,0.7816496966949458,0.0,-576.2233323450821,-576.2233323450821,-300.0,0,0,0
2026-01-09 13:00:00,ZONE_B,1918.7865624642257,609.3985488136782,1.7909029200179702,1712.1819904327208,0.611493568011686,0.0,200.0,0,0,0,110.55742764071516,110.55742764071516,1912.1819904327208,0.6829221394402575,0.0,-108.76652472069719,-108.76652472069719,-200.0,0,0,0
2026-01-09 13:15:00,ZONE_A,2772.9727520950496,1138.198891264184,0.0,2533.2516943160413,0.7237861983760118,0.0,300.0,0,0,0,612.3164783174401,612.3164783174401,2833.2516943160413,0.8095004840902975,0.0,-612.3164783174401,-612.3164783174401,-300.0,0,0,0
2026-01-09 13:30:00,ZONE_A,2887.222277369352,1116.676262623701,13.46413523954334,2620.252335881972,0.7486435245377063,0.0,300.0,0,0,0,640.51075873608,640.51075873608,2920.252335881972,0.8343578102519921,0.0,-627.0466234965367,-627.0466234965367,-300.0,0,0,0
2026-01-09 13:45:00,ZONE_A,2658.383116030965,1202.4709182196411,21.898632124214828,2458.615749196782,0.702461642627652,0.0,300.0,0,0,0,706.2433264715999,706.2433264715999,2758.615749196782,0.7881759283419377,0.0,-684.344694347385,-684.344694347385,-300.0,0,0,0
2026-01-09 13:45:00,ZONE_B,1937.213553839319,619.6346204052609,5.90447703315931,1731.5480628558512,0.6184100224485183,0.0,200.0,0,0,0,140.3928222224061,140.3928222224061,1931.5480628558512,0.6898385938770897,0.0,-134.4883451892468,-134.4883451892468,-200.0,0,0,0
2026-01-09 14:00:00,ZONE_A,2672.774466423178,1194.4062363678036,31.419763255416683,2463.557690566491,0.7038736258761403,0.0,300.0,0,0,0,649.0148134025,649.0148134025,2763.557690566491,0.7895879115904261,0.0,-617.5950501470833,-617.5950501470833,-300.0,0,0,0
2026-01-09 14:00:00,ZONE_B,1953.4002845920152,584.8887506970273,14.527625263960658,1736.5902606930106,0.6202108073903609,0.0,200.0,0,0,0,270.48460582902806,270.48460582902806,1936.5902606930106,0.6916393788189323,0.0,-255.9569805650674,-255.9569805650674,-200.0,0,0,0
2026-01-09 14:15:00,ZONE_A,2772.70661048636,1015.951134830629,0.0,2502.005319087714,0.7148586625964897,0.0,300.0,0,0,0,519.0889267878,519.0889267878,2802.005319087714,0.8005729483107754,0.0,-519.0889267878,-519.0889267878,-300.0,0,0,0
2026-01-09 14:15:00,ZONE_B,2149.5806961288445,519.227166250291,0.0,1874.1258707449467,0.6693306681231953,0.0,200.0,0,0,0,88.82313144667802,88.82313144667802,2074.125870744947,0.7407592395517668,0.0,-88.82313144667802,-88.82313144667802,-200.00000000000023,0,0,0
2026-01-09 14:30:00,ZONE_A,2759.371333276794,1103.827229824485,4.954528936253382,2508.7397725945675,0.7167827921698764,0.0,300.0,0,0,0,480.6018745331776,480.6018745331776,2808.7397725945675,0.8024970778841621,0.0,-475.6473455969242,-475.6473455969242,-300.0,0,0,0
2026-01-09 14:30:00,ZONE_B,2093.7545442374103,509.7317900422666,1.063842666528842,1831.665931820608,0.6541664042216457,0.0,200.0,0,0,0,59.40154323491993,59.40154323491993,2031.665931820608,0.7255949756502171,0.0,-58.337700568391085,-58.337700568391085,-200.0,0,0,0
2026-01-09 14:45:00,ZONE_A,2669.9058281630423,911.6408222580936,0.0,2388.0307947070323,0.6822945127734378,0.0,300.0,0,0,0,603.57413856852,603.57413856852,2688.0307947070323,0.7680087984877235,0.0,-603.57413856852,-603.57413856852,-300.0,0,0,0
2026-01-09 14:45:00,ZONE_B,1904.76185289356,460.7360809780946,10.278385551866393,1659.7906420006527,0.5927823721430903,0.0,200.0,0,0,0,87.79321687311347,87.79321687311347,1859.7906420006527,0.6642109435716617,0.0,-77.51483132124707,-77.51483132124707,-200.0,0,0,0
2026-01-09 15:00:00,ZONE_A,2692.890657577216,848.0460827212606,13.448147403875623,2390.833262818425,0.6830952179481213,0.0,300.0,0,0,0,373.7562967839,373.7562967839,2690.833262818425,0.7688095036624071,0.0,-360.30814938002436,-360.30814938002436,-300.0,0,0,0
2026-01-09 15:15:00,ZONE_A,2632.342727931853,810.5595367319061,22.783583028779503,2329.0914566544025,0.6654547019012579,0.0,300.0,0,0,0,396.9154332308681,396.9154332308681,2629.0914566544025,0.7511689876155435,0.0,-374.1318502020886,-374.1318502020886,-300.0,0,0,0
2026-01-09 15:30:00,ZONE_A,2634.86380309086,819.8498916281985,11.962006939489356,2332.2444088221982,0.666355545377771,0.0,300.0,0,0,0,336.627864332266,336.627864332266,2632.2444088221982,0.7520698310920566,0.0,-324.6658573927766,-324.6658573927766,-300.0,0,0,0
2026-01-09 15:45:00,ZONE_A,2661.775960402613,949.459166121593,8.337190076098977,2387.1443617767936,0.6820412462219411,0.0,300.0,0,0,0,339.68907189254594,339.68907189254594,2687.1443617767936,0.7677555319362267,0.0,-331.35188181644696,-331.35188181644696,-300.0,0,0,0
2026-01-09 16:00:00,ZONE_A,2813.9599688858725,722.1588636234565,30.3948298933484,2445.8267405710003,0.6988076401631429,0.0,300.0,0,0,0,165.57530264863635,165.57530264863635,2745.8267405710003,0.7845219258774286,0.0,-135.18047275528795,-135.18047275528795,-300.0,0,0,0
2026-01-09 16:15:00,ZONE_A,2793.441902754593,642.3259058137103,9.839028855391687,2410.953571108885,0.6888438774596815,0.0,300.0,0,0,0,104.88774346816008,104.88774346816008,2710.953571108885,0.7745581631739672,0.0,-95.04871461276839,-95.04871461276844,-300.0,0,0,0
2026-01-09 16:30:00,ZONE_A,2802.8795724976108,496.2162540712318,4.162405338548751,2401.836275284072,0.6862389357954491,0.0,300.0,0,0,0,39.78268636327624,39.78268636327624,2701.836275284072,0.7719532215097349,0.0,-35.62028102472749,-35.62028102472749,-300.0,0,0,0
2026-01-09 16:45:00,ZONE_A,2829.2484116791134,434.4338023829168,13.3635626929929,2428.3068304463163,0.6938019515560904,0.0,292.47454706775,0,0,0,0.0,0.0,2720.781377514066,0.7773661078611618,0.0,13.3635626929929,13.3635626929929,-292.4745470677499,0,0,0
2026-01-09 23:00:00,ZONE_A,2400.907116390195,469.3981532136604,0.0,2045.3498855470089,0.5843856815848597,0.0,269.463654334236,0,0,0,0.0,0.0,2314.8135398812447,0.6613752971089271,0.0,0.0,0.0,-269.4636543342358,0,0,0
2026-01-09 23:15:00,ZONE_A,2469.6497400093203,597.4772293913686,0.0,2133.929186460384,0.6096940532743954,0.0,300.0,0,0,0,71.53048251288004,71.53048251288004,2433.929186460384,0.695408338988681,0.0,-71.53048251288004,-71.5304825128801,-300.0,0,0,0
2026-01-09 23:30:00,ZONE_A,2340.173970896457,614.0786835330991,25.502692778375945,2030.3564385779928,0.5801018395937122,0.0,300.0,0,0,0,95.93681848794604,95.93681848794604,2330.356438577993,0.6658161253079979,0.0,-70.4341257095701,-70.43412570957014,-300.0,0,0,0
2026-01-09 23:45:00,ZONE_A,2323.6304440553504,520.9837412733593,0.0,1995.587069509822,0.5701677341456635,0.0,300.0,0,0,0,89.55588649534587,89.55588649534587,2295.587069509822,0.6558820198599491,0.0,-89.55588649534587,-89.55588649534587,-300.0,0,0,0
2026-01-10 00:00:00,ZONE_A,2360.633620566822,593.4867795198172,0.0,2046.7263241615085,0.584778949760431,0.0,300.0,0,0,0,37.376069947524,37.376069947524,2346.7263241615083,0.6704932354747166,0.0,-37.376069947524,-37.376069947524,-299.9999999999998,0,0,0
2026-01-10 00:15:00,ZONE_A,2341.164957413273,599.7181806585808,8.286168717195437,2031.108989667064,0.5803168541905896,0.0,300.0,0,0,0,41.51200795450501,41.51200795450501,2331.1089896670637,0.6660311399048754,0.0,-33.22583923730957,-33.22583923730963,-299.9999999999998,0,0,0
2026-01-10 00:30:00,ZONE_A,2293.888987660974,598.5545631569078,0.3046132985193708,1993.3312041219751,0.5695232011777072,0.0,300.0,0,0,0,151.64877390880002,151.64877390880002,2293.331204121975,0.6552374868919929,0.0,-151.34416061028065,-151.34416061028065,-300.0,0,0,0
2026-01-10 00:45:00,ZONE_A,2273.642390186586,599.2100134750799,0.0,1977.1398145887983,0.5648970898825139,0.0,300.0,0,0,0,14.750221151638073,14.750221151638073,2277.1398145887983,0.6506113755967995,0.0,-14.750221151638073,-14.750221151638016,-300.0,0,0,0
2026-01-10 01:00:00,ZONE_A,2300.4225257546664,602.4381650080647,8.941433958778816,1998.52389601386,0.5710068274325314,0.0,300.0,0,0,0,94.78406510488804,94.78406510488804,2298.52389601386,0.6567211131468171,0.0,-85.84263114610923,-85.84263114610923,-300.0,0,0,0
2026-01-10 01:15:00,ZONE_A,2283.306514695661,605.4235051830119,10.604253396917898,1984.889369297676,0.5671112483707645,0.0,300.0,0,0,0,112.76171595552997,112.76171595552997,2284.8893692976762,0.6528255340850504,0.0,-102.15746255861207,-102.15746255861205,-300.0000000000002,0,0,0
2026-01-10 01:30:00,ZONE_A,2247.3476390952983,612.5789719911598,28.259970387358408,1956.075154541939,0.5588786155834111,0.0,300.0,0,0,0,193.78206415521996,193.78206415521996,2256.075154541939,0.6445929012976969,0.0,-165.52209376786155,-165.52209376786152,-300.0,0,0,0
2026-01-10 01:45:00,ZONE_A,2311.00427380164,562.5669911769972,3.11526140508272,1997.967235835733,0.5708477816673523,0.0,300.0,0,0,0,126.58904312362796,126.58904312362796,2297.967235835733,0.656562067381638,0.0,-123.47378171854524,-123.47378171854524,-300.0,0,0,0
2026-01-10 02:00:00,ZONE_A,2394.0968879736365,612.2624798289238,11.246501104350957,2073.5185168461585,0.5924338619560453,0.0,300.0,0,0,0,87.20143759533727,87.20143759533727,2373.5185168461585,0.678148147670331,0.0,-75.95493649098631,-75.95493649098637,-300.0,0,0,0
2026-01-10 02:15:00,ZONE_A,2305.285433519002,605.2329499605606,12.269108099781988,2002.442733208468,0.5721264952024194,0.0,300.0,0,0,0,138.96302250163194,138.96302250163194,2302.442733208468,0.6578407809167051,0.0,-126.69391440184995,-126.69391440184995,-299.9999999999998,0,0,0
2026-01-10 02:30:00,ZONE_A,2275.9528350708365,604.1194688666068,10.580133286914815,1978.9614999065905,0.565417571401883,0.0,300.0,0,0,0,80.80635737070003,80.80635737070003,2278.9614999065907,0.6511318571161687,0.0,-70.22622408378521,-70.22622408378527,-300.0000000000002,0,0,0
2026-01-10 02:45:00,ZONE_A,2256.649161831991,535.9023232934313,17.769930617863224,1943.353910043671,0.5552439742981917,0.0,300.0,0,0,0,1.6665615879630309,1.6665615879630309,2243.353910043671,0.6409582600124775,0.0,16.103369029900193,16.10336902990025,-300.0,0,0,0
2026-01-10 03:00:00,ZONE_A,2276.9152410648494,599.671278688045,0.0,1979.731005814865,0.5656374302328185,0.0,300.0,0,0,0,114.73726608149995,114.73726608149995,2279.731005814865,0.6513517159471043,0.0,-114.73726608149995,-114.73726608149997,-300.0,0,0,0
2026-01-10 03:15:00,ZONE_A,2294.667801648049,597.2199932535985,0.0,1993.941508732998,0.5696975739237137,0.0,300.0,0,0,0,37.00243818918551,37.00243818918551,2293.941508732998,0.6554118596379994,0.0,-37.00243818918551,-37.002438189185455,-300.0,0,0,0
2026-01-10 03:30:00,ZONE_A,2307.5843744907324,596.8565104709618,0.3618617597003322,2004.293236002276,0.5726552102863646,0.0,300.0,0,0,0,83.86082244790288,83.86082244790288,2304.293236002276,0.6583694960006503,0.0,-83.49896068820254,-83.4989606882026,-300.0,0,0,0
2026-01-10 03:45:00,ZONE_A,2296.7131276436508,609.8902618102672,17.439421844241906,1995.582051717087,0.5701663004905964,0.0,300.0,0,0,0,104.71732026907095,104.71732026907095,2295.582051717087,0.655880586204882,0.0,-87.27789842482905,-87.27789842482906,-299.9999999999998,0,0,0
2026-01-10 04:00:00,ZONE_A,2306.104377609361,609.1678234766953,11.335795343350924,2003.058777334629,0.572302507809894,0.0,300.0,0,0,0,194.66365230977576,194.66365230977576,2303.0587773346288,0.6580167935241796,0.0,-183.32785696642483,-183.32785696642486,-299.9999999999998,0,0,0
2026-01-10 04:15:00,ZONE_A,2287.4209601173866,603.5970972547619,8.39096269628942,1988.1578354855776,0.5680450958530222,0.0,300.0,0,0,0,136.29161933376002,136.29161933376002,2288.1578354855774,0.6537593815673078,0.0,-127.9006566374706,-127.9006566374706,-299.9999999999998,0,0,0
2026-01-10 04:30:00,ZONE_A,2305.72780154326,609.7233549084139,0.0,2002.810885504708,0.5722316815727737,0.0,300.0,0,0,0,86.94368391044395,86.94368391044395,2302.810885504708,0.6579459672870595,0.0,-86.94368391044395,-86.94368391044395,-300.0,0,0,0
2026-01-10 04:45:00,ZONE_A,2322.5038026237903,612.4390678815772,9.676643252319876,2016.2366251334504,0.5760676071809858,0.0,300.0,0,0,0,72.14359206669997,72.14359206669997,2316.2366251334506,0.6617818928952716,0.0,-62.46694881438009,-62.46694881438009,-300.0000000000002,0,0,0
2026-01-10 05:00:00,ZONE_A,2282.258455426426,612.1345804170325,0.0,1984.0003837438053,0.56685725249823,0.0,300.0,0,0,0,140.12373461256794,140.12373461256794,2284.0003837438053,0.6525715382125158,0.0,-140.12373461256794,-140.12373461256794,-300.0,0,0,0
2026-01-10 05:15:00,ZONE_A,2276.799841963596,602.1553611746929,0.0,1979.675245419469,0.5656214986912769,0.0,300.0,0,0,0,105.663639090451,105.663639090451,2279.6752454194693,0.6513357844055626,0.0,-105.663639090451,-105.663639090451,-300.0000000000002,0,0,0
2026-01-10 05:30:00,ZONE_A,2269.661998639269,608.8058790376998,12.18408557011685,1973.9530031900968,0.5639865723400277,0.0,300.0,0,0,0,186.16053232608004,186.16053232608004,2273.9530031900968,0.6497008580543133,0.0,-173.9764467559632,-173.9764467559632,-300.0,0,0,0
2026-01-10 05:45:00,ZONE_A,2309.73104042667,612.8178403729405,24.36237805962457,2006.0023272737924,0.5731435220782264,0.0,300.0,0,0,0,150.25664599430996,150.25664599430996,2306.0023272737926,0.6588578077925121,0.0,-125.89426793468539,-125.89426793468539,-300.0000000000002,0,0,0
2026-01-10 06:00:00,ZONE_A,2509.8273683625284,608.2303469556714,13.66319881125878,2166.081659780761,0.6188804742230746,0.0,300.0,0,0,0,230.99400540607007,230.99400540607007,2466.081659780761,0.7045947599373603,0.0,-217.3308065948113,-217.3308065948113,-300.0,0,0,0
2026-01-10 06:15:00,ZONE_A,2595.485544506191,605.542712988132,6.309748231778372,2234.600053369118,0.6384571581054623,0.0,300.0,0,0,0,132.50998108539198,132.50998108539198,2534.600053369118,0.7241714438197481,0.0,-126.20023285361361,-126.20023285361361,-300.0,0,0,0
2026-01-10 06:30:00,ZONE_A,2607.479168123092,608.1407490128872,17.4760359925599,2244.20103503692,0.6412002957248343,0.0,300.0,0,0,0,189.286667830884,189.286667830884,2544.20103503692,0.72691458143912,0.0,-171.8106318383241,-171.81063183832407,-300.0,0,0,0
2026-01-10 06:45:00,ZONE_A,2661.836385048217,594.7699449400101,0.0,2287.6954768656105,0.6536272791044602,0.0,300.0,0,0,0,39.57058403268002,39.57058403268002,2587.6954768656105,0.7393415648187459,0.0,-39.57058403268002,-39.57058403268002,-300.0,0,0,0
2026-01-10 07:00:00,ZONE_A,2682.623415843242,614.390544519317,17.63682728540482,2304.287049383435,0.6583677283952671,0.0,300.0,0,0,0,133.20246402341996,133.20246402341996,2604.287049383435,0.7440820141095528,0.0,-115.56563673801514,-115.56563673801514,-300.0,0,0,0
2026-01-10 07:15:00,ZONE_A,2688.1045087136213,665.4224960242136,0.0,2327.512199311083,0.6650034855174523,0.0,300.0,0,0,0,142.43669424985393,142.43669424985393,2627.512199311083,0.750717771231738,0.0,-142.43669424985393,-142.43669424985387,-300.0,0,0,0
2026-01-10 07:30:00,ZONE_A,2693.1391128717983,748.3758652000716,15.86897630494468,2350.98885783688,0.6717111022391086,0.0,300.0,0,0,0,78.36291577200001,78.36291577200001,2650.98885783688,0.7574253879533943,0.0,-62.49393946705533,-62.493939467055384,-300.0,0,0,0
2026-01-10 07:45:00,ZONE_A,2770.915819883703,780.6787895042053,0.0,2428.3195376464555,0.6938055821847016,0.0,300.0,0,0,0,87.15762874125,87.15762874125,2728.3195376464555,0.7795198678989873,0.0,-87.15762874125,-87.15762874124994,-300.0,0,0,0
2026-01-10 08:15:00,ZONE_A,2836.238882946763,908.7444884245969,0.0,2514.20304705997,0.71834372773142,0.0,300.0,0,0,0,205.89651744716792,205.89651744716792,2814.20304705997,0.8040580134457056,0.0,-205.89651744716792,-205.89651744716787,-300.0,0,0,0
2026-01-10 08:30:00,ZONE_A,2887.5367613815743,964.8538503025112,18.527765466623123,2571.118726235873,0.7346053503531066,0.0,300.0,0,0,0,478.40778528152646,478.40778528152646,2871.118726235873,0.8203196360673923,0.0,-459.88001981490333,-459.88001981490333,-300.0,0,0,0
2026-01-10 08:45:00,ZONE_A,2921.694236296427,1003.7099488737654,0.0,2614.539655622896,0.7470113301779703,0.0,300.0,0,0,0,485.5433705546219,485.5433705546219,2914.539655622896,0.832725615892256,0.0,-485.5433705546219,-485.5433705546219,-300.0,0,0,0
2026-01-10 09:00:00,ZONE_A,2960.471002516427,1063.8073042816322,16.819110651659003,2654.7135498039697,0.7584895856582771,0.0,300.0,0,0,0,689.4177412056,689.4177412056,2954.7135498039697,0.8442038713725628,0.0,-672.598630553941,-672.598630553941,-300.0,0,0,0
2026-01-10 09:15:00,ZONE_A,2921.8745783227337,1125.270001877539,27.619222603821758,2642.435855630604,0.7549816730373153,0.0,300.0,0,0,0,642.5786799022,642.5786799022,2942.435855630604,0.8406959587516011,0.0,-614.9594572983782,-614.9594572983782,-300.0,0,0,0
2026-01-10 09:30:00,ZONE_A,2996.3510651803795,1145.3399921803416,15.511290867201753,2709.0065962842964,0.7740018846526561,0.0,300.0,0,0,0,648.4212089662201,648.4212089662201,3009.0065962842964,0.8597161703669418,0.0,-632.9099180990183,-632.9099180990183,-300.0,0,0,0
2026-01-10 09:45:00,ZONE_A,3135.4845850114257,1237.1258761868555,4.291893208607689,2850.694216173935,0.8144840617639814,0.0,300.0,0,0,0,739.7021531058501,739.7021531058501,3150.694216173935,0.9001983474782671,0.0,-735.4102598972424,-735.4102598972424,-300.0,0,0,0
2026-01-10 10:00:00,ZONE_A,2703.130654911194,1319.7868481792532,0.0,2524.727004015746,0.7213505725759274,0.0,300.0,0,0,0,595.82726960296,595.82726960296,2824.727004015746,0.8070648582902131,0.0,-595.82726960296,-595.82726960296,-300.0,0,0,0
2026-01-10 10:15:00,ZONE_A,2637.7033241272284,1372.571088517101,0.0,2492.32807221745,0.7120937349192714,0.0,300.0,0,0,0,695.7231797991859,695.7231797991859,2792.32807221745,0.7978080206335572,0.0,-695.7231797991859,-695.7231797991859,-300.0,0,0,0
2026-01-10 10:15:00,ZONE_B,1990.8193198030967,856.5380140706702,1.0378436391164314,1879.768503844567,0.6713458942302025,0.0,200.0,0,0,0,311.62630022476,311.62630022476,2079.768503844567,0.7427744656587739,0.0,-310.58845658564354,-310.5884565856435,-200.0,0,0,0
2026-01-10 10:30:00,ZONE_A,2704.913894392272,1474.2720560456785,23.598559033102678,2571.1828403319987,0.7346236686662854,0.0,300.0,0,0,0,1001.73851340558,1001.73851340558,2871.1828403319987,0.8203379543805711,0.0,-978.1399543724773,-978.1399543724773,-300.0,0,0,0
2026-01-10 10:30:00,ZONE_B,1931.397547338736,933.6054808584572,20.78458752607662,1848.788088056416,0.6602814600201485,0.0,200.0,0,0,0,437.9570749539821,437.9570749539821,2048.788088056416,0.73171003144872,0.0,-417.1724874279055,-417.1724874279055,-200.00000000000023,0,0,0
2026-01-10 10:45:00,ZONE_A,2759.9707901338684,1494.787097853694,0.0,2623.5414086493047,0.749583259614087,0.0,300.0,0,0,0,928.8555686421998,928.8555686421998,2923.5414086493047,0.8352975453283727,0.0,-928.8555686421998,-928.8555686421998,-300.0,0,0,0
2026-01-10 10:45:00,ZONE_B,2087.675042407955,933.5096526909306,0.0,1979.308567985784,0.70689591713778,0.0,200.0,0,0,0,364.7078018097101,364.7078018097101,2179.308567985784,0.7783244885663515,0.0,-364.7078018097101,-364.7078018097101,-200.0,0,0,0
2026-01-10 11:00:00,ZONE_A,2690.370016643774,1514.7956877690167,13.519894979415769,2573.654026509471,0.7353297218598488,0.0,300.0,0,0,0,1006.11489433128,1006.11489433128,2873.654026509471,0.8210440075741345,0.0,-992.5949993518642,-992.5949993518642,-300.0,0,0,0
2026-01-10 11:15:00,ZONE_A,2874.109191378933,1538.4801306968236,39.598017583537285,2718.3807881443768,0.7766802251841076,0.0,300.0,0,0,0,1080.66127857032,1080.66127857032,3018.3807881443768,0.8623945108983934,0.0,-1041.0632609867828,-1041.0632609867828,-300.0,0,0,0
2026-01-10 11:15:00,ZONE_B,2194.380838115929,941.0676136783092,14.57645598739191,2055.2333578351777,0.7340119135125635,0.0,200.0,0,0,0,486.35031126919705,486.35031126919705,2255.2333578351777,0.8054404849411348,0.0,-471.77385528180514,-471.77385528180514,-200.0,0,0,0
2026-01-10 11:30:00,ZONE_A,2696.3249461358137,1562.1053483079904,15.764843552785806,2585.314505071033,0.7386612871631524,0.0,300.0,0,0,0,1101.0652693513,1101.0652693513,2885.314505071033,0.824375572877438,0.0,-1085.3004257985142,-1085.3004257985142,-300.0,0,0,0
2026-01-10 11:45:00,ZONE_A,2700.3190202736605,1567.3990785792964,5.43360820455905,2599.1676915789244,0.7426193404511212,0.0,300.0,0,0,0,922.0451233999918,922.0451233999918,2899.1676915789244,0.828333626165407,0.0,-916.6115151954327,-916.6115151954327,-300.0,0,0,0
2026-01-10 11:45:00,ZONE_B,2022.0211337600188,985.7311125727322,0.0,1939.072221012984,0.6925257932189229,0.0,200.0,0,0,0,319.01257532388,319.01257532388,2139.0722210129843,0.7639543646474944,0.0,-319.01257532388,-319.01257532388,-200.00000000000023,0,0,0
2026-01-10 12:00:00,ZONE_A,2686.8844877443635,1597.7724027087324,10.628968594552134,2588.157754687746,0.7394736441964989,0.0,300.0,0,0,0,1153.189754160885,1153.189754160885,2888.157754687746,0.8251879299107846,0.0,-1142.560785566333,-1142.560785566333,-300.0,0,0,0
2026-01-10 12:00:00,ZONE_B,1998.291824899199,1016.814221569092,21.8252563430832,1923.048453041372,0.6868030189433472,0.0,200.0,0,0,0,431.37977030105,431.37977030105,2123.0484530413723,0.7582315903719187,0.0,-409.5545139579668,-409.5545139579667,-200.00000000000023,0,0,0
2026-01-10 12:15:00,ZONE_A,2822.773450972857,1584.1766725960915,23.86294939763889,2694.744011732741,0.7699268604950689,0.0,300.0,0,0,0,1149.79993654921,1149.79993654921,2994.744011732741,0.8556411462093546,0.0,-1125.9369871515712,-1125.9369871515712,-300.0,0,0,0
2026-01-10 12:15:00,ZONE_B,2161.205023993751,995.4582146179956,0.0,2051.9586001892308,0.7328423572104396,0.0,200.0,0,0,0,382.765156521574,382.765156521574,2251.9586001892308,0.804270928639011,0.0,-382.765156521574,-382.765156521574,-200.0,0,0,0
2026-01-10 12:30:00,ZONE_A,2670.1283428351394,1556.8322565647054,25.823806335238714,2567.2984032494587,0.7335138294998453,0.0,300.0,0,0,0,1105.37118378083,1105.37118378083,2867.2984032494587,0.8192281152141311,0.0,-1079.5473774455913,-1079.5473774455913,-300.0,0,0,0
2026-01-10 12:45:00,ZONE_A,2735.4991673104105,1512.3441986372486,8.200209670806771,2610.1569759955646,0.7457591359987328,0.0,300.0,0,0,0,926.06477001864,926.06477001864,2910.1569759955646,0.8314734217130184,0.0,-917.8645603478333,-917.8645603478333,-300.0,0,0,0
2026-01-10 13:00:00,ZONE_A,2737.97021676182,1501.9635375975022,0.0,2609.1626773360017,0.745475050667429,0.0,300.0,0,0,0,663.192739100371,663.192739100371,2909.1626773360017,0.8311893363817148,0.0,-663.192739100371,-663.192739100371,-300.0,0,0,0
2026-01-10 13:15:00,ZONE_A,2659.4635274699413,1552.6913985553856,30.98479613120344,2553.1278394200863,0.7294650969771675,0.0,300.0,0,0,0,1109.2605074532598,1109.2605074532598,2853.1278394200863,0.8151793826914532,0.0,-1078.2757113220564,-1078.2757113220564,-300.0,0,0,0
2026-01-10 13:15:00,ZONE_B,2024.614173401894,985.8650610193798,26.84229816998049,1935.467109243365,0.6912382533012018,0.0,200.0,0,0,0,577.3475743616,577.3475743616,2135.467109243365,0.7626668247297732,0.0,-550.5052761916195,-550.5052761916195,-200.0,0,0,0
2026-01-10 13:30:00,ZONE_A,2674.821902858169,1559.4499854012652,32.26082150819411,2568.624975111382,0.7338928500318234,0.0,300.0,0,0,0,1138.31611573078,1138.31611573078,2868.624975111382,0.8196071357461091,0.0,-1106.0552942225859,-1106.0552942225859,-300.0,0,0,0
2026-01-10 13:45:00,ZONE_A,2670.293799886976,1551.5958504104556,34.00904834558628,2562.801373747181,0.732228963927766,0.0,300.0,0,0,0,1144.337417984742,1144.337417984742,2862.801373747181,0.8179432496420518,0.0,-1110.3283696391557,-1110.3283696391557,-300.0,0,0,0
2026-01-10 14:00:00,ZONE_A,2731.832164437131,1531.293840793764,31.196588849162936,2605.555883328452,0.7444445380938435,0.0,300.0,0,0,0,1037.688402040278,1037.688402040278,2905.555883328452,0.8301588238081292,0.0,-1006.4918131911152,-1006.4918131911152,-300.0,0,0,0
2026-01-10 14:15:00,ZONE_A,2647.9945162921963,1488.180652065524,39.33588441144639,2531.197556866736,0.7231993019619245,0.0,300.0,0,0,0,1048.570906887976,1048.570906887976,2831.197556866736,0.8089135876762102,0.0,-1009.2350224765296,-1009.2350224765296,-300.0,0,0,0
2026-01-10 14:30:00,ZONE_A,2639.2402033745448,1412.0361001747035,2.661702132126493,2505.285440374425,0.7157958401069786,0.0,300.0,0,0,0,1002.8692106736898,1002.8692106736898,2805.285440374425,0.8015101258212642,0.0,-1000.2075085415634,-1000.2075085415634,-300.0,0,0,0
2026-01-10 14:30:00,ZONE_B,1934.5654311244955,877.8032441701082,18.30914317375664,1833.5212097565657,0.6548290034844877,0.0,200.0,0,0,0,459.26621302408,459.26621302408,2033.5212097565657,0.7262575749130592,0.0,-440.95706985032336,-440.95706985032336,-200.0,0,0,0
2026-01-10 14:45:00,ZONE_A,2698.5754632830367,1417.095846247017,26.63515173920109,2543.4490887918955,0.7266997396548273,0.0,300.0,0,0,0,1026.56337149974,1026.56337149974,2843.4490887918955,0.812414025369113,0.0,-999.9282197605389,-999.9282197605389,-300.0,0,0,0
2026-01-10 15:00:00,ZONE_A,2729.386013395794,1346.3373398153772,14.302059998824916,2552.289135886216,0.7292254673960618,0.0,300.0,0,0,0,950.528287228932,950.528287228932,2852.289135886216,0.8149397531103475,0.0,-936.226227230107,-936.226227230107,-300.0,0,0,0
2026-01-10 15:00:00,ZONE_B,2053.00245970895,833.5036062949646,12.338694458062832,1920.657365537211,0.6859490591204325,0.0,200.0,0,0,0,375.3274340432801,375.3274340432801,2120.6573655372113,0.757377630549004,0.0,-362.9887395852173,-362.9887395852173,-200.00000000000023,0,0,0
2026-01-10 15:15:00,ZONE_A,2653.1778823298428,1293.5707564881038,17.413242692445465,2481.1851476680777,0.7089100421908794,0.0,300.0,0,0,0,894.6495398508,894.6495398508,2781.1851476680777,0.794624327905165,0.0,-877.2362971583545,-877.2362971583545,-300.0,0,0,0
2026-01-10 15:15:00,ZONE_B,1899.7962059957968,801.3221322569908,12.578070285718354,1791.3944614450602,0.6397837362303787,0.0,200.0,0,0,0,424.37584089502,424.37584089502,1991.3944614450602,0.71121230765895,0.0,-411.79777060930166,-411.79777060930166,-200.0,0,0,0
2026-01-10 15:30:00,ZONE_A,2680.51176670879,1258.9198277650607,7.388432189797641,2490.62077575013,0.7116059359286087,0.0,300.0,0,0,0,834.2843452926998,834.2843452926998,2790.62077575013,0.7973202216428943,0.0,-826.8959131029021,-826.8959131029021,-300.0,0,0,0
2026-01-10 15:30:00,ZONE_B,1885.353622174664,773.9596103344338,0.2967565765666222,1771.6112395049704,0.6327182998232037,0.0,200.0,0,0,0,293.97005913287205,293.97005913287205,1971.6112395049704,0.7041468712517751,0.0,-293.67330255630543,-293.67330255630543,-200.0,0,0,0
2026-01-10 15:45:00,ZONE_A,2671.32681395282,1236.0445675662918,33.12742724981695,2471.976573311747,0.7062790209462134,0.0,300.0,0,0,0,812.91013606052,812.91013606052,2771.976573311747,0.7919933066604992,0.0,-779.7827088107031,-779.7827088107031,-300.0,0,0,0
2026-01-10 16:00:00,ZONE_A,2811.0577763834053,1163.9804066946317,10.03847574714132,2567.944756497819,0.7336985018565197,0.0,300.0,0,0,0,727.1989545062002,727.1989545062002,2867.944756497819,0.8194127875708055,0.0,-717.1604787590588,-717.1604787590588,-300.0,0,0,0
2026-01-10 16:15:00,ZONE_A,2830.0218453045254,1113.645448612291,1.9950608048723095,2566.867991579956,0.7333908547371304,0.0,300.0,0,0,0,587.936368921884,587.936368921884,2866.867991579956,0.819105140451416,0.0,-585.9413081170117,-585.9413081170117,-300.0,0,0,0
2026-01-10 16:30:00,ZONE_A,2770.0186385756524,1035.8488567007091,7.989535275498156,2498.175423040788,0.7137644065830823,0.0,300.0,0,0,0,521.886656255952,521.886656255952,2798.175423040788,0.7994786922973679,0.0,-513.8971209804538,-513.8971209804538,-300.0,0,0,0
2026-01-10 16:45:00,ZONE_A,2806.202307477926,956.7176760367412,6.124158978804644,2507.2842387566825,0.7163669253590521,0.0,300.0,0,0,0,391.68131080612,391.68131080612,2807.2842387566825,0.8020812110733379,0.0,-385.55715182731535,-385.55715182731535,-300.0,0,0,0
2026-01-10 17:00:00,ZONE_A,2773.071066589433,914.7898343369404,15.050743251156405,2462.9690590152595,0.7037054454329313,0.0,300.0,0,0,0,461.6966415412001,461.6966415412001,2762.9690590152595,0.789419731147217,0.0,-446.6458982900437,-446.6458982900437,-300.0,0,0,0
2026-01-10 17:15:00,ZONE_A,2781.548164991318,837.5473135950955,22.14525746414381,2447.966383153742,0.6994189666153549,0.0,300.0,0,0,0,427.3115279179409,427.3115279179409,2747.966383153742,0.7851332523296405,0.0,-405.1662704537971,-405.1662704537971,-300.0,0,0,0
2026-01-10 17:30:00,ZONE_A,2809.934263599012,744.1480827080154,5.944814061193938,2447.726772242808,0.6993505063550879,0.0,300.0,0,0,0,86.33233644763652,86.33233644763652,2747.726772242808,0.7850647920693736,0.0,-80.38752238644258,-80.38752238644258,-300.0,0,0,0
2026-01-10 17:45:00,ZONE_A,2841.562324346525,676.8815288202921,0.0,2453.2080808948945,0.7009165945413984,0.0,300.0,0,0,0,69.31990668711899,69.31990668711899,2753.2080808948945,0.7866308802556842,0.0,-69.31990668711899,-69.31990668711899,-300.0,0,0,0
2026-01-10 18:00:00,ZONE_A,2831.622759827647,615.907770633481,5.199786269412016,2429.836568157543,0.6942390194735837,0.0,300.0,0,0,0,88.84359110684551,88.84359110684551,2729.836568157543,0.7799533051878694,0.0,-83.64380483743349,-83.64380483743344,-300.0,0,0,0
2026-01-10 18:15:00,ZONE_A,2769.140183687829,593.0579258840264,0.0,2373.524272192901,0.6781497920551146,0.0,300.0,0,0,0,53.18895134208003,53.18895134208003,2673.524272192901,0.7638640777694004,0.0,-53.18895134208003,-53.18895134208003,-300.0,0,0,0
2026-01-10 18:30:00,ZONE_A,2797.852478006576,593.315168118767,0.0,2396.5034696695607,0.6847152770484459,0.0,300.0,0,0,0,56.17405311270005,56.17405311270005,2696.5034696695607,0.7704295627627317,0.0,-56.17405311270005,-56.17405311270011,-300.0,0,0,0
2026-01-10 18:45:00,ZONE_A,2831.650658070841,600.7883829470089,5.424961437848083,2429.843672603091,0.6942410493151688,0.0,300.0,0,0,0,143.70077343788,143.70077343788,2729.843672603091,0.7799553350294546,0.0,-138.27581200003192,-138.27581200003192,-300.0,0,0,0
2026-01-10 19:15:00,ZONE_A,2793.5780978451057,611.7155011879116,9.067185543199455,2393.084669897395,0.6837384771135414,0.0,300.0,0,0,0,67.85114045888002,67.85114045888002,2693.084669897395,0.7694527628278272,0.0,-58.78395491568057,-58.78395491568051,-300.0,0,0,0
2026-01-10 19:45:00,ZONE_A,2786.181999100119,551.6516129150258,0.0,2384.5220816070164,0.6812920233162904,0.0,300.0,0,0,0,25.985248615275,25.985248615275,2684.5220816070164,0.7670063090305761,0.0,-25.985248615275,-25.985248615275054,-300.0,0,0,0
2026-01-10 20:00:00,ZONE_A,2787.464519048821,616.1074417476286,16.827317599243884,2388.1747612860004,0.6823356460817144,0.0,300.0,0,0,0,63.51880193775799,63.51880193775799,2688.1747612860004,0.7680499317960001,0.0,-46.69148433851411,-46.6914843385141,-300.0,0,0,0
2026-01-10 20:15:00,ZONE_A,2831.0943743638977,509.2180723589338,0.0,2429.5541873680963,0.6941583392480275,0.0,300.0,0,0,0,63.56630792326001,63.56630792326001,2729.5541873680963,0.7798726249623132,0.0,-63.56630792326001,-63.56630792326001,-300.0,0,0,0
2026-01-10 20:45:00,ZONE_A,2782.738058328629,608.0920898582577,12.125796902565751,2384.399090103542,0.6812568828867264,0.0,300.0,0,0,0,30.82615513827,30.82615513827,2684.399090103542,0.7669711686010121,0.0,-18.70035823570425,-18.700358235704243,-300.0,0,0,0
2026-01-10 21:00:00,ZONE_A,2655.543480717497,408.4676948666153,0.0,2254.2795153870466,0.6440798615391562,0.0,268.80660897818,0,0,0,0.0,0.0,2523.0861243652266,0.7208817498186362,0.0,0.0,0.0,-268.80660897818007,0,0,0
2026-01-10 21:15:00,ZONE_A,2654.864800197217,481.8133009874911,0.0,2253.4131402353537,0.6438323257815296,0.0,299.40079095808,0,0,0,0.0,0.0,2552.8139311934337,0.7293754089124096,0.0,0.0,0.0,-299.40079095808005,0,0,0
2026-01-10 21:30:00,ZONE_A,2607.6970985805183,589.4490181819506,0.0,2237.572688538103,0.6393064824394581,0.0,300.0,0,0,0,54.366526152424,54.366526152424,2537.572688538103,0.7250207681537437,0.0,-54.366526152424,-54.36652615242406,-300.0,0,0,0
2026-01-10 21:45:00,ZONE_A,2545.3350223275274,551.6242123395908,0.0,2179.071196030634,0.6225917702944669,0.0,300.0,0,0,0,57.134074151480434,57.134074151480434,2479.071196030634,0.7083060560087525,0.0,-57.134074151480434,-57.134074151480434,-300.0,0,0,0
2026-01-10 22:00:00,ZONE_A,2577.1068364243247,613.4968820093254,2.1779908194687323,2219.9172982277632,0.6342620852079324,0.0,300.0,0,0,0,61.527082834101975,61.527082834101975,2519.9172982277632,0.7199763709222181,0.0,-59.34909201463324,-59.34909201463324,-300.0,0,0,0
2026-01-10 22:15:00,ZONE_A,2509.644572308028,595.8653692887987,1.0487860921697347,2165.917311337984,0.6188335175251383,0.0,300.0,0,0,0,63.24960035384999,63.24960035384999,2465.917311337984,0.704547803239424,0.0,-62.20081426168026,-62.20081426168031,-300.0,0,0,0
2026-01-10 22:30:00,ZONE_A,2477.668156775272,613.1222663952838,6.838261644868339,2140.3574311377392,0.6115306946107827,0.0,300.0,0,0,0,57.41697047973895,57.41697047973895,2440.3574311377392,0.6972449803250683,0.0,-50.57870883487061,-50.578708834870554,-300.0,0,0,0
2026-01-10 22:45:00,ZONE_A,2459.379357037162,605.1614739301629,7.1911727574859015,2125.694200915764,0.607341200261647,0.0,300.0,0,0,0,64.39589205655,64.39589205655,2425.694200915764,0.6930554859759326,0.0,-57.204719299064095,-57.204719299064095,-300.0,0,0,0
2026-01-10 23:00:00,ZONE_A,2444.456381508837,608.6663758707062,13.308415202348556,2113.779993985476,0.6039371411387073,0.0,300.0,0,0,0,181.30029928539005,181.30029928539005,2413.779993985476,0.6896514268529931,0.0,-167.9918840830415,-167.9918840830415,-300.0,0,0,0
2026-01-10 23:15:00,ZONE_A,2378.39821765509,600.9486869146248,0.0,2060.888511474536,0.5888252889927245,0.0,300.0,0,0,0,96.9554383278002,96.9554383278002,2360.888511474536,0.6745395747070102,0.0,-96.9554383278002,-96.95543832780021,-300.0,0,0,0
2026-01-10 23:30:00,ZONE_A,2329.4853435329205,601.0076150253027,0.0,2021.777236180248,0.5776506389086423,0.0,300.0,0,0,0,123.02670682034704,123.02670682034704,2321.777236180248,0.6633649246229281,0.0,-123.02670682034704,-123.02670682034704,-300.0,0,0,0
2026-01-10 23:45:00,ZONE_A,2304.613121420565,604.4689044978306,7.900989718514438,2001.8984833480347,0.5719709952422957,0.0,300.0,0,0,0,119.0368963431,119.0368963431,2301.8984833480345,0.6576852809565813,0.0,-111.13590662458556,-111.13590662458557,-299.9999999999998,0,0,0
2026-01-11 00:00:00,ZONE_A,2278.5189703584515,454.6669393489351,0.0,1942.0841729365748,0.5548811922675928,0.0,300.0,0,0,0,39.70928741994004,39.70928741994004,2242.0841729365748,0.6405954779818785,0.0,-39.70928741994004,-39.70928741994004,-300.0,0,0,0
2026-01-11 00:15:00,ZONE_A,2280.41143004186,591.4481131092737,0.0,1976.734542251748,0.5647812977862138,0.0,300.0,0,0,0,122.31582561249002,122.31582561249002,2276.7345422517483,0.6504955835004995,0.0,-122.31582561249002,-122.31582561249002,-300.0000000000002,0,0,0
2026-01-11 00:30:00,ZONE_A,2245.7187761807545,603.192391608984,0.0,1954.439947011812,0.5584114134319462,0.0,300.0,0,0,0,115.23418795702004,115.23418795702004,2254.439947011812,0.644125699146232,0.0,-115.23418795702004,-115.23418795702003,-300.0,0,0,0
2026-01-11 00:45:00,ZONE_A,2284.300284543248,566.3624781826035,4.343617219126941,1974.5161438305456,0.5641474696658701,0.0,300.0,0,0,0,75.96836778000852,75.96836778000852,2274.516143830546,0.649861755380156,0.0,-71.62475056088158,-71.62475056088158,-300.0000000000002,0,0,0
2026-01-11 01:00:00,ZONE_A,2251.4812076321728,599.0798732501903,6.048547386401879,1959.4472522474048,0.559842072070687,0.0,300.0,0,0,0,106.79697381749996,106.79697381749996,2259.447252247405,0.6455563577849728,0.0,-100.74842643109808,-100.7484264310981,-300.0,0,0,0
2026-01-11 01:15:00,ZONE_A,2304.1203405366964,614.506970065872,17.481028676575647,2001.5355515924768,0.5718673004549933,0.0,300.0,0,0,0,90.60447384428808,90.60447384428808,2301.5355515924766,0.6575815861692791,0.0,-73.12344516771243,-73.12344516771248,-299.9999999999998,0,0,0
2026-01-11 01:30:00,ZONE_A,2315.1446802679884,526.2507729071315,11.696322040187852,1987.911158834284,0.5679746168097954,0.0,300.0,0,0,0,78.192892990276,78.192892990276,2287.911158834284,0.6536889025240811,0.0,-66.49657095008814,-66.49657095008814,-300.0,0,0,0
2026-01-11 01:45:00,ZONE_A,2271.4751892651525,569.8683231604039,0.0,1964.6557712088925,0.5613302203453978,0.0,300.0,0,0,0,74.30732955194998,74.30732955194998,2264.6557712088925,0.6470445060596836,0.0,-74.30732955194998,-74.30732955194998,-300.0,0,0,0
2026-01-11 02:00:00,ZONE_A,2255.938587222716,424.0564772879182,0.0,1916.1898755605048,0.5474828215887156,0.0,280.35836633409804,0,0,0,0.0,0.0,2196.548241894603,0.6275852119698866,0.0,0.0,0.0,-280.35836633409826,0,0,0
2026-01-11 02:15:00,ZONE_A,2356.622200175412,480.9489979653412,0.0,2008.587955966416,0.5738822731332618,0.0,300.0,0,0,0,10.560288196535964,10.560288196535964,2308.5879559664163,0.6595965588475475,0.0,-10.560288196535964,-10.560288196535964,-300.0000000000002,0,0,0
2026-01-11 02:30:00,ZONE_A,2298.215414069037,489.0050053801857,5.300161619573885,1965.02112940704,0.5614346084020114,0.0,233.581413166988,0,0,0,0.0,0.0,2198.602542574028,0.6281721550211509,0.0,5.300161619573885,5.300161619573885,-233.5814131669881,0,0,0
2026-01-11 02:45:00,ZONE_A,2311.2922592502546,550.267295588599,0.0,1992.0590285051485,0.5691597224300424,0.0,300.0,0,0,0,75.8838039108,75.8838039108,2292.0590285051485,0.6548740081443282,0.0,-75.8838039108,-75.8838039108,-300.0,0,0,0
2026-01-11 03:00:00,ZONE_A,2314.1622673980014,496.68151674537313,0.0,1981.191911294001,0.5660548317982861,0.0,300.0,0,0,0,46.68531357246002,46.68531357246002,2281.1919112940013,0.6517691175125718,0.0,-46.68531357246002,-46.68531357246002,-300.0000000000002,0,0,0
2026-01-11 04:00:00,ZONE_A,2267.902005567951,417.2393149590914,0.0,1922.6309544563487,0.549323129844671,0.0,250.54135252872,0,0,0,0.0,0.0,2173.1723069850686,0.6209063734243053,0.0,0.0,0.0,-250.54135252871993,0,0,0
2026-01-11 04:30:00,ZONE_A,2266.6993899736763,408.1576958421158,10.9398017198576,1918.4232016564888,0.5481209147589968,0.0,300.0,0,0,0,3.748962625155969,3.748962625155969,2218.423201656489,0.6338352004732826,0.0,7.190839094701632,7.19083909470163,-300.0,0,0,0
2026-01-11 07:15:00,ZONE_A,2714.5630505359827,673.6743242032547,1.876822248391477,2348.6903105735,0.6710543744495714,0.0,300.0,0,0,0,73.45015762049997,73.45015762049997,2648.6903105735,0.7567686601638571,0.0,-71.57333537210849,-71.57333537210843,-300.0,0,0,0
2026-01-11 07:30:00,ZONE_A,2707.429389993736,739.2593927419496,8.153738733433102,2360.274670069964,0.6743641914485612,0.0,300.0,0,0,0,67.89102019684299,67.89102019684299,2660.274670069964,0.7600784771628468,0.0,-59.737281463409886,-59.737281463409886,-300.0,0,0,0
2026-01-11 07:45:00,ZONE_A,2765.5981107500666,815.7042906203384,3.5220574626781627,2427.2613203914007,0.693503234397543,0.0,300.0,0,0,0,45.0756244594956,45.0756244594956,2727.2613203914007,0.7792175201118288,0.0,-41.55356699681744,-41.55356699681738,-300.0,0,0,0
2026-01-11 08:00:00,ZONE_A,2786.328109922438,867.8509110318869,11.608220852212073,2461.966956308261,0.7034191303737889,0.0,300.0,0,0,0,132.59323271880004,132.59323271880004,2761.966956308261,0.7891334160880746,0.0,-120.98501186658797,-120.98501186658791,-300.0,0,0,0
2026-01-11 08:15:00,ZONE_A,2842.944931288166,932.8066181131962,24.73197802252855,2524.0864606375594,0.7211675601821599,0.0,300.0,0,0,0,378.032542709425,378.032542709425,2824.0864606375594,0.8068818458964455,0.0,-353.30056468689645,-353.30056468689645,-300.0,0,0,0
2026-01-11 08:30:00,ZONE_A,2885.61239338643,1008.7086580762444,15.163679282518387,2584.189887366402,0.738339967818972,0.0,300.0,0,0,0,477.457888784508,477.457888784508,2884.189887366402,0.8240542535332578,0.0,-462.2942095019896,-462.2942095019896,-300.0,0,0,0
2026-01-11 08:45:00,ZONE_A,2864.5718886101768,1069.0578239718425,23.838439201778783,2579.79017358136,0.7370829067375314,0.0,300.0,0,0,0,563.073902806286,563.073902806286,2879.79017358136,0.822797192451817,0.0,-539.2354636045072,-539.2354636045072,-300.0,0,0,0
2026-01-11 09:00:00,ZONE_A,3034.86646606567,1108.3978199344822,30.91938195310695,2727.710765366652,0.7793459329619006,0.0,300.0,0,0,0,637.7223165657151,637.7223165657151,3027.710765366652,0.8650602186761863,0.0,-606.8029346126082,-606.8029346126082,-300.0,0,0,0
2026-01-11 09:15:00,ZONE_A,3000.099636247469,1207.6515062988449,6.052725875487113,2731.8165968352923,0.7805190276672264,0.0,300.0,0,0,0,654.99024546519,654.99024546519,3031.8165968352923,0.8662333133815121,0.0,-648.9375195897029,-648.9375195897029,-300.0,0,0,0
2026-01-11 09:30:00,ZONE_A,2996.2627328755725,1227.8320012918275,0.0,2732.280410888267,0.7806515459680763,0.0,300.0,0,0,0,605.5209158262479,605.5209158262479,3032.280410888267,0.866365831682362,0.0,-605.5209158262479,-605.5209158262479,-300.0,0,0,0
2026-01-11 09:30:00,ZONE_B,2142.7303542145487,594.1513414447724,0.0,1895.3545436081315,0.6769123370029041,0.0,200.0,0,0,0,120.22154684080004,120.22154684080004,2095.3545436081313,0.7483409084314755,0.0,-120.22154684080004,-120.22154684080004,-199.99999999999977,0,0,0
2026-01-11 09:45:00,ZONE_A,3069.4938032619866,1276.9318524795954,32.99492342771464,2801.9676706896635,0.8005621916256181,0.0,300.0,0,0,0,713.004234879065,713.004234879065,3101.9676706896635,0.8862764773399039,0.0,-680.0093114513504,-680.0093114513504,-300.0,0,0,0
2026-01-11 10:00:00,ZONE_A,2756.725100259413,1130.3559914511236,18.891998997803967,2513.8312904704544,0.718237511562987,0.0,300.0,0,0,0,743.3838850629502,743.3838850629502,2813.8312904704544,0.8039517972772727,0.0,-724.4918860651462,-724.4918860651462,-300.0,0,0,0
2026-01-11 10:00:00,ZONE_B,2080.30068266597,578.8760608978289,0.0,1834.820641525777,0.6552930862592061,0.0,200.0,0,0,0,263.09470172056,263.09470172056,2034.820641525777,0.7267216576877775,0.0,-263.09470172056,-263.09470172056,-200.0,0,0,0
2026-01-11 10:15:00,ZONE_A,2775.1799365327674,1197.507250415883,0.7153959646620933,2551.2663298014377,0.728933237086125,0.0,300.0,0,0,0,829.7579433210401,829.7579433210401,2851.2663298014377,0.8146475228004108,0.0,-829.042547356378,-829.042547356378,-300.0,0,0,0
2026-01-11 10:15:00,ZONE_B,2078.7443506870527,639.952099345936,17.27899252248426,1846.3001560904693,0.6593929128894533,0.0,200.0,0,0,0,326.47380038536005,326.47380038536005,2046.3001560904693,0.7308214843180247,0.0,-309.1948078628758,-309.1948078628758,-200.0,0,0,0
2026-01-11 10:30:00,ZONE_A,2670.903356612322,1270.718294824282,23.066488588875472,2483.8234799805205,0.7096638514230058,0.0,300.0,0,0,0,899.580356850325,899.580356850325,2783.8234799805205,0.7953781371372916,0.0,-876.5138682614495,-876.5138682614495,-300.0,0,0,0
2026-01-11 10:30:00,ZONE_B,1989.699254196936,654.3580226007225,1.315941252838229,1783.925981453539,0.6371164219476925,0.0,200.0,0,0,0,201.2089940299,201.2089940299,1983.925981453539,0.7085449933762639,0.0,-199.89305277706177,-199.89305277706177,-200.0,0,0,0
2026-01-11 10:45:00,ZONE_A,2663.959901892342,1236.1328626500654,9.382221157536833,2475.0862150234284,0.7071674900066939,0.0,300.0,0,0,0,726.5432473138501,726.5432473138501,2775.0862150234284,0.7928817757209795,0.0,-717.1610261563133,-717.1610261563133,-300.0,0,0,0
2026-01-11 11:00:00,ZONE_A,2772.1530053943,1311.8839042346945,9.093674860269177,2581.5269324106107,0.7375791235458887,0.0,300.0,0,0,0,791.07734842116,791.07734842116,2881.5269324106107,0.8232934092601745,0.0,-781.9836735608908,-781.9836735608908,-300.0,0,0,0
2026-01-11 11:00:00,ZONE_B,2032.1814658106189,711.518003719294,8.098528347700835,1829.893806877157,0.6535335024561275,0.0,200.0,0,0,0,171.08108206259993,171.08108206259993,2029.893806877157,0.7249620738846989,0.0,-162.9825537148991,-162.98255371489915,-200.0,0,0,0
2026-01-11 11:15:00,ZONE_A,2715.608747806413,1284.1429625360074,0.0,2532.611860125834,0.7236033886073812,0.0,300.0,0,0,0,794.867947556,794.867947556,2832.611860125834,0.8093176743216669,0.0,-794.867947556,-794.867947556,-300.0,0,0,0
2026-01-11 11:15:00,ZONE_B,2057.5633654830067,710.947318904378,13.769893453792063,1849.638609584961,0.6605852177089147,0.0,200.0,0,0,0,236.47502183623004,236.47502183623004,2049.638609584961,0.7320137891374862,0.0,-222.70512838243798,-222.70512838243798,-200.00000000000023,0,0,0
2026-01-11 11:30:00,ZONE_A,2744.5197040644466,1308.2130349971594,54.96102365677734,2551.7422161317063,0.729069204609059,0.0,300.0,0,0,0,902.7675328712298,902.7675328712298,2851.7422161317063,0.8147834903233446,0.0,-847.8065092144525,-847.8065092144525,-300.0,0,0,0
2026-01-11 11:30:00,ZONE_B,2095.418367431604,677.4876325167502,2.9774283480239774,1874.1188131014069,0.6693281475362167,0.0,200.0,0,0,0,156.2407894264,156.2407894264,2074.118813101407,0.7407567189647881,0.0,-153.26336107837602,-153.26336107837597,-200.0,0,0,0
2026-01-11 11:45:00,ZONE_A,2781.121224390773,1282.8505380268211,7.973328509457133,2581.982259968305,0.7377092171338013,0.0,300.0,0,0,0,753.2012022567999,753.2012022567999,2881.982259968305,0.8234235028480871,0.0,-745.2278737473428,-745.2278737473428,-300.0,0,0,0
2026-01-11 12:00:00,ZONE_A,2771.515168501909,1261.7609667606416,2.4547757915286184,2567.809699041724,0.7336599140119211,0.0,300.0,0,0,0,800.7329108635199,800.7329108635199,2867.809699041724,0.8193741997262068,0.0,-798.2781350719913,-798.2781350719913,-300.0,0,0,0
2026-01-11 12:00:00,ZONE_B,2110.5370570810373,660.6860486494369,12.043835737590484,1880.6475094252064,0.6716598247947165,0.0,200.0,0,0,0,206.01732572680004,206.01732572680004,2080.6475094252064,0.743088396223288,0.0,-193.97348998920955,-193.97348998920955,-200.0,0,0,0
2026-01-11 12:15:00,ZONE_A,2665.27953202285,1313.11723434664,0.0,2499.552394459829,0.7141578269885226,0.0,300.0,0,0,0,837.89521151856,837.89521151856,2799.552394459829,0.7998721127028082,0.0,-837.89521151856,-837.89521151856,-300.0,0,0,0
2026-01-11 12:30:00,ZONE_A,2798.158248808322,1378.8464038669797,28.18394822231585,2616.138940798436,0.7474682687995532,0.0,300.0,0,0,0,933.805883048016,933.805883048016,2916.138940798436,0.8331825545138389,0.0,-905.6219348257001,-905.6219348257001,-300.0,0,0,0
2026-01-11 12:45:00,ZONE_A,2687.083879396597,1383.3273286473805,9.699376586974722,2528.4121560293825,0.7224034731512521,0.0,300.0,0,0,0,859.01321644266,859.01321644266,2828.4121560293825,0.8081177588655378,0.0,-849.3138398556853,-849.3138398556853,-300.0,0,0,0
2026-01-11 12:45:00,ZONE_B,2016.589154796448,724.0381850350543,2.9302892922596584,1837.2034310661688,0.6561440825236318,0.0,200.0,0,0,0,197.4385521268,197.4385521268,2037.2034310661688,0.7275726539522032,0.0,-194.50826283454035,-194.50826283454035,-200.0,0,0,0
2026-01-11 13:00:00,ZONE_A,2830.671664207005,1433.8205822540822,8.920987235710527,2660.906826157356,0.760259093187816,0.0,300.0,0,0,0,866.3271196196499,866.3271196196499,2960.906826157356,0.8459733789021018,0.0,-857.4061323839394,-857.4061323839394,-300.0,0,0,0
2026-01-11 13:15:00,ZONE_A,2648.7066449700665,1470.51487230228,0.0,2529.6690919884545,0.722762597710987,0.0,300.0,0,0,0,1005.5843729656,1005.5843729656,2829.6690919884545,0.8084768834252727,0.0,-1005.5843729656,-1005.5843729656,-300.0,0,0,0
2026-01-11 13:15:00,ZONE_B,1907.7995200286416,875.3800176898465,24.254505389083302,1798.1960102596347,0.6422128608070123,0.0,200.0,0,0,0,394.86948896936497,394.86948896936497,1998.1960102596347,0.7136414322355839,0.0,-370.61498358028166,-370.61498358028166,-200.0,0,0,0
2026-01-11 13:30:00,ZONE_A,2843.620275730201,1502.490654254444,31.00693310496831,2687.223164601218,0.7677780470289194,0.0,300.0,0,0,0,1050.413085333565,1050.413085333565,2987.223164601218,0.8534923327432051,0.0,-1019.4061522285967,-1019.4061522285967,-300.0,0,0,0
2026-01-11 13:30:00,ZONE_B,2150.3596998295066,897.7111283784733,21.95780872030923,2000.749997783387,0.7145535706369239,0.0,200.0,0,0,0,413.3164336801001,413.3164336801001,2200.749997783387,0.7859821420654953,0.0,-391.35862495979086,-391.35862495979086,-199.99999999999977,0,0,0
2026-01-11 13:45:00,ZONE_A,2676.5823686812832,1470.1738588989035,36.05188287595206,2542.789018902924,0.7265111482579782,0.0,300.0,0,0,0,1053.22734075606,1053.22734075606,2842.789018902924,0.812225433972264,0.0,-1017.1754578801078,-1017.1754578801078,-300.0,0,0,0
2026-01-11 13:45:00,ZONE_B,1986.181526412372,892.9775898047592,0.0,1887.636877228353,0.6741560275815546,0.0,200.0,0,0,0,353.7256248727001,353.7256248727001,2087.636877228353,0.7455845990101261,0.0,-353.7256248727001,-353.7256248727001,-200.00000000000023,0,0,0
2026-01-11 14:00:00,ZONE_A,2639.5348813698965,1420.5891737490067,32.15079448234633,2499.399737533985,0.7141142107239957,0.0,300.0,0,0,0,963.40634975564,963.40634975564,2799.399737533985,0.7998284964382815,0.0,-931.2555552732937,-931.2555552732937,-300.0,0,0,0
2026-01-11 14:15:00,ZONE_A,2663.5694312212845,1359.7555092453963,16.902551562469625,2507.515591792837,0.7164330262265248,0.0,300.0,0,0,0,982.480869683442,982.480869683442,2807.515591792837,0.8021473119408106,0.0,-965.5783181209724,-965.5783181209724,-300.0,0,0,0
2026-01-11 14:15:00,ZONE_B,1901.7871606613987,791.0536643060374,0.0,1779.614875897607,0.6355767413920025,0.0,200.0,0,0,0,398.4332205972904,398.4332205972904,1979.614875897607,0.7070053128205739,0.0,-398.4332205972904,-398.4332205972904,-200.0,0,0,0
2026-01-11 14:30:00,ZONE_A,2686.438910878248,1298.9004245437482,12.606825903638764,2509.318704117712,0.7169482011764892,0.0,300.0,0,0,0,949.550846877,949.550846877,2809.318704117712,0.8026624868907749,0.0,-936.9440209733613,-936.9440209733613,-300.0,0,0,0
2026-01-11 14:45:00,ZONE_A,2669.266710494924,1275.5099344452665,27.83196158559645,2486.177921031689,0.7103365488661969,0.0,300.0,0,0,0,865.6804982031999,865.6804982031999,2786.177921031689,0.7960508345804825,0.0,-837.8485366176035,-837.8485366176035,-300.0,0,0,0
2026-01-11 14:45:00,ZONE_B,1972.5380368535973,788.721160133259,16.949228456361197,1844.3485526775048,0.6586959116705374,0.0,200.0,0,0,0,431.148158199,431.148158199,2044.3485526775048,0.7301244830991088,0.0,-414.1989297426388,-414.1989297426388,-200.0,0,0,0
2026-01-11 15:00:00,ZONE_A,2692.537290922185,1212.213367562728,7.725420499251868,2484.5342052827104,0.7098669157950601,0.0,300.0,0,0,0,847.0322968285941,847.0322968285941,2784.5342052827104,0.7955812015093459,0.0,-839.3068763293422,-839.3068763293422,-300.0,0,0,0
2026-01-11 15:15:00,ZONE_A,2665.481532802029,1183.2389385538509,33.0250818537595,2453.264713179019,0.7009327751940054,0.0,300.0,0,0,0,787.5018542160501,787.5018542160501,2753.264713179019,0.7866470609082912,0.0,-754.4767723622906,-754.4767723622906,-300.0,0,0,0
2026-01-11 15:30:00,ZONE_A,2666.59669845292,1120.9890741349147,0.0,2441.2534027203046,0.6975009722058013,0.0,300.0,0,0,0,636.6731717284199,636.6731717284199,2741.2534027203046,0.7832152579200871,0.0,-636.6731717284199,-636.6731717284199,-300.0,0,0,0
2026-01-11 15:30:00,ZONE_B,1921.9079351195328,671.8802368123876,12.82842633512189,1775.6150018468757,0.6341482149453127,0.0,200.0,0,0,0,204.0676680656,204.0676680656,1975.6150018468757,0.7055767863738842,0.0,-191.2392417304781,-191.2392417304781,-200.0,0,0,0
2026-01-11 15:45:00,ZONE_A,2728.071384433112,1085.727545263881,18.772710660614397,2477.167121642573,0.7077620347550209,0.0,300.0,0,0,0,557.564340657024,557.564340657024,2777.167121642573,0.7934763204693066,0.0,-538.7916299964096,-538.7916299964096,-300.0,0,0,0
2026-01-11 16:00:00,ZONE_A,2847.9295477255564,1026.0142899223174,12.036478551408209,2556.373088165433,0.7303923109044094,0.0,300.0,0,0,0,590.5660489035881,590.5660489035881,2856.373088165433,0.8161065966186951,0.0,-578.5295703521799,-578.5295703521799,-300.0,0,0,0
2026-01-11 16:15:00,ZONE_A,2806.802798801207,1003.2578864863168,11.838187601260644,2513.216092188084,0.7180617406251669,0.0,300.0,0,0,0,422.648065570956,422.648065570956,2813.216092188084,0.8037760263394526,0.0,-410.8098779696954,-410.8098779696953,-300.0,0,0,0
2026-01-11 16:30:00,ZONE_A,2785.593083345924,927.6667430399572,8.832069913423652,2477.827368798583,0.7079506767995951,0.0,300.0,0,0,0,156.61994540367,156.61994540367,2777.827368798583,0.7936649625138809,0.0,-147.78787549024634,-147.78787549024628,-300.0,0,0,0
2026-01-11 16:45:00,ZONE_A,2817.813045368977,894.2550913487025,0.3814111120573216,2493.354537087477,0.7123870105964221,0.0,300.0,0,0,0,355.06612864987994,355.06612864987994,2793.354537087477,0.7981012963107078,0.0,-354.6847175378226,-354.6847175378226,-300.0,0,0,0
2026-01-11 17:00:00,ZONE_A,2775.1940338702466,850.6175962192806,23.394788101751143,2446.6674305772804,0.6990478373077944,0.0,300.0,0,0,0,357.246290277222,357.246290277222,2746.6674305772804,0.7847621230220801,0.0,-333.85150217547084,-333.85150217547084,-300.0,0,0,0
2026-01-11 17:15:00,ZONE_A,2813.7389458817524,784.2437583890762,0.0,2459.8796311196484,0.702822751748471,0.0,300.0,0,0,0,203.50382168432003,203.50382168432003,2759.8796311196484,0.7885370374627567,0.0,-203.50382168432003,-203.50382168431997,-300.0,0,0,0
2026-01-11 17:30:00,ZONE_A,2800.5619568064285,723.8518422828222,21.839708465229933,2432.560315912779,0.6950172331179368,0.0,300.0,0,0,0,150.417544376624,150.417544376624,2732.560315912779,0.7807315188322226,0.0,-128.57783591139406,-128.577835911394,-300.0,0,0,0
2026-01-11 18:15:00,ZONE_A,2766.9952156238296,604.0938772869566,7.012081593115113,2371.797695751369,0.6776564845003911,0.0,300.0,0,0,0,44.19314662346,44.19314662346,2671.797695751369,0.7633707702146768,0.0,-37.18106503034489,-37.18106503034494,-300.0,0,0,0
2026-01-11 18:45:00,ZONE_A,2792.663586641449,611.5339079579867,11.760236957761094,2392.329414989755,0.6835226899970729,0.0,300.0,0,0,0,131.58259200672006,131.58259200672006,2692.329414989755,0.7692369757113586,0.0,-119.82235504895897,-119.82235504895897,-300.0,0,0,0
2026-01-11 20:15:00,ZONE_A,2769.0921688560006,610.4900709046361,10.353889897368164,2373.505036671094,0.6781442961917411,0.0,300.0,0,0,0,98.637239690556,98.637239690556,2673.505036671094,0.7638585819060268,0.0,-88.28334979318784,-88.28334979318782,-300.0,0,0,0
2026-01-11 20:30:00,ZONE_A,2824.008558743613,616.5783913700753,12.138156773753169,2422.227096203068,0.692064884629448,0.0,300.0,0,0,0,116.23500904639997,116.23500904639997,2722.227096203068,0.7777791703437337,0.0,-104.0968522726468,-104.0968522726468,-300.0,0,0,0
2026-01-11 20:45:00,ZONE_A,2762.179711518268,602.9483920909487,0.0,2367.968900773386,0.6765625430781103,0.0,300.0,0,0,0,96.35107799984002,96.35107799984002,2667.968900773386,0.762276828792396,0.0,-96.35107799984002,-96.35107799984002,-300.0,0,0,0
2026-01-11 21:00:00,ZONE_A,2649.8548416592284,612.734214985999,19.124254303884754,2278.076166985562,0.6508789048530177,0.0,300.0,0,0,0,178.92740977917583,178.92740977917583,2578.076166985562,0.7365931905673034,0.0,-159.80315547529108,-159.80315547529108,-300.0,0,0,0
2026-01-11 21:45:00,ZONE_A,2645.232994318416,611.7305979110395,17.454918228470547,2274.4143147396826,0.649832661354195,0.0,300.0,0,0,0,123.53149497494496,123.53149497494496,2574.4143147396826,0.7355469470684808,0.0,-106.07657674647442,-106.07657674647442,-300.0,0,0,0
2026-01-11 22:30:00,ZONE_A,2503.071186827194,608.891825186229,14.67577147033819,2160.6724352241104,0.6173349814926029,0.0,300.0,0,0,0,170.395644104574,170.395644104574,2460.6724352241104,0.7030492672068887,0.0,-155.7198726342358,-155.7198726342358,-300.0,0,0,0
2026-01-11 23:00:00,ZONE_A,2408.6602946208086,605.3219780047233,0.2084202864105009,2085.180023932925,0.5957657211236929,0.0,300.0,0,0,0,201.56725830965,201.56725830965,2385.180023932925,0.6814800068379786,0.0,-201.35883802323949,-201.3588380232395,-300.0,0,0,0
2026-01-11 23:30:00,ZONE_A,2365.8486850038657,614.6693427766428,24.115624004292957,2050.864709295267,0.5859613455129334,0.0,300.0,0,0,0,142.13678501400102,142.13678501400102,2350.864709295267,0.6716756312272192,0.0,-118.02116100970807,-118.02116100970807,-300.0,0,0,0
2026-01-11 23:45:00,ZONE_A,2361.6980617150484,599.3330292744232,0.0,2047.564843033995,0.5850185265811414,0.0,300.0,0,0,0,151.53824509899005,151.53824509899005,2347.564843033995,0.6707328122954272,0.0,-151.53824509899005,-151.53824509899005,-300.0000000000002,0,0,0
2026-01-12 00:00:00,ZONE_A,2301.516204754332,598.6989330920233,0.0,1999.420561530119,0.571263017580034,0.0,300.0,0,0,0,109.40669213381524,109.40669213381524,2299.420561530119,0.6569773032943197,0.0,-109.40669213381524,-109.40669213381523,-300.0,0,0,0
2026-01-12 00:15:00,ZONE_A,2280.391246309045,608.6994425858026,4.63469096176766,1982.552506347092,0.5664435732420263,0.0,300.0,0,0,0,109.27287036088796,109.27287036088796,2282.5525063470923,0.6521578589563121,0.0,-104.6381793991203,-104.6381793991203,-300.0000000000002,0,0,0
2026-01-12 00:30:00,ZONE_A,2267.0418112748152,601.0990596484934,5.162303356513348,1971.855630871111,0.5633873231060318,0.0,300.0,0,0,0,69.16600533071204,69.16600533071204,2271.8556308711113,0.6491016088203175,0.0,-64.00370197419869,-64.00370197419863,-300.0000000000002,0,0,0
2026-01-12 01:00:00,ZONE_A,2250.894943126553,600.4903811746302,0.0,1958.9114136429887,0.5596889753265682,0.0,300.0,0,0,0,96.2585496891,96.2585496891,2258.911413642989,0.645403261040854,0.0,-96.2585496891,-96.2585496891,-300.0000000000002,0,0,0
2026-01-12 01:30:00,ZONE_A,2280.224164767687,605.1775569775915,3.720737915485529,1982.3626022441867,0.5663893149269105,0.0,300.0,0,0,0,32.42439589144499,32.42439589144499,2282.3626022441867,0.6521036006411962,0.0,-28.70365797595946,-28.70365797595946,-300.0,0,0,0
2026-01-12 02:15:00,ZONE_A,2341.7248749293144,607.7103914301498,0.0,2031.5728616629603,0.5804493890465601,0.0,300.0,0,0,0,22.029197750477977,22.029197750477977,2331.5728616629603,0.6661636747608458,0.0,-22.029197750477977,-22.02919775047792,-300.0,0,0,0
2026-01-12 02:30:00,ZONE_A,2327.7018913627385,606.1996688571274,17.876469518504678,2020.3554716910487,0.5772444204831568,0.0,300.0,0,0,0,163.40530696006397,163.40530696006397,2320.3554716910485,0.6629587061974425,0.0,-145.5288374415593,-145.5288374415593,-299.9999999999998,0,0,0
2026-01-12 02:45:00,ZONE_A,2296.682348674,596.1140026591538,0.0,1995.541631437713,0.5701547518393466,0.0,300.0,0,0,0,22.036255684219952,22.036255684219952,2295.541631437713,0.6558690375536322,0.0,-22.036255684219952,-22.036255684219896,-300.0,0,0,0
2026-01-12 03:00:00,ZONE_A,2297.9088951291737,603.1247169345497,0.0,1996.5469574044007,0.5704419878298288,0.0,300.0,0,0,0,96.84412478319996,96.84412478319996,2296.546957404401,0.6561562735441145,0.0,-96.84412478319996,-96.84412478319996,-300.0000000000002,0,0,0
2026-01-12 03:30:00,ZONE_A,2292.275605368613,610.6975247842616,22.551531334316,1992.0427883666111,0.5691550823904603,0.0,300.0,0,0,0,95.09993099136004,95.09993099136004,2292.042788366611,0.654869368104746,0.0,-72.54839965704404,-72.548399657044,-300.0,0,0,0
2026-01-12 03:45:00,ZONE_A,2300.393310938691,616.3436906434629,17.30059502381141,1998.5524574986475,0.5710149878567564,0.0,300.0,0,0,0,122.90819726805,122.90819726805,2298.5524574986475,0.6567292735710422,0.0,-105.60760224423859,-105.60760224423859,-300.0,0,0,0
2026-01-12 04:00:00,ZONE_A,2277.950583181097,593.3732789876397,0.0,1980.597707077373,0.5658850591649637,0.0,300.0,0,0,0,4.432223537039988,4.432223537039988,2280.597707077373,0.6515993448792494,0.0,-4.432223537039988,-4.432223537040045,-300.0,0,0,0
2026-01-12 04:15:00,ZONE_A,2262.83281638358,596.5964648826324,8.427235858243762,1968.450230455666,0.5624143515587617,0.0,300.0,0,0,0,97.17576926200002,97.17576926200002,2268.4502304556663,0.6481286372730475,0.0,-88.74853340375626,-88.74853340375626,-300.0000000000002,0,0,0
2026-01-12 04:30:00,ZONE_A,2304.1733343076585,614.726602676736,15.850352660057638,2001.5977045430525,0.5718850584408721,0.0,300.0,0,0,0,113.22768692205,113.22768692205,2301.5977045430527,0.657599344155158,0.0,-97.37733426199236,-97.37733426199236,-300.0000000000002,0,0,0
2026-01-12 05:00:00,ZONE_A,2271.12988084904,615.0332730098737,14.327298009999936,1975.0921774236188,0.5643120506924625,0.0,300.0,0,0,0,113.00323872989998,113.00323872989998,2275.0921774236185,0.6500263364067481,0.0,-98.67594071990004,-98.67594071990004,-299.9999999999998,0,0,0
2026-01-12 05:15:00,ZONE_A,2279.0086590173137,615.3291105817643,19.240514702910676,1981.4265412108696,0.5661218689173914,0.0,300.0,0,0,0,116.38966640960804,116.38966640960804,2281.42654121087,0.6518361546316771,0.0,-97.14915170669737,-97.14915170669735,-300.0000000000002,0,0,0
2026-01-12 05:30:00,ZONE_A,2316.2569291772297,617.0154658210282,23.371928169124544,2011.222997374174,0.5746351421069068,0.0,300.0,0,0,0,121.99748136926996,121.99748136926996,2311.222997374174,0.6603494278211927,0.0,-98.62555320014542,-98.62555320014542,-300.0000000000002,0,0,0
2026-01-12 05:45:00,ZONE_A,2280.056759868716,602.998631784646,0.0,1982.24704553594,0.5663562987245543,0.0,300.0,0,0,0,103.53913434779996,103.53913434779996,2282.24704553594,0.6520705844388399,0.0,-103.53913434779996,-103.53913434779997,-299.9999999999998,0,0,0
2026-01-12 06:15:00,ZONE_A,2593.22379310165,598.8070855641048,5.337674263436156,2232.803319828814,0.6379438056653755,0.0,300.0,0,0,0,179.70212822091997,179.70212822091997,2532.803319828814,0.7236580913796611,0.0,-174.36445395748382,-174.36445395748382,-300.0,0,0,0
2026-01-12 06:30:00,ZONE_A,2590.4699829953,595.6712717213184,0.0,2230.595407674036,0.6373129736211531,0.0,300.0,0,0,0,72.112700151036,72.112700151036,2530.595407674036,0.7230272593354388,0.0,-72.112700151036,-72.11270015103605,-300.0,0,0,0
2026-01-12 06:45:00,ZONE_A,2672.654968341272,605.0896859082247,14.527248798941969,2296.318758780241,0.6560910739372117,0.0,300.0,0,0,0,155.65833325028996,155.65833325028996,2596.318758780241,0.7418053596514974,0.0,-141.131084451348,-141.131084451348,-300.0,0,0,0
2026-01-12 07:00:00,ZONE_A,2668.1021689374816,606.9551963299738,3.835054870896784,2292.723077734028,0.6550637364954365,0.0,300.0,0,0,0,92.64128200559998,92.64128200559998,2592.723077734028,0.7407780222097222,0.0,-88.80622713470319,-88.80622713470314,-300.0,0,0,0
2026-01-12 07:15:00,ZONE_A,2729.876454577253,664.3960336886048,0.0,2360.68385608759,0.6744811017393114,0.0,300.0,0,0,0,41.20224370367998,41.20224370367998,2660.68385608759,0.7601953874535972,0.0,-41.20224370367998,-41.20224370367998,-300.0,0,0,0
2026-01-12 07:30:00,ZONE_A,2725.8065071297574,735.4487295600168,14.127092096962317,2375.5241706373945,0.6787211916106841,0.0,300.0,0,0,0,161.30447193327,161.30447193327,2675.5241706373945,0.7644354773249699,0.0,-147.1773798363077,-147.17737983630764,-300.0,0,0,0
2026-01-12 08:30:00,ZONE_A,2887.85120668544,736.4778657469151,10.295648067776938,2509.2521862396584,0.7169291960684738,0.0,300.0,0,0,0,346.5685856661863,346.5685856661863,2809.2521862396584,0.8026434817827596,0.0,-336.2729375984094,-336.2729375984094,-300.0,0,0,0
2026-01-12 08:45:00,ZONE_A,2873.374224158358,887.6228797071553,5.490096378904582,2543.226342843942,0.726636097955412,0.0,300.0,0,0,0,347.4764818155645,347.4764818155645,2843.226342843942,0.8123503836696977,0.0,-341.98638543665993,-341.98638543665993,-300.0,0,0,0
2026-01-12 09:00:00,ZONE_A,2932.3227156044672,1064.5214176495606,0.0,2638.585098386808,0.7538814566819452,0.0,300.0,0,0,0,445.910445444855,445.910445444855,2938.585098386808,0.8395957423962309,0.0,-445.910445444855,-445.910445444855,-300.0,0,0,0
2026-01-12 09:15:00,ZONE_A,2952.09486144078,1032.80954455215,0.0,2647.924344556717,0.7565498127304906,0.0,300.0,0,0,0,592.812889499604,592.812889499604,2947.924344556717,0.8422640984447763,0.0,-592.812889499604,-592.812889499604,-300.0,0,0,0
2026-01-12 09:30:00,ZONE_A,3003.830564911163,1235.269293297141,16.56556410213102,2739.454230105712,0.7827012086016321,0.0,300.0,0,0,0,650.57183731185,650.57183731185,3039.454230105712,0.8684154943159178,0.0,-634.006273209719,-634.006273209719,-300.0,0,0,0
2026-01-12 09:45:00,ZONE_A,3022.929374815111,1238.32409330985,13.16201744776481,2753.3956698878023,0.7866844771108007,0.0,300.0,0,0,0,703.946586711012,703.946586711012,3053.3956698878023,0.8723987628250864,0.0,-690.7845692632471,-690.7845692632471,-300.0,0,0,0
2026-01-12 10:00:00,ZONE_A,2664.585685519666,1273.001818032423,4.515153446882096,2481.812248482691,0.7090892138521974,0.0,300.0,0,0,0,426.65923191505,426.65923191505,2781.812248482691,0.7948034995664831,0.0,-422.1440784681679,-422.1440784681679,-300.0,0,0,0
2026-01-12 10:00:00,ZONE_B,1955.0714498092937,619.2877728024721,0.0,1754.7258346178678,0.6266877980778099,0.0,200.0,0,0,0,153.01102755174998,153.01102755174998,1954.7258346178678,0.6981163695063813,0.0,-153.01102755174998,-153.01102755174998,-200.0,0,0,0
2026-01-12 10:15:00,ZONE_A,2648.3572105719163,1335.288348479644,54.25640410575488,2479.502436230565,0.7084292674944471,0.0,300.0,0,0,0,691.99485373588,691.99485373588,2779.502436230565,0.7941435532087329,0.0,-637.7384496301252,-637.7384496301252,-300.0,0,0,0
2026-01-12 10:30:00,ZONE_A,2732.37683506309,1402.3224874241346,19.40511558993921,2564.0157043109384,0.732575915517411,0.0,300.0,0,0,0,968.2557418143352,968.2557418143352,2864.0157043109384,0.8182902012316967,0.0,-948.850626224396,-948.850626224396,-300.0,0,0,0
2026-01-12 10:30:00,ZONE_B,2064.687227632736,710.4091445248913,11.03205816580794,1866.3546033622256,0.6665552154865091,0.0,200.0,0,0,0,360.91215358486,360.91215358486,2066.3546033622256,0.7379837869150806,0.0,-349.88009541905205,-349.88009541905205,-200.0,0,0,0
2026-01-12 10:45:00,ZONE_A,2680.741733385303,1391.5793113723769,19.20503128957989,2524.950498603809,0.7214144281725169,0.0,300.0,0,0,0,970.4893308269698,970.4893308269698,2824.950498603809,0.8071287138868026,0.0,-951.2842995373899,-951.2842995373899,-300.0,0,0,0
2026-01-12 10:45:00,ZONE_B,2009.146780397304,721.9893394640474,0.0,1828.828902265456,0.65315317938052,0.0,200.0,0,0,0,224.4633745681,224.4633745681,2028.828902265456,0.7245817508090915,0.0,-224.4633745681,-224.4633745681,-200.0,0,0,0
2026-01-12 11:00:00,ZONE_A,2738.330676193292,1457.191090606458,55.06899530275541,2585.7103614069256,0.7387743889734073,0.0,300.0,0,0,0,937.64165966196,937.64165966196,2885.7103614069256,0.824488674687693,0.0,-882.5726643592046,-882.5726643592046,-300.0,0,0,0
2026-01-12 11:15:00,ZONE_A,2657.652228823445,1311.9452334060009,0.0,2493.20222414102,0.71234349261172,0.0,300.0,0,0,0,825.027047500206,825.027047500206,2793.20222414102,0.7980577783260057,0.0,-825.027047500206,-825.027047500206,-300.0,0,0,0
2026-01-12 11:30:00,ZONE_A,2892.062683826616,1109.432538731765,19.56848511288149,2623.4837017068203,0.7495667719162343,0.0,300.0,0,0,0,797.48742458936,797.48742458936,2923.4837017068203,0.8352810576305201,0.0,-777.9189394764785,-777.9189394764785,-300.0,0,0,0
2026-01-12 11:45:00,ZONE_A,2642.9244053921725,1159.395805431332,23.407447013872343,2433.363437107021,0.6952466963162918,0.0,300.0,0,0,0,818.0797642982241,818.0797642982241,2733.363437107021,0.7809609820305775,0.0,-794.6723172843517,-794.6723172843517,-300.0,0,0,0
2026-01-12 11:45:00,ZONE_B,1940.0240763130537,632.2858105223692,6.566129596766814,1732.5378291252164,0.618763510401863,0.0,200.0,0,0,0,163.67108611679993,163.67108611679993,1932.5378291252164,0.6901920818304345,0.0,-157.1049565200331,-157.1049565200331,-200.0,0,0,0
2026-01-12 12:00:00,ZONE_A,2763.731734121917,1206.5274143322858,11.283381340517508,2543.819110561966,0.7268054601605618,0.0,300.0,0,0,0,860.813653691906,860.813653691906,2843.819110561966,0.8125197458748475,0.0,-849.5302723513885,-849.5302723513885,-300.0,0,0,0
2026-01-12 12:15:00,ZONE_A,2623.1146099978705,1249.5511499825598,10.999552897361356,2442.0058264530035,0.6977159504151439,0.0,300.0,0,0,0,868.85336244534,868.85336244534,2742.0058264530035,0.7834302361294295,0.0,-857.8538095479787,-857.8538095479787,-300.0,0,0,0
2026-01-12 12:15:00,ZONE_B,1899.691181810126,636.1409372070128,0.0,1709.037961869446,0.6103707006676593,0.0,200.0,0,0,0,245.9425820503,245.9425820503,1909.037961869446,0.6817992720962307,0.0,-245.9425820503,-245.94258205029996,-200.0,0,0,0
2026-01-12 12:30:00,ZONE_A,2748.2402182913656,1171.937599099651,6.470410414562139,2525.5160977744067,0.7215760279355448,0.0,300.0,0,0,0,627.7403818723,627.7403818723,2825.5160977744067,0.8072903136498305,0.0,-621.2699714577378,-621.2699714577378,-300.0,0,0,0
2026-01-12 12:30:00,ZONE_B,2043.983446498231,613.6190562896022,4.98606451019225,1814.2395105466385,0.6479426823380852,0.0,200.0,0,0,0,171.94531043031998,171.94531043031998,2014.2395105466385,0.7193712537666566,0.0,-166.95924592012773,-166.95924592012773,-200.0,0,0,0
2026-01-12 12:45:00,ZONE_A,2685.795988245284,1115.4594484243062,20.225630518062644,2458.928054088854,0.7025508725968154,0.0,300.0,0,0,0,759.409399293,759.409399293,2758.928054088854,0.7882651583111011,0.0,-739.1837687749373,-739.1837687749373,-300.0,0,0,0
2026-01-12 13:00:00,ZONE_A,2680.4292013702075,1076.0887745640116,6.698435561974748,2443.758540783778,0.6982167259382223,0.0,300.0,0,0,0,739.52866788397,739.52866788397,2743.758540783778,0.7839310116525079,0.0,-732.8302323219953,-732.8302323219953,-300.0,0,0,0
2026-01-12 13:15:00,ZONE_A,2854.930073524548,1191.1308826458471,13.918985494280378,2614.508010756362,0.747002288787532,0.0,300.0,0,0,0,821.1378509630001,821.1378509630001,2914.508010756362,0.8327165745018178,0.0,-807.2188654687197,-807.2188654687197,-300.0,0,0,0
2026-01-12 13:15:00,ZONE_B,2220.0773787845915,650.8455669858099,0.0,1961.78741873598,0.7006383638342786,0.0,200.0,0,0,0,166.66835035667202,166.66835035667202,2161.7874187359803,0.7720669352628501,0.0,-166.66835035667202,-166.66835035667202,-200.00000000000023,0,0,0
2026-01-12 13:30:00,ZONE_A,2682.3178866974613,1138.1585139319186,0.0,2461.266930991417,0.7032191231404049,0.0,300.0,0,0,0,736.7755817402171,736.7755817402171,2761.266930991417,0.7889334088546907,0.0,-736.7755817402171,-736.7755817402171,-300.0,0,0,0
2026-01-12 13:30:00,ZONE_B,2000.255677946092,633.9691629612684,0.0,1778.716295994581,0.6352558199980647,0.0,200.0,0,0,0,205.541843173,205.541843173,1978.716295994581,0.7066843914266361,0.0,-205.541843173,-205.54184317299996,-200.0,0,0,0
2026-01-12 13:45:00,ZONE_A,2716.587493384125,1103.045211512492,15.25977445179933,2479.7330492011506,0.7084951569146145,0.0,300.0,0,0,0,728.237343650804,728.237343650804,2779.7330492011506,0.7942094426289001,0.0,-712.9775691990046,-712.9775691990046,-300.0,0,0,0
2026-01-12 13:45:00,ZONE_B,1983.8953609485768,598.641319825661,0.2869009975049721,1758.905005023882,0.6281803589371008,0.0,200.0,0,0,0,160.34349700485,160.34349700485,1958.905005023882,0.6996089303656722,0.0,-160.05659600734504,-160.05659600734504,-200.0,0,0,0
2026-01-12 14:00:00,ZONE_A,2717.7022097691024,1047.6048755641482,5.708956890625586,2464.583585577568,0.7041667387364481,0.0,300.0,0,0,0,646.801490965829,646.801490965829,2764.583585577568,0.7898810244507337,0.0,-641.0925340752034,-641.0925340752034,-300.0,0,0,0
2026-01-12 14:00:00,ZONE_B,2063.652331942977,591.5212262554132,0.0,1817.8478644740003,0.6492313801692858,0.0,200.0,0,0,0,198.051701901672,198.051701901672,2017.8478644740003,0.7206599515978572,0.0,-198.051701901672,-198.051701901672,-200.0,0,0,0
2026-01-12 14:15:00,ZONE_A,2679.707264062365,1045.02883564472,0.0,2438.3699820264114,0.6966771377218318,0.0,300.0,0,0,0,699.593587823992,699.593587823992,2738.3699820264114,0.7823914234361176,0.0,-699.593587823992,-699.593587823992,-300.0,0,0,0
2026-01-12 14:15:00,ZONE_B,1989.1636708629176,600.1444691945535,8.371222433602611,1759.302736070334,0.628322405739405,0.0,200.0,0,0,0,216.068170138612,216.068170138612,1959.302736070334,0.6997509771679764,0.0,-207.6969477050094,-207.6969477050094,-200.0,0,0,0
2026-01-12 14:30:00,ZONE_A,2694.913365269232,1039.2222969140264,10.818239471855575,2445.724685504073,0.6987784815725923,0.0,300.0,0,0,0,699.621305510139,699.621305510139,2745.724685504073,0.784492767286878,0.0,-688.8030660382834,-688.8030660382834,-300.0,0,0,0
2026-01-12 14:30:00,ZONE_B,1926.929000257248,603.1309522086981,0.0,1708.679919347099,0.6102428283382496,0.0,200.0,0,0,0,173.33976451057998,173.33976451057998,1908.679919347099,0.6816713997668211,0.0,-173.33976451057998,-173.33976451057998,-200.0,0,0,0
2026-01-12 14:45:00,ZONE_A,2700.935295177196,1097.7918408151236,0.0,2468.906158258362,0.7054017595023893,0.0,300.0,0,0,0,601.261888354335,601.261888354335,2768.906158258362,0.7911160452166749,0.0,-601.261888354335,-601.261888354335,-300.0,0,0,0
2026-01-12 14:45:00,ZONE_B,1943.3757817802605,605.135425372682,12.42576738345781,1728.4657570622528,0.6173091989508046,0.0,200.0,0,0,0,284.1559070793501,284.1559070793501,1928.4657570622528,0.688737770379376,0.0,-271.73013969589226,-271.73013969589226,-200.0,0,0,0
2026-01-12 15:00:00,ZONE_A,2861.2295643077528,1129.951237612253,23.699298735833736,2595.9991373798607,0.7417140392513888,0.0,300.0,0,0,0,669.4437450618901,669.4437450618901,2895.9991373798607,0.8274283249656745,0.0,-645.7444463260564,-645.7444463260564,-300.0,0,0,0
2026-01-12 15:15:00,ZONE_A,2651.705753888617,1065.2939909950037,27.02690738764113,2413.9420242319134,0.6896977212091181,0.0,300.0,0,0,0,552.2148802663501,552.2148802663501,2713.9420242319134,0.7754120069234038,0.0,-525.1879728787089,-525.1879728787089,-300.0,0,0,0
2026-01-12 15:15:00,ZONE_B,1907.72818066094,550.9211235870537,4.770373637552552,1688.0547314287276,0.6028766897959741,0.0,200.0,0,0,0,117.947702608315,117.947702608315,1888.0547314287276,0.6743052612245456,0.0,-113.17732897076245,-113.17732897076246,-200.0,0,0,0
2026-01-12 15:30:00,ZONE_A,2672.06793161052,996.1326136243944,17.293711337833884,2415.6167212194305,0.6901762060626945,0.0,300.0,0,0,0,592.2456120855741,592.2456120855741,2715.6167212194305,0.7758904917769801,0.0,-574.9519007477402,-574.9519007477402,-300.0,0,0,0
2026-01-12 15:45:00,ZONE_A,2679.543655640673,948.2328874033868,9.800044608078338,2404.5249835107265,0.6870071381459218,0.0,300.0,0,0,0,509.35497957942994,509.35497957942994,2704.5249835107265,0.7727214238602076,0.0,-499.5549349713516,-499.5549349713516,-300.0,0,0,0
2026-01-12 16:00:00,ZONE_A,2797.023681599456,787.2451965798201,5.20003224544314,2455.031000133941,0.7014374286096974,0.0,300.0,0,0,0,351.97462606068973,351.97462606068973,2755.031000133941,0.7871517143239831,0.0,-346.7745938152466,-346.7745938152466,-300.0,0,0,0
2026-01-12 16:15:00,ZONE_A,2816.8769206482057,678.9074033576888,15.641204629065667,2441.0763045712715,0.697450372734649,0.0,300.0,0,0,0,375.6747637436801,375.6747637436801,2741.0763045712715,0.7831646584489347,0.0,-360.03355911461443,-360.03355911461443,-300.0,0,0,0
2026-01-12 16:30:00,ZONE_A,2806.824234330847,630.6760075849745,7.335141900825647,2421.9785796770348,0.6919938799077242,0.0,300.0,0,0,0,145.10927582897597,145.10927582897597,2721.9785796770348,0.77770816562201,0.0,-137.77413392815032,-137.77413392815032,-300.0,0,0,0
2026-01-12 16:45:00,ZONE_A,2807.518108117325,598.9276550257641,7.437671961836827,2410.7886595999685,0.6887967598857053,0.0,300.0,0,0,0,147.453732181126,147.453732181126,2710.7886595999685,0.774511045599991,0.0,-140.01606021928916,-140.01606021928916,-300.0,0,0,0
2026-01-12 17:00:00,ZONE_A,2826.119363032527,526.7091317732034,2.4489777548765232,2424.9631556325094,0.6928466158950026,0.0,300.0,0,0,0,101.27034320401076,101.27034320401076,2724.9631556325094,0.7785609016092884,0.0,-98.82136544913423,-98.82136544913425,-300.0,0,0,0
2026-01-12 17:15:00,ZONE_A,2813.6059117043205,453.5855527737523,3.7542155484807154,2412.5802993733782,0.6893086569638224,0.0,300.0,0,0,0,12.01875964290599,12.01875964290599,2712.5802993733782,0.7750229426781081,0.0,-8.264544094425275,-8.264544094425275,-300.0,0,0,0
2026-01-13 08:30:00,ZONE_A,2876.878869885766,426.4527273224543,0.0,2476.182592230224,0.7074807406372069,0.0,300.0,0,0,0,18.91355509583002,18.91355509583002,2776.182592230224,0.7931950263514926,0.0,-18.91355509583002,-18.91355509583002,-300.0,0,0,0
2026-01-13 08:45:00,ZONE_A,2917.9554908914765,473.13649650711767,11.78688579739702,2517.2138199961246,0.7192039485703213,0.0,300.0,0,0,0,83.14670769567749,83.14670769567749,2817.2138199961246,0.8049182342846071,0.0,-71.35982189828047,-71.35982189828047,-300.0,0,0,0
2026-01-13 09:00:00,ZONE_A,2935.7432143304195,545.6922729753747,6.3008818145980285,2534.896540969477,0.7242561545627078,0.0,300.0,0,0,0,146.84613975799607,146.84613975799607,2834.896540969477,0.8099704402769934,0.0,-140.54525794339804,-140.54525794339804,-300.0,0,0,0
2026-01-13 09:15:00,ZONE_A,2935.744405347092,574.2917642746535,10.321000796121323,2534.845516399781,0.7242415761142231,0.0,300.0,0,0,0,168.94058192003104,168.94058192003104,2834.845516399781,0.8099558618285089,0.0,-158.6195811239097,-158.6195811239097,-300.0,0,0,0
2026-01-13 09:15:00,ZONE_B,2132.109396496259,415.63621536535993,0.0,1831.474269926732,0.6540979535452615,0.0,200.0,0,0,0,27.343870059500773,27.343870059500773,2031.474269926732,0.7255265249738329,0.0,-27.343870059500773,-27.343870059500773,-200.0,0,0,0
2026-01-13 09:30:00,ZONE_A,2980.694730124726,641.9894880477406,12.576185890741044,2579.684604288997,0.7370527440825706,0.0,300.0,0,0,0,266.1505046448,266.1505046448,2879.684604288997,0.8227670297968562,0.0,-253.57431875405894,-253.57431875405894,-300.0,0,0,0
2026-01-13 09:30:00,ZONE_B,2235.185277669254,484.5678132948556,21.53150866770005,1934.4854400977304,0.6908876571777608,0.0,200.0,0,0,0,114.08567400028,114.08567400028,2134.48544009773,0.7623162286063322,0.0,-92.55416533257994,-92.55416533257994,-199.99999999999977,0,0,0
2026-01-13 09:45:00,ZONE_A,3037.7709024971314,670.056358291898,8.793772046658887,2636.7461219641086,0.7533560348468882,0.0,300.0,0,0,0,279.92228543375995,279.92228543375995,2936.7461219641086,0.8390703205611739,0.0,-271.12851338710107,-271.12851338710107,-300.0,0,0,0
2026-01-13 09:45:00,ZONE_B,2191.38856562184,504.6525901979083,0.0,1890.642513659633,0.6752294691641547,0.0,200.0,0,0,0,140.259298331485,140.259298331485,2090.642513659633,0.7466580405927261,0.0,-140.259298331485,-140.259298331485,-200.0,0,0,0
2026-01-13 10:00:00,ZONE_A,2672.6793424011084,750.8624613778417,0.0,2353.4075555351737,0.6724021587243354,0.0,300.0,0,0,0,348.9555798460799,348.9555798460799,2653.4075555351737,0.758116444438621,0.0,-348.9555798460799,-348.9555798460799,-300.0,0,0,0
2026-01-13 10:15:00,ZONE_A,2683.6971728280137,798.7518188930368,0.0,2378.5642568545936,0.679589787672741,0.0,300.0,0,0,0,401.2167995015261,401.2167995015261,2678.5642568545936,0.7653040733870268,0.0,-401.2167995015261,-401.2167995015261,-300.0,0,0,0
2026-01-13 10:15:00,ZONE_B,1998.2443767520224,608.0649623585451,23.90940089380604,1751.5021676305707,0.6255364884394895,0.0,200.0,0,0,0,277.3916402628104,277.3916402628104,1951.5021676305707,0.696965059868061,0.0,-253.4822393690044,-253.4822393690044,-200.0,0,0,0
2026-01-13 10:30:00,ZONE_A,2722.1982721534173,885.1342841057452,14.494039909823073,2434.9557306267207,0.6957016373219201,0.0,300.0,0,0,0,473.9616278687819,473.9616278687819,2734.9557306267207,0.7814159230362059,0.0,-459.4675879589588,-459.4675879589588,-300.0,0,0,0
2026-01-13 10:30:00,ZONE_B,1904.0851319300407,673.128202257394,14.281929515218394,1692.0186622620586,0.6042923793793066,0.0,200.0,0,0,0,284.253439741576,284.253439741576,1892.0186622620586,0.6757209508078781,0.0,-269.9715102263576,-269.9715102263576,-200.0,0,0,0
2026-01-13 10:45:00,ZONE_A,2717.1038863807166,931.2173377915948,0.0,2440.030684935889,0.6971516242673969,0.0,300.0,0,0,0,484.20859155432,484.20859155432,2740.030684935889,0.7828659099816826,0.0,-484.20859155432,-484.20859155432,-300.0,0,0,0
2026-01-13 10:45:00,ZONE_B,2065.0831861596303,672.5132647035637,0.0,1825.8706512382528,0.6520966611565189,0.0,200.0,0,0,0,214.0693856453701,214.0693856453701,2025.8706512382528,0.7235252325850903,0.0,-214.0693856453701,-214.06938564537006,-200.0,0,0,0
2026-01-13 11:00:00,ZONE_A,2678.022182694407,986.6658005289,31.09168776579429,2421.939012676955,0.6919825750505586,0.0,300.0,0,0,0,585.2311602370801,585.2311602370801,2721.939012676955,0.7776968607648442,0.0,-554.1394724712858,-554.1394724712858,-300.0,0,0,0
2026-01-13 11:15:00,ZONE_A,2714.986680565092,951.5671763570068,12.07936569593528,2446.5664386840035,0.6990189824811439,0.0,300.0,0,0,0,577.3895986330101,577.3895986330101,2746.5664386840035,0.7847332681954295,0.0,-565.3102329370748,-565.3102329370748,-300.0,0,0,0
2026-01-13 11:15:00,ZONE_B,2043.1016043769807,690.8308409270949,10.91226370708273,1810.408253527204,0.6465743762597157,0.0,200.0,0,0,0,224.25158469830492,224.25158469830492,2010.408253527204,0.7180029476882871,0.0,-213.3393209912222,-213.33932099122217,-200.0,0,0,0
2026-01-13 11:30:00,ZONE_A,2700.7782494438875,875.0990379465761,27.842941632102,2410.2503636649794,0.688642961047137,0.0,300.0,0,0,0,488.653217436,488.653217436,2710.2503636649794,0.7743572467614227,0.0,-460.810275803898,-460.810275803898,-300.0,0,0,0
2026-01-13 11:45:00,ZONE_A,2814.5164837255725,853.2209221499064,0.0,2497.983180111646,0.7137094800318989,0.0,300.0,0,0,0,510.40880890035487,510.40880890035487,2797.983180111646,0.7994237657461846,0.0,-510.40880890035487,-510.40880890035487,-300.0,0,0,0
2026-01-13 11:45:00,ZONE_B,2113.7073495740274,616.650713962495,0.0,1851.56243167965,0.6612722970284465,0.0,200.0,0,0,0,168.13027218240006,168.13027218240006,2051.56243167965,0.732700868457018,0.0,-168.13027218240006,-168.13027218240006,-200.00000000000023,0,0,0
2026-01-13 12:00:00,ZONE_A,2700.2185992231334,829.4556732826563,24.58846134366456,2397.9568909786344,0.6851305402796098,0.0,300.0,0,0,0,478.6112874922642,478.6112874922642,2697.9568909786344,0.7708448259938956,0.0,-454.0228261485996,-454.0228261485996,-300.0,0,0,0
2026-01-13 12:00:00,ZONE_B,1988.829844713024,610.987572692592,9.733491590973928,1747.0266464294025,0.6239380880105009,0.0,200.0,0,0,0,132.91277108128156,132.91277108128156,1947.0266464294025,0.6953666594390723,0.0,-123.17927949030764,-123.17927949030764,-200.0,0,0,0
2026-01-13 12:15:00,ZONE_A,2700.364452224531,856.6551525370302,26.72433987762838,2401.8174484263686,0.6862335566932481,0.0,300.0,0,0,0,486.72055424864527,486.72055424864527,2701.8174484263686,0.7719478424075339,0.0,-459.9962143710169,-459.9962143710169,-300.0,0,0,0
2026-01-13 12:15:00,ZONE_B,1914.3917085788664,613.8247324461005,0.0,1688.6967894983604,0.6031059962494144,0.0,200.0,0,0,0,127.45379019308392,127.45379019308392,1888.6967894983604,0.6745345676779859,0.0,-127.45379019308392,-127.45379019308393,-200.0,0,0,0
2026-01-13 12:30:00,ZONE_A,2680.989106486699,831.0247108621812,18.54950957909307,2379.1432296112216,0.679755208460349,0.0,300.0,0,0,0,468.035279843045,468.035279843045,2679.1432296112216,0.7654694941746347,0.0,-449.4857702639519,-449.4857702639519,-300.0,0,0,0
2026-01-13 12:30:00,ZONE_B,1989.2068237052065,589.1689033006342,0.0,1744.373135541498,0.622990405550535,0.0,200.0,0,0,0,208.029480600082,208.029480600082,1944.373135541498,0.6944189769791064,0.0,-208.029480600082,-208.02948060008202,-200.0,0,0,0
2026-01-13 12:45:00,ZONE_A,2720.9794440472874,806.4340090196351,0.0,2410.9404630538183,0.688840132301091,0.0,300.0,0,0,0,458.5639223739438,458.5639223739438,2710.9404630538183,0.7745544180153767,0.0,-458.5639223739438,-458.5639223739438,-300.0,0,0,0
2026-01-13 13:00:00,ZONE_A,2671.179816843386,817.4980401620833,31.887490063363884,2367.733313264982,0.6764952323614234,0.0,300.0,0,0,0,427.3547542243121,427.3547542243121,2667.733313264982,0.7622095180757091,0.0,-395.4672641609482,-395.4672641609482,-300.0,0,0,0
2026-01-13 13:00:00,ZONE_B,2003.017627197968,601.339341763424,6.606138439967026,1754.3331330778,0.6265475475277857,0.0,200.0,0,0,0,264.00364572786253,264.00364572786253,1954.3331330778,0.6979761189563571,0.0,-257.3975072878955,-257.3975072878955,-200.0,0,0,0
2026-01-13 13:15:00,ZONE_A,2666.311130769201,767.4936564852059,6.103866000098606,2355.225654924642,0.6729216156927549,0.0,300.0,0,0,0,423.38359547343,423.38359547343,2655.225654924642,0.7586359014070406,0.0,-417.2797294733314,-417.2797294733314,-300.0,0,0,0
2026-01-13 13:15:00,ZONE_B,1989.7773211131791,562.8206544813296,0.0,1738.2169869588497,0.620791781056732,0.0,200.0,0,0,0,202.9171004938,202.9171004938,1938.2169869588497,0.6922203524853034,0.0,-202.9171004938,-202.91710049380004,-200.0,0,0,0
2026-01-13 13:30:00,ZONE_A,2692.3213743028614,796.8123025665244,20.530846890410885,2379.550592711788,0.6798715979176537,0.0,300.0,0,0,0,469.39507420945006,469.39507420945006,2679.550592711788,0.7655858836319394,0.0,-448.8642273190392,-448.8642273190392,-300.0,0,0,0
2026-01-13 13:30:00,ZONE_B,1940.988307279844,590.2536210139459,10.765856618768224,1701.354557301213,0.607626627607576,0.0,200.0,0,0,0,252.48034863849995,252.48034863849995,1901.354557301213,0.6790551990361475,0.0,-241.71449201973172,-241.71449201973172,-200.0,0,0,0
2026-01-13 13:45:00,ZONE_A,2679.9644636059056,784.3501167618596,9.917504429845168,2365.5204162456293,0.6758629760701799,0.0,300.0,0,0,0,386.187606527188,386.187606527188,2665.5204162456293,0.7615772617844655,0.0,-376.27010209734283,-376.27010209734283,-300.0,0,0,0
2026-01-13 14:00:00,ZONE_A,2697.1243511976727,760.2608885947523,21.274244502874808,2373.931710423088,0.6782662029780252,0.0,300.0,0,0,0,398.664311214167,398.664311214167,2673.931710423088,0.7639804886923109,0.0,-377.3900667112922,-377.3900667112922,-300.0,0,0,0
2026-01-13 14:15:00,ZONE_A,2796.382175930526,683.0340953855194,0.0,2433.9358433671464,0.6954102409620418,0.0,300.0,0,0,0,323.12956186785505,323.12956186785505,2733.9358433671464,0.7811245266763276,0.0,-323.12956186785505,-323.12956186785505,-300.0,0,0,0
2026-01-13 14:30:00,ZONE_A,2679.271646270482,703.4408277201488,0.0,2345.660531752115,0.670188723357747,0.0,300.0,0,0,0,355.8073828934281,355.8073828934281,2645.660531752115,0.7559030090720328,0.0,-355.8073828934281,-355.8073828934281,-300.0,0,0,0
2026-01-13 14:45:00,ZONE_A,2681.5903057677915,685.8224888239926,21.384009179909757,2337.41039425285,0.6678315412151,0.0,300.0,0,0,0,331.50720865605,331.50720865605,2637.41039425285,0.7535458269293858,0.0,-310.12319947614026,-310.12319947614026,-300.0,0,0,0
2026-01-13 14:45:00,ZONE_B,1885.766816148356,504.755352842213,17.495528192420693,1635.2771015489714,0.5840275362674898,0.0,200.0,0,0,0,172.4369257079905,172.4369257079905,1835.2771015489714,0.6554561076960612,0.0,-154.9413975155698,-154.9413975155698,-200.0,0,0,0
2026-01-13 15:00:00,ZONE_A,2644.989142374964,583.937364843395,14.832144809155125,2282.95801701398,0.6522737191468515,0.0,300.0,0,0,0,240.38709590302403,240.38709590302403,2582.95801701398,0.7379880048611372,0.0,-225.5549510938689,-225.5549510938689,-300.0,0,0,0
2026-01-13 15:15:00,ZONE_A,2628.441016043724,513.7147640653202,1.960744736788172,2248.0531305393006,0.6423008944398002,0.0,300.0,0,0,0,163.47097512230994,163.47097512230994,2548.0531305393006,0.7280151801540858,0.0,-161.51023038552177,-161.51023038552177,-300.0,0,0,0
2026-01-13 15:30:00,ZONE_A,2653.2609912396624,436.6612015917054,2.265901645300687,2252.576268145544,0.6435932194701555,0.0,300.0,0,0,0,72.05566303208798,72.05566303208798,2552.576268145544,0.7293075051844411,0.0,-69.78976138678729,-69.78976138678729,-300.0,0,0,0
2026-01-13 15:45:00,ZONE_A,2684.3528916201963,401.9630571090754,15.937926762649454,2283.73296182538,0.6524951319501086,0.0,300.0,0,0,0,62.18177998793999,62.18177998793999,2583.73296182538,0.7382094176643942,0.0,-46.243853225290536,-46.243853225290536,-300.0,0,0,0
2026-01-13 16:00:00,ZONE_A,2803.684560311362,360.5681853327991,13.12091983866634,2403.1431636941243,0.6866123324840355,0.0,300.0,0,0,0,22.17961443023597,22.17961443023597,2703.1431636941243,0.7723266181983213,0.0,-9.058694591569628,-9.058694591569633,-300.0,0,0,0
2026-01-13 16:15:00,ZONE_A,2807.663194788892,303.6385503858603,9.133324041142773,2407.206300230089,0.6877732286371683,0.0,258.49538394408,0,0,0,0.0,0.0,2665.701684174169,0.7616290526211911,0.0,9.133324041142773,9.133324041142771,-258.49538394408,0,0,0
2026-01-14 07:45:00,ZONE_A,2748.782370583359,535.2812665317524,12.457049156573705,2347.408859655814,0.6706882456159469,0.0,300.0,0,0,0,8.16437955089998,8.16437955089998,2647.408859655814,0.7564025313302326,0.0,4.292669605673725,4.292669605673723,-300.0,0,0,0
2026-01-14 08:30:00,ZONE_A,2854.5802964717745,458.19950499346055,0.0,2453.547713259586,0.7010136323598818,0.0,264.3789560747931,0,0,0,0.0,0.0,2717.9266693343793,0.7765504769526798,0.0,0.0,0.0,-264.3789560747932,0,0,0
2026-01-14 09:00:00,ZONE_A,2898.3601011679348,613.0577336397432,8.12753711133314,2497.016238627388,0.7134332110363966,0.0,300.0,0,0,0,120.42375391305605,120.42375391305605,2797.016238627388,0.7991474967506822,0.0,-112.2962168017229,-112.29621680172289,-300.0,0,0,0
2026-01-14 09:15:00,ZONE_A,2956.6318931442297,620.9399098235403,0.0,2555.282574037755,0.7300807354393585,0.0,300.0,0,0,0,85.004919362382,85.004919362382,2855.282574037755,0.8157950211536442,0.0,-85.004919362382,-85.004919362382,-300.0,0,0,0
2026-01-14 09:30:00,ZONE_A,2984.6731493311154,604.1649957897826,0.0,2583.422432541941,0.7381206950119831,0.0,300.0,0,0,0,13.216981748256046,13.216981748256046,2883.422432541941,0.8238349807262688,0.0,-13.216981748256046,-13.216981748256103,-300.0,0,0,0
2026-01-14 09:45:00,ZONE_A,3041.546622201221,621.545490071247,0.0,2640.2943970102065,0.7543698277172018,0.0,300.0,0,0,0,25.46773158832497,25.46773158832497,2940.2943970102065,0.8400841134314876,0.0,-25.46773158832497,-25.467731588325023,-300.0,0,0,0
2026-01-14 10:00:00,ZONE_A,2675.8789686841887,727.2215710485748,8.35654142323142,2344.3908811533074,0.6698259660438021,0.0,300.0,0,0,0,236.2300000680799,236.2300000680799,2644.3908811533074,0.7555402517580878,0.0,-227.87345864484848,-227.87345864484848,-300.0,0,0,0
2026-01-14 10:15:00,ZONE_A,2682.032730595078,835.6969036417665,0.0,2377.588710370047,0.6793110601057277,0.0,300.0,0,0,0,388.4450862734625,388.4450862734625,2677.588710370047,0.7650253458200135,0.0,-388.4450862734625,-388.4450862734625,-300.0,0,0,0
2026-01-14 10:15:00,ZONE_B,1923.218967894664,467.9288647034923,7.715571589578815,1670.276360969306,0.5965272717747522,0.0,200.0,0,0,0,93.870303868564,93.870303868564,1870.276360969306,0.6679558432033236,0.0,-86.15473227898518,-86.1547322789852,-200.0,0,0,0
2026-01-14 10:30:00,ZONE_A,2691.592475464045,768.0894976785507,11.079248505910982,2370.177259586819,0.6771935027390912,0.0,300.0,0,0,0,256.27470521646285,256.27470521646285,2670.177259586819,0.7629077884533769,0.0,-245.19545671055187,-245.19545671055187,-300.0,0,0,0
2026-01-14 10:30:00,ZONE_B,2006.2159641262613,445.93149814227695,0.0,1729.7583551780822,0.6177708411350293,0.0,200.0,0,0,0,127.36459199679996,127.36459199679996,1929.7583551780822,0.6891994125636007,0.0,-127.36459199679996,-127.36459199679996,-200.0,0,0,0
2026-01-14 10:45:00,ZONE_A,2909.635141787104,733.3220660129365,11.06380496389022,2533.1268918532187,0.7237505405294911,0.0,300.0,0,0,0,282.32031455844003,282.32031455844003,2833.1268918532187,0.8094648262437768,0.0,-271.2565095945498,-271.2565095945498,-300.0,0,0,0
2026-01-14 10:45:00,ZONE_B,2257.0979517630544,446.97672007273786,10.586911023424705,1956.3688632502776,0.6987031654465278,0.0,200.0,0,0,0,121.36972018588,121.36972018588,2156.3688632502776,0.7701317368750992,0.0,-110.7828091624553,-110.7828091624553,-200.0,0,0,0
2026-01-14 11:00:00,ZONE_A,2684.6444660664347,774.3755021349684,16.585151469388734,2361.2855471086104,0.6746530134596029,0.0,300.0,0,0,0,357.57355736964007,357.57355736964007,2661.2855471086104,0.7603672991738887,0.0,-340.98840590025134,-340.98840590025134,-300.0,0,0,0
2026-01-14 11:15:00,ZONE_A,2750.5294090935563,725.6508141892822,0.0,2404.477398128832,0.6869935423225235,0.0,300.0,0,0,0,305.21960045125,305.21960045125,2704.477398128832,0.7727078280368092,0.0,-305.21960045125,-305.21960045125,-300.0,0,0,0
2026-01-14 11:30:00,ZONE_A,2684.270843636068,741.9748617143472,4.491274112946599,2355.5148777720588,0.6730042507920168,0.0,300.0,0,0,0,444.5780645244661,444.5780645244661,2655.5148777720588,0.7587185365063025,0.0,-440.0867904115195,-440.0867904115195,-300.0,0,0,0
2026-01-14 11:45:00,ZONE_A,2653.478268005262,816.4352986504751,10.691929617142932,2353.3043895792725,0.672372682736935,0.0,300.0,0,0,0,451.393341863675,451.393341863675,2653.3043895792725,0.7580869684512207,0.0,-440.7014122465321,-440.7014122465321,-300.0,0,0,0
2026-01-14 11:45:00,ZONE_B,1953.082158783871,499.8723457884858,0.0,1699.1157973316394,0.6068270704755855,0.0,200.0,0,0,0,120.080175031294,120.080175031294,1899.1157973316394,0.678255641904157,0.0,-120.080175031294,-120.080175031294,-200.0,0,0,0
2026-01-14 12:00:00,ZONE_A,2761.012712994352,844.6217370887141,14.874264447531004,2447.2330341625066,0.6992094383321448,0.0,300.0,0,0,0,476.8831489279201,476.8831489279201,2747.2330341625066,0.7849237240464304,0.0,-462.0088844803891,-462.0088844803891,-300.0,0,0,0
2026-01-14 12:00:00,ZONE_B,2066.9236249000523,515.6246072091128,5.075909039461408,1794.1895515542806,0.6407819826979574,0.0,200.0,0,0,0,183.9079255033,183.9079255033,1994.1895515542806,0.7122105541265288,0.0,-178.83201646383858,-178.8320164638386,-200.0,0,0,0
2026-01-14 12:15:00,ZONE_A,2675.8773663236857,913.4314942366116,18.797925758668725,2395.6777528565744,0.6844793579590213,0.0,300.0,0,0,0,459.404398119255,459.404398119255,2695.6777528565744,0.770193643673307,0.0,-440.6064723605863,-440.6064723605863,-300.0,0,0,0
2026-01-14 12:15:00,ZONE_B,1958.4058464797447,542.1475387877521,0.9341642258808632,1714.780771310575,0.612421704039491,0.0,200.0,0,0,0,121.241612619519,121.241612619519,1914.780771310575,0.6838502754680624,0.0,-120.30744839363814,-120.30744839363814,-200.0,0,0,0
2026-01-14 12:30:00,ZONE_A,2735.854085104602,776.5345157970373,16.061230949280457,2404.4661328331963,0.6869903236666275,0.0,300.0,0,0,0,369.698515906182,369.698515906182,2704.4661328331963,0.7727046093809132,0.0,-353.63728495690157,-353.63728495690157,-300.0,0,0,0
2026-01-14 12:30:00,ZONE_B,2023.8815058981404,476.2698449268168,7.155868576652949,1746.347276561003,0.6236954559146439,0.0,200.0,0,0,0,93.80292431149296,93.80292431149296,1946.347276561003,0.6951240273432153,0.0,-86.64705573484001,-86.64705573484002,-200.0,0,0,0
2026-01-14 12:45:00,ZONE_A,2683.991414392038,654.8536554751563,14.857466106066568,2334.480416304857,0.6669944046585305,0.0,300.0,0,0,0,294.7663156389601,294.7663156389601,2634.480416304857,0.7527086903728163,0.0,-279.90884953289356,-279.90884953289356,-300.0,0,0,0
2026-01-14 12:45:00,ZONE_B,2007.809360222316,432.529778262376,3.872712618275443,1720.6661969259148,0.6145236417592553,0.0,200.0,0,0,0,42.55587519459999,42.55587519459999,1920.6661969259148,0.6859522131878267,0.0,-38.68316257632455,-38.68316257632455,-200.0,0,0,0
2026-01-14 13:00:00,ZONE_A,2663.602529120389,591.6934062600939,8.950179477913366,2297.5585043323863,0.6564452869521104,0.0,300.0,0,0,0,240.06270551857503,240.06270551857503,2597.5585043323863,0.7421595726663961,0.0,-231.11252604066166,-231.1125260406617,-300.0,0,0,0
2026-01-14 13:00:00,ZONE_B,1945.903548656337,392.30458076036126,11.977193732789772,1658.9637098539174,0.592487039233542,0.0,200.0,0,0,0,114.85141172812502,114.85141172812502,1858.9637098539174,0.6639156106621134,0.0,-102.87421799533524,-102.87421799533524,-200.0,0,0,0
2026-01-14 13:15:00,ZONE_A,2726.9006470435547,620.3508968203419,10.98566516239191,2355.771566404176,0.6730775904011932,0.0,300.0,0,0,0,292.59998909745,292.59998909745,2655.771566404176,0.7587918761154789,0.0,-281.6143239350581,-281.6143239350581,-300.0,0,0,0
2026-01-14 13:30:00,ZONE_A,2640.0425328890506,742.8907102049548,0.0,2320.42039900406,0.6629772568583029,0.0,300.0,0,0,0,312.83731517965,312.83731517965,2620.42039900406,0.7486915425725886,0.0,-312.83731517965,-312.83731517965,-300.0,0,0,0
2026-01-14 13:30:00,ZONE_B,1960.9169994232147,419.57206764526063,7.074214281917364,1685.6398915619866,0.6020142469864238,0.0,200.0,0,0,0,20.47729700325999,20.47729700325999,1885.6398915619866,0.6734428184149952,0.0,-13.403082721342628,-13.403082721342628,-200.0,0,0,0
2026-01-14 13:45:00,ZONE_A,2674.924020553632,879.7671840180166,15.829234562831177,2379.429947562372,0.6798371278749634,0.0,300.0,0,0,0,471.8381006645401,471.8381006645401,2679.429947562372,0.7655514135892492,0.0,-456.0088661017089,-456.0088661017089,-300.0,0,0,0
2026-01-14 14:00:00,ZONE_A,2705.84489247326,831.279431037138,0.0,2392.504848596637,0.6835728138847534,0.0,300.0,0,0,0,249.08057308302,249.08057308302,2692.504848596637,0.7692870995990392,0.0,-249.08057308302,-249.08057308302,-300.0,0,0,0
2026-01-14 14:15:00,ZONE_A,2672.5777768256817,723.3546946171209,4.829577300540905,2338.492427465713,0.6681406935616322,0.0,300.0,0,0,0,136.57947987973205,136.57947987973205,2638.492427465713,0.7538549792759179,0.0,-131.74990257919114,-131.74990257919114,-300.0,0,0,0
2026-01-14 14:30:00,ZONE_A,2648.048962579146,589.5098597020861,0.0,2284.926081867554,0.6528360233907297,0.0,300.0,0,0,0,144.33167121335998,144.33167121335998,2584.926081867554,0.7385503091050154,0.0,-144.33167121335998,-144.33167121335998,-300.0,0,0,0
2026-01-14 14:45:00,ZONE_A,2723.033075332297,561.9287651532555,10.004319450150888,2334.3573208109387,0.666959234517411,0.0,300.0,0,0,0,128.6785361955,128.6785361955,2634.3573208109387,0.7526735202316968,0.0,-118.6742167453491,-118.6742167453491,-300.0,0,0,0
2026-01-14 15:00:00,ZONE_A,2698.021090063067,481.354737981913,10.716540135317471,2297.1446610202643,0.6563270460057898,0.0,300.0,0,0,0,35.246755190515955,35.246755190515955,2597.1446610202643,0.7420413317200755,0.0,-24.530215055198482,-24.530215055198482,-300.0,0,0,0
2026-01-14 15:15:00,ZONE_A,2662.2512885633246,553.7629361406898,7.347173492737738,2285.5631016232574,0.6530180290352164,0.0,300.0,0,0,0,110.214640746636,110.214640746636,2585.5631016232574,0.7387323147495021,0.0,-102.86746725389825,-102.86746725389827,-300.0,0,0,0
2026-01-14 15:30:00,ZONE_A,2659.8189967281537,551.2675474612034,12.063987700797384,2278.1414107711416,0.6508975459346119,0.0,300.0,0,0,0,64.86212609743802,64.86212609743802,2578.1414107711416,0.7366118316488977,0.0,-52.79813839664064,-52.79813839664064,-300.0,0,0,0
2026-01-14 15:45:00,ZONE_A,2707.5814373468565,545.7049874064983,6.457229853113176,2316.4273293834785,0.661836379823851,0.0,300.0,0,0,0,35.44770639250396,35.44770639250396,2616.4273293834785,0.7475506655381368,0.0,-28.990476539390784,-28.990476539390784,-300.0,0,0,0
2026-01-14 16:00:00,ZONE_A,2776.3537284557965,493.0452174160981,6.564223880543182,2375.354717070301,0.6786727763058003,0.0,255.443113687278,0,0,0,0.0,0.0,2630.797830757579,0.751656523073594,0.0,6.564223880543182,6.564223880543182,-255.44311368727813,0,0,0
2026-01-14 22:15:00,ZONE_A,2499.076638641872,343.97537136026244,10.0667266877702,2098.06381339492,0.59944680382712,0.0,157.15107764026402,0,0,0,0.0,0.0,2255.2148910351843,0.6443471117243383,0.0,10.0667266877702,10.066726687770199,-157.15107764026425,0,0,0
2026-01-15 09:00:00,ZONE_A,2928.3791490280373,473.72637217663225,0.7303709533088636,2527.507043991677,0.7221448697119077,0.0,298.7397444018988,0,0,0,0.0,0.0,2826.246788393576,0.8074990823981646,0.0,0.7303709533088636,0.7303709533088636,-298.73974440189886,0,0,0
2026-01-15 09:15:00,ZONE_A,2991.0865225530315,538.7864211590031,0.6676287033942572,2590.100048654741,0.740028585329926,0.0,296.66592702864705,0,0,0,0.0,0.0,2886.765975683388,0.8247902787666823,0.0,0.6676287033942572,0.6676287033942572,-296.6659270286473,0,0,0
2026-01-15 09:30:00,ZONE_A,3159.4174074719576,624.3547530176025,3.806767176520907,2758.2174392603947,0.78806212550297,0.0,300.0,0,0,0,67.00311882640142,67.00311882640142,3058.2174392603947,0.8737764112172556,0.0,-63.19635164988051,-63.19635164988051,-300.0,0,0,0
2026-01-15 09:45:00,ZONE_A,3020.284643113779,706.7256903242832,13.014181377219302,2618.9300694204594,0.7482657341201313,0.0,300.0,0,0,0,154.79032441088992,154.79032441088992,2918.9300694204594,0.8339800198344169,0.0,-141.77614303367062,-141.77614303367056,-300.0,0,0,0
2026-01-15 09:45:00,ZONE_B,2170.509411077578,436.9000820441471,11.486265731683488,1869.8074664617543,0.667788380879198,0.0,200.0,0,0,0,98.08737622084004,98.08737622084004,2069.8074664617543,0.7392169523077694,0.0,-86.60111048915655,-86.60111048915655,-200.0,0,0,0
2026-01-15 10:00:00,ZONE_A,2698.995650004056,786.6135910935832,14.75610112909476,2375.689085062664,0.678768310017904,0.0,300.0,0,0,0,228.3644784988959,228.3644784988959,2675.689085062664,0.7644825957321898,0.0,-213.60837736980113,-213.60837736980113,-300.0,0,0,0
2026-01-15 10:00:00,ZONE_B,2038.68209917714,450.0980171868329,51.40122784112032,1756.584697516357,0.6273516776844132,0.0,200.0,0,0,0,139.871476874848,139.871476874848,1956.584697516357,0.6987802491129846,0.0,-88.4702490337277,-88.47024903372773,-200.0,0,0,0
2026-01-15 10:15:00,ZONE_A,2629.2770898752306,892.5467454656841,23.861662839520704,2350.247822869631,0.6714993779627517,0.0,300.0,0,0,0,399.08114386937245,399.08114386937245,2650.247822869631,0.7572136636770374,0.0,-375.21948102985175,-375.21948102985175,-300.0,0,0,0
2026-01-15 10:15:00,ZONE_B,2009.3529843747551,497.6116609475194,67.98432397589221,1746.608067502888,0.6237885955367457,0.0,200.0,0,0,0,100.052774111377,100.052774111377,1946.608067502888,0.6952171669653171,0.0,-32.068450135484795,-32.068450135484795,-200.0,0,0,0
2026-01-15 10:30:00,ZONE_A,2751.365871167732,922.6247696377568,29.9840857274678,2454.343697732465,0.70124105649499,0.0,300.0,0,0,0,438.9683016150216,438.9683016150216,2754.343697732465,0.7869553422092758,0.0,-408.9842158875538,-408.9842158875538,-300.0,0,0,0
2026-01-15 10:30:00,ZONE_B,2166.470432389536,493.8858223732605,49.188915821977616,1875.3558375041468,0.6697699419657668,0.0,200.0,0,0,0,156.53179767102097,156.53179767102097,2075.3558375041466,0.7411985133943381,0.0,-107.34288184904335,-107.34288184904335,-199.99999999999977,0,0,0
2026-01-15 10:45:00,ZONE_A,2837.420790553537,1013.24571194581,17.134051320501385,2549.3008515615,0.7283716718747143,0.0,300.0,0,0,0,543.9466543248609,543.9466543248609,2849.3008515615,0.814085957589,0.0,-526.8126030043595,-526.8126030043595,-300.0,0,0,0
2026-01-15 10:45:00,ZONE_B,2115.5763216816017,570.745636661735,63.12051012930255,1853.1686419400623,0.6618459435500222,0.0,200.0,0,0,0,214.5523084079,214.5523084079,2053.168641940062,0.7332745149785936,0.0,-151.43179827859746,-151.43179827859746,-199.99999999999977,0,0,0
2026-01-15 11:00:00,ZONE_A,2643.483617237473,894.7318617191181,13.307930281695349,2363.477891161164,0.6752793974746182,0.0,300.0,0,0,0,479.87464124668,479.87464124668,2663.477891161164,0.7609936831889039,0.0,-466.5667109649847,-466.5667109649847,-300.0,0,0,0
2026-01-15 11:00:00,ZONE_B,1993.0187361290327,545.5277708411134,73.41188905393602,1742.2955948779345,0.6222484267421194,0.0,200.0,0,0,0,116.79644481925608,116.79644481925608,1942.2955948779345,0.6936769981706908,0.0,-43.38455576532006,-43.384555765320044,-200.0,0,0,0
2026-01-15 11:15:00,ZONE_A,2643.092568752307,943.7429796469828,26.253892187446013,2376.409271165785,0.6789740774759385,0.0,300.0,0,0,0,500.277885765472,500.277885765472,2676.409271165785,0.7646883631902243,0.0,-474.02399357802597,-474.02399357802597,-300.0,0,0,0
2026-01-15 11:15:00,ZONE_B,1951.0933817147563,583.3544520179383,77.38681799359057,1717.8356945269456,0.6135127480453377,0.0,200.0,0,0,0,173.25253462015382,173.25253462015382,1917.8356945269456,0.6849413194739091,0.0,-95.86571662656326,-95.86571662656326,-200.0,0,0,0
2026-01-15 11:30:00,ZONE_A,2736.348808140705,959.9648535836828,0.0,2459.1637634775184,0.7026182181364338,0.0,300.0,0,0,0,521.750773286124,521.750773286124,2759.1637634775184,0.7883325038507195,0.0,-521.750773286124,-521.750773286124,-300.0,0,0,0
2026-01-15 11:30:00,ZONE_B,2018.9433932499376,584.8594265344406,84.31674333455874,1774.2003179141154,0.6336429706836126,0.0,200.0,0,0,0,172.23059789999996,172.23059789999996,1974.2003179141154,0.705071542112184,0.0,-87.91385456544123,-87.91385456544123,-200.0,0,0,0
2026-01-15 11:45:00,ZONE_A,2639.8054017814297,1017.035111719005,20.983429949894685,2396.158911960407,0.6846168319886877,0.0,300.0,0,0,0,602.745644016805,602.745644016805,2696.158911960407,0.7703311177029734,0.0,-581.7622140669104,-581.7622140669104,-300.0,0,0,0
2026-01-15 11:45:00,ZONE_B,1948.754372624336,582.6078676951673,66.73240219716524,1723.0967082437633,0.6153916815156297,0.0,200.0,0,0,0,231.28567476496,231.28567476496,1923.0967082437633,0.6868202529442011,0.0,-164.55327256779475,-164.55327256779475,-200.0,0,0,0
2026-01-15 12:00:00,ZONE_A,2844.9682109272994,1079.2702816966362,23.907817793369983,2577.0312293112656,0.7362946369460759,0.0,300.0,0,0,0,672.5613872365301,672.5613872365301,2877.0312293112656,0.8220089226603616,0.0,-648.6535694431601,-648.6535694431601,-300.0,0,0,0
2026-01-15 12:00:00,ZONE_B,2208.2545488429764,603.4493499923096,51.263930530054495,1939.226587007578,0.6925809239312779,0.0,200.0,0,0,0,225.65554528549995,225.65554528549995,2139.226587007578,0.7640094953598493,0.0,-174.39161475544546,-174.39161475544546,-200.0,0,0,0
2026-01-15 12:15:00,ZONE_A,2690.5740236802344,1049.694497832849,16.740966239345198,2441.244004412129,0.697498286974894,0.0,300.0,0,0,0,648.4513028832,648.4513028832,2741.244004412129,0.7832125726891798,0.0,-631.7103366438548,-631.7103366438548,-300.0,0,0,0
2026-01-15 12:15:00,ZONE_B,1966.6436136851328,600.9233115781816,72.11223747401971,1740.5482714096595,0.6216243826463069,0.0,200.0,0,0,0,165.91956919355204,165.91956919355204,1940.5482714096595,0.6930529540748784,0.0,-93.80733171953233,-93.80733171953233,-200.0,0,0,0
2026-01-15 12:30:00,ZONE_A,2648.42669637829,946.1065980394878,18.16853806085328,2382.131068140204,0.680608876611487,0.0,300.0,0,0,0,573.917094794352,573.917094794352,2682.131068140204,0.7663231623257726,0.0,-555.7485567334987,-555.7485567334987,-300.0,0,0,0
2026-01-15 12:30:00,ZONE_B,1989.5922252472628,585.833217980935,78.90981159046265,1750.5429880303905,0.6251939242965681,0.0,200.0,0,0,0,262.3532610039616,262.3532610039616,1950.5429880303905,0.6966224957251395,0.0,-183.44344941349897,-183.44344941349897,-200.0,0,0,0
2026-01-15 12:45:00,ZONE_A,2680.5176981058457,995.9748378681268,18.745352689502283,2421.7122737647164,0.6919177925042047,0.0,300.0,0,0,0,593.262254132612,593.262254132612,2721.7122737647164,0.7776320782184905,0.0,-574.5169014431098,-574.5169014431098,-300.0,0,0,0
2026-01-15 12:45:00,ZONE_B,2003.3122965356315,640.3436918422498,78.0477777698045,1772.4492335729176,0.6330175834188991,0.0,200.0,0,0,0,259.22909269814005,259.22909269814005,1972.4492335729176,0.7044461548474705,0.0,-181.18131492833555,-181.18131492833555,-200.0,0,0,0
2026-01-15 13:00:00,ZONE_A,2669.020073088296,928.1993040171052,19.71752120717008,2397.9640996777352,0.6851325999079244,0.0,300.0,0,0,0,573.3829728501901,573.3829728501901,2697.9640996777352,0.77084688562221,0.0,-553.66545164302,-553.66545164302,-300.0,0,0,0
2026-01-15 13:00:00,ZONE_B,1903.120642194076,617.8002187930865,93.23114254269171,1683.693414257182,0.6013190765204222,0.0,200.0,0,0,0,266.62033557381795,266.62033557381795,1883.693414257182,0.6727476479489936,0.0,-173.38919303112624,-173.38919303112624,-200.0,0,0,0
2026-01-15 13:15:00,ZONE_A,2683.809504713585,932.9229428894398,0.0,2410.8928097600688,0.6888265170743053,0.0,300.0,0,0,0,593.6590278088744,593.6590278088744,2710.8928097600688,0.774540802788591,0.0,-593.6590278088744,-593.6590278088744,-300.0,0,0,0
2026-01-15 13:15:00,ZONE_B,1894.6209564577352,619.664658923715,80.76461537978832,1678.611390118598,0.5995040678994993,0.0,200.0,0,0,0,294.55147153988804,294.55147153988804,1878.611390118598,0.6709326393280707,0.0,-213.78685616009972,-213.78685616009972,-200.0,0,0,0
2026-01-15 13:30:00,ZONE_A,2777.5156160030765,946.8700798868856,0.0,2493.4103004458,0.7124029429845143,0.0,300.0,0,0,0,615.2530902777659,615.2530902777659,2793.4103004458,0.7981172286988001,0.0,-615.2530902777659,-615.2530902777659,-300.0,0,0,0
2026-01-15 13:30:00,ZONE_B,2123.597909614849,617.8549742082816,86.31441317805218,1864.7523148433315,0.6659829695869042,0.0,200.0,0,0,0,227.05014004598405,227.05014004598405,2064.7523148433315,0.7374115410154756,0.0,-140.73572686793187,-140.73572686793187,-200.0,0,0,0
2026-01-15 13:45:00,ZONE_A,2648.307832026883,1089.7695074300198,19.709823061010184,2420.600034517928,0.6916000098622652,0.0,300.0,0,0,0,672.87565346003,672.87565346003,2720.600034517928,0.777314295576551,0.0,-653.1658303990198,-653.1658303990198,-300.0,0,0,0
2026-01-15 13:45:00,ZONE_B,1913.2263371218053,656.0314882553397,75.5954236990998,1708.8122348247723,0.6102900838659902,0.0,200.0,0,0,0,288.80106706943496,288.80106706943496,1908.8122348247723,0.6817186552945615,0.0,-213.20564337033517,-213.20564337033517,-200.0,0,0,0
2026-01-15 14:00:00,ZONE_A,2670.121337426333,1057.3448660341303,24.06467826429912,2431.6079624322497,0.6947451321234999,0.0,300.0,0,0,0,558.4113185007,558.4113185007,2731.6079624322497,0.7804594178377856,0.0,-534.3466402364008,-534.3466402364008,-300.0,0,0,0
2026-01-15 14:00:00,ZONE_B,1913.8361465827472,638.3907994886149,86.17620788398858,1704.5096893824984,0.6087534604937495,0.0,200.0,0,0,0,289.20902224358,289.20902224358,1904.5096893824984,0.6801820319223209,0.0,-203.03281435959144,-203.03281435959144,-200.0,0,0,0
2026-01-15 14:15:00,ZONE_A,2685.469831147856,1007.0757715570936,23.89867711787156,2430.3678558885103,0.6943908159681458,0.0,300.0,0,0,0,549.97570905625,549.97570905625,2730.3678558885103,0.7801051016824315,0.0,-526.0770319383785,-526.0770319383785,-300.0,0,0,0
2026-01-15 14:15:00,ZONE_B,1990.373418718336,603.2395699773766,73.42253349073701,1757.7463244283697,0.6277665444387035,0.0,200.0,0,0,0,263.80685696824,263.80685696824,1957.7463244283697,0.6991951158672749,0.0,-190.38432347750302,-190.38432347750302,-200.0,0,0,0
2026-01-15 14:30:00,ZONE_A,2767.9474655626004,936.8388418430162,0.0,2477.574158135176,0.7078783308957646,0.0,300.0,0,0,0,515.9678591070599,515.9678591070599,2777.574158135176,0.7935926166100502,0.0,-515.9678591070599,-515.9678591070599,-300.0,0,0,0
2026-01-15 14:30:00,ZONE_B,2065.6530054612144,562.2488758856794,66.32082265742707,1806.647002772279,0.6452310724186711,0.0,200.0,0,0,0,239.80993166650404,239.80993166650404,2006.647002772279,0.7166596438472425,0.0,-173.48910900907697,-173.48910900907697,-200.0,0,0,0
2026-01-15 14:45:00,ZONE_A,2672.7564326472725,949.4437260714876,0.0,2405.866077383219,0.6873903078237769,0.0,300.0,0,0,0,544.6016163576251,544.6016163576251,2705.866077383219,0.7731045935380625,0.0,-544.6016163576251,-544.6016163576251,-300.0,0,0,0
2026-01-15 14:45:00,ZONE_B,2020.4369788464776,565.9047177916528,58.33226264060988,1772.9153184925274,0.6331840423187598,0.0,200.0,0,0,0,269.26544045566993,269.26544045566993,1972.9153184925274,0.7046126137473312,0.0,-210.93317781506005,-210.93317781506005,-200.0,0,0,0
2026-01-15 15:00:00,ZONE_A,2703.3838005365737,906.5517787091294,22.38098628789487,2412.127950426991,0.6891794144077117,0.0,300.0,0,0,0,533.08245216327,533.08245216327,2712.127950426991,0.7748937001219974,0.0,-510.7014658753751,-510.7014658753751,-300.0,0,0,0
2026-01-15 15:00:00,ZONE_B,2003.049663886144,535.2928746564264,48.02068933534952,1750.3700500783666,0.6251321607422737,0.0,200.0,0,0,0,115.62880528065052,115.62880528065052,1950.3700500783666,0.6965607321708452,0.0,-67.608115945301,-67.608115945301,-200.0,0,0,0
2026-01-15 15:15:00,ZONE_A,2637.628078627676,856.1672069133816,14.019258950512722,2352.257282162159,0.6720735091891883,0.0,300.0,0,0,0,467.07463850826,467.07463850826,2652.257282162159,0.7577877949034739,0.0,-453.0553795577473,-453.0553795577473,-300.0,0,0,0
2026-01-15 15:15:00,ZONE_B,1905.0255678934225,513.3680736483205,49.83678773961429,1666.680057520323,0.5952428776858297,0.0,200.0,0,0,0,127.82308037494,127.82308037494,1866.680057520323,0.6666714491144011,0.0,-77.98629263532573,-77.9862926353257,-200.0,0,0,0
2026-01-15 15:30:00,ZONE_A,2671.012647994643,798.0402683708983,12.015235570697882,2359.80924844842,0.6742312138424057,0.0,300.0,0,0,0,419.3919847345294,419.3919847345294,2659.80924844842,0.7599454995566914,0.0,-407.3767491638315,-407.3767491638315,-300.0,0,0,0
2026-01-15 15:30:00,ZONE_B,1904.039307792429,459.0031612014029,56.50759703668615,1651.364048383727,0.5897728744227597,0.0,200.0,0,0,0,113.042435317975,113.042435317975,1851.364048383727,0.6612014458513311,0.0,-56.534838281288856,-56.53483828128884,-200.0,0,0,0
2026-01-15 15:45:00,ZONE_A,2696.3533111692664,752.8981668798513,16.704146706097163,2367.2838917457893,0.6763668262130826,0.0,300.0,0,0,0,356.8542003801849,356.8542003801849,2667.2838917457893,0.7620811119273684,0.0,-340.15005367408776,-340.15005367408776,-300.0,0,0,0
2026-01-15 15:45:00,ZONE_B,2021.82093030111,420.6552054814815,51.04008700677741,1736.1941550165743,0.620069341077348,0.0,200.0,0,0,0,106.94411027269,106.94411027269,1936.1941550165743,0.6914979125059194,0.0,-55.904023265912585,-55.9040232659126,-200.0,0,0,0
2026-01-15 16:00:00,ZONE_A,2780.5292832570867,722.6251478128399,8.714570483247599,2424.033396440454,0.6925809704115583,0.0,300.0,0,0,0,222.63592827160005,222.63592827160005,2724.033396440454,0.778295256125844,0.0,-213.92135778835245,-213.92135778835245,-300.0,0,0,0
2026-01-15 16:00:00,ZONE_B,2043.5121809702264,383.0668917799233,45.737896757668125,1744.473746268876,0.6230263379531701,0.0,200.0,0,0,0,42.25673489791481,42.25673489791481,1944.473746268876,0.6944549093817415,0.0,3.481161859753314,3.4811618597533425,-200.0,0,0,0
2026-01-15 16:15:00,ZONE_A,2803.6708447012147,714.9943401198375,34.67677373474794,2435.8674073261395,0.695962116378897,0.0,300.0,0,0,0,211.372672198752,211.372672198752,2735.8674073261395,0.7816764020931827,0.0,-176.69589846400407,-176.69589846400407,-300.0,0,0,0
2026-01-15 16:30:00,ZONE_A,2757.0930092169165,535.6600541351693,0.0,2356.016764637332,0.6731476470392377,0.0,300.0,0,0,0,86.28326736436799,86.28326736436799,2656.016764637332,0.7588619327535234,0.0,-86.28326736436799,-86.28326736436799,-300.0,0,0,0
2026-01-15 16:45:00,ZONE_A,2797.905727767422,536.0699715088396,12.814451170029656,2396.7617768028285,0.6847890790865224,0.0,300.0,0,0,0,75.311749842766,75.311749842766,2696.7617768028285,0.7705033648008082,0.0,-62.49729867273635,-62.49729867273635,-300.0,0,0,0
2026-01-16 08:45:00,ZONE_A,2961.1621183247576,335.95578143593025,12.171757546081324,2560.614899792052,0.7316042570834433,0.0,300.0,0,0,0,9.007162083352,9.007162083352,2860.614899792052,0.8173185427977291,0.0,3.1645954627293236,3.1645954627293236,-300.0,0,0,0
2026-01-16 09:00:00,ZONE_A,2931.1108048696697,382.2706583773302,2.2592887283520326,2530.4766159308974,0.7229933188373993,0.0,203.002941545208,0,0,0,0.0,0.0,2733.4795574761056,0.7809941592788873,0.0,2.2592887283520326,2.2592887283520326,-203.00294154520816,0,0,0
2026-01-16 09:15:00,ZONE_A,2983.87380597127,415.88572370526737,0.6151932132410707,2583.178767970574,0.7380510765630212,0.0,250.863704666648,0,0,0,0.0,0.0,2834.042472637222,0.809726420753492,0.0,0.6151932132410707,0.6151932132410707,-250.86370466664812,0,0,0
2026-01-16 09:30:00,ZONE_A,2997.349941022456,468.33996445154605,0.0,2596.591642764899,0.7418833265042568,0.0,300.0,0,0,0,76.23782145840204,76.23782145840204,2896.591642764899,0.8275976122185426,0.0,-76.23782145840204,-76.23782145840204,-300.0,0,0,0
2026-01-16 09:45:00,ZONE_A,3021.896567021456,523.0545481649606,7.736333762521326,2621.074404612877,0.7488784013179649,0.0,300.0,0,0,0,125.498537454744,125.498537454744,2921.074404612877,0.8345926870322505,0.0,-117.76220369222267,-117.76220369222267,-300.0,0,0,0
2026-01-16 10:00:00,ZONE_A,2712.6789336058064,566.7330995332796,14.61825777535762,2331.0048304047004,0.6660013801156287,0.0,300.0,0,0,0,148.12481744439998,148.12481744439998,2631.0048304047004,0.7517156658299144,0.0,-133.50655966904236,-133.50655966904236,-300.0,0,0,0
2026-01-16 10:15:00,ZONE_A,2656.518016596964,610.7204030383206,28.15602615529156,2297.546678530137,0.6564419081514676,0.0,300.0,0,0,0,185.69178615372005,185.69178615372005,2597.546678530137,0.7421561938657534,0.0,-157.5357599984285,-157.5357599984285,-300.0,0,0,0
2026-01-16 10:15:00,ZONE_B,1943.0816456953064,428.45742976114894,11.669145225713804,1664.3547122617913,0.5944123972363541,0.0,200.0,0,0,0,129.106039030548,129.106039030548,1864.3547122617913,0.6658409686649255,0.0,-117.4368938048342,-117.4368938048342,-200.0,0,0,0
2026-01-16 10:30:00,ZONE_A,2818.8337235160075,658.7699779375033,17.350779431848878,2443.6311311079207,0.6981803231736916,0.0,300.0,0,0,0,237.49122331938,237.49122331938,2743.6311311079207,0.7838946088879774,0.0,-220.14044388753112,-220.1404438875311,-300.0,0,0,0
2026-01-16 10:30:00,ZONE_B,2137.467267259552,466.7625457377118,7.741746110622387,1836.7536529213392,0.6559834474719068,0.0,200.0,0,0,0,94.59201558544004,94.59201558544004,2036.7536529213392,0.7274120189004782,0.0,-86.85026947481765,-86.85026947481765,-200.0,0,0,0
2026-01-16 10:45:00,ZONE_A,2690.029290297857,706.6607542837542,12.816733972975726,2349.9969855580457,0.6714277101594416,0.0,300.0,0,0,0,311.17861337,311.17861337,2649.9969855580457,0.7571419958737273,0.0,-298.36187939702427,-298.36187939702427,-300.0,0,0,0
2026-01-16 10:45:00,ZONE_B,1911.5517655857464,495.9472303356383,7.149585910502594,1657.382456986326,0.591922306066545,0.0,200.0,0,0,0,160.11020046896004,160.11020046896004,1857.382456986326,0.6633508774951163,0.0,-152.96061455845745,-152.96061455845745,-200.0,0,0,0
2026-01-16 11:00:00,ZONE_A,2663.629469962713,676.4848758176134,0.0,2327.2362072393435,0.6649246306398124,0.0,300.0,0,0,0,306.288859215876,306.288859215876,2627.2362072393435,0.7506389163540982,0.0,-306.288859215876,-306.288859215876,-300.0,0,0,0
2026-01-16 11:00:00,ZONE_B,2023.6667098170333,505.1351880448347,18.077635761910585,1746.3310114130886,0.6236896469332459,0.0,200.0,0,0,0,142.7015348231119,142.7015348231119,1946.3310114130886,0.6951182183618173,0.0,-124.62389906120131,-124.62389906120131,-200.0,0,0,0
2026-01-16 11:15:00,ZONE_A,2762.5480780131484,737.4431630025347,18.401133977209952,2416.64134666366,0.6904689561896171,0.0,300.0,0,0,0,342.17863096160204,342.17863096160204,2716.64134666366,0.7761832419039029,0.0,-323.7774969843921,-323.7774969843921,-300.0,0,0,0
2026-01-16 11:15:00,ZONE_B,2075.441532417855,515.2665410529851,0.0,1794.6773184085646,0.6409561851459159,0.0,200.0,0,0,0,129.71802180120994,129.71802180120994,1994.6773184085646,0.7123847565744873,0.0,-129.71802180120994,-129.71802180120994,-200.0,0,0,0
2026-01-16 11:30:00,ZONE_A,2660.3977380826204,751.4115629017821,0.0,2346.354450773973,0.6703869859354209,0.0,300.0,0,0,0,321.55981774066004,321.55981774066004,2646.354450773973,0.7561012716497065,0.0,-321.55981774066004,-321.55981774066004,-300.0,0,0,0
2026-01-16 11:30:00,ZONE_B,1894.539835436636,558.2470079772248,18.172368371381594,1656.9583563636045,0.5917708415584302,0.0,200.0,0,0,0,285.632356950806,285.632356950806,1856.9583563636045,0.6631994129870016,0.0,-267.4599885794244,-267.4599885794244,-200.0,0,0,0
2026-01-16 11:45:00,ZONE_A,2627.0648156521347,753.2635248508384,13.874438415979398,2318.3466030779464,0.6623847437365561,0.0,300.0,0,0,0,423.16868195319,423.16868195319,2618.3466030779464,0.7480990294508418,0.0,-409.2942435372106,-409.2942435372106,-300.0,0,0,0
2026-01-16 11:45:00,ZONE_B,1878.171849119096,568.6035002834733,20.86483384055577,1645.2778654876377,0.5875992376741563,0.0,200.0,0,0,0,253.43515531875056,253.43515531875056,1845.2778654876377,0.6590278091027277,0.0,-232.57032147819478,-232.57032147819478,-200.0,0,0,0
2026-01-16 12:00:00,ZONE_A,2654.083089449399,829.1037469263872,10.581847724956106,2362.5675321112403,0.6750192948889258,0.0,300.0,0,0,0,481.69710818038686,481.69710818038686,2662.5675321112403,0.7607335806032115,0.0,-471.11526045543076,-471.11526045543076,-300.0,0,0,0
2026-01-16 12:15:00,ZONE_A,2778.161915507154,861.2367555898804,0.0,2472.7678906448496,0.7065051116128142,0.0,300.0,0,0,0,492.65229755415,492.65229755415,2772.7678906448496,0.7922193973270999,0.0,-492.65229755415,-492.65229755415,-300.0,0,0,0
2026-01-16 12:15:00,ZONE_B,2119.507210161404,641.5861087224539,0.0,1860.8215385462831,0.6645791209093869,0.0,200.0,0,0,0,183.28061387099223,183.28061387099223,2060.821538546283,0.7360076923379583,0.0,-183.28061387099223,-183.28061387099223,-200.0,0,0,0
2026-01-16 12:30:00,ZONE_A,2636.8989637961245,896.6518934417314,34.05702739070853,2360.7151254662226,0.6744900358474922,0.0,300.0,0,0,0,506.25818447982,506.25818447982,2660.7151254662226,0.7602043215617779,0.0,-472.20115708911146,-472.20115708911146,-300.0,0,0,0
2026-01-16 12:45:00,ZONE_A,2914.755792903418,868.0222036703191,12.013898771394452,2583.389349315652,0.7381112426616149,0.0,300.0,0,0,0,512.7445184372592,512.7445184372592,2883.389349315652,0.8238255283759006,0.0,-500.73061966586477,-500.73061966586477,-300.0,0,0,0
2026-01-16 12:45:00,ZONE_B,2255.221332774144,661.0861594263159,19.263144561351737,1970.402193926804,0.703715069259573,0.0,200.0,0,0,0,285.1793910712,285.1793910712,2170.402193926804,0.7751436406881443,0.0,-265.91624650984824,-265.91624650984824,-200.0,0,0,0
2026-01-16 13:00:00,ZONE_A,2655.634411572948,845.1811643852315,0.0,2369.5558837096723,0.6770159667741921,0.0,300.0,0,0,0,468.6054256331,468.6054256331,2669.5558837096723,0.7627302524884778,0.0,-468.6054256331,-468.6054256331,-300.0,0,0,0
2026-01-16 13:15:00,ZONE_A,2648.334564977401,802.3312176123528,29.20514404985533,2349.330927361605,0.6712374078176014,0.0,300.0,0,0,0,449.8048387338721,449.8048387338721,2649.330927361605,0.7569516935318872,0.0,-420.59969468401675,-420.59969468401675,-300.0,0,0,0
2026-01-16 13:15:00,ZONE_B,2016.125365004412,601.1638201919596,9.228483745374092,1765.4028094017535,0.6305010033577692,0.0,200.0,0,0,0,201.98536498015,201.98536498015,1965.4028094017535,0.7019295747863405,0.0,-192.7568812347759,-192.7568812347759,-200.0,0,0,0
2026-01-16 13:30:00,ZONE_A,2810.096346880482,766.623808919989,20.6024073691907,2465.11080310834,0.7043173723166686,0.0,300.0,0,0,0,404.1155973397199,404.1155973397199,2765.11080310834,0.7900316580309543,0.0,-383.5131899705292,-383.5131899705292,-300.0,0,0,0
2026-01-16 13:45:00,ZONE_A,2841.1921548162168,679.5835816461902,20.03833587524764,2466.6559754504447,0.7047588501286984,0.0,300.0,0,0,0,303.69397847867674,303.69397847867674,2766.6559754504447,0.7904731358429842,0.0,-283.6556426034291,-283.6556426034291,-300.0,0,0,0
2026-01-16 13:45:00,ZONE_B,2205.671832784268,499.8564823277485,0.0,1904.9153293551549,0.6803269033411268,0.0,200.0,0,0,0,122.96566339659996,122.96566339659996,2104.915329355155,0.7517554747696982,0.0,-122.96566339659996,-122.96566339659995,-200.0,0,0,0
2026-01-16 14:00:00,ZONE_A,2875.0588516174616,657.7989334462377,3.665157128424767,2488.943787524424,0.7111267964355497,0.0,300.0,0,0,0,327.62161631932975,327.62161631932975,2788.943787524424,0.7968410821498354,0.0,-323.956459190905,-323.956459190905,-300.0,0,0,0
2026-01-16 14:00:00,ZONE_B,2162.110277279212,496.2562563786209,1.2092061737816948,1861.360025425852,0.66477143765209,0.0,200.0,0,0,0,68.46456471996697,68.46456471996697,2061.3600254258517,0.7362000090806613,0.0,-67.25535854618528,-67.25535854618528,-199.99999999999977,0,0,0
2026-01-16 14:15:00,ZONE_A,2777.800119737984,628.0314017793072,16.64272667905948,2399.9721235075453,0.6857063210021558,0.0,300.0,0,0,0,311.565382201436,311.565382201436,2699.9721235075453,0.7714206067164415,0.0,-294.92265552237654,-294.92265552237654,-300.0,0,0,0
2026-01-16 14:30:00,ZONE_A,2692.440596533403,627.3116064689885,13.296592773625662,2329.800246527268,0.6656572132935051,0.0,300.0,0,0,0,246.488421174432,246.488421174432,2629.800246527268,0.7513714990077909,0.0,-233.19182840080634,-233.19182840080634,-300.0,0,0,0
2026-01-16 14:30:00,ZONE_B,2059.262412509453,452.0767022811613,0.0,1763.6364577269562,0.6298701634739129,0.0,200.0,0,0,0,116.72042704484,116.72042704484,1963.6364577269562,0.7012987349024844,0.0,-116.72042704484,-116.72042704484,-200.0,0,0,0
2026-01-16 14:45:00,ZONE_A,2669.820124897187,517.3742955113761,18.05415240102428,2283.3967999861343,0.6523990857103241,0.0,300.0,0,0,0,165.596297715294,165.596297715294,2583.3967999861343,0.7381133714246098,0.0,-147.54214531426973,-147.5421453142697,-300.0,0,0,0
2026-01-16 15:00:00,ZONE_A,2692.965849219212,426.9195712892376,9.444298221089866,2292.311853670756,0.6549462439059304,0.0,273.235956826955,0,0,0,0.0,0.0,2565.547810497711,0.7330136601422031,0.0,9.444298221089866,9.444298221089866,-273.23595682695486,0,0,0
2026-01-16 15:15:00,ZONE_A,2661.8046542713228,415.29041008393057,14.18307610493008,2261.1813070712906,0.6460518020203687,0.0,300.0,0,0,0,33.705903281819985,33.705903281819985,2561.1813070712906,0.7317660877346545,0.0,-19.522827176889905,-19.522827176889905,-300.0,0,0,0
2026-01-16 15:30:00,ZONE_A,2706.950486116985,371.86562897005774,16.38669305864761,2306.376357947403,0.658964673699258,0.0,300.0,0,0,0,29.37053948413802,29.37053948413802,2606.376357947403,0.7446789594135437,0.0,-12.983846425490412,-12.983846425490412,-300.0,0,0,0
2026-01-16 15:45:00,ZONE_A,2672.775243105989,310.587674115367,8.154250367428176,2272.304939578872,0.6492299827368206,0.0,216.1025674677,0,0,0,0.0,0.0,2488.407507046572,0.7109735734418777,0.0,8.154250367428176,8.154250367428176,-216.10256746769983,0,0,0
2026-01-16 16:00:00,ZONE_A,2816.43799627654,282.2665873124961,9.402651684389014,2416.0050245459524,0.6902871498702722,0.0,176.734525487606,0,0,0,0.0,0.0,2592.7395500335583,0.7407827285810167,0.0,9.402651684389014,9.402651684389014,-176.73452548760588,0,0,0
2026-01-16 16:15:00,ZONE_A,2804.493255648596,265.7554524005974,9.651992573621158,2404.10044026434,0.6868858400755257,0.0,141.2299805384138,0,0,0,0.0,0.0,2545.3304208027535,0.7272372630865009,0.0,9.651992573621158,9.651992573621158,-141.22998053841366,0,0,0
2026-01-16 16:30:00,ZONE_A,2815.14682982423,215.3460335338603,11.665542904255744,2414.827137647324,0.6899506107563783,0.0,189.28331346224,0,0,0,0.0,0.0,2604.110451109564,0.7440315574598755,0.0,11.665542904255744,11.665542904255744,-189.28331346224013,0,0,0
2026-01-17 08:00:00,ZONE_A,2807.7592994780834,324.29259909332734,10.350418948920948,2407.126755739572,0.6877505016398778,0.0,151.7283024174,0,0,0,0.0,0.0,2558.855058156972,0.7311014451877063,0.0,10.350418948920948,10.350418948920947,-151.72830241739985,0,0,0
2026-01-17 08:30:00,ZONE_A,2871.92759239591,362.4579381485314,16.766994008205984,2471.2779320625923,0.7060794091607406,0.0,291.0397814059998,0,0,0,0.0,0.0,2762.317713468592,0.7892336324195978,0.0,16.766994008205984,16.766994008205984,-291.03978140599975,0,0,0
2026-01-17 09:00:00,ZONE_A,2958.330469728784,408.57598447827,0.0,2557.5466234055425,0.7307276066872979,0.0,270.69866598173496,0,0,0,0.0,0.0,2828.2452893872774,0.8080700826820792,0.0,0.0,0.0,-270.69866598173485,0,0,0
2026-01-17 09:15:00,ZONE_A,2932.602308267323,421.66955144798135,13.907035772070742,2531.8306736544027,0.7233801924726865,0.0,300.0,0,0,0,33.58040504760396,33.58040504760396,2831.8306736544027,0.8090944781869722,0.0,-19.67336927553322,-19.67336927553322,-300.0,0,0,0
2026-01-17 09:45:00,ZONE_A,3037.236765804028,393.0861376883672,9.635232418362534,2636.5877977190303,0.7533107993482944,0.0,300.0,0,0,0,45.65541091209997,45.65541091209997,2936.5877977190303,0.8390250850625801,0.0,-36.02017849373743,-36.02017849373743,-300.0,0,0,0
2026-01-17 10:00:00,ZONE_A,2682.896283921829,447.7384999490128,18.53723117513516,2282.181464144178,0.6520518468983365,0.0,251.806779931812,0,0,0,0.0,0.0,2533.9882440759898,0.7239966411645685,0.0,18.53723117513516,18.53723117513516,-251.8067799318119,0,0,0
2026-01-17 10:00:00,ZONE_B,1928.9305866591872,304.2083454879409,10.407099929582555,1628.4599841440477,0.581592851480017,0.0,200.0,0,0,0,26.95070784631849,26.95070784631849,1828.4599841440477,0.6530214229085884,0.0,-16.543607916735937,-16.543607916735937,-200.0,0,0,0
2026-01-17 10:15:00,ZONE_A,2773.0094402549457,473.7948202410929,6.003355107160928,2372.28085101708,0.6777945288620228,0.0,300.0,0,0,0,26.262362005202988,26.262362005202988,2672.28085101708,0.7635088145763085,0.0,-20.25900689804206,-20.25900689804206,-300.0,0,0,0
2026-01-17 10:15:00,ZONE_B,2078.5368926154792,346.9215857799674,8.731475400817828,1778.0235374789172,0.6350084062424705,0.0,195.7558001953465,0,0,0,0.0,0.0,1973.7793376742636,0.7049211920265227,0.0,8.731475400817828,8.731475400817828,-195.7558001953464,0,0,0
2026-01-17 10:30:00,ZONE_A,2653.870555110799,503.1109813111695,3.8086218435170736,2268.621345498168,0.6481775272851908,0.0,300.0,0,0,0,19.56169856427323,19.56169856427323,2568.621345498168,0.7338918129994766,0.0,-15.753076720756155,-15.753076720756155,-300.0,0,0,0
2026-01-17 10:45:00,ZONE_A,2678.021972082251,491.0239473737204,0.0,2284.5799395338977,0.6527371255811136,0.0,300.0,0,0,0,40.323173016216,40.323173016216,2584.5799395338977,0.7384514112953994,0.0,-40.323173016216,-40.323173016216,-300.0,0,0,0
2026-01-17 11:00:00,ZONE_A,2695.1058138983603,557.6429983665965,8.707051468109967,2313.6222810629984,0.6610349374465709,0.0,300.0,0,0,0,5.866855599823964,5.866855599823964,2613.6222810629984,0.7467492231608567,0.0,2.8401958682860027,2.8401958682860595,-300.0,0,0,0
2026-01-17 11:15:00,ZONE_A,2770.6170930743174,552.218216233742,25.419265335325804,2372.1255380927664,0.6777501537407904,0.0,300.0,0,0,0,164.75114375161604,164.75114375161604,2672.1255380927664,0.7634644394550761,0.0,-139.33187841629024,-139.33187841629024,-300.0,0,0,0
2026-01-17 11:30:00,ZONE_A,2672.479241351552,502.5111680660175,6.87186523701422,2283.248856446996,0.6523568161277131,0.0,300.0,0,0,0,166.27918538851003,166.27918538851003,2583.248856446996,0.7380711018419989,0.0,-159.4073201514958,-159.4073201514958,-300.0,0,0,0
2026-01-17 11:45:00,ZONE_A,2678.8433805721183,550.6908107340541,14.712551786100905,2300.1785197066747,0.6571938627733356,0.0,300.0,0,0,0,206.37491513777852,206.37491513777852,2600.1785197066747,0.7429081484876213,0.0,-191.6623633516776,-191.66236335167764,-300.0,0,0,0
2026-01-17 12:00:00,ZONE_A,2686.4605805002525,587.6857395254783,14.033791508774923,2317.267907943802,0.6620765451268006,0.0,300.0,0,0,0,246.83857138676197,246.83857138676197,2617.267907943802,0.7477908308410863,0.0,-232.80477987798704,-232.80477987798702,-300.0,0,0,0
2026-01-17 12:00:00,ZONE_B,2048.361883057053,415.9056859771892,10.790385909651206,1747.7197466408224,0.6241856238002937,0.0,200.0,0,0,0,49.20844507595999,49.20844507595999,1947.7197466408224,0.6956141952288651,0.0,-38.41805916630879,-38.41805916630881,-200.0,0,0,0
2026-01-17 12:15:00,ZONE_A,2736.974951238821,648.1889373413769,0.0,2374.0244920060945,0.6782927120017413,0.0,300.0,0,0,0,222.95890075468003,222.95890075468003,2674.0244920060945,0.764006997716027,0.0,-222.95890075468003,-222.95890075468003,-300.0,0,0,0
2026-01-17 12:15:00,ZONE_B,2060.109665724699,448.6618678624556,9.975789169956784,1764.3001730417093,0.6301072046577533,0.0,200.0,0,0,0,61.14923553581201,61.14923553581201,1964.3001730417093,0.7015357760863248,0.0,-51.17344636585523,-51.17344636585523,-200.0,0,0,0
2026-01-17 12:30:00,ZONE_A,2674.888544235817,661.3285318855776,0.0,2330.441973380908,0.6658405638231166,0.0,300.0,0,0,0,240.91902533823983,240.91902533823983,2630.441973380908,0.7515548495374024,0.0,-240.91902533823983,-240.91902533823986,-300.0,0,0,0
2026-01-17 12:45:00,ZONE_A,2691.059322988598,717.0234274933543,9.078687049993164,2357.625032549996,0.6736071521571417,0.0,300.0,0,0,0,304.87027698801603,304.87027698801603,2657.625032549996,0.7593214378714274,0.0,-295.79158993802287,-295.79158993802287,-300.0,0,0,0
2026-01-17 12:45:00,ZONE_B,1971.1895134525307,511.26485574042727,0.0,1707.6787295599242,0.6098852605571158,0.0,200.0,0,0,0,113.535343359414,113.535343359414,1907.6787295599242,0.6813138319856872,0.0,-113.535343359414,-113.53534335941401,-200.0,0,0,0
2026-01-17 13:00:00,ZONE_A,2682.98996798003,747.5495441572613,29.818938451363124,2357.28477931143,0.6735099369461229,0.0,300.0,0,0,0,306.2674456082401,306.2674456082401,2657.28477931143,0.7592242226604086,0.0,-276.448507156877,-276.448507156877,-300.0,0,0,0
2026-01-17 13:00:00,ZONE_B,1943.72606980826,535.786407316416,3.3896904656246534,1690.608561381092,0.6037887719218186,0.0,200.0,0,0,0,162.36486205470004,162.36486205470004,1890.608561381092,0.67521734335039,0.0,-158.9751715890754,-158.9751715890754,-200.0,0,0,0
2026-01-17 13:15:00,ZONE_A,2675.5877055537576,668.6861978480035,23.839688768368436,2329.788708327101,0.665653916664886,0.0,300.0,0,0,0,277.35651047189003,277.35651047189003,2629.788708327101,0.7513682023791718,0.0,-253.5168217035216,-253.5168217035216,-300.0,0,0,0
2026-01-17 13:15:00,ZONE_B,2045.34165809224,474.0435868578065,0.0,1758.7490183173682,0.6281246493990601,0.0,200.0,0,0,0,92.86045618612803,92.86045618612803,1958.7490183173682,0.6995532208276315,0.0,-92.86045618612803,-92.86045618612803,-200.0,0,0,0
2026-01-17 13:30:00,ZONE_A,2677.639478720614,714.054643869741,16.506660338080565,2342.8947339019824,0.6693984954005664,0.0,300.0,0,0,0,340.83897957141005,340.83897957141005,2642.8947339019824,0.7551127811148521,0.0,-324.3323192333295,-324.3323192333295,-300.0,0,0,0
2026-01-17 13:30:00,ZONE_B,1885.5905616067253,499.76375476679374,10.316864516696398,1637.18872651089,0.584710259468175,0.0,200.0,0,0,0,184.287874181204,184.287874181204,1837.18872651089,0.6561388308967465,0.0,-173.9710096645076,-173.97100966450762,-200.0,0,0,0
2026-01-17 13:45:00,ZONE_A,2623.868448241172,670.8610211164837,7.05785831637013,2292.405571193502,0.6549730203410006,0.0,300.0,0,0,0,305.2805014833001,305.2805014833001,2592.405571193502,0.7406873060552863,0.0,-298.22264316692997,-298.22264316692997,-300.0,0,0,0
2026-01-17 13:45:00,ZONE_B,1912.8205933215067,494.4416083132886,1.536479955967195,1655.7125696314774,0.5913259177255277,0.0,200.0,0,0,0,90.03664813297996,90.03664813297996,1855.7125696314774,0.6627544891540991,0.0,-88.50016817701277,-88.50016817701277,-200.0,0,0,0
2026-01-17 14:00:00,ZONE_A,2659.05670123978,641.6596531946817,13.898491343408068,2312.900057221366,0.6608285877775331,0.0,300.0,0,0,0,282.22449677071006,282.22449677071006,2612.900057221366,0.7465428734918188,0.0,-268.326005427302,-268.326005427302,-300.0,0,0,0
2026-01-17 14:00:00,ZONE_B,2031.1016068993808,468.1950146015954,0.0,1746.1127263986127,0.6236116879995045,0.0,200.0,0,0,0,125.99622383351203,125.99622383351203,1946.1127263986127,0.695040259428076,0.0,-125.99622383351203,-125.99622383351203,-200.0,0,0,0
2026-01-17 14:15:00,ZONE_A,2722.630240347632,588.3025449811012,11.183239201146192,2344.262316610138,0.6697892333171823,0.0,300.0,0,0,0,237.31060423044005,237.31060423044005,2644.262316610138,0.755503519031468,0.0,-226.12736502929386,-226.12736502929386,-300.0,0,0,0
2026-01-17 14:15:00,ZONE_B,2044.088110409496,431.8501367492448,0.0,1744.3845387309757,0.6229944781182056,0.0,200.0,0,0,0,63.08604967052804,63.08604967052804,1944.3845387309757,0.694423049546777,0.0,-63.08604967052804,-63.08604967052804,-200.0,0,0,0
2026-01-17 14:30:00,ZONE_A,2664.622556250569,533.5864347088009,16.446840849736304,2282.3819399857302,0.6521091257102086,0.0,300.0,0,0,0,220.3262348094188,220.3262348094188,2582.3819399857302,0.7378234114244944,0.0,-203.8793939596825,-203.8793939596825,-300.0,0,0,0
2026-01-17 14:45:00,ZONE_A,2662.4309810551285,478.7857371401072,11.894983203423124,2264.695938157791,0.6470559823307974,0.0,300.0,0,0,0,151.52470940445895,151.52470940445895,2564.695938157791,0.732770268045083,0.0,-139.62972620103582,-139.62972620103585,-300.0,0,0,0
2026-01-17 15:00:00,ZONE_A,2653.4073005855907,440.89195451564007,18.83943100271182,2252.735890899962,0.6436388259714177,0.0,300.0,0,0,0,88.68752191870499,88.68752191870499,2552.735890899962,0.7293531116857035,0.0,-69.84809091599317,-69.84809091599317,-300.0,0,0,0
2026-01-17 15:15:00,ZONE_A,2791.6684594279004,409.6598156286451,14.660931377874306,2391.038246442252,0.6831537846977862,0.0,300.0,0,0,0,73.01858850825005,73.01858850825005,2691.038246442252,0.768868070412072,0.0,-58.35765713037574,-58.35765713037574,-300.0,0,0,0
2026-01-17 15:30:00,ZONE_A,2670.103668554404,413.69194555119583,5.8372401321677785,2269.47655212756,0.6484218720364456,0.0,300.0,0,0,0,42.38683420107304,42.38683420107304,2569.47655212756,0.7341361577507314,0.0,-36.549594068905265,-36.549594068905265,-300.0,0,0,0
2026-01-17 16:00:00,ZONE_A,2794.422852583111,325.45594153520443,11.51278203771932,2393.92416880332,0.6839783339438057,0.0,232.204987322256,0,0,0,0.0,0.0,2626.1291561255757,0.7503226160358788,0.0,11.51278203771932,11.512782037719319,-232.20498732225587,0,0,0
2026-01-18 09:15:00,ZONE_A,2979.558901544497,446.10904453873445,11.670377446883606,2578.738948433793,0.7367825566953695,0.0,300.0,0,0,0,35.84382217187999,35.84382217187999,2878.738948433793,0.8224968424096551,0.0,-24.173444724996386,-24.173444724996386,-300.0,0,0,0
2026-01-18 09:30:00,ZONE_A,2976.810376243522,483.7210343214777,20.001939253357364,2575.951037042661,0.7359860105836175,0.0,300.0,0,0,0,71.53684201979002,71.53684201979002,2875.951037042661,0.8217002962979032,0.0,-51.53490276643265,-51.53490276643265,-300.0,0,0,0
2026-01-18 09:45:00,ZONE_A,3041.373210532703,526.2075406876825,20.672129553628963,2640.439027919588,0.7544111508341681,0.0,300.0,0,0,0,84.39992716124999,84.39992716124999,2940.439027919588,0.8401254365484537,0.0,-63.72779760762103,-63.72779760762103,-300.0,0,0,0
2026-01-18 10:00:00,ZONE_A,2652.7222307524858,526.1176718018154,8.568881894692254,2270.3786936179845,0.6486796267479956,0.0,290.8383473108955,0,0,0,0.0,0.0,2561.21704092888,0.7317762974082515,0.0,8.568881894692254,8.568881894692254,-290.83834731089564,0,0,0
2026-01-18 10:15:00,ZONE_A,2675.837180968681,606.3972902241694,9.838930791068265,2311.1134267169705,0.6603181219191344,0.0,300.0,0,0,0,8.42221155012004,8.42221155012004,2611.1134267169705,0.7460324076334202,0.0,1.4167192409482254,1.4167192409482823,-300.0,0,0,0
2026-01-18 10:30:00,ZONE_A,2794.143341284609,620.1527702325302,6.71246095211086,2408.761380670863,0.6882175373345324,0.0,300.0,0,0,0,31.52650364818396,31.52650364818396,2708.761380670863,0.773931823048818,0.0,-24.814042696073102,-24.814042696073102,-300.0,0,0,0
2026-01-18 10:30:00,ZONE_B,2136.831394096705,412.73808693479634,4.05822006056934,1836.190863589484,0.6557824512819586,0.0,200.0,0,0,0,100.368064733648,100.368064733648,2036.190863589484,0.7272110227105301,0.0,-96.30984467307866,-96.30984467307866,-200.0,0,0,0
2026-01-18 10:45:00,ZONE_A,2654.194184547844,668.4547422027149,23.201735998907225,2310.6308355095,0.6601802387169999,0.0,300.0,0,0,0,236.6856249102001,236.6856249102001,2610.6308355095,0.7458945244312857,0.0,-213.48388891129287,-213.48388891129287,-300.0,0,0,0
2026-01-18 10:45:00,ZONE_B,1942.400924762161,434.3181910556577,13.033518160656511,1668.222362947844,0.5957937010528014,0.0,200.0,0,0,0,128.55430854083198,128.55430854083198,1868.222362947844,0.6672222724813729,0.0,-115.52079038017547,-115.52079038017547,-200.0,0,0,0
2026-01-18 11:00:00,ZONE_A,2779.916897503564,752.7264221015082,2.9497735754493988,2434.7558506468126,0.6956445287562322,0.0,300.0,0,0,0,260.6100229022279,260.6100229022279,2734.7558506468126,0.7813588144705179,0.0,-257.6602493267785,-257.6602493267785,-300.0,0,0,0
2026-01-18 11:15:00,ZONE_A,2795.132241718792,713.1422781073588,15.50509949457546,2435.7577281491563,0.6959307794711875,0.0,300.0,0,0,0,308.39003957349,308.39003957349,2735.7577281491563,0.7816450651854732,0.0,-292.88494007891455,-292.88494007891455,-300.0,0,0,0
2026-01-18 11:30:00,ZONE_A,2746.536891079941,829.8083552768934,19.68846782325727,2427.385273921611,0.6935386496918888,0.0,300.0,0,0,0,426.51166987116,426.51166987116,2727.385273921611,0.7792529354061746,0.0,-406.8232020479027,-406.8232020479027,-300.0,0,0,0
2026-01-18 11:30:00,ZONE_B,2083.2986736014054,537.5774278156289,11.393177164497274,1807.309436990328,0.6454676560679743,0.0,200.0,0,0,0,194.1093283657396,194.1093283657396,2007.309436990328,0.7168962274965458,0.0,-182.71615120124233,-182.71615120124233,-200.0,0,0,0
2026-01-18 11:45:00,ZONE_A,2669.113784131862,924.5612203831172,17.226599936802927,2391.121211536187,0.6831774890103391,0.0,300.0,0,0,0,448.35777344193593,448.35777344193593,2691.121211536187,0.7688917747246248,0.0,-431.131173505133,-431.131173505133,-300.0,0,0,0
2026-01-18 11:45:00,ZONE_B,1956.5843159582807,558.2249362006648,21.570831143973123,1715.54547252323,0.6126948116154393,0.0,200.0,0,0,0,210.09131761691503,210.09131761691503,1915.54547252323,0.6841233830440108,0.0,-188.5204864729419,-188.5204864729419,-200.0,0,0,0
2026-01-18 12:00:00,ZONE_A,2721.763737771746,878.3823456440628,24.731238331099576,2420.1618029450137,0.6914748008414325,0.0,300.0,0,0,0,447.7498058228399,447.7498058228399,2720.1618029450137,0.7771890865557182,0.0,-423.0185674917403,-423.0185674917403,-300.0,0,0,0
2026-01-18 12:00:00,ZONE_B,2002.759277828194,499.50153077075873,0.0,1742.7724161524816,0.6224187200544578,0.0,200.0,0,0,0,145.62211880864896,145.62211880864896,1942.7724161524816,0.6938472914830291,0.0,-145.62211880864896,-145.62211880864896,-200.0,0,0,0
2026-01-18 12:15:00,ZONE_A,2672.720801584175,819.6488465043647,6.469366130269464,2363.8841934150605,0.6753954838328744,0.0,300.0,0,0,0,322.12850702954995,322.12850702954995,2663.8841934150605,0.7611097695471601,0.0,-315.6591408992805,-315.6591408992805,-300.0,0,0,0
2026-01-18 12:15:00,ZONE_B,1988.909385552964,441.62061652233547,0.0,1717.7338595437127,0.6134763784084688,0.0,200.0,0,0,0,115.11938835145996,115.11938835145996,1917.7338595437127,0.6849049498370402,0.0,-115.11938835145996,-115.11938835145997,-200.0,0,0,0
2026-01-18 12:30:00,ZONE_A,2652.194482004368,893.3133420399682,9.989978538164904,2367.6125012173134,0.6764607146335181,0.0,300.0,0,0,0,449.459229031852,449.459229031852,2667.6125012173134,0.7621750003478038,0.0,-439.46925049368707,-439.46925049368707,-300.0,0,0,0
2026-01-18 12:45:00,ZONE_A,2705.881729780037,836.4961319300843,4.252480786443698,2395.015694941627,0.6842901985547505,0.0,300.0,0,0,0,465.51278998002,465.51278998002,2695.015694941627,0.7700044842690362,0.0,-461.2603091935763,-461.2603091935763,-300.0,0,0,0
2026-01-18 13:00:00,ZONE_A,2655.926978044147,911.8635081424666,15.375688697260784,2377.9681561946454,0.6794194731984701,0.0,300.0,0,0,0,451.909160377032,451.909160377032,2677.9681561946454,0.7651337589127558,0.0,-436.5334716797712,-436.5334716797712,-300.0,0,0,0
2026-01-18 13:15:00,ZONE_A,2792.3867224873,750.3789718056288,0.0,2442.8479144019893,0.6979565469719969,0.0,300.0,0,0,0,266.76348903492,266.76348903492,2742.8479144019893,0.7836708326862827,0.0,-266.76348903492,-266.76348903492,-300.0,0,0,0
2026-01-18 13:30:00,ZONE_A,2670.087555214297,732.419255725195,0.0,2338.863628303117,0.6682467509437476,0.0,300.0,0,0,0,430.19287085458495,430.19287085458495,2638.863628303117,0.7539610366580334,0.0,-430.19287085458495,-430.19287085458495,-300.0,0,0,0
2026-01-18 13:45:00,ZONE_A,2640.701283373567,765.9454987002091,23.29721637191119,2325.104151332192,0.6643154718091977,0.0,300.0,0,0,0,380.27248887676,380.27248887676,2625.104151332192,0.7500297575234834,0.0,-356.9752725048488,-356.9752725048488,-300.0,0,0,0
2026-01-18 14:00:00,ZONE_A,2675.386655646859,750.8900104173385,13.900477556685928,2346.9561601033142,0.6705589028866612,0.0,300.0,0,0,0,364.381416617684,364.381416617684,2646.9561601033142,0.7562731886009469,0.0,-350.4809390609981,-350.4809390609981,-300.0,0,0,0
2026-01-18 14:15:00,ZONE_A,2670.296615068476,839.9009650620003,22.94183928132702,2364.3780753357623,0.675536592953075,0.0,300.0,0,0,0,281.2967174946,281.2967174946,2664.3780753357623,0.7612508786673606,0.0,-258.35487821327297,-258.35487821327297,-300.0,0,0,0
2026-01-18 14:30:00,ZONE_A,2680.548606642333,771.3406071087838,5.2099845973182255,2354.257367730173,0.6726449622086208,0.0,300.0,0,0,0,187.43680430501425,187.43680430501425,2654.257367730173,0.7583592479229065,0.0,-182.22681970769602,-182.226819707696,-300.0,0,0,0
2026-01-18 14:45:00,ZONE_A,2667.22762664381,694.0113012724398,13.855377918149545,2324.481747519136,0.6641376421483246,0.0,300.0,0,0,0,180.14222694771303,180.14222694771303,2624.481747519136,0.7498519278626103,0.0,-166.28684902956348,-166.28684902956343,-300.0,0,0,0
2026-01-18 15:30:00,ZONE_A,2654.342771488575,820.5152188054074,12.837710110541591,2344.8898422151706,0.6699685263471916,0.0,300.0,0,0,0,235.90856998912,235.90856998912,2644.8898422151706,0.7556828120614774,0.0,-223.0708598785784,-223.0708598785784,-300.0,0,0,0
2026-01-18 15:45:00,ZONE_A,2753.6335863217146,806.7976575564945,1.931748507324187,2419.9347483044653,0.6914099280869901,0.0,300.0,0,0,0,128.04885134035806,128.04885134035806,2719.9347483044653,0.7771242138012758,0.0,-126.11710283303387,-126.11710283303387,-300.0,0,0,0
2026-01-18 16:00:00,ZONE_A,2765.3226562704017,720.9320819788185,6.65483656325091,2408.2986826320057,0.6880853378948588,0.0,300.0,0,0,0,57.41643634000002,57.41643634000002,2708.2986826320057,0.7737996236091444,0.0,-50.76159977674911,-50.76159977674911,-300.0,0,0,0
2026-01-18 16:15:00,ZONE_A,2775.0633278015603,832.1857715211393,17.5897977946629,2442.1140245607294,0.6977468641602084,0.0,300.0,0,0,0,325.32813293422,325.32813293422,2742.1140245607294,0.7834611498744941,0.0,-307.7383351395571,-307.7383351395571,-300.0,0,0,0
2026-01-18 16:30:00,ZONE_A,2819.793664803645,730.7530308574753,0.0,2455.869169932603,0.7016769056950295,0.0,300.0,0,0,0,76.18656958529004,76.18656958529004,2755.869169932603,0.7873911914093152,0.0,-76.18656958529004,-76.18656958529004,-300.0,0,0,0
2026-01-18 16:45:00,ZONE_A,2750.621076524952,622.873693452327,12.729691240973692,2368.066681663001,0.6765904804751431,0.0,300.0,0,0,0,19.98865103204997,19.98865103204997,2668.066681663001,0.7623047661894289,0.0,-7.258959791076277,-7.258959791076222,-300.0,0,0,0
2026-01-18 17:00:00,ZONE_A,2777.5570685897887,544.9737460603006,3.561043250197031,2376.18247085342,0.6789092773866914,0.0,297.368051971508,0,0,0,0.0,0.0,2673.550522824928,0.7638715779499794,0.0,3.561043250197031,3.561043250197031,-297.36805197150807,0,0,0
2026-01-19 08:30:00,ZONE_A,2888.3149938881584,627.5462083058724,17.3629740567344,2486.954313625755,0.7105583753216442,0.0,300.0,0,0,0,122.465603863446,122.465603863446,2786.954313625755,0.79627266103593,0.0,-105.1026298067116,-105.1026298067116,-300.0,0,0,0
2026-01-19 08:45:00,ZONE_A,2887.207118966683,658.0227900701998,5.111166545827473,2492.1334643954274,0.7120381326844079,0.0,300.0,0,0,0,124.2431949672,124.2431949672,2792.1334643954274,0.7977524183986935,0.0,-119.13202842137252,-119.13202842137252,-300.0,0,0,0
2026-01-19 09:00:00,ZONE_A,2929.753369295903,685.530141097528,28.666808247792915,2530.711728483778,0.723060493852508,0.0,300.0,0,0,0,136.64726359703997,136.64726359703997,2830.711728483778,0.8087747795667938,0.0,-107.98045534924705,-107.980455349247,-300.0,0,0,0
2026-01-19 09:15:00,ZONE_A,2952.3361915533696,818.2113520953194,2.9934721054818283,2586.314631751674,0.7389470376433354,0.0,300.0,0,0,0,124.34181291961198,124.34181291961198,2886.314631751674,0.8246613233576211,0.0,-121.34834081413015,-121.34834081413021,-300.0,0,0,0
2026-01-19 09:30:00,ZONE_A,3147.600812674152,836.2969864786489,32.96421744921577,2746.713902409509,0.7847754006884311,0.0,300.0,0,0,0,398.2098763200689,398.2098763200689,3046.713902409509,0.8704896864027168,0.0,-365.2456588708531,-365.2456588708531,-300.0,0,0,0
2026-01-19 09:45:00,ZONE_A,3014.035471988628,827.8336656494214,16.72955244723596,2641.428566827066,0.7546938762363046,0.0,300.0,0,0,0,346.3201389523499,346.3201389523499,2941.428566827066,0.8404081619505902,0.0,-329.59058650511395,-329.59058650511395,-300.0,0,0,0
2026-01-19 10:00:00,ZONE_A,2702.9211150731417,998.3240622904848,19.46655336845436,2437.431929199747,0.6964091226284992,0.0,300.0,0,0,0,407.5313118168749,407.5313118168749,2737.431929199747,0.7821234083427849,0.0,-388.06475844842055,-388.06475844842055,-300.0,0,0,0
2026-01-19 10:00:00,ZONE_B,1994.8791956106888,524.8858627841287,0.0,1747.2640427778592,0.624022872420664,0.0,200.0,0,0,0,70.21858472481,70.21858472481,1947.2640427778592,0.6954514438492354,0.0,-70.21858472481,-70.21858472481,-200.0,0,0,0
2026-01-19 10:15:00,ZONE_A,2680.894555852057,1101.487506760843,1.8073152177153131,2450.5703089898243,0.700162945425664,0.0,300.0,0,0,0,593.8812431351281,593.8812431351281,2750.5703089898243,0.7858772311399498,0.0,-592.0739279174128,-592.0739279174128,-300.0,0,0,0
2026-01-19 10:15:00,ZONE_B,2051.898935796095,601.643258307102,15.72565011711106,1812.1574334869424,0.6471990833881938,0.0,200.0,0,0,0,206.05788721911,206.05788721911,2012.1574334869424,0.7186276548167652,0.0,-190.33223710199894,-190.33223710199894,-200.0,0,0,0
2026-01-19 10:30:00,ZONE_A,2696.9868000958163,1105.3686758827755,35.81190462371524,2463.214641872928,0.7037756119636938,0.0,300.0,0,0,0,581.3030399956175,581.3030399956175,2763.214641872928,0.7894898976779794,0.0,-545.4911353719023,-545.4911353719023,-300.0,0,0,0
2026-01-19 10:30:00,ZONE_B,2016.811169372221,595.7832385713401,14.267515533950586,1783.8890562560175,0.6371032343771491,0.0,200.0,0,0,0,326.8929351050441,326.8929351050441,1983.8890562560175,0.7085318058057205,0.0,-312.6254195710935,-312.6254195710935,-200.0,0,0,0
2026-01-19 10:45:00,ZONE_A,2823.549695754308,1114.3649459731992,25.72884531815498,2568.6593702466485,0.7339026772133281,0.0,300.0,0,0,0,660.15053170096,660.15053170096,2868.6593702466485,0.8196169629276139,0.0,-634.421686382805,-634.421686382805,-300.0,0,0,0
2026-01-19 10:45:00,ZONE_B,2170.371865502997,605.6936763073458,8.533405698557885,1908.478588891959,0.6815994960328424,0.0,200.0,0,0,0,173.16513973506,173.16513973506,2108.4785888919587,0.7530280674614138,0.0,-164.6317340365021,-164.6317340365021,-199.99999999999977,0,0,0
2026-01-19 11:00:00,ZONE_A,2660.1337287269903,1076.2698985647896,48.813090442471776,2425.05123371378,0.69287178106108,0.0,300.0,0,0,0,646.5846926977999,646.5846926977999,2725.05123371378,0.7785860667753658,0.0,-597.7716022553282,-597.7716022553282,-300.0,0,0,0
2026-01-19 11:00:00,ZONE_B,1929.780562046908,603.7956449783769,0.0,1713.451676775832,0.61194702741994,0.0,200.0,0,0,0,276.85429153382,276.85429153382,1913.451676775832,0.6833755988485115,0.0,-276.85429153382,-276.85429153382,-200.0,0,0,0
2026-01-19 11:15:00,ZONE_A,2690.634142922143,1080.023780678403,28.51723602850461,2448.452201521524,0.6995577718632925,0.0,300.0,0,0,0,656.3485704354401,656.3485704354401,2748.452201521524,0.7852720575775782,0.0,-627.8313344069355,-627.8313344069355,-300.0,0,0,0
2026-01-19 11:15:00,ZONE_B,2019.757199247172,627.9769225758799,16.97428902522097,1787.410993990634,0.6383610692823694,0.0,200.0,0,0,0,260.15621133760607,260.15621133760607,1987.410993990634,0.7097896407109408,0.0,-243.1819223123851,-243.1819223123851,-200.0,0,0,0
2026-01-19 11:30:00,ZONE_A,2650.3502730606424,1090.450180563066,10.447030012631105,2428.4789754839026,0.6938511358525435,0.0,300.0,0,0,0,711.067062300692,711.067062300692,2728.4789754839026,0.7795654215668293,0.0,-700.6200322880609,-700.6200322880609,-300.0,0,0,0
2026-01-19 11:30:00,ZONE_B,1944.8486754573391,660.3055980139592,10.10664927670075,1735.5463622558943,0.6198379865199622,0.0,200.0,0,0,0,263.9119065642988,263.9119065642988,1935.5463622558943,0.6912665579485336,0.0,-253.80525728759807,-253.80525728759807,-200.0,0,0,0
2026-01-19 11:45:00,ZONE_A,2654.700139056347,1156.584797860839,23.03526953729215,2444.745056267191,0.6984985875049118,0.0,300.0,0,0,0,748.1362378680899,748.1362378680899,2744.745056267191,0.7842128732191974,0.0,-725.1009683307977,-725.1009683307977,-300.0,0,0,0
2026-01-19 11:45:00,ZONE_B,1892.259316629071,676.6565111285215,0.0,1702.889853530975,0.6081749476896339,0.0,200.0,0,0,0,209.42578236017997,209.42578236017997,1902.889853530975,0.6796035191182054,0.0,-209.42578236017997,-209.42578236017994,-200.0,0,0,0
2026-01-19 12:00:00,ZONE_A,2666.7316234871405,1264.357047115158,34.31862971347027,2485.6354991826656,0.7101815711950473,0.0,300.0,0,0,0,739.4169941733999,739.4169941733999,2785.6354991826656,0.7958958569093331,0.0,-705.0983644599296,-705.0983644599296,-300.0,0,0,0
2026-01-19 12:15:00,ZONE_A,2695.842472988923,1374.9496010019584,36.16491359675274,2536.498274659385,0.7247137927598243,0.0,300.0,0,0,0,903.72389125284,903.72389125284,2836.498274659385,0.81042807847411,0.0,-867.5589776560872,-867.5589776560872,-300.0,0,0,0
2026-01-19 12:15:00,ZONE_B,1993.379722775076,793.2902665326945,2.993723063092034,1814.9177376132875,0.6481849062904598,0.0,200.0,0,0,0,195.33642767452903,195.33642767452903,2014.9177376132875,0.7196134777190313,0.0,-192.342704611437,-192.34270461143706,-200.0,0,0,0
2026-01-19 12:30:00,ZONE_A,2699.3347246492626,1460.2357961256994,24.78837353925292,2568.7364500344747,0.7339247000098499,0.0,300.0,0,0,0,990.097393981,990.097393981,2868.7364500344747,0.8196389857241356,0.0,-965.3090204417471,-965.3090204417471,-300.0,0,0,0
2026-01-19 12:30:00,ZONE_B,1986.4261923160784,838.728729065954,20.655704640233125,1823.657123895514,0.6513061156769693,0.0,200.0,0,0,0,344.9813512848,344.9813512848,2023.657123895514,0.7227346871055407,0.0,-324.32564664456686,-324.32564664456686,-200.0,0,0,0
2026-01-19 12:45:00,ZONE_A,2652.6931148489507,1504.515168698027,43.96339295723487,2534.8372314690564,0.724239208991159,0.0,300.0,0,0,0,1052.5590826475,1052.5590826475,2834.8372314690564,0.8099534947054446,0.0,-1008.5956896902651,-1008.5956896902651,-300.0,0,0,0
2026-01-19 12:45:00,ZONE_B,1952.0863965553208,840.5533074630945,9.415852585674656,1798.3959455473653,0.6422842662669161,0.0,200.0,0,0,0,232.73454034699205,232.73454034699205,1998.3959455473653,0.7137128376954875,0.0,-223.3186877613174,-223.3186877613174,-200.0,0,0,0
2026-01-19 13:00:00,ZONE_A,2682.201758432368,1598.0127039305437,46.53180474495366,2579.852284227225,0.73710065263635,0.0,300.0,0,0,0,1057.938666872746,1057.938666872746,2879.852284227225,0.8228149383506357,0.0,-1011.4068621277922,-1011.4068621277922,-300.0,0,0,0
2026-01-19 13:00:00,ZONE_B,1932.5671416105183,853.2912040630711,9.854107221635443,1789.8274610838066,0.6392240932442167,0.0,200.0,0,0,0,392.6568214376599,392.6568214376599,1989.8274610838066,0.7106526646727881,0.0,-382.80271421602447,-382.80271421602447,-200.0,0,0,0
2026-01-19 13:15:00,ZONE_A,2698.302684417092,1560.1915189865915,10.376984303882864,2590.5583433284464,0.7401595266652704,0.0,300.0,0,0,0,1043.7482058352,1043.7482058352,2890.5583433284464,0.8258738123795561,0.0,-1033.3712215313171,-1033.3712215313171,-300.0,0,0,0
2026-01-19 13:15:00,ZONE_B,1963.8845568565823,843.6294145483871,0.0,1815.70720075394,0.6484668574121214,0.0,200.0,0,0,0,418.70339198917895,418.70339198917895,2015.70720075394,0.7198954288406929,0.0,-418.70339198917895,-418.70339198917895,-200.0,0,0,0
2026-01-19 13:30:00,ZONE_A,2666.433198915224,1545.5521288579066,34.78210745089336,2555.254077172751,0.7300725934779289,0.0,300.0,0,0,0,1062.5549901043198,1062.5549901043198,2855.254077172751,0.8157868791922145,0.0,-1027.7728826534264,-1027.7728826534264,-300.0,0,0,0
2026-01-19 13:30:00,ZONE_B,1899.1405230858488,804.4128710100123,0.0,1757.6114239740568,0.6277183657050203,0.0,200.0,0,0,0,243.609427787584,243.609427787584,1957.6114239740568,0.6991469371335918,0.0,-243.609427787584,-243.60942778758397,-200.0,0,0,0
2026-01-19 13:45:00,ZONE_A,2769.46391125538,1456.4800112415478,16.482280055574392,2613.849378608498,0.7468141081738565,0.0,300.0,0,0,0,993.27321850224,993.27321850224,2913.849378608498,0.8325283938881423,0.0,-976.7909384466656,-976.7909384466656,-300.0,0,0,0
2026-01-19 13:45:00,ZONE_B,2030.317615029222,736.2560482592345,0.0,1846.6251635981205,0.6595089869993287,0.0,200.0,0,0,0,374.86885166378806,374.86885166378806,2046.6251635981205,0.7309375584279002,0.0,-374.86885166378806,-374.86885166378806,-200.0,0,0,0
2026-01-19 14:00:00,ZONE_A,2658.9549880772443,1318.0956156781367,1.450076570694364,2490.582898533737,0.711595113866782,0.0,300.0,0,0,0,632.5337274255598,632.5337274255598,2790.582898533737,0.7973093995810677,0.0,-631.0836508548655,-631.0836508548655,-300.0,0,0,0
2026-01-19 14:00:00,ZONE_B,1963.3225629415435,695.2398522637261,0.0,1771.5754136438666,0.6327055048728095,0.0,200.0,0,0,0,224.6569096713144,224.6569096713144,1971.5754136438666,0.7041340763013809,0.0,-224.6569096713144,-224.6569096713144,-200.0,0,0,0
2026-01-19 14:15:00,ZONE_A,2701.646391940761,1346.325562418133,49.19152140097504,2529.186019646837,0.7226245770419534,0.0,300.0,0,0,0,882.1349554208402,882.1349554208402,2829.186019646837,0.8083388627562391,0.0,-832.9434340198652,-832.9434340198652,-300.0,0,0,0
2026-01-19 14:15:00,ZONE_B,1940.2307631223227,678.8824929396854,6.999948819892438,1752.5788716130196,0.6259210255760784,0.0,200.0,0,0,0,190.98496716670297,190.98496716670297,1952.5788716130196,0.6973495970046498,0.0,-183.98501834681053,-183.98501834681053,-200.0,0,0,0
2026-01-19 14:30:00,ZONE_A,2665.9929114467127,1300.2627163817106,40.46915831703291,2488.7841005187142,0.7110811715767755,0.0,300.0,0,0,0,869.6303823000001,869.6303823000001,2788.7841005187142,0.7967954572910612,0.0,-829.1612239829672,-829.1612239829672,-300.0,0,0,0
2026-01-19 14:30:00,ZONE_B,1929.5570566737847,650.5150189831694,0.0,1736.486212913463,0.620173647469094,0.0,200.0,0,0,0,213.72392253292,213.72392253292,1936.486212913463,0.6916022188976654,0.0,-213.72392253292,-213.72392253292003,-200.0,0,0,0
2026-01-19 14:45:00,ZONE_A,2673.144767305213,1236.9769050416735,17.536406487623253,2480.060833453309,0.7085888095580882,0.0,300.0,0,0,0,862.04653118283,862.04653118283,2780.060833453309,0.794303095272374,0.0,-844.5101246952067,-844.5101246952067,-300.0,0,0,0
2026-01-19 14:45:00,ZONE_B,1916.7219639840057,630.4962334868322,0.0,1720.0509027149606,0.6143038938267716,0.0,200.0,0,0,0,178.33560457499806,178.33560457499806,1920.0509027149606,0.685732465255343,0.0,-178.33560457499806,-178.33560457499806,-200.0,0,0,0
2026-01-19 15:00:00,ZONE_A,2701.748224534981,1245.849568455566,16.691377279237713,2504.3914512464994,0.715540414641857,0.0,300.0,0,0,0,826.7542599516898,826.7542599516898,2804.3914512464994,0.8012547003561427,0.0,-810.0628826724521,-810.0628826724521,-300.0,0,0,0
2026-01-19 15:00:00,ZONE_B,1951.5747943988283,613.9930197432561,3.8839290667851856,1748.539298972832,0.6244783210617257,0.0,200.0,0,0,0,141.277959945835,141.277959945835,1948.539298972832,0.6959068924902971,0.0,-137.3940308790498,-137.3940308790498,-200.0,0,0,0
2026-01-19 15:15:00,ZONE_A,2725.726031261094,1063.3312219715194,4.673458301581832,2474.205747472739,0.706915927849354,0.0,300.0,0,0,0,604.9111203932399,604.9111203932399,2774.205747472739,0.7926302135636397,0.0,-600.2376620916581,-600.2376620916581,-300.0,0,0,0
2026-01-19 15:30:00,ZONE_A,2675.822305523462,985.6074051418834,0.0,2413.340877569664,0.6895259650199039,0.0,300.0,0,0,0,542.566117478424,542.566117478424,2713.340877569664,0.7752402507341897,0.0,-542.566117478424,-542.566117478424,-300.0,0,0,0
2026-01-19 15:45:00,ZONE_A,2676.7464716102504,997.3800246757633,0.0,2414.470606058181,0.6898487445880518,0.0,300.0,0,0,0,469.773821786736,469.773821786736,2714.470606058181,0.7755630303023374,0.0,-469.773821786736,-469.773821786736,-300.0,0,0,0
2026-01-19 16:00:00,ZONE_A,2782.836670090123,1010.27715707955,0.0,2503.9054291833804,0.7154015511952515,0.0,300.0,0,0,0,428.8455299370741,428.8455299370741,2803.9054291833804,0.8011158369095372,0.0,-428.8455299370741,-428.84552993707405,-300.0,0,0,0
2026-01-19 16:15:00,ZONE_A,2820.3965656723863,988.146519861254,14.415310918364868,2525.618527337505,0.7216052935250014,0.0,300.0,0,0,0,434.31879325032,434.31879325032,2825.618527337505,0.8073195792392871,0.0,-419.90348233195516,-419.90348233195516,-300.0,0,0,0
2026-01-19 16:30:00,ZONE_A,2793.241741416193,935.6849368282628,8.608239863250901,2485.860666237416,0.7102459046392617,0.0,300.0,0,0,0,324.15222934892506,324.15222934892506,2785.860666237416,0.7959601903535474,0.0,-315.54398948567416,-315.54398948567416,-300.0,0,0,0
2026-01-19 16:45:00,ZONE_A,2795.3829690461475,883.443966795518,16.285040212997046,2472.51495876996,0.7064328453628457,0.0,300.0,0,0,0,295.07979692617494,295.07979692617494,2772.51495876996,0.7921471310771314,0.0,-278.7947567131779,-278.7947567131779,-300.0,0,0,0
2026-01-19 17:00:00,ZONE_A,2787.176488372347,707.5187142185426,8.196171221543182,2417.3657195921523,0.6906759198834721,0.0,300.0,0,0,0,65.12136257588202,65.12136257588202,2717.3657195921523,0.7763902055977578,0.0,-56.925191354338835,-56.925191354338835,-300.0,0,0,0
2026-01-19 17:15:00,ZONE_A,2814.712660049612,609.2671679927245,0.0,2416.57595926882,0.6904502740768057,0.0,300.0,0,0,0,56.31188437122205,56.31188437122205,2716.57595926882,0.7761645597910914,0.0,-56.31188437122205,-56.31188437122205,-300.0,0,0,0
2026-01-19 17:30:00,ZONE_A,2792.4619275296504,726.4571258332032,17.48401869794941,2422.976117075001,0.6922788905928575,0.0,300.0,0,0,0,84.12029855873521,84.12029855873521,2722.976117075001,0.7779931763071432,0.0,-66.6362798607858,-66.63627986078575,-300.0,0,0,0
2026-01-19 17:45:00,ZONE_A,2819.581417171258,602.2391288101069,0.0,2417.811441022162,0.6908032688634749,0.0,300.0,0,0,0,73.64147093045801,73.64147093045801,2717.811441022162,0.7765175545777605,0.0,-73.64147093045801,-73.64147093045801,-300.0,0,0,0
2026-01-19 18:15:00,ZONE_A,2792.39275701925,460.03795975791337,1.4650509030042826,2391.012483844815,0.6831464239556615,0.0,278.938847711925,0,0,0,0.0,0.0,2669.95133155674,0.76284323758764,0.0,1.4650509030042826,1.4650509030042826,-278.93884771192506,0,0,0
2026-01-19 18:30:00,ZONE_A,2785.558258694075,459.7834555994125,5.912839704292082,2384.200264801796,0.6812000756576561,0.0,300.0,0,0,0,0.2535727217832004,0.2535727217832004,2684.200264801796,0.7669143613719417,0.0,5.659266982508882,5.659266982508882,-300.0,0,0,0
2026-01-19 19:30:00,ZONE_A,2812.335480793785,553.0316824905995,2.094601917114801,2410.707990663306,0.6887737116180875,0.0,293.868697291904,0,0,0,0.0,0.0,2704.57668795521,0.7727361965586315,0.0,2.094601917114801,2.094601917114801,-293.868697291904,0,0,0
2026-01-19 20:30:00,ZONE_A,2791.291830177694,442.00305558387896,4.206192370156828,2390.0353157381232,0.6828672330680352,0.0,275.71152474819604,0,0,0,0.0,0.0,2665.7468404863193,0.7616419544246626,0.0,4.206192370156828,4.206192370156828,-275.7115247481961,0,0,0
2026-01-19 21:15:00,ZONE_A,2659.0157898182297,559.1020440500639,0.0,2274.1139798046747,0.6497468513727642,0.0,285.363043025536,0,0,0,0.0,0.0,2559.477022830211,0.7312791493800602,0.0,0.0,0.0,-285.3630430255362,0,0,0
2026-01-19 21:30:00,ZONE_A,2603.0762994580355,469.1287557100216,17.462853522269143,2203.711423973364,0.6296318354209612,0.0,269.209983852544,0,0,0,0.0,0.0,2472.9214078259083,0.7065489736645453,0.0,17.462853522269143,17.462853522269143,-269.20998385254416,0,0,0
2026-01-19 21:45:00,ZONE_A,2615.5244596620446,420.1404184193452,0.0,2214.2778147575864,0.6326508042164533,0.0,239.199985817574,0,0,0,0.0,0.0,2453.4778005751605,0.7009936573071887,0.0,0.0,0.0,-239.1999858175741,0,0,0
2026-01-19 22:15:00,ZONE_A,2536.744368052095,606.3557963700247,0.2194069129640183,2187.600990145233,0.6250288543272094,0.0,300.0,0,0,0,1.071521433599969,1.071521433599969,2487.600990145233,0.7107431400414952,0.0,-0.8521145206359507,-0.8521145206359506,-300.0,0,0,0
2026-01-19 22:30:00,ZONE_A,2482.3223824240376,573.2550999557792,0.0,2138.061601118324,0.6108747431766639,0.0,300.0,0,0,0,90.05714063650998,90.05714063650998,2438.061601118324,0.6965890288909496,0.0,-90.05714063650998,-90.05714063650998,-300.0,0,0,0
2026-01-19 22:45:00,ZONE_A,2499.120069664365,606.4928658259139,10.835499295972,2157.539249061756,0.616439785446216,0.0,300.0,0,0,0,150.15057879024602,150.15057879024602,2457.539249061756,0.7021540711605017,0.0,-139.31507949427402,-139.31507949427402,-300.0,0,0,0
2026-01-19 23:00:00,ZONE_A,2406.159073957221,596.1756030662762,0.0,2083.156285487539,0.5951875101392969,0.0,300.0,0,0,0,57.35079447222995,57.35079447222995,2383.156285487539,0.6809017958535827,0.0,-57.35079447222995,-57.35079447222995,-300.0,0,0,0
2026-01-19 23:15:00,ZONE_A,2365.0008419187743,529.2898226452943,18.4043082495142,2028.4544120102769,0.5795584034315077,0.0,300.0,0,0,0,77.13269748583991,77.13269748583991,2328.454412010277,0.6652726891457934,0.0,-58.72838923632571,-58.72838923632571,-300.0,0,0,0
2026-01-19 23:30:00,ZONE_A,2364.947099533509,458.4850205327042,4.8452910666611615,2011.177605154389,0.5746221729012541,0.0,267.572413431083,0,0,0,0.0,0.0,2278.750018585472,0.6510714338815634,0.0,4.8452910666611615,4.8452910666611615,-267.57241343108285,0,0,0
2026-01-19 23:45:00,ZONE_A,2367.6673842705627,389.4539059045912,18.07035590730544,1994.131851877604,0.5697519576793154,0.0,300.0,0,0,0,20.964466286786436,20.964466286786436,2294.1318518776043,0.6554662433936013,0.0,-2.8941103794809955,-2.894110379480992,-300.0000000000002,0,0,0
2026-01-20 00:15:00,ZONE_A,2281.17902473134,303.5895510136777,0.0,1905.504593989877,0.5444298839971078,0.0,300.0,0,0,0,10.35672713095596,10.35672713095596,2205.5045939898773,0.6301441697113935,0.0,-10.35672713095596,-10.35672713095596,-300.0000000000002,0,0,0
2026-01-20 01:00:00,ZONE_A,2278.488772733317,431.4460882598213,0.0,1935.867989982094,0.553105139994884,0.0,300.0,0,0,0,27.18768678373817,27.18768678373817,2235.867989982094,0.6388194257091697,0.0,-27.18768678373817,-27.187686783738172,-300.0,0,0,0
2026-01-20 01:15:00,ZONE_A,2249.780638870878,520.5334638813879,0.0,1936.360085630508,0.5532457387515737,0.0,300.0,0,0,0,5.409258345375974,5.409258345375974,2236.360085630508,0.6389600244658594,0.0,-5.409258345375974,-5.409258345375974,-300.0,0,0,0
2026-01-20 01:30:00,ZONE_A,2269.779168749493,582.5395473976332,8.740640443392522,1966.651205699944,0.5619003444856983,0.0,287.57744084292443,0,0,0,0.0,0.0,2254.2286465428683,0.6440653275836766,0.0,8.740640443392522,8.740640443392522,-287.57744084292426,0,0,0
2026-01-20 01:45:00,ZONE_A,2267.67659955116,594.6106783215287,12.667955286757888,1967.5066015647287,0.5621447433042082,0.0,300.0,0,0,0,73.01665060024203,73.01665060024203,2267.506601564729,0.647859029018494,0.0,-60.34869531348414,-60.348695313484086,-300.0000000000002,0,0,0
2026-01-20 02:00:00,ZONE_A,2302.5188873894053,532.5259346010149,0.0,1981.7145684054103,0.5662041624015458,0.0,300.0,0,0,0,9.797080553150977,9.797080553150977,2281.7145684054103,0.6519184481158316,0.0,-9.797080553150977,-9.797080553150977,-300.0,0,0,0
2026-01-20 02:15:00,ZONE_A,2242.127079772902,437.2184662297472,0.0,1909.4842300841565,0.5455669228811876,0.0,300.0,0,0,0,16.224507436650015,16.224507436650015,2209.4842300841565,0.6312812085954733,0.0,-16.224507436650015,-16.224507436650015,-300.0,0,0,0
2026-01-20 02:30:00,ZONE_A,2277.942548459773,469.3747646278624,0.0,1946.873632245636,0.5562496092130388,0.0,300.0,0,0,0,22.884539499284017,22.884539499284017,2246.873632245636,0.6419638949273246,0.0,-22.884539499284017,-22.884539499284017,-300.0000000000002,0,0,0
2026-01-20 02:45:00,ZONE_A,2313.560069185344,380.9707358769167,4.996079598378287,1948.553627621126,0.5567296078917503,0.0,256.223408500199,0,0,0,0.0,0.0,2204.777036121325,0.6299362960346644,0.0,4.996079598378287,4.996079598378287,-256.2234085001992,0,0,0
2026-01-20 03:30:00,ZONE_A,2308.69200558293,575.7370050646882,11.556086904387598,1994.6765130347264,0.569907575152779,0.0,300.0,0,0,0,99.46721938634198,99.46721938634198,2294.6765130347267,0.6556218608670648,0.0,-87.91113248195438,-87.91113248195438,-300.0000000000002,0,0,0
2026-01-20 03:45:00,ZONE_A,2275.179873822213,605.1170588695467,8.220228943410461,1978.386773140589,0.565253363754454,0.0,300.0,0,0,0,0.5973897422999812,0.5973897422999812,2278.386773140589,0.6509676494687398,0.0,7.62283920111048,7.622839201110537,-300.0,0,0,0
2026-01-20 04:00:00,ZONE_A,2275.714792079086,602.4432331264326,6.101541024564199,1978.7793323604765,0.5653655235315647,0.0,300.0,0,0,0,36.59237572920006,36.59237572920006,2278.7793323604765,0.6510798092458504,0.0,-30.49083470463586,-30.49083470463586,-300.0,0,0,0
2026-01-20 04:15:00,ZONE_A,2308.6355383954283,602.1424310878588,11.200247936426877,2005.071398500196,0.5728775424286274,0.0,300.0,0,0,0,123.164711698119,123.164711698119,2305.0713985001958,0.6585918281429131,0.0,-111.96446376169213,-111.96446376169212,-299.9999999999998,0,0,0
2026-01-20 04:30:00,ZONE_A,2273.017281112318,562.8331087394987,3.361182809682873,1963.874235179409,0.561106924336974,0.0,300.0,0,0,0,38.66555842687495,38.66555842687495,2263.874235179409,0.6468212100512597,0.0,-35.30437561719208,-35.304375617192136,-300.0,0,0,0
2026-01-20 04:45:00,ZONE_A,2278.6772884998686,602.7742631185828,9.697449763094028,1981.174492352012,0.5660498549577178,0.0,300.0,0,0,0,23.539360134562003,23.539360134562003,2281.174492352012,0.6517641406720034,0.0,-13.841910371467975,-13.841910371467975,-299.9999999999998,0,0,0
2026-01-20 05:00:00,ZONE_A,2289.3590360952976,599.0195284092116,3.849324656034014,1989.702829810149,0.5684865228028997,0.0,300.0,0,0,0,189.31554319647995,189.31554319647995,2289.702829810149,0.6542008085171854,0.0,-185.46621854044594,-185.46621854044594,-300.0,0,0,0
2026-01-20 05:15:00,ZONE_A,2314.645857631342,593.8365459675477,0.6277707612396171,2009.93705451238,0.57426772986068,0.0,300.0,0,0,0,37.55765104909682,37.55765104909682,2309.93705451238,0.6599820155749657,0.0,-36.9298802878572,-36.929880287857145,-300.0000000000002,0,0,0
2026-01-20 05:30:00,ZONE_A,2263.467635058652,601.9511068033923,0.0,1968.9640288716384,0.5625611511061824,0.0,300.0,0,0,0,53.37707023479993,53.37707023479993,2268.964028871638,0.6482754368204681,0.0,-53.37707023479993,-53.37707023479993,-299.9999999999998,0,0,0
2026-01-20 05:45:00,ZONE_A,2265.787196794716,593.0083616322519,1.730597133748347,1970.8575420745672,0.5631021548784477,0.0,300.0,0,0,0,39.88051991574298,39.88051991574298,2270.8575420745674,0.6488164405927336,0.0,-38.14992278199463,-38.14992278199463,-300.0000000000002,0,0,0
2026-01-20 06:00:00,ZONE_A,2551.651219551453,600.2713026349168,0.0,2199.544559841799,0.6284413028119427,0.0,300.0,0,0,0,108.21929518089996,108.21929518089996,2499.544559841799,0.7141555885262283,0.0,-108.21929518089996,-108.21929518089996,-300.0,0,0,0
2026-01-20 06:15:00,ZONE_A,2592.369894779774,587.2804981124259,12.550305736852806,2225.34420079432,0.6358126287983771,0.0,300.0,0,0,0,54.00593907775999,54.00593907775999,2525.34420079432,0.7215269145126628,0.0,-41.455633340907184,-41.455633340907184,-300.0,0,0,0
2026-01-20 06:30:00,ZONE_A,2589.5523930537192,470.7316329896744,0.0,2196.369492824463,0.6275341408069894,0.0,300.0,0,0,0,100.25833633099302,100.25833633099302,2496.369492824463,0.7132484265212752,0.0,-100.25833633099302,-100.25833633099302,-300.0,0,0,0
2026-01-20 06:45:00,ZONE_A,2642.202485156801,480.3137919467365,0.0,2240.762085053285,0.6402177385866529,0.0,300.0,0,0,0,18.988029765384,18.988029765384,2540.762085053285,0.7259320243009385,0.0,-18.988029765384,-18.988029765384,-300.0,0,0,0
2026-01-20 07:30:00,ZONE_A,2723.281932545173,426.5476174279602,0.0,2322.218685446337,0.6634910529846677,0.0,278.87479276347125,0,0,0,0.0,0.0,2601.0934782098084,0.7431695652028024,0.0,0.0,0.0,-278.8747927634713,0,0,0
2026-01-20 07:45:00,ZONE_A,2763.884833473292,486.53568715777294,2.5872258044508385,2362.737615410096,0.6750678901171704,0.0,262.86423441881703,0,0,0,0.0,0.0,2625.601849828913,0.7501719570939752,0.0,2.5872258044508385,2.5872258044508385,-262.864234418817,0,0,0
2026-01-20 08:00:00,ZONE_A,2798.085602021814,468.61216295091145,5.518786885364705,2397.115346691028,0.6848900990545795,0.0,249.7965256131945,0,0,0,0.0,0.0,2646.911872304223,0.7562605349440636,0.0,5.518786885364705,5.518786885364705,-249.79652561319472,0,0,0
2026-01-20 08:30:00,ZONE_A,2874.386413289306,681.082211699184,15.735001106761048,2488.1607795123286,0.7109030798606654,0.0,300.0,0,0,0,170.08484333840164,170.08484333840164,2788.1607795123286,0.796617365574951,0.0,-154.3498422316406,-154.3498422316406,-300.0,0,0,0
2026-01-20 08:45:00,ZONE_A,2915.536729355192,741.1457985723789,0.0,2539.8558933673894,0.7256731123906827,0.0,300.0,0,0,0,108.0365058556452,108.0365058556452,2839.8558933673894,0.8113873981049684,0.0,-108.0365058556452,-108.03650585564515,-300.0,0,0,0
2026-01-20 09:00:00,ZONE_A,2908.80829886874,938.3364110366298,22.46973230243259,2586.252780719703,0.7389293659199151,0.0,300.0,0,0,0,507.80829576621,507.80829576621,2886.252780719703,0.8246436516342008,0.0,-485.3385634637774,-485.3385634637774,-300.0,0,0,0
2026-01-20 09:15:00,ZONE_A,2995.256166004541,1122.0886002661682,10.690856761434816,2704.6123261528446,0.7727463789008128,0.0,300.0,0,0,0,612.8759303190676,612.8759303190676,3004.6123261528446,0.8584606646150985,0.0,-602.1850735576328,-602.1850735576328,-300.0,0,0,0
2026-01-20 09:30:00,ZONE_A,3024.577370809553,1261.9307711210604,33.429064253446995,2765.3172122439537,0.7900906320697011,0.0,300.0,0,0,0,661.3176739590201,661.3176739590201,3065.3172122439537,0.8758049177839867,0.0,-627.8886097055731,-627.8886097055731,-300.0,0,0,0
2026-01-20 09:30:00,ZONE_B,2231.428452795884,627.1161537897478,2.888580383464273,1971.356880344412,0.7040560286944328,0.0,200.0,0,0,0,117.29959737494904,117.29959737494904,2171.3568803444123,0.7754846001230044,0.0,-114.41101699148477,-114.41101699148476,-200.00000000000023,0,0,0
2026-01-20 09:45:00,ZONE_A,3023.9417693932137,1330.1306559167842,8.23702178035819,2786.5664963472227,0.7961618560992065,0.0,300.0,0,0,0,658.995044684992,658.995044684992,3086.5664963472227,0.8818761418134922,0.0,-650.7580229046338,-650.7580229046338,-300.0,0,0,0
2026-01-20 10:00:00,ZONE_A,2792.1595119030585,1278.024588727741,0.0,2589.540419917128,0.7398686914048938,0.0,300.0,0,0,0,752.5164695906251,752.5164695906251,2889.540419917128,0.8255829771191794,0.0,-752.5164695906251,-752.5164695906251,-300.0,0,0,0
2026-01-20 10:15:00,ZONE_A,2687.052571816223,1347.0382266889687,37.919949353120046,2520.1483089479902,0.72004237398514,0.0,300.0,0,0,0,843.2072342516399,843.2072342516399,2820.1483089479902,0.8057566596994258,0.0,-805.2872848985198,-805.2872848985198,-300.0,0,0,0
2026-01-20 10:15:00,ZONE_B,1899.716995604511,677.607995644214,0.0,1727.9938163006366,0.6171406486787988,0.0,200.0,0,0,0,166.15875486217902,166.15875486217902,1927.9938163006366,0.6885692201073702,0.0,-166.15875486217902,-166.15875486217902,-200.0,0,0,0
2026-01-20 10:30:00,ZONE_A,2729.947431097491,1345.012063009002,52.54834359818983,2550.773887686669,0.7287925393390482,0.0,300.0,0,0,0,893.86089276692,893.86089276692,2850.773887686669,0.8145068250533339,0.0,-841.3125491687301,-841.3125491687301,-300.0,0,0,0
2026-01-20 10:30:00,ZONE_B,2108.62632234537,675.8262989235609,20.20400182409844,1887.740127886235,0.6741929028165126,0.0,200.0,0,0,0,295.020035614243,295.020035614243,2087.7401278862353,0.7456214742450841,0.0,-274.81603379014456,-274.81603379014456,-200.00000000000023,0,0,0
2026-01-20 10:45:00,ZONE_A,2775.2896919484024,1196.004143518726,13.201627052402271,2547.489621817668,0.727854177662191,0.0,300.0,0,0,0,879.2961603069539,879.2961603069539,2847.489621817668,0.8135684633764766,0.0,-866.0945332545516,-866.0945332545516,-300.0,0,0,0
2026-01-20 10:45:00,ZONE_B,2073.023642587337,636.9395639663305,0.0,1841.6510490506623,0.6577325175180937,0.0,200.0,0,0,0,189.979530634895,189.979530634895,2041.6510490506623,0.7291610889466651,0.0,-189.979530634895,-189.979530634895,-200.0,0,0,0
2026-01-20 11:00:00,ZONE_A,2657.226739254637,1327.7477665125398,42.99395477023063,2491.8976809494898,0.7119707659855685,0.0,300.0,0,0,0,850.81068065196,850.81068065196,2791.8976809494898,0.7976850516998543,0.0,-807.8167258817293,-807.8167258817293,-300.0,0,0,0
2026-01-20 11:00:00,ZONE_B,1911.6726796505548,727.2198846267712,8.93280948089307,1735.2815311407608,0.6197434039788431,0.0,200.0,0,0,0,179.16382246924996,179.16382246924996,1935.2815311407608,0.6911719754074146,0.0,-170.2310129883569,-170.23101298835695,-200.0,0,0,0
2026-01-20 11:15:00,ZONE_A,2686.048672232572,1233.5440956530315,23.840896626926224,2490.7273199006995,0.7116363771144856,0.0,300.0,0,0,0,880.654817292364,880.654817292364,2790.7273199006995,0.7973506628287713,0.0,-856.8139206654378,-856.8139206654378,-300.0,0,0,0
2026-01-20 11:30:00,ZONE_A,2700.840223697884,1148.3451040858224,24.47528248505182,2479.708890454038,0.7084882544154394,0.0,300.0,0,0,0,719.3815982063,719.3815982063,2779.708890454038,0.7942025401297251,0.0,-694.9063157212482,-694.9063157212482,-300.0,0,0,0
2026-01-20 11:45:00,ZONE_A,2673.9111097324626,1170.8559804428758,11.263045235896016,2469.4872874366465,0.7055677964104704,0.0,300.0,0,0,0,753.24645420414,753.24645420414,2769.4872874366465,0.7912820821247561,0.0,-741.983408968244,-741.983408968244,-300.0,0,0,0
2026-01-20 11:45:00,ZONE_B,1980.701581775381,693.6977364161938,6.865358086812307,1778.5479306102263,0.6351956895036522,0.0,200.0,0,0,0,164.16793531698994,164.16793531698994,1978.5479306102263,0.7066242609322236,0.0,-157.30257723017763,-157.30257723017758,-200.0,0,0,0
2026-01-20 12:00:00,ZONE_A,2661.913967828132,1151.3471659349505,27.24893707097704,2451.538945754596,0.7004396987870275,0.0,300.0,0,0,0,923.73119284008,923.73119284008,2751.538945754596,0.7861539845013132,0.0,-896.482255769103,-896.482255769103,-300.0,0,0,0
2026-01-20 12:00:00,ZONE_B,1970.473687892095,686.4359958049787,0.3035309285304493,1765.323896026844,0.6304728200095872,0.0,200.0,0,0,0,163.9993236488,163.9993236488,1965.323896026844,0.7019013914381586,0.0,-163.69579272026954,-163.69579272026954,-200.0,0,0,0
2026-01-20 12:15:00,ZONE_A,2706.953935409,1047.9815432159407,44.34990369815739,2456.939213459919,0.7019826324171197,0.0,300.0,0,0,0,805.5344704803999,805.5344704803999,2756.939213459919,0.7876969181314054,0.0,-761.1845667822425,-761.1845667822425,-300.0,0,0,0
2026-01-20 12:15:00,ZONE_B,2099.7422309051803,646.3947104853407,5.07896931416019,1854.6901737608337,0.6623893477717263,0.0,200.0,0,0,0,206.424961778944,206.424961778944,2054.6901737608337,0.7338179192002977,0.0,-201.34599246478382,-201.34599246478382,-200.0,0,0,0
2026-01-20 12:30:00,ZONE_A,2813.976627053119,971.511360594373,17.63238296365148,2525.520315789692,0.7215772330827692,0.0,300.0,0,0,0,672.5526334088,672.5526334088,2825.520315789692,0.8072915187970549,0.0,-654.9202504451486,-654.9202504451486,-300.0,0,0,0
2026-01-20 12:30:00,ZONE_B,2132.911655138761,598.4763233480244,0.0,1869.2798380240808,0.6675999421514575,0.0,200.0,0,0,0,102.73614204224612,102.73614204224612,2069.279838024081,0.739028513580029,0.0,-102.73614204224612,-102.73614204224612,-200.00000000000023,0,0,0
2026-01-20 12:45:00,ZONE_A,2817.289340714712,1041.7567690827864,9.452215756233272,2547.46324263349,0.7278466407524258,0.0,300.0,0,0,0,711.4051613831001,711.4051613831001,2847.46324263349,0.8135609264667115,0.0,-701.9529456268668,-701.9529456268668,-300.0,0,0,0
2026-01-20 12:45:00,ZONE_B,2121.608279151252,611.812223974243,0.0,1868.7622072144463,0.6674150740051594,0.0,200.0,0,0,0,200.60330412877,200.60330412877,2068.7622072144463,0.7388436454337308,0.0,-200.60330412877,-200.60330412877,-200.0,0,0,0
2026-01-20 13:00:00,ZONE_A,2671.243651453597,1016.6536441371668,0.0,2425.856734532088,0.6931019241520251,0.0,300.0,0,0,0,724.0501730073479,724.0501730073479,2725.856734532088,0.7788162098663108,0.0,-724.0501730073479,-724.0501730073479,-300.0,0,0,0
2026-01-20 13:00:00,ZONE_B,1915.14347467042,637.6574458851214,0.0,1705.3341198703747,0.6090478999537052,0.0,200.0,0,0,0,249.29413130315112,249.29413130315112,1905.3341198703747,0.6804764713822766,0.0,-249.29413130315112,-249.29413130315112,-200.0,0,0,0
2026-01-20 13:15:00,ZONE_A,2696.0494008592987,1096.1633422103178,21.92477273571535,2466.401321556945,0.7046860918734128,0.0,300.0,0,0,0,737.8664502532381,737.8664502532381,2766.401321556945,0.7904003775876985,0.0,-715.9416775175227,-715.9416775175227,-300.0,0,0,0
2026-01-20 13:30:00,ZONE_A,2673.714451724286,966.9649611281666,20.05615257163163,2407.833824297292,0.6879525212277977,0.0,300.0,0,0,0,656.6439261751681,656.6439261751681,2707.833824297292,0.7736668069420833,0.0,-636.5877736035364,-636.5877736035364,-300.0,0,0,0
2026-01-20 13:30:00,ZONE_B,1919.528754389671,591.5409583006774,3.579095973190306,1696.802815180631,0.6060010054216539,0.0,200.0,0,0,0,237.9599866839345,237.9599866839345,1896.802815180631,0.6774295768502253,0.0,-234.38089071074418,-234.3808907107442,-200.0,0,0,0
2026-01-20 13:45:00,ZONE_A,2645.6146383300947,1125.5220812048312,15.03354037658096,2432.0408716777047,0.6948688204793442,0.0,300.0,0,0,0,782.4839835738999,782.4839835738999,2732.0408716777047,0.7805831061936299,0.0,-767.4504431973189,-767.4504431973189,-300.0,0,0,0
2026-01-20 13:45:00,ZONE_B,1894.640730171558,665.0794826916424,13.171598865783608,1698.3009301294223,0.6065360464747936,0.0,200.0,0,0,0,280.6054783972,280.6054783972,1898.3009301294223,0.6779646179033652,0.0,-267.4338795314164,-267.4338795314164,-200.0,0,0,0
2026-01-20 14:00:00,ZONE_A,2739.215155874355,1148.2298916450984,43.72096773425187,2509.053568264492,0.716872448075569,0.0,300.0,0,0,0,733.7470377387001,733.7470377387001,2809.053568264492,0.8025867337898548,0.0,-690.0260700044482,-690.0260700044482,-300.0,0,0,0
2026-01-20 14:00:00,ZONE_B,2085.450335035236,663.9821301956963,0.0,1854.358573539535,0.6622709191212625,0.0,200.0,0,0,0,141.37190447663,141.37190447663,2054.358573539535,0.733699490549834,0.0,-141.37190447663,-141.37190447663,-200.0,0,0,0
2026-01-20 14:15:00,ZONE_A,2818.95755978452,1094.8346313955158,19.528650827961883,2565.308053040668,0.7329451580116194,0.0,300.0,0,0,0,723.9479152679,723.9479152679,2865.308053040668,0.818659443725905,0.0,-704.4192644399382,-704.4192644399382,-300.0,0,0,0
2026-01-20 14:15:00,ZONE_B,2089.079431926202,652.8251549425268,1.4872211138044804,1851.590121625392,0.6612821862947829,0.0,200.0,0,0,0,185.8644389723,185.8644389723,2051.590121625392,0.7327107577233543,0.0,-184.37721785849553,-184.37721785849556,-200.0,0,0,0
2026-01-20 14:30:00,ZONE_A,2683.2819986137106,992.2304498626526,14.440483098962318,2425.8814152895275,0.6931089757970078,0.0,300.0,0,0,0,652.40695816145,652.40695816145,2725.8814152895275,0.7788232615112936,0.0,-637.9664750624877,-637.9664750624877,-300.0,0,0,0
2026-01-20 14:30:00,ZONE_B,1926.8290916810129,615.1867930446031,0.0,1709.6707271948385,0.6105966882838709,0.0,200.0,0,0,0,142.28324813111993,142.28324813111993,1909.6707271948385,0.6820252597124423,0.0,-142.28324813111993,-142.28324813111993,-200.0,0,0,0
2026-01-20 14:45:00,ZONE_A,2679.2066695013577,939.839611575494,22.25558619541664,2409.8263371449257,0.6885218106128359,0.0,300.0,0,0,0,539.5562847175,539.5562847175,2709.8263371449257,0.7742360963271216,0.0,-517.3006985220834,-517.3006985220834,-300.0,0,0,0
2026-01-20 14:45:00,ZONE_B,1898.1164485383968,603.7240175908216,10.560654599864051,1678.4320435162922,0.5994400155415329,0.0,200.0,0,0,0,250.76244821212003,250.76244821212003,1878.4320435162922,0.6708685869701043,0.0,-240.20179361225598,-240.20179361225598,-200.0,0,0,0
2026-01-20 15:00:00,ZONE_A,2689.243919401149,889.3145436382437,6.556980479389381,2400.665344412757,0.6859043841179305,0.0,300.0,0,0,0,471.07966731117006,471.07966731117006,2700.665344412757,0.7716186698322163,0.0,-464.5226868317807,-464.5226868317807,-300.0,0,0,0
2026-01-20 15:00:00,ZONE_B,1930.1796824920827,542.8591911773661,0.3773397218401442,1691.8457398050498,0.6042306213589463,0.0,200.0,0,0,0,164.94010540781903,164.94010540781903,1891.8457398050498,0.6756591927875177,0.0,-164.5627656859789,-164.5627656859789,-200.0,0,0,0
2026-01-20 15:15:00,ZONE_A,2673.879216381465,851.3309220350493,12.867870020334069,2378.453326179566,0.6795580931941617,0.0,300.0,0,0,0,573.71535734652,573.71535734652,2678.453326179566,0.7652723789084475,0.0,-560.847487326186,-560.847487326186,-300.0,0,0,0
2026-01-20 15:15:00,ZONE_B,1920.225535057796,513.1876496122503,2.6567027322689114,1677.6430510941746,0.5991582325336338,0.0,200.0,0,0,0,126.04810599039996,126.04810599039996,1877.6430510941746,0.6705868039622052,0.0,-123.39140325813105,-123.39140325813105,-200.0,0,0,0
2026-01-20 15:30:00,ZONE_A,2655.748807909225,825.6921931168695,17.806197392658078,2357.337280720477,0.6735249373487077,0.0,300.0,0,0,0,448.696403007522,448.696403007522,2657.337280720477,0.7592392230629934,0.0,-430.89020561486393,-430.89020561486393,-300.0,0,0,0
2026-01-20 15:30:00,ZONE_B,1904.912009234064,524.5228063987915,6.208818513227129,1663.1411386019477,0.5939789780721242,0.0,200.0,0,0,0,209.461615049908,209.461615049908,1863.1411386019477,0.6654075495006956,0.0,-203.25279653668088,-203.25279653668088,-200.0,0,0,0
2026-01-20 15:45:00,ZONE_A,2679.028337795468,669.5009712036347,10.633840682359846,2334.768914812683,0.6670768328036236,0.0,300.0,0,0,0,330.75518518441606,330.75518518441606,2634.768914812683,0.7527911185179094,0.0,-320.1213445020562,-320.1213445020562,-300.0,0,0,0
2026-01-20 15:45:00,ZONE_B,1918.8363395709987,438.2841742210357,1.7802716911442076,1650.1703219279282,0.5893465435456886,0.0,200.0,0,0,0,89.7089522677,89.7089522677,1850.1703219279282,0.6607751149742601,0.0,-87.92868057655579,-87.92868057655579,-200.0,0,0,0
2026-01-20 16:00:00,ZONE_A,2813.65073992173,697.592602928593,12.593466170153192,2447.1994388823214,0.6991998396806632,0.0,300.0,0,0,0,283.39978275904,283.39978275904,2747.1994388823214,0.784914125394949,0.0,-270.80631658888683,-270.80631658888683,-300.0,0,0,0
2026-01-20 16:15:00,ZONE_A,2786.689950538835,651.0794742372316,0.0,2414.1583886002195,0.6897595396000628,0.0,300.0,0,0,0,212.67766871682,212.67766871682,2714.1583886002195,0.7754738253143484,0.0,-212.67766871682,-212.67766871682,-300.0,0,0,0
2026-01-20 16:30:00,ZONE_A,2816.794676972361,672.0496410217514,8.088632540894537,2437.8842983889867,0.696538370968282,0.0,300.0,0,0,0,153.82983208228006,153.82983208228006,2737.8842983889867,0.7822526566825676,0.0,-145.74119954138553,-145.74119954138553,-300.0,0,0,0
2026-01-20 16:45:00,ZONE_A,2809.5151181688066,584.7972464002551,11.01410300834482,2408.2931329241114,0.6880837522640318,0.0,300.0,0,0,0,151.10252969901,151.10252969901,2708.2931329241114,0.7737980379783176,0.0,-140.0884266906652,-140.0884266906652,-300.0,0,0,0
2026-01-20 17:00:00,ZONE_A,2790.9435879343464,495.8244668772505,13.956789713424882,2389.8693269630626,0.6828198077037322,0.0,300.0,0,0,0,42.8948957508,42.8948957508,2689.8693269630626,0.7685340934180179,0.0,-28.93810603737512,-28.93810603737512,-300.0,0,0,0
2026-01-21 08:15:00,ZONE_A,2831.7450306075534,306.1811066266406,16.57024053166333,2431.295668986545,0.6946559054247271,0.0,223.804339497408,0,0,0,0.0,0.0,2655.100008483953,0.7586000024239865,0.0,16.57024053166333,16.57024053166333,-223.8043394974079,0,0,0
2026-01-21 08:30:00,ZONE_A,2865.700395054804,332.8111493914165,0.2412747523472944,2465.2036084596025,0.704343888131315,0.0,199.043622444797,0,0,0,0.0,0.0,2664.2472309043997,0.7612134945441141,0.0,0.2412747523472944,0.24127475234729445,-199.04362244479717,0,0,0
2026-01-21 08:45:00,ZONE_A,2932.5192479970333,373.7019305864638,20.49316918049186,2531.9619130669093,0.7234176894476884,0.0,300.0,0,0,0,7.389043593053998,7.389043593053998,2831.9619130669093,0.8091319751619741,0.0,13.104125587437863,13.104125587437863,-300.0,0,0,0
2026-01-21 09:00:00,ZONE_A,2919.7916980705595,448.51351782310513,10.925270699072712,2519.111078329027,0.719746022379722,0.0,300.0,0,0,0,44.44327723188303,44.44327723188303,2819.111078329027,0.8054603080940077,0.0,-33.51800653281032,-33.51800653281032,-300.0,0,0,0
2026-01-21 09:15:00,ZONE_A,3235.4532797003044,459.9371633353941,9.269974498498357,2834.7757121375025,0.8099359177535721,0.0,281.2340534250795,0,0,0,0.0,0.0,3116.009765562582,0.8902885044464519,0.0,9.269974498498357,9.269974498498357,-281.2340534250793,0,0,0
2026-01-21 09:15:00,ZONE_B,2485.69410593922,337.78776165200645,10.11799813057047,2185.190522565053,0.7804251866303761,0.0,200.0,0,0,0,64.96379124062503,64.96379124062503,2385.190522565053,0.8518537580589475,0.0,-54.84579311005456,-54.84579311005456,-200.0,0,0,0
2026-01-21 09:30:00,ZONE_A,3086.4455838147487,511.1511631331624,16.140361534118313,2685.672297762471,0.7673349422178488,0.0,300.0,0,0,0,151.77120453669005,151.77120453669005,2985.672297762471,0.8530492279321346,0.0,-135.63084300257174,-135.63084300257174,-300.0,0,0,0
2026-01-21 09:30:00,ZONE_B,2293.2044430424626,372.5903406522816,7.508582265339953,1992.6276126388832,0.7116527187996011,0.0,200.0,0,0,0,31.196098981263987,31.196098981263987,2192.627612638883,0.7830812902281725,0.0,-23.687516715924033,-23.687516715924005,-199.99999999999977,0,0,0
2026-01-21 09:45:00,ZONE_A,3023.3997905594497,592.945836767876,19.63596757755465,2622.494685228472,0.7492841957795634,0.0,300.0,0,0,0,188.17754184662,188.17754184662,2922.494685228472,0.8349984814938491,0.0,-168.54157426906534,-168.54157426906534,-300.0,0,0,0
2026-01-21 09:45:00,ZONE_B,2245.707148599268,429.1058691197514,0.2595496310651697,1945.0623610784653,0.6946651289565947,0.0,200.0,0,0,0,104.22711189942402,104.22711189942402,2145.062361078465,0.7660937003851661,0.0,-103.96756226835885,-103.96756226835885,-199.99999999999977,0,0,0
2026-01-21 10:00:00,ZONE_A,2654.387635833056,633.5917584027959,0.0,2307.1703742738828,0.6591915355068236,0.0,300.0,0,0,0,202.12873115754,202.12873115754,2607.1703742738828,0.7449058212211094,0.0,-202.12873115754,-202.12873115753996,-300.0,0,0,0
2026-01-21 10:00:00,ZONE_B,1948.17975431215,469.8104582863649,1.2592715421831144,1677.8040577261345,0.5992157349021909,0.0,200.0,0,0,0,173.49261111434504,173.49261111434504,1877.8040577261345,0.6706443063307623,0.0,-172.23333957216192,-172.23333957216192,-200.0,0,0,0
2026-01-21 10:15:00,ZONE_A,2679.50570576732,626.1899219045505,25.901640391606293,2323.591908673508,0.6638834024781451,0.0,300.0,0,0,0,271.1652054240001,271.1652054240001,2623.591908673508,0.7495976881924309,0.0,-245.26356503239379,-245.26356503239379,-300.0,0,0,0
2026-01-21 10:15:00,ZONE_B,1995.6056240886023,451.2385788326494,0.0,1713.953807906496,0.6121263599666057,0.0,200.0,0,0,0,121.69527606506398,121.69527606506398,1913.953807906496,0.6835549313951771,0.0,-121.69527606506398,-121.69527606506398,-200.0,0,0,0
2026-01-21 10:30:00,ZONE_A,2687.62452679072,638.2081252793968,0.0,2335.690656110348,0.6673401874600994,0.0,300.0,0,0,0,229.829199452504,229.829199452504,2635.690656110348,0.7530544731743851,0.0,-229.829199452504,-229.82919945250399,-300.0,0,0,0
2026-01-21 10:30:00,ZONE_B,2030.8270819074185,484.9525061014416,15.402823527337205,1746.4715880430638,0.6237398528725228,0.0,200.0,0,0,0,205.469421949472,205.469421949472,1946.4715880430638,0.6951684243010942,0.0,-190.0665984221348,-190.0665984221348,-200.0,0,0,0
2026-01-21 10:45:00,ZONE_A,2699.764741676536,665.987305225996,16.146914161851896,2351.812221835746,0.6719463490959274,0.0,300.0,0,0,0,313.2984837129799,313.2984837129799,2651.812221835746,0.7576606348102132,0.0,-297.151569551128,-297.151569551128,-300.0,0,0,0
2026-01-21 10:45:00,ZONE_B,2032.8366723678032,495.3071584143167,0.0,1752.8790403180196,0.626028228685007,0.0,200.0,0,0,0,173.22256373429997,173.22256373429997,1952.8790403180196,0.6974568001135785,0.0,-173.22256373429997,-173.22256373429997,-200.0,0,0,0
2026-01-21 11:00:00,ZONE_A,2700.10722828742,655.0369702402711,23.23164523719845,2343.7510992623725,0.6696431712178207,0.0,300.0,0,0,0,298.4182660768,298.4182660768,2643.7510992623725,0.7553574569321064,0.0,-275.1866208396016,-275.1866208396016,-300.0,0,0,0
2026-01-21 11:00:00,ZONE_B,2079.669975351966,473.8099372224001,0.0,1784.7759696544842,0.6374199891623158,0.0,200.0,0,0,0,132.73509922092194,132.73509922092194,1984.7759696544842,0.7088485605908872,0.0,-132.73509922092194,-132.73509922092194,-200.0,0,0,0
2026-01-21 11:15:00,ZONE_A,2714.030784225334,699.733179988132,13.435486172930382,2374.488492405774,0.6784252835445069,0.0,300.0,0,0,0,345.87775104348,345.87775104348,2674.488492405774,0.7641395692587927,0.0,-332.4422648705496,-332.4422648705496,-300.0,0,0,0
2026-01-21 11:15:00,ZONE_B,2054.345320774574,527.7558186249915,0.0,1777.77989389196,0.6349213906757,0.0,200.0,0,0,0,167.88137204992,167.88137204992,1977.77989389196,0.7063499621042715,0.0,-167.88137204992,-167.88137204992,-200.0,0,0,0
2026-01-21 11:30:00,ZONE_A,2650.779504549585,762.8001989549364,11.609735998549468,2342.130764609125,0.66918021845975,0.0,300.0,0,0,0,414.79510618257,414.79510618257,2642.130764609125,0.7548945041740357,0.0,-403.18537018402054,-403.18537018402054,-300.0,0,0,0
2026-01-21 11:30:00,ZONE_B,2001.9711004503345,564.6200807246021,0.0,1747.94318162305,0.6242654220082321,0.0,200.0,0,0,0,189.2374778842,189.2374778842,1947.94318162305,0.6956939934368035,0.0,-189.2374778842,-189.23747788419996,-200.0,0,0,0
2026-01-21 11:45:00,ZONE_A,2653.22829975067,859.1975629486827,30.060333482660557,2364.550097466888,0.6755857421333966,0.0,300.0,0,0,0,432.003103499928,432.003103499928,2664.550097466888,0.7613000278476822,0.0,-401.94277001726743,-401.94277001726743,-300.0,0,0,0
2026-01-21 11:45:00,ZONE_B,1966.7030834475256,621.6963006163927,0.0,1733.2701632353292,0.6190250582983319,0.0,200.0,0,0,0,199.17134009626164,199.17134009626164,1933.2701632353292,0.6904536297269033,0.0,-199.17134009626164,-199.17134009626164,-200.0,0,0,0
2026-01-21 12:00:00,ZONE_A,2703.9008046654308,852.5173274703114,39.43203731173014,2404.7557016590613,0.6870730576168746,0.0,300.0,0,0,0,463.5886157879101,463.5886157879101,2704.7557016590613,0.7727873433311604,0.0,-424.15657847617996,-424.15657847617996,-300.0,0,0,0
2026-01-21 12:00:00,ZONE_B,2005.5185306322733,625.5285726335851,0.0,1763.8877059878932,0.6299598949956762,0.0,200.0,0,0,0,194.738808673792,194.738808673792,1963.8877059878932,0.7013884664242476,0.0,-194.738808673792,-194.738808673792,-200.0,0,0,0
2026-01-21 12:15:00,ZONE_A,2806.4924459411623,827.226011859904,13.396774444947935,2484.191085249855,0.7097688814999585,0.0,300.0,0,0,0,447.5818733680391,447.5818733680391,2784.191085249855,0.7954831672142443,0.0,-434.1850989230912,-434.1850989230912,-300.0,0,0,0
2026-01-21 12:15:00,ZONE_B,2113.427901217184,619.3984902973656,5.046155908406604,1848.594965020676,0.6602124875073843,0.0,200.0,0,0,0,229.81064274376,229.81064274376,2048.5949650206758,0.7316410589359557,0.0,-224.7644868353534,-224.7644868353534,-199.99999999999977,0,0,0
2026-01-21 12:30:00,ZONE_A,2703.2950810865614,772.6875101619775,18.90068576533315,2387.1991328523923,0.6820568951006835,0.0,300.0,0,0,0,418.55019804573,418.55019804573,2687.1991328523923,0.7677711808149692,0.0,-399.64951228039683,-399.64951228039683,-300.0,0,0,0
2026-01-21 12:45:00,ZONE_A,2685.085771741696,800.3352887357283,27.457685291759503,2376.339306468817,0.6789540875625192,0.0,300.0,0,0,0,419.434173934167,419.434173934167,2676.339306468817,0.7646683732768049,0.0,-391.9764886424075,-391.9764886424075,-300.0,0,0,0
2026-01-21 12:45:00,ZONE_B,1874.7570831031808,583.8914321347642,0.0,1650.3893584838038,0.5894247708870728,0.0,200.0,0,0,0,192.3088869023725,192.3088869023725,1850.3893584838038,0.6608533423156442,0.0,-192.3088869023725,-192.30888690237248,-200.0,0,0,0
2026-01-21 13:00:00,ZONE_A,2739.6949306399883,796.8965853208766,18.77133375264384,2417.670496769801,0.690762999077086,0.0,300.0,0,0,0,464.59045998422994,464.59045998422994,2717.670496769801,0.7764772847913717,0.0,-445.8191262315861,-445.8191262315861,-300.0,0,0,0
2026-01-21 13:15:00,ZONE_A,2696.324191850485,780.922890676914,19.60906946536818,2380.0894454786235,0.6800255558510353,0.0,300.0,0,0,0,398.5182554532,398.5182554532,2680.0894454786235,0.765739841565321,0.0,-378.90918598783185,-378.90918598783185,-300.0,0,0,0
2026-01-21 13:15:00,ZONE_B,2035.324963521674,579.9789404280631,13.50542147368958,1775.045975561782,0.6339449912720649,0.0,200.0,0,0,0,213.94114005526404,213.94114005526404,1975.045975561782,0.7053735627006364,0.0,-200.43571858157446,-200.43571858157446,-200.0,0,0,0
2026-01-21 13:30:00,ZONE_A,2686.141476007357,763.6040357401534,21.27856781927005,2367.410143080752,0.676402898023072,0.0,300.0,0,0,0,449.54850853116,449.54850853116,2667.410143080752,0.7621171837373577,0.0,-428.26994071188994,-428.26994071188994,-300.0,0,0,0
2026-01-21 13:30:00,ZONE_B,1969.791577135796,571.2502895513907,7.411389005347132,1719.5440612656362,0.6141228790234415,0.0,200.0,0,0,0,190.266190258,190.266190258,1919.5440612656362,0.6855514504520129,0.0,-182.85480125265286,-182.85480125265286,-200.0,0,0,0
2026-01-21 13:45:00,ZONE_A,2644.1990290418694,813.7485277446257,13.065705021799545,2346.321852157498,0.6703776720449994,0.0,300.0,0,0,0,463.3123397704999,463.3123397704999,2646.321852157498,0.7560919577592852,0.0,-450.24663474870033,-450.24663474870033,-300.0,0,0,0
2026-01-21 13:45:00,ZONE_B,1947.2340291756493,605.0470689688075,14.67533232329356,1709.5547008564747,0.6105552503058839,0.0,200.0,0,0,0,292.89625018071,292.89625018071,1909.5547008564747,0.6819838217344553,0.0,-278.22091785741645,-278.22091785741645,-200.0,0,0,0
2026-01-21 14:00:00,ZONE_A,2778.3133180188443,683.9567066645387,8.51719161606161,2419.416447648873,0.6912618421853923,0.0,300.0,0,0,0,310.02563564586,310.02563564586,2719.416447648873,0.7769761278996781,0.0,-301.5084440297984,-301.5084440297984,-300.0,0,0,0
2026-01-21 14:00:00,ZONE_B,2102.081143194853,513.4794863291429,6.92261691308164,1810.5398576586888,0.646621377735246,0.0,200.0,0,0,0,112.82943016067202,112.82943016067202,2010.5398576586888,0.7180499491638174,0.0,-105.90681324759038,-105.90681324759038,-200.0,0,0,0
2026-01-21 14:15:00,ZONE_A,2738.3076548211434,651.6618685181107,17.973458088137477,2375.794710030649,0.6787984885801854,0.0,300.0,0,0,0,298.0502893525056,298.0502893525056,2675.794710030649,0.7645127742944712,0.0,-280.07683126436814,-280.07683126436814,-300.0,0,0,0
2026-01-21 14:15:00,ZONE_B,2088.7386288119515,479.56841795284646,2.8723746637938348,1792.380884057737,0.6401360300206204,0.0,200.0,0,0,0,139.50412831816,139.50412831816,1992.380884057737,0.7115646014491918,0.0,-136.63175365436618,-136.63175365436615,-200.0,0,0,0
2026-01-21 14:30:00,ZONE_A,2676.239913499381,644.8384784239665,25.838292619076697,2321.897528483148,0.663399293852328,0.0,300.0,0,0,0,295.4673013108859,295.4673013108859,2621.897528483148,0.7491135795666137,0.0,-269.6290086918092,-269.6290086918092,-300.0,0,0,0
2026-01-21 14:30:00,ZONE_B,1884.896417791917,459.9183905760145,6.950042679820342,1625.4455051544555,0.580516251840877,0.0,200.0,0,0,0,145.21940424708004,145.21940424708004,1825.4455051544555,0.6519448232694484,0.0,-138.2693615672597,-138.2693615672597,-200.0,0,0,0
2026-01-21 14:45:00,ZONE_A,2689.2073270774536,577.0109761072838,14.557521576885849,2313.699883685871,0.6610571096245346,0.0,300.0,0,0,0,240.85362835881995,240.85362835881995,2613.699883685871,0.7467713953388203,0.0,-226.2961067819341,-226.2961067819341,-300.0,0,0,0
2026-01-21 15:00:00,ZONE_A,2649.223824088336,524.3415145236308,18.30409302790048,2268.4231587819413,0.6481209025091261,0.0,300.0,0,0,0,171.90381676807596,171.90381676807596,2568.4231587819413,0.7338351882234118,0.0,-153.59972374017548,-153.59972374017548,-300.0,0,0,0
2026-01-21 15:15:00,ZONE_A,2648.722631103739,489.2886362966354,12.471864626787294,2260.549994375966,0.6458714269645617,0.0,300.0,0,0,0,124.48232910540423,124.48232910540423,2560.549994375966,0.7315857126788474,0.0,-112.01046447861694,-112.01046447861694,-300.0,0,0,0
2026-01-21 15:30:00,ZONE_A,2669.425914189352,484.0092469817914,24.24524384401343,2271.0343922196216,0.6488669692056062,0.0,300.0,0,0,0,120.548980401944,120.548980401944,2571.0343922196216,0.7345812549198919,0.0,-96.30373655793056,-96.30373655793056,-300.0,0,0,0
2026-01-21 15:45:00,ZONE_A,2675.2221705212123,431.7611094953443,15.661092881093396,2274.543292251714,0.6498695120719182,0.0,300.0,0,0,0,62.45098669434401,62.45098669434401,2574.543292251714,0.735583797786204,0.0,-46.789893813250615,-46.789893813250615,-300.0,0,0,0
2026-01-21 16:00:00,ZONE_A,2799.288616886868,393.2437831304014,12.98330954024044,2398.657565956936,0.6853307331305531,0.0,300.0,0,0,0,37.621803858299984,37.621803858299984,2698.657565956936,0.7710450188448389,0.0,-24.638494318059543,-24.638494318059543,-300.0,0,0,0
2026-01-21 16:15:00,ZONE_A,2795.3915948450995,362.5981525563088,11.314423014930185,2394.79078890431,0.6842259396869457,0.0,289.761715077432,0,0,0,0.0,0.0,2684.552503981742,0.7670150011376407,0.0,11.314423014930185,11.314423014930185,-289.7617150774322,0,0,0
2026-01-21 16:30:00,ZONE_A,2813.624495340074,324.1999572172934,12.255369606320755,2413.0602477940483,0.6894457850840138,0.0,249.25821530672,0,0,0,0.0,0.0,2662.3184631007684,0.760662418028791,0.0,12.255369606320755,12.255369606320755,-249.2582153067201,0,0,0
2026-01-22 10:00:00,ZONE_A,2647.7296121162485,402.6754906297917,14.669525764684636,2247.103213302928,0.6420294895151223,0.0,258.9145469608,0,0,0,0.0,0.0,2506.017760263728,0.7160050743610652,0.0,14.669525764684636,14.669525764684636,-258.9145469608002,0,0,0
2026-01-22 10:15:00,ZONE_A,2736.9045458701203,476.5791828059711,15.049281950411114,2336.166527076928,0.667476150593408,0.0,239.38581985616003,0,0,0,0.0,0.0,2575.5523469330883,0.7358720991237395,0.0,15.049281950411114,15.049281950411114,-239.3858198561602,0,0,0
2026-01-22 10:30:00,ZONE_A,2653.146819127822,516.0046131045985,6.11846086340438,2268.63125645784,0.6481803589879543,0.0,300.0,0,0,0,21.146711300999986,21.146711300999986,2568.63125645784,0.7338946447022401,0.0,-15.028250437595606,-15.028250437595602,-300.0,0,0,0
2026-01-22 10:45:00,ZONE_A,2663.293263389663,506.3534415318902,26.48645022914536,2272.590162232648,0.6493114749236136,0.0,300.0,0,0,0,18.966436960439975,18.966436960439975,2572.590162232648,0.7350257606378994,0.0,7.520013268705384,7.520013268705384,-300.0,0,0,0
2026-01-22 11:00:00,ZONE_A,2763.2123815948166,484.6130174022177,1.807253318040921,2362.476998903582,0.6749934282581663,0.0,300.0,0,0,0,29.84060848549143,29.84060848549143,2662.476998903582,0.7607077139724521,0.0,-28.03335516745051,-28.03335516745051,-300.0,0,0,0
2026-01-22 11:15:00,ZONE_A,2659.9877734414786,491.8178069543477,22.994475026274472,2265.4620254505653,0.6472748644144473,0.0,300.0,0,0,0,75.82270431573505,75.82270431573505,2565.4620254505653,0.7329891501287329,0.0,-52.82822928946058,-52.82822928946058,-300.0,0,0,0
2026-01-22 11:30:00,ZONE_A,2727.0926727683027,501.2145776066339,7.672102377042904,2326.3165135030017,0.6646618610008577,0.0,300.0,0,0,0,163.03777603274995,163.03777603274995,2626.3165135030017,0.7503761467151433,0.0,-155.36567365570704,-155.36567365570704,-300.0,0,0,0
2026-01-22 11:45:00,ZONE_A,2663.770741484737,528.9887601904929,23.94597374409801,2278.864984548112,0.6511042812994605,0.0,300.0,0,0,0,90.84458325099912,90.84458325099912,2578.864984548112,0.7368185670137463,0.0,-66.89860950690111,-66.8986095069011,-300.0,0,0,0
2026-01-22 11:45:00,ZONE_B,1991.4619432084169,364.8825293293954,0.0,1690.910085908719,0.603896459253114,0.0,200.0,0,0,0,58.23158297381502,58.23158297381502,1890.910085908719,0.6753250306816854,0.0,-58.23158297381502,-58.23158297381502,-200.0,0,0,0
2026-01-22 12:00:00,ZONE_A,2692.648357086881,506.8316161154934,34.52975239450427,2295.738217456843,0.6559252049876694,0.0,300.0,0,0,0,120.998863810126,120.998863810126,2595.738217456843,0.7416394907019551,0.0,-86.46911141562173,-86.46911141562174,-300.0,0,0,0
2026-01-22 12:00:00,ZONE_B,2018.6292752051345,353.4114609776902,7.642589722902016,1718.0898144949,0.61360350517675,0.0,200.0,0,0,0,67.36303358034996,67.36303358034996,1918.0898144949,0.6850320766053215,0.0,-59.72044385744795,-59.72044385744795,-200.0,0,0,0
2026-01-22 12:15:00,ZONE_A,2652.720839481869,445.1680174293113,0.0,2251.9987283429355,0.6434282080979815,0.0,300.0,0,0,0,78.12840191328718,78.12840191328718,2551.9987283429355,0.7291424938122673,0.0,-78.12840191328718,-78.12840191328718,-300.0,0,0,0
2026-01-22 12:30:00,ZONE_A,2684.744357719678,459.7374860261317,7.522996380915572,2284.02509701936,0.6525785991483886,0.0,300.0,0,0,0,192.18771314336,192.18771314336,2584.02509701936,0.7382928848626743,0.0,-184.66471676244444,-184.66471676244447,-300.0,0,0,0
2026-01-22 12:30:00,ZONE_B,1923.8911171084803,329.39592016184633,4.173380666672074,1623.389316040628,0.5797818985859385,0.0,200.0,0,0,0,17.07674523503701,17.07674523503701,1823.389316040628,0.65121047001451,0.0,-12.903364568364935,-12.903364568364964,-200.0,0,0,0
2026-01-22 12:45:00,ZONE_A,2674.2622976330017,458.9599342504046,11.158914364475775,2273.558646179344,0.6495881846226698,0.0,300.0,0,0,0,203.47965153107992,203.47965153107992,2573.558646179344,0.7353024703369555,0.0,-192.32073716660415,-192.32073716660415,-300.0,0,0,0
2026-01-22 13:00:00,ZONE_A,2765.250672951782,433.5705205848985,18.735644101405228,2364.59332228022,0.6755980920800628,0.0,300.0,0,0,0,45.533974853760014,45.533974853760014,2664.59332228022,0.7613123777943486,0.0,-26.798330752354786,-26.798330752354786,-300.0,0,0,0
2026-01-22 13:00:00,ZONE_B,2146.32411701716,318.59181370785967,5.942036118429712,1845.8532590985767,0.6592333068209203,0.0,200.0,0,0,0,73.139056848613,73.139056848613,2045.8532590985767,0.7306618782494917,0.0,-67.19702073018328,-67.19702073018328,-200.0,0,0,0
2026-01-22 13:15:00,ZONE_A,2747.831164695536,476.5342494335214,19.2167178579586,2347.118360985966,0.6706052459959903,0.0,300.0,0,0,0,55.70585468774999,55.70585468774999,2647.118360985966,0.756319531710276,0.0,-36.48913682979139,-36.48913682979139,-300.0,0,0,0
2026-01-22 13:30:00,ZONE_A,2764.280180039483,484.28641254721,27.220570529207635,2363.5523303497544,0.6753006658142156,0.0,300.0,0,0,0,122.37307885772998,122.37307885772998,2663.5523303497544,0.7610149515285013,0.0,-95.15250832852234,-95.15250832852234,-300.0,0,0,0
2026-01-22 13:45:00,ZONE_A,2798.605717066433,471.127690095185,8.729426594712947,2397.815341884006,0.6850900976811446,0.0,300.0,0,0,0,34.218771396759905,34.218771396759905,2697.815341884006,0.7708043833954303,0.0,-25.489344802046958,-25.489344802046958,-300.0,0,0,0
2026-01-22 14:00:00,ZONE_A,2677.212584576612,423.0829658388496,12.504782039973009,2276.5443450690163,0.6504412414482904,0.0,300.0,0,0,0,0.1331085539159744,0.1331085539159744,2576.5443450690163,0.7361555271625762,0.0,12.371673486057034,12.371673486057034,-300.0,0,0,0
2026-01-22 14:15:00,ZONE_A,2662.329466116264,387.1445242617489,5.143047538417193,2261.7414882332487,0.6462118537809282,0.0,300.0,0,0,0,63.43642488929999,63.43642488929999,2561.7414882332487,0.7319261394952139,0.0,-58.2933773508828,-58.29337735088279,-300.0,0,0,0
2026-01-22 14:30:00,ZONE_A,2700.9312909174578,379.12499798837234,18.944773152546876,2300.3684692710067,0.6572481340774304,0.0,300.0,0,0,0,45.13738187069299,45.13738187069299,2600.3684692710067,0.7429624197917162,0.0,-26.192608718146115,-26.19260871814612,-300.0,0,0,0
2026-01-22 14:45:00,ZONE_A,2667.080252253125,366.8082570933303,0.0,2266.526673091509,0.6475790494547169,0.0,300.0,0,0,0,2.659390688176188,2.659390688176188,2566.526673091509,0.7332933351690026,0.0,-2.659390688176188,-2.659390688176188,-300.0,0,0,0
2026-01-22 15:15:00,ZONE_A,2706.104391943941,308.4494240719506,4.518503703426006,2305.6441024987016,0.6587554578567719,0.0,186.14561004373496,0,0,0,0.0,0.0,2491.7897125424365,0.7119399178692676,0.0,4.518503703426006,4.518503703426006,-186.1456100437349,0,0,0
2026-01-22 15:30:00,ZONE_A,2676.2580999296983,314.1563215603884,12.989157358196223,2275.7728955147563,0.6502208272899304,0.0,163.8187681994652,0,0,0,0.0,0.0,2439.5916637142213,0.6970261896326346,0.0,12.989157358196223,12.989157358196223,-163.818768199465,0,0,0
2026-01-23 09:45:00,ZONE_A,3167.3401978684883,377.7742677904617,10.115959481248808,2766.7727066719635,0.790506487620561,0.0,221.060155795816,0,0,0,0.0,0.0,2987.8328624677797,0.8536665321336513,0.0,10.115959481248808,10.115959481248808,-221.06015579581617,0,0,0
2026-01-23 10:00:00,ZONE_A,2666.841750887967,410.1615674627648,15.032982035922316,2266.205102958933,0.6474871722739808,0.0,297.360827062416,0,0,0,0.0,0.0,2563.565930021349,0.7324474085775282,0.0,15.032982035922316,15.032982035922316,-297.36082706241586,0,0,0
2026-01-23 10:15:00,ZONE_A,2634.7338692319804,413.3593134301616,1.2946079658774463,2234.0595744614334,0.6383027355604095,0.0,300.0,0,0,0,137.59015380258802,137.59015380258802,2534.0595744614334,0.7240170212746952,0.0,-136.29554583671057,-136.29554583671057,-300.0,0,0,0
2026-01-23 10:30:00,ZONE_A,2665.60238328638,463.4618078726111,16.330176380761372,2265.328560087454,0.6472367314535583,0.0,300.0,0,0,0,39.27626787737,39.27626787737,2565.328560087454,0.732951017167844,0.0,-22.94609149660863,-22.94609149660863,-300.0,0,0,0
2026-01-23 10:45:00,ZONE_A,2636.441328180078,472.8827029497352,7.66868265280084,2245.636638372904,0.6416104681065441,0.0,300.0,0,0,0,46.85619061476501,46.85619061476501,2545.636638372904,0.7273247538208297,0.0,-39.18750796196417,-39.18750796196417,-300.0,0,0,0
2026-01-23 11:00:00,ZONE_A,2642.0867380693257,496.5932017103565,30.104145714065737,2252.5600900679538,0.6435885971622725,0.0,300.0,0,0,0,15.407080863171018,15.407080863171018,2552.5600900679538,0.7293028828765582,0.0,14.69706485089472,14.69706485089472,-300.0,0,0,0
2026-01-23 11:15:00,ZONE_A,2682.876862799216,523.040833393541,28.884835840090943,2293.0404009524127,0.6551544002721179,0.0,300.0,0,0,0,44.60303792774505,44.60303792774505,2593.0404009524127,0.7408686859864037,0.0,-15.718202087654106,-15.718202087654106,-300.0,0,0,0
2026-01-23 11:30:00,ZONE_A,2790.792435301444,537.7233974976043,6.248902810566278,2389.989723184342,0.6828542066240977,0.0,300.0,0,0,0,40.82814240633599,40.82814240633599,2689.989723184342,0.7685684923383834,0.0,-34.579239595769714,-34.57923959576971,-300.0,0,0,0
2026-01-23 11:45:00,ZONE_A,2736.966447329236,544.9644693638263,24.44618288977688,2345.818525772226,0.6702338645063504,0.0,300.0,0,0,0,133.94994757522994,133.94994757522994,2645.818525772226,0.755948150220636,0.0,-109.50376468545306,-109.50376468545306,-300.0,0,0,0
2026-01-23 12:00:00,ZONE_A,2678.1033957504296,508.8244754746989,21.336315409145868,2288.0167525979423,0.6537190721708407,0.0,300.0,0,0,0,175.6320135927,175.6320135927,2588.0167525979423,0.7394333578851263,0.0,-154.29569818355412,-154.29569818355412,-300.0,0,0,0
2026-01-23 12:00:00,ZONE_B,1914.543828755836,376.6150586686918,7.282957616230249,1626.6798373473982,0.580957084766928,0.0,200.0,0,0,0,30.80510663248981,30.80510663248981,1826.6798373473982,0.6523856561954994,0.0,-23.52214901625956,-23.52214901625956,-200.0,0,0,0
2026-01-23 12:15:00,ZONE_A,2709.7028649933536,468.8405973121424,5.085552378765442,2308.9621611768907,0.6597034746219688,0.0,300.0,0,0,0,148.99498086520003,148.99498086520003,2608.9621611768907,0.7454177603362545,0.0,-143.9094284864346,-143.9094284864346,-300.0,0,0,0
2026-01-23 12:30:00,ZONE_A,2739.599459085197,515.0400056437319,5.85730273397138,2339.407928933814,0.6684022654096612,0.0,300.0,0,0,0,178.04035221354252,178.04035221354252,2639.407928933814,0.7541165511239469,0.0,-172.18304947957114,-172.18304947957114,-300.0,0,0,0
2026-01-23 12:30:00,ZONE_B,2054.7878311843465,377.24677718144784,5.758095113812999,1754.2280711923183,0.626510025425828,0.0,200.0,0,0,0,104.355870207488,104.355870207488,1954.2280711923183,0.6979385968543994,0.0,-98.597775093675,-98.59777509367501,-200.0,0,0,0
2026-01-23 12:45:00,ZONE_A,2817.0503907114403,471.2354445563728,11.592208174570374,2416.339628824211,0.6903827510926317,0.0,300.0,0,0,0,149.37510268046003,149.37510268046003,2716.339628824211,0.7760970368069174,0.0,-137.78289450588966,-137.78289450588966,-300.0,0,0,0
2026-01-23 13:00:00,ZONE_A,2826.7970344313308,481.7928186911066,12.833049355329138,2426.0211051837223,0.6931488871953492,0.0,300.0,0,0,0,152.11849180993107,152.11849180993107,2726.0211051837223,0.7788631729096349,0.0,-139.28544245460193,-139.28544245460193,-300.0,0,0,0
2026-01-23 13:15:00,ZONE_A,2682.149686611857,467.58278051741,16.906450435862837,2281.441702101043,0.6518404863145838,0.0,300.0,0,0,0,62.84741308830297,62.84741308830297,2581.441702101043,0.7375547720288694,0.0,-45.940962652440135,-45.940962652440135,-300.0,0,0,0
2026-01-23 13:15:00,ZONE_B,1925.5816641865583,324.1446709813847,0.0,1625.0739848071685,0.5803835660025601,0.0,177.44200247051998,0,0,0,0.0,0.0,1802.5159872776885,0.6437557097420316,0.0,0.0,0.0,-177.44200247052004,0,0,0
2026-01-23 13:30:00,ZONE_A,2732.74050090888,483.8813411482878,25.59216129141555,2331.9977349327164,0.6662850671236332,0.0,300.0,0,0,0,125.74497025658002,125.74497025658002,2631.9977349327164,0.751999352837919,0.0,-100.15280896516447,-100.15280896516447,-300.0,0,0,0
2026-01-23 13:30:00,ZONE_B,1856.1176163504103,346.22626285588893,0.0,1573.339582341424,0.5619069936933657,0.0,200.0,0,0,0,79.49458015080006,79.49458015080006,1773.339582341424,0.6333355651219371,0.0,-79.49458015080006,-79.49458015080006,-200.0,0,0,0
2026-01-23 13:45:00,ZONE_A,2678.989930627569,464.6580022109314,23.898102805332485,2278.2705020610524,0.6509344291603006,0.0,300.0,0,0,0,35.41910675804695,35.41910675804695,2578.2705020610524,0.7366487148745864,0.0,-11.521003952714466,-11.521003952714466,-300.0,0,0,0
2026-01-23 14:00:00,ZONE_A,2679.8189406913234,434.3338411791381,19.84892270204301,2279.1483638194727,0.6511852468055637,0.0,296.899326363952,0,0,0,0.0,0.0,2576.0476901834245,0.7360136257666927,0.0,19.84892270204301,19.848922702043012,-296.8993263639518,0,0,0
2026-01-23 14:15:00,ZONE_A,2644.162105047813,466.78814651996726,8.899290373946428,2248.317511263076,0.6423764317894504,0.0,300.0,0,0,0,35.730750868482005,35.730750868482005,2548.317511263076,0.728090717503736,0.0,-26.831460494535577,-26.831460494535577,-300.0,0,0,0
2026-01-23 14:30:00,ZONE_A,2732.330963606988,426.2289662255816,22.97253497078981,2331.6868975013804,0.6661962564289658,0.0,300.0,0,0,0,28.098414084537808,28.098414084537808,2631.6868975013804,0.7519105421432515,0.0,-5.125879113747999,-5.125879113747999,-300.0,0,0,0
2026-01-23 14:45:00,ZONE_A,2668.632270844327,373.1218913064702,10.165718728207366,2268.066923435965,0.6480191209817042,0.0,255.33554587368,0,0,0,0.0,0.0,2523.402469309645,0.7209721340884699,0.0,10.165718728207366,10.165718728207366,-255.33554587368008,0,0,0
2026-01-23 15:15:00,ZONE_A,2683.2878964744546,296.7296656120354,13.89180192637116,2282.830123808008,0.6522371782308595,0.0,227.393199386469,0,0,0,0.0,0.0,2510.223323194477,0.7172066637698505,0.0,13.89180192637116,13.891801926371159,-227.39319938646895,0,0,0
2026-01-23 15:30:00,ZONE_A,2692.891050368102,276.1350871698931,7.951262743780092,2292.46299729385,0.6549894277982429,0.0,162.4487008766118,0,0,0,0.0,0.0,2454.911698170462,0.7014033423344177,0.0,7.951262743780092,7.951262743780092,-162.44870087661184,0,0,0
2026-01-23 15:45:00,ZONE_A,2766.6982558211407,232.47552936440263,10.435108754794356,2366.340786385464,0.676097367538704,0.0,183.79461256033,0,0,0,0.0,0.0,2550.135398945794,0.7286101139845126,0.0,10.435108754794356,10.435108754794356,-183.79461256032982,0,0,0
2026-01-24 11:00:00,ZONE_A,2676.286218459677,287.1712552219117,0.0,2275.8581642383465,0.6502451897823847,0.0,158.841173892512,0,0,0,0.0,0.0,2434.6993381308585,0.6956283823231024,0.0,0.0,0.0,-158.84117389251196,0,0,0
2026-01-24 11:15:00,ZONE_A,2646.8716476665213,302.506716958143,4.930397611221338,2246.42248982534,0.6418349970929543,0.0,164.3267885764608,0,0,0,0.0,0.0,2410.749278401801,0.6887855081148002,0.0,4.930397611221338,4.930397611221338,-164.32678857646079,0,0,0
2026-01-24 11:30:00,ZONE_A,2663.283853211503,318.3576866670319,7.379660018901291,2262.7962107164803,0.6465132030618516,0.0,189.954860730829,0,0,0,0.0,0.0,2452.751071447309,0.7007860204135169,0.0,7.379660018901291,7.379660018901291,-189.95486073082884,0,0,0
2026-01-24 12:15:00,ZONE_A,2664.6268188577264,372.8412024177451,18.558469637863997,2264.087574762423,0.6468821642178352,0.0,209.6251490613,0,0,0,0.0,0.0,2473.712723823723,0.7067750639496352,0.0,18.558469637863997,18.558469637863993,-209.6251490612999,0,0,0
2026-01-24 12:45:00,ZONE_A,2658.374871687179,318.15409010658954,15.25612836224542,2257.911474886463,0.6451175642532752,0.0,211.4590285304751,0,0,0,0.0,0.0,2469.3705034169384,0.7055344295476966,0.0,15.25612836224542,15.25612836224542,-211.45902853047528,0,0,0
2026-01-24 13:15:00,ZONE_A,2716.717138091461,414.5496589914706,8.479927222033382,2316.100288578323,0.6617429395938066,0.0,253.0594336139532,0,0,0,0.0,0.0,2569.1597221922766,0.7340456349120791,0.0,8.479927222033382,8.479927222033382,-253.0594336139534,0,0,0
2026-01-24 13:45:00,ZONE_A,2686.621254675418,490.7225105738218,13.734599253605095,2290.588989647608,0.6544539970421737,0.0,183.27958682066,0,0,0,0.0,0.0,2473.8685764682677,0.7068195932766479,0.0,13.734599253605095,13.734599253605097,-183.27958682065992,0,0,0
2026-01-24 14:00:00,ZONE_A,2687.4859618413434,584.9690868537122,31.46761571795992,2315.074755495717,0.6614499301416334,0.0,300.0,0,0,0,21.41216619617597,21.41216619617597,2615.074755495717,0.7471642158559192,0.0,10.055449521783949,10.055449521783999,-300.0,0,0,0
2026-01-24 14:15:00,ZONE_A,2726.0917613733354,558.8198894167086,17.534673989541034,2340.8507439538766,0.6688144982725361,0.0,300.0,0,0,0,31.27245857673597,31.27245857673597,2640.8507439538766,0.7545287839868219,0.0,-13.737784587194938,-13.737784587194938,-300.0,0,0,0
2026-01-24 14:30:00,ZONE_A,2689.9603650566896,590.4002602590721,22.47985176996576,2319.3120268941657,0.6626605791126188,0.0,300.0,0,0,0,58.05048251792402,58.05048251792402,2619.3120268941657,0.7483748648269045,0.0,-35.57063074795826,-35.57063074795826,-300.0,0,0,0
2026-01-24 14:45:00,ZONE_A,2697.637495447437,555.3549666971018,20.78963891293756,2314.359660123392,0.661245617178112,0.0,300.0,0,0,0,49.84576133975997,49.84576133975997,2614.359660123392,0.7469599028923978,0.0,-29.05612242682241,-29.056122426822412,-300.0,0,0,0
2026-01-24 15:00:00,ZONE_A,2668.49485559463,557.8303428021909,11.777721179352284,2296.389627171611,0.6561113220490318,0.0,300.0,0,0,0,56.17059105156761,56.17059105156761,2596.389627171611,0.7418256077633175,0.0,-44.39286987221533,-44.39286987221533,-300.0,0,0,0
2026-01-24 15:15:00,ZONE_A,2667.8404142854138,530.0490786984309,29.371184901502037,2284.458993118801,0.6527025694625146,0.0,300.0,0,0,0,97.70770148351,97.70770148351,2584.458993118801,0.7384168551768003,0.0,-68.33651658200796,-68.33651658200796,-300.0,0,0,0
2026-01-24 15:30:00,ZONE_A,2637.886286627455,496.23720960266434,15.924527197471946,2251.9245818804643,0.6434070233944184,0.0,300.0,0,0,0,100.619459738511,100.619459738511,2551.9245818804643,0.7291213091087041,0.0,-84.69493254103905,-84.69493254103907,-300.0,0,0,0
2026-01-24 15:45:00,ZONE_A,2662.962810426391,419.5327075223125,5.9904438679536725,2262.3315087396063,0.646380431068459,0.0,300.0,0,0,0,7.8812294411600305,7.8812294411600305,2562.3315087396063,0.7320947167827446,0.0,-1.890785573206358,-1.890785573206358,-300.0,0,0,0
2026-01-24 16:00:00,ZONE_A,2835.9176997283244,348.3323089124309,0.0,2435.368260672716,0.6958195030493475,0.0,297.0214148207392,0,0,0,0.0,0.0,2732.3896754934553,0.7806827644267015,0.0,0.0,0.0,-297.0214148207392,0,0,0
2026-01-24 16:15:00,ZONE_A,2787.789200069993,299.8391533157811,14.681546623253212,2387.342059926552,0.6820977314075862,0.0,207.43987911005,0,0,0,0.0,0.0,2594.7819390366017,0.7413662682961719,0.0,14.681546623253212,14.681546623253212,-207.4398791100498,0,0,0
2026-01-24 16:30:00,ZONE_A,2791.047719572755,272.61899200945805,11.925608545307114,2390.6533988730143,0.6830438282494327,0.0,191.1790600772845,0,0,0,0.0,0.0,2581.832458950299,0.7376664168429425,0.0,11.925608545307114,11.925608545307114,-191.1790600772847,0,0,0
2026-01-25 08:45:00,ZONE_A,2907.627023100825,325.1180221277757,6.021633981542777,2507.13552614052,0.7163244360401486,0.0,300.0,0,0,0,15.105220386516976,15.105220386516976,2807.13552614052,0.8020387217544344,0.0,-9.083586404974199,-9.083586404974199,-300.0,0,0,0
2026-01-25 09:15:00,ZONE_A,2973.583612401917,475.66391289332665,17.189645804497104,2572.886355753577,0.7351103873581648,0.0,257.6901457446,0,0,0,0.0,0.0,2830.576501498177,0.8087361432851935,0.0,17.189645804497104,17.189645804497104,-257.69014574460016,0,0,0
2026-01-25 09:30:00,ZONE_A,3012.088261101638,530.7612239864519,21.1657340124562,2611.282395430639,0.7460806844087541,0.0,198.67515785404,0,0,0,0.0,0.0,2809.9575532846793,0.802845015224194,0.0,21.1657340124562,21.1657340124562,-198.6751578540402,0,0,0
2026-01-25 09:30:00,ZONE_B,2267.312422106648,383.7349497415318,0.0,1966.736109785702,0.7024057534948935,0.0,189.4024781786788,0,0,0,0.0,0.0,2156.138587964381,0.7700494957015646,0.0,0.0,0.0,-189.40247817867885,0,0,0
2026-01-25 09:45:00,ZONE_A,3045.342904557699,621.4351733834498,35.90712726372237,2644.447890716891,0.755556540204826,0.0,300.0,0,0,0,144.529896131175,144.529896131175,2944.447890716891,0.8412708259191117,0.0,-108.62276886745263,-108.62276886745263,-300.0,0,0,0
2026-01-25 10:00:00,ZONE_A,2662.123262191649,698.0097121021367,15.7980792116183,2329.9445184101787,0.6656984338314796,0.0,300.0,0,0,0,179.59258212230395,179.59258212230395,2629.9445184101787,0.7514127195457654,0.0,-163.79450291068565,-163.79450291068565,-300.0,0,0,0
2026-01-25 10:00:00,ZONE_B,1931.006546947016,525.4947683707646,2.7522743663525944,1677.1738216811382,0.5989906506004065,0.0,200.0,0,0,0,136.62512535507398,136.62512535507398,1877.1738216811382,0.670419222028978,0.0,-133.87285098872138,-133.87285098872138,-200.0,0,0,0
2026-01-25 10:15:00,ZONE_A,2760.4968897272825,765.530832340528,7.298735804268176,2431.462443552594,0.6947035553007411,0.0,300.0,0,0,0,270.49569190261764,270.49569190261764,2731.462443552594,0.7804178410150269,0.0,-263.19695609834946,-263.19695609834946,-300.0,0,0,0
2026-01-25 10:15:00,ZONE_B,2068.3903912293304,580.1389262228496,0.0,1802.1074878170243,0.6436098170775086,0.0,200.0,0,0,0,194.18858546329997,194.18858546329997,2002.1074878170243,0.7150383885060801,0.0,-194.18858546329997,-194.1885854633,-200.0,0,0,0
2026-01-25 10:30:00,ZONE_A,2660.465989584196,835.7334004811993,18.400312931764347,2365.944841144993,0.6759842403271409,0.0,300.0,0,0,0,329.172031282685,329.172031282685,2665.944841144993,0.7616985260414266,0.0,-310.77171835092065,-310.77171835092065,-300.0,0,0,0
2026-01-25 10:30:00,ZONE_B,1967.947730952916,616.4860376698433,0.0,1731.3724079205035,0.618347288543037,0.0,200.0,0,0,0,210.644263092532,210.644263092532,1931.3724079205035,0.6897758599716084,0.0,-210.644263092532,-210.64426309253201,-200.0,0,0,0
2026-01-25 10:45:00,ZONE_A,2630.7340264723694,848.1223105361705,20.769580341921028,2345.4987436092165,0.6701424981740619,0.0,300.0,0,0,0,379.1869879080558,379.1869879080558,2645.4987436092165,0.7558567838883475,0.0,-358.4174075661348,-358.4174075661348,-300.0,0,0,0
2026-01-25 10:45:00,ZONE_B,1914.376126656232,616.0711879619998,0.0,1690.738932302141,0.6038353329650503,0.0,200.0,0,0,0,256.52247085122,256.52247085122,1890.738932302141,0.6752639043936217,0.0,-256.52247085122,-256.52247085122,-200.0,0,0,0
2026-01-25 11:00:00,ZONE_A,2741.071280544144,832.7804886295957,18.879446417531653,2428.9057732284373,0.6939730780652678,0.0,300.0,0,0,0,320.75560483482,320.75560483482,2728.9057732284373,0.7796873637795535,0.0,-301.87615841728837,-301.87615841728837,-300.0,0,0,0
2026-01-25 11:15:00,ZONE_A,2689.4138183469595,842.7865431836416,42.53319568955567,2392.70650837217,0.6836304309634771,0.0,300.0,0,0,0,387.38096236857,387.38096236857,2692.70650837217,0.7693447166777628,0.0,-344.84776667901434,-344.84776667901434,-300.0,0,0,0
2026-01-25 11:15:00,ZONE_B,1966.7809291613744,620.6866748635422,5.994601759203306,1732.765474176742,0.6188448122059793,0.0,200.0,0,0,0,173.68898619217003,173.68898619217003,1932.765474176742,0.6902733836345507,0.0,-167.69438443296673,-167.69438443296673,-200.0,0,0,0
2026-01-25 11:30:00,ZONE_A,2785.1541413147365,887.1380641767225,42.464239520285446,2481.747578662704,0.7090707367607726,0.0,300.0,0,0,0,376.4905158035499,376.4905158035499,2781.747578662704,0.7947850224750583,0.0,-334.02627628326445,-334.02627628326445,-300.0,0,0,0
2026-01-25 11:45:00,ZONE_A,2710.9893451951216,990.23581933351,60.07650080243013,2447.777918378109,0.6993651195366025,0.0,300.0,0,0,0,354.1126737141095,354.1126737141095,2747.777918378109,0.7850794052508883,0.0,-294.0361729116794,-294.0361729116794,-300.0,0,0,0
2026-01-25 12:00:00,ZONE_A,2767.279992601568,1021.6166609847808,25.409530579433863,2507.68073896142,0.7164802111318344,0.0,300.0,0,0,0,353.5522892196001,353.5522892196001,2807.68073896142,0.80219449684612,0.0,-328.1427586401662,-328.1427586401662,-300.0,0,0,0
2026-01-25 12:15:00,ZONE_A,2702.057424466069,1053.0814147819997,39.62796422934059,2460.155411374189,0.7029015461069111,0.0,300.0,0,0,0,348.8467037337459,348.8467037337459,2760.155411374189,0.7886158318211969,0.0,-309.21873950440533,-309.21873950440533,-300.0,0,0,0
2026-01-25 12:15:00,ZONE_B,1874.419591088361,774.8706345120545,244.131601938357,2749.817306280509,0.982077609385896,0.0,200.0,0,0,0,157.87383961837003,157.87383961837003,2949.817306280509,1.0535061808144675,149.817306280509,86.25776231998697,86.25776231998691,-200.0,0,1,1
2026-01-25 12:30:00,ZONE_A,2784.296904318193,1031.683640319941,48.68122870896229,2523.060757795417,0.720874502227262,0.0,300.0,0,0,0,322.3105517875921,322.3105517875921,2823.060757795417,0.8065887879415478,0.0,-273.6293230786298,-273.6293230786298,-300.0,0,0,0
2026-01-25 12:45:00,ZONE_A,2709.2551090088923,1032.1713699629252,33.49398613698122,2464.6149790355616,0.7041757082958747,0.0,300.0,0,0,0,323.8063957734,323.8063957734,2764.6149790355616,0.7898899940101605,0.0,-290.3124096364188,-290.3124096364188,-300.0,0,0,0
2026-01-25 12:45:00,ZONE_B,2051.7922682911926,761.1556255871449,333.78587312561007,2723.560731779115,0.9727002613496839,0.0,200.0,0,0,0,227.37898501953595,227.37898501953595,2923.560731779115,1.0441288327782554,123.56073177911503,106.40688810607412,106.40688810607406,-200.0,0,1,1
2026-01-25 13:00:00,ZONE_A,2679.563947218356,1023.3754240717584,25.579598813899334,2440.1145149416666,0.697175575697619,0.0,300.0,0,0,0,294.5266619227332,294.5266619227332,2740.1145149416666,0.7828898614119048,0.0,-268.94706310883385,-268.94706310883385,-300.0,0,0,0
2026-01-25 13:00:00,ZONE_B,1947.605963022593,763.8178376380633,246.6100123731585,2714.854380823528,0.9695908502941172,0.0,200.0,0,0,0,291.0237025684802,291.0237025684802,2914.854380823528,1.0410194217226887,114.85438082352812,-44.41369019532169,-44.41369019532169,-200.0,0,1,1
2026-01-25 13:15:00,ZONE_A,2655.0355430073723,990.868128901008,7.001146844260916,2412.274317562463,0.6892212335892751,0.0,300.0,0,0,0,335.9193287124416,335.9193287124416,2712.274317562463,0.7749355193035607,0.0,-328.9181818681807,-328.9181818681807,-300.0,0,0,0
2026-01-25 13:15:00,ZONE_B,2005.0061637262324,749.2020377246118,354.1775130751073,2682.956800357523,0.958198857270544,0.0,200.0,0,0,0,233.49578031632603,233.49578031632603,2882.956800357523,1.0296274286991154,82.9568003575232,120.68173275878127,120.68173275878132,-200.0,0,1,1
2026-01-25 13:30:00,ZONE_A,2659.083540697957,1002.7476469627924,0.0,2417.404308377137,0.6906869452506106,0.0,300.0,0,0,0,306.503153154456,306.503153154456,2717.404308377137,0.7764012309648963,0.0,-306.503153154456,-306.5031531544561,-300.0,0,0,0
2026-01-25 13:30:00,ZONE_B,1917.3115063921125,747.3557850667781,355.1122402364174,2698.977125806556,0.96392040207377,0.0,200.0,0,0,0,267.1274174751655,267.1274174751655,2898.977125806556,1.0353489735023416,98.97712580655616,87.9848227612519,87.9848227612519,-200.0,0,1,1
2026-01-25 13:45:00,ZONE_A,2681.0923557945034,965.4898326560954,19.62229168219289,2423.216893644346,0.6923476838983845,0.0,300.0,0,0,0,277.903351398768,277.903351398768,2723.216893644346,0.7780619696126703,0.0,-258.2810597165751,-258.2810597165751,-300.0,0,0,0
2026-01-25 13:45:00,ZONE_B,2018.1790117347,724.5580514876949,226.68549172719528,2705.5161363071857,0.966255762966852,0.0,200.0,0,0,0,204.87057031635996,204.87057031635996,2905.5161363071857,1.0376843343954234,105.51613630718566,21.814921410835325,21.81492141083538,-200.0,0,1,1
2026-01-25 14:00:00,ZONE_A,2671.138155207912,931.6883514660092,31.753442991469228,2399.311499726244,0.6855175713503555,0.0,300.0,0,0,0,348.779059445856,348.779059445856,2699.311499726244,0.7712318570646411,0.0,-317.02561645438675,-317.02561645438675,-300.0,0,0,0
2026-01-25 14:00:00,ZONE_B,1876.993040245924,683.5839614726415,313.2224894684022,2765.791736382193,0.9877827629936403,0.0,200.0,0,0,0,307.304593509176,307.304593509176,2965.791736382193,1.0592113344222118,165.791736382193,5.9178959592262,5.9178959592262,-200.0,0,1,1
2026-01-25 14:15:00,ZONE_A,2655.2542452585494,929.419912201066,48.85280421302082,2389.185364440861,0.682624389840246,0.0,300.0,0,0,0,371.488931099076,371.488931099076,2689.185364440861,0.7683386755545317,0.0,-322.6361268860552,-322.6361268860552,-300.0,0,0,0
2026-01-25 14:15:00,ZONE_B,1927.421119587193,691.3028649771089,325.128392009459,2707.6652796520334,0.9670233141614405,0.0,200.0,0,0,0,165.41363978925517,165.41363978925517,2907.6652796520334,1.038451885590012,107.6652796520334,159.71475222020382,159.71475222020382,-200.0,0,1,1
2026-01-25 14:30:00,ZONE_A,2691.3835535770345,863.0413339327852,27.97074643394592,2404.210001843543,0.6869171433838694,0.0,300.0,0,0,0,370.82634216293,370.82634216293,2704.210001843543,0.7726314290981552,0.0,-342.8555957289841,-342.8555957289841,-300.0,0,0,0
2026-01-25 14:30:00,ZONE_B,1921.8629944060983,640.0521080683179,251.5189338023473,2725.653319737144,0.9734476141918372,0.0,200.0,0,0,0,44.012533051437885,51.518933802347306,2925.653319737144,1.0448761856204085,125.6533197371441,200.0,200.0,-200.0,0,1,1
2026-01-25 14:45:00,ZONE_A,2697.981105780378,809.6716323554066,1.0769920159475532,2393.287688127504,0.6837964823221441,0.0,300.0,0,0,0,366.714448375836,366.714448375836,2693.287688127504,0.7695107680364298,0.0,-365.63745635988846,-365.63745635988846,-300.0,0,0,0
2026-01-25 14:45:00,ZONE_B,2051.4169668271984,596.5440266008986,292.6897372941351,2763.311548548517,0.9868969816244703,0.0,200.0,0,0,0,301.94612072884,301.94612072884,2963.311548548517,1.0583255530530418,163.31154854851684,-9.256383434704901,-9.256383434704901,-200.0,0,1,1
2026-01-25 15:00:00,ZONE_A,2633.753691341676,795.857441880428,29.269742253156664,2336.1973166752978,0.6674849476215137,0.0,300.0,0,0,0,398.02321676487,398.02321676487,2636.1973166752978,0.7531992333357994,0.0,-368.75347451171336,-368.75347451171336,-300.0,0,0,0
2026-01-25 15:15:00,ZONE_A,2730.329517006073,705.2254168807758,0.4814828680071059,2388.5914437847696,0.6824546982242199,0.0,300.0,0,0,0,293.34067871001,293.34067871001,2688.5914437847696,0.7681689839385056,0.0,-292.8591958420029,-292.8591958420029,-300.0,0,0,0
2026-01-25 15:30:00,ZONE_A,2676.330988730372,660.6589689559038,29.04027371505515,2327.0224443282564,0.664863555522359,0.0,300.0,0,0,0,308.67310425075004,308.67310425075004,2627.0224443282564,0.7505778412366447,0.0,-279.6328305356949,-279.6328305356949,-300.0,0,0,0
2026-01-25 15:45:00,ZONE_A,2670.62737039335,609.9863229874422,13.219726156546244,2313.836210377666,0.6610960601079046,0.0,300.0,0,0,0,247.1717045508001,247.1717045508001,2613.836210377666,0.7468103458221902,0.0,-233.95197839425384,-233.95197839425384,-300.0,0,0,0
2026-01-25 16:00:00,ZONE_A,2810.8843852934856,569.0983572103668,28.886116969356863,2410.0394252854894,0.6885826929387112,0.0,300.0,0,0,0,195.90672838043395,195.90672838043395,2710.0394252854894,0.774296978652997,0.0,-167.02061141107708,-167.02061141107708,-300.0,0,0,0
2026-01-25 16:15:00,ZONE_A,2803.7053205067705,485.5305384497448,11.88224990908128,2402.9867763466104,0.6865676503847459,0.0,300.0,0,0,0,148.5356580359088,148.5356580359088,2702.9867763466104,0.7722819360990315,0.0,-136.65340812682751,-136.65340812682751,-300.0,0,0,0
2026-01-25 16:30:00,ZONE_A,2800.310295819228,422.8938867289992,2.68474015092994,2399.6492820709204,0.6856140805916916,0.0,300.0,0,0,0,48.30682864402195,48.30682864402195,2699.6492820709204,0.7713283663059772,0.0,-45.62208849309201,-45.62208849309201,-300.0,0,0,0
2026-01-25 16:45:00,ZONE_A,2778.7134949444994,350.84847275495383,3.2572881429937866,2378.177514561956,0.6794792898748445,0.0,300.0,0,0,0,39.9643625388884,39.9643625388884,2678.177514561956,0.7651935755891303,0.0,-36.707074395894615,-36.70707439589461,-300.0,0,0,0
2026-01-25 17:00:00,ZONE_A,2786.2824039226343,278.18293044009465,9.775787439885733,2385.852474507425,0.68167213557355,0.0,178.3329840397992,0,0,0,0.0,0.0,2564.1854585472242,0.7326244167277783,0.0,9.775787439885733,9.775787439885733,-178.33298403979916,0,0,0
2026-01-26 08:30:00,ZONE_A,2884.840917267832,306.9792144784951,10.691772542072728,2484.38519499249,0.7098243414264258,0.0,144.83654917605,0,0,0,0.0,0.0,2629.22174416854,0.7512062126195829,0.0,10.691772542072728,10.691772542072727,-144.83654917605008,0,0,0
2026-01-26 09:15:00,ZONE_A,2970.2101943267226,369.9516790842456,11.38741038274901,2569.665024368126,0.7341900069623217,0.0,196.75744397514,0,0,0,0.0,0.0,2766.4224683432662,0.7904064195266475,0.0,11.38741038274901,11.38741038274901,-196.75744397514018,0,0,0
2026-01-26 09:30:00,ZONE_A,3013.4683555244355,348.67287954052205,12.451612907968638,2612.95787587793,0.7465593931079799,0.0,198.55033488776695,0,0,0,0.0,0.0,2811.5082107656967,0.8032880602187705,0.0,12.451612907968638,12.451612907968638,-198.5503348877669,0,0,0
2026-01-26 10:00:00,ZONE_A,2837.002290215797,493.77218179014665,19.260335903763742,2436.286313264352,0.6960818037898149,0.0,300.0,0,0,0,140.33893061760006,140.33893061760006,2736.286313264352,0.7817960895041005,0.0,-121.07859471383631,-121.07859471383631,-300.0,0,0,0
2026-01-26 10:15:00,ZONE_A,2795.8629022940777,491.5895782615274,10.239507083954322,2395.134306385109,0.6843240875386026,0.0,300.0,0,0,0,112.30675390162504,112.30675390162504,2695.134306385109,0.7700383732528883,0.0,-102.06724681767072,-102.0672468176707,-300.0,0,0,0
2026-01-26 10:30:00,ZONE_A,2621.3774839722287,554.8035109480375,28.20114211211273,2252.8543704792187,0.6436726772797767,0.0,300.0,0,0,0,67.87829997480003,67.87829997480003,2552.8543704792187,0.7293869629940625,0.0,-39.677157862687295,-39.677157862687295,-300.0,0,0,0
2026-01-26 10:30:00,ZONE_B,1895.471829497516,407.4939942892169,1.30474822511934,1619.3264588081342,0.5783308781457622,0.0,200.0,0,0,0,96.85438512022604,96.85438512022604,1819.3264588081342,0.6497594495743336,0.0,-95.5496368951067,-95.54963689510669,-200.0,0,0,0
2026-01-26 10:45:00,ZONE_A,2746.359757736962,590.6999487062496,18.67796760943133,2364.279655288052,0.6755084729394434,0.0,300.0,0,0,0,182.27243271658,182.27243271658,2664.279655288052,0.7612227586537291,0.0,-163.59446510714866,-163.59446510714866,-300.0,0,0,0
2026-01-26 10:45:00,ZONE_B,2094.5813134001737,429.8954932371255,0.0,1793.9325093771392,0.6406901819204068,0.0,200.0,0,0,0,78.41231935585,78.41231935585,1993.9325093771392,0.7121187533489783,0.0,-78.41231935585,-78.41231935585,-200.0,0,0,0
2026-01-26 11:00:00,ZONE_A,2697.662184894882,636.2209744680117,43.21934009001882,2337.082357878345,0.6677378165366701,0.0,300.0,0,0,0,173.18896322527996,173.18896322527996,2637.082357878345,0.7534521022509558,0.0,-129.96962313526114,-129.96962313526114,-300.0,0,0,0
2026-01-26 11:00:00,ZONE_B,1924.7851880644464,471.295547350584,0.0,1657.9092576223927,0.5921104491508545,0.0,200.0,0,0,0,74.57945087684499,74.57945087684499,1857.9092576223927,0.6635390205794259,0.0,-74.57945087684499,-74.57945087684499,-200.0,0,0,0
2026-01-26 11:15:00,ZONE_A,2719.232849764345,667.7770570643651,36.66648105738386,2362.85778730537,0.6751022249443914,0.0,300.0,0,0,0,125.588702480272,125.588702480272,2662.85778730537,0.7608165106586772,0.0,-88.92222142288814,-88.92222142288813,-300.0,0,0,0
2026-01-26 11:30:00,ZONE_A,2713.833615136397,653.4765779115345,27.288675075430437,2356.9291443496018,0.6734083269570291,0.0,300.0,0,0,0,254.934982978304,254.934982978304,2656.9291443496018,0.7591226126713148,0.0,-227.64630790287356,-227.64630790287356,-300.0,0,0,0
2026-01-26 11:30:00,ZONE_B,2013.3504120676944,483.48422682188993,1.912847935129946,1733.2872437754218,0.619031158491222,0.0,200.0,0,0,0,47.80150797006996,47.80150797006996,1933.2872437754218,0.6904597299197934,0.0,-45.88866003494002,-45.88866003494002,-200.0,0,0,0
2026-01-26 11:45:00,ZONE_A,2676.448701953096,715.3028625182745,25.607688229166115,2347.1363317187133,0.6706103804910609,0.0,300.0,0,0,0,235.806822905461,235.806822905461,2647.1363317187133,0.7563246662053467,0.0,-210.19913467629488,-210.19913467629488,-300.0,0,0,0
2026-01-26 11:45:00,ZONE_B,1984.352767836212,543.4285352248095,13.527894463775738,1723.404455049854,0.6155015910892336,0.0,200.0,0,0,0,59.17502791220591,59.17502791220591,1923.404455049854,0.686930162517805,0.0,-45.647133448430175,-45.64713344843017,-200.0,0,0,0
2026-01-26 12:00:00,ZONE_A,2686.042058298159,765.5206902513877,5.242006028938249,2369.2712625966515,0.6769346464561862,0.0,300.0,0,0,0,343.44577617155403,343.44577617155403,2669.2712625966515,0.7626489321704718,0.0,-338.2037701426158,-338.2037701426158,-300.0,0,0,0
2026-01-26 12:00:00,ZONE_B,1927.0757445779057,564.7914321768129,1.340575329091962,1687.349305109593,0.6026247518248546,0.0,200.0,0,0,0,177.93550451274837,177.93550451274837,1887.349305109593,0.674053323253426,0.0,-176.5949291836564,-176.5949291836564,-200.0,0,0,0
2026-01-26 12:15:00,ZONE_A,2657.770674048685,764.3003094930066,27.23541497085569,2344.6281572855046,0.6698937592244298,0.0,300.0,0,0,0,289.82797491702,289.82797491702,2644.6281572855046,0.7556080449387156,0.0,-262.59255994616433,-262.59255994616433,-300.0,0,0,0
2026-01-26 12:15:00,ZONE_B,1932.08438903678,561.9446062087235,0.0,1689.9978291027123,0.6035706532509687,0.0,200.0,0,0,0,195.56976062863103,195.56976062863103,1889.9978291027123,0.6749992246795401,0.0,-195.56976062863103,-195.569760628631,-200.0,0,0,0
2026-01-26 12:30:00,ZONE_A,2667.1529564137154,757.8943338954698,25.669494364858224,2346.585393503924,0.6704529695725497,0.0,300.0,0,0,0,269.82727670382394,269.82727670382394,2646.585393503924,0.7561672552868355,0.0,-244.15778233896572,-244.15778233896572,-300.0,0,0,0
2026-01-26 12:30:00,ZONE_B,1924.5721371787488,550.1813632883499,9.89333024155519,1680.3120586037344,0.6001114495013337,0.0,200.0,0,0,0,255.6192158128121,255.6192158128121,1880.3120586037344,0.6715400209299052,0.0,-245.7258855712569,-245.72588557125687,-200.0,0,0,0
2026-01-26 12:45:00,ZONE_A,2650.953961146882,716.85515983115,23.72677863426213,2326.346439598925,0.6646704113139785,0.0,300.0,0,0,0,383.3128435096979,383.3128435096979,2626.346439598925,0.7503846970282643,0.0,-359.5860648754358,-359.5860648754358,-300.0,0,0,0
2026-01-26 12:45:00,ZONE_B,1933.2499608656992,535.0794497291628,2.032083983654502,1682.3629116978395,0.6008438970349427,0.0,200.0,0,0,0,190.70091524985003,190.70091524985003,1882.3629116978395,0.6722724684635141,0.0,-188.66883126619553,-188.66883126619553,-200.0,0,0,0
2026-01-26 13:00:00,ZONE_A,2629.949865920928,725.9724211674949,6.852676679580668,2314.9281783354736,0.6614080509529925,0.0,300.0,0,0,0,420.990858990816,420.990858990816,2614.9281783354736,0.7471223366672781,0.0,-414.1381823112353,-414.1381823112353,-300.0,0,0,0
2026-01-26 13:00:00,ZONE_B,1953.5731446452755,551.972860710334,12.923376459601512,1702.1913768467568,0.6079254917309845,0.0,200.0,0,0,0,198.139236338724,198.139236338724,1902.1913768467568,0.679354063159556,0.0,-185.2158598791225,-185.2158598791225,-200.0,0,0,0
2026-01-26 13:15:00,ZONE_A,2689.550815315369,776.3960087722202,35.988587893328486,2371.1514505389137,0.6774718430111182,0.0,300.0,0,0,0,494.6016350753,494.6016350753,2671.1514505389137,0.7631861287254039,0.0,-458.6130471819715,-458.6130471819715,-300.0,0,0,0
2026-01-26 13:15:00,ZONE_B,1912.9485430140703,567.8524164271073,0.1664123996031321,1675.3319614594502,0.5983328433783751,0.0,200.0,0,0,0,180.96266533424009,180.96266533424009,1875.3319614594502,0.6697614148069465,0.0,-180.79625293463695,-180.79625293463698,-200.0,0,0,0
2026-01-26 13:30:00,ZONE_A,2721.1751667264984,777.8768848437566,29.18003097729047,2395.0929901637173,0.6843122829039192,0.0,300.0,0,0,0,447.9198595155584,447.9198595155584,2695.0929901637173,0.770026568618205,0.0,-418.73982853826794,-418.73982853826794,-300.0,0,0,0
2026-01-26 13:30:00,ZONE_B,2015.0975714157555,567.0819853179747,5.801553377405526,1756.2471111817108,0.6272311111363252,0.0,200.0,0,0,0,203.26083327798284,203.26083327798284,1956.2471111817108,0.6986596825648967,0.0,-197.45927990057731,-197.45927990057731,-200.0,0,0,0
2026-01-26 13:45:00,ZONE_A,2792.104625903086,739.1697492192701,25.23045046792879,2443.3040124888284,0.6980868607110938,0.0,300.0,0,0,0,408.6489232772656,408.6489232772656,2743.3040124888284,0.7838011464253796,0.0,-383.41847280933683,-383.41847280933683,-300.0,0,0,0
2026-01-26 13:45:00,ZONE_B,2125.52320775411,551.8975509161932,16.051164704086318,1838.8066869472104,0.656716673909718,0.0,200.0,0,0,0,208.1471447913051,208.1471447913051,2038.8066869472104,0.7281452453382894,0.0,-192.09598008721878,-192.09598008721878,-200.0,0,0,0
2026-01-26 14:00:00,ZONE_A,2657.40032039332,679.0910855862137,16.407079934044418,2318.5652929769285,0.6624472265648367,0.0,300.0,0,0,0,321.3420347390685,321.3420347390685,2618.5652929769285,0.7481615122791224,0.0,-304.93495480502406,-304.93495480502406,-300.0,0,0,0
2026-01-26 14:00:00,ZONE_B,1911.6293637143392,497.8576147730969,0.0,1656.6151259780147,0.5916482592778624,0.0,200.0,0,0,0,91.20769425423003,91.20769425423003,1856.6151259780147,0.6630768307064339,0.0,-91.20769425423003,-91.20769425423003,-200.0,0,0,0
2026-01-26 14:15:00,ZONE_A,2645.877305987656,699.3958094034169,8.04123477379369,2320.27827407636,0.6629366497361029,0.0,300.0,0,0,0,393.08471945426993,393.08471945426993,2620.27827407636,0.7486509354503886,0.0,-385.04348468047624,-385.04348468047624,-300.0,0,0,0
2026-01-26 14:15:00,ZONE_B,2019.2853546009428,532.3887448977723,5.303749361739619,1749.97704008456,0.6249918000302,0.0,200.0,0,0,0,121.038161599075,121.038161599075,1949.97704008456,0.6964203714587714,0.0,-115.73441223733538,-115.73441223733539,-200.0,0,0,0
2026-01-26 14:30:00,ZONE_A,2680.289518527381,702.0689991621633,39.27234352151652,2341.105232491665,0.6688872092833329,0.0,300.0,0,0,0,367.425803437584,367.425803437584,2641.105232491665,0.7546014949976185,0.0,-328.1534599160675,-328.1534599160675,-300.0,0,0,0
2026-01-26 14:30:00,ZONE_B,1997.753580549061,509.4238177763124,7.367323434702655,1728.2815901289166,0.6172434250460417,0.0,200.0,0,0,0,87.23672598999997,87.23672598999997,1928.2815901289166,0.6886719964746131,0.0,-79.86940255529731,-79.86940255529731,-200.0,0,0,0
2026-01-26 14:45:00,ZONE_A,2671.7911217150986,691.2013356691033,15.127511134920155,2336.1150138921817,0.6674614325406233,0.0,300.0,0,0,0,317.985881669632,317.985881669632,2636.1150138921817,0.753175718254909,0.0,-302.85837053471187,-302.85837053471187,-300.0,0,0,0
2026-01-26 14:45:00,ZONE_B,1973.2451798727616,515.1733213271665,0.0,1709.8835583026214,0.6106726993937933,0.0,200.0,0,0,0,168.39901334700784,168.39901334700784,1909.8835583026214,0.6821012708223648,0.0,-168.39901334700784,-168.39901334700784,-200.0,0,0,0
2026-01-26 15:00:00,ZONE_A,2654.7280816415896,711.7652285507926,33.34739254511169,2325.2592735136154,0.6643597924324616,0.0,300.0,0,0,0,226.7027129496801,226.7027129496801,2625.2592735136154,0.7500740781467473,0.0,-193.3553204045684,-193.35532040456837,-300.0,0,0,0
2026-01-26 15:15:00,ZONE_A,2710.818853993458,641.8037300534234,41.10717377965034,2349.118985857367,0.6711768531021048,0.0,300.0,0,0,0,252.87710986474,252.87710986474,2649.118985857367,0.7568911388163906,0.0,-211.76993608508965,-211.76993608508963,-300.0,0,0,0
2026-01-26 15:15:00,ZONE_B,1953.9283410824253,474.9069270314065,1.3541330129050948,1682.4135951498945,0.6008619982678195,0.0,200.0,0,0,0,24.148102717631986,24.148102717631986,1882.4135951498945,0.6722905696963909,0.0,-22.79396970472689,-22.793969704726862,-200.0,0,0,0
2026-01-26 15:30:00,ZONE_A,2652.851504061345,574.9766920639372,20.369424865544943,2286.179869509327,0.6531942484312363,0.0,300.0,0,0,0,200.919727519832,200.919727519832,2586.179869509327,0.738908534145522,0.0,-180.55030265428707,-180.55030265428707,-300.0,0,0,0
2026-01-26 15:45:00,ZONE_A,2640.7084465796,526.6186395923394,20.69637971537793,2261.903368615044,0.6462581053185841,0.0,300.0,0,0,0,192.76635494712,192.76635494712,2561.903368615044,0.7319723910328698,0.0,-172.06997523174206,-172.0699752317421,-300.0,0,0,0
2026-01-26 16:00:00,ZONE_A,2785.6768973986104,446.4207945278381,11.281560939225187,2385.023201324955,0.6814352003785586,0.0,300.0,0,0,0,220.30417418476907,220.30417418476907,2685.023201324955,0.7671494860928443,0.0,-209.02261324554388,-209.02261324554388,-300.0,0,0,0
2026-01-26 16:15:00,ZONE_A,2817.893616562372,405.8918881559176,17.092522593881768,2417.2768007936406,0.6906505145124687,0.0,300.0,0,0,0,44.89022849384003,44.89022849384003,2717.2768007936406,0.7763648002267545,0.0,-27.79770589995826,-27.79770589995826,-300.0,0,0,0
2026-01-26 16:30:00,ZONE_A,2811.400079132873,367.0992776085845,22.837379339696326,2410.8608308902776,0.688817380254365,0.0,300.0,0,0,0,28.58345847544024,28.58345847544024,2710.8608308902776,0.7745316659686508,0.0,-5.746079135743912,-5.746079135743912,-300.0,0,0,0
2026-01-26 16:45:00,ZONE_A,2822.5985850726847,280.4007149540654,13.066410971647883,2422.18481757719,0.6920528050220544,0.0,244.0810711944,0,0,0,0.0,0.0,2666.26588877159,0.7617902539347401,0.0,13.066410971647883,13.066410971647883,-244.0810711944,0,0,0
2026-01-26 17:00:00,ZONE_A,2828.606295432734,219.43029762145147,2.0413076121313907,2428.276102064229,0.6937931720183511,0.0,191.956499380224,0,0,0,0.0,0.0,2620.232601444453,0.7486378861269866,0.0,2.0413076121313907,2.0413076121313907,-191.95649938022416,0,0,0
2026-01-27 08:15:00,ZONE_A,2812.679326158654,339.1536847283888,6.639851412708367,2412.1912748961568,0.6891975071131876,0.0,157.11269192854903,0,0,0,0.0,0.0,2569.3039668247056,0.7340868476642016,0.0,6.639851412708367,6.639851412708367,-157.11269192854888,0,0,0
2026-01-27 08:30:00,ZONE_A,2870.6244146296967,397.2806930095537,8.228646673824926,2470.0336644376816,0.7057239041250519,0.0,205.83317324384,0,0,0,0.0,0.0,2675.8668376815217,0.7645333821947204,0.0,8.228646673824926,8.228646673824926,-205.83317324384006,0,0,0
2026-01-27 09:15:00,ZONE_A,2970.889397045892,475.0394481034258,26.57124063777934,2570.2087680912664,0.7343453623117904,0.0,300.0,0,0,0,176.65640539312,176.65640539312,2870.2087680912664,0.8200596480260761,0.0,-150.08516475534066,-150.08516475534066,-300.0,0,0,0
2026-01-27 09:30:00,ZONE_A,3015.808124532015,492.0282954631911,32.17693275317589,2615.10226753679,0.7471720764390828,0.0,300.0,0,0,0,142.19608854836895,142.19608854836895,2915.10226753679,0.8328863621533685,0.0,-110.01915579519306,-110.01915579519306,-300.0,0,0,0
2026-01-27 09:45:00,ZONE_A,3008.9539144939667,495.6134306860552,8.294199928331295,2608.219665618316,0.7452056187480903,0.0,300.0,0,0,0,197.85954264214,197.85954264214,2908.219665618316,0.830919904462376,0.0,-189.56534271380872,-189.56534271380872,-300.0,0,0,0
2026-01-27 10:00:00,ZONE_A,2754.611026050376,468.7895654558874,21.218975072092064,2353.920476208897,0.6725487074882563,0.0,300.0,0,0,0,42.02782655311216,42.02782655311216,2653.920476208897,0.758262993202542,0.0,-20.8088514810201,-20.8088514810201,-300.0,0,0,0
2026-01-27 10:15:00,ZONE_A,2733.996726703324,490.1708036825613,24.72235577392013,2333.2877886332344,0.6666536538952098,0.0,300.0,0,0,0,121.33122882598002,121.33122882598002,2633.2877886332344,0.7523679396094956,0.0,-96.60887305205989,-96.60887305205989,-300.0,0,0,0
2026-01-27 10:30:00,ZONE_A,2663.067290705835,534.2565649510395,31.51516688372732,2281.248104214729,0.6517851726327798,0.0,300.0,0,0,0,169.56749012141796,169.56749012141796,2581.248104214729,0.7374994583470655,0.0,-138.05232323769064,-138.05232323769064,-300.0,0,0,0
2026-01-27 10:45:00,ZONE_A,2659.2020587871148,508.9016533860293,9.04262663395656,2273.5849723024835,0.6495957063721381,0.0,300.0,0,0,0,154.24586969037497,154.24586969037497,2573.5849723024835,0.7353099920864239,0.0,-145.20324305641842,-145.2032430564184,-300.0,0,0,0
2026-01-27 11:00:00,ZONE_A,2677.2763244414327,478.55299811756254,14.472985552832029,2279.9539687661363,0.6514154196474675,0.0,300.0,0,0,0,113.65719712102998,113.65719712102998,2579.9539687661363,0.7371297053617533,0.0,-99.18421156819795,-99.18421156819795,-300.0,0,0,0
2026-01-27 11:15:00,ZONE_A,2684.112506019208,513.0521263230623,18.338699905259038,2294.904038544298,0.6556868681555138,0.0,300.0,0,0,0,91.30239061315194,91.30239061315194,2594.904038544298,0.7414011538697994,0.0,-72.96369070789291,-72.96369070789291,-300.0,0,0,0
2026-01-27 11:30:00,ZONE_A,2695.25346254393,543.863045996776,8.229892341801815,2313.3477040976136,0.6609564868850325,0.0,300.0,0,0,0,180.71328799641597,180.71328799641597,2613.3477040976136,0.7466707725993181,0.0,-172.48339565461416,-172.48339565461413,-300.0,0,0,0
2026-01-27 11:45:00,ZONE_A,2669.5689451038,549.0576403657054,7.771283312937498,2294.337654196042,0.655525044056012,0.0,300.0,0,0,0,166.35663148892996,166.35663148892996,2594.337654196042,0.7412393297702977,0.0,-158.58534817599246,-158.58534817599246,-300.0,0,0,0
2026-01-27 12:00:00,ZONE_A,2918.696109347012,515.5762201054014,0.0,2517.938569515646,0.7194110198616132,0.0,300.0,0,0,0,156.1944372776,156.1944372776,2817.938569515646,0.8051253055758989,0.0,-156.1944372776,-156.1944372776,-300.0,0,0,0
2026-01-27 12:15:00,ZONE_A,2710.226537823262,505.189250207044,23.94289522844349,2312.299403636134,0.6606569724674668,0.0,300.0,0,0,0,178.71850904766904,178.71850904766904,2612.299403636134,0.7463712581817525,0.0,-154.77561381922555,-154.77561381922555,-300.0,0,0,0
2026-01-27 12:30:00,ZONE_A,2696.9213759582963,559.6978572948283,17.32934289845832,2319.186765654776,0.6626247901870789,0.0,300.0,0,0,0,226.83872109396,226.83872109396,2619.186765654776,0.7483390759013646,0.0,-209.50937819550168,-209.50937819550165,-300.0,0,0,0
2026-01-27 12:45:00,ZONE_A,2692.7613351563605,494.5366051813325,17.130726778057692,2294.412800547705,0.6555465144422015,0.0,300.0,0,0,0,188.177213873514,188.177213873514,2594.412800547705,0.7412608001564872,0.0,-171.0464870954563,-171.0464870954563,-300.0,0,0,0
2026-01-27 13:00:00,ZONE_A,2740.015097020955,499.1518896328035,20.56550931920998,2339.267123159228,0.6683620351883509,0.0,300.0,0,0,0,97.275818732829,97.275818732829,2639.267123159228,0.7540763209026365,0.0,-76.71030941361902,-76.71030941361903,-300.0,0,0,0
2026-01-27 13:15:00,ZONE_A,2892.8420864708983,508.0136942553558,21.165717143620952,2492.0948574038257,0.7120271021153788,0.0,300.0,0,0,0,125.35217868629002,125.35217868629002,2792.0948574038257,0.7977413878296645,0.0,-104.18646154266906,-104.18646154266906,-300.0,0,0,0
2026-01-27 13:30:00,ZONE_A,2656.1815238411587,534.2411308695577,17.63908359927302,2279.4566076156084,0.6512733164616024,0.0,300.0,0,0,0,143.22168594147598,143.22168594147598,2579.4566076156084,0.7369876021758881,0.0,-125.58260234220296,-125.58260234220296,-300.0,0,0,0
2026-01-27 13:45:00,ZONE_A,2679.2390448971505,439.4297531913452,22.920896678130877,2278.5919850297623,0.651026281437075,0.0,300.0,0,0,0,71.82563350676799,71.82563350676799,2578.5919850297623,0.7367405671513607,0.0,-48.90473682863711,-48.90473682863711,-300.0,0,0,0
2026-01-27 14:00:00,ZONE_A,2821.4348275817056,398.81885708773086,15.599367891148006,2420.8504342838964,0.6916715526525419,0.0,300.0,0,0,0,29.619806636925038,29.619806636925038,2720.8504342838964,0.7773858383668275,0.0,-14.020438745777032,-14.020438745777028,-300.0,0,0,0
2026-01-27 14:15:00,ZONE_A,2654.802180706185,422.89298937076927,22.490909885420194,2254.171729258552,0.6440490655024435,0.0,261.3172061003075,0,0,0,0.0,0.0,2515.4889353588596,0.7187111243882456,0.0,22.490909885420194,22.490909885420194,-261.31720610030743,0,0,0
2026-01-27 14:30:00,ZONE_A,2665.6722104890823,383.5788130952482,14.368271256062997,2265.1105252031493,0.6471744357723284,0.0,300.0,0,0,0,56.26646260292,56.26646260292,2565.1105252031493,0.7328887214866141,0.0,-41.898191346857004,-41.898191346857004,-300.0,0,0,0
2026-01-27 14:45:00,ZONE_A,2645.151704941019,339.7398518451115,16.659982420586914,2244.660465665287,0.6413315616186535,0.0,224.266669448365,0,0,0,0.0,0.0,2468.927135113652,0.7054077528896149,0.0,16.659982420586914,16.659982420586914,-224.26666944836506,0,0,0
2026-01-28 10:30:00,ZONE_A,2815.394370125736,433.77611382853945,15.180509083413485,2414.66864479854,0.6899053270852971,0.0,248.97270583074,0,0,0,0.0,0.0,2663.6413506292797,0.76104038589408,0.0,15.180509083413485,15.180509083413483,-248.97270583073987,0,0,0
2026-01-28 10:45:00,ZONE_A,2728.8151632428294,445.2164518244983,12.802574112853051,2328.0571711396983,0.6651591917541995,0.0,221.5654809159456,0,0,0,0.0,0.0,2549.622652055644,0.7284636148730411,0.0,12.802574112853051,12.802574112853051,-221.5654809159455,0,0,0
2026-01-28 11:00:00,ZONE_A,2643.9630710613924,482.1681831001536,10.13774152344547,2251.241467152199,0.6432118477577712,0.0,217.289030595904,0,0,0,0.0,0.0,2468.5304977481032,0.7052944279280295,0.0,10.13774152344547,10.13774152344547,-217.28903059590402,0,0,0
2026-01-28 11:15:00,ZONE_A,2723.902483928088,484.8725754986903,10.931471734765635,2322.9705675332425,0.6637058764380693,0.0,255.7309250882292,0,0,0,0.0,0.0,2578.7014926214715,0.7367718550347061,0.0,10.931471734765635,10.931471734765637,-255.73092508822901,0,0,0
2026-01-28 11:30:00,ZONE_A,2675.8585122018444,501.0333411888215,15.904578756257196,2279.5879808744,0.6513108516784,0.0,288.3288177836562,0,0,0,0.0,0.0,2567.916798658056,0.7336905139023017,0.0,15.904578756257196,15.904578756257195,-288.3288177836562,0,0,0
2026-01-28 11:45:00,ZONE_A,2711.589399934583,470.1714616618998,17.391554443762686,2310.747871697977,0.6602136776279934,0.0,290.68970926017,0,0,0,0.0,0.0,2601.437580958147,0.7432678802737563,0.0,17.391554443762686,17.391554443762686,-290.6897092601698,0,0,0
2026-01-28 12:00:00,ZONE_A,2863.8885614999394,552.2861515738365,12.007448444077454,2462.7717902054364,0.7036490829158389,0.0,300.0,0,0,0,18.416699442599963,18.416699442599963,2762.7717902054364,0.7893633686301247,0.0,-6.409250998522509,-6.409250998522452,-300.0,0,0,0
2026-01-28 12:15:00,ZONE_A,2661.025391521628,507.2969291081012,17.673611473484584,2268.304624031496,0.6480870354375703,0.0,300.0,0,0,0,42.188811104831984,42.188811104831984,2568.304624031496,0.733801321151856,0.0,-24.5151996313474,-24.5151996313474,-300.0,0,0,0
2026-01-28 12:30:00,ZONE_A,2663.787867171538,488.4579785498654,9.785504469784884,2267.175553967784,0.6477644439907954,0.0,262.929563335872,0,0,0,0.0,0.0,2530.105117303656,0.7228871763724731,0.0,9.785504469784884,9.785504469784883,-262.929563335872,0,0,0
2026-01-28 12:45:00,ZONE_A,2635.145313902517,479.2172322856305,5.062731652393438,2241.4328742113075,0.6404093926318022,0.0,269.99399842224,0,0,0,0.0,0.0,2511.4268726335476,0.7175505350381565,0.0,5.062731652393438,5.062731652393438,-269.9939984222401,0,0,0
2026-01-28 13:00:00,ZONE_A,2673.5365827724845,441.6227843166543,3.467853879193626,2272.6668550156446,0.649333387147327,0.0,300.0,0,0,0,14.566392358656516,14.566392358656516,2572.6668550156446,0.7350476728616128,0.0,-11.09853847946289,-11.098538479462889,-300.0,0,0,0
2026-01-28 13:15:00,ZONE_A,2615.5434573412344,494.95358065693097,2.55071285265808,2232.2741938702848,0.6377926268200813,0.0,300.0,0,0,0,2.5388980514999844,2.5388980514999844,2532.2741938702848,0.723506912534367,0.0,0.011814801158095634,0.011814801158095634,-300.0,0,0,0
2026-01-28 13:30:00,ZONE_A,2639.22702184148,396.15953292203903,12.532209085605473,2238.505045644449,0.6395728701841283,0.0,217.8098863463112,0,0,0,0.0,0.0,2456.31493199076,0.7018042662830744,0.0,12.532209085605473,12.532209085605473,-217.80988634631103,0,0,0
2026-01-28 13:45:00,ZONE_A,2681.6411261542185,424.1709627512713,20.587319999408408,2280.9409777593846,0.651697422216967,0.0,276.727587661012,0,0,0,0.0,0.0,2557.6685654203966,0.7307624472629705,0.0,20.587319999408408,20.587319999408408,-276.72758766101197,0,0,0
2026-01-28 14:00:00,ZONE_A,2660.6003797865387,404.5541223751462,1.0057028087289837,2259.93490634212,0.64569568752632,0.0,262.86693205812,0,0,0,0.0,0.0,2522.80183840024,0.7208005252572114,0.0,1.0057028087289837,1.0057028087289837,-262.8669320581198,0,0,0
2026-01-28 14:15:00,ZONE_A,2741.3794607433783,434.8496447907944,9.969303492217024,2340.605831416088,0.6687445232617395,0.0,275.04073618360803,0,0,0,0.0,0.0,2615.646567599696,0.7473275907427703,0.0,9.969303492217024,9.969303492217023,-275.0407361836078,0,0,0
2026-01-28 14:30:00,ZONE_A,2635.6865388743004,458.2383458231657,9.451539510886562,2237.3823847719377,0.6392521099348394,0.0,237.22561765304,0,0,0,0.0,0.0,2474.6080024249777,0.707030857835708,0.0,9.451539510886562,9.451539510886562,-237.22561765304,0,0,0
2026-01-28 14:45:00,ZONE_A,2757.680187493176,436.6103659387446,1.9642504088801616,2356.822905557769,0.6733779730165054,0.0,229.874016454848,0,0,0,0.0,0.0,2586.696922012617,0.7390562634321763,0.0,1.9642504088801616,1.9642504088801616,-229.87401645484806,0,0,0
2026-01-28 15:30:00,ZONE_A,2689.96128661672,488.2956743185045,16.22405180764372,2288.927914641572,0.6539794041833062,0.0,213.85343618652,0,0,0,0.0,0.0,2502.781350828092,0.7150803859508834,0.0,16.22405180764372,16.22405180764372,-213.85343618651996,0,0,0
2026-01-29 08:30:00,ZONE_A,2861.0171985141096,389.6279400768522,8.699729743099567,2460.2443691732624,0.7029269626209321,0.0,221.0674725611775,0,0,0,0.0,0.0,2681.31184173444,0.7660890976384114,0.0,8.699729743099567,8.699729743099567,-221.0674725611775,0,0,0
2026-01-29 08:45:00,ZONE_A,2936.330551389069,451.8363177326812,12.399788897588223,2535.482660922935,0.7244236174065528,0.0,300.0,0,0,0,60.54621278766001,60.54621278766001,2835.482660922935,0.8101379031208386,0.0,-48.14642389007179,-48.14642389007179,-300.0,0,0,0
2026-01-29 09:00:00,ZONE_A,3064.933973133969,433.07865073179113,10.261756289503126,2664.0949587292885,0.7611699882083681,0.0,300.0,0,0,0,42.84392358147005,42.84392358147005,2964.0949587292885,0.8468842739226539,0.0,-32.582167291966925,-32.582167291966925,-300.0,0,0,0
2026-01-29 09:15:00,ZONE_A,2974.272354755303,482.3168076938399,9.735146094276672,2573.3307457014616,0.7352373559147033,0.0,300.0,0,0,0,64.59405445569604,64.59405445569604,2873.3307457014616,0.820951641628989,0.0,-54.85890836141937,-54.85890836141937,-300.0,0,0,0
2026-01-29 09:30:00,ZONE_A,3057.9726933003003,490.30620020895503,25.91859759217914,2657.03993823914,0.7591542680683258,0.0,300.0,0,0,0,89.28333008341997,89.28333008341997,2957.03993823914,0.8448685537826115,0.0,-63.36473249124083,-63.36473249124083,-300.0,0,0,0
2026-01-29 09:45:00,ZONE_A,3117.36788285852,625.0793305745271,23.770410145789583,2716.14276841776,0.7760407909765029,0.0,300.0,0,0,0,25.67270513415002,25.67270513415002,3016.14276841776,0.8617550766907887,0.0,-1.9022949883604383,-1.9022949883603815,-300.0,0,0,0
2026-01-29 10:15:00,ZONE_A,2652.4299676448622,678.5726923833729,9.47996661762727,2312.106307301248,0.6606018020860708,0.0,295.89980576166903,0,0,0,0.0,0.0,2608.006113062917,0.745144603732262,0.0,9.47996661762727,9.47996661762727,-295.8998057616691,0,0,0
2026-01-29 10:15:00,ZONE_B,1938.182423254985,387.881645570151,0.0,1658.9192255048,0.592471151966,0.0,200.0,0,0,0,119.9491859443695,119.9491859443695,1858.9192255048,0.6638997233945714,0.0,-119.9491859443695,-119.9491859443695,-200.0,0,0,0
2026-01-29 10:30:00,ZONE_A,2784.454451812156,627.9011572808163,24.785074330906586,2401.317718885048,0.6860907768242995,0.0,300.0,0,0,0,39.222937365723,39.222937365723,2701.317718885048,0.7718050625385852,0.0,-14.437863034816413,-14.437863034816473,-300.0,0,0,0
2026-01-29 10:45:00,ZONE_A,2830.892625547466,601.5734236578011,23.674788194755934,2433.4654907067297,0.6952758544876371,0.0,300.0,0,0,0,40.294844931839975,40.294844931839975,2733.4654907067297,0.7809901402019228,0.0,-16.62005673708404,-16.62005673708404,-300.0,0,0,0
2026-01-29 11:00:00,ZONE_A,2757.5051142775105,639.9290196967454,34.21047387926478,2384.438999865813,0.6812682856759465,0.0,300.0,0,0,0,169.95545688972197,169.95545688972197,2684.438999865813,0.7669825713902323,0.0,-135.7449830104572,-135.7449830104572,-300.0,0,0,0
2026-01-29 11:15:00,ZONE_A,2662.5079682622663,674.0242004666923,18.86119555139692,2317.943532330355,0.6622695806658158,0.0,300.0,0,0,0,250.18054733295605,250.18054733295605,2617.943532330355,0.7479838663801015,0.0,-231.31935178155913,-231.31935178155913,-300.0,0,0,0
2026-01-29 11:30:00,ZONE_A,2870.577715805414,665.4550566927416,18.627140337203627,2485.812034867188,0.7102320099620536,0.0,300.0,0,0,0,187.30776723408,187.30776723408,2785.812034867188,0.7959462956763393,0.0,-168.68062689687636,-168.68062689687633,-300.0,0,0,0
2026-01-29 11:30:00,ZONE_B,2193.41278750513,461.18378273551446,10.152812081099398,1892.694570193887,0.6759623464978168,0.0,200.0,0,0,0,32.43223378001801,32.43223378001801,2092.694570193887,0.7473909179263882,0.0,-22.27942169891861,-22.27942169891861,-200.0,0,0,0
2026-01-29 11:45:00,ZONE_A,2699.357195230996,622.8206056761046,14.13620039745672,2339.08438293015,0.6683098236943286,0.0,300.0,0,0,0,228.23979783542995,228.23979783542995,2639.08438293015,0.7540241094086142,0.0,-214.10359743797324,-214.10359743797324,-300.0,0,0,0
2026-01-29 11:45:00,ZONE_B,1977.742081653104,444.7199455048412,1.8627247498840236,1697.4717904961915,0.6062399251772113,0.0,200.0,0,0,0,104.17173844756002,104.17173844756002,1897.4717904961915,0.6776684966057827,0.0,-102.309013697676,-102.309013697676,-200.0,0,0,0
2026-01-29 12:00:00,ZONE_A,2669.9880310603107,620.8494526281944,15.906803413699096,2311.95586743696,0.6605588192677029,0.0,300.0,0,0,0,271.7121058946881,271.7121058946881,2611.95586743696,0.7462731049819886,0.0,-255.80530248098898,-255.80530248098898,-300.0,0,0,0
2026-01-29 12:00:00,ZONE_B,1956.711323584347,437.3751669749307,7.622747654516729,1678.251232089941,0.5993754400321217,0.0,200.0,0,0,0,81.869015935,81.869015935,1878.251232089941,0.6708040114606931,0.0,-74.24626828048326,-74.24626828048326,-200.0,0,0,0
2026-01-29 12:15:00,ZONE_A,2689.8141552732723,603.7937034049528,19.93664948871003,2320.2444925851714,0.6629269978814776,0.0,300.0,0,0,0,282.0070700973581,282.0070700973581,2620.2444925851714,0.7486412835957633,0.0,-262.0704206086481,-262.0704206086481,-300.0,0,0,0
2026-01-29 12:15:00,ZONE_B,2045.4894641325247,417.56082026108936,2.837536341358316,1744.8682148075184,0.6231672195741137,0.0,200.0,0,0,0,63.31580922211998,63.31580922211998,1944.8682148075184,0.6945957910026851,0.0,-60.478272880761665,-60.478272880761665,-200.0,0,0,0
2026-01-29 12:30:00,ZONE_A,2805.560713951968,667.416309761397,16.193664108831854,2433.5745937254314,0.6953070267786947,0.0,300.0,0,0,0,242.12108900754004,242.12108900754004,2733.5745937254314,0.7810213124929805,0.0,-225.92742489870818,-225.92742489870818,-300.0,0,0,0
2026-01-29 12:30:00,ZONE_B,2166.4848422752098,457.6806349409203,14.761826202194754,1865.781058736794,0.6663503781202835,0.0,200.0,0,0,0,141.20256455410998,141.20256455410998,2065.781058736794,0.737778949548855,0.0,-126.44073835191523,-126.44073835191523,-200.0,0,0,0
2026-01-29 12:45:00,ZONE_A,2738.960149940379,637.98612038811,31.165992663466227,2370.217752883796,0.6772050722525131,0.0,300.0,0,0,0,289.33849583074493,289.33849583074493,2670.217752883796,0.7629193579667989,0.0,-258.1725031672787,-258.1725031672787,-300.0,0,0,0
2026-01-29 13:00:00,ZONE_A,2709.218219670979,545.165367840908,14.101724509253929,2323.2646376472585,0.6637898964706452,0.0,300.0,0,0,0,241.01160511288003,241.01160511288003,2623.2646376472585,0.749504182184931,0.0,-226.9098806036261,-226.9098806036261,-300.0,0,0,0
2026-01-29 13:15:00,ZONE_A,2682.49724126238,565.1799372083897,23.18029240490955,2304.5475439775933,0.6584421554221696,0.0,300.0,0,0,0,200.21236651960956,200.21236651960956,2604.5475439775933,0.7441564411364552,0.0,-177.0320741147,-177.03207411469998,-300.0,0,0,0
2026-01-29 13:30:00,ZONE_A,2635.1751559555937,460.8765817411162,25.6086817666951,2237.0128239375586,0.6391465211250167,0.0,300.0,0,0,0,202.557379181354,202.557379181354,2537.0128239375586,0.7248608068393024,0.0,-176.9486974146589,-176.9486974146589,-300.0,0,0,0
2026-01-29 13:45:00,ZONE_A,2708.467993147244,426.7006348856573,12.500934023657637,2307.8147253909865,0.6593756358259961,0.0,300.0,0,0,0,190.1655697944,190.1655697944,2607.8147253909865,0.7450899215402819,0.0,-177.66463577074236,-177.66463577074236,-300.0,0,0,0
2026-01-29 14:00:00,ZONE_A,2679.3188956750782,469.1089435883705,9.269831613307758,2278.5909725806964,0.6510259921659133,0.0,300.0,0,0,0,53.51275818475801,53.51275818475801,2578.5909725806964,0.736740277880199,0.0,-44.242926571450255,-44.242926571450255,-300.0,0,0,0
2026-01-29 14:15:00,ZONE_A,2635.71722754059,464.3772000065755,19.71449678167733,2239.1166850975046,0.6397476243135728,0.0,300.0,0,0,0,100.3942455585444,100.3942455585444,2539.1166850975046,0.7254619100278584,0.0,-80.67974877686707,-80.67974877686709,-300.0,0,0,0
2026-01-29 14:30:00,ZONE_A,2669.422191785028,412.6193099037005,9.75190539907186,2268.7724461333773,0.6482206988952507,0.0,264.2243417936054,0,0,0,0.0,0.0,2532.9967879269825,0.7237133679791379,0.0,9.75190539907186,9.751905399071859,-264.22434179360516,0,0,0
2026-01-29 14:45:00,ZONE_A,2698.1359284467803,434.4807828601158,8.411855453610883,2297.427121618453,0.6564077490338437,0.0,300.0,0,0,0,9.952745586623962,9.952745586623962,2597.427121618453,0.7421220347481294,0.0,-1.5408901330130789,-1.5408901330130789,-300.0,0,0,0
2026-01-29 15:00:00,ZONE_A,2675.2671896318075,433.7137265645553,15.1932472457691,2274.5325464458883,0.6498664418416824,0.0,251.2718375450624,0,0,0,0.0,0.0,2525.8043839909506,0.7216583954259859,0.0,15.1932472457691,15.1932472457691,-251.27183754506223,0,0,0
2026-01-29 15:15:00,ZONE_A,2662.529617191757,395.311949014974,11.580757478109888,2261.8740504746083,0.6462497287070309,0.0,247.155917925585,0,0,0,0.0,0.0,2509.0299684001934,0.7168657052571982,0.0,11.580757478109888,11.580757478109888,-247.15591792558507,0,0,0
2026-01-30 10:45:00,ZONE_A,2685.1335293282978,420.2056033899663,21.450018829996907,2284.5077394739465,0.6527164969925562,0.0,213.82706032072,0,0,0,0.0,0.0,2498.3347997946667,0.7138099427984762,0.0,21.450018829996907,21.450018829996907,-213.8270603207202,0,0,0
2026-01-30 11:00:00,ZONE_A,2736.754315693546,457.1531109519573,13.072645308729022,2336.098748400686,0.6674567852573389,0.0,300.0,0,0,0,19.12144011285,19.12144011285,2636.098748400686,0.7531710709716246,0.0,-6.048794804120977,-6.048794804120973,-300.0,0,0,0
2026-01-30 11:15:00,ZONE_A,2699.743061009058,477.43395851187086,19.734239651626865,2299.037634252752,0.6568678955007863,0.0,300.0,0,0,0,16.91305162642999,16.91305162642999,2599.037634252752,0.742582181215072,0.0,2.821188025196875,2.821188025196875,-300.0,0,0,0
2026-01-30 11:45:00,ZONE_A,2625.468746783977,504.74706387801433,20.31871042088403,2246.2912802495302,0.6417975086427229,0.0,300.0,0,0,0,15.153273555190026,15.153273555190026,2546.2912802495302,0.7275117943570086,0.0,5.165436865694005,5.165436865694005,-300.0,0,0,0
2026-01-30 12:00:00,ZONE_A,2840.220465068792,440.6322893112381,22.07466466277208,2439.5868515034845,0.6970248147152813,0.0,300.0,0,0,0,47.4423321582625,47.4423321582625,2739.5868515034845,0.782739100429567,0.0,-25.367667495490423,-25.367667495490423,-300.0,0,0,0
2026-01-30 12:15:00,ZONE_A,2669.0494349043724,444.4906845426554,15.692891503543647,2268.404270338471,0.6481155058109918,0.0,300.0,0,0,0,138.6918892804,138.6918892804,2568.404270338471,0.7338297915252775,0.0,-122.99899777685636,-122.99899777685636,-300.0,0,0,0
2026-01-30 12:30:00,ZONE_A,2641.6959135278303,448.4259127781649,22.375286108042303,2241.055025786776,0.6403014359390788,0.0,300.0,0,0,0,22.373401966805037,22.373401966805037,2541.055025786776,0.7260157216533645,0.0,0.0018841412372658795,0.0018841412372694322,-300.0,0,0,0
2026-01-30 12:45:00,ZONE_A,2684.2786703013103,448.56437445254994,13.415310201904276,2283.611687198473,0.6524604820567066,0.0,300.0,0,0,0,143.01130427214002,143.01130427214002,2583.611687198473,0.7381747677709923,0.0,-129.59599407023575,-129.59599407023575,-300.0,0,0,0
2026-01-30 13:00:00,ZONE_A,2860.9933554663653,453.8549237682793,3.6381379301967622,2460.2975619509534,0.7029421605574153,0.0,300.0,0,0,0,4.707026771750009,4.707026771750009,2760.2975619509534,0.788656446271701,0.0,-1.0688888415532465,-1.068888841553246,-300.0,0,0,0
2026-01-30 13:15:00,ZONE_A,2810.900418678403,412.6770282711523,18.53283388805687,2410.280446756264,0.6886515562160754,0.0,300.0,0,0,0,24.304495381443477,24.304495381443477,2710.280446756264,0.7743658419303612,0.0,-5.771661493386606,-5.771661493386603,-300.0,0,0,0
2026-01-30 13:30:00,ZONE_A,2886.3630564045848,442.8611831057737,24.113236754965328,2485.734715881076,0.7102099188231646,0.0,300.0,0,0,0,57.00128259994199,57.00128259994199,2785.734715881076,0.7959242045374504,0.0,-32.88804584497666,-32.88804584497666,-300.0,0,0,0
2026-01-30 13:45:00,ZONE_A,2695.2554949148043,437.450918508835,28.02042587602091,2294.625555546715,0.6556073015847758,0.0,300.0,0,0,0,41.00797251132002,41.00797251132002,2594.625555546715,0.7413215872990615,0.0,-12.987546635299111,-12.987546635299111,-300.0,0,0,0
2026-01-30 14:00:00,ZONE_A,2652.7775888473016,426.5954449749771,11.703589434939602,2252.152924110528,0.6434722640315794,0.0,228.45597473427,0,0,0,0.0,0.0,2480.608898844798,0.7087453996699423,0.0,11.703589434939602,11.703589434939602,-228.45597473427006,0,0,0
2026-01-30 14:15:00,ZONE_A,2655.724017702469,451.245438952294,29.165505959456425,2255.0785753008267,0.6443081643716648,0.0,287.729770836248,0,0,0,0.0,0.0,2542.8083461370748,0.7265166703248785,0.0,29.165505959456425,29.165505959456425,-287.729770836248,0,0,0
2026-01-30 14:30:00,ZONE_A,2747.055377999804,339.30851401352953,14.67306907162515,2346.5663779381857,0.6704475365537673,0.0,185.052973988664,0,0,0,0.0,0.0,2531.61935192685,0.7233198148362429,0.0,14.67306907162515,14.67306907162515,-185.05297398866423,0,0,0
2026-01-30 14:45:00,ZONE_A,2668.355196692122,310.59185156252886,9.397359718052712,2267.8953551834884,0.6479701014809967,0.0,203.670687813768,0,0,0,0.0,0.0,2471.5660429972563,0.7061617265706447,0.0,9.397359718052712,9.397359718052712,-203.67068781376793,0,0,0
2026-01-30 15:30:00,ZONE_A,2660.858002678827,253.91492480604435,9.518848747121694,2260.497718156048,0.645856490901728,0.0,136.984136438557,0,0,0,0.0,0.0,2397.481854594605,0.6849948155984585,0.0,9.518848747121694,9.518848747121694,-136.98413643855702,0,0,0
