timestamp,zone_id,solar_generation_mw,predicted_solar_15m,predicted_solar_30m,predicted_solar_60m,wind_generation_mw,predicted_wind_15m,predicted_wind_30m,predicted_wind_60m,predicted_total_renewable_15m,predicted_total_renewable_30m,predicted_total_renewable_60m,predicted_demand_mw,predicted_net_load_60m,split
2026-01-01 00:00:00,ZONE_A,0.0,,,,74.1856432120808,,,,0.0,0.0,0.0,,,train
2026-01-01 00:15:00,ZONE_A,0.0,,,,54.86984184588219,,,,0.0,0.0,0.0,,,train
2026-01-01 00:30:00,ZONE_A,0.0,,,,85.71842111534038,,,,0.0,0.0,0.0,,,train
2026-01-01 00:45:00,ZONE_A,0.0,,,,92.2617591622758,,,,0.0,0.0,0.0,,,train
2026-01-01 01:00:00,ZONE_A,0.0,,,,98.46900209667324,,,,0.0,0.0,0.0,,,train
2026-01-01 01:15:00,ZONE_A,0.0,,,,47.31117234795666,,,,0.0,0.0,0.0,,,train
2026-01-01 01:30:00,ZONE_A,0.0,,,,15.06082351867245,,,,0.0,0.0,0.0,,,train
2026-01-01 01:45:00,ZONE_A,0.0,,,,13.26337603997862,,,,0.0,0.0,0.0,,,train
2026-01-01 02:00:00,ZONE_A,0.0,,,,15.2142994688751,,,,0.0,0.0,0.0,,,train
2026-01-01 02:15:00,ZONE_A,0.0,,,,6.857343999545278,,,,0.0,0.0,0.0,,,train
2026-01-01 02:30:00,ZONE_A,0.0,,,,2.422086283881097,,,,0.0,0.0,0.0,,,train
2026-01-01 02:45:00,ZONE_A,0.0,,,,4.324645010276505,,,,0.0,0.0,0.0,,,train
2026-01-01 03:00:00,ZONE_A,0.0,,,,7.231329772898063,,,,0.0,0.0,0.0,,,train
2026-01-01 03:15:00,ZONE_A,0.0,,,,6.362732566287867,,,,0.0,0.0,0.0,,,train
2026-01-01 03:30:00,ZONE_A,0.0,,,,11.62557826573148,,,,0.0,0.0,0.0,,,train
2026-01-01 03:45:00,ZONE_A,0.0,,,,4.453861004793004,,,,0.0,0.0,0.0,,,train
2026-01-01 04:00:00,ZONE_A,0.0,,,,3.1384260261360386,,,,0.0,0.0,0.0,,,train
2026-01-01 04:15:00,ZONE_A,0.0,,,,12.42597748228524,,,,0.0,0.0,0.0,,,train
2026-01-01 04:30:00,ZONE_A,0.0,,,,13.056139814871068,,,,0.0,0.0,0.0,,,train
2026-01-01 04:45:00,ZONE_A,0.0,,,,13.91942425890039,,,,0.0,0.0,0.0,,,train
2026-01-01 05:00:00,ZONE_A,0.0,,,,46.51534331227258,,,,0.0,0.0,0.0,,,train
2026-01-01 05:15:00,ZONE_A,0.0,,,,24.176126080752425,,,,0.0,0.0,0.0,,,train
2026-01-01 05:30:00,ZONE_A,0.0,,,,35.59323333115364,,,,0.0,0.0,0.0,,,train
2026-01-01 05:45:00,ZONE_A,0.0,,,,72.64735238838915,,,,0.0,0.0,0.0,,,train
2026-01-01 06:00:00,ZONE_A,0.0,,,,63.12651671201204,,,,0.0,0.0,0.0,,,train
2026-01-01 06:15:00,ZONE_A,0.0,,,,87.64543416340248,,,,0.0,0.0,0.0,,,train
2026-01-01 06:30:00,ZONE_A,0.0,,,,60.45803861888851,,,,0.0,0.0,0.0,,,train
2026-01-01 06:45:00,ZONE_A,0.0,,,,46.08011109789666,,,,0.0,0.0,0.0,,,train
2026-01-01 07:00:00,ZONE_A,0.0,,,,54.01676240392728,,,,0.0,0.0,0.0,,,train
2026-01-01 07:15:00,ZONE_A,66.2511929152022,,,,73.18565377661402,,,,0.0,0.0,0.0,,,train
2026-01-01 07:30:00,ZONE_A,138.66340784471592,,,,107.89312222545928,,,,0.0,0.0,0.0,,,train
2026-01-01 07:45:00,ZONE_A,220.9109586919112,,,,178.23547307508548,,,,0.0,0.0,0.0,,,train
2026-01-01 08:00:00,ZONE_A,293.59665176310506,,,,172.73589588479413,,,,0.0,0.0,0.0,,,train
2026-01-01 08:15:00,ZONE_A,364.2483220508177,,,,232.67810342717547,,,,0.0,0.0,0.0,,,train
2026-01-01 08:30:00,ZONE_A,424.272921794422,,,,219.25313885794856,,,,0.0,0.0,0.0,,,train
2026-01-01 08:45:00,ZONE_A,502.0560155288387,,,,268.4839645917016,,,,0.0,0.0,0.0,,,train
2026-01-01 09:00:00,ZONE_A,504.19783261137934,,,,274.9531370305664,,,,0.0,0.0,0.0,,,train
2026-01-01 09:15:00,ZONE_A,569.5487048819605,,,,321.6038592135092,,,,0.0,0.0,0.0,,,train
2026-01-01 09:30:00,ZONE_A,600.9699041570584,,,,343.3263130334912,,,,0.0,0.0,0.0,,,train
2026-01-01 09:45:00,ZONE_A,661.0064733867499,,,,227.96178554775145,,,,0.0,0.0,0.0,,,train
2026-01-01 10:00:00,ZONE_A,713.93232367952,,,,171.2437625379948,,,,0.0,0.0,0.0,,,train
2026-01-01 10:15:00,ZONE_A,760.7115411147557,,,,178.69471943628858,,,,0.0,0.0,0.0,,,train
2026-01-01 10:30:00,ZONE_A,800.1162118783403,,,,104.29994051502165,,,,0.0,0.0,0.0,,,train
2026-01-01 10:45:00,ZONE_A,786.4151460357218,,,,139.01438406951257,,,,0.0,0.0,0.0,,,train
2026-01-01 11:00:00,ZONE_A,781.8538384712887,,,,180.4316400398495,,,,0.0,0.0,0.0,,,train
2026-01-01 11:15:00,ZONE_A,788.7134427289577,,,,188.8609953538804,,,,0.0,0.0,0.0,,,train
2026-01-01 11:30:00,ZONE_A,893.5439502905258,,,,142.69873529583887,,,,0.0,0.0,0.0,,,train
2026-01-01 11:45:00,ZONE_A,906.1754435191856,,,,213.2072729402537,,,,0.0,0.0,0.0,,,train
2026-01-01 12:00:00,ZONE_A,818.6270326370995,,,,339.90472249815804,,,,0.0,0.0,0.0,,,train
2026-01-01 12:15:00,ZONE_A,860.958455446922,,,,359.07066939317554,,,,0.0,0.0,0.0,,,train
2026-01-01 12:30:00,ZONE_A,808.985771187947,,,,395.75246557605993,,,,0.0,0.0,0.0,,,train
2026-01-01 12:45:00,ZONE_A,747.4889137278244,,,,411.0752905320111,,,,0.0,0.0,0.0,,,train
2026-01-01 13:00:00,ZONE_A,730.1465212507622,,,,467.882354652358,,,,0.0,0.0,0.0,,,train
2026-01-01 13:15:00,ZONE_A,763.8412663565227,,,,445.2712116246741,,,,0.0,0.0,0.0,,,train
2026-01-01 13:30:00,ZONE_A,820.2829021829772,,,,445.4440424840252,,,,0.0,0.0,0.0,,,train
2026-01-01 13:45:00,ZONE_A,777.7431808200982,,,,530.9348500473642,,,,0.0,0.0,0.0,,,train
2026-01-01 14:00:00,ZONE_A,798.8392161978755,,,,588.4659898359063,,,,0.0,0.0,0.0,,,train
2026-01-01 14:15:00,ZONE_A,754.6191849492707,,,,603.8205825421276,,,,0.0,0.0,0.0,,,train
2026-01-01 14:30:00,ZONE_A,757.3371783686288,,,,595.159839013384,,,,0.0,0.0,0.0,,,train
2026-01-01 14:45:00,ZONE_A,718.7599357221399,,,,490.0239718430534,,,,0.0,0.0,0.0,,,train
2026-01-01 15:00:00,ZONE_A,696.7959202295673,,,,594.7106051440386,,,,0.0,0.0,0.0,,,train
2026-01-01 15:15:00,ZONE_A,637.268694748595,,,,607.4139655695632,,,,0.0,0.0,0.0,,,train
2026-01-01 15:30:00,ZONE_A,622.1581749926303,,,,464.87104530054273,,,,0.0,0.0,0.0,,,train
2026-01-01 15:45:00,ZONE_A,563.1293851873426,,,,508.4452836706775,,,,0.0,0.0,0.0,,,train
2026-01-01 16:00:00,ZONE_A,495.9052431136394,,,,608.8515113360045,,,,0.0,0.0,0.0,,,train
2026-01-01 16:15:00,ZONE_A,474.5499586543202,,,,606.8653306183331,,,,0.0,0.0,0.0,,,train
2026-01-01 16:30:00,ZONE_A,413.9042042372293,,,,593.2363478092755,,,,0.0,0.0,0.0,,,train
2026-01-01 16:45:00,ZONE_A,347.76988267372684,,,,595.1677471274669,,,,0.0,0.0,0.0,,,train
2026-01-01 17:00:00,ZONE_A,277.44715217944463,,,,602.8703229522101,,,,0.0,0.0,0.0,,,train
2026-01-01 17:15:00,ZONE_A,208.02294567547656,,,,597.4169984618446,,,,0.0,0.0,0.0,,,train
2026-01-01 17:30:00,ZONE_A,137.940999893856,,,,600.235922323369,,,,0.0,0.0,0.0,,,train
2026-01-01 17:45:00,ZONE_A,69.1653773507039,,,,594.0573562217103,,,,0.0,0.0,0.0,,,train
2026-01-01 18:00:00,ZONE_A,0.0,,,,605.0444891288586,,,,0.0,0.0,0.0,,,train
2026-01-01 18:15:00,ZONE_A,0.0,,,,604.0135810933824,,,,0.0,0.0,0.0,,,train
2026-01-01 18:30:00,ZONE_A,0.0,,,,610.2179108853301,,,,0.0,0.0,0.0,,,train
2026-01-01 18:45:00,ZONE_A,0.0,,,,597.521414322785,,,,0.0,0.0,0.0,,,train
2026-01-01 19:00:00,ZONE_A,0.0,,,,601.993194339906,,,,0.0,0.0,0.0,,,train
2026-01-01 19:15:00,ZONE_A,0.0,,,,590.0866390786248,,,,0.0,0.0,0.0,,,train
2026-01-01 19:30:00,ZONE_A,0.0,,,,595.9885657323741,,,,0.0,0.0,0.0,,,train
2026-01-01 19:45:00,ZONE_A,0.0,,,,595.5849641962508,,,,0.0,0.0,0.0,,,train
2026-01-01 20:00:00,ZONE_A,0.0,,,,594.3810594824164,,,,0.0,0.0,0.0,,,train
2026-01-01 20:15:00,ZONE_A,0.0,,,,603.7852137079299,,,,0.0,0.0,0.0,,,train
2026-01-01 20:30:00,ZONE_A,0.0,,,,595.9051281340467,,,,0.0,0.0,0.0,,,train
2026-01-01 20:45:00,ZONE_A,0.0,,,,600.2273734239621,,,,0.0,0.0,0.0,,,train
2026-01-01 21:00:00,ZONE_A,0.0,,,,596.4020575830626,,,,0.0,0.0,0.0,,,train
2026-01-01 21:15:00,ZONE_A,0.0,,,,598.3031266591737,,,,0.0,0.0,0.0,,,train
2026-01-01 21:30:00,ZONE_A,0.0,,,,596.3016011380537,,,,0.0,0.0,0.0,,,train
2026-01-01 21:45:00,ZONE_A,0.0,,,,601.0440735543018,,,,0.0,0.0,0.0,,,train
2026-01-01 22:00:00,ZONE_A,0.0,,,,610.6983186459174,,,,0.0,0.0,0.0,,,train
2026-01-01 22:15:00,ZONE_A,0.0,,,,602.1257499884822,,,,0.0,0.0,0.0,,,train
2026-01-01 22:30:00,ZONE_A,0.0,,,,587.9474067457826,,,,0.0,0.0,0.0,,,train
2026-01-01 22:45:00,ZONE_A,0.0,,,,595.4883237199682,,,,0.0,0.0,0.0,,,train
2026-01-01 23:00:00,ZONE_A,0.0,,,,604.1324662770149,,,,0.0,0.0,0.0,,,train
2026-01-01 23:15:00,ZONE_A,0.0,,,,588.6347749807393,,,,0.0,0.0,0.0,,,train
2026-01-01 23:30:00,ZONE_A,0.0,,,,603.6203418784503,,,,0.0,0.0,0.0,,,train
2026-01-01 23:45:00,ZONE_A,0.0,,,,604.8871236309747,,,,0.0,0.0,0.0,,,train
2026-01-02 00:00:00,ZONE_A,0.0,0.5731844,1.4357125,0.0,602.6685406105127,601.6345,599.33405,603.48883,602.2077,600.7698,603.48883,2316.8928,1713.4039694335938,train
2026-01-02 00:15:00,ZONE_A,0.0,0.40886563,0.0,0.0,593.7404200255849,603.412,600.9275,602.52374,603.82086,600.9275,602.52374,2283.61,1681.0862573242189,train
2026-01-02 00:30:00,ZONE_A,0.0,0.22437042,0.009524522,0.0,595.7569548777162,600.0723,600.31,602.02606,600.2967,600.3195,602.02606,2286.2688,1684.242737988281,train
2026-01-02 00:45:00,ZONE_A,0.0,0.38892692,1.1592143,0.6254955,604.1728238163934,598.14746,601.66797,599.81024,598.5364,602.8272,600.4357,2297.644,1697.208270019531,train
2026-01-02 01:00:00,ZONE_A,0.0,0.31043863,0.0,0.0,604.6991134297856,597.9182,602.5551,596.1623,598.22864,602.5551,596.1623,2279.6191,1683.4568075195311,train
2026-01-02 01:15:00,ZONE_A,0.0,0.23449679,0.0,0.0,606.8276644829624,600.99207,600.79736,603.9883,601.22656,600.79736,603.9883,2295.215,1691.2267187500001,train
2026-01-02 01:30:00,ZONE_A,0.0,0.41899198,0.0,0.75790596,593.9802044492586,601.09503,602.11115,601.31445,601.51404,602.11115,602.0724,2285.4314,1683.3590123046874,train
2026-01-02 01:45:00,ZONE_A,0.0,0.20443171,1.2825174,1.1321434,600.3817405270023,600.49457,600.59955,601.8223,600.699,601.8821,602.95447,2288.0764,1685.1219322265624,train
2026-01-02 02:00:00,ZONE_A,0.0,0.5731844,1.4301558,0.0,595.0886627158593,599.2197,602.3759,601.8223,599.7929,603.8061,601.8223,2289.2898,1687.4674733398438,train
2026-01-02 02:15:00,ZONE_A,0.0,0.40886563,0.009524522,0.0,604.7794425356863,600.1295,601.7787,597.7011,600.5384,601.7882,597.7011,2295.3816,1697.6804891601564,train
2026-01-02 02:30:00,ZONE_A,0.0,0.40886563,0.009524522,0.0,600.5065496352744,599.62634,596.835,600.3498,600.0352,596.84454,600.3498,2293.265,1692.9152075195311,train
2026-01-02 02:45:00,ZONE_A,0.0,0.38892692,1.6709697,0.4489133,598.8582238601163,600.3132,599.14075,600.2805,600.7021,600.8117,600.72943,2287.6123,1686.882868847656,train
2026-01-02 03:00:00,ZONE_A,0.0,0.5731844,1.4357125,0.0,597.9218331408756,596.8966,599.16235,600.98346,597.4698,600.5981,600.98346,2284.9355,1683.9520405273438,train
2026-01-02 03:15:00,ZONE_A,0.0,0.40886563,0.009524522,1.8980622,595.6917112273267,599.4507,600.6591,602.9589,599.85956,600.66864,604.857,2288.8608,1684.0038053710937,train
2026-01-02 03:30:00,ZONE_A,0.0,0.40886563,0.009524522,0.0,604.9294676503572,600.42255,602.4961,598.59326,600.8314,602.5056,598.59326,2287.0867,1688.4934382812498,train
2026-01-02 03:45:00,ZONE_A,0.0,0.38892692,1.771211,1.0217292,594.2923595291605,600.7101,603.0646,601.00287,601.099,604.8358,602.0246,2282.481,1680.4564028320315,train
2026-01-02 04:00:00,ZONE_A,0.0,3.1940022,0.0164907,0.0,607.3958091741955,602.12225,596.31696,600.0793,605.3163,596.33344,600.0793,2287.0105,1686.9312153320311,train
2026-01-02 04:15:00,ZONE_A,0.0,0.451547,2.8786476,2.3051577,608.4978001465055,598.82495,598.60846,601.4428,599.2765,601.4871,603.748,2273.3472,1669.5992141601564,train
2026-01-02 04:30:00,ZONE_A,0.0,0.22437042,0.9276571,0.0,595.0077224751408,600.8588,601.2454,600.5624,601.0832,602.1731,600.5624,2304.1152,1703.5528220703127,train
2026-01-02 04:45:00,ZONE_A,0.0,0.38892692,1.2825174,1.1321434,599.1327210266483,601.0054,600.8907,600.7093,601.3943,602.1732,601.84143,2285.8591,1684.0176693359376,train
2026-01-02 05:00:00,ZONE_A,0.0,0.5731844,0.36999103,0.0,596.9461687056678,600.4187,599.0207,601.213,600.9919,599.3907,601.213,2580.5215,1979.3084873046873,train
2026-01-02 05:15:00,ZONE_A,0.0,0.86763346,4.2666826,0.0,604.4056697183167,599.75336,601.4819,600.5436,600.621,605.74854,600.5436,2567.5278,1966.9842208984373,train
2026-01-02 05:30:00,ZONE_A,0.0,0.40886563,0.53723884,6.4542236,592.8554631796505,599.18506,598.8661,597.6713,599.59393,599.4033,604.12555,2603.3047,1999.179150683594,train
2026-01-02 05:45:00,ZONE_A,0.0,0.20443171,2.718354,7.2299757,600.7026132924764,599.74146,598.5288,593.72107,599.94586,601.2472,600.95105,2613.3032,2012.3521501953123,train
2026-01-02 06:00:00,ZONE_A,0.0,7.5077896,13.032211,60.07264,608.2990290367233,598.8479,598.67615,598.38184,606.3557,611.7084,658.45447,2698.9487,2040.4942322265624,train
2026-01-02 06:15:00,ZONE_A,0.0,1.6245992,2.469592,81.773476,590.3576616700975,600.79517,600.7941,602.3397,602.41974,603.26373,684.1132,2725.2021,2041.0888797851562,train
2026-01-02 06:30:00,ZONE_A,0.0,0.0,8.918127,127.91874,611.2238025546839,598.8388,599.1902,599.1072,598.8388,608.10834,727.02594,2736.0703,2009.0443600585936,train
2026-01-02 06:45:00,ZONE_A,0.0,0.0,42.877182,71.3159,605.7957584362041,601.1851,599.20465,603.4016,601.1851,642.08185,674.7175,2753.8596,2079.142070703125,train
2026-01-02 07:00:00,ZONE_A,0.0,49.51986,71.46525,204.45076,604.6044264704883,596.835,595.6028,598.5788,646.35486,667.06805,803.02954,2794.4666,1991.4370589843752,train
2026-01-02 07:15:00,ZONE_A,68.93598372064992,131.09439,197.30753,319.0903,594.5970726065431,596.15,596.89514,600.67914,727.2444,794.20264,919.7694,2838.769,1918.9995908203123,train
2026-01-02 07:30:00,ZONE_A,146.03234552108052,207.9724,274.6353,420.1376,592.3796500471283,600.436,599.9302,597.8472,808.4084,874.5655,1017.98486,2857.688,1839.70313671875,train
2026-01-02 07:45:00,ZONE_A,226.07526179969628,286.2971,348.42917,478.57483,607.5864344088967,598.127,598.8969,597.6051,884.4241,947.32605,1076.1799,2939.333,1863.153068359375,train
2026-01-02 08:00:00,ZONE_A,296.07380524423377,356.91037,432.39078,556.0836,595.3875822305646,597.7235,597.31445,600.8505,954.6339,1029.7052,1156.9341,2947.325,1790.3909179687498,train
2026-01-02 08:15:00,ZONE_A,369.4366170748692,441.23532,491.80173,639.1755,599.6716236112771,598.40704,600.17664,601.32135,1039.6423,1091.9784,1240.4968,2980.9473,1740.4504738281248,train
2026-01-02 08:30:00,ZONE_A,444.129964108382,487.7161,560.8453,679.6317,595.326075193707,600.99603,599.4464,603.354,1088.7122,1160.2917,1282.9857,3020.6187,1737.6329822265625,train
2026-01-02 08:45:00,ZONE_A,492.48303234579697,564.2754,612.6316,671.9131,604.0265223648813,597.9145,598.9124,597.3686,1162.19,1211.544,1269.2817,3098.9534,1829.6716617187499,train
2026-01-02 09:00:00,ZONE_A,576.9752222981614,634.34436,677.65845,745.78345,594.9906010009961,597.17676,595.2053,596.25964,1231.5211,1272.8638,1342.0431,2701.766,1359.7229091796876,train
2026-01-02 09:15:00,ZONE_A,638.3922809948804,681.9764,695.01935,812.829,589.3913316250051,601.1727,599.0575,599.7163,1283.1492,1294.0769,1412.5453,2686.2092,1273.6639119140623,train
2026-01-02 09:30:00,ZONE_A,679.7182968046322,698.46155,768.0532,863.4618,604.2273546449122,594.9327,598.96075,599.2913,1293.3943,1367.0139,1462.7532,2715.0203,1252.2671261718751,train
2026-01-02 09:45:00,ZONE_A,696.5038269559024,765.9734,775.77905,852.7022,591.9845172533228,601.9176,598.5751,601.03326,1367.891,1374.3541,1453.7355,2685.2979,1231.5624263671875,train
2026-01-02 10:00:00,ZONE_A,806.2129417239181,811.9028,850.23914,859.9154,601.5179835410263,596.15674,597.00696,596.65955,1408.0596,1447.2461,1456.575,2682.2778,1225.7028488281248,train
2026-01-02 10:15:00,ZONE_A,800.286918909477,839.6433,843.8175,926.3926,605.8194853601915,590.0671,599.37476,596.26263,1429.7104,1443.1923,1522.6553,2753.5781,1230.9228265625002,train
2026-01-02 10:30:00,ZONE_A,836.7512272816102,849.7514,868.1461,987.51624,586.7282807135932,598.44147,598.17236,594.5425,1448.1929,1466.3185,1582.0587,2693.2063,1111.1475841796873,train
2026-01-02 10:45:00,ZONE_A,843.6512007445185,859.89496,929.9644,983.9569,601.0781088561446,599.97955,598.93353,595.8466,1459.8745,1528.898,1579.8035,2692.4956,1112.6921332031252,train
2026-01-02 11:00:00,ZONE_A,866.7116425944341,920.9957,963.947,987.9246,600.254888555804,597.24585,597.6658,599.63245,1518.2416,1561.6128,1587.5571,2710.0469,1122.4897710937498,train
2026-01-02 11:15:00,ZONE_A,956.2716538541084,1003.0253,985.8391,1029.6488,609.9661589678244,603.8683,599.5183,597.6938,1606.8936,1585.3574,1627.3425,2746.111,1118.7684707031249,train
2026-01-02 11:30:00,ZONE_A,1009.9535830427968,983.58997,1024.0701,1043.5472,602.329267115438,595.8037,597.37036,595.3259,1579.3937,1621.4404,1638.8732,2700.0225,1061.1493310546875,train
2026-01-02 11:45:00,ZONE_A,977.7860881669482,1027.9369,1029.3401,1047.2444,599.0014297105171,599.3701,599.7872,604.42883,1627.307,1629.1272,1651.6732,2688.3896,1036.7163822265625,train
2026-01-02 12:00:00,ZONE_A,1038.8169333304531,1034.3823,1047.8492,954.9364,590.8678240456715,601.79614,599.60706,602.63135,1636.1785,1647.4563,1557.5677,2690.9402,1133.3724509765625,train
2026-01-02 12:15:00,ZONE_A,1042.0955176454545,1035.9089,1037.6193,960.6839,605.0461436034036,602.1925,599.085,602.1617,1638.1014,1636.7043,1562.8456,2692.0745,1129.2289189453127,train
2026-01-02 12:30:00,ZONE_A,1053.8177804299278,1036.0115,962.6399,950.64026,598.9229672667192,596.9201,598.72876,599.8266,1632.9316,1561.3687,1550.4668,2683.1797,1132.7129031250001,train
2026-01-02 12:45:00,ZONE_A,1054.4715027838706,953.81,957.61725,940.0714,613.4530818793171,603.2185,595.1673,599.67487,1557.0286,1552.7845,1539.7463,2687.7805,1148.0341621093748,train
2026-01-02 13:00:00,ZONE_A,952.4681816715596,970.4391,941.23083,859.9673,607.0016163689439,602.1521,599.79114,595.85223,1572.5912,1541.022,1455.8196,2681.9436,1226.124019921875,train
2026-01-02 13:15:00,ZONE_A,981.746672009066,949.8759,952.3395,834.74023,592.4234596698343,601.7275,599.0743,598.0935,1551.6034,1551.4138,1432.8337,2687.9507,1255.1169597656249,train
2026-01-02 13:30:00,ZONE_A,949.9631267913358,945.5397,880.3206,804.4042,597.0644230207533,600.6968,597.3441,599.10736,1546.2365,1477.6648,1403.5115,2678.2383,1274.726825390625,train
2026-01-02 13:45:00,ZONE_A,950.88005913243,882.60675,847.19934,802.397,600.9578107663554,600.02374,599.1616,599.5148,1482.6305,1446.361,1401.9117,2677.8005,1275.8887568359373,train
2026-01-02 14:00:00,ZONE_A,890.9583062125012,834.2219,805.7547,700.37317,591.5913909827659,597.7336,601.54004,590.5362,1431.9556,1407.2947,1290.9094,2705.403,1414.4935761718748,train
2026-01-02 14:15:00,ZONE_A,839.3217421594939,820.7407,800.1582,726.5735,590.3339749619313,603.46295,598.8181,595.7344,1424.2036,1398.9763,1322.3079,2680.6355,1358.3276386718749,train
2026-01-02 14:30:00,ZONE_A,808.3481404215579,785.2744,707.6408,649.5838,600.4773332692822,597.1782,600.44763,599.1376,1382.4526,1308.0884,1248.7214,2680.1118,1431.3903644531251,train
2026-01-02 14:45:00,ZONE_A,793.1267782641363,714.23334,721.31757,613.0141,600.5524044339556,597.052,600.62573,597.5074,1311.2854,1321.9434,1210.5215,2685.2344,1474.7129156249998,train
2026-01-02 15:00:00,ZONE_A,708.7473346424094,715.1924,669.89606,561.4619,595.8592132361997,604.42,598.4611,596.48114,1319.6123,1268.3572,1157.9431,2816.481,1658.5378847656252,train
2026-01-02 15:15:00,ZONE_A,721.8414923818353,668.7112,622.03125,497.226,609.4138400985682,599.46967,601.8359,597.12384,1268.1809,1223.8672,1094.3499,2788.738,1694.3881464843748,train
2026-01-02 15:30:00,ZONE_A,667.2669343213594,612.6815,552.10315,418.72772,596.5945018153686,597.75653,601.33356,603.5772,1210.438,1153.4368,1022.30493,2799.7388,1777.433868359375,train
2026-01-02 15:45:00,ZONE_A,611.5013186328111,550.35004,475.30206,330.4466,595.6471676003649,598.353,598.5133,600.0712,1148.7031,1073.8154,930.5178,2797.7288,1867.2109777343749,train
2026-01-02 16:00:00,ZONE_A,546.7208924329342,476.10843,417.44714,318.8665,589.5930634584466,601.2648,601.9393,595.1948,1077.3732,1019.3864,914.0613,2790.2756,1876.214320703125,train
2026-01-02 16:15:00,ZONE_A,478.3762142502277,422.66037,343.87112,238.57974,588.2489167640935,601.84247,602.6409,599.8111,1024.5028,946.5121,838.39087,2792.917,1954.526130859375,train
2026-01-02 16:30:00,ZONE_A,398.1533038222825,345.90082,297.27997,147.20413,604.119337033337,599.1232,598.3323,596.68524,945.02405,895.61224,743.8894,2793.1023,2049.212895703125,train
2026-01-02 16:45:00,ZONE_A,336.53852019721444,289.48688,223.50032,75.249695,607.97750062343,601.1786,599.79895,595.9128,890.66547,823.29926,671.1625,2794.4397,2123.2772244140624,train
2026-01-02 17:00:00,ZONE_A,291.4151608795865,228.99173,150.1294,18.18922,593.5157858748272,596.4181,599.0821,596.9119,825.4098,749.2115,615.10114,2793.1277,2178.0265647460938,train
2026-01-02 17:15:00,ZONE_A,225.76403039385644,147.29771,66.77333,0.0,594.2894539711856,597.08887,600.88293,595.54517,744.3866,667.65625,595.54517,2792.975,2197.429833984375,train
2026-01-02 17:30:00,ZONE_A,148.3176990969268,70.01101,2.9756129,0.0,595.2802912915345,603.217,598.46106,594.46625,673.22797,601.43665,594.46625,2812.425,2217.9587524414064,train
2026-01-02 17:45:00,ZONE_A,71.01593353141263,2.6580257,0.0,0.0,598.7639542126637,597.79364,595.5551,596.52094,600.45166,595.5551,596.52094,2802.079,2205.5580649414064,train
2026-01-02 18:00:00,ZONE_A,0.0,0.0,0.0,0.0,594.114179050233,595.9027,598.9221,598.224,595.9027,598.9221,598.224,2801.7524,2203.5284009765624,train
2026-01-02 18:15:00,ZONE_A,0.0,0.0,0.0,0.0,594.9785013779773,598.40283,597.5015,597.01117,598.40283,597.5015,597.01117,2805.6787,2208.667530566406,train
2026-01-02 18:30:00,ZONE_A,0.0,0.0,0.84163535,6.1347528,599.2731755926704,602.8723,601.28613,601.419,602.8723,602.12775,607.5538,2799.8354,2192.2816280273437,train
2026-01-02 18:45:00,ZONE_A,0.0,0.0,0.0,2.6118152,593.9822338148596,601.01605,599.5585,600.8274,601.01605,599.5585,603.4392,2811.5815,2208.142291015625,train
2026-01-02 19:00:00,ZONE_A,0.0,0.0,0.0,2.8829124,609.0076526061451,599.5897,598.24695,598.1954,599.5897,598.24695,601.0783,2800.5364,2199.458091894531,train
2026-01-02 19:15:00,ZONE_A,0.0,0.0,0.0,10.071942,595.2443955805896,599.71204,598.9161,596.96265,599.71204,598.9161,607.0346,2803.51,2196.4753930664065,train
2026-01-02 19:30:00,ZONE_A,0.0,0.0,0.0,0.0,594.7814711210505,599.3281,591.5907,603.023,599.3281,591.5907,603.023,2785.5923,2182.5692897460935,train
2026-01-02 19:45:00,ZONE_A,0.0,0.0,0.65983605,9.750587,607.7186254724301,599.0118,594.69556,597.9781,599.0118,595.3554,607.7287,2792.378,2184.6493012695314,train
2026-01-02 20:00:00,ZONE_A,0.0,0.0,0.0,0.0,600.3960888345803,600.18115,602.54816,600.1048,600.18115,602.54816,600.1048,2651.8115,2051.7067026367185,train
2026-01-02 20:15:00,ZONE_A,0.0,0.0,0.36028263,0.0,596.9887884344595,598.7473,599.6525,598.3181,598.7473,600.0128,598.3181,2643.2354,2044.917284765625,train
2026-01-02 20:30:00,ZONE_A,0.0,1.3067274,0.0,0.0,602.3185499328733,599.6603,600.2838,602.4208,600.967,600.2838,602.4208,2627.6038,2025.1830236328124,train
2026-01-02 20:45:00,ZONE_A,0.0,0.26074106,0.0,0.0,589.8207521119223,598.6251,598.4848,599.9372,598.88586,598.4848,599.9372,2604.8674,2004.9302051757813,train
2026-01-02 21:00:00,ZONE_A,0.0,0.315098,0.17400652,0.0,593.6863668323938,596.86285,600.351,606.1177,597.178,600.525,606.1177,2574.1538,1968.03612421875,train
2026-01-02 21:15:00,ZONE_A,0.0,0.0780633,0.0,0.14027543,595.7842746021175,598.6177,600.71545,600.54016,598.69574,600.71545,600.6804,2501.435,1900.754580078125,train
2026-01-02 21:30:00,ZONE_A,0.0,0.21869946,0.0,0.0,609.4428753602296,598.33655,602.2565,603.44995,598.55524,602.2565,603.44995,2461.5742,1858.124248828125,train
2026-01-02 21:45:00,ZONE_A,0.0,0.16274098,0.0,0.0,603.7490501398929,600.59296,600.81274,600.1563,600.7557,600.81274,600.1563,2467.5647,1867.4083889648437,train
2026-01-02 22:00:00,ZONE_A,0.0,0.39812544,0.043736555,0.7533002,604.7936699791128,599.5087,604.1513,599.84454,599.90686,604.19507,600.59784,2435.0588,1834.460960644531,train
2026-01-02 22:15:00,ZONE_A,0.0,0.0,0.0,1.1396235,599.7526237665064,599.8883,601.32837,602.703,599.8883,601.32837,603.84265,2421.0015,1817.1588486328124,train
2026-01-02 22:30:00,ZONE_A,0.0,0.0780633,0.060303822,1.0292095,595.0792751247307,601.9143,598.55457,604.3883,601.9924,598.61487,605.41754,2366.4666,1761.049058496094,train
2026-01-02 22:45:00,ZONE_A,0.0,0.19876072,0.0,0.2998596,594.0947716066322,600.4447,595.3823,599.6361,600.64343,595.3823,599.936,2314.4858,1714.5498258789062,train
2026-01-02 23:00:00,ZONE_A,0.0,0.48650235,0.4608844,1.089345,592.4631557402225,598.4775,602.4567,601.694,598.964,602.9176,602.7833,2308.4702,1705.6868748046877,train
2026-01-02 23:15:00,ZONE_A,0.0,0.2627051,0.0,0.0493619,593.9847450000477,598.0038,599.1866,601.444,598.2665,599.1866,601.49335,2334.2192,1732.7258528320313,train
2026-01-02 23:30:00,ZONE_A,0.0,0.2710566,0.0,0.71506417,596.0351596495251,598.17755,601.5279,604.264,598.4486,601.5279,604.97906,2299.4343,1694.4552350585936,train
2026-01-02 23:45:00,ZONE_A,0.0,0.25111786,0.15506682,0.64901704,607.2755088334479,601.0281,600.5029,603.77545,601.2792,600.658,604.42444,2294.9885,1690.5640615234374,train
2026-01-03 00:00:00,ZONE_A,0.0,0.26964194,0.0,0.0,602.1289817676608,595.84283,600.57886,601.54175,596.1125,600.57886,601.54175,2317.5793,1716.0375519531249,train
2026-01-03 00:15:00,ZONE_A,0.0,0.23449679,0.0,0.0,593.8671594926708,600.4159,598.1588,600.4452,600.6504,598.1588,600.4452,2279.489,1679.0438095703125,train
2026-01-03 00:30:00,ZONE_A,0.0,0.23449679,0.0,0.75790596,598.2161389338979,599.1766,597.1396,603.5297,599.4111,597.1396,604.28766,2295.9893,1691.701641308594,train
2026-01-03 00:45:00,ZONE_A,0.0,0.16220094,1.2293544,1.3491126,593.7570423324535,599.0164,600.505,597.7856,599.17865,601.7344,599.1347,2292.017,1692.882295410156,train
2026-01-03 01:00:00,ZONE_A,0.0,0.34645838,0.088613056,0.0,596.3913905069321,598.42926,599.622,597.6982,598.7757,599.71063,597.6982,2283.5884,1685.8902188476563,train
2026-01-03 01:15:00,ZONE_A,0.0,0.18213968,0.0,0.0,596.0613577429443,595.5653,599.5076,598.09015,595.74744,599.5076,598.09015,2291.5574,1693.467251074219,train
2026-01-03 01:30:00,ZONE_A,0.0,0.0,0.0,0.25457102,594.0957035628863,599.90845,599.49475,602.23895,599.90845,599.49475,602.4935,2291.8875,1689.3939697265623,train
2026-01-03 01:45:00,ZONE_A,0.0,0.021564808,0.9761549,1.1816306,594.9373255922828,598.0417,599.28503,601.7959,598.06323,600.26117,602.97754,2291.5178,1688.5402609375,train
2026-01-03 02:00:00,ZONE_A,0.0,0.04877977,0.0,0.0,592.1481240423292,597.9884,598.92883,601.87384,598.0372,598.92883,601.87384,2297.4285,1695.5546596679687,train
2026-01-03 02:15:00,ZONE_A,0.0,0.0,0.0,0.0,595.1190709876626,597.2178,599.6216,599.4135,597.2178,599.6216,599.4135,2284.2175,1684.8039868164065,train
2026-01-03 02:30:00,ZONE_A,0.0,0.14035666,0.0,0.6276707,597.210232546717,598.4733,598.9544,600.652,598.6137,598.9544,601.27966,2290.8352,1689.5555369140625,train
2026-01-03 02:45:00,ZONE_A,0.0,0.0,0.9761549,1.1816306,596.1382195433285,598.7188,598.9544,600.652,598.7188,599.93054,601.8336,2285.038,1683.2043818359375,train
2026-01-03 03:00:00,ZONE_A,0.0,0.14763296,0.0,0.0,609.4066349967835,598.64496,599.4079,604.0067,598.7926,599.4079,604.0067,2287.6687,1683.6619861328127,train
2026-01-03 03:15:00,ZONE_A,0.0,0.0,0.0,1.3488872,600.1501350345584,600.1406,599.9057,603.7548,600.1406,599.9057,605.1037,2284.8909,1679.7872012695311,train
2026-01-03 03:30:00,ZONE_A,0.0,0.0,0.0,0.5570134,595.3759600988938,597.65796,599.16705,601.9932,597.65796,599.16705,602.55023,2289.2686,1686.7183680664061,train
2026-01-03 03:45:00,ZONE_A,0.0,0.0,3.4747677,1.4415702,605.4068504237301,598.8482,600.9414,602.5257,598.8482,604.4162,603.9673,2284.791,1680.8237148437502,train
2026-01-03 04:00:00,ZONE_A,0.0,2.0871778,0.5505919,8.438767,608.8225258777164,607.0085,600.03735,602.30334,609.09564,600.58795,610.7421,2291.7207,1680.978573535156,train
2026-01-03 04:15:00,ZONE_A,0.0,1.2390187,5.9672966,5.765164,606.8068369957521,598.4691,596.68695,599.11096,599.7081,602.65424,604.8761,2282.3665,1677.4904013671876,train
2026-01-03 04:30:00,ZONE_A,0.0,0.1929959,2.5220463,10.385607,600.4106234239042,599.20825,599.4901,600.51935,599.40125,602.01215,610.90497,2285.6143,1674.7093317382814,train
2026-01-03 04:45:00,ZONE_A,0.0,0.0,1.0590914,1.370913,597.3932599105259,596.8844,598.3218,603.8262,596.8844,599.38086,605.1971,2279.564,1674.3669174804686,train
2026-01-03 05:00:00,ZONE_A,0.0,0.17349443,0.25786063,0.0,603.6135059917924,599.1822,595.28156,597.18207,599.3557,595.5394,597.18207,2590.5269,1993.344832128906,train
2026-01-03 05:15:00,ZONE_A,0.0,0.0,0.0,0.0,603.3007802335559,597.72876,592.8759,598.8266,597.72876,592.8759,598.8266,2578.977,1980.150400878906,train
2026-01-03 05:30:00,ZONE_A,0.0,0.0,1.1770631,10.385607,593.1666402453653,595.87555,598.3775,600.5005,595.87555,599.55457,610.8861,2602.353,1991.4668916015626,train
2026-01-03 05:45:00,ZONE_A,0.0,0.0,0.9761549,1.4415702,609.9598902811266,597.3817,598.96027,577.624,597.3817,599.9364,579.0656,2617.201,2038.1353872070313,train
2026-01-03 06:00:00,ZONE_A,0.0,0.0,0.49069765,26.806845,601.8084615693825,600.0481,601.14886,602.8077,600.0481,601.6396,629.6145,2723.673,2094.058498046875,train
2026-01-03 06:15:00,ZONE_A,0.0,0.0,0.5770332,22.793655,608.8479936487212,598.75824,584.6305,598.2502,598.75824,585.2075,621.0438,2736.627,2115.5831767578125,train
2026-01-03 06:30:00,ZONE_A,0.0,0.0,8.16092,64.23664,606.4025426514089,589.019,600.9291,573.3874,589.019,609.09,637.624,2729.4036,2091.7795765625,train
2026-01-03 06:45:00,ZONE_A,0.0,0.0,13.285227,68.545586,560.5769843987524,589.8496,588.01984,429.4137,589.8496,601.30505,497.9593,2754.0647,2256.1054104492187,train
2026-01-03 07:00:00,ZONE_A,0.0,38.034473,72.77003,138.2638,606.7630308562925,587.43665,562.8168,475.28885,625.4711,635.5868,613.5526,2799.6,2186.0473876953124,train
2026-01-03 07:15:00,ZONE_A,44.20634800481324,62.255184,101.47736,174.06717,606.5356120756036,574.9002,406.73428,569.20166,637.1554,508.21164,743.2688,2827.457,2084.188201171875,train
2026-01-03 07:30:00,ZONE_A,76.22812418140036,112.18104,136.43575,196.55952,564.0193996903075,422.02075,458.59064,513.93805,534.2018,595.02637,710.49756,2860.829,2150.33144140625,train
2026-01-03 07:45:00,ZONE_A,111.3793203045242,140.69464,181.05032,195.9339,405.6401752668638,437.77264,549.66766,499.4355,578.4673,730.718,695.3694,2926.005,2230.635615234375,train
2026-01-03 08:00:00,ZONE_A,131.27386535131677,166.7967,204.35411,261.22473,449.90229928161096,529.97003,529.34326,486.6562,696.7667,733.6974,747.8809,2938.7886,2190.9076795898436,train
2026-01-03 08:15:00,ZONE_A,171.77306244257517,199.58618,220.70833,282.05063,583.5084540309751,563.27704,546.9653,410.18365,762.8632,767.6736,692.23425,2955.2715,2263.0372470703123,train
2026-01-03 08:30:00,ZONE_A,211.442873234207,238.89818,266.86572,323.5537,600.1202845314508,551.2211,503.34158,526.9717,790.1193,770.2073,850.5254,2981.4365,2130.911109375,train
2026-01-03 08:45:00,ZONE_A,246.3206679260752,267.98688,289.50143,324.4536,524.633615664728,502.84113,422.87125,485.19534,770.828,712.3727,809.6489,3018.405,2208.75607421875,train
2026-01-03 09:00:00,ZONE_A,267.16351848360193,293.61078,328.1991,393.4947,516.9223714522237,452.34924,552.2968,383.64325,745.96,880.4959,777.13794,2696.7676,1919.6296605468751,train
2026-01-03 09:15:00,ZONE_A,308.1462620649313,328.90497,343.57532,377.92783,393.1405453250583,481.8447,492.79514,361.29117,810.74963,836.3705,739.219,2702.588,1963.3690058593752,train
2026-01-03 09:30:00,ZONE_A,331.23526913873525,347.19492,391.00888,387.85492,495.5650130791105,481.61697,376.5765,334.4675,828.8119,767.5854,722.3224,2789.9082,2067.5858123046874,train
2026-01-03 09:45:00,ZONE_A,346.15679439614337,377.38898,386.2272,404.1627,495.8129186746947,405.62518,460.85876,511.9344,783.01416,847.08594,916.09705,2708.7869,1792.6898541015626,train
2026-01-03 10:00:00,ZONE_A,395.1746497784846,417.36282,403.5176,407.00885,351.53461258325893,378.2209,339.7301,296.51547,795.58374,743.2477,703.5243,2694.8962,1991.3719080078126,train
2026-01-03 10:15:00,ZONE_A,405.2027313316465,405.08487,417.97363,438.8614,318.7804003406887,341.06494,361.44492,255.70953,746.1498,779.4186,694.5709,2701.3003,2006.7293771484374,train
2026-01-03 10:30:00,ZONE_A,386.9549847716045,403.1975,398.3388,429.00873,353.09273306729386,352.2629,314.50925,291.77557,755.46045,712.848,720.7843,2684.2317,1963.4473982421873,train
2026-01-03 10:45:00,ZONE_A,402.7253704547011,405.27255,427.8501,480.22968,336.67695292374344,307.34134,270.84552,279.8675,712.6139,698.6956,760.09717,2734.9023,1974.8051320312502,train
2026-01-03 11:00:00,ZONE_A,383.5459928267013,423.3905,424.4502,495.05664,313.94454573911287,279.75632,273.7036,162.0162,703.14685,698.1538,657.0729,2706.9846,2049.9117240234373,train
2026-01-03 11:15:00,ZONE_A,436.8549678146897,434.41986,480.5342,545.33075,234.86549967653443,257.64322,263.6488,126.373695,692.0631,744.183,671.70447,2691.4155,2019.7110322265626,train
2026-01-03 11:30:00,ZONE_A,428.5185952013975,460.63748,496.80145,569.15546,269.11227455471555,268.92508,145.41258,254.30167,729.56256,642.21405,823.45715,2714.0735,1890.6163466796875,train
2026-01-03 11:45:00,ZONE_A,464.56182611673023,500.70108,530.1806,588.7231,231.044719675614,133.42313,136.16034,235.87822,634.1242,666.34094,824.6013,2731.152,1906.550681640625,train
2026-01-03 12:00:00,ZONE_A,531.1930726512295,554.38214,595.66437,616.05676,121.39822406703831,122.27567,159.4593,246.60143,676.65784,755.12366,862.6582,2684.7947,1822.136496875,train
2026-01-03 12:15:00,ZONE_A,542.8072843498919,583.9566,601.2722,579.5095,113.4873814817604,153.38788,140.78246,237.82413,737.3445,742.0547,817.3336,2674.658,1857.3243818359374,train
2026-01-03 12:30:00,ZONE_A,588.377819207131,600.27985,615.878,602.15155,149.3177446825126,158.64516,211.58025,272.97787,758.925,827.45825,875.1294,2693.7324,1818.6030054687499,train
2026-01-03 12:45:00,ZONE_A,598.0316334894239,600.2458,563.76434,623.3019,133.88052563279103,200.44598,230.0552,243.16882,800.6918,793.8196,866.4707,2684.2275,1817.756796875,train
2026-01-03 13:00:00,ZONE_A,614.240628670411,567.5714,590.1949,538.07434,213.6717950303171,256.02472,263.18607,243.18663,823.5961,853.381,781.261,2743.778,1962.5170136718748,train
2026-01-03 13:15:00,ZONE_A,563.0318382503697,580.6111,591.1457,532.63806,240.9329210956601,275.5283,248.4224,225.58453,856.1394,839.5681,758.2226,2688.7139,1930.4913047851564,train
2026-01-03 13:30:00,ZONE_A,573.6684504947879,600.79535,537.9994,547.2975,262.5941213780156,255.6441,257.23584,196.2241,856.43945,795.2352,743.5216,2680.3623,1936.8406935546873,train
2026-01-03 13:45:00,ZONE_A,616.3065021993597,545.74005,567.36847,493.26285,257.6263744527444,237.3011,254.52158,200.91096,783.04114,821.89,694.1738,2691.118,1996.944171875,train
2026-01-03 14:00:00,ZONE_A,541.9348973076359,548.433,540.21356,450.38226,253.6393241754357,246.30133,227.26842,217.65405,794.7343,767.482,668.0363,2740.4553,2072.4189840820313,train
2026-01-03 14:15:00,ZONE_A,560.8175244251886,563.0081,490.75906,428.23926,236.56806065175385,225.90549,234.95656,197.36604,788.9136,725.71564,625.6053,2689.7622,2064.156914355469,train
2026-01-03 14:30:00,ZONE_A,558.4167568015564,509.54843,477.44614,400.41342,216.40185910705824,226.86758,204.70589,199.54356,736.416,682.15204,599.957,2686.8513,2086.894329785156,train
2026-01-03 14:45:00,ZONE_A,489.0342872144198,457.70547,422.17093,375.19302,250.0788677643701,221.87784,213.17024,190.75034,679.5833,635.3412,565.94336,2695.484,2129.540640625,train
2026-01-03 15:00:00,ZONE_A,470.375400503849,424.3155,394.50314,307.56705,195.9120685156818,179.18433,163.23132,228.42105,603.4998,557.7345,535.9881,2793.7683,2257.780201855469,train
2026-01-03 15:15:00,ZONE_A,411.4963247543561,375.6892,349.45712,267.1524,145.17772705780072,128.86375,157.10522,214.97923,504.55298,506.56235,482.13165,2797.7742,2315.6425471679686,train
2026-01-03 15:30:00,ZONE_A,377.3828119086709,357.07602,303.2046,234.82318,102.76789240293336,132.46228,182.74663,189.89459,489.5383,485.95123,424.71777,2802.0078,2377.2900265625,train
2026-01-03 15:45:00,ZONE_A,358.7877549883673,311.26328,281.97495,193.39076,190.2974727124243,197.78203,216.40378,192.8004,509.0453,498.37872,386.19116,2802.1594,2415.968237890625,train
2026-01-03 16:00:00,ZONE_A,278.5576540592158,252.2691,212.56395,128.03275,214.67671143211544,233.41496,193.04233,176.33781,485.68408,405.60626,304.37054,2794.5315,2490.1609555664063,train
2026-01-03 16:15:00,ZONE_A,249.0580738365809,214.13162,171.16052,113.34869,232.5207949674325,216.13068,221.6357,179.8121,430.2623,392.7962,293.1608,2799.3494,2506.1886028808594,train
2026-01-03 16:30:00,ZONE_A,215.9969669841489,176.33943,141.66893,69.27952,173.2633598394484,166.28171,160.60492,160.69899,342.62115,302.27386,229.97852,2799.5823,2569.603784375,train
2026-01-03 16:45:00,ZONE_A,168.16501243782352,131.22293,96.51359,41.058907,211.00127291978868,207.59691,202.3978,159.0716,338.81982,298.91138,200.1305,2801.471,2601.3405068359375,train
2026-01-03 17:00:00,ZONE_A,134.77007215378754,98.593124,61.868267,9.407598,200.74074173061024,198.12755,182.66376,165.41792,296.72067,244.53203,174.82552,2799.9539,2625.1283842529297,train
2026-01-03 17:15:00,ZONE_A,99.4176142323322,55.961594,26.094015,0.0,214.1555923257609,192.54428,197.35161,172.07715,248.50587,223.44562,172.07715,2804.261,2632.1838515625,train
2026-01-03 17:30:00,ZONE_A,54.54377101250221,18.853115,0.0,0.6029424,163.99169013914363,164.95418,143.02617,161.2416,183.8073,143.02617,161.84453,2812.7388,2650.894271801758,train
2026-01-03 17:45:00,ZONE_A,27.805634450781152,0.0,1.1419846,5.722918,172.40539481138774,164.89154,176.12245,135.81853,164.89154,177.26443,141.54144,2815.1711,2673.6296571289063,train
2026-01-03 18:00:00,ZONE_A,0.0,0.0,0.810917,0.30173275,152.33956196185275,158.4802,151.76071,109.95061,158.4802,152.57162,110.25234,2802.213,2691.960657775879,train
2026-01-03 18:15:00,ZONE_A,0.0,1.2006625,0.0,0.21270129,120.57814104680968,139.94113,118.363,133.12593,141.1418,118.363,133.33864,2804.4438,2671.105161694336,train
2026-01-03 18:30:00,ZONE_A,0.0,0.313517,1.5094435,4.5071487,149.30246587007008,121.19514,109.960754,132.51076,121.50865,111.4702,137.01791,2797.4172,2660.3992861816405,train
2026-01-03 18:45:00,ZONE_A,0.0,0.0,0.0,0.18290621,91.72482507027038,104.934074,110.28756,102.353065,104.934074,110.28756,102.53597,2799.5168,2696.980827404785,train
2026-01-03 19:00:00,ZONE_A,0.0,0.0,1.7576483,0.8595292,111.21588531225352,135.28482,113.84871,61.00728,135.28482,115.60635,61.866806,2799.7239,2737.8570939697265,train
2026-01-03 19:15:00,ZONE_A,0.0,1.5604634,0.0,0.58950007,138.72389725720316,121.9787,119.66288,136.57034,123.53916,119.66288,137.15984,2801.407,2664.2471641845705,train
2026-01-03 19:30:00,ZONE_A,0.0,0.0,0.36968356,0.0,104.28806900503643,102.643,70.00252,78.437935,102.643,70.3722,78.437935,2785.3975,2706.9595651245118,train
2026-01-03 19:45:00,ZONE_A,0.0,1.667173,0.0,0.0,79.87289703249898,74.34495,105.068794,90.75346,76.01212,105.068794,90.75346,2798.611,2707.8575362548827,train
2026-01-03 20:00:00,ZONE_A,0.0,6.492886,5.2925525,0.0,72.1823707091637,82.06071,82.311935,89.780334,88.5536,87.604485,89.780334,2654.8242,2565.0438655273438,train
2026-01-03 20:15:00,ZONE_A,0.0,0.0,0.0,0.0,82.25315347308974,81.4075,92.71764,101.90475,81.4075,92.71764,101.90475,2625.5007,2523.5959529907227,train
2026-01-03 20:30:00,ZONE_A,0.0,0.05488664,0.0,0.0,77.48435160243257,87.43855,91.33471,85.87206,87.49344,91.33471,85.87206,2609.749,2523.8769373168943,train
2026-01-03 20:45:00,ZONE_A,0.0,0.0,0.026622169,0.38690963,91.2044323158357,95.61307,98.46446,95.8823,95.61307,98.49108,96.26921,2592.3987,2496.1294891845705,train
2026-01-03 21:00:00,ZONE_A,0.0,0.310948,0.20094305,0.0,156.72783149130584,139.494,115.22071,125.38541,139.80495,115.42165,125.38541,2563.2644,2437.8789935058594,train
2026-01-03 21:15:00,ZONE_A,0.0,0.0,0.0,0.0,132.23738795906564,117.29426,131.74179,158.72403,117.29426,131.74179,158.72403,2515.3584,2356.6343704589844,train
2026-01-03 21:30:00,ZONE_A,0.0,0.11631494,0.0,0.0,74.43291911014073,91.70153,115.06147,106.980415,91.81785,115.06147,106.980415,2504.5774,2397.596984655762,train
2026-01-03 21:45:00,ZONE_A,0.0,0.13318262,0.0,0.0,101.0781730841405,119.43739,136.35258,140.46376,119.57058,136.35258,140.46376,2471.0925,2330.6287396240236,train
2026-01-03 22:00:00,ZONE_A,0.0,0.23954087,0.0,0.0,165.25901348177217,168.84685,145.75452,156.12369,169.0864,145.75452,156.12369,2410.5337,2254.4100122558593,train
2026-01-03 22:15:00,ZONE_A,0.0,0.0,0.0,0.0,188.5659079011629,173.9445,188.30075,118.49596,173.9445,188.30075,118.49596,2419.6765,2301.1805435791016,train
2026-01-03 22:30:00,ZONE_A,0.0,0.17475703,0.072618924,0.23204708,136.67065317958622,124.15185,135.94234,86.83901,124.32661,136.01495,87.07106,2364.3547,2277.283639819336,train
2026-01-03 22:45:00,ZONE_A,0.0,0.34966463,0.0,0.0,130.30664922835604,126.28362,108.16597,108.150055,126.633286,108.16597,108.150055,2344.3118,2236.1617450683593,train
2026-01-03 23:00:00,ZONE_A,0.0,0.18722865,0.7132286,0.18176869,92.30048487171013,98.58228,75.01714,77.006226,98.76951,75.73037,77.187996,2294.4126,2217.2246040893556,train
2026-01-03 23:15:00,ZONE_A,0.0,0.17475703,0.0,0.0,117.05233934403262,79.90552,76.34287,66.77779,80.08028,76.34287,66.77779,2340.031,2273.253213745117,train
2026-01-03 23:30:00,ZONE_A,0.0,0.0,0.072618924,0.112409204,73.2955784542894,75.45691,74.541275,49.58789,75.45691,74.61389,49.7003,2307.3015,2257.601201690674,train
2026-01-03 23:45:00,ZONE_A,0.0,0.34966463,0.30911216,0.070444405,63.58348162926782,59.4917,69.13565,53.04032,59.841362,69.44476,53.110767,2306.7278,2253.617032635498,train
2026-01-04 00:00:00,ZONE_A,0.0,0.0,0.1274688,0.0,43.42880210643676,49.532154,45.11694,57.190624,49.532154,45.244408,57.190624,2314.1526,2256.9619757629393,train
2026-01-04 00:15:00,ZONE_A,0.0,0.031743914,0.0,0.0,46.04774551541287,44.948883,42.05343,58.44303,44.980625,42.05343,58.44303,2290.7976,2232.3545686889647,train
2026-01-04 00:30:00,ZONE_A,0.0,0.0,0.0,0.88209873,37.88573309961964,37.47751,46.011032,59.45255,37.47751,46.011032,60.33465,2293.7075,2233.3728518676758,train
2026-01-04 00:45:00,ZONE_A,0.0,0.0,0.91038036,0.6099367,40.84021498683305,47.464714,37.25715,46.349495,47.464714,38.16753,46.95943,2293.3425,2246.38306930542,train
2026-01-04 01:00:00,ZONE_A,0.0,0.0,0.0,0.0,41.50446369726858,45.52239,45.248287,44.347546,45.52239,45.248287,44.347546,2290.0193,2245.6717543762206,train
2026-01-04 01:15:00,ZONE_A,0.0,0.0,0.0,0.0,25.954577901772872,29.101261,34.46427,47.2683,29.101261,34.46427,47.2683,2290.6584,2243.3901008972166,train
2026-01-04 01:30:00,ZONE_A,0.0,0.0,0.0,0.88209873,35.764584432174125,37.47751,32.431847,60.36522,37.47751,32.431847,61.24732,2291.13,2229.882681732178,train
2026-01-04 01:45:00,ZONE_A,0.0,0.011805187,0.91038036,1.0172864,35.270185976164534,35.914032,35.984077,57.09372,35.92584,36.89446,58.111008,2287.8005,2229.68949230957,train
2026-01-04 02:00:00,ZONE_A,0.0,0.0,0.0,0.0,21.039100642420035,28.69752,32.66147,71.35181,28.69752,32.66147,71.35181,2297.6035,2226.251693359375,train
2026-01-04 02:15:00,ZONE_A,0.0,0.0,0.0,0.0,59.709413577236326,62.155247,63.728638,147.94049,62.155247,63.728638,147.94049,2283.5928,2135.6523092773436,train
2026-01-04 02:30:00,ZONE_A,0.0,0.0,0.0,0.62326145,70.63248803396998,65.21458,99.17311,175.98558,65.21458,99.17311,176.60884,2283.0022,2106.393359057617,train
2026-01-04 02:45:00,ZONE_A,0.0,0.0,0.91038036,1.0172864,68.97844738182357,73.82509,134.7391,140.86076,73.82509,135.64949,141.87805,2284.3782,2142.5001482421876,train
2026-01-04 03:00:00,ZONE_A,0.0,0.0,0.0,0.0,109.43681177359208,153.49341,173.2878,120.506775,153.49341,173.2878,120.506775,2283.5051,2162.998325097656,train
2026-01-04 03:15:00,ZONE_A,0.0,0.0,0.0,0.0,189.4299919249364,199.3173,201.30055,159.42122,199.3173,201.30055,159.42122,2283.0625,2123.6412811279297,train
2026-01-04 03:30:00,ZONE_A,0.0,0.0,0.0,0.5167768,187.62523601442416,199.4309,156.72708,176.67126,199.4309,156.72708,177.18803,2286.572,2109.383965942383,train
2026-01-04 03:45:00,ZONE_A,0.0,0.0,0.91038036,1.0172864,201.61306270327907,161.57874,166.19463,174.79051,161.57874,167.10501,175.8078,2282.9224,2107.114599707031,train
2026-01-04 04:00:00,ZONE_A,0.0,0.0,0.0,0.0,151.0251311725975,139.6586,152.54669,149.87708,139.6586,152.54669,149.87708,2287.085,2137.2079248046875,train
2026-01-04 04:15:00,ZONE_A,0.0,0.0,0.0,0.0,142.1473649996592,140.24518,146.86542,167.64468,140.24518,146.86542,167.64468,2279.424,2111.7793161621094,train
2026-01-04 04:30:00,ZONE_A,0.0,0.0,0.0,2.3720472,140.15305163327096,144.8882,147.31404,166.03545,144.8882,147.31404,168.40749,2286.892,2118.4845140380858,train
2026-01-04 04:45:00,ZONE_A,0.0,0.0,0.91038036,0.0,145.24974594639204,148.39417,169.44533,112.457085,148.39417,170.35571,112.457085,2280.489,2168.0319153442383,train
2026-01-04 05:00:00,ZONE_A,0.0,0.0,0.0,0.0,158.4512908562517,181.48042,163.71704,112.102455,181.48042,163.71704,112.102455,2543.442,2431.33954486084,train
2026-01-04 05:15:00,ZONE_A,0.0,0.0,0.0,0.0,188.365086349924,190.48062,144.40373,103.766495,190.48062,144.40373,103.766495,2569.051,2465.2845052490234,train
2026-01-04 05:30:00,ZONE_A,0.0,0.0,0.0,0.0,200.66883823164343,159.34258,132.21815,119.767715,159.34258,132.21815,119.767715,2607.901,2488.1332845458983,train
2026-01-04 05:45:00,ZONE_A,0.0,0.0,1.7812859,0.0,144.042961027708,129.87973,108.8341,119.237076,129.87973,110.61539,119.237076,2625.3286,2506.0915241943358,train
2026-01-04 06:00:00,ZONE_A,0.0,2.7902532,1.2796403,13.4451065,106.98729664181586,105.40767,94.901794,90.00924,108.19792,96.181435,103.454346,2673.0295,2569.575154296875,train
2026-01-04 06:15:00,ZONE_A,0.0,2.4224708,1.9169952,32.349792,89.00221455039514,101.94174,116.42278,80.526665,104.36421,118.339775,112.87646,2692.0022,2579.1257427856444,train
2026-01-04 06:30:00,ZONE_A,0.0,0.60778487,17.654905,84.5561,79.85575085866351,91.12239,93.98869,91.17653,91.73018,111.6436,175.73264,2732.5596,2556.826964501953,train
2026-01-04 06:45:00,ZONE_A,0.0,2.1804914,17.050764,80.66941,112.78589165609102,102.525894,84.102356,122.088104,104.70638,101.15312,202.7575,2746.9338,2544.176292675781,train
2026-01-04 07:00:00,ZONE_A,0.0,19.252977,54.026035,101.715034,78.68852585354742,79.67745,89.245926,87.261154,98.93043,143.27196,188.9762,2793.313,2604.3368037109376,train
2026-01-04 07:15:00,ZONE_A,30.41088734292406,66.07104,107.36461,132.23553,67.08863895988354,73.12414,111.28944,111.55888,139.19518,218.65405,243.79442,2838.4321,2594.637681665039,train
2026-01-04 07:30:00,ZONE_A,67.37662162407719,96.38197,124.19332,155.8917,92.69653474027751,100.86835,86.500656,120.518524,197.25032,210.69397,276.41022,2841.2312,2564.820982714844,train
2026-01-04 07:45:00,ZONE_A,87.76504467969987,103.72999,131.83392,160.43924,86.81375043178362,82.920425,101.74577,103.87753,186.65042,233.5797,264.31677,2936.8137,2672.4969275390627,train
2026-01-04 08:00:00,ZONE_A,103.01112731589838,119.494995,127.54669,172.27734,100.3249032208081,105.78001,107.52801,150.84033,225.275,235.0747,323.11768,2930.2976,2607.17992421875,train
2026-01-04 08:15:00,ZONE_A,125.72719689363372,150.03505,165.01883,220.24391,95.28459604665264,100.421394,98.119995,81.34712,250.45645,263.13882,301.59103,2950.3176,2648.726566064453,train
2026-01-04 08:30:00,ZONE_A,130.6293392588876,149.99977,178.59146,218.06825,105.14535482263852,108.44539,130.47665,97.91008,258.44516,309.0681,315.97833,3021.73,2705.7516674804688,train
2026-01-04 08:45:00,ZONE_A,150.22706712306382,171.80959,203.79749,270.24106,96.06379107075936,106.342445,84.62207,94.40917,278.15204,288.41956,364.65024,3030.5405,2665.8902619628907,train
2026-01-04 09:00:00,ZONE_A,171.64795264527842,196.15868,217.97409,268.7909,120.78142352146084,88.36715,88.896194,92.55789,284.52582,306.8703,361.3488,2709.6208,2348.2720145996095,train
2026-01-04 09:15:00,ZONE_A,196.71338806206023,211.81639,274.40723,323.72787,71.50025817079518,69.05976,76.409454,135.03413,280.87616,350.81668,458.76202,2709.9614,2251.199376074219,train
2026-01-04 09:30:00,ZONE_A,217.8277835563462,266.272,265.35425,284.7231,60.962274533378846,63.18402,65.43459,99.669106,329.45602,330.78885,384.3922,2692.6382,2308.2459880859374,train
2026-01-04 09:45:00,ZONE_A,277.8718072040122,284.05164,326.80203,319.56973,69.17441749996723,71.934814,100.78491,122.87397,355.98645,427.58694,442.4437,2687.1938,2244.7501049316406,train
2026-01-04 10:00:00,ZONE_A,288.9426762746622,303.14304,294.26068,319.15677,81.17948689862,92.4589,96.092834,116.39873,395.60193,390.35352,435.55548,2681.6113,2246.055819042969,train
2026-01-04 10:15:00,ZONE_A,303.0755934717647,304.9549,320.5867,338.71448,136.03025781739538,134.89659,159.38586,167.10796,439.8515,479.97256,505.82245,2699.4016,2193.5791512695314,train
2026-01-04 10:30:00,ZONE_A,301.3151475489768,310.56427,335.27222,347.20758,118.84646192747245,140.2638,144.85703,196.79115,450.82806,480.12924,543.9987,2741.7114,2197.7126817382814,train
2026-01-04 10:45:00,ZONE_A,308.7567670667008,328.93332,360.90912,350.66937,186.84077808308123,154.88031,198.08502,256.65192,483.81363,558.99414,607.3213,2699.2004,2091.8791109375,train
2026-01-04 11:00:00,ZONE_A,334.4138249685199,351.75375,360.03656,366.6078,152.7719857654173,161.82979,204.73578,178.69028,513.58356,564.77234,545.2981,2672.6858,2127.387704296875,train
2026-01-04 11:15:00,ZONE_A,366.619519687545,373.61703,379.50626,415.865,220.7426599724581,263.03406,258.58707,262.49066,636.6511,638.0933,678.35565,2698.0254,2019.6697481445312,train
2026-01-04 11:30:00,ZONE_A,374.3308207552831,375.49402,394.3183,396.06082,273.3132062021178,277.23178,267.85843,275.2601,652.7258,662.17676,671.3209,2705.4214,2034.1004771484377,train
2026-01-04 11:45:00,ZONE_A,356.7173258990733,378.30215,385.7012,409.20087,221.4137205780156,238.58174,252.68254,263.66486,616.8839,638.3837,672.8657,2685.104,2012.2382773437498,train
2026-01-04 12:00:00,ZONE_A,405.7188693873743,400.4264,400.8573,436.23984,232.4711571114291,244.8671,258.31024,256.06046,645.29346,659.16754,692.3003,2674.4343,1982.13400703125,train
2026-01-04 12:15:00,ZONE_A,405.7615587996009,403.90292,411.86505,413.15228,227.64260297869683,256.37604,260.0941,271.25308,660.27893,671.9591,684.4054,2674.3767,1989.9713044921873,train
2026-01-04 12:30:00,ZONE_A,395.37805121705605,415.3448,420.95697,422.49286,263.3269756935153,254.32553,234.99431,273.56046,669.6703,655.9513,696.05334,2680.1675,1984.1141552734375,train
2026-01-04 12:45:00,ZONE_A,421.38797334473634,443.56207,431.16733,422.05365,253.6214708203953,243.80505,277.1068,321.4971,687.3671,708.2742,743.5508,2678.1306,1934.57981875,train
2026-01-04 13:00:00,ZONE_A,443.93842818077377,430.37427,437.40042,443.40887,238.31822545432007,268.5337,274.55884,316.79294,698.90796,711.9592,760.2018,2690.0935,1929.8917177734374,train
2026-01-04 13:15:00,ZONE_A,422.6797205710093,429.17462,422.48727,411.1655,323.7596139153211,333.1216,392.6221,403.97433,762.29626,815.1094,815.13983,2687.8242,1872.6843684570313,train
2026-01-04 13:30:00,ZONE_A,445.89885261072914,435.0257,448.68637,353.80862,316.0561014872973,379.8311,370.99133,384.51337,814.8568,819.67773,738.322,2680.1077,1941.785678515625,train
2026-01-04 13:45:00,ZONE_A,429.2148751049532,441.8813,411.68942,357.63028,388.9381226814048,379.79984,453.3019,459.33212,821.68115,864.99133,816.9624,2691.8738,1874.9113976562498,train
2026-01-04 14:00:00,ZONE_A,452.0698608101757,425.77344,351.90543,301.59424,364.07945017695823,451.2176,360.30237,516.40216,876.991,712.20776,817.9964,2688.7856,1870.789201074219,train
2026-01-04 14:15:00,ZONE_A,409.1741123679881,356.04776,347.42715,300.3215,504.9631529034352,446.99133,430.93854,540.0439,803.03906,778.3657,840.36536,2667.5457,1827.1803435546876,train
2026-01-04 14:30:00,ZONE_A,316.20747549802985,321.51428,287.56348,247.7564,453.03615911183897,426.13803,535.43695,585.9322,747.65234,823.0004,833.6886,2695.113,1861.4244013671873,train
2026-01-04 14:45:00,ZONE_A,323.0976452278163,304.50967,283.6458,243.47505,401.4522224801018,469.40457,469.3173,569.7334,773.91425,752.96313,813.20844,2699.256,1886.047564941406,train
2026-01-04 15:00:00,ZONE_A,295.59772038895494,286.52722,254.90659,221.22646,542.3035718762753,510.7025,592.75323,586.0851,797.22974,847.6598,807.3115,2788.629,1981.3174765625,train
2026-01-04 15:15:00,ZONE_A,291.8276103090086,259.17044,244.18068,203.06757,491.4311795785127,577.404,575.5728,547.32385,836.57446,819.7535,750.3914,2784.5212,2034.1297815429689,train
2026-01-04 15:30:00,ZONE_A,243.38244793257672,242.05333,209.40884,167.80586,587.2504876574612,586.3711,592.62866,521.8701,828.42444,802.0375,689.67596,2786.6306,2096.954635644531,train
2026-01-04 15:45:00,ZONE_A,251.3887411033799,220.43372,201.67508,159.66684,592.4797653690686,604.8646,588.58356,572.1628,825.29834,790.25867,731.8296,2790.3674,2058.53781015625,train
2026-01-04 16:00:00,ZONE_A,220.69209836413023,190.06142,153.70065,107.13637,596.8756662113698,584.1064,556.1933,599.09515,774.1678,709.8939,706.2315,2803.2202,2096.988693652344,train
2026-01-04 16:15:00,ZONE_A,207.3901777161352,176.7042,148.61922,79.338295,555.631437313174,541.5901,549.7707,584.3572,718.2943,698.3899,663.6955,2797.883,2134.187504394531,train
2026-01-04 16:30:00,ZONE_A,182.2616885201924,157.53639,113.77381,56.481876,544.324713712551,540.0122,573.43634,588.2473,697.5486,687.21014,644.7292,2802.7524,2158.023212988281,train
2026-01-04 16:45:00,ZONE_A,171.27303125162297,126.327,95.26315,39.51225,551.4176891832341,586.9936,563.12085,587.0985,713.3206,658.38403,626.6108,2797.338,2170.7272211914064,train
2026-01-04 17:00:00,ZONE_A,126.67142369466866,93.552124,60.129368,0.0,596.9118875791066,583.266,602.27246,579.81256,676.8181,662.40186,579.81256,2808.8293,2229.0167389648436,train
2026-01-04 17:15:00,ZONE_A,104.64713264892956,59.11693,28.820997,0.0,595.8492445771685,594.0817,598.1869,577.7066,653.19867,627.0079,577.7066,2791.0745,2213.367895996094,train
2026-01-04 17:30:00,ZONE_A,66.01602530769911,27.048073,1.0995156,0.0,594.320113720034,594.43463,597.6446,591.85474,621.4827,598.7441,591.85474,2805.1829,2213.328163671875,train
2026-01-04 17:45:00,ZONE_A,33.613455384035674,0.0,0.0,0.0,595.0020506285412,594.38934,591.9453,595.1082,594.38934,591.9453,595.1082,2798.0547,2202.946484667969,train
2026-01-04 18:00:00,ZONE_A,0.0,3.0750647,3.6573844,0.0,598.421473599021,591.40717,594.42523,573.5611,594.48224,598.08264,573.5611,2790.813,2217.251903808594,train
2026-01-04 18:15:00,ZONE_A,0.0,0.7931657,0.5528118,0.0,596.7697505902893,595.6162,580.77246,544.03296,596.40936,581.32526,544.03296,2790.1812,2246.148241015625,train
2026-01-04 18:30:00,ZONE_A,0.0,0.0,0.8646413,0.0,601.6416647840189,595.3794,588.49164,581.4198,595.3794,589.35626,581.4198,2797.0576,2215.6378001953126,train
2026-01-04 18:45:00,ZONE_A,0.0,0.0,0.0,0.0,594.4732677232563,592.7717,581.28143,587.5253,592.7717,581.28143,587.5253,2795.4788,2207.953470410156,train
2026-01-04 19:00:00,ZONE_A,0.0,0.0,0.0,0.6301827,598.1342883830582,587.99,595.7687,593.8095,587.99,595.7687,594.4397,2798.6013,2204.161602734375,train
2026-01-04 19:15:00,ZONE_A,0.0,0.0,0.0,0.0,594.0602911836511,596.52844,597.8397,586.9294,596.52844,597.8397,586.9294,2792.4805,2205.5511176757814,train
2026-01-04 19:30:00,ZONE_A,0.0,0.0,0.0,0.0,603.6970532408653,595.73035,595.8268,586.06305,595.73035,595.8268,586.06305,2780.5361,2194.4730506835936,train
2026-01-04 19:45:00,ZONE_A,0.0,0.0,0.0,0.39306965,606.4635193481631,596.88983,595.3957,593.25555,596.88983,595.3957,593.6486,2781.5945,2187.9458793945314,train
2026-01-04 20:00:00,ZONE_A,0.0,0.068181455,0.0,0.07037638,589.2902221271406,596.6426,599.2381,569.8808,596.71075,599.2381,569.9512,2644.6145,2074.663328125,train
2026-01-04 20:15:00,ZONE_A,0.0,0.0,0.0,0.9358214,594.910911280948,597.10974,598.7401,566.28015,597.10974,598.7401,567.21594,2639.1628,2071.9468576171876,train
2026-01-04 20:30:00,ZONE_A,0.0,0.0,0.0,0.0,596.2256704509988,597.11487,577.7361,591.2874,597.11487,577.7361,591.2874,2611.1233,2019.835885449219,train
2026-01-04 20:45:00,ZONE_A,0.0,0.0,0.0,0.0,592.3013758953338,586.668,570.3896,569.7525,586.668,570.3896,569.7525,2604.238,2034.4854975585936,train
2026-01-04 21:00:00,ZONE_A,0.0,0.068181455,0.0,0.07037638,597.7349929552277,562.80975,581.7582,497.8343,562.8779,581.7582,497.90466,2565.9475,2068.0428369140627,train
2026-01-04 21:15:00,ZONE_A,0.0,1.7257024,0.0,0.0027001575,606.3666671357533,591.7828,549.6889,348.2053,593.5085,549.6889,348.20798,2516.7598,2168.551822705078,train
2026-01-04 21:30:00,ZONE_A,0.0,0.14882278,0.0,0.2886667,592.0335060307792,552.75397,483.0394,338.16528,552.9028,483.0394,338.45395,2493.2285,2154.774551025391,train
2026-01-04 21:45:00,ZONE_A,0.0,0.0,0.0,0.0,529.8910474322621,467.67194,363.6239,328.07797,467.67194,363.6239,328.07797,2466.4285,2138.3505275878906,train
2026-01-04 22:00:00,ZONE_A,0.0,0.18722865,0.42635065,0.0,371.6881001779803,342.2466,322.372,372.31497,342.43384,322.79837,372.31497,2434.7654,2062.450428076172,train
2026-01-04 22:15:00,ZONE_A,0.0,0.36960337,0.0,0.4064216,311.8388613183725,326.8706,345.0743,491.60202,327.2402,345.0743,492.00845,2400.6338,1908.6253466308594,train
2026-01-04 22:30:00,ZONE_A,0.0,0.0,0.0,0.07298833,295.0324171221164,331.73843,364.2236,400.2156,331.73843,364.2236,400.2886,2365.8313,1965.5426952636717,train
2026-01-04 22:45:00,ZONE_A,0.0,0.0,0.0,0.0,349.01125462935613,369.7406,488.09454,478.44965,369.7406,488.09454,478.44965,2332.401,1853.951354003906,train
2026-01-04 23:00:00,ZONE_A,0.0,0.18722865,0.24626672,0.022709912,358.0217810979647,494.17142,389.7078,459.64978,494.35864,389.95407,459.6725,2304.404,1844.7315146484375,train
2026-01-04 23:15:00,ZONE_A,0.0,0.0,0.0,0.4064216,512.9427384789858,450.39142,478.2795,569.4124,450.39142,478.2795,569.81885,2319.4146,1749.59575234375,train
2026-01-04 23:30:00,ZONE_A,0.0,0.0,0.0,0.0027001575,403.6906728795963,449.83868,454.1991,497.83603,449.83868,454.1991,497.8387,2301.2517,1803.4129854003904,train
2026-01-04 23:45:00,ZONE_A,0.0,0.0,0.0,0.070444405,489.3632380743161,474.63733,536.93353,534.06116,474.63733,536.93353,534.1316,2301.3198,1767.1882082031252,train
2026-01-05 00:00:00,ZONE_A,0.0,0.0,0.0,0.0,488.5666149320911,545.163,514.3766,592.8503,545.163,514.3766,592.8503,2302.3003,1709.4500192382811,train
2026-01-05 00:15:00,ZONE_A,0.0,0.0,0.0,0.0,561.2142958470874,534.71594,556.6155,576.54645,534.71594,556.6155,576.54645,2297.228,1720.6815522460938,train
2026-01-05 00:30:00,ZONE_A,0.0,0.0,0.0,0.88209873,529.6438120189223,542.8442,567.29565,530.94635,542.8442,567.29565,531.8284,2297.5103,1765.6818698242187,train
2026-01-05 00:45:00,ZONE_A,0.0,0.011805187,0.91038036,1.0172864,605.6518382164197,594.399,577.16943,562.77264,594.41077,578.07983,563.7899,2283.504,1719.7140830078124,train
2026-01-05 01:00:00,ZONE_A,0.0,0.0,0.0,0.0,599.4771244013507,596.4135,578.73553,590.19147,596.4135,578.73553,590.19147,2295.799,1705.6075327148437,train
2026-01-05 01:15:00,ZONE_A,0.0,0.0,0.0,0.0,584.7242092881768,567.1202,543.0391,470.46347,567.1202,543.0391,470.46347,2296.8267,1826.3632295410157,train
2026-01-05 01:30:00,ZONE_A,0.0,0.0,0.0,0.62326145,589.5103685666422,577.14966,595.89703,530.73895,577.14966,595.89703,531.36224,2288.6328,1757.270556347656,train
2026-01-05 01:45:00,ZONE_A,0.0,0.011805187,1.3309104,0.85453355,565.7986110883288,590.30273,469.41748,539.35,590.3145,470.74838,540.2045,2290.7793,1750.5747711914064,train
2026-01-05 02:00:00,ZONE_A,0.0,0.19606265,0.0,0.0,611.3750237834097,514.50323,533.26434,521.3466,514.6993,533.26434,521.3466,2304.1428,1782.7961813476563,train
2026-01-05 02:15:00,ZONE_A,0.0,0.0,0.0,0.0,487.6312518541554,479.6519,529.1354,582.25946,479.6519,529.1354,582.25946,2286.549,1704.2895395507812,train
2026-01-05 02:30:00,ZONE_A,0.0,0.031743914,0.0,0.88209873,486.3881301035667,488.7923,453.23718,567.8129,488.82404,453.23718,568.695,2287.519,1718.823992675781,train
2026-01-05 02:45:00,ZONE_A,0.0,0.011805187,0.91038036,0.9741712,525.0603687672738,498.01892,579.06274,585.36273,498.03073,579.97314,586.3369,2286.6738,1700.3368859375,train
2026-01-05 03:00:00,ZONE_A,0.0,0.0,0.0,0.0,531.088311863247,599.2228,591.9047,589.03345,599.2228,591.9047,589.03345,2280.1055,1691.0720527343751,train
2026-01-05 03:15:00,ZONE_A,0.0,0.0,0.0,0.0,607.5938756979867,604.124,591.20514,590.7827,604.124,591.20514,590.7827,2293.7256,1702.9428851562502,train
2026-01-05 03:30:00,ZONE_A,0.0,0.22659022,0.0,0.83898354,609.1357789303571,594.2248,602.88727,606.69543,594.45135,602.88727,607.5344,2288.5234,1680.988976171875,train
2026-01-05 03:45:00,ZONE_A,0.0,0.20665151,0.91038036,1.3332952,593.4535219231506,597.43445,600.9678,602.8002,597.6411,601.8782,604.1335,2288.4895,1684.3560161132814,train
2026-01-05 04:00:00,ZONE_A,0.0,0.0,0.55467093,0.0,609.578909612664,593.5354,601.3993,579.0836,593.5354,601.954,579.0836,2294.7646,1715.6809818359375,train
2026-01-05 04:15:00,ZONE_A,0.0,0.22659022,0.0,0.0,593.2806785066596,594.7547,601.5154,481.56046,594.98126,601.5154,481.56046,2288.1943,1806.6338446777345,train
2026-01-05 04:30:00,ZONE_A,0.0,0.0,2.7570243,8.143515,594.2345902077429,599.1789,587.48846,600.6219,599.1789,590.2455,608.7654,2289.8496,1681.084219140625,train
2026-01-05 04:45:00,ZONE_A,0.0,0.0,0.91038036,1.3219323,597.5500250567399,584.6847,487.57156,565.1106,584.6847,488.48193,566.43256,2304.1057,1737.6731438476563,train
2026-01-05 05:00:00,ZONE_A,0.0,4.57846,6.896568,0.0,606.3545471785246,486.1354,585.40845,527.28253,490.71387,592.305,527.28253,2540.0996,2012.8170682617188,train
2026-01-05 05:15:00,ZONE_A,0.0,0.0,0.0,0.0,470.36844451407205,570.25275,557.79193,579.94434,570.25275,557.79193,579.94434,2557.3123,1977.3679640625,train
2026-01-05 05:30:00,ZONE_A,0.0,0.031743914,0.0,3.4797022,593.8711561214519,586.3956,519.846,605.29816,586.42737,519.846,608.77783,2596.4514,1987.67356796875,train
2026-01-05 05:45:00,ZONE_A,0.0,0.20665151,2.3974664,11.151222,603.4973735475861,543.9543,581.26544,510.96634,544.16095,583.6629,522.11755,2626.8232,2104.7056462890623,train
2026-01-05 06:00:00,ZONE_A,0.0,7.328022,7.0907645,23.558178,573.3168428727735,582.387,594.32355,573.95917,589.715,601.4143,597.51733,2669.5205,2072.003166015625,train
2026-01-05 06:15:00,ZONE_A,0.0,0.37843215,2.7803073,49.883617,599.1071461099483,596.67633,552.5725,562.19196,597.05475,555.35284,612.07556,2685.9946,2073.9190384765625,train
2026-01-05 06:30:00,ZONE_A,0.0,0.099499576,0.0,30.20001,606.5246121356197,568.52936,579.1305,500.96942,568.62885,579.1305,531.16943,2735.8948,2204.72536640625,train
2026-01-05 06:45:00,ZONE_A,0.0,2.7558177,41.103203,112.8611,594.4020418086342,584.57446,551.12695,372.45926,587.33026,592.23016,485.32037,2777.2742,2291.9538264648436,train
2026-01-05 07:00:00,ZONE_A,0.0,32.599087,46.813297,144.24947,585.063537456004,569.8263,506.49893,331.39954,602.42535,553.31226,475.649,2796.4294,2320.7804131835937,train
2026-01-05 07:15:00,ZONE_A,41.82736246149975,70.89605,112.60969,192.64832,557.2455368952255,500.80832,375.94672,360.4141,571.70435,488.5564,553.0624,2831.301,2278.2386220703124,train
2026-01-05 07:30:00,ZONE_A,84.62822294816141,118.601204,147.76717,231.93985,393.28073823947466,369.04614,320.0701,222.72577,487.64734,467.83728,454.66562,2867.7812,2413.1155811035155,train
2026-01-05 07:45:00,ZONE_A,128.74108946807306,160.02048,214.72278,268.4597,336.25517181377995,323.74002,345.6959,278.41806,483.7605,560.4187,546.87775,2906.5144,2359.636653417969,train
2026-01-05 08:00:00,ZONE_A,165.24158297209524,209.68517,233.27863,267.62686,324.9980571726272,326.00342,206.27441,316.52386,535.6886,439.55304,584.15076,2999.5537,2415.4029431640624,train
2026-01-05 08:15:00,ZONE_A,221.8107491894677,251.85939,282.69638,310.30154,322.2362478992475,234.82654,274.9913,261.94714,486.6859,557.6877,572.24866,3055.3884,2483.1397427734373,train
2026-01-05 08:30:00,ZONE_A,234.84433766324187,262.7808,265.79953,351.3889,218.05620504136013,255.88673,298.47888,282.60056,518.66754,564.27844,633.98944,3011.267,2377.277559082031,train
2026-01-05 08:45:00,ZONE_A,261.2240771563068,265.71298,301.03952,376.389,293.6934566266833,303.9081,271.66788,317.49966,569.6211,572.7074,693.8887,3052.468,2358.579328125,train
2026-01-05 09:00:00,ZONE_A,269.14556374932675,294.52127,335.948,356.05322,285.6171972510894,279.1822,309.41028,317.73416,573.7035,645.3583,673.78735,2705.5012,2031.7138464843752,train
2026-01-05 09:15:00,ZONE_A,305.579122366935,352.59497,364.13318,388.9805,288.3281216171734,301.887,299.4464,261.06396,654.48193,663.5796,650.04443,2732.6453,2082.60086640625,train
2026-01-05 09:30:00,ZONE_A,384.1378854409522,390.0026,401.01978,461.2073,314.916080645821,289.66858,303.54822,214.68289,679.67114,704.568,675.8902,2703.7961,2027.9059022460938,train
2026-01-05 09:45:00,ZONE_A,363.5987177076789,385.87503,419.00418,431.6747,259.7298955846898,293.813,277.9739,337.73288,679.688,696.9781,769.4076,2706.2732,1936.8656072265626,train
2026-01-05 10:00:00,ZONE_A,385.58958587355966,399.78336,413.60635,428.36108,289.44277886621586,289.1233,218.82016,346.95963,688.9066,632.4265,775.3207,2722.8765,1947.5558212890624,train
2026-01-05 10:15:00,ZONE_A,424.07050589979946,438.43335,438.93137,445.6196,265.695466505238,203.82178,314.55945,391.84924,642.2551,753.49084,837.4689,2677.8132,1840.3443279296876,train
2026-01-05 10:30:00,ZONE_A,439.6580673714466,432.32147,440.98804,425.00723,215.5255817488759,280.0029,323.00543,460.48514,712.32434,763.99347,885.4924,2696.241,1810.7486293945312,train
2026-01-05 10:45:00,ZONE_A,420.3702409614111,434.87915,451.31448,451.37506,250.12630746870656,299.4786,353.80347,438.86673,734.3578,805.1179,890.2418,2678.6008,1788.3589787109377,train
2026-01-05 11:00:00,ZONE_A,433.9600432622166,438.4352,414.13583,435.73224,355.9559691964494,397.68442,471.2184,318.50925,836.1196,885.35425,754.24146,2696.4077,1942.1662449218752,train
2026-01-05 11:15:00,ZONE_A,417.91136883836646,404.31647,444.99777,437.50464,412.1244266097427,458.9755,453.6557,418.35962,863.292,898.65344,855.86426,2697.109,1841.2447421875,train
2026-01-05 11:30:00,ZONE_A,379.2213767250568,426.36145,429.0698,494.20297,498.6745316588741,456.08273,333.41135,577.5109,882.4442,762.48114,1071.7139,2727.2944,1655.5805328125002,train
2026-01-05 11:45:00,ZONE_A,442.66383758842295,436.19308,438.09152,500.2567,443.4209763828129,345.22263,446.18585,581.85724,781.4157,884.27734,1082.114,2695.7358,1613.621786328125,train
2026-01-05 12:00:00,ZONE_A,453.4512519094494,441.5457,484.51068,514.0688,316.7025729278543,394.67453,509.4099,549.0529,836.2202,993.9206,1063.1217,2709.9917,1646.8699958984375,train
2026-01-05 12:15:00,ZONE_A,428.7539744918186,481.94885,486.13995,530.86206,435.5157429737236,544.06903,539.89923,518.8445,1026.0178,1026.0392,1049.7065,2680.2317,1630.5251570312498,train
2026-01-05 12:30:00,ZONE_A,522.2129337056974,521.0388,539.08466,553.0001,594.6257249203472,583.5107,576.40027,543.48315,1104.5496,1115.4849,1096.4833,2670.001,1573.5177236328127,train
2026-01-05 12:45:00,ZONE_A,533.3303713910624,557.4928,580.618,556.6042,599.7672917185295,601.3669,591.13477,496.89487,1158.8596,1171.7527,1053.499,2675.6367,1622.1376765625,train
2026-01-05 13:00:00,ZONE_A,563.9625573646225,581.01263,574.17334,568.32007,610.3048307551326,596.5202,587.44324,384.4494,1177.5328,1161.6166,952.7695,2680.4482,1727.678729785156,train
2026-01-05 13:15:00,ZONE_A,590.324646778594,585.35156,572.4115,576.5589,596.9215572986454,579.88477,432.01678,525.038,1165.2363,1004.4283,1101.5969,2678.7551,1577.1581761718749,train
2026-01-05 13:30:00,ZONE_A,597.9270837204824,570.51373,571.7029,514.8812,534.2911539705657,437.7931,406.48166,530.52905,1008.3068,978.1846,1045.4103,2681.6335,1636.2232216796874,train
2026-01-05 13:45:00,ZONE_A,581.1199682253022,580.2356,566.30835,426.1032,376.91941126207297,365.1399,477.04083,503.65054,945.3755,1043.3491,929.7538,2684.7485,1754.9947158203126,train
2026-01-05 14:00:00,ZONE_A,587.1522120243225,581.3082,513.09406,442.2806,367.5954445185497,491.29428,491.65045,534.9246,1072.6025,1004.7445,977.2052,2698.1575,1720.9522998046873,train
2026-01-05 14:15:00,ZONE_A,593.9099878666877,523.3916,455.12805,393.42407,528.1070397610301,512.56805,544.31396,546.93353,1035.9597,999.442,940.3576,2686.0496,1745.691995019531,train
2026-01-05 14:30:00,ZONE_A,518.3322293960207,448.0702,455.14713,370.24225,503.8244566782877,533.852,578.5725,564.0049,981.9222,1033.7196,934.24713,2693.8694,1759.6222686523438,train
2026-01-05 14:45:00,ZONE_A,425.6637638582324,428.20752,368.221,318.10535,534.3670978747193,571.8268,583.8168,575.2253,1000.0343,952.0378,893.3306,2675.3735,1782.042872558594,train
2026-01-05 15:00:00,ZONE_A,449.43068314967,392.1585,365.24902,301.81046,592.7787487249702,594.8306,585.88086,595.0118,986.98914,951.1299,896.82227,2777.8965,1881.0742343749998,train
2026-01-05 15:15:00,ZONE_A,373.83167234464383,343.41074,310.71124,262.62183,591.7874644045421,580.84467,585.58856,567.7638,924.2554,896.2998,830.3856,2793.6436,1963.2579798828124,train
2026-01-05 15:30:00,ZONE_A,346.4487731910556,310.88474,289.19696,223.13101,592.0332681631206,597.15894,604.78143,599.7124,908.0437,893.9784,822.8434,2822.961,2000.1176162109373,train
2026-01-05 15:45:00,ZONE_A,319.705123537769,296.5293,264.07428,189.14526,593.7188352498478,594.1949,603.1154,595.0932,890.7242,867.1897,784.23846,2817.3447,2033.1062356445314,train
2026-01-05 16:00:00,ZONE_A,291.36147973058047,256.39127,206.167,127.59709,608.9199693587799,595.3657,597.5157,577.04944,851.75696,803.6827,704.64655,2817.205,2112.5584545898437,train
2026-01-05 16:15:00,ZONE_A,267.0119061473416,217.80219,183.9346,112.921425,596.433802988678,597.43805,596.6465,587.7448,815.24023,780.58105,700.66626,2798.279,2097.612740234375,train
2026-01-05 16:30:00,ZONE_A,216.0070556681663,177.68709,140.93353,99.83127,603.782366308478,596.5206,582.9168,595.7171,774.2077,723.85034,695.54834,2818.8298,2123.28146015625,train
2026-01-05 16:45:00,ZONE_A,178.3215191335619,151.34377,112.73311,50.251583,601.8839582193078,591.1109,604.42834,588.6964,742.45465,717.16144,638.948,2825.394,2186.446001953125,train
2026-01-05 17:00:00,ZONE_A,150.89607567315852,113.952324,82.109055,17.790632,605.3874332292157,606.83386,598.65497,591.7189,720.7862,680.76404,609.5095,3037.0962,2427.586678515625,train
2026-01-05 17:15:00,ZONE_A,125.57565175195084,88.52173,48.189285,0.0,602.5472538086086,597.3265,595.2357,592.6695,685.8482,643.425,592.6695,3032.4763,2439.8068053710936,train
2026-01-05 17:30:00,ZONE_A,90.57199557579392,45.591965,1.7770674,0.541851,595.8961239281574,598.4461,599.3626,589.2581,644.0381,601.13965,589.8,3041.4045,2451.6045122070313,train
2026-01-05 17:45:00,ZONE_A,48.00596134714632,0.0,0.23867205,0.0,591.6886803777927,599.09143,601.1217,596.28534,599.09143,601.36035,596.28534,3004.921,2408.635660644531,train
2026-01-05 18:00:00,ZONE_A,0.0,2.8079264,2.212973,0.0,607.4679677077561,598.53143,595.66003,596.8475,601.33936,597.873,596.8475,3103.6455,2506.798026855469,train
2026-01-05 18:15:00,ZONE_A,0.0,0.0,0.0,0.0,593.6637533419064,598.4055,600.59326,590.65686,598.4055,600.59326,590.65686,3112.4116,2521.7547396484374,train
2026-01-05 18:30:00,ZONE_A,0.0,0.0,0.0,0.014464794,602.5532999444589,598.0055,598.7052,594.2706,598.0055,598.7052,594.2851,3135.0032,2540.7181047851564,train
2026-01-05 18:45:00,ZONE_A,0.0,0.0,0.0,0.0,605.1223271845741,598.349,593.8526,596.22894,598.349,593.8526,596.22894,3115.7097,2519.480757128906,train
2026-01-05 19:00:00,ZONE_A,0.0,0.7665475,0.8446142,0.0,599.104520186963,590.56433,597.5052,595.50415,591.3309,598.3498,595.50415,3098.1023,2502.598149609375,train
2026-01-05 19:15:00,ZONE_A,0.0,0.0,0.0,0.36223325,604.2426297939039,597.9692,598.8018,595.65106,597.9692,598.8018,596.0133,2851.8938,2255.8804943359373,train
2026-01-05 19:30:00,ZONE_A,0.0,0.0,0.0,0.24259552,590.0600183332174,599.666,601.3852,597.78467,599.666,601.3852,598.0273,2814.123,2216.0957172851563,train
2026-01-05 19:45:00,ZONE_A,0.0,0.0,0.0,0.0,590.649344127064,598.69025,597.8346,586.45123,598.69025,597.8346,586.45123,2814.904,2228.4527670898437,train
2026-01-05 20:00:00,ZONE_A,0.0,0.029591084,0.24928188,0.56794494,594.880543468854,598.9198,600.82,599.0517,598.9494,601.0693,599.6196,2660.0566,2060.43697109375,train
2026-01-05 20:15:00,ZONE_A,0.0,0.0,0.0,0.0,602.9803228755895,598.75287,600.53094,597.6403,598.75287,600.53094,597.6403,2634.622,2036.981680175781,train
2026-01-05 20:30:00,ZONE_A,0.0,0.15312135,0.0,0.0,594.4957883265179,600.68744,600.67346,599.157,600.8406,600.67346,599.157,2609.4763,2010.3193175781248,train
2026-01-05 20:45:00,ZONE_A,0.0,0.0,0.0,0.0,604.6246153010778,597.1745,600.21063,597.2606,597.1745,600.21063,597.2606,2644.314,2047.0533798828124,train
2026-01-05 21:00:00,ZONE_A,0.0,0.3978038,0.36165154,0.0,597.3696605755686,599.35693,598.96515,599.0594,599.75476,599.3268,599.0594,2580.0098,1980.9504127929686,train
2026-01-05 21:15:00,ZONE_A,0.0,0.0,0.0,0.0,600.2392084021467,600.33624,599.8373,596.96765,600.33624,599.8373,596.96765,2501.222,1904.2543486328127,train
2026-01-05 21:30:00,ZONE_A,0.0,0.30140537,0.0,0.062001698,595.1965383171458,599.5174,602.0611,599.37836,599.8188,602.0611,599.44037,2446.8943,1847.4539313476562,train
2026-01-05 21:45:00,ZONE_A,0.0,0.13318262,0.5497547,0.0,588.5522928197875,600.8116,602.85815,600.1635,600.94476,603.4079,600.1635,2449.0015,1848.837986816406,train
2026-01-05 22:00:00,ZONE_A,0.0,0.4299952,0.36165154,0.0,601.2661851121039,599.23175,599.7264,603.605,599.66174,600.088,603.605,2401.6033,1797.9983195312502,train
2026-01-05 22:15:00,ZONE_A,0.0,0.045735568,0.0,0.0,602.5839408025635,598.2787,601.29706,604.30084,598.3244,601.29706,604.30084,2377.9312,1773.6303577148437,train
2026-01-05 22:30:00,ZONE_A,0.0,0.019874059,0.0,0.0,593.8084515764717,597.8841,599.8892,603.1391,597.904,599.8892,603.1391,2349.4556,1746.316500878906,train
2026-01-05 22:45:00,ZONE_A,0.0,0.03494791,0.1645858,0.0,597.6894772795735,599.2195,604.6232,602.6307,599.25446,604.78784,602.6307,2316.8623,1714.2316237304685,train
2026-01-05 23:00:00,ZONE_A,0.0,0.27033222,0.89627445,0.0,595.9782418066253,600.3597,601.2852,603.0601,600.63,602.1815,603.0601,2316.1028,1713.0426803710939,train
2026-01-05 23:15:00,ZONE_A,0.0,1.799655,0.0,0.0,602.813544808424,600.02124,599.19794,598.69464,601.8209,599.19794,598.69464,2315.4272,1716.7325588867188,train
2026-01-05 23:30:00,ZONE_A,0.0,0.17691654,0.0,0.0,600.5336568410706,599.67706,599.0534,600.6185,599.854,599.0534,600.6185,2318.8313,1718.2127697265623,train
2026-01-05 23:45:00,ZONE_A,0.0,0.0,0.08332767,0.0,599.4726910038361,599.6433,600.2761,602.57904,599.6433,600.35944,602.57904,2308.2915,1705.712459472656,train
2026-01-06 00:00:00,ZONE_A,0.0,0.21279456,0.0,0.0,594.0240734291468,599.1766,600.3959,602.4602,599.38934,600.3959,602.4602,2316.1946,1713.7343949218748,train
2026-01-06 00:15:00,ZONE_A,0.0,0.0,0.0,0.0,601.6668705520581,599.39044,601.2471,599.61523,599.39044,601.2471,599.61523,2322.591,1722.975765625,train
2026-01-06 00:30:00,ZONE_A,0.0,0.0,0.0,0.6276707,597.018898888757,599.39044,602.9466,600.87396,599.39044,602.9466,601.50165,2297.0325,1695.530852050781,train
2026-01-06 00:45:00,ZONE_A,0.0,0.0,1.1876831,1.3092222,603.4421498202423,600.31396,599.8972,598.10913,600.31396,601.0849,599.41833,2321.4248,1722.0064650390623,train
2026-01-06 01:00:00,ZONE_A,0.0,0.1826455,0.0,0.0,602.1769359734466,598.8417,600.8323,601.2829,599.0243,600.8323,601.2829,2281.5984,1680.315502050781,train
2026-01-06 01:15:00,ZONE_A,0.0,0.018326787,0.0,0.0,590.6702850941845,598.4662,602.497,602.9611,598.4845,602.497,602.9611,2280.8247,1677.8635793945314,train
2026-01-06 01:30:00,ZONE_A,0.0,0.07975508,0.0,0.4536252,594.9276579755125,599.4875,600.1716,604.3309,599.56726,600.1716,604.7845,2286.047,1681.2625151367188,train
2026-01-06 01:45:00,ZONE_A,0.0,0.15805101,1.2706196,1.4415702,604.4395327509435,600.0992,600.1716,601.7926,600.25726,601.4422,603.2342,2287.7847,1684.550508105469,train
2026-01-06 02:00:00,ZONE_A,0.0,0.063598305,0.0,0.0,597.1945497000136,600.8223,600.1326,594.46484,600.8859,600.1326,594.46484,2287.4407,1692.97585625,train
2026-01-06 02:15:00,ZONE_A,0.0,0.0091757225,0.0,0.0,604.970994455176,598.9561,598.46814,601.4638,598.9653,598.46814,601.4638,2282.6191,1681.1552938476561,train
2026-01-06 02:30:00,ZONE_A,0.0,0.018326787,0.0,0.6276707,594.4989420684356,599.3463,601.38184,604.24133,599.3646,601.38184,604.869,2276.0046,1671.1355814453127,train
2026-01-06 02:45:00,ZONE_A,0.0,0.0,0.9761549,1.4415702,603.0284770844922,599.5949,598.9786,600.0342,599.5949,599.9547,601.47577,2281.337,1679.8612309570312,train
2026-01-06 03:00:00,ZONE_A,0.0,0.28088015,0.55467093,0.0,588.9437888326395,597.50226,599.5485,604.3483,597.78314,600.1032,604.3483,2279.9429,1675.5945723632813,train
2026-01-06 03:15:00,ZONE_A,0.0,0.22659022,0.0,0.0,594.1200653028876,602.52594,599.4241,603.6987,602.7525,599.4241,603.6987,2290.8604,1687.16166953125,train
2026-01-06 03:30:00,ZONE_A,0.0,0.11656145,0.0,1.2326441,602.9173417174582,602.991,600.8635,599.80176,603.1076,600.8635,601.0344,2295.3423,1694.3078761718748,train
2026-01-06 03:45:00,ZONE_A,0.0,0.0,1.1876831,1.370913,596.6352183169786,599.31104,599.27435,602.39606,599.31104,600.46204,603.76697,2280.2983,1676.5313322265624,train
2026-01-06 04:00:00,ZONE_A,0.0,0.28088015,0.13239661,0.0,593.7843061809713,603.0103,602.13934,599.6553,603.2912,602.2717,599.6553,2292.3987,1692.7434265625002,train
2026-01-06 04:15:00,ZONE_A,0.0,0.0091757225,0.0,0.0,602.5526889891412,598.6657,600.4339,600.5929,598.67487,600.4339,600.5929,2269.9922,1669.3993044921876,train
2026-01-06 04:30:00,ZONE_A,0.0,0.0,0.0,0.5570134,603.5243865557413,599.5519,599.76526,603.32666,599.5519,599.76526,603.88367,2284.5085,1680.6248330078124,train
2026-01-06 04:45:00,ZONE_A,0.0,0.0,0.886003,1.8735555,596.5904436129424,599.9639,602.3299,603.15063,599.9639,603.2159,605.0242,2278.9504,1673.9262300781252,train
2026-01-06 05:00:00,ZONE_A,0.0,3.182026,0.026009716,0.0,593.7350430606438,597.05365,601.025,597.66296,600.23566,601.051,597.66296,2566.7146,1969.0516361328123,train
2026-01-06 05:15:00,ZONE_A,0.0,0.30693173,2.9900565,1.0620005,597.3483585930373,598.09973,598.02856,597.8851,598.4067,601.0186,598.9471,2561.2734,1962.3263174804688,train
2026-01-06 05:30:00,ZONE_A,0.0,0.0,0.0,1.2302982,608.1478642792838,599.47485,601.2613,603.16345,599.47485,601.2613,604.39374,2589.7788,1985.3850622070313,train
2026-01-06 05:45:00,ZONE_A,0.0,0.15805101,1.1876831,0.7182117,603.5093483278332,596.8366,597.6738,597.49646,596.9947,598.8615,598.21466,2625.718,2027.5033393554686,train
2026-01-06 06:00:00,ZONE_A,0.0,0.0,0.70222574,11.868889,606.7339507573708,599.0385,597.79584,601.4758,599.0385,598.49805,613.3447,2677.3203,2063.9755734375,train
2026-01-06 06:15:00,ZONE_A,0.0,0.3147323,2.4020653,60.180744,597.7232651471385,599.6362,598.8318,601.9489,599.951,601.2338,662.12964,2712.516,2050.386361328125,train
2026-01-06 06:30:00,ZONE_A,0.0,0.0,1.1614178,84.31473,597.3429652178531,600.3907,601.60895,600.7002,600.3907,602.7704,685.0149,2740.081,2055.066107421875,train
2026-01-06 06:45:00,ZONE_A,0.0,0.0,13.507435,71.181465,602.4930824352135,601.6807,599.40924,600.2853,601.6807,612.9167,671.46674,2758.454,2086.9872641601564,train
2026-01-06 07:00:00,ZONE_A,0.0,28.33239,53.91351,119.52125,613.0850054932763,598.2695,597.03827,597.9916,626.60187,650.9518,717.5128,2786.8406,2069.3277826171875,train
2026-01-06 07:15:00,ZONE_A,39.60982313949767,59.785965,94.16006,175.55562,599.7406981546983,600.18994,598.11597,600.946,659.9759,692.276,776.5016,2807.5986,2031.0970130859373,train
2026-01-06 07:30:00,ZONE_A,80.14386938191294,116.73939,138.66063,248.19504,601.3273911232919,597.9813,598.81177,601.6964,714.7207,737.4724,849.8915,2852.3708,2002.4793205078126,train
2026-01-06 07:45:00,ZONE_A,115.529614084346,149.87047,191.46767,254.13152,603.390710831239,597.82947,598.9474,601.2503,747.69995,790.41504,855.38184,2930.6174,2075.2355640625,train
2026-01-06 08:00:00,ZONE_A,153.7396997971732,199.20992,246.76443,311.59033,591.5581449158072,599.955,597.845,600.76886,799.1649,844.6094,912.3592,2934.0413,2021.6821081054686,train
2026-01-06 08:15:00,ZONE_A,205.3001193732438,241.54044,268.19046,348.7589,602.64967086968,597.02496,599.39154,598.05585,838.5654,867.58203,946.81476,2954.764,2007.9492416992189,train
2026-01-06 08:30:00,ZONE_A,250.05066574065583,276.2057,316.3073,393.60468,599.2773477529022,600.8758,599.08215,601.0481,877.0815,915.38947,994.6528,2972.0198,1977.3670290039063,train
2026-01-06 08:45:00,ZONE_A,280.08058328541387,307.34354,354.56772,369.35394,598.5703567943199,597.4877,596.3775,599.032,904.8312,950.9452,968.3859,3038.5933,2070.2073747070312,train
2026-01-06 09:00:00,ZONE_A,305.5732652002158,340.2885,384.48935,431.46924,602.6731099664578,597.50684,598.9859,598.18823,937.79535,983.4752,1029.6575,2700.8953,1671.2378292968751,train
2026-01-06 09:15:00,ZONE_A,336.1598364172376,378.4038,373.9618,441.84235,607.2801164126311,598.1133,599.4197,599.5502,976.5171,973.3815,1041.3926,2719.1245,1677.731921875,train
2026-01-06 09:30:00,ZONE_A,397.6095005247355,416.72412,457.71915,497.58118,596.5423480027551,600.392,596.1389,599.65784,1017.11615,1053.858,1097.239,2693.3325,1596.093486328125,train
2026-01-06 09:45:00,ZONE_A,424.5852402672868,469.81277,478.83405,478.85788,599.7159120385952,601.29645,598.7153,599.0835,1071.1093,1077.5493,1077.9414,2707.7559,1629.81449375,train
2026-01-06 10:00:00,ZONE_A,461.3736192896289,477.92654,492.6719,507.09335,605.5786344563264,597.69916,599.45886,600.829,1075.6257,1092.1307,1107.9224,2686.7542,1578.8318367187499,train
2026-01-06 10:15:00,ZONE_A,485.51090843087854,505.9802,503.08585,533.365,599.8693552241126,599.572,598.07623,600.3963,1105.5522,1101.1621,1133.7612,2684.3987,1550.6374695312502,train
2026-01-06 10:30:00,ZONE_A,471.7842805585334,487.93512,503.5224,594.26807,606.5541867800815,602.2836,600.8631,599.5834,1090.2188,1104.3855,1193.8514,2690.421,1496.5695595703123,train
2026-01-06 10:45:00,ZONE_A,464.1183668447643,484.9351,497.81287,536.5323,594.8207042405422,601.46,597.8225,602.2959,1086.3951,1095.6354,1138.8281,2670.3218,1531.4936750000002,train
2026-01-06 11:00:00,ZONE_A,489.9294366951568,528.5237,559.38055,511.29398,608.4785966752896,601.07086,600.98785,601.156,1129.5945,1160.3684,1112.45,2690.4736,1578.0236488281248,train
2026-01-06 11:15:00,ZONE_A,551.3155974281945,591.72174,581.2354,557.3335,597.634156196989,604.1155,596.54175,598.85425,1195.8372,1177.7771,1156.1877,2699.0085,1542.820755859375,train
2026-01-06 11:30:00,ZONE_A,597.298899342245,581.76416,544.3544,564.8061,607.5985250752989,602.82117,596.1392,612.996,1184.5853,1140.4937,1177.802,2706.115,1528.3129980468748,train
2026-01-06 11:45:00,ZONE_A,570.3015718436424,547.0877,553.1109,548.3251,601.0705418256019,596.15375,596.7696,598.11816,1143.2415,1149.8805,1146.4432,2695.2969,1548.8536626953123,train
2026-01-06 12:00:00,ZONE_A,529.5496936655621,542.291,555.80664,497.04056,593.4946083438763,598.56335,598.70856,600.8896,1140.8544,1154.5151,1097.9302,2681.8464,1583.91622421875,train
2026-01-06 12:15:00,ZONE_A,547.1074849686923,549.89056,536.7769,475.9142,610.4221885599709,595.11005,599.45386,598.01306,1145.0006,1136.2307,1073.9272,2682.7437,1608.81645390625,train
2026-01-06 12:30:00,ZONE_A,546.7547986666518,532.4452,501.04288,496.0244,602.2617180710854,601.27875,596.6512,596.84894,1133.7239,1097.6941,1092.8733,2669.16,1576.2867089843749,train
2026-01-06 12:45:00,ZONE_A,489.69602830581033,475.50906,468.01608,463.79813,601.5866765025816,592.36505,598.39636,599.38513,1067.8741,1066.4125,1063.1832,2675.5132,1612.3299724609374,train
2026-01-06 13:00:00,ZONE_A,475.1366383975485,462.82285,482.3848,453.9513,593.9322329135845,599.3119,601.60754,597.3598,1062.1348,1083.9923,1051.311,2676.9023,1625.5912648437502,train
2026-01-06 13:15:00,ZONE_A,450.0736686215124,461.0391,451.73575,477.69965,598.8149791891636,605.2083,599.5171,599.15125,1066.2474,1051.2528,1076.8508,2678.3767,1601.5258699218748,train
2026-01-06 13:30:00,ZONE_A,500.73369286968847,471.72333,463.30753,467.40485,601.6512284569853,599.42554,599.842,592.9767,1071.1489,1063.1495,1060.3816,2694.6833,1634.3017082031251,train
2026-01-06 13:45:00,ZONE_A,445.7730161085334,455.64075,458.06735,430.1553,600.8111108326777,599.6195,599.00543,599.1664,1055.2603,1057.0728,1029.3217,2688.9744,1659.6527447265626,train
2026-01-06 14:00:00,ZONE_A,468.1190812561842,456.73935,433.33304,406.6544,599.1159084863972,598.5992,599.77747,599.417,1055.3385,1033.1105,1006.0714,2692.941,1686.8695888671873,train
2026-01-06 14:15:00,ZONE_A,489.5847161998005,464.98193,459.2702,422.69095,609.2951115935942,602.7338,601.8171,601.281,1067.7158,1061.0873,1023.9719,2695.1194,1671.147476171875,train
2026-01-06 14:30:00,ZONE_A,479.7939770933304,456.52084,444.8883,393.49518,590.852194183966,601.8881,598.41644,598.47406,1058.4089,1043.3047,991.96924,2680.9993,1689.03006171875,train
2026-01-06 14:45:00,ZONE_A,473.0554044723051,442.99667,456.48132,339.3625,607.2688407799083,596.89,596.1914,598.91736,1039.8867,1052.6727,938.27985,2700.1736,1761.8937538085938,train
2026-01-06 15:00:00,ZONE_A,458.9155918499667,450.78055,407.7522,349.26105,594.4085697106049,601.49335,595.68195,600.6764,1052.2739,1003.43414,949.93744,2794.6099,1844.6724610351562,train
2026-01-06 15:15:00,ZONE_A,470.14741883384033,418.1608,368.18927,315.6678,605.894421732788,596.51935,600.85455,599.3359,1014.6802,969.0438,915.00366,2797.3384,1882.334737890625,train
2026-01-06 15:30:00,ZONE_A,406.3668594287712,349.54572,336.377,259.36545,599.4643746227244,598.8625,599.1224,597.56683,948.4082,935.4994,856.93225,2800.513,1943.5807490234374,train
2026-01-06 15:45:00,ZONE_A,341.43852976162646,333.59952,293.83835,221.49063,600.0465262994585,598.18243,598.2196,600.0293,931.782,892.058,821.5199,2778.8457,1957.3258025390624,train
2026-01-06 16:00:00,ZONE_A,355.3477143485579,312.04636,270.0258,187.70085,591.952726588301,599.49347,606.85785,592.97705,911.5398,876.88367,780.6779,2794.65,2013.9720825195313,train
2026-01-06 16:15:00,ZONE_A,295.7973938881301,262.8278,217.13751,134.86377,597.0633842117379,601.1221,600.0444,597.04895,863.9498,817.1819,731.9127,2796.8633,2064.9505802734375,train
2026-01-06 16:30:00,ZONE_A,274.0893996188386,233.3856,184.93443,93.785965,600.2624742895631,598.80286,600.2024,597.27344,832.1885,785.13684,691.0594,2795.4287,2104.3693127929687,train
2026-01-06 16:45:00,ZONE_A,218.81925030982143,174.94818,134.98383,49.825195,604.1341445537882,598.7577,601.2214,596.1878,773.7059,736.2052,646.013,2803.995,2157.9819995117186,train
2026-01-06 17:00:00,ZONE_A,173.26036300388162,126.70352,85.08597,6.8000407,590.2462087080307,598.50116,600.1893,596.4521,725.2047,685.27527,603.25214,2797.3318,2194.079663769531,train
2026-01-06 17:15:00,ZONE_A,134.72206539798088,90.212654,46.053352,0.0,611.1363021181052,600.3607,599.06683,599.4005,690.57336,645.1202,599.4005,2807.588,2208.1874873046877,train
2026-01-06 17:30:00,ZONE_A,90.3196092775064,43.990765,0.9370018,0.0,597.4177275695992,598.06085,600.22675,599.3034,642.05164,601.16376,599.3034,2811.158,2211.854594238281,train
2026-01-06 17:45:00,ZONE_A,41.62185659053375,0.0,0.5959354,0.0,600.1652433563621,601.182,598.5542,598.93665,601.182,599.15015,598.93665,2824.6099,2225.6732544921874,train
2026-01-06 18:00:00,ZONE_A,0.0,0.0,0.0,0.0,603.0032926643796,598.91864,600.867,594.1028,598.91864,600.867,594.1028,2815.1174,2221.014616796875,train
2026-01-06 18:15:00,ZONE_A,0.0,0.0,0.0,0.0,594.2430192089867,600.3638,599.7755,599.4555,600.3638,599.7755,599.4555,2801.5427,2202.087194628906,train
2026-01-06 18:30:00,ZONE_A,0.0,0.0,0.0,0.0,595.8717509777944,599.60565,599.1626,598.6125,599.60565,599.1626,598.6125,2805.2095,2206.597012207031,train
2026-01-06 18:45:00,ZONE_A,0.0,0.0,0.0,0.0,607.9161177977296,600.0094,599.9001,600.3525,600.0094,599.9001,600.3525,2795.7893,2195.436821972656,train
2026-01-06 19:00:00,ZONE_A,0.0,0.0,0.0,0.013756787,593.2299228988437,598.00684,599.6647,600.4645,598.00684,599.6647,600.4782,2790.4238,2189.9455895507813,train
2026-01-06 19:15:00,ZONE_A,0.0,0.0,2.203378,0.0,609.9981359054716,600.7435,600.29315,601.7142,600.7435,602.4965,601.7142,2806.5654,2204.8512276367187,train
2026-01-06 19:30:00,ZONE_A,0.0,0.0,0.0,0.4392397,601.9278596249881,601.05786,599.37305,598.48303,601.05786,599.37305,598.9223,2802.8408,2203.918497753906,train
2026-01-06 19:45:00,ZONE_A,0.0,0.0,0.0,0.0,606.2260304446235,599.6548,601.31433,600.90753,599.6548,601.31433,600.90753,2809.1555,2208.2479682617186,train
2026-01-06 20:00:00,ZONE_A,0.0,0.068181455,0.26564217,0.0,593.8243687363531,597.51,599.276,597.70325,597.5782,599.5416,597.70325,2660.9666,2063.2633529296877,train
2026-01-06 20:15:00,ZONE_A,0.0,0.17475703,0.0,0.013756787,595.1098237469567,599.3641,599.63556,599.8204,599.5388,599.63556,599.8341,2637.1077,2037.2735935546875,train
2026-01-06 20:30:00,ZONE_A,0.0,0.0,0.0,0.0,598.1486458821253,599.2059,599.6313,598.4035,599.2059,599.6313,598.4035,2652.6487,2054.2451965820314,train
2026-01-06 20:45:00,ZONE_A,0.0,0.0,0.0,0.0,593.8992881911802,598.0118,599.88666,599.1042,598.0118,599.88666,599.1042,2615.8867,2016.7825129882813,train
2026-01-06 21:00:00,ZONE_A,0.0,0.068181455,0.0,0.013756787,594.3041322963477,597.88336,597.8725,600.43756,597.95154,597.8725,600.4513,2604.1455,2003.6942060546876,train
2026-01-06 21:15:00,ZONE_A,0.0,0.0,0.0,0.0,598.1658397006597,598.5446,601.11426,602.3897,598.5446,601.11426,602.3897,2521.7122,1919.3224905273437,train
2026-01-06 21:30:00,ZONE_A,0.0,0.0,0.0,0.0,596.7780729321815,599.0491,602.43677,600.9944,599.0491,602.43677,600.9944,2459.156,1858.161615234375,train
2026-01-06 21:45:00,ZONE_A,0.0,0.0,0.0,0.070444405,605.029380184821,598.5252,601.9253,600.9944,598.5252,601.9253,601.0648,2491.8096,1890.7447806640625,train
2026-01-06 22:00:00,ZONE_A,0.0,0.18722865,0.0,0.349802,594.6408333031967,599.02203,599.63,599.959,599.2093,599.63,600.3088,2445.4841,1845.1753231445314,train
2026-01-06 22:15:00,ZONE_A,0.0,0.0,0.0,0.349802,590.554825306399,599.5818,600.70056,600.65204,599.5818,600.70056,601.00183,2411.0825,1810.0806689453125,train
2026-01-06 22:30:00,ZONE_A,0.0,0.0,0.0,0.0,610.2845026226531,599.9515,601.215,600.149,599.9515,601.215,600.149,2356.545,1756.3960131835938,train
2026-01-06 22:45:00,ZONE_A,0.0,0.0,0.0,0.0,605.7351919759681,600.6519,599.51245,604.02655,600.6519,599.51245,604.02655,2358.4783,1754.4517497070315,train
2026-01-06 23:00:00,ZONE_A,0.0,0.18722865,0.24626672,0.349802,594.6819909854486,600.06177,601.44403,603.51544,600.249,601.6903,603.86523,2307.2058,1703.3405656250002,train
2026-01-06 23:15:00,ZONE_A,0.0,0.0,0.0,0.349802,603.4008179654982,599.4406,601.4454,601.4581,599.4406,601.4454,601.8079,2301.1985,1699.3905776367187,train
2026-01-06 23:30:00,ZONE_A,0.0,0.17475703,0.0,1.0020587,603.8141786066464,600.74036,601.5879,601.90314,600.9151,601.5879,602.9052,2315.2856,1712.3803875976564,train
2026-01-06 23:45:00,ZONE_A,0.0,0.0,0.0,0.070444405,603.7401600669157,599.21436,599.8533,601.2044,599.21436,599.8533,601.27484,2288.062,1686.7871586914061,train
2026-01-07 00:00:00,ZONE_A,0.0,0.0,0.0,0.0,596.7945392941042,602.0374,599.5067,601.26855,602.0374,599.5067,601.26855,2285.1343,1683.8657453125002,train
2026-01-07 00:15:00,ZONE_A,0.0,0.0,0.0,0.0,606.3954867919405,599.314,600.05505,602.31995,599.314,600.05505,602.31995,2296.7146,1694.3946537109373,train
2026-01-07 00:30:00,ZONE_A,0.0,0.0,0.0,0.62326145,606.9541292946374,598.7251,602.7153,603.35126,598.7251,602.7153,603.97455,2282.319,1678.3444516601562,train
2026-01-07 00:45:00,ZONE_A,0.0,0.0,0.91038036,0.7584492,595.5441543588648,599.5691,599.8341,602.7027,599.5691,600.7445,603.4611,2275.597,1672.1358793945315,train
2026-01-07 01:00:00,ZONE_A,0.0,0.0,0.0,0.0,607.0308153290903,601.175,598.0134,600.6405,601.175,598.0134,600.6405,2285.2432,1684.6026970703124,train
2026-01-07 01:15:00,ZONE_A,0.0,0.0,0.0,0.0,609.2927787109123,600.66437,599.0671,599.67694,600.66437,599.0671,599.67694,2286.4258,1686.7488590820312,train
2026-01-07 01:30:00,ZONE_A,0.0,0.0,0.0,0.88209873,595.6921234473537,600.84656,600.58716,602.65204,600.84656,600.58716,603.5341,2286.0002,1682.4660813476562,train
2026-01-07 01:45:00,ZONE_A,0.0,0.0,1.0672982,1.0172864,604.9430521982322,598.7521,595.7948,598.3453,598.7521,596.8621,599.36255,2296.3806,1697.018051171875,train
2026-01-07 02:00:00,ZONE_A,0.0,0.19606265,0.0,0.0,597.9918188487089,599.3864,599.4432,604.32556,599.58246,599.4432,604.32556,2283.6204,1679.2948384765623,train
2026-01-07 02:15:00,ZONE_A,0.0,0.0,0.0,0.0,593.8857093513911,599.4508,600.80054,600.829,599.4508,600.80054,600.829,2281.3652,1680.5362205078127,train
2026-01-07 02:30:00,ZONE_A,0.0,0.0,0.0,0.88209873,601.4882443731627,599.0755,601.79193,602.23895,599.0755,601.79193,603.12103,2282.4932,1679.3721672851561,train
2026-01-07 02:45:00,ZONE_A,0.0,0.011805187,0.91038036,0.63933563,602.7486394721527,599.6282,601.12274,600.14185,599.63995,602.03314,600.7812,2274.152,1673.3708110351563,train
2026-01-07 03:00:00,ZONE_A,0.0,0.0,0.0,0.0,612.3866153431484,599.2622,598.38605,598.5393,599.2622,598.38605,598.5393,2292.1135,1693.574193359375,train
2026-01-07 03:15:00,ZONE_A,0.0,0.0,0.0,0.0,600.6414214024849,600.78186,597.9192,599.3028,600.78186,597.9192,599.3028,2285.0532,1685.7504045898436,train
2026-01-07 03:30:00,ZONE_A,0.0,0.0,0.0,0.62326145,606.4716082837263,599.4362,598.9469,602.7027,599.4362,598.9469,603.326,2281.4956,1678.169611230469,train
2026-01-07 03:45:00,ZONE_A,0.0,0.011805187,0.91038036,1.0172864,602.0304344555486,599.6963,599.42395,604.32556,599.70807,600.33435,605.34283,2284.6418,1679.2989655273436,train
2026-01-07 04:00:00,ZONE_A,0.0,0.19606265,0.0,0.0,594.2939835495134,598.6507,598.55096,602.3455,598.84674,598.55096,602.3455,2282.6914,1680.345879980469,train
2026-01-07 04:15:00,ZONE_A,0.0,0.0,0.0,0.0,586.7528431381447,599.7383,598.3864,601.4725,599.7383,598.3864,601.4725,2283.8586,1682.3861268554688,train
2026-01-07 04:30:00,ZONE_A,0.0,0.0,0.0,1.0023855,594.8328013796331,598.6275,597.5736,599.5771,598.6275,597.5736,600.57947,2283.2178,1682.6383322265624,train
2026-01-07 04:45:00,ZONE_A,0.0,0.011805187,4.6263766,7.0874047,594.7961137017461,599.4959,599.2973,608.6256,599.5077,603.9237,615.713,2292.6943,1676.9812873046876,train
2026-01-07 05:00:00,ZONE_A,0.0,0.19606265,0.1274688,0.0,591.2955471986095,598.23517,595.9294,598.81964,598.4312,596.0568,598.81964,2561.7722,1962.9525588867186,train
2026-01-07 05:15:00,ZONE_A,0.0,2.170068,1.9038005,10.533718,593.9773295581508,598.17224,600.94,605.0882,600.3423,602.8438,615.6219,2589.2283,1973.606412792969,train
2026-01-07 05:30:00,ZONE_A,0.0,0.0,1.070881,1.9897554,593.4387040182363,603.112,601.4042,601.8073,603.112,602.47504,603.79706,2577.8577,1974.0606418945313,train
2026-01-07 05:45:00,ZONE_A,0.0,0.0,1.3309104,3.7083519,610.8315090257391,603.403,600.01965,598.2841,603.403,601.3506,601.9925,2600.9495,1998.957007324219,train
2026-01-07 06:00:00,ZONE_A,0.0,3.8999045,5.828713,24.074923,603.4480352647006,600.5392,600.2931,596.7315,604.4391,606.1218,620.80646,2718.0046,2097.198142480469,train
2026-01-07 06:15:00,ZONE_A,0.0,3.1759317,21.213541,40.86279,608.3345925151036,603.7185,603.93756,586.1141,606.8944,625.1511,626.97687,2728.097,2101.120132324219,train
2026-01-07 06:30:00,ZONE_A,0.0,0.4801943,4.8039365,69.64159,602.4621243278058,599.15814,600.60864,591.5454,599.63837,605.4126,661.187,2718.2473,2057.06028828125,train
2026-01-07 06:45:00,ZONE_A,0.0,0.0,21.86976,91.36637,604.2569589955034,599.2884,588.4143,597.03577,599.2884,610.28406,688.40216,2757.374,2068.9718393554685,train
2026-01-07 07:00:00,ZONE_A,0.0,43.398487,66.61612,160.24298,597.4531539304455,587.7465,596.418,592.8727,631.145,663.0342,753.11566,2784.5398,2031.4241383789063,train
2026-01-07 07:15:00,ZONE_A,30.328861364513312,70.28583,111.23605,170.81442,592.1251800878956,598.3195,598.198,576.9347,668.60535,709.4341,747.74915,2846.2952,2098.5460544921875,train
2026-01-07 07:30:00,ZONE_A,62.33734378231024,97.00292,138.36084,243.54948,600.5690832724744,596.19434,598.65283,595.3654,693.19727,737.0137,838.9149,2837.464,1998.5490830078124,train
2026-01-07 07:45:00,ZONE_A,111.8784539792864,155.13942,183.05511,262.76764,597.9679225760362,596.2529,596.48413,587.62177,751.39233,779.53925,850.3894,2908.637,2058.247595703125,train
2026-01-07 08:00:00,ZONE_A,157.33107580029665,195.19264,238.47377,276.23718,611.413036917336,595.89984,603.29785,590.9481,791.09247,841.7716,867.1853,2954.7676,2087.582297265625,train
2026-01-07 08:15:00,ZONE_A,189.1511484207576,223.34169,267.7587,278.89868,602.2986686812549,598.1808,596.70306,558.93176,821.52246,864.4618,837.83044,2956.6301,2118.7996556640624,train
2026-01-07 08:30:00,ZONE_A,232.2750615926376,268.26935,272.29187,318.5866,609.4747698407658,589.87964,566.352,575.4263,858.149,838.64386,894.0129,3115.2341,2221.2212215820314,train
2026-01-07 08:45:00,ZONE_A,278.30119687780547,294.2881,305.85364,358.09393,598.7216715637807,592.02057,586.55176,568.744,886.30865,892.4054,926.83795,3017.365,2090.5270483398435,train
2026-01-07 09:00:00,ZONE_A,293.22389831047224,304.2175,325.9827,345.75952,588.1266631767817,584.54724,582.5444,524.33655,888.7648,908.5271,870.09607,2706.2314,1836.1353306640626,train
2026-01-07 09:15:00,ZONE_A,293.8541175251251,308.11948,343.4086,371.28314,590.8352711362483,566.41876,567.30664,468.45505,874.5382,910.7152,839.73816,2730.4116,1890.6734408203124,train
2026-01-07 09:30:00,ZONE_A,314.9573686100037,338.25143,330.6037,335.3837,597.9205075935707,567.30817,492.11414,546.32025,905.5596,822.71783,881.704,2685.1858,1803.4818205078127,train
2026-01-07 09:45:00,ZONE_A,325.7150941704114,339.72076,356.4619,359.00296,560.3407773565469,515.3798,453.53305,557.7001,855.1006,809.995,916.703,2711.366,1794.6629970703125,train
2026-01-07 10:00:00,ZONE_A,328.67683062064003,340.76358,338.94864,338.87,489.577021865604,481.3686,582.17804,410.48596,822.1322,921.1267,749.35596,2688.725,1939.36904296875,train
2026-01-07 10:15:00,ZONE_A,347.6154328519195,342.77975,354.31207,381.57947,385.2459885564261,525.81055,578.58167,480.5931,868.59033,932.89374,862.1726,2692.5151,1830.342492578125,train
2026-01-07 10:30:00,ZONE_A,335.5025747138436,348.1255,333.40582,369.31104,610.3618527208353,600.94183,450.9434,583.1786,949.0673,784.34924,952.4896,2749.8406,1797.3509759765625,train
2026-01-07 10:45:00,ZONE_A,348.6853130781868,328.8145,351.62903,378.86942,602.4519021472887,461.0553,538.572,562.89246,789.8698,890.20105,941.76184,2742.7615,1800.9996591796876,train
2026-01-07 11:00:00,ZONE_A,301.0943545053076,342.24677,346.50842,392.47604,433.764302036862,509.32217,570.2361,485.10715,851.569,916.7445,877.5832,2732.4414,1854.8582090820314,train
2026-01-07 11:15:00,ZONE_A,355.85650543774653,373.4623,378.13553,374.04062,578.459609087852,580.7535,557.11127,515.4284,954.2158,935.2468,889.469,2698.0981,1808.6291058593752,train
2026-01-07 11:30:00,ZONE_A,381.50154353455537,385.9547,389.3584,371.93048,603.4277337272717,578.48474,490.06317,527.77045,964.43945,879.4216,899.7009,2692.1917,1792.4907722656249,train
2026-01-07 11:45:00,ZONE_A,381.96188397621927,395.79684,370.12317,395.51382,568.0764545530834,484.2284,558.81604,360.14148,880.02527,928.9392,755.6553,2706.4575,1950.8022265625,train
2026-01-07 12:00:00,ZONE_A,380.1154734789262,370.64072,365.91855,383.64407,484.1829085543304,534.2957,527.9634,528.3477,904.9364,893.88196,911.9918,2667.6477,1755.6558787109375,train
2026-01-07 12:15:00,ZONE_A,335.835872176483,346.13245,385.52274,336.5149,542.5636348965103,536.4323,362.63046,504.44073,882.56476,748.1532,840.9556,2699.1765,1858.2208725585938,train
2026-01-07 12:30:00,ZONE_A,339.49613619563786,365.30356,355.5703,382.48886,515.2512514382346,412.1948,529.0998,521.4364,777.49835,884.6701,903.9253,2694.9868,1791.0615070312501,train
2026-01-07 12:45:00,ZONE_A,388.9733088356323,358.44125,361.0185,372.92584,354.8423538678181,465.92233,448.67203,536.1645,824.3636,809.69055,909.09033,2732.2402,1823.1498679687502,train
2026-01-07 13:00:00,ZONE_A,354.811080224638,345.91846,381.51913,383.4549,514.5690129978896,482.6718,529.7718,532.1253,828.5903,911.2909,915.5802,2693.5273,1777.9470998046877,train
2026-01-07 13:15:00,ZONE_A,329.8187874393357,375.2197,356.40057,369.86597,465.4094100953812,565.9417,556.3164,518.3346,941.1614,912.717,888.20056,2665.4338,1777.2332384765623,train
2026-01-07 13:30:00,ZONE_A,391.77726583536383,369.21335,403.81876,408.86432,607.8086227579255,587.14734,566.36957,548.36304,956.3607,970.18835,957.22736,2689.6448,1732.4174440429688,train
2026-01-07 13:45:00,ZONE_A,372.7954912861158,391.27014,398.568,386.5688,606.0248156660808,594.30493,583.6625,476.8928,985.5751,982.23047,863.46155,2687.146,1823.6844521484377,train
2026-01-07 14:00:00,ZONE_A,430.1599846519351,416.07812,403.4434,348.10388,593.1380992144501,588.9846,546.38983,423.85382,1005.06274,949.83325,771.9577,2687.0708,1915.1130973632812,train
2026-01-07 14:15:00,ZONE_A,431.0723220359954,435.46667,404.15308,369.88055,602.6101952560064,604.94775,499.24902,487.06012,1040.4144,903.4021,856.9407,2677.8667,1820.926026171875,train
2026-01-07 14:30:00,ZONE_A,440.7661792868888,416.54956,367.86267,338.0868,608.7483670485042,531.3679,471.65128,471.65625,947.9175,839.5139,809.74304,2682.8208,1873.0777580078125,train
2026-01-07 14:45:00,ZONE_A,403.9469426367604,370.48734,364.78366,319.07196,488.7340455785085,430.4857,482.07086,405.1706,800.973,846.8545,724.24255,2705.9375,1981.6949462890625,train
2026-01-07 15:00:00,ZONE_A,367.2918804111709,366.54068,335.04016,294.79623,441.1741252697089,432.42493,452.71912,510.7793,798.9656,787.7593,805.57556,2785.728,1980.1524384765626,train
2026-01-07 15:15:00,ZONE_A,374.0085224177206,343.91412,326.29608,269.95468,479.23903799612,448.2909,401.3291,506.88968,792.205,727.6252,776.84436,2804.3218,2027.4774396484377,train
2026-01-07 15:30:00,ZONE_A,329.7905824247397,313.19507,283.06708,229.39925,445.6706661303978,410.03867,522.7578,480.81287,723.23376,805.8249,710.2121,2798.273,2088.0609028320314,train
2026-01-07 15:45:00,ZONE_A,332.4853331913579,301.6136,282.59476,206.76855,414.965462319777,507.2345,503.16003,478.7667,808.8481,785.75476,685.5353,2786.7063,2101.1710216796873,train
2026-01-07 16:00:00,ZONE_A,292.82767440556773,257.47302,223.43414,143.38647,518.4446269634886,532.1316,473.16614,477.25027,789.6046,696.6003,620.6367,2793.899,2173.26228125,train
2026-01-07 16:15:00,ZONE_A,273.94445767200705,243.36998,196.52605,107.363754,516.011437264807,484.1194,528.4723,448.2091,727.4894,724.99835,555.5729,2793.754,2238.1811240234374,train
2026-01-07 16:30:00,ZONE_A,246.8405346828245,209.43153,160.28506,76.625404,452.2333636340412,478.87518,471.66446,337.83075,688.3067,631.9495,414.45615,2797.0676,2382.6114537597655,train
2026-01-07 16:45:00,ZONE_A,204.87477641187195,168.95476,126.85412,41.38682,518.9093878337524,494.98807,431.7732,358.56406,663.9428,558.6273,399.95087,2802.5757,2402.624833300781,train
2026-01-07 17:00:00,ZONE_A,159.0821420397241,115.721115,76.19005,0.0,533.2461012056344,448.46033,365.91983,480.0335,564.18146,442.10986,480.0335,2798.8416,2318.808091699219,train
2026-01-07 17:15:00,ZONE_A,105.32062016984176,64.592285,28.820997,0.0,323.80278224264424,336.70456,339.17752,388.86874,401.29684,367.9985,388.86874,2800.3818,2411.5130561035157,train
2026-01-07 17:30:00,ZONE_A,72.75018772470892,28.2886,3.0597546,0.0,350.70967380753285,376.1003,415.1311,450.03995,404.38892,418.19086,450.03995,2803.823,2353.7830524902342,train
2026-01-07 17:45:00,ZONE_A,35.058709739963206,0.0,0.0,0.0,382.3546738156434,413.96063,406.0474,429.16226,413.96063,406.0474,429.16226,2795.2708,2366.108538037109,train
2026-01-07 18:00:00,ZONE_A,0.0,14.536685,17.281107,6.945944,377.4829379850432,390.55573,410.79126,312.93616,405.0924,428.07236,319.8821,2808.4756,2488.593489404297,train
2026-01-07 18:15:00,ZONE_A,0.0,2.7301261,1.159181,0.0,456.02695000330766,459.97537,457.89633,339.72406,462.7055,459.0555,339.72406,2807.675,2467.9509399414064,train
2026-01-07 18:30:00,ZONE_A,0.0,0.0,1.4245026,8.37927,409.2898568005879,434.46286,321.72293,476.89816,434.46286,323.14743,485.27744,2800.0308,2314.7533646972656,train
2026-01-07 18:45:00,ZONE_A,0.0,0.0,0.0,0.0,426.21649861687234,346.3098,337.75735,450.9957,346.3098,337.75735,450.9957,2793.9307,2342.9350029785155,train
2026-01-07 19:00:00,ZONE_A,0.0,0.0,2.7813642,0.7878889,302.13788179572134,293.3904,434.94357,398.3253,293.3904,437.72495,399.1132,2803.974,2404.8608103027345,train
2026-01-07 19:15:00,ZONE_A,0.0,1.2498466,0.0,0.51501316,333.61524679321604,452.3583,409.9683,318.82245,453.60815,409.9683,319.33746,2802.8323,2483.494836621094,train
2026-01-07 19:30:00,ZONE_A,0.0,0.09714671,1.4060731,0.0,505.0279105897856,424.5135,445.4538,311.62027,424.61063,446.85986,311.62027,2792.5105,2480.8902302246092,train
2026-01-07 19:45:00,ZONE_A,0.0,0.0,0.0,0.0,406.7425166118944,385.9076,337.34006,316.46597,385.9076,337.34006,316.46597,2781.9038,2465.4378270996094,train
2026-01-07 20:00:00,ZONE_A,0.0,0.0,0.35672373,0.0,347.73662122658004,344.47702,325.02826,295.1732,344.47702,325.38498,295.1732,2636.3008,2341.1276127441406,train
2026-01-07 20:15:00,ZONE_A,0.0,0.10655903,0.0,0.0,303.24738244365994,297.29346,278.00903,409.58066,297.40002,278.00903,409.58066,2639.1572,2229.5765420410157,train
2026-01-07 20:30:00,ZONE_A,0.0,0.17475703,0.0,0.0,307.0829142544913,261.73532,263.1407,347.24557,261.91006,263.1407,347.24557,2622.7798,2275.534225048828,train
2026-01-07 20:45:00,ZONE_A,0.0,0.0,0.0,0.0,237.57147574791333,261.89163,333.93335,289.8781,261.89163,333.93335,289.8781,2589.0867,2299.208587207031,train
2026-01-07 21:00:00,ZONE_A,0.0,0.45923215,0.36165154,0.0,262.1397170249389,301.5107,326.0442,322.31552,301.96994,326.40585,322.31552,2572.9275,2250.6119787597654,train
2026-01-07 21:15:00,ZONE_A,0.0,0.15312135,0.0,0.0,319.1756889616708,345.5396,269.79327,452.04346,345.69272,269.79327,452.04346,2524.0571,2072.01364296875,train
2026-01-07 21:30:00,ZONE_A,0.0,0.30140537,0.0,0.060100608,361.0312448369188,304.35797,332.54062,372.33414,304.65936,332.54062,372.39423,2504.14,2131.745773925781,train
2026-01-07 21:45:00,ZONE_A,0.0,0.28146663,0.0,0.0,243.190542218736,290.5276,355.42947,439.70584,290.80905,355.42947,439.70584,2495.6711,2055.965258935547,train
2026-01-07 22:00:00,ZONE_A,0.0,0.23954087,0.36165154,0.349802,300.6122000408423,353.25958,400.17685,418.56696,353.4991,400.5385,418.91675,2498.3232,2079.406451953125,train
2026-01-07 22:15:00,ZONE_A,0.0,0.30140537,0.0,0.0,379.47509460672114,407.8161,483.61337,576.74896,408.1175,483.61337,576.74896,2403.5515,1826.8025375976563,train
2026-01-07 22:30:00,ZONE_A,0.0,0.0,0.0,0.0,454.9583083245206,469.30576,462.21356,582.0222,469.30576,462.21356,582.0222,2368.3003,1786.2780832031249,train
2026-01-07 22:45:00,ZONE_A,0.0,0.0,0.22487651,0.0,486.7319517281356,464.02356,582.0066,603.9212,464.02356,582.23145,603.9212,2372.4473,1768.5260963867186,train
2026-01-07 23:00:00,ZONE_A,0.0,0.39020267,0.24626672,0.0098221805,494.382105651012,596.008,590.1141,587.6522,596.3982,590.36035,587.66205,2346.0818,1758.4197516601562,train
2026-01-07 23:15:00,ZONE_A,0.0,0.0,0.0,0.060100608,595.8843808305242,582.9272,582.78156,579.8694,582.9272,582.78156,579.9295,2316.6904,1736.7608956054687,train
2026-01-07 23:30:00,ZONE_A,0.0,0.17475703,0.072618924,0.16040689,604.1388614588394,597.74054,594.3287,590.9523,597.9153,594.4013,591.1127,2338.235,1747.1223291015626,train
2026-01-07 23:45:00,ZONE_A,0.0,0.13318262,0.27097273,0.0,609.5603296134068,599.56683,598.9173,598.0038,599.7,599.1883,598.0038,2303.4487,1705.4449158203124,train
2026-01-08 00:00:00,ZONE_A,0.0,0.1826455,0.0,0.0,595.5854234521319,600.42566,589.7691,577.7379,600.6083,589.7691,577.7379,2300.387,1722.6490849609377,train
2026-01-08 00:15:00,ZONE_A,0.0,0.0,0.0,0.0,605.5182231340418,597.336,597.036,526.3997,597.336,597.036,526.3997,2294.06,1767.6602807617187,train
2026-01-08 00:30:00,ZONE_A,0.0,0.0,0.0,0.5570134,588.8218271313099,594.57434,589.665,476.06522,594.57434,589.665,476.62222,2289.0635,1812.4412770996096,train
2026-01-08 00:45:00,ZONE_A,0.0,0.0,0.9761549,1.370913,592.252491453851,587.9831,551.6523,425.94705,587.9831,552.6284,427.31796,2285.7097,1858.3917373535155,train
2026-01-08 01:00:00,ZONE_A,0.0,0.14763296,0.0,0.0,599.9150220145389,550.35986,482.22363,406.50613,550.5075,482.22363,406.50613,2298.421,1891.9148659667967,train
2026-01-08 01:15:00,ZONE_A,0.0,0.0,0.0,0.0,497.8485259937256,468.5084,411.93097,366.69043,468.5084,411.93097,366.69043,2291.5925,1924.9020703125002,train
2026-01-08 01:30:00,ZONE_A,0.0,0.0,0.0,0.5570134,463.5379448123889,407.58994,458.4901,310.48178,407.58994,458.4901,311.0388,2290.9868,1979.9480121582033,train
2026-01-08 01:45:00,ZONE_A,0.0,0.12041798,1.1064248,1.370913,366.2700507821455,366.4636,351.95645,243.89758,366.584,353.06287,245.2685,2288.6147,2043.3462063476563,train
2026-01-08 02:00:00,ZONE_A,0.0,0.34645838,0.0,0.0,331.8533042404278,332.01697,306.98203,144.16222,332.36343,306.98203,144.16222,2298.416,2154.2537838134767,train
2026-01-08 02:15:00,ZONE_A,0.0,0.047513798,0.0,0.0,310.19722215337003,299.7232,266.12256,161.04979,299.77072,266.12256,161.04979,2291.3127,2130.262910571289,train
2026-01-08 02:30:00,ZONE_A,0.0,0.041503515,0.0,0.96086544,308.7981173935771,248.24695,153.80171,195.96196,248.28845,153.80171,196.92282,2291.266,2094.343178955078,train
2026-01-08 02:45:00,ZONE_A,0.0,0.021564808,0.9761549,0.61820364,210.26025773360104,174.27765,170.70415,234.10846,174.29921,171.6803,234.72667,2287.8167,2053.0900306884764,train
2026-01-08 03:00:00,ZONE_A,0.0,0.05479005,0.0,0.0,143.06671207031607,150.37256,151.1305,168.25745,150.42735,151.1305,168.25745,2285.994,2117.7365537109376,train
2026-01-08 03:15:00,ZONE_A,0.0,0.041503515,0.0,0.0,155.6559773813828,149.31609,199.21005,241.29884,149.35759,199.21005,241.29884,2284.5603,2043.261456616211,train
2026-01-08 03:30:00,ZONE_A,0.0,0.041503515,0.0,0.5809308,123.88966552279923,158.06236,148.76907,260.6854,158.10387,148.76907,261.26633,2284.4463,2023.1799730957032,train
2026-01-08 03:45:00,ZONE_A,0.0,0.16220094,1.1064248,0.7112024,167.01768331491982,166.01613,216.15659,280.98834,166.17833,217.26302,281.69955,2285.5828,2003.8832455566408,train
2026-01-08 04:00:00,ZONE_A,0.0,0.20582226,0.26159704,0.0,178.0520319999463,213.44829,267.28622,262.61023,213.65411,267.54782,262.61023,2286.8845,2024.2742705078126,train
2026-01-08 04:15:00,ZONE_A,0.0,0.41899198,0.0,0.0,206.8530889319732,267.75143,258.3241,272.3437,268.17044,258.3241,272.3437,2290.4937,2018.1500110351562,train
2026-01-08 04:30:00,ZONE_A,0.0,0.0,0.0,0.75790596,298.6900945081043,295.66702,289.7291,351.57022,295.66702,289.7291,352.32812,2290.5327,1938.2045750000002,train
2026-01-08 04:45:00,ZONE_A,0.0,0.39905328,1.6988832,1.5718057,277.7944754985716,263.51157,303.0395,325.6548,263.9106,304.73837,327.2266,2285.0598,1957.8332069824219,train
2026-01-08 05:00:00,ZONE_A,0.0,4.376864,0.16369624,0.0,243.1017382669375,293.78882,306.36478,436.51935,298.16568,306.52847,436.51935,2411.036,1974.5166518554688,train
2026-01-08 05:15:00,ZONE_A,0.0,0.40886563,0.25975335,0.3928802,292.1583010903178,302.13074,315.39227,406.58582,302.5396,315.65204,406.9787,2594.4465,2187.4678012695313,train
2026-01-08 05:30:00,ZONE_A,0.0,0.0,0.58804476,2.4400375,330.31840211335066,328.14023,401.3126,404.9456,328.14023,401.90063,407.38562,2603.6196,2196.2339798828125,train
2026-01-08 05:45:00,ZONE_A,0.0,0.0,2.977554,7.157709,318.13695487775806,387.51883,386.66858,399.84656,387.51883,389.64612,407.00427,2608.3113,2201.3070275390623,train
2026-01-08 06:00:00,ZONE_A,0.0,4.121153,7.2859616,30.961237,434.4869724229672,436.19357,441.99588,341.61438,440.31473,449.28183,372.57562,2650.7495,2278.173877441406,train
2026-01-08 06:15:00,ZONE_A,0.0,2.3002224,3.0686617,75.44905,413.96593987731103,454.2974,451.90576,344.7513,456.59763,454.97443,420.20038,2729.5667,2309.366321582031,train
2026-01-08 06:30:00,ZONE_A,0.0,0.0,3.3030274,127.47908,409.3067338593482,413.9646,367.6086,365.6729,413.9646,370.91165,493.15198,2753.4,2260.2480224609376,train
2026-01-08 06:45:00,ZONE_A,0.0,1.3652799,51.180996,140.00958,419.7493574386829,355.3332,350.32028,465.29398,356.69846,401.50128,605.3036,2744.2168,2138.9132111328126,train
2026-01-08 07:00:00,ZONE_A,0.0,37.905685,68.74182,178.39647,344.1343272940034,336.0512,369.82617,388.10953,373.9569,438.568,566.506,2803.0984,2236.5924185546874,train
2026-01-08 07:15:00,ZONE_A,74.31535139775056,135.38924,200.28253,340.08237,353.45795751454,384.69427,429.27023,445.8757,520.0835,629.55273,785.95807,2850.5994,2064.641331152344,train
2026-01-08 07:30:00,ZONE_A,148.67919534032416,207.47784,276.71115,385.15176,463.0942201130953,481.02747,424.56403,505.8399,688.5053,701.27515,890.9917,2849.7075,1958.71580078125,train
2026-01-08 07:45:00,ZONE_A,218.86351203339424,286.75024,341.2263,471.7384,504.55464174254695,465.01865,493.06296,574.8494,751.7689,834.28925,1046.5879,2947.0305,1900.4426093749998,train
2026-01-08 08:00:00,ZONE_A,295.0645255163817,346.27908,423.5122,543.0414,518.4975149238785,523.5781,506.99738,581.11566,869.8572,930.5096,1124.157,2938.426,1814.269017578125,train
2026-01-08 08:15:00,ZONE_A,359.3705590879195,424.46317,481.46927,600.08685,498.2033180554501,498.28827,552.4673,581.5719,922.75146,1033.9365,1181.6587,3008.4526,1826.79390859375,train
2026-01-08 08:30:00,ZONE_A,438.27051972476784,477.70462,556.72363,666.92865,527.5553734001296,573.74207,569.4546,580.08716,1051.4467,1126.1782,1247.0159,2986.2253,1739.209430859375,train
2026-01-08 08:45:00,ZONE_A,491.1741443584829,563.39355,610.5986,699.57355,603.4964627474133,596.1619,571.54456,552.82056,1159.5554,1182.1431,1252.394,3026.8257,1774.4316570312499,train
2026-01-08 09:00:00,ZONE_A,571.9458492846246,615.70844,676.9287,789.6313,597.2090775746694,586.6344,600.8904,567.67975,1202.3428,1277.8191,1357.311,2700.5928,1343.28176484375,train
2026-01-08 09:15:00,ZONE_A,614.2645548199921,663.68567,717.43994,807.2486,598.2456856445062,591.4383,574.19586,556.68713,1255.124,1291.6357,1363.9358,2690.411,1326.475208984375,train
2026-01-08 09:30:00,ZONE_A,679.2886492012884,733.2091,773.5571,840.01843,597.8667030581751,588.97253,585.22424,402.67343,1322.1816,1358.7814,1242.6919,2685.3176,1442.6257054687499,train
2026-01-08 09:45:00,ZONE_A,744.1146145985512,783.40704,825.2423,817.8645,603.0147638708468,595.27185,581.43396,517.59674,1378.679,1406.6763,1335.4612,2714.2566,1378.7954183593752,train
2026-01-08 10:00:00,ZONE_A,776.911705389291,835.98895,850.0643,533.1756,593.7836837189907,586.7483,431.32498,354.89862,1422.7373,1281.3893,888.0742,2690.8826,1802.80838125,train
2026-01-08 10:15:00,ZONE_A,847.1342832508344,869.82745,866.37775,595.5798,603.6758075419853,438.75327,500.78012,369.71,1308.5807,1367.1578,965.2898,2703.342,1738.052205078125,train
2026-01-08 10:30:00,ZONE_A,867.0460709785656,868.7161,512.61975,572.9083,413.3007148927837,460.7134,328.09598,411.97617,1329.4296,840.7157,984.8845,2691.5051,1706.6205785156249,train
2026-01-08 10:45:00,ZONE_A,891.4289057989043,554.17334,608.414,666.2837,459.2658213771063,356.05655,381.56866,401.19482,910.22986,989.98267,1067.4785,2693.4148,1625.936284375,train
2026-01-08 11:00:00,ZONE_A,492.6350972361661,559.1407,572.3954,570.9529,297.11563456270534,318.4131,327.44897,356.42194,877.5538,899.84436,927.3748,2680.093,1752.7181831054686,train
2026-01-08 11:15:00,ZONE_A,550.7932248033236,562.09247,623.333,672.41797,340.9499252850467,370.5649,377.15796,420.3037,932.65735,1000.49097,1092.7217,2700.476,1607.7543203125,train
2026-01-08 11:30:00,ZONE_A,563.4338139851278,610.1297,563.9129,676.2327,322.4211184786692,350.4716,348.72125,396.81442,960.6013,912.63416,1073.0471,2693.0308,1619.983680859375,train
2026-01-08 11:45:00,ZONE_A,631.0123284811899,561.3313,673.8648,599.4117,374.5457255580927,357.0575,389.91837,413.57623,918.3888,1063.7832,1012.9879,2702.5,1689.5120849609375,train
2026-01-08 12:00:00,ZONE_A,535.7303687806577,668.4569,655.70605,551.3476,339.62269463468374,386.04797,402.09058,376.55295,1054.5049,1057.7966,927.9005,2678.1797,1750.2791873046876,train
2026-01-08 12:15:00,ZONE_A,674.7209206188315,685.09705,588.8028,587.71783,385.5660215221309,419.4787,378.0948,438.39862,1104.5757,966.8976,1026.1165,2673.521,1647.4045449218752,train
2026-01-08 12:30:00,ZONE_A,692.8300779098352,622.07135,556.9358,559.4193,405.7066582713902,385.08978,371.41995,448.12308,1007.16113,928.3557,1007.54236,2669.5405,1661.9981416015626,train
2026-01-08 12:45:00,ZONE_A,575.6490539656321,535.5205,567.6525,561.9104,337.2335043852019,339.55502,383.7561,389.10895,875.07556,951.4086,951.01935,2666.0852,1715.0658518554687,train
2026-01-08 13:00:00,ZONE_A,530.429840238376,558.05963,533.57855,552.82935,315.965389690813,356.873,362.55664,410.43344,914.9326,896.1352,963.2628,2673.7224,1710.4595826171876,train
2026-01-08 13:15:00,ZONE_A,573.4684059508457,557.15796,585.15765,732.48334,375.16539188820366,384.2715,400.02402,525.61035,941.42944,985.18164,1258.0938,2672.145,1414.05125,train
2026-01-08 13:30:00,ZONE_A,523.9861385722805,541.9063,554.736,683.24133,341.31134913285155,382.31122,380.85104,535.8429,924.2175,935.58704,1219.0842,2677.8887,1458.804471484375,train
2026-01-08 13:45:00,ZONE_A,560.8503478980721,554.639,733.28046,701.6621,360.1156401463532,392.30148,549.4265,549.8997,946.9404,1282.707,1251.5618,2676.1055,1424.5437324218751,train
2026-01-08 14:00:00,ZONE_A,555.1152271490893,740.9284,694.6639,636.00085,377.9421558994671,526.4038,531.25366,533.5343,1267.3323,1225.9175,1169.5352,2669.3564,1499.8212437500001,train
2026-01-08 14:15:00,ZONE_A,808.5997385145566,764.1793,751.1195,642.7863,610.6630962493832,589.91455,588.1867,595.4446,1354.0939,1339.3062,1238.231,2677.8865,1439.65554296875,train
2026-01-08 14:30:00,ZONE_A,760.9891747566717,755.42694,701.7448,624.67377,602.6124833039294,600.7406,596.7891,584.52325,1356.1675,1298.5339,1209.197,2691.7256,1482.5285785156252,train
2026-01-08 14:45:00,ZONE_A,761.1804945787668,717.6524,663.4573,575.45593,595.932766818002,598.5734,600.788,587.2131,1316.2258,1264.2454,1162.669,2696.6543,1533.9853546875001,train
2026-01-08 15:00:00,ZONE_A,695.2592830945066,641.41174,599.487,476.9289,592.3489482997292,595.54803,579.29,572.0716,1236.9597,1178.777,1049.0005,2794.4453,1745.4448117187499,train
2026-01-08 15:15:00,ZONE_A,637.4375848409769,588.5058,543.1956,406.7659,610.2094281802148,587.87085,586.7218,585.6283,1176.3767,1129.9175,992.39417,2795.2366,1802.8424349609377,train
2026-01-08 15:30:00,ZONE_A,599.9765444788499,547.9436,469.16754,347.4518,600.5915319102388,586.80786,581.43024,576.02057,1134.7515,1050.5978,923.4724,2784.4312,1860.958787890625,train
2026-01-08 15:45:00,ZONE_A,549.7455651856907,475.40488,421.19498,308.44995,598.9654070523518,578.1999,586.1748,551.7182,1053.6047,1007.36975,860.16815,2791.7544,1931.586248144531,train
2026-01-08 16:00:00,ZONE_A,473.8137237377112,418.58536,353.34836,231.82352,508.0566743614101,555.3737,533.6635,523.32074,973.9591,887.01184,755.1443,2794.2976,2039.1533128906249,train
2026-01-08 16:15:00,ZONE_A,410.3530038840706,346.07846,302.32138,192.81938,591.003088309819,587.07697,567.61053,496.83685,933.1554,869.9319,689.65625,2783.1748,2093.51855,train
2026-01-08 16:30:00,ZONE_A,349.1520546435752,299.51172,245.30566,134.48254,596.1600958962686,582.4299,564.84955,426.2505,881.9416,810.1552,560.73303,2798.7615,2238.0284677734376,train
2026-01-08 16:45:00,ZONE_A,298.90470461764363,244.49765,195.91971,72.88119,597.1780162026217,572.2446,498.583,383.40405,816.7423,694.5027,456.28525,2793.854,2337.5687521972654,train
2026-01-08 17:00:00,ZONE_A,233.6574284139517,180.02975,123.36813,3.732524,596.579292029786,529.42737,447.31198,334.88278,709.45715,570.6801,338.6153,2794.4404,2455.8251045898437,train
2026-01-08 17:15:00,ZONE_A,188.1547510740947,131.59131,69.885216,0.6809933,501.32625642695376,442.21658,394.68036,337.37137,573.80786,464.56558,338.05237,2797.7827,2459.7303318359377,train
2026-01-08 17:30:00,ZONE_A,124.11362681709006,67.82161,12.30236,0.9910112,385.61146034085385,353.45792,298.95306,253.93784,421.27954,311.25543,254.92885,2803.5352,2548.6063517333982,train
2026-01-08 17:45:00,ZONE_A,62.543414435392776,5.4121013,0.0,0.0,309.9433577635514,274.1621,297.33813,321.49753,279.57422,297.33813,321.49753,2800.475,2478.977471923828,train
2026-01-08 18:00:00,ZONE_A,0.0,0.0,0.0,0.0,262.5292927891977,266.46582,260.3457,389.84308,266.46582,260.3457,389.84308,2806.262,2416.418921386719,train
2026-01-08 18:15:00,ZONE_A,0.0,1.2543349,0.20881575,0.0,284.82919691805813,272.7665,321.4852,475.0565,274.02084,321.694,475.0565,2801.6545,2326.5980119628907,train
2026-01-08 18:30:00,ZONE_A,0.0,0.0,0.6076237,0.0,243.4704252976994,290.02356,362.10065,392.6252,290.02356,362.70828,392.6252,2801.5469,2408.921686376953,train
2026-01-08 18:45:00,ZONE_A,0.0,0.0,0.0,0.0,357.7392732649189,389.91406,473.93427,572.88885,389.91406,473.93427,572.88885,2804.997,2232.108145019531,train
2026-01-08 19:00:00,ZONE_A,0.0,4.76761,4.5252438,0.0,440.2312826024267,494.3297,473.60287,559.25714,499.09732,478.1281,559.25714,2801.651,2242.3938588867186,train
2026-01-08 19:15:00,ZONE_A,0.0,0.0,0.0,0.13253348,515.2219462144864,509.3641,586.8201,587.3289,509.3641,586.8201,587.4614,2804.2244,2216.76297421875,train
2026-01-08 19:30:00,ZONE_A,0.0,0.0,0.0,0.0,512.0042654230991,547.1214,554.7328,582.51904,547.1214,554.7328,582.51904,2798.7703,2216.25125703125,train
2026-01-08 19:45:00,ZONE_A,0.0,0.0,0.0,0.0,605.6644000331468,592.3106,598.85095,593.63367,592.3106,598.85095,593.63367,2813.3503,2219.7166330078126,train
2026-01-08 20:00:00,ZONE_A,0.0,0.0,0.0,0.0,598.8308463732468,595.4321,588.605,595.67834,595.4321,588.605,595.67834,2647.659,2051.9806552734376,train
2026-01-08 20:15:00,ZONE_A,0.0,0.0,0.0,0.0,590.0852393429253,593.63885,578.447,587.5781,593.63885,578.447,587.5781,2646.5732,2058.995075,train
2026-01-08 20:30:00,ZONE_A,0.0,0.0,0.0,0.0,610.0554539569705,597.3253,587.39465,593.44684,597.3253,587.39465,593.44684,2626.934,2033.487161621094,train
2026-01-08 20:45:00,ZONE_A,0.0,0.0979354,0.0,0.0,610.3057251920255,595.9972,594.8892,584.00366,596.09515,594.8892,584.00366,2616.9988,2032.9951378906248,train
2026-01-08 21:00:00,ZONE_A,0.0,0.11627247,0.17400652,0.0,593.2979100085018,599.81146,596.9375,593.5716,599.92773,597.1115,593.5716,2559.3682,1965.7966057617186,train
2026-01-08 21:15:00,ZONE_A,0.0,0.1739335,0.0,0.0,600.2160944364778,597.3262,596.8005,603.2208,597.5001,596.8005,603.2208,2508.1628,1904.9419748046876,train
2026-01-08 21:30:00,ZONE_A,0.0,0.17691654,0.0,6.9746733,596.0333600682275,596.48895,594.3678,572.82166,596.6659,594.3678,579.7963,2474.8525,1895.0561743164062,train
2026-01-08 21:45:00,ZONE_A,0.0,0.065096915,0.0,0.0,597.2165461224295,595.93677,599.934,572.7181,596.0019,599.934,572.7181,2459.411,1886.6929213867188,train
2026-01-08 22:00:00,ZONE_A,0.0,0.3923622,3.873795,0.0,607.8185684592381,597.8693,586.62024,604.9165,598.26166,590.494,604.9165,2433.36,1828.4434960937501,train
2026-01-08 22:15:00,ZONE_A,0.0,1.7737937,0.0,0.0,607.4177634527009,589.96173,589.3693,598.2038,591.73553,589.3693,598.2038,2402.2837,1804.0799036132812,train
2026-01-08 22:30:00,ZONE_A,0.0,0.0,0.0,0.0,593.2231656447066,561.9095,579.93604,546.7765,561.9095,579.93604,546.7765,2365.0696,1818.2931107421873,train
2026-01-08 22:45:00,ZONE_A,0.0,0.0,0.0,0.0,594.286621572306,593.78076,587.76575,582.6232,593.78076,587.76575,582.6232,2315.03,1732.4067700195315,train
2026-01-08 23:00:00,ZONE_A,0.0,0.3923622,0.3306144,0.0,599.7316032216434,593.3664,586.47986,593.13824,593.7587,586.8105,593.13824,2307.7224,1714.5841553710939,train
2026-01-08 23:15:00,ZONE_A,0.0,0.019874059,0.20542124,0.0,596.522261835282,586.8273,593.73413,573.7844,586.84717,593.9396,573.7844,2301.1238,1727.3393761718748,train
2026-01-08 23:30:00,ZONE_A,0.0,0.019874059,0.0,0.0,598.9050788270888,592.0413,601.0628,593.93695,592.0612,601.0628,593.93695,2300.7288,1706.7918493164061,train
2026-01-08 23:45:00,ZONE_A,0.0,0.0,0.0,0.0,596.1615511350706,591.99945,559.4427,593.271,591.99945,559.4427,593.271,2305.114,1711.84300390625,train
2026-01-09 00:00:00,ZONE_A,0.0,0.14763296,0.0,0.0,592.6510087658486,585.19385,576.7433,588.15454,585.3415,576.7433,588.15454,2287.5583,1699.4037589843751,train
2026-01-09 00:15:00,ZONE_A,0.0,0.0,0.0,0.0,595.0165830106145,594.4869,595.12067,585.2946,594.4869,595.12067,585.2946,2288.26,1702.9653833007815,train
2026-01-09 00:30:00,ZONE_A,0.0,0.0,0.0,0.49532261,600.738516051485,595.33295,594.37823,595.3321,595.33295,594.37823,595.8274,2300.1987,1704.371307421875,train
2026-01-09 00:45:00,ZONE_A,0.0,0.0,0.9761549,1.3092222,598.4519822966924,596.5412,591.9684,537.69684,596.5412,592.9445,539.00604,2311.5437,1772.5376575195314,train
2026-01-09 01:00:00,ZONE_A,0.0,0.17349443,0.0,0.0,593.3780105600414,594.20166,597.7308,551.9856,594.3752,597.7308,551.9856,2292.3254,1740.3398042968752,train
2026-01-09 01:15:00,ZONE_A,0.0,0.17798975,0.0,0.0,597.447681976426,594.6712,552.6546,590.4198,594.8492,552.6546,590.4198,2291.9524,1701.5326001953126,train
2026-01-09 01:30:00,ZONE_A,0.0,0.0091757225,0.0,0.5570134,574.0332672701884,524.30237,524.198,534.722,524.3115,524.198,535.279,2288.1128,1752.8338083007811,train
2026-01-09 01:45:00,ZONE_A,0.0,0.0,0.47460288,1.4415702,489.4826893361803,562.6887,583.9223,589.4626,562.6887,584.3969,590.9042,2293.705,1702.8008251953124,train
2026-01-09 02:00:00,ZONE_A,0.0,0.0,0.026009716,0.0,597.0327732898211,594.7025,580.6286,561.66656,594.7025,580.6546,561.66656,2290.1355,1728.4689350585936,train
2026-01-09 02:15:00,ZONE_A,0.0,0.17798975,0.0,0.0,611.1446397102966,589.8346,603.38635,599.2748,590.0126,603.38635,599.2748,2296.9558,1697.6810197265627,train
2026-01-09 02:30:00,ZONE_A,0.0,0.018326787,0.0,0.5570134,605.2501551050696,597.3095,595.5669,601.9155,597.3278,595.5669,602.47253,2290.8833,1688.4107658203125,train
2026-01-09 02:45:00,ZONE_A,0.0,0.0,0.9761549,1.370913,608.8302419337218,591.16815,603.5718,598.81134,591.16815,604.5479,600.18225,2294.857,1694.6747490234375,train
2026-01-09 03:00:00,ZONE_A,0.0,0.1826455,0.0,0.0,608.3994657597457,595.7103,601.48663,592.96594,595.89294,601.48663,592.96594,2285.7063,1692.7403576171873,train
2026-01-09 03:15:00,ZONE_A,0.0,0.14035666,0.0,0.0,602.144396605015,600.0809,599.31793,593.13885,600.22125,599.31793,593.13885,2283.0286,1689.8897450195313,train
2026-01-09 03:30:00,ZONE_A,0.0,0.0,0.0,0.36773103,601.879491517465,598.50525,598.95544,596.5046,598.50525,598.95544,596.8723,2283.1077,1686.235385546875,train
2026-01-09 03:45:00,ZONE_A,0.0,0.0,1.3294799,1.2907466,599.9774592963754,598.4491,599.80585,596.031,598.4491,601.1353,597.3218,2282.8452,1685.5234226562502,train
2026-01-09 04:00:00,ZONE_A,0.0,0.20582226,0.0,0.0,599.7408796446063,598.2897,598.625,549.3384,598.4955,598.625,549.3384,2281.5037,1732.1653210937502,train
2026-01-09 04:15:00,ZONE_A,0.0,0.041503515,0.0,0.0,606.9971699014156,598.9748,599.94226,597.1031,599.0163,599.94226,597.1031,2286.3257,1689.2226116210936,train
2026-01-09 04:30:00,ZONE_A,0.0,0.18213968,0.0,0.75790596,591.5002960695055,599.0196,567.71674,597.0465,599.2017,567.71674,597.80444,2282.2932,1684.488756640625,train
2026-01-09 04:45:00,ZONE_A,0.0,0.1261812,1.1064248,1.3491126,593.9329155195926,581.5278,595.7746,589.07806,581.65393,596.88104,590.4272,2278.1624,1687.7352149414064,train
2026-01-09 05:00:00,ZONE_A,0.0,0.31043863,0.4354681,0.84245706,521.268132384114,577.2696,574.5772,573.7628,577.58,575.0127,574.6053,2586.5525,2011.9472143554685,train
2026-01-09 05:15:00,ZONE_A,0.0,0.18213968,0.0,6.6501017,597.0896166310181,596.58905,601.9562,581.6995,596.7712,601.9562,588.3496,2593.2483,2004.8986906250002,train
2026-01-09 05:30:00,ZONE_A,0.0,0.041503515,0.0,0.6474918,604.8987400096281,598.4367,591.8606,588.64484,598.4782,591.8606,589.29236,2600.0022,2010.7098416015624,train
2026-01-09 05:45:00,ZONE_A,0.0,0.15384942,0.9761549,7.04369,600.5035878471608,592.55646,565.8255,573.8676,592.7103,566.80164,580.9113,2609.6426,2028.7312840820314,train
2026-01-09 06:00:00,ZONE_A,0.0,4.636078,4.2947283,44.05063,602.7384441727974,576.5053,589.75,563.23987,581.14136,594.04474,607.2905,2680.0532,2072.76267265625,train
2026-01-09 06:15:00,ZONE_A,0.0,0.15189533,5.847575,36.180546,595.0724048846965,586.09296,573.391,565.739,586.2449,579.2386,601.91956,2723.6135,2121.6939443359374,train
2026-01-09 06:30:00,ZONE_A,0.0,1.1253513,4.744909,96.12564,592.070550687113,593.644,592.61835,594.20935,594.76935,597.3633,690.33496,2761.813,2071.4780390625,train
2026-01-09 06:45:00,ZONE_A,0.0,0.0,18.939968,123.99929,598.6525059926983,588.1891,542.6493,560.5913,588.1891,561.58923,684.5906,2750.5415,2065.950923828125,train
2026-01-09 07:00:00,ZONE_A,0.0,30.48999,88.347565,190.58556,592.2896252586119,579.58716,584.57605,519.33246,610.07715,672.9236,709.918,2790.405,2080.486970214844,train
2026-01-09 07:15:00,ZONE_A,64.14426342925303,126.0081,171.26434,266.02026,607.1900428532555,591.4804,580.2853,523.0489,717.4885,751.5496,789.06915,2825.7874,2036.718247167969,train
2026-01-09 07:30:00,ZONE_A,124.5390076550558,176.98584,220.33833,305.33942,596.0897232519776,589.1769,560.17346,512.9345,766.1627,780.5118,818.2739,2872.3586,2054.08467421875,train
2026-01-09 07:45:00,ZONE_A,177.4430264857996,221.55873,262.43195,341.20972,604.2859285911557,575.0527,549.4085,537.3445,796.6114,811.84045,878.5542,2921.8318,2043.27760078125,train
2026-01-09 08:00:00,ZONE_A,231.88716124098292,277.6033,327.5256,408.99176,552.953767794587,516.2976,462.40378,546.0993,793.9009,789.9294,955.09106,2937.7537,1982.6626355468752,train
2026-01-09 08:15:00,ZONE_A,275.9179151388224,331.80225,355.33804,446.24603,518.7875428959262,491.91275,508.19183,419.5491,823.71497,863.5299,865.79517,2953.9834,2088.188233984375,train
2026-01-09 08:30:00,ZONE_A,324.6751687409354,359.0723,413.583,439.5509,425.30645135194607,490.56702,532.12463,384.97986,849.6393,945.70764,824.53076,3010.3455,2185.81473828125,train
2026-01-09 08:45:00,ZONE_A,360.4704571175648,420.83572,449.62476,489.6176,431.4203647160268,523.69507,399.04343,350.84656,944.53076,848.6682,840.4642,3047.1404,2206.676227636719,train
2026-01-09 09:00:00,ZONE_A,407.9580204897428,444.71747,473.6054,506.781,561.8625135461665,442.80566,410.7496,436.0658,887.52313,884.355,942.8468,2729.3281,1786.4812982421877,train
2026-01-09 09:15:00,ZONE_A,431.7557372773557,456.6706,500.95355,560.5491,407.07083187300384,392.13898,332.01782,369.54602,848.8096,832.9714,930.0951,2679.2417,1749.1466072265625,train
2026-01-09 09:30:00,ZONE_A,424.46908575362096,473.2991,486.84012,496.25082,345.7089137405203,322.0036,358.6822,393.91898,795.30273,845.52234,890.1698,2691.725,1801.5552001953124,train
2026-01-09 09:45:00,ZONE_A,474.3233017165744,488.0878,532.5199,570.8404,296.53784695462565,299.98752,338.88812,321.75253,788.0753,871.408,892.5929,2696.4373,1803.8444044921876,train
2026-01-09 10:00:00,ZONE_A,479.282715473895,510.3536,511.16617,522.54926,274.5627339652859,325.71155,323.6226,295.67722,836.0652,834.78876,818.22644,2776.972,1958.7455595703127,train
2026-01-09 10:15:00,ZONE_A,487.9342614442756,499.39664,558.98303,582.2979,329.5061300523552,343.45682,322.14893,304.51236,842.85345,881.13196,886.8103,2705.095,1818.2846972656248,train
2026-01-09 10:30:00,ZONE_A,508.4117229737128,556.9866,524.7596,539.5667,308.6695683588832,306.4022,305.78818,344.80832,863.3888,830.5477,884.375,2716.334,1831.9589999999998,train
2026-01-09 10:45:00,ZONE_A,588.3935134446053,538.33093,590.3808,548.9444,352.3466347911904,319.21237,337.9165,362.0095,857.54333,928.2973,910.95386,2687.148,1776.1941425781251,train
2026-01-09 11:00:00,ZONE_A,517.9477692748856,553.2847,541.3558,558.8231,292.988230232327,310.6855,356.5101,341.29718,863.9702,897.86584,900.1203,2703.7761,1803.6557997070313,train
2026-01-09 11:15:00,ZONE_A,561.3223832905785,557.10864,551.8547,584.6246,316.2658453314485,341.5516,334.09286,351.12994,898.6603,885.9475,935.7545,2736.5999,1800.8453833984377,train
2026-01-09 11:30:00,ZONE_A,565.4428018951733,558.7985,595.1558,603.6222,377.28404413127146,352.1058,355.9922,389.51086,910.9043,951.148,993.13306,2704.3833,1711.250243359375,train
2026-01-09 11:45:00,ZONE_A,539.0468238153541,545.40643,565.9906,644.49817,315.31761160509853,350.4338,327.66037,468.12912,895.8402,893.651,1112.6273,2728.9192,1616.2918806640623,train
2026-01-09 12:00:00,ZONE_A,569.9154375603563,575.9143,594.55023,635.51825,381.4038052186543,388.24078,435.98206,494.4724,964.1551,1030.5322,1129.9907,2679.0613,1549.0705773437498,train
2026-01-09 12:15:00,ZONE_A,607.9385308872523,612.0953,637.2119,598.8904,377.35414532391655,437.03796,452.03943,469.27686,1049.1333,1089.2513,1068.1672,2737.1382,1668.9709636718749,train
2026-01-09 12:30:00,ZONE_A,609.1295014309967,622.27606,630.24536,604.6259,467.68135702300987,467.63562,517.03925,496.55197,1089.9116,1147.2847,1101.1779,2780.517,1679.3391435546873,train
2026-01-09 12:45:00,ZONE_A,672.5569924162887,673.3099,627.9824,666.73926,462.2503426182719,476.93484,491.97754,474.2648,1150.2448,1119.96,1141.004,2686.674,1545.6699716796875,train
2026-01-09 13:00:00,ZONE_A,670.456833206964,646.36993,627.0695,589.1718,488.94026465930494,485.48843,502.67297,518.2232,1131.8584,1129.7424,1107.395,2682.5166,1575.12158046875,train
2026-01-09 13:15:00,ZONE_A,647.325508593536,630.7883,634.01337,542.6016,490.873382670648,501.1177,497.25168,383.30032,1131.906,1131.265,925.902,2731.4316,1805.5296224609374,train
2026-01-09 13:30:00,ZONE_A,631.8618286286046,649.82837,617.6445,494.85803,471.350298755553,489.3212,535.08124,528.2675,1139.1495,1152.7257,1023.12555,2750.5276,1727.4020506835936,train
2026-01-09 13:45:00,ZONE_A,679.3315671810709,651.8817,587.47437,547.05206,501.2407189143554,528.6823,409.04312,506.43378,1180.564,996.51746,1053.4858,2685.5505,1632.0646601562498,train
2026-01-09 14:00:00,ZONE_A,612.2943006862515,570.48816,500.67465,452.3398,550.6921724261354,445.73312,561.3256,320.90494,1016.2213,1062.0002,773.24475,2689.9585,1916.7137490234377,train
2026-01-09 14:15:00,ZONE_A,578.7082308021303,534.767,517.7951,452.28397,437.24290402849886,535.42145,455.74942,411.81607,1070.1885,973.54456,864.10004,2685.3562,1821.2561633789064,train
2026-01-09 14:30:00,ZONE_A,516.5928823454793,494.5998,472.7979,407.99716,582.279818542752,474.0701,348.30197,456.87064,968.6699,821.09985,864.8678,2680.2615,1815.3937021484376,train
2026-01-09 14:45:00,ZONE_A,506.1096574287478,475.31793,449.2211,406.53577,405.531164829346,328.34607,408.31888,393.7971,803.664,857.54,800.3329,2677.8435,1877.5106142578124,train
2026-01-09 15:00:00,ZONE_A,493.87946373742153,462.90494,425.39682,339.6916,340.71847157996353,356.59384,364.24554,315.1445,819.4988,789.64233,654.83606,2800.3936,2145.5575404296874,train
2026-01-09 15:15:00,ZONE_A,457.8315712539384,414.41165,405.16278,328.221,329.94438244918814,386.00967,430.424,267.4292,800.4213,835.5868,595.6502,2797.5159,2201.8656924804686,train
2026-01-09 15:30:00,ZONE_A,432.6413110633158,403.5781,352.1723,296.93365,375.24657362539335,438.84042,326.16037,322.72525,842.4185,678.33264,619.65894,2802.272,2182.613064453125,train
2026-01-09 15:45:00,ZONE_A,431.5480776604021,373.4074,353.35907,265.38333,509.5738983850919,390.06653,341.85315,252.92416,763.47394,695.2122,518.3075,2809.4734,2291.1659048828124,train
2026-01-09 16:00:00,ZONE_A,350.8385105768374,316.34857,286.5226,191.02965,340.92552315327066,294.81342,269.41812,202.77928,611.162,555.94073,393.80893,2796.4487,2402.6397705566405,train
2026-01-09 16:15:00,ZONE_A,326.90224500716243,289.76587,249.5039,151.77191,305.5846319511561,241.31584,236.04933,302.08282,531.0817,485.55322,453.85474,2794.894,2341.039263671875,train
2026-01-09 16:30:00,ZONE_A,311.6561961500708,262.8159,215.56834,116.844025,180.39765258261224,184.92255,179.76587,287.43015,447.73843,395.33423,404.27417,2795.8884,2391.614230078125,train
2026-01-09 16:45:00,ZONE_A,238.29884797285013,193.75137,155.13919,50.366646,182.77139171707373,176.90103,277.3841,358.9185,370.6524,432.5233,409.28513,2795.5552,2386.270074267578,train
2026-01-09 17:00:00,ZONE_A,199.2570482030344,152.26166,107.00014,13.516854,201.3110059920364,262.81766,280.60178,339.7146,415.0793,387.60193,353.23145,2814.4734,2461.2419546875,train
2026-01-09 17:15:00,ZONE_A,160.32757855326187,110.116745,54.782234,13.64595,296.05547290875813,307.22742,361.26266,341.50995,417.34418,416.0449,355.15588,2797.121,2441.9651162109376,train
2026-01-09 17:30:00,ZONE_A,114.0284334665527,57.56626,10.89866,0.0,308.9785170374673,326.5467,337.5668,320.8487,384.11295,348.46545,320.8487,2806.3037,2485.4550061523437,train
2026-01-09 17:45:00,ZONE_A,51.81851802605141,0.6661681,0.0,0.0,386.796575676444,406.64743,380.01413,323.37665,407.3136,380.01413,323.37665,2800.5117,2477.1350520507813,train
2026-01-09 18:00:00,ZONE_A,0.0,0.0,0.0,0.0,432.36384112490015,389.87274,334.75507,296.3447,389.87274,334.75507,296.3447,2803.4736,2507.128903955078,train
2026-01-09 18:15:00,ZONE_A,0.0,0.0,0.0,0.0,394.3203658044868,343.35886,345.87698,371.98322,343.35886,345.87698,371.98322,2795.0288,2423.045584667969,train
2026-01-09 18:30:00,ZONE_A,0.0,0.0,1.1805083,0.0,284.9356531095201,304.0822,280.52777,306.29636,304.0822,281.70828,306.29636,2804.343,2498.046643798828,train
2026-01-09 18:45:00,ZONE_A,0.0,0.0,0.8779018,2.0136287,306.76456221896456,249.91063,320.95837,411.53513,249.91063,321.83627,413.54877,2810.9573,2397.4085329101563,train
2026-01-09 19:00:00,ZONE_A,0.0,0.0,0.65375626,0.12551919,208.42184165594733,264.69458,287.6642,353.30154,264.69458,288.31796,353.42706,2787.5146,2434.0875370117187,train
2026-01-09 19:15:00,ZONE_A,0.0,0.0,0.0,0.0,290.7001097107288,304.12906,371.0651,387.03302,304.12906,371.0651,387.03302,2779.5286,2392.495579980469,train
2026-01-09 19:30:00,ZONE_A,0.0,1.46377,0.0,0.0,278.9134486762793,341.63766,319.44934,297.81314,343.10144,319.44934,297.81314,2794.7778,2496.964659130859,train
2026-01-09 19:45:00,ZONE_A,0.0,0.0,1.2865115,0.0,367.3046529111528,370.66025,381.9236,337.2753,370.66025,383.2101,337.2753,2792.464,2455.1887009277343,train
2026-01-09 20:00:00,ZONE_A,0.0,0.0,0.0,0.0,330.0692161890674,360.68686,344.95483,380.76263,360.68686,344.95483,380.76263,2651.9922,2271.2295657226564,train
2026-01-09 20:15:00,ZONE_A,0.0,0.0,1.3705878,0.0,350.620908941808,368.32288,357.87628,354.30078,368.32288,359.24686,354.30078,2650.1287,2295.82791875,train
2026-01-09 20:30:00,ZONE_A,0.0,0.0,0.0,0.0,374.3944063410773,360.5413,402.5292,310.03006,360.5413,402.5292,310.03006,2605.0386,2295.0085401855467,train
2026-01-09 20:45:00,ZONE_A,0.0,0.0,0.0,0.0,365.6644317971501,367.32004,360.9307,304.52786,367.32004,360.9307,304.52786,2596.6143,2292.086437451172,train
2026-01-09 21:00:00,ZONE_A,0.0,0.17446178,0.32292092,0.96135473,333.6924642445336,346.82806,315.08615,321.19547,347.00253,315.40906,322.15683,2566.2139,2244.057070166016,train
2026-01-09 21:15:00,ZONE_A,0.0,0.17691654,0.0,0.0,365.2772105073023,332.14194,300.70215,311.82547,332.31885,300.70215,311.82547,2521.84,2210.014530029297,train
2026-01-09 21:30:00,ZONE_A,0.0,0.019874059,0.0,0.0,293.7565855895564,261.9333,282.99667,335.14697,261.95316,282.99667,335.14697,2508.529,2173.38202734375,train
2026-01-09 21:45:00,ZONE_A,0.0,0.0,0.0,0.0,220.2615415034548,257.23495,287.6904,403.49405,257.23495,287.6904,403.49405,2443.644,2040.1499509277342,train
2026-01-09 22:00:00,ZONE_A,0.0,0.27033222,0.043736555,0.0,295.4628084579411,322.85287,343.09503,450.97244,323.1232,343.13876,450.97244,2426.987,1976.014557373047,train
2026-01-09 22:15:00,ZONE_A,0.0,0.21454963,0.0,0.062001698,349.72267890846115,342.2588,450.91064,578.37756,342.47333,450.91064,578.4396,2421.3955,1842.9559248046876,train
2026-01-09 22:30:00,ZONE_A,0.0,0.045735568,0.0,0.0,350.26665862790304,462.82748,443.14276,560.6298,462.87323,443.14276,560.6298,2355.3943,1794.7644782226562,train
2026-01-09 22:45:00,ZONE_A,0.0,0.1539948,0.1645858,0.0,494.7428710374001,485.71548,579.7341,551.59467,485.86948,579.8987,551.59467,2324.9863,1773.3916344726563,train
2026-01-09 23:00:00,ZONE_A,0.0,0.23531967,0.3306144,0.0,469.3981532136604,575.67316,579.67395,602.97906,575.90845,580.0046,602.97906,2302.9675,1699.988435058594,train
2026-01-09 23:15:00,ZONE_A,0.0,0.019874059,0.0,0.062242642,597.4772293913686,586.4358,564.1081,605.8617,586.4557,564.1081,605.92395,2327.6497,1721.7257498046874,train
2026-01-09 23:30:00,ZONE_A,0.0,0.029025137,0.0,0.0,588.5759907547232,568.32355,565.6189,595.4464,568.3526,565.6189,595.4464,2301.8994,1706.4529888671873,train
2026-01-09 23:45:00,ZONE_A,0.0,0.0,0.08332767,0.0,520.9837412733593,541.88837,573.5339,591.06683,541.88837,573.6172,591.06683,2301.1072,1710.0403665039062,train
2026-01-10 00:00:00,ZONE_A,0.0,0.31043863,0.0,0.0,593.4867795198172,601.7425,604.14746,599.06744,602.0529,604.14746,599.06744,2293.5586,1694.4911561523436,train
2026-01-10 00:15:00,ZONE_A,0.0,0.0,0.0,0.0,591.4320119413853,601.82794,601.71643,597.9377,601.82794,601.71643,597.9377,2291.7688,1693.831116894531,train
2026-01-10 00:30:00,ZONE_A,0.0,0.0,0.0,0.5570134,598.2499498583884,601.11224,602.38165,594.0768,601.11224,602.38165,594.6338,2287.465,1692.8312109375001,train
2026-01-10 00:45:00,ZONE_A,0.0,0.0,0.9761549,1.370913,599.2100134750799,593.67725,599.73926,577.62067,593.67725,600.7154,578.9916,2297.5205,1718.5289228515626,train
2026-01-10 01:00:00,ZONE_A,0.0,0.15678403,0.0,0.0,593.4967310492859,600.7128,585.63074,573.94293,600.8696,585.63074,573.94293,2300.1133,1726.1703678710937,train
2026-01-10 01:15:00,ZONE_A,0.0,0.14035666,0.0,0.0,594.819251786094,596.9499,580.87964,565.9662,597.0903,580.87964,565.9662,2291.607,1725.6408134765625,train
2026-01-10 01:30:00,ZONE_A,0.0,0.047513798,0.0,0.5570134,584.3190016038014,585.6774,581.4976,577.1484,585.7249,581.4976,577.7054,2287.0276,1709.3222166992186,train
2026-01-10 01:45:00,ZONE_A,0.0,0.027575081,1.1064248,1.0557063,559.4517297719145,567.2671,569.73175,459.64935,567.2947,570.8382,460.70505,2285.6228,1824.9177523925782,train
2026-01-10 02:00:00,ZONE_A,0.0,0.21183254,0.0,0.0,601.0159787245728,590.80475,594.6441,579.555,591.0166,594.6441,579.555,2291.8682,1712.3132073242186,train
2026-01-10 02:15:00,ZONE_A,0.0,0.0,0.0,0.0,592.9638418607786,601.34,514.43896,575.04565,601.34,514.43896,575.04565,2285.5251,1710.4794457031248,train
2026-01-10 02:30:00,ZONE_A,0.0,0.36663485,0.0,0.48001003,593.539335579692,530.12573,584.75055,575.56195,530.4924,584.75055,576.04193,2283.1902,1707.1482688476563,train
2026-01-10 02:45:00,ZONE_A,0.0,0.021564808,5.51155,9.869315,518.1323926755681,550.5991,586.5783,560.2124,550.62067,592.08984,570.0817,2291.02,1720.9382739257812,train
2026-01-10 03:00:00,ZONE_A,0.0,0.34645838,0.0,0.0,599.671278688045,601.17395,598.40857,591.98883,601.5204,598.40857,591.98883,2290.3296,1698.3407694335938,train
2026-01-10 03:15:00,ZONE_A,0.0,0.041503515,0.0,0.0,597.2199932535985,594.46985,590.55524,598.5456,594.51135,590.55524,598.5456,2287.6663,1689.1207067382811,train
2026-01-10 03:30:00,ZONE_A,0.0,0.041503515,0.0,0.5813238,596.4946487112614,595.78827,596.3919,598.10626,595.8298,596.3919,598.68756,2285.9807,1687.2931389648438,train
2026-01-10 03:45:00,ZONE_A,0.0,0.21455808,1.1064248,1.5718057,592.4508399660253,597.00916,599.61536,597.1909,597.2237,600.7218,598.7627,2286.7095,1687.9468046875,train
2026-01-10 04:00:00,ZONE_A,0.0,0.4558933,0.19698572,3.8114588,597.8320281333444,595.5853,594.72626,593.0963,596.0412,594.9232,596.9078,2283.0603,1686.1525241210938,train
2026-01-10 04:15:00,ZONE_A,0.0,0.18213968,0.0,0.0,595.2061345584725,598.5544,600.9839,597.81757,598.7365,600.9839,597.81757,2279.2883,1681.4707340820314,train
2026-01-10 04:30:00,ZONE_A,0.0,0.0,1.2566057,0.6057007,609.7233549084139,599.2416,599.6792,600.21674,599.2416,600.9358,600.82245,2282.6514,1681.8289512695314,train
2026-01-10 04:45:00,ZONE_A,0.0,0.21455808,2.0923047,1.3491126,602.7624246292573,599.1882,597.87506,591.80396,599.4027,599.96735,593.1531,2310.315,1717.161923828125,train
2026-01-10 05:00:00,ZONE_A,0.0,3.1940022,0.0,0.0,612.1345804170325,602.1838,596.0748,596.7317,605.3778,596.0748,596.7317,2486.1235,1889.3918105468751,train
2026-01-10 05:15:00,ZONE_A,0.0,0.26868013,2.9747765,1.1123947,602.1553611746929,597.5942,596.60144,600.10345,597.86285,599.57623,601.2158,2593.4634,1992.2475796875,train
2026-01-10 05:30:00,ZONE_A,0.0,0.0,4.1928067,0.0,596.621793467583,599.5448,598.3347,597.64233,599.5448,602.5275,597.64233,2606.4866,2008.8442660156252,train
2026-01-10 05:45:00,ZONE_A,0.0,0.0,12.049078,6.0904512,588.4554623133159,598.26013,600.46045,602.1529,598.26013,612.5095,608.24335,2618.9224,2010.6790528320312,train
2026-01-10 06:00:00,ZONE_A,0.0,4.9729652,12.529972,34.36736,594.5671481444126,602.7037,596.32025,594.966,607.67664,608.8502,629.3334,2671.932,2042.5986259765623,train
2026-01-10 06:15:00,ZONE_A,0.0,2.0352046,7.2220488,89.410614,599.2329647563537,596.5692,594.56757,596.541,598.60443,601.7896,685.95166,2732.4814,2046.5297398437501,train
2026-01-10 06:30:00,ZONE_A,0.0,0.0,3.572889,98.012566,590.6647130203273,601.34875,594.65027,590.53094,601.34875,598.22314,688.5435,2749.9854,2061.441881933594,train
2026-01-10 06:45:00,ZONE_A,0.0,0.0,39.3576,134.26326,594.7699449400101,595.8761,597.13,598.3135,595.8761,636.4876,732.5767,2767.4404,2034.8636788085937,train
2026-01-10 07:00:00,ZONE_A,0.0,54.650337,128.3268,207.7641,596.7537172339122,596.82874,595.97577,590.03455,651.47906,724.30255,797.79865,2791.688,1993.8893549804689,train
2026-01-10 07:15:00,ZONE_A,66.15001569906529,126.85207,186.62749,313.99112,599.2724803251483,596.7744,598.3814,597.9075,723.62646,785.0089,911.89856,2826.374,1914.4754404296873,train
2026-01-10 07:30:00,ZONE_A,129.69741300072462,186.18771,256.8419,308.18893,602.8094758944023,600.99335,596.1174,600.44806,787.181,852.9592,908.63696,2870.7944,1962.1574371093752,train
2026-01-10 07:45:00,ZONE_A,186.25149535532367,245.48369,294.10602,384.9115,594.4272941488815,595.98615,599.5406,597.14624,841.46985,893.6466,982.05774,2909.9888,1927.9310607421876,train
2026-01-10 08:00:00,ZONE_A,264.7242191994649,318.06863,354.98938,490.85773,612.9170401889618,595.63635,594.58875,587.08624,913.70496,949.5781,1077.944,2959.111,1881.1670302734374,train
2026-01-10 08:15:00,ZONE_A,304.8954439568305,341.8825,411.63528,506.2081,603.8490444677664,600.84216,595.77026,592.8729,942.7247,1007.4055,1099.081,2958.4976,1859.4165453125001,train
2026-01-10 08:30:00,ZONE_A,353.0738438303119,408.93753,455.1395,504.0751,593.2522410055761,601.1332,594.92413,601.15015,1010.0707,1050.0636,1105.2252,3003.426,1898.2007802734374,train
2026-01-10 08:45:00,ZONE_A,400.08571254800535,436.81097,491.85797,611.1665,603.6242363257601,596.2657,599.41797,598.9736,1033.0767,1091.2759,1210.1401,3096.2178,1886.07766328125,train
2026-01-10 09:00:00,ZONE_A,445.977295627172,494.73874,524.85376,660.8359,601.0108980028012,599.80396,599.5613,599.28754,1094.5427,1124.415,1260.1234,2695.512,1435.3885869140627,train
2026-01-10 09:15:00,ZONE_A,498.1271895036345,538.2705,601.031,740.64606,599.5235897700827,601.3046,601.8248,602.66205,1139.5752,1202.8558,1343.3081,2685.7244,1342.41629453125,train
2026-01-10 09:30:00,ZONE_A,529.0305029419729,583.65875,658.41986,802.4815,600.7981983711669,596.00024,598.8383,597.5746,1179.6589,1257.2582,1400.0562,2711.5037,1311.4475476562502,train
2026-01-10 09:45:00,ZONE_A,631.6264171090276,679.9249,753.946,821.2024,601.2075658692205,605.6402,599.43,598.8556,1285.5652,1353.376,1420.058,2725.3604,1305.3024166015625,train
2026-01-10 10:00:00,ZONE_A,710.6227972123995,761.1903,827.153,856.507,609.1640509668538,599.7316,596.074,594.5009,1360.9219,1423.227,1451.0079,2690.374,1239.3660654296873,train
2026-01-10 10:15:00,ZONE_A,781.8742223944586,811.3933,868.91797,877.6448,590.6968661226427,597.298,600.7883,589.31537,1408.6913,1469.7063,1466.9602,2787.0576,1320.097394921875,train
2026-01-10 10:30:00,ZONE_A,853.0052851719327,884.2956,893.25745,910.51636,597.6682118406432,600.62006,599.4571,603.8706,1484.9156,1492.7146,1514.387,2703.453,1189.066037109375,train
2026-01-10 10:45:00,ZONE_A,897.7976351545229,885.722,879.5372,908.9458,596.989462699171,603.71387,595.8544,598.9605,1489.4358,1475.3916,1507.9062,2697.8484,1189.9421499999999,train
2026-01-10 11:00:00,ZONE_A,898.5228493652193,890.9706,918.17896,938.3357,602.7529434243817,595.8137,599.7199,599.31396,1486.7843,1517.8989,1537.6497,2695.6316,1157.9819417968752,train
2026-01-10 11:15:00,ZONE_A,903.5743779965588,931.90375,920.00867,944.1589,595.3077351167276,602.327,600.66254,596.482,1534.2307,1520.6711,1540.6409,2771.382,1230.741130859375,train
2026-01-10 11:30:00,ZONE_A,933.7962916573052,940.64966,961.47723,934.2657,612.5442130978992,603.2185,598.63855,602.03204,1543.8682,1560.1157,1536.2977,2690.5457,1154.2479705078126,train
2026-01-10 11:45:00,ZONE_A,953.8429803159496,973.54047,954.94324,901.4882,608.1224900587877,603.1477,598.92004,602.08356,1576.6882,1553.8633,1503.5718,2727.6614,1224.08962265625,train
2026-01-10 12:00:00,ZONE_A,976.8592155804683,965.5399,960.1658,909.74,610.2842185337117,599.4266,598.2827,602.7047,1564.9666,1558.4485,1512.4447,2692.5732,1180.1284978515623,train
2026-01-10 12:15:00,ZONE_A,956.2216993463268,931.4201,897.04364,905.99207,604.0920238521261,601.3216,599.2665,601.5328,1532.7417,1496.31,1507.5249,2674.7544,1167.2294976562498,train
2026-01-10 12:30:00,ZONE_A,928.0324940181094,910.0737,899.60004,923.27386,602.9759562113574,596.756,597.77234,598.6377,1506.8297,1497.3723,1521.9116,2694.492,1172.5803789062502,train
2026-01-10 12:45:00,ZONE_A,898.8738379191785,908.3117,904.4796,924.1389,605.2701510472633,596.4898,598.162,598.6377,1504.8015,1502.6416,1522.7766,2686.85,1164.073388671875,train
2026-01-10 13:00:00,ZONE_A,911.5134301337216,912.77704,922.0759,876.93634,590.4501074637807,601.6632,599.1996,598.18195,1514.4402,1521.2755,1475.1183,2699.3716,1224.2533138671874,train
2026-01-10 13:15:00,ZONE_A,909.1638913977978,918.5582,915.17413,846.2213,612.5427110263845,598.4905,595.5793,574.61926,1517.0487,1510.7534,1420.8406,2676.3464,1255.505823828125,train
2026-01-10 13:30:00,ZONE_A,924.0342041465112,919.0793,888.75757,817.1894,603.1549597465597,605.4136,601.3949,594.0391,1524.4929,1490.1525,1411.2285,2667.7903,1256.5617843750001,train
2026-01-10 13:45:00,ZONE_A,919.7217912407268,901.21466,869.78156,802.4589,597.8650108241426,601.2446,585.099,601.62726,1502.4592,1454.8806,1404.0862,2691.5056,1287.419418359375,train
2026-01-10 14:00:00,ZONE_A,894.9350011702793,857.8178,812.94,726.74805,605.1622507743218,578.10706,599.3879,597.3556,1435.9248,1412.3279,1324.1036,2716.2847,1392.1810623046877,train
2026-01-10 14:15:00,ZONE_A,857.280520786015,820.27673,797.69336,707.79755,591.5642468680627,600.90283,597.7695,598.22943,1421.1796,1395.4629,1306.027,2664.5352,1358.5082224609373,train
2026-01-10 14:30:00,ZONE_A,815.0121766596818,788.0768,729.2992,647.03827,594.3622213828952,603.1375,599.788,593.2827,1391.2144,1329.0872,1240.321,2673.7375,1433.4164550781252,train
2026-01-10 14:45:00,ZONE_A,793.2112622402344,727.97003,697.47974,605.1271,597.2494322675816,597.808,600.35913,599.92786,1325.7781,1297.8389,1205.0549,2678.0083,1472.953368359375,train
2026-01-10 15:00:00,ZONE_A,727.8206011133241,693.23413,665.7072,566.50867,604.2146787032283,592.50336,600.6408,596.8741,1285.7375,1266.348,1163.3828,2792.8413,1629.4584875,train
2026-01-10 15:15:00,ZONE_A,690.5442757261932,652.9283,591.87213,496.42896,585.6132380694651,601.9814,599.76166,606.33386,1254.9097,1191.6338,1102.7628,2798.5813,1695.8184826171873,train
2026-01-10 15:30:00,ZONE_A,652.8512623786968,598.48224,556.78925,414.3886,598.6801331965663,597.713,597.80835,600.2936,1196.1953,1154.5977,1014.6822,2781.9453,1767.2631100585936,train
2026-01-10 15:45:00,ZONE_A,596.9305601190906,548.9915,491.93997,365.88293,605.9865801973842,595.2959,601.9266,596.45264,1144.2874,1093.8666,962.3356,2798.6685,1836.3329287109377,train
2026-01-10 16:00:00,ZONE_A,561.6518667166232,507.02338,421.85266,302.85657,592.2900642308668,599.68286,600.488,601.37695,1106.7063,1022.34064,904.2335,2785.9285,1881.6949794921875,train
2026-01-10 16:15:00,ZONE_A,505.69303247596895,435.97995,363.95425,213.70059,605.9573553314495,598.6179,599.31744,598.3621,1034.5979,963.2717,812.06274,2790.5645,1978.501755859375,train
2026-01-10 16:30:00,ZONE_A,424.1717675562018,363.34976,307.00076,146.5452,603.6875538690093,590.6427,598.9579,588.1524,953.99243,905.9586,734.69763,2798.1853,2063.4876681640626,train
2026-01-10 16:45:00,ZONE_A,358.0138218466293,298.38434,220.23814,76.46084,592.5796952113071,597.4271,599.28485,556.16254,895.81146,819.523,632.62335,2807.6528,2175.0294479492186,train
2026-01-10 17:00:00,ZONE_A,302.28265867476443,236.53593,166.89174,23.403887,597.4564324110196,596.3706,595.6758,596.51086,832.90656,762.5675,619.91473,2803.975,2184.060266113281,train
2026-01-10 17:15:00,ZONE_A,220.82062275070595,143.08937,68.894104,0.0,594.5814333802457,598.2964,588.3703,580.4288,741.38574,657.2644,580.4288,2793.7183,2213.2895280273437,train
2026-01-10 17:30:00,ZONE_A,142.23741041267976,73.10433,0.33914804,0.0,595.9658582341417,578.7871,602.0957,585.3345,651.8914,602.4349,585.3345,2798.564,2213.22952734375,train
2026-01-10 17:45:00,ZONE_A,73.2286435039938,0.0,0.0,0.0,603.6528853162984,597.8282,579.10706,595.29224,597.8282,579.10706,595.29224,2808.9656,2213.673363671875,train
2026-01-10 18:00:00,ZONE_A,0.0,1.0437458,0.0,3.8879175,610.707984364069,590.2639,594.48846,598.7827,591.3077,594.48846,602.67065,2808.3733,2205.702645703125,train
2026-01-10 18:15:00,ZONE_A,0.0,0.0,0.0,3.0368156,593.0579258840264,596.3006,594.71155,597.456,596.3006,594.71155,600.4928,2812.8425,2212.3497021484377,train
2026-01-10 18:30:00,ZONE_A,0.0,0.0,0.0,3.4652977,593.315168118767,593.03827,596.5907,574.3506,593.03827,596.5907,577.81586,2814.215,2236.3991430664064,train
2026-01-10 18:45:00,ZONE_A,0.0,0.0,0.8693578,8.01601,595.3634215091608,594.5972,590.08417,559.82526,594.5972,590.95355,567.84125,2814.1953,2246.354052441406,train
2026-01-10 19:00:00,ZONE_A,0.0,0.10335343,0.4437899,14.315542,606.219396763896,599.3516,594.6281,601.8434,599.45496,595.0719,616.15894,2800.2322,2184.073264453125,train
2026-01-10 19:15:00,ZONE_A,0.0,0.0,0.0,0.0,602.6483156447122,587.1221,555.7229,569.8151,587.1221,555.7229,569.8151,2800.7986,2230.9834754882813,train
2026-01-10 19:30:00,ZONE_A,0.0,0.0,0.0,0.0,523.2724690128167,517.6057,566.2056,521.92194,517.6057,566.2056,521.92194,2824.2102,2302.2882639648437,train
2026-01-10 19:45:00,ZONE_A,0.0,1.2672944,0.0,0.0,551.6516129150258,567.2653,549.66077,533.6881,568.5326,549.66077,533.6881,2790.0117,2256.3235896484375,train
2026-01-10 20:00:00,ZONE_A,0.0,0.0,1.3460484,0.0,599.2801241483847,579.7548,556.4743,455.48615,579.7548,557.8204,455.48615,2646.83,2191.3438549804687,train
2026-01-10 20:15:00,ZONE_A,0.0,0.0,0.0,0.0,509.2180723589338,527.83276,527.4033,522.3584,527.83276,527.4033,522.3584,2647.843,2125.4846015625,train
2026-01-10 20:30:00,ZONE_A,0.0,0.0,0.0,0.0,552.876542418792,532.5845,448.5431,554.54407,532.5845,448.5431,554.54407,2628.5022,2073.9581326171874,train
2026-01-10 20:45:00,ZONE_A,0.0,0.05727429,0.52923554,0.0,595.966292955692,507.76498,509.27307,574.07874,507.82227,509.8023,574.07874,2595.3503,2021.2715646484376,train
2026-01-10 21:00:00,ZONE_A,0.0,0.3573288,0.2774612,0.0,408.4676948666153,474.0421,527.2409,563.56934,474.39944,527.5184,563.56934,2567.5261,2003.9567640625,train
2026-01-10 21:15:00,ZONE_A,0.0,0.26093024,0.0,0.3790188,481.8133009874911,525.7054,564.41974,565.8755,525.9663,564.41974,566.2545,2508.6306,1942.3760833984375,train
2026-01-10 21:30:00,ZONE_A,0.0,0.2710566,0.0,0.23657122,589.4490181819506,578.15356,587.22437,589.3418,578.4246,587.22437,589.57837,2460.266,1870.687630859375,train
2026-01-10 21:45:00,ZONE_A,0.0,0.058124587,0.0,0.62711746,551.6242123395908,570.6135,581.1996,573.4944,570.67163,581.1996,574.1215,2445.0173,1870.8957790039062,train
2026-01-10 22:00:00,ZONE_A,0.0,0.43414518,0.11916181,0.0,611.3188911898567,598.9656,604.66785,578.55005,599.3997,604.787,578.55005,2433.7227,1855.1726511718748,train
2026-01-10 22:15:00,ZONE_A,0.0,0.0,0.0,0.47315732,594.8165831966289,602.19586,592.5769,579.9834,602.19586,592.5769,580.45654,2377.8354,1797.37885703125,train
2026-01-10 22:30:00,ZONE_A,0.0,0.21869946,0.0,0.006585857,606.2840047504154,599.50836,586.9752,567.8655,599.72705,586.9752,567.8721,2362.741,1794.8689296875,train
2026-01-10 22:45:00,ZONE_A,0.0,0.19876072,0.0,0.71030045,597.970301172677,588.84674,569.82477,599.1179,589.0455,569.82477,599.82825,2334.5903,1734.7620529296873,train
2026-01-10 23:00:00,ZONE_A,0.0,0.43414518,0.3306144,0.2835945,595.3579606683577,589.6456,589.4713,489.0431,590.0798,589.80194,489.3267,2305.3987,1816.072009326172,train
2026-01-10 23:15:00,ZONE_A,0.0,0.0,0.0,0.33387288,600.9486869146248,571.2796,585.72455,589.81146,571.2796,585.72455,590.1453,2303.681,1713.5356752929688,train
2026-01-10 23:30:00,ZONE_A,0.0,0.084073596,0.0,0.0,601.0076150253027,595.93964,532.8736,580.2494,596.0237,532.8736,580.2494,2290.672,1710.4226103515625,train
2026-01-10 23:45:00,ZONE_A,0.0,0.0,0.5187176,0.0,596.5679147793162,521.9451,596.99805,589.26953,521.9451,597.5168,589.26953,2299.4858,1710.21626875,train
2026-01-11 00:00:00,ZONE_A,0.0,0.14763296,0.0,0.0,454.6669393489351,578.342,533.2252,558.135,578.4896,533.2252,558.135,2288.0042,1729.8691902343749,train
2026-01-11 00:15:00,ZONE_A,0.0,0.0,0.0,0.0,591.4481131092737,541.86505,571.2626,578.9872,541.86505,571.2626,578.9872,2297.0898,1718.1026173828127,train
2026-01-11 00:30:00,ZONE_A,0.0,0.0,0.0,0.5570134,603.192391608984,581.99805,583.2509,508.52026,581.99805,583.2509,509.07727,2295.4446,1786.3673294921873,train
2026-01-11 00:45:00,ZONE_A,0.0,0.0,0.9761549,1.370913,562.0188609634765,582.0154,573.299,541.4176,582.0154,574.27515,542.7885,2293.639,1750.8504868164064,train
2026-01-11 01:00:00,ZONE_A,0.0,0.05479005,0.0,0.0,593.0313258637884,597.2859,538.1656,450.01556,597.3407,538.1656,450.01556,2286.2183,1836.2027360351562,train
2026-01-11 01:15:00,ZONE_A,0.0,0.048475794,0.0,0.0,597.0259413892963,555.265,575.24316,484.04385,555.3135,575.24316,484.04385,2299.637,1815.5931462402345,train
2026-01-11 01:30:00,ZONE_A,0.0,0.0,0.0,0.5570134,514.5544508669436,535.57434,434.0726,462.2683,535.57434,434.0726,462.82532,2304.1262,1841.3008826171877,train
2026-01-11 01:45:00,ZONE_A,0.0,0.0,1.2293544,1.370913,569.8683231604039,483.36472,455.5006,568.8667,483.36472,456.72995,570.2376,2288.686,1718.448390136719,train
2026-01-11 02:00:00,ZONE_A,0.0,0.34645838,0.0,0.0,424.0564772879182,440.15277,472.4127,516.7102,440.49924,472.4127,516.7102,2297.5137,1780.803494921875,train
2026-01-11 02:15:00,ZONE_A,0.0,0.14035666,0.0,0.0,480.9489979653412,481.34024,542.6343,334.37442,481.4806,542.6343,334.37442,2283.7432,1949.3687798339843,train
2026-01-11 02:30:00,ZONE_A,0.0,0.0,0.0,0.5570134,483.70484376061177,549.93384,543.8984,337.4306,549.93384,543.8984,337.9876,2287.4956,1949.507990136719,train
2026-01-11 02:45:00,ZONE_A,0.0,0.12041798,0.9761549,1.4415702,550.267295588599,543.05634,353.05524,384.80676,543.17676,354.0314,386.24832,2287.044,1900.7956784667967,train
2026-01-11 03:00:00,ZONE_A,0.0,0.14763296,0.0,0.0,496.68151674537313,377.34253,356.16336,493.0904,377.49017,356.16336,493.0904,2288.867,1795.776606933594,train
2026-01-11 03:15:00,ZONE_A,0.0,0.0,0.0,0.0,339.5796866930339,324.92242,334.44446,336.0726,324.92242,334.44446,336.0726,2291.3672,1955.2945986816408,train
2026-01-11 03:30:00,ZONE_A,0.0,0.0,0.0,0.30546403,301.41898013147835,310.21005,397.94238,415.94537,310.21005,397.94238,416.25082,2281.7068,1865.4559760253906,train
2026-01-11 03:45:00,ZONE_A,0.0,0.0,1.0515802,1.4415702,323.42029618934663,400.75604,325.46222,407.87006,400.75604,326.5138,409.3116,2288.3792,1879.0675850097655,train
2026-01-11 04:00:00,ZONE_A,0.0,0.14763296,0.0,0.0,417.2393149590914,358.36862,451.6412,374.19592,358.51627,451.6412,374.19592,2295.1133,1920.9173771484375,train
2026-01-11 04:15:00,ZONE_A,0.0,0.0,0.0,0.0,324.8098416363126,401.7672,393.13452,352.1848,401.7672,393.13452,352.1848,2286.8147,1934.629885546875,train
2026-01-11 04:30:00,ZONE_A,0.0,0.22659022,0.012732942,1.2326441,397.2178941222582,379.09665,366.77042,348.61996,379.32324,366.78314,349.8526,2286.3357,1936.4830999023438,train
2026-01-11 04:45:00,ZONE_A,0.0,0.09662272,1.5259212,2.0465436,343.3336738530807,343.80948,345.15366,331.40836,343.9061,346.67957,333.4549,2298.6648,1965.2099049804688,train
2026-01-11 05:00:00,ZONE_A,0.0,0.17349443,0.0,0.0,380.6756353019342,343.46912,349.781,327.78967,343.6426,349.781,327.78967,2588.862,2261.0723271484376,train
2026-01-11 05:15:00,ZONE_A,0.0,0.0091757225,1.447486,0.0,335.7618467085272,327.26004,328.19955,318.2579,327.26923,329.64703,318.2579,2596.6863,2278.4283959472655,train
2026-01-11 05:30:00,ZONE_A,0.0,0.0,0.0,2.5782647,349.76950144953395,361.83966,350.09103,360.66876,361.83966,350.09103,363.24704,2609.1858,2245.9387602050783,train
2026-01-11 05:45:00,ZONE_A,0.0,0.027575081,1.8425342,7.9225936,428.0343978919348,376.9012,323.24866,427.60425,376.9288,325.0912,435.52686,2629.6814,2194.15454453125,train
2026-01-11 06:00:00,ZONE_A,0.0,4.2378454,6.8714914,18.717634,323.2191001652974,317.00116,328.26883,342.11984,321.239,335.14032,360.83746,2647.5098,2286.6723366210936,train
2026-01-11 06:15:00,ZONE_A,0.0,1.9556422,4.333337,68.392395,275.5896390186033,296.70456,406.99188,539.9966,298.6602,411.32523,608.389,2699.719,2091.330022949219,train
2026-01-11 06:30:00,ZONE_A,0.0,0.10418475,11.615219,124.94197,288.12706959195503,367.98468,340.08496,524.0161,368.08887,351.7002,648.95807,2734.7673,2085.8092311523437,train
2026-01-11 06:45:00,ZONE_A,0.0,0.03737823,15.656287,82.02533,480.0052841868604,408.9804,576.592,588.919,409.0178,592.2483,670.94434,2759.1794,2088.2350640625,train
2026-01-11 07:00:00,ZONE_A,0.0,30.630625,49.35773,193.70552,408.7072867242568,549.05774,520.546,562.1588,579.68835,569.90375,755.8643,2787.1987,2031.3343811523437,train
2026-01-11 07:15:00,ZONE_A,65.78403518945859,125.976944,182.60121,288.3228,606.0134667654047,589.05255,583.36694,565.9087,715.0295,765.96814,854.2315,2831.7454,1977.5138936523435,train
2026-01-11 07:30:00,ZONE_A,125.57388419424376,189.51326,240.01265,396.39124,605.5317698142727,613.7141,596.3443,560.5344,803.22736,836.35693,956.92566,2872.191,1915.2653408203123,train
2026-01-11 07:45:00,ZONE_A,198.86029400621092,248.80698,315.77206,463.41925,613.3219391514492,596.8847,583.4368,533.1084,845.69165,899.20886,996.52765,2910.1096,1913.5819510742185,train
2026-01-11 08:00:00,ZONE_A,260.6894228728701,315.38147,397.68478,509.29962,595.5532673068047,588.5078,574.0221,549.9917,903.8893,971.7069,1059.2913,2966.3926,1907.1013402343751,train
2026-01-11 08:15:00,ZONE_A,311.99954906825326,388.89355,463.93668,573.90857,596.0750910224144,566.0935,527.3089,562.04,954.98706,991.2456,1135.9485,2987.3572,1851.408713671875,train
2026-01-11 08:30:00,ZONE_A,405.48970697862745,468.57986,513.3193,637.5625,588.0552718150988,538.616,577.8593,543.97217,1007.1959,1091.1786,1181.5347,3014.7673,1833.23263203125,train
2026-01-11 08:45:00,ZONE_A,506.61641176616433,547.5516,605.3961,650.4898,538.6029730038993,538.53314,574.6654,579.5247,1086.0847,1180.0615,1230.0145,3055.0999,1825.0853736328127,train
2026-01-11 09:00:00,ZONE_A,543.6369142954608,598.95465,641.74866,680.637,533.8415236859145,557.72894,476.95242,418.936,1156.6836,1118.701,1099.573,2719.4863,1619.913301953125,train
2026-01-11 09:15:00,ZONE_A,599.120462123231,632.0556,655.6154,708.5909,602.4783183001265,577.91547,597.3762,536.92224,1209.9711,1252.9917,1245.5132,2747.856,1502.3428164062502,train
2026-01-11 09:30:00,ZONE_A,619.1106054162417,653.88696,688.2336,755.3207,608.721395875586,585.39215,468.02377,530.8478,1239.279,1156.2573,1286.1685,2700.413,1414.24454296875,train
2026-01-11 09:45:00,ZONE_A,645.0918182554615,662.7905,705.511,759.6305,598.8451107964194,479.75037,560.0668,536.60803,1142.5409,1265.5778,1296.2385,2689.9438,1393.705274609375,train
2026-01-11 10:00:00,ZONE_A,669.5089509143774,705.60474,729.5788,794.6636,441.9550415389423,493.5081,518.36597,505.90182,1199.1128,1247.9448,1300.5654,2737.562,1436.9965703125,train
2026-01-11 10:15:00,ZONE_A,719.8167555319028,740.83514,758.3178,842.5989,476.975098919318,502.17535,519.9821,414.8172,1243.0105,1278.2999,1257.416,2732.5605,1475.144484375,train
2026-01-11 10:30:00,ZONE_A,736.0256475864899,745.49054,809.87103,778.31744,511.6261586489165,505.193,514.2531,496.18213,1250.6836,1324.1241,1274.4995,2743.6384,1469.1388882812498,train
2026-01-11 10:45:00,ZONE_A,729.3249588231965,796.4873,817.5464,756.0939,497.42568266933193,521.09515,432.94275,485.41428,1317.5825,1250.4891,1241.5082,2757.0613,1515.5531212890623,train
2026-01-11 11:00:00,ZONE_A,823.4919424472075,820.0833,789.15094,728.66815,479.29828692721776,461.18015,481.64755,546.7554,1281.2634,1270.7985,1275.4236,2745.2402,1469.8166160156252,train
2026-01-11 11:15:00,ZONE_A,823.3899172088292,785.55646,755.4017,760.68695,460.7530453271782,485.49176,474.1588,505.6064,1271.0482,1229.5605,1266.2933,2688.9668,1422.6734650390626,train
2026-01-11 11:30:00,ZONE_A,755.9322555777503,759.05176,719.6099,756.8602,497.3197557626317,504.90268,531.3784,570.21027,1263.9545,1250.9883,1327.0706,2767.8625,1440.7919433593752,train
2026-01-11 11:45:00,ZONE_A,765.7361061509407,731.5825,770.61487,769.1906,509.1411033664232,530.0654,492.61282,573.82153,1261.648,1263.2277,1343.0122,2715.579,1372.5667929687502,train
2026-01-11 12:00:00,ZONE_A,716.5074382030723,746.93463,748.01056,803.2807,542.7987527660407,533.66364,579.8652,592.6931,1280.5983,1327.8757,1395.9739,2731.4543,1335.4804230468749,train
2026-01-11 12:15:00,ZONE_A,755.0447230636426,759.29645,785.9481,836.6567,558.0725112829975,571.10944,576.63367,585.7054,1330.4059,1362.5818,1422.362,2674.9463,1252.584239453125,train
2026-01-11 12:30:00,ZONE_A,745.9479149585295,764.23914,791.34937,824.8348,604.714540686134,600.73834,605.12854,598.1307,1364.9775,1396.4779,1422.9655,2770.471,1347.5055458984375,train
2026-01-11 12:45:00,ZONE_A,761.8626151603713,796.79236,836.7719,814.78217,611.7653369000344,606.4219,604.5849,591.9969,1403.2142,1441.3568,1406.779,2694.1245,1287.345447265625,train
2026-01-11 13:00:00,ZONE_A,824.6556602467484,851.36896,835.7619,804.5914,600.2439347716232,592.7574,598.52637,593.3587,1444.1263,1434.2883,1397.9501,2679.9456,1281.9955267578125,train
2026-01-11 13:15:00,ZONE_A,867.6412047278056,860.3181,828.40717,746.36694,602.8736675744743,608.63525,592.86096,605.0017,1468.9534,1421.2681,1351.3687,2698.748,1347.37934765625,train
2026-01-11 13:30:00,ZONE_A,864.167240527431,837.55676,809.6392,704.04016,607.3164806220448,597.23785,601.6471,605.2919,1434.7947,1411.2864,1309.332,2694.1042,1384.7721687500002,train
2026-01-11 13:45:00,ZONE_A,843.1577333986928,809.514,764.33887,668.51263,590.9642426242585,602.607,605.4611,610.4921,1412.121,1369.8,1279.0048,2681.8804,1402.8756392578125,train
2026-01-11 14:00:00,ZONE_A,798.7343776301275,749.3204,699.2143,614.3531,589.7040016365329,604.4266,605.77106,604.69104,1353.747,1304.9854,1219.0442,2688.8606,1469.816410546875,train
2026-01-11 14:15:00,ZONE_A,744.2995819477833,713.8381,671.4852,571.10175,598.5533757351435,601.15076,603.1457,610.43317,1314.9888,1274.6309,1181.5349,2681.1987,1499.663787890625,train
2026-01-11 14:30:00,ZONE_A,689.9160680434551,652.6599,599.8497,516.93835,596.3775305966543,601.9117,607.2456,608.57623,1254.5715,1207.0952,1125.5146,2688.8167,1563.3020515624999,train
2026-01-11 14:45:00,ZONE_A,653.942544179058,609.1908,561.2986,457.5279,593.7354286806118,603.92474,607.48474,605.13367,1213.1155,1168.7833,1062.6616,2705.9111,1643.2494789062498,train
2026-01-11 15:00:00,ZONE_A,594.6813881897496,552.3704,511.03735,411.45,609.8065588737265,604.7694,605.6303,599.4017,1157.1399,1116.6677,1010.8517,2804.0046,1793.1529154296877,train
2026-01-11 15:15:00,ZONE_A,555.7574685199762,514.52686,462.83936,386.5743,594.4563881801151,602.98987,600.1263,607.6992,1117.5167,1062.9656,994.27356,2791.3252,1797.0516404296877,train
2026-01-11 15:30:00,ZONE_A,515.1060459223421,454.56665,409.34665,306.21927,605.8830282125725,601.1672,596.2494,604.1796,1055.7339,1005.59607,910.3989,2799.729,1889.3300742187498,train
2026-01-11 15:45:00,ZONE_A,461.7978718319196,415.0947,384.99976,275.33667,605.1569627713471,596.19135,603.61993,601.59174,1011.286,988.6197,876.9284,2804.7344,1927.805994238281,train
2026-01-11 16:00:00,ZONE_A,418.3952364737496,385.31638,324.3707,223.27052,595.5825748971596,609.3364,598.9317,597.7842,994.65283,923.30237,821.0547,2786.0022,1964.9475125,train
2026-01-11 16:15:00,ZONE_A,384.0432120435564,334.12552,284.82806,181.83003,607.3764868414999,602.104,601.13165,604.6288,936.2295,885.9597,786.4588,2807.0984,2020.6395987304686,train
2026-01-11 16:30:00,ZONE_A,312.2107620740852,272.47418,223.0062,112.82255,606.6239110524484,599.28906,594.5141,598.48627,871.76324,817.52026,711.30884,2796.63,2085.321162109375,train
2026-01-11 16:45:00,ZONE_A,281.64518018489133,236.25003,183.87982,76.799545,612.2285000517539,595.823,602.0584,606.2058,832.073,785.93823,683.0054,2797.081,2114.07562890625,train
2026-01-11 17:00:00,ZONE_A,237.75943916690767,182.48933,123.35006,9.753257,589.4633689506218,601.6063,595.02826,607.14014,784.09564,718.3783,616.8934,2818.2112,2201.317828417969,train
2026-01-11 17:15:00,ZONE_A,174.94330893368087,121.40484,59.675087,4.081078,609.3004494553954,596.3789,600.2839,593.7233,717.78375,659.959,597.8044,2795.7058,2197.9014176757814,train
2026-01-11 17:30:00,ZONE_A,117.6387193288453,66.6772,12.94735,0.0,584.373414488747,598.0182,600.54767,607.60034,664.6954,613.495,607.60034,2804.0637,2196.463358203125,train
2026-01-11 17:45:00,ZONE_A,60.325012509140414,6.395419,0.0,0.0,609.3815428611763,600.6113,597.2262,604.3712,607.0068,597.2262,604.3712,2809.3362,2204.9649841796877,train
2026-01-11 18:00:00,ZONE_A,0.0,10.711863,0.0,0.27713388,609.8476766098584,595.7175,601.1191,606.46466,606.4294,601.1191,606.7418,2811.6145,2204.8726787109376,train
2026-01-11 18:15:00,ZONE_A,0.0,0.8644038,6.2626185,0.0,597.0817956938415,603.49255,597.87274,605.55676,604.35693,604.1354,605.55676,2810.3567,2204.7999373046873,train
2026-01-11 18:30:00,ZONE_A,0.0,0.40414986,0.043771394,0.0,609.1128590126087,598.0173,604.10266,605.1325,598.42145,604.1464,605.1325,2802.6545,2197.5219926757813,train
2026-01-11 18:45:00,ZONE_A,0.0,0.0,0.0,0.20381114,599.7736710002256,602.1807,601.2775,604.8306,602.1807,601.2775,605.0344,2810.8496,2205.815176171875,train
2026-01-11 19:00:00,ZONE_A,0.0,0.0,0.0,0.104486935,614.5745362597426,599.0379,600.70575,601.8883,599.0379,600.70575,601.9928,2817.4492,2215.4564021484375,train
2026-01-11 19:15:00,ZONE_A,0.0,0.0,0.0,0.0,597.2949774852941,601.01733,600.4823,601.8071,601.01733,600.4823,601.8071,2807.691,2205.88387109375,train
2026-01-11 19:30:00,ZONE_A,0.0,1.440593,0.0,0.0,600.7325071137853,599.711,602.2087,598.432,601.1516,602.2087,598.432,2800.8625,2202.4304931640627,train
2026-01-11 19:45:00,ZONE_A,0.0,0.0,0.0,0.0,596.1352426831749,601.944,596.0863,599.5168,601.944,596.0863,599.5168,2783.8076,2184.2908153320313,train
2026-01-11 20:00:00,ZONE_A,0.0,0.0,0.56456834,0.0,615.0470513067577,601.06274,598.7827,594.49994,601.06274,599.3473,594.49994,2657.536,2063.0360610351563,train
2026-01-11 20:15:00,ZONE_A,0.0,0.0,0.0,0.0,600.136181007268,601.34753,600.8768,604.48535,601.34753,600.8768,604.48535,2627.2896,2022.8042484375,train
2026-01-11 20:30:00,ZONE_A,0.0,0.0,0.0,0.0,604.4402345963222,599.20685,600.2736,603.84216,599.20685,600.2736,603.84216,2621.4207,2017.5785369140626,train
2026-01-11 20:45:00,ZONE_A,0.0,0.1569778,0.0,0.1476976,602.9483920909487,598.9545,600.6076,600.71826,599.1115,600.6076,600.86597,2604.2236,2003.3576332031248,train
2026-01-11 21:00:00,ZONE_A,0.0,0.273315,0.17400652,0.0,593.6099606821142,602.0293,600.8239,609.75024,602.3026,600.9979,609.75024,2551.5361,1941.7858558593748,train
2026-01-11 21:15:00,ZONE_A,0.0,0.17691654,0.0,0.0,605.1281258382505,599.4005,596.7191,606.6493,599.57745,596.7191,606.6493,2497.4814,1890.8321080078126,train
2026-01-11 21:30:00,ZONE_A,0.0,0.0,0.0,0.0,598.304895353844,597.7477,593.23285,595.0449,597.7477,593.23285,595.0449,2473.5703,1878.5253781249999,train
2026-01-11 21:45:00,ZONE_A,0.0,0.0,0.0,0.0,594.2756796825689,595.98755,603.543,604.1214,595.98755,603.543,604.1214,2460.3872,1856.2658010742189,train
2026-01-11 22:00:00,ZONE_A,0.0,0.23531967,0.17400652,0.0,610.8164764135257,594.1672,591.85114,599.9533,594.40247,592.02515,599.9533,2420.515,1820.5616918945311,train
2026-01-11 22:15:00,ZONE_A,0.0,0.0780633,0.0,0.52977693,600.134217775491,589.2008,598.038,603.5393,589.2789,598.038,604.0691,2389.8909,1785.8218082031249,train
2026-01-11 22:30:00,ZONE_A,0.0,0.084073596,0.0,0.11569904,594.2160537158908,597.74854,603.2113,600.07556,597.8326,603.2113,600.1913,2381.0337,1780.8424158203125,train
2026-01-11 22:45:00,ZONE_A,0.0,0.058124587,0.20625718,0.41027376,607.1950660813859,599.5231,595.56226,599.8488,599.5812,595.7685,600.2591,2337.3357,1737.0766057617188,train
2026-01-11 23:00:00,ZONE_A,0.0,0.43414518,0.98779136,2.1158006,605.1135577183128,603.4481,601.21423,599.5652,603.88226,602.202,601.68097,2306.4368,1704.7558307617187,train
2026-01-11 23:15:00,ZONE_A,0.0,0.2710566,0.01123031,1.8519331,605.2548534171535,600.15265,599.36536,599.6324,600.4237,599.3766,601.4843,2305.988,1704.503686035156,train
2026-01-11 23:30:00,ZONE_A,0.0,0.44542554,0.06147375,2.9229908,590.5537187723498,597.63947,596.7895,602.0313,598.0849,596.85095,604.9543,2303.1016,1698.1473153320312,train
2026-01-11 23:45:00,ZONE_A,0.0,0.42548677,0.32452726,1.6188521,599.3330292744232,595.253,600.9505,606.1182,595.67847,601.275,607.73706,2303.7048,1695.967739453125,train
2026-01-12 00:00:00,ZONE_A,0.0,0.5731844,1.4357125,0.0,598.6989330920233,602.32935,599.3629,597.16614,602.9025,600.79865,597.16614,2291.2698,1694.1036623046875,train
2026-01-12 00:15:00,ZONE_A,0.0,0.40886563,0.0,0.0,604.0647516240349,599.10944,600.267,603.1221,599.5183,600.267,603.1221,2324.5273,1721.4052296875002,train
2026-01-12 00:30:00,ZONE_A,0.0,0.22437042,0.0,0.0,595.93675629198,599.9185,590.3471,605.80255,600.1429,590.3471,605.80255,2300.5264,1694.723848730469,train
2026-01-12 00:45:00,ZONE_A,0.0,0.20443171,1.0289444,0.06337932,607.1837351916695,599.0739,601.07666,606.1832,599.2783,602.1056,606.2466,2323.0095,1716.7629179687501,train
2026-01-12 01:00:00,ZONE_A,0.0,0.04877977,0.088613056,0.0,600.4903811746302,595.27203,599.61053,606.9112,595.3208,599.69916,606.9112,2285.4238,1678.5126061523438,train
2026-01-12 01:15:00,ZONE_A,0.0,0.18213968,0.0,0.0,591.29913613432,601.1116,599.4949,608.20197,601.2937,599.4949,608.20197,2335.8696,1727.6676346679687,train
2026-01-12 01:30:00,ZONE_A,0.0,0.041503515,0.0,0.75790596,601.456819062106,597.3632,598.8205,599.96844,597.4047,598.8205,600.7264,2300.7483,1700.021920605469,train
2026-01-12 01:45:00,ZONE_A,0.0,0.021564808,1.1064248,1.2848095,594.0712803499955,599.7784,602.5083,606.9305,599.7999,603.61475,608.2153,2296.3398,1688.1245290039064,train
2026-01-12 02:00:00,ZONE_A,0.0,0.34645838,0.06768104,0.0,596.2205586031317,600.4049,598.3462,607.7506,600.75134,598.4139,607.7506,2288.0122,1680.2615896484376,train
2026-01-12 02:15:00,ZONE_A,0.0,0.18213968,0.0,0.0,607.7103914301498,597.27655,597.9566,604.00714,597.4587,597.9566,604.00714,2286.1172,1682.110058886719,train
2026-01-12 02:30:00,ZONE_A,0.0,0.23449679,0.0,0.0,588.3231993386228,599.89453,600.8976,607.8064,600.129,600.8976,607.8064,2287.457,1679.6506035156249,train
2026-01-12 02:45:00,ZONE_A,0.0,0.21455808,1.0552344,1.5718057,596.1140026591538,599.2376,598.07886,604.7495,599.45215,599.1341,606.3213,2290.4014,1684.0801109375002,train
2026-01-12 03:00:00,ZONE_A,0.0,0.39881548,0.0,0.0,603.1247169345497,600.04663,596.5054,606.764,600.44543,596.5054,606.764,2286.917,1680.1530229492187,train
2026-01-12 03:15:00,ZONE_A,0.0,0.22614527,0.0,0.0,597.8769963518778,599.46063,599.69,608.2585,599.68677,599.69,608.2585,2288.6052,1680.3467161132812,train
2026-01-12 03:30:00,ZONE_A,0.0,0.23449679,0.0,0.47090968,588.1459934499456,598.4823,598.8197,607.17847,598.7168,598.8197,607.64935,2288.5955,1680.9461469726562,train
2026-01-12 03:45:00,ZONE_A,0.0,0.38892692,1.0552344,1.5718057,599.0430956196515,598.0941,597.3178,604.0318,598.48303,598.37305,605.6036,2293.8088,1688.2052233398435,train
2026-01-12 04:00:00,ZONE_A,0.0,0.38868913,0.0,0.0,593.3732789876397,596.8838,594.5976,607.3193,597.27246,594.5976,607.3193,2286.9023,1679.5830250976564,train
2026-01-12 04:15:00,ZONE_A,0.0,0.0,0.0,0.0,588.1692290243886,596.92883,599.84735,566.3816,596.92883,599.84735,566.3816,2286.488,1720.1064082031248,train
2026-01-12 04:30:00,ZONE_A,0.0,0.40886563,0.9276571,2.0062654,598.8762500166783,597.05,599.54376,601.261,597.45886,600.47144,603.2673,2295.3293,1692.0620270507811,train
2026-01-12 04:45:00,ZONE_A,0.0,0.38892692,1.3081288,7.5330644,596.2601943285547,598.65875,585.86646,593.38043,599.04767,587.17456,600.9135,2293.0952,1692.1816868164065,train
2026-01-12 05:00:00,ZONE_A,0.0,0.20582226,0.80374104,0.84245706,600.7059749998738,585.3931,600.6893,608.0204,585.59894,601.493,608.86285,2537.731,1928.868145996094,train
2026-01-12 05:15:00,ZONE_A,0.0,0.023684131,0.47392693,4.0489106,596.0885958788537,594.86224,595.8309,592.3288,594.8859,596.3048,596.3777,2592.956,1996.5783144531251,train
2026-01-12 05:30:00,ZONE_A,0.0,0.0,0.8433135,1.1555064,593.6435376519037,593.8299,594.9006,586.08307,593.8299,595.7439,587.2386,2586.0234,1998.7848135742188,train
2026-01-12 05:45:00,ZONE_A,0.0,0.1261812,3.486265,11.056912,602.998631784646,594.1578,591.00525,567.14526,594.28394,594.4915,578.20215,2622.8977,2044.6955515625,train
2026-01-12 06:00:00,ZONE_A,0.0,4.370111,6.787819,26.579615,603.4510014597782,590.503,597.3377,584.3694,594.8731,604.12555,610.949,2685.665,2074.716025390625,train
2026-01-12 06:15:00,ZONE_A,0.0,0.1941261,17.001457,46.399014,593.4694113006686,595.72437,593.07544,574.51965,595.9185,610.0769,620.91864,2699.0273,2078.1086598632814,train
2026-01-12 06:30:00,ZONE_A,0.0,3.7355223,4.816648,99.60943,595.6712717213184,588.89105,596.4146,595.9074,592.6266,601.23126,695.51685,2734.0266,2038.5097542968751,train
2026-01-12 06:45:00,ZONE_A,0.0,0.0,27.922907,127.87252,590.5624371092828,596.3959,587.31335,483.57104,596.3959,615.23627,611.44354,2779.8242,2168.3806575195313,train
2026-01-12 07:00:00,ZONE_A,0.0,43.04363,119.19744,197.11798,603.120141459077,591.052,565.617,509.7676,634.09564,684.81445,706.8856,2796.511,2089.6253798828125,train
2026-01-12 07:15:00,ZONE_A,63.53874736254175,120.25346,171.45686,282.8628,600.8572863260631,577.01056,478.46948,465.05545,697.26404,649.92633,747.9182,2847.1145,2099.196287109375,train
2026-01-12 07:30:00,ZONE_A,125.81207936737582,179.05374,222.22437,372.40475,595.5095580956787,487.46686,468.86182,434.97052,666.5206,691.0862,807.37524,2881.634,2074.258755859375,train
2026-01-12 07:45:00,ZONE_A,186.4154085577701,230.3842,289.41254,402.3358,481.1562453656407,457.1646,465.0193,469.47754,687.5488,754.4318,871.81335,2911.131,2039.3176455078124,train
2026-01-12 08:00:00,ZONE_A,220.0684692730729,274.74896,344.40753,430.16672,444.83105722345664,456.78802,454.0684,555.663,731.537,798.47595,985.8297,2951.7844,1965.9546880859375,train
2026-01-12 08:15:00,ZONE_A,282.733385839618,345.0117,400.61578,533.20404,481.2682768366636,454.7481,472.21033,543.75604,799.75977,872.8261,1076.9601,2963.0771,1886.1170169921875,train
2026-01-12 08:30:00,ZONE_A,356.4988405111315,412.8184,470.82703,593.58844,369.6833771680066,435.0198,556.2751,499.52298,847.8382,1027.102,1093.1115,3013.3167,1920.2052498046874,train
2026-01-12 08:45:00,ZONE_A,421.3372006824706,469.0447,545.49347,624.66455,460.7955826457802,562.2158,499.5483,554.84296,1031.2605,1045.0417,1179.5076,3054.1165,1874.608931640625,train
2026-01-12 09:00:00,ZONE_A,477.239941994169,543.28766,592.9177,657.93195,587.2814756553915,530.2727,577.09106,507.72275,1073.5603,1170.0088,1165.6547,2697.491,1531.8363369140625,train
2026-01-12 09:15:00,ZONE_A,567.6863232145784,603.38855,644.8476,727.4129,465.1232213375717,533.9868,555.0655,451.3136,1137.3754,1199.9131,1178.7266,2688.9753,1510.2487375,train
2026-01-12 09:30:00,ZONE_A,623.2218560393432,655.36865,689.95605,799.63403,595.4818731556668,574.69977,560.9461,561.8279,1230.0684,1250.9021,1361.4619,2708.9316,1347.4696859375,train
2026-01-12 09:45:00,ZONE_A,634.4826128807117,668.5467,714.8416,807.76715,590.6794629813736,571.91534,527.60815,568.977,1240.462,1242.4497,1376.7441,2697.6226,1320.8784593750001,train
2026-01-12 10:00:00,ZONE_A,667.9377899073598,708.8093,778.0655,815.2644,600.5488746781809,529.6841,573.3571,563.988,1238.4934,1351.4226,1379.2524,2705.3801,1326.1276585937499,train
2026-01-12 10:15:00,ZONE_A,716.37230822147,757.6702,774.9086,820.4136,564.6596361524189,569.20197,591.65936,472.98035,1326.8722,1366.568,1293.3939,2677.2275,1383.8335791015625,train
2026-01-12 10:30:00,ZONE_A,771.950534616166,785.76965,801.6918,728.74615,610.9668372180294,599.5932,588.2101,401.85468,1385.3628,1389.9019,1130.6008,2775.9595,1645.358669921875,train
2026-01-12 10:45:00,ZONE_A,766.0785349595933,814.4359,814.88165,755.2432,606.2957451232035,593.6958,510.10834,402.7357,1408.1317,1324.99,1157.9789,2682.7869,1524.8080181640626,train
2026-01-12 11:00:00,ZONE_A,811.7987193329018,805.0217,721.6006,755.77386,590.3233759708011,510.97223,418.69043,518.7623,1315.9939,1140.291,1274.5361,2727.6765,1453.1403671875,train
2026-01-12 11:15:00,ZONE_A,797.3140388002961,715.1157,751.6394,735.62463,514.6311946057046,412.89713,407.79095,507.1488,1128.0128,1159.4304,1242.7734,2690.703,1447.9295625,train
2026-01-12 11:30:00,ZONE_A,714.2804356530261,737.9963,743.8471,685.0452,375.5836179658572,403.31284,464.3476,450.70926,1141.3091,1208.1947,1135.7545,2725.0715,1589.3169833984375,train
2026-01-12 11:45:00,ZONE_A,740.3062401265295,749.5033,733.717,727.1198,395.6821182909303,449.59528,463.62228,376.4513,1199.0986,1197.3392,1103.571,2692.432,1588.8609550781248,train
2026-01-12 12:00:00,ZONE_A,736.7393131636744,730.24365,706.78937,739.1252,458.504719828094,492.9805,424.26163,408.18692,1223.2241,1131.051,1147.3121,2702.8916,1555.5794662109374,train
2026-01-12 12:15:00,ZONE_A,721.6913716840546,696.83057,726.7809,767.28925,516.8602254011438,477.8835,399.89713,458.73083,1174.7141,1126.678,1226.02,2787.5217,1561.5016804687498,train
2026-01-12 12:30:00,ZONE_A,671.9590231538018,692.56006,694.7189,714.2602,493.50816553128703,408.20013,446.6797,501.22992,1100.7603,1141.3986,1215.4901,2695.5017,1480.0115876953123,train
2026-01-12 12:45:00,ZONE_A,702.8367238689142,731.5019,750.1337,718.8583,392.3970940373295,395.43582,435.45706,408.3637,1126.9377,1185.5908,1127.2219,2693.0562,1565.834276171875,train
2026-01-12 13:00:00,ZONE_A,728.4611166986872,733.8604,726.842,701.7596,340.9292223033497,369.07254,393.98172,333.4517,1102.933,1120.8237,1035.2113,2687.8948,1652.6834962890625,train
2026-01-12 13:15:00,ZONE_A,748.7007736419472,739.41534,701.52234,717.90814,428.5111235096196,419.6209,431.66602,359.97006,1159.0363,1133.1884,1077.8782,2685.295,1607.416826171875,train
2026-01-12 13:30:00,ZONE_A,741.3827529664297,702.746,731.5225,725.0213,396.7757609654888,400.94293,323.2302,318.7864,1103.689,1054.7527,1043.8077,2685.1545,1641.3467607421876,train
2026-01-12 13:45:00,ZONE_A,683.5082561861449,705.2228,693.5849,646.4388,404.27718087454775,350.85406,417.58188,354.4061,1056.0769,1111.1667,1000.84485,2696.7214,1695.8765513671874,train
2026-01-12 14:00:00,ZONE_A,717.7114525262836,709.0649,710.2489,644.36066,324.184466147239,357.49515,320.8088,448.25674,1066.56,1031.0577,1092.6174,2780.4844,1687.8669683593748,train
2026-01-12 14:15:00,ZONE_A,708.2263979085604,698.93744,689.4688,607.82385,336.8024377361594,309.66318,340.2287,338.55463,1008.6006,1029.6975,946.3785,2684.8972,1738.5187209960936,train
2026-01-12 14:30:00,ZONE_A,713.1692724471503,694.5821,648.283,580.9332,315.2347849950205,351.73575,411.49634,409.8991,1046.3179,1059.7793,990.83234,2695.292,1704.4596635742187,train
2026-01-12 14:45:00,ZONE_A,709.0883454105815,658.321,633.7335,576.8927,388.7034954045421,421.64627,348.65927,338.00598,1079.9673,982.3928,914.8987,2689.3547,1774.4560183593749,train
2026-01-12 15:00:00,ZONE_A,644.8051541773622,618.86304,587.2216,507.97647,461.446784699057,428.12042,417.42346,246.54007,1046.9834,1004.6451,754.51654,2801.648,2047.1314594726564,train
2026-01-12 15:15:00,ZONE_A,619.0373396389484,581.5447,573.9507,450.9827,419.2297439684139,450.58948,351.50552,340.8991,1032.1342,925.4562,791.88184,2812.664,2020.7821640625002,train
2026-01-12 15:30:00,ZONE_A,583.4714286001099,559.3682,510.32202,387.81042,395.3674736864508,343.65085,263.10336,238.23997,903.01904,773.4254,626.0504,2800.3147,2174.2642849609374,train
2026-01-12 15:45:00,ZONE_A,586.0313024525527,529.1194,470.1071,362.74026,352.4015403427558,277.92456,265.4616,266.60764,807.04395,735.5687,629.3479,2801.5837,2172.235799609375,train
2026-01-12 16:00:00,ZONE_A,520.235611618293,462.33804,414.14365,301.96475,261.80955271608394,244.07578,225.95589,266.18884,706.4138,640.09955,568.15356,2810.6248,2242.471235546875,train
2026-01-12 16:15:00,ZONE_A,455.3635455053576,407.67676,350.14096,222.50784,207.9026532232656,216.64108,225.90582,289.27158,624.3179,576.04675,511.77942,2808.6318,2296.8523810546876,train
2026-01-12 16:30:00,ZONE_A,405.9987814467144,347.45377,284.73877,141.72206,217.3420842374344,227.9243,235.14668,267.197,575.37805,519.88544,408.91907,2808.228,2399.3089326171876,train
2026-01-12 16:45:00,ZONE_A,355.11598126104406,297.05768,228.76006,85.66063,236.3740018028832,259.23123,276.52054,271.27747,556.28894,505.28058,356.9381,2810.116,2453.1778896484375,train
2026-01-12 17:00:00,ZONE_A,280.28810248578714,226.22546,150.37683,14.961366,243.97205153253964,259.15115,292.88834,293.9687,485.37662,443.26517,308.93005,2815.1345,2506.2044462890626,train
2026-01-12 17:15:00,ZONE_A,223.64223745551564,150.01445,79.80091,0.0,226.1890997697559,279.2994,244.44891,210.08443,429.31384,324.24982,210.08443,2816.4497,2606.3652731201173,train
2026-01-12 17:30:00,ZONE_A,146.66440194673876,76.32504,10.309826,0.0,289.419766441005,275.6123,300.31174,78.54101,351.93735,310.62155,78.54101,2822.2686,2743.7275920043944,train
2026-01-12 17:45:00,ZONE_A,72.0448902723166,4.3130217,0.0,0.0,288.94188930715967,313.33282,229.4262,72.45538,317.64584,229.4262,72.45538,2821.211,2748.7556166992185,train
2026-01-12 18:00:00,ZONE_A,0.0,0.63506025,2.7592332,5.946261,343.37805440184167,256.4702,115.29556,144.32863,257.1053,118.054794,150.27489,2822.0105,2671.735612915039,train
2026-01-12 18:15:00,ZONE_A,0.0,0.0,0.0,4.545102,220.8114600562095,92.184265,84.22196,55.862198,92.184265,84.22196,60.4073,2823.7205,2763.313200958252,train
2026-01-12 18:30:00,ZONE_A,0.0,0.0,0.0,2.8262224,67.23862532343867,70.28831,72.870125,36.398094,70.28831,72.870125,39.224316,2811.1416,2771.9172843566894,train
2026-01-12 18:45:00,ZONE_A,0.0,0.0,1.4880594,1.0105853,74.60119373057132,83.37627,54.138767,79.0432,83.37627,55.626827,80.05378,2805.8403,2725.786520397949,train
2026-01-12 19:00:00,ZONE_A,0.0,0.0,0.0,4.2755857,41.08928696402778,35.04641,28.74457,85.564316,35.04641,28.74457,89.839905,2803.125,2713.2850952148438,train
2026-01-12 19:15:00,ZONE_A,0.0,0.0,0.0,0.0,37.61138486649833,36.91257,62.0052,77.070625,36.91257,62.0052,77.070625,2809.305,2732.234374694824,train
2026-01-12 19:30:00,ZONE_A,0.0,0.0,0.0,0.0,31.834032059349,41.796036,65.411804,84.6202,41.796036,65.411804,84.6202,2801.6406,2717.0203988891603,train
2026-01-12 19:45:00,ZONE_A,0.0,0.0,0.0,0.0,63.71419646357987,75.17177,73.69114,98.144196,75.17177,73.69114,98.144196,2801.2583,2703.1141044433593,train
2026-01-12 20:00:00,ZONE_A,0.0,0.0,0.1719329,0.0,74.543030729809,85.48952,103.96798,104.11322,85.48952,104.139915,104.11322,2666.4043,2562.2910797851564,train
2026-01-12 20:15:00,ZONE_A,0.0,0.0,0.0,0.0,79.4982312096744,95.03122,115.40223,116.39154,95.03122,115.40223,116.39154,2644.9126,2528.5210594726564,train
2026-01-12 20:30:00,ZONE_A,0.0,0.0,0.0,0.0,105.32981538354952,122.736465,117.87416,94.809166,122.736465,117.87416,94.809166,2625.6353,2530.82613404541,train
2026-01-12 20:45:00,ZONE_A,0.0,0.0,0.9169412,0.0,119.8172748964006,124.09823,128.64368,103.31556,124.09823,129.56062,103.31556,2600.3752,2497.059640612793,train
2026-01-12 21:00:00,ZONE_A,0.0,0.3573288,0.19189355,0.16193202,101.9890923777095,124.00586,100.29617,61.498627,124.36319,100.48807,61.66056,2560.7637,2499.10313939209,train
2026-01-12 21:15:00,ZONE_A,0.0,0.26093024,0.0,0.489433,144.58152663899108,117.32645,110.02281,99.36414,117.58738,110.02281,99.85358,2491.0027,2391.1491233398438,train
2026-01-12 21:30:00,ZONE_A,0.0,0.0780633,0.0,0.489433,100.308175803101,106.97434,73.15909,104.69476,107.05241,73.15909,105.1842,2495.1445,2389.960303527832,train
2026-01-12 21:45:00,ZONE_A,0.0,0.2409915,0.0,0.20255771,111.98162679975428,78.42919,91.954285,90.140335,78.67018,91.954285,90.342896,2500.8293,2410.4864044921874,train
2026-01-12 22:00:00,ZONE_A,0.0,0.47637594,0.36487833,0.0,64.71772056464697,73.60785,87.72331,67.71204,74.08423,88.08819,67.71204,2416.0203,2348.308256237793,train
2026-01-12 22:15:00,ZONE_A,0.0,0.44542554,0.0,0.8254783,70.58082317751338,79.089005,89.59282,68.73623,79.53443,89.59282,69.56171,2389.7312,2320.1694934570314,train
2026-01-12 22:30:00,ZONE_A,0.0,0.0780633,0.16304919,0.0,77.77098999875955,85.95867,91.27006,87.81959,86.036736,91.433105,87.81959,2382.8684,2295.0488122924803,train
2026-01-12 22:45:00,ZONE_A,0.0,0.42548677,0.52923554,0.0,131.29100728992194,117.289856,93.80322,117.99873,117.71534,94.33246,117.99873,2395.8108,2277.8120664794924,train
2026-01-12 23:00:00,ZONE_A,0.0,0.47637594,1.8258711,0.0,78.76201633181489,77.99809,91.217316,67.37241,78.47447,93.04319,67.37241,2323.1953,2255.822886364746,train
2026-01-12 23:15:00,ZONE_A,0.0,0.44542554,0.9403723,0.0,63.857405668704985,73.09845,94.9081,67.11872,73.54388,95.848465,67.11872,2315.3584,2248.2396789916993,train
2026-01-12 23:30:00,ZONE_A,0.0,0.26093024,0.43012962,0.0,85.64764648167932,97.723114,83.0502,72.74886,97.98405,83.48033,72.74886,2309.4148,2236.665936779785,train
2026-01-12 23:45:00,ZONE_A,0.0,0.16274098,0.032137312,0.64901704,98.04178675970742,90.83014,89.328354,122.21458,90.99288,89.36049,122.863594,2291.4907,2168.627105944824,train
2026-01-13 00:00:00,ZONE_A,0.0,0.20582226,0.0,0.0,101.06838845151086,98.97948,82.14445,96.24354,99.1853,82.14445,96.24354,2320.509,2224.265462097168,train
2026-01-13 00:15:00,ZONE_A,0.0,0.041503515,0.0,0.0,73.02395862196255,75.42576,114.2106,86.41236,75.46726,114.2106,86.41236,2294.0154,2207.6030388549807,train
2026-01-13 00:30:00,ZONE_A,0.0,0.41899198,0.0,0.5352127,57.31232974052202,68.57456,64.417755,91.23682,68.99355,64.417755,91.772026,2293.0881,2201.316073937988,train
2026-01-13 00:45:00,ZONE_A,0.0,0.38892692,1.5945297,1.4613916,91.97090250103754,96.1376,96.95307,80.745224,96.52653,98.5476,82.20662,2290.0615,2207.8548807373045,train
2026-01-13 01:00:00,ZONE_A,0.0,0.69368666,0.0,0.0,90.13238236587524,90.73195,109.09691,94.62908,91.42564,109.09691,94.62908,2302.7173,2208.0882182739256,train
2026-01-13 01:15:00,ZONE_A,0.0,0.0,0.0,0.0,102.89485834881177,103.33959,94.473114,99.34546,103.33959,94.473114,99.34546,2293.4546,2194.109141015625,train
2026-01-13 01:30:00,ZONE_A,0.0,0.041503515,0.0,0.0,99.1228591326865,94.30044,86.58947,148.75829,94.34194,86.58947,148.75829,2290.983,2142.2247144775392,train
2026-01-13 01:45:00,ZONE_A,0.0,0.0,1.6457201,1.1816306,64.41506944686259,73.24686,79.3944,102.06376,73.24686,81.04012,103.24539,2301.2703,2198.024908154297,train
2026-01-13 02:00:00,ZONE_A,0.0,3.7796502,0.0,0.0,92.0152600071822,99.47788,156.4199,147.5307,103.25753,156.4199,147.5307,2289.3684,2141.837699316406,train
2026-01-13 02:15:00,ZONE_A,0.0,0.041503515,0.0,0.0,106.6689145793636,150.2656,122.28505,102.17942,150.3071,122.28505,102.17942,2286.6704,2184.4909795288086,train
2026-01-13 02:30:00,ZONE_A,0.0,0.041503515,0.0,0.36773103,209.23084320175465,196.64984,200.73663,142.04454,196.69135,200.73663,142.41228,2292.8652,2150.4529227783205,train
2026-01-13 02:45:00,ZONE_A,0.0,0.16220094,1.5065471,1.5718057,160.5898699706093,176.3542,142.27113,178.88544,176.5164,143.77768,180.45724,2289.517,2109.059755126953,train
2026-01-13 03:00:00,ZONE_A,0.0,0.7038131,0.0,0.0,199.830121473043,155.9965,148.6203,111.44575,156.70032,148.6203,111.44575,2286.4834,2175.037652624512,train
2026-01-13 03:15:00,ZONE_A,0.0,0.041503515,0.0,0.0,138.88985286385756,130.23763,164.89082,104.68209,130.27913,164.89082,104.68209,2284.143,2179.4609092407227,train
2026-01-13 03:30:00,ZONE_A,0.0,0.40886563,0.0,0.75790596,143.9314702443862,150.47418,110.862434,102.433266,150.88304,110.862434,103.19117,2284.2434,2181.0522302612303,train
2026-01-13 03:45:00,ZONE_A,0.0,0.20443171,1.2443464,0.2860725,191.6143720594349,132.90044,124.34491,143.17412,133.10487,125.58926,143.46019,2295.3306,2151.870410180664,train
2026-01-13 04:00:00,ZONE_A,0.0,0.38868913,1.414844,0.0,102.51595810758998,96.62136,81.24687,76.37624,97.01005,82.66171,76.37624,2290.8752,2214.4989564086914,train
2026-01-13 04:15:00,ZONE_A,0.0,0.22437042,0.0,0.0,96.15467535311528,87.464966,88.5153,72.12219,87.68934,88.5153,72.12219,2285.1494,2213.0272076171873,train
2026-01-13 04:30:00,ZONE_A,0.0,0.22437042,0.0,6.4542236,79.18164727801066,81.25479,72.439674,89.969604,81.479164,72.439674,96.42383,2294.3767,2197.952871875,train
2026-01-13 04:45:00,ZONE_A,0.0,0.20443171,1.2825174,1.5718057,61.626314267397845,60.88901,75.68547,127.32153,61.093445,76.96799,128.89334,2288.2126,2159.3192589355467,train
2026-01-13 05:00:00,ZONE_A,0.0,0.5731844,0.0164907,0.0,70.06236076829279,71.68622,92.19514,77.47459,72.2594,92.211624,77.47459,2508.598,2431.1234135131836,train
2026-01-13 05:15:00,ZONE_A,0.0,0.22437042,1.3440229,0.28246608,106.40299636146216,110.52987,119.96905,89.75058,110.75424,121.31307,90.03304,2606.7834,2516.750357092285,train
2026-01-13 05:30:00,ZONE_A,0.0,0.13878179,2.5181894,7.9342036,98.95729446879744,111.491554,73.39508,62.22706,111.63033,75.91327,70.16126,2600.6619,2530.500637487793,train
2026-01-13 05:45:00,ZONE_A,0.0,0.021564808,0.2438435,1.9154502,108.4223961197168,93.40692,87.12349,129.59654,93.42849,87.36733,131.512,2608.083,2476.571006591797,train
2026-01-13 06:00:00,ZONE_A,0.0,0.0,0.47205314,20.1006,109.69884058437884,101.78043,72.92628,108.485535,101.78043,73.39833,128.58614,2689.4058,2560.819664135742,train
2026-01-13 06:15:00,ZONE_A,0.0,0.0112591805,0.98551065,66.34756,109.73507599743688,77.55334,111.413605,88.167915,77.5646,112.39912,154.51547,2725.9146,2571.3991275878907,train
2026-01-13 06:30:00,ZONE_A,0.0,0.1158756,0.95213383,75.34674,76.65944270042777,95.344955,92.76565,91.02924,95.46083,93.71778,166.37598,2738.6865,2572.3105234375,train
2026-01-13 06:45:00,ZONE_A,0.0,0.0,40.07565,118.980415,110.16094303654056,108.04867,99.02835,98.633514,108.04867,139.104,217.61392,2763.4434,2545.8294778808595,train
2026-01-13 07:00:00,ZONE_A,0.0,43.916832,81.28077,187.15967,123.03567647932516,120.82955,106.37956,105.60056,164.74638,187.66034,292.76022,2797.3484,2504.588176611328,train
2026-01-13 07:15:00,ZONE_A,66.06904649372473,126.40362,182.88972,292.34503,140.1102444262363,120.51726,124.43929,65.1832,246.92087,307.329,357.52823,2847.755,2490.2267712402345,train
2026-01-13 07:30:00,ZONE_A,128.37923350042044,186.68723,254.08781,371.6667,107.72718054171884,105.82958,105.93465,38.91628,292.5168,360.02246,410.58298,2878.3887,2467.805722705078,train
2026-01-13 07:45:00,ZONE_A,187.546517956912,247.73897,297.76077,441.37866,93.79423776549731,97.42537,57.082436,63.442295,345.16434,354.8432,504.82095,2930.0007,2425.1797466308594,train
2026-01-13 08:00:00,ZONE_A,262.85043584655926,304.5175,382.68915,509.1214,88.02449605299996,63.3968,46.252106,34.44003,367.91428,428.94125,543.5614,2928.959,2385.3975986328123,train
2026-01-13 08:15:00,ZONE_A,311.2012386924136,375.96292,431.08942,508.24268,48.04495817364624,32.650925,42.041687,18.89979,408.61383,473.1311,527.14246,2973.6714,2446.5289439453127,train
2026-01-13 08:30:00,ZONE_A,404.9035377084092,454.48544,509.404,624.1839,21.54918961404516,23.860992,24.837097,16.705618,478.34644,534.2411,640.8895,3003.8972,2363.0076736328124,train
2026-01-13 08:45:00,ZONE_A,446.80695443283247,493.1256,540.0691,657.2963,14.542656276888168,17.741226,12.612112,11.994872,510.86682,552.6812,669.2912,3006.1638,2336.872601269531,train
2026-01-13 09:00:00,ZONE_A,519.378614515194,559.37366,625.7454,718.13525,20.01277664558268,20.225079,15.903547,10.442307,579.59875,641.649,728.5776,2683.9792,1955.4016243164065,train
2026-01-13 09:15:00,ZONE_A,550.2601950047687,607.12317,636.5507,751.792,13.710568473763434,15.477989,9.987138,15.406202,622.60114,646.53784,767.1982,2701.1008,1933.9026188476564,train
2026-01-13 09:30:00,ZONE_A,622.9296118791561,665.9988,738.78986,798.1807,6.483690277843372,8.44581,9.6154175,17.632479,674.4446,748.4053,815.81323,2717.5198,1901.706567578125,train
2026-01-13 09:45:00,ZONE_A,658.1601478691423,720.37714,784.5337,869.10944,3.102438376096821,1.187405,3.669128,13.309908,721.5645,788.2028,882.4194,2703.839,1821.4196274414062,train
2026-01-13 10:00:00,ZONE_A,749.0850811863834,789.4437,846.79285,911.77637,1.7773801914582463,0.6406904,6.3997083,13.980841,790.0844,853.19257,925.7572,2685.6138,1759.8565978515626,train
2026-01-13 10:15:00,ZONE_A,797.9014238518731,842.3206,901.6116,892.5815,0.8503950411637176,3.4712517,7.5008082,25.195969,845.7919,909.11237,917.77747,2713.4412,1795.6637341796877,train
2026-01-13 10:30:00,ZONE_A,861.0589534736811,905.51196,923.4147,814.4369,9.581290722241029,12.453685,30.659775,25.647104,917.96564,954.07446,840.084,2717.283,1877.199015625,train
2026-01-13 10:45:00,ZONE_A,912.0774585335004,927.3614,888.71277,848.6917,19.139879258094457,21.009705,37.297146,11.975513,948.3711,926.0099,860.66724,2761.5261,1900.858863671875,train
2026-01-13 11:00:00,ZONE_A,921.245303223892,898.90674,829.6882,788.38354,34.328809539213786,34.103348,29.380634,19.0684,933.0101,859.0688,807.45197,2700.6997,1893.2477346679689,train
2026-01-13 11:15:00,ZONE_A,883.3257090172717,828.2262,842.7066,801.94543,56.16210164379992,44.49829,22.554754,40.432102,872.7245,865.26135,842.37756,2716.611,1874.2334365234374,train
2026-01-13 11:30:00,ZONE_A,810.6618412748077,823.2485,772.0423,773.5713,36.59425503966648,27.619095,25.775623,25.560339,850.86755,797.81793,799.13165,2692.1306,1892.9989471679687,train
2026-01-13 11:45:00,ZONE_A,834.1160458579163,803.0097,809.46747,791.5461,19.104876291990056,14.952669,21.27155,11.602799,817.9624,830.739,803.14886,2715.9614,1912.8125352539064,train
2026-01-13 12:00:00,ZONE_A,795.6011863851844,800.23065,803.1874,755.59894,9.266025553807404,13.5183935,11.905894,8.179898,813.749,815.09326,763.7788,2692.3616,1928.5827914062502,train
2026-01-13 12:15:00,ZONE_A,807.7704727834147,801.6654,791.06024,757.02734,22.16033987598716,19.688292,15.154478,11.558518,821.3537,806.2147,768.5859,2675.5842,1906.998323535156,train
2026-01-13 12:30:00,ZONE_A,796.4180825187981,788.5058,767.06055,793.0453,16.0571187642901,14.712103,8.972497,7.5011964,803.2179,776.033,800.5465,2691.0784,1890.5318912109374,train
2026-01-13 12:45:00,ZONE_A,800.0284284210986,773.5198,764.9279,749.59906,6.405580598536576,4.525871,4.0874615,6.2606344,778.04565,769.0154,755.8597,2701.6765,1945.8168198242188,train
2026-01-13 13:00:00,ZONE_A,781.1148128125673,764.4388,773.43646,736.4748,4.495737286152163,3.4193983,4.2409806,5.515337,767.85815,777.6774,741.9901,2697.311,1955.3208876953126,train
2026-01-13 13:15:00,ZONE_A,757.9175797538028,770.2366,758.60205,673.7876,3.472210731304438,4.341341,1.3440955,1.7600639,774.57794,759.94617,675.54767,2702.6675,2027.1198315429688,train
2026-01-13 13:30:00,ZONE_A,771.7768375937626,762.5265,736.1583,703.6213,4.50461808235089,3.323284,2.8109057,5.006315,765.8498,738.96924,708.62756,2686.555,1977.9274365234373,train
2026-01-13 13:45:00,ZONE_A,768.6353697463854,756.78674,675.5286,674.10443,5.797242585629011,3.98927,3.388872,5.585693,760.776,678.9175,679.6901,2691.3054,2011.6152754882814,train
2026-01-13 14:00:00,ZONE_A,736.4426379927423,677.79736,693.6894,576.80396,2.544006099135085,2.1063461,1.2967511,0.0,679.9037,694.98615,576.80396,2688.2046,2111.400644921875,train
2026-01-13 14:15:00,ZONE_A,677.9937968136686,686.24567,647.18555,504.7403,5.040298571850816,2.8867457,3.5290744,6.0166135,689.1324,650.7146,510.7569,2678.4805,2167.723603027344,train
2026-01-13 14:30:00,ZONE_A,700.8620015901316,666.76404,577.0515,470.6264,2.5788261300171578,3.1358786,0.07941012,0.0,669.8999,577.1309,470.6264,2688.6196,2217.9931961914062,train
2026-01-13 14:45:00,ZONE_A,662.2197146423175,580.0262,520.4558,386.24634,2.218765001765249,1.2734172,2.6026752,2.455555,581.2996,523.0585,388.7019,2686.6157,2297.913795703125,train
2026-01-13 15:00:00,ZONE_A,564.5058034055236,513.4933,448.51483,364.43716,4.599416628716285,3.6626978,0.2887466,0.0,517.156,448.8036,364.43716,2792.8933,2428.4561356933596,train
2026-01-13 15:15:00,ZONE_A,509.3769008884845,448.4601,383.2921,315.4306,2.3771184400475764,0.9428914,0.0,1.0522957,449.403,383.2921,316.4829,2805.3623,2488.87938984375,train
2026-01-13 15:30:00,ZONE_A,433.5148784574544,387.4336,343.79132,256.70285,0.8804214889503301,1.771732,0.0,0.0,389.20532,343.79132,256.70285,2799.9004,2543.197549658203,train
2026-01-13 15:45:00,ZONE_A,383.6310755674912,344.5189,302.5227,212.89482,2.394054778934785,1.8902317,2.0882041,5.029768,346.40912,304.6109,217.92459,2802.6792,2584.754608935547,train
2026-01-13 16:00:00,ZONE_A,347.44726549413275,300.92303,240.73618,175.8222,0.0,0.91464585,0.0,5.0984745,301.83768,240.73618,180.92068,2801.1895,2620.268815185547,train
2026-01-13 16:15:00,ZONE_A,294.5052263447175,239.40912,207.40233,119.57714,0.0,0.0,3.4578314,6.373764,239.40912,210.86015,125.950905,2803.5403,2677.5893951538087,train
2026-01-13 16:30:00,ZONE_A,236.37314597328088,203.0853,179.55034,84.66517,0.7773115288668906,4.5801215,3.1576636,12.264592,207.66542,182.70801,96.92976,2800.8464,2703.9166362060546,train
2026-01-13 16:45:00,ZONE_A,216.37754059135665,179.06064,131.96814,50.5374,8.694725462260061,7.0960007,8.148907,5.2946215,186.15665,140.11705,55.83202,2805.6738,2749.841780194092,train
2026-01-13 17:00:00,ZONE_A,191.3991255619568,143.84631,95.41696,2.6577418,13.01422365014902,14.881058,13.95374,5.642811,158.72737,109.370705,8.300552,2809.5637,2801.263147631836,train
2026-01-13 17:15:00,ZONE_A,131.4650411675137,88.712845,49.095554,0.0,17.18838823927373,17.207876,11.606046,9.546084,105.92072,60.7016,9.546084,2813.9155,2804.3694155960084,train
2026-01-13 17:30:00,ZONE_A,90.56432886625775,47.333893,0.0,0.0,23.868291833335903,18.17312,17.942085,15.012365,65.50701,17.942085,15.012365,2824.0176,2809.0052346588136,train
2026-01-13 17:45:00,ZONE_A,46.99655484390849,0.9550349,0.0,10.262812,12.43774166461288,11.974659,9.673823,10.275425,12.929694,9.673823,20.538237,2817.3792,2796.840963381958,train
2026-01-13 18:00:00,ZONE_A,0.0,0.0,2.1813858,0.0,13.536925931153744,13.42266,9.859487,15.725003,13.42266,12.040873,15.725003,2811.4065,2795.6814967575074,train
2026-01-13 18:15:00,ZONE_A,0.0,0.0,0.0,8.442022,13.279337437127484,12.91103,8.779141,12.343797,12.91103,8.779141,20.78582,2807.0286,2786.242779992676,train
2026-01-13 18:30:00,ZONE_A,0.0,0.0,0.0,0.0,15.96708340256561,15.522023,14.375665,12.477569,15.522023,14.375665,12.477569,2819.6636,2807.186031373596,train
2026-01-13 18:45:00,ZONE_A,0.0,0.0,0.0,0.0,17.697589600761,19.082033,14.291165,10.821249,19.082033,14.291165,10.821249,2812.3904,2801.5691509918215,train
2026-01-13 19:00:00,ZONE_A,0.0,5.4041324,0.0,0.044180565,21.3107527340439,18.275278,18.714241,12.1439085,23.67941,18.714241,12.188089,2814.0884,2801.9003106292726,train
2026-01-13 19:15:00,ZONE_A,0.0,0.7951095,0.97321546,10.27099,18.08992830135648,15.181775,14.385479,9.753368,15.976885,15.358694,20.024359,2809.8452,2789.8208412506106,train
2026-01-13 19:30:00,ZONE_A,0.0,0.0,0.0,0.0,18.53755839684522,16.373137,15.050111,13.23467,16.373137,15.050111,13.23467,2800.902,2787.6673303146363,train
2026-01-13 19:45:00,ZONE_A,0.0,0.0,0.0,0.18577191,8.202259404368958,7.7839613,17.452011,8.619135,7.7839613,17.452011,8.804907,2805.3103,2796.5053931549073,train
2026-01-13 20:00:00,ZONE_A,0.0,5.408299,0.0,0.0,6.510948419863432,9.930232,10.810617,19.3081,15.3385315,10.810617,19.3081,2662.7178,2643.409700253296,train
2026-01-13 20:15:00,ZONE_A,0.0,0.031192876,0.0,0.76545244,17.017527831625458,15.599351,10.76138,10.04689,15.630544,10.76138,10.812343,2655.2473,2644.434957356262,train
2026-01-13 20:30:00,ZONE_A,0.0,0.15312135,0.0,0.0,20.088816483730835,18.081884,24.00876,11.22612,18.235006,24.00876,11.22612,2615.3518,2604.1256800048827,train
2026-01-13 20:45:00,ZONE_A,0.0,0.13318262,0.0,0.0,20.207921138396323,22.79143,17.94285,21.309313,22.924612,17.94285,21.309313,2584.815,2563.5056871795655,train
2026-01-13 21:00:00,ZONE_A,0.0,0.0,0.36165154,0.0,50.23798573343524,40.932125,21.585548,37.07631,40.932125,21.9472,37.07631,2552.5996,2515.5232907958984,train
2026-01-13 21:15:00,ZONE_A,0.0,0.21454963,0.0,0.6394559,26.87957377437153,23.57297,32.738068,28.82941,23.78752,32.738068,29.468866,2533.794,2504.3251336517333,train
2026-01-13 21:30:00,ZONE_A,0.0,0.21454963,0.0,0.0,14.270006141452765,17.502382,18.88937,21.892237,17.716932,18.88937,21.892237,2504.1777,2482.2854632904055,train
2026-01-13 21:45:00,ZONE_A,0.0,0.13318262,0.0,0.0,35.42655949648011,32.80866,27.149818,25.884436,32.94184,27.149818,25.884436,2480.382,2454.4975643463135,train
2026-01-13 22:00:00,ZONE_A,0.0,0.23954087,0.36165154,0.011723278,36.61602414390907,32.238766,31.602097,36.505062,32.478306,31.963749,36.516785,2415.5686,2379.0518153320313,train
2026-01-13 22:15:00,ZONE_A,0.0,0.0,0.0,0.0,32.65170278739956,29.689127,33.6899,22.744473,29.689127,33.6899,22.744473,2395.7,2372.9555274963377,train
2026-01-13 22:30:00,ZONE_A,0.0,0.21454963,0.0,0.0,17.297409020550482,18.428759,22.70813,15.140638,18.643309,22.70813,15.140638,2372.5303,2357.3896616485595,train
2026-01-13 22:45:00,ZONE_A,0.0,0.1946109,0.0,0.070444405,22.22822567700928,22.566675,18.366432,12.5243,22.761286,18.366432,12.594744,2356.3362,2343.7414562713625,train
2026-01-13 23:00:00,ZONE_A,0.0,0.03656683,0.18156761,0.0,29.96294060701421,26.390955,27.017712,21.88124,26.427523,27.19928,21.88124,2309.1157,2287.2344591552733,train
2026-01-13 23:15:00,ZONE_A,0.0,0.0,0.0,0.349802,16.29628455071908,16.994745,13.6586685,11.484789,16.994745,13.6586685,11.834591,2339.7827,2327.948109088135,train
2026-01-13 23:30:00,ZONE_A,0.0,0.0,0.0,0.0,15.111219507367236,13.787157,12.365739,17.879177,13.787157,12.365739,17.879177,2291.1562,2273.277022906494,train
2026-01-13 23:45:00,ZONE_A,0.0,0.0,0.0,0.070444405,12.064309986248526,13.882105,9.654108,16.69951,13.882105,9.654108,16.769955,2306.8462,2290.0762453186035,train
2026-01-14 00:00:00,ZONE_A,0.0,0.0,0.0,0.0,14.00673321285173,14.158462,19.432478,21.84635,14.158462,19.432478,21.84635,2318.351,2296.5046502838136,train
2026-01-14 00:15:00,ZONE_A,0.0,0.0,0.0,0.0,6.264570675625671,9.205003,14.621109,8.155331,9.205003,14.621109,8.155331,2290.4287,2282.273369342041,train
2026-01-14 00:30:00,ZONE_A,0.0,0.0,0.0,0.88209873,15.65924266013419,17.536243,19.410114,13.005669,17.536243,19.410114,13.887768,2291.9604,2278.072632208252,train
2026-01-14 00:45:00,ZONE_A,0.0,0.0,0.91038036,1.0172864,26.07998967287018,24.958277,23.493563,31.800003,24.958277,24.403942,32.81729,2292.3816,2259.5643087402345,train
2026-01-14 01:00:00,ZONE_A,0.0,0.0,0.0,0.0,21.32706403504645,22.83525,19.905716,18.765491,22.83525,19.905716,18.765491,2292.6733,2273.907808514404,train
2026-01-14 01:15:00,ZONE_A,0.0,0.0,0.0,0.0,18.903020990432843,19.127625,23.07697,11.351782,19.127625,23.07697,11.351782,2291.2651,2279.9133181549073,train
2026-01-14 01:30:00,ZONE_A,0.0,0.0,0.0,0.88209873,17.698913274760795,18.863907,14.853718,11.758543,18.863907,14.853718,12.640642,2286.9268,2274.2861578338625,train
2026-01-14 01:45:00,ZONE_A,0.0,0.0,0.91038036,1.0172864,10.527303208332778,12.883625,11.796384,13.8972,12.883625,12.706764,14.914486,2286.8767,2271.9622140686033,train
2026-01-14 02:00:00,ZONE_A,0.0,0.0,0.0,0.0,7.64379914655567,7.8618274,8.569386,21.69322,7.8618274,8.569386,21.69322,2294.6604,2272.9671798614504,train
2026-01-14 02:15:00,ZONE_A,0.0,0.0,0.0,0.0,6.240209213133597,5.5870404,8.607261,19.317808,5.5870404,8.607261,19.317808,2284.0222,2264.7043918487548,train
2026-01-14 02:30:00,ZONE_A,0.0,0.0,0.0,0.62326145,18.851618381453207,15.814412,27.887606,21.389738,15.814412,27.887606,22.013,2283.4072,2261.394199511719,train
2026-01-14 02:45:00,ZONE_A,0.0,0.0,0.91038036,1.0172864,31.61617380534848,34.368015,34.633114,33.166527,34.368015,35.543495,34.183815,2283.1694,2248.985584997559,train
2026-01-14 03:00:00,ZONE_A,0.0,0.0,0.0,0.0,47.32885468076317,44.565926,40.233368,45.51092,44.565926,40.233368,45.51092,2284.109,2238.5980785217284,train
2026-01-14 03:15:00,ZONE_A,0.0,0.0,0.0,0.0,55.97242874768655,39.978443,47.73814,60.7052,39.978443,47.73814,60.7052,2283.8923,2223.1870998046875,train
2026-01-14 03:30:00,ZONE_A,0.0,0.0,0.0,0.62326145,34.14605262127916,35.766006,39.803406,33.494186,35.766006,39.803406,34.117447,2281.654,2247.536553100586,train
2026-01-14 03:45:00,ZONE_A,0.0,0.0,0.91038036,1.0172864,33.5486351887584,35.350018,39.06617,49.01215,35.350018,39.97655,50.029438,2283.1338,2233.1043619812012,train
2026-01-14 04:00:00,ZONE_A,0.0,0.0,0.0,0.0,51.9734092370677,52.626328,39.5979,104.01016,52.626328,39.5979,104.01016,2293.5415,2189.531337646484,train
2026-01-14 04:15:00,ZONE_A,0.0,0.04858943,3.048771,0.0,29.06029463037684,30.681265,43.904068,84.119514,30.729855,46.95284,84.119514,2289.1494,2205.0298855346678,train
2026-01-14 04:30:00,ZONE_A,0.0,0.0,0.0,0.88209873,39.639187178791104,43.935234,53.258755,84.31974,43.935234,53.258755,85.201836,2281.5403,2196.338464367676,train
2026-01-14 04:45:00,ZONE_A,0.0,0.20665151,0.91038036,0.65196484,99.0605401412522,112.10161,123.56456,197.26965,112.30826,124.47494,197.92162,2297.4072,2099.485584399414,train
2026-01-14 05:00:00,ZONE_A,0.0,0.0,0.0,0.0,140.04966618287446,152.1417,162.94762,202.73262,152.1417,162.94762,202.73262,2585.2844,2382.551779760742,train
2026-01-14 05:15:00,ZONE_A,0.0,0.0,0.0,0.0,200.8115631467604,202.5182,249.62827,265.8738,202.5182,249.62827,265.8738,2581.0476,2315.1737901855467,train
2026-01-14 05:30:00,ZONE_A,0.0,0.031743914,0.0,0.8614835,214.6584186639205,243.9548,235.68884,295.42972,243.98654,235.68884,296.2912,2599.8865,2303.5953012695313,train
2026-01-14 05:45:00,ZONE_A,0.0,0.0,0.91038036,0.7584492,270.5934893750912,263.72275,260.46146,337.142,263.72275,261.37183,337.90045,2606.7378,2268.8373483398436,train
2026-01-14 06:00:00,ZONE_A,0.0,0.0,0.108949184,30.25377,226.5269637053419,247.17813,283.39334,373.71542,247.17813,283.5023,403.9692,2663.4404,2259.471192236328,train
2026-01-14 06:15:00,ZONE_A,0.0,1.9652343,2.4084892,50.692467,275.73765390553854,298.8872,321.10568,344.88144,300.85245,323.51416,395.5739,2692.5393,2296.965386425781,train
2026-01-14 06:30:00,ZONE_A,0.0,0.0,2.812676,55.100273,325.76430344939246,340.70016,373.73608,351.42233,340.70016,376.54877,406.5226,2745.7156,2339.1929864746094,train
2026-01-14 06:45:00,ZONE_A,0.0,0.0,15.162619,99.34411,353.8240533568398,396.161,399.28357,361.2064,396.161,414.4462,460.5505,2744.1602,2283.609693408203,train
2026-01-14 07:00:00,ZONE_A,0.0,29.906273,66.87158,134.31093,457.30952858412974,416.08435,399.10678,348.48175,445.99063,465.97836,482.79266,2790.4353,2307.6426364257813,train
2026-01-14 07:15:00,ZONE_A,33.27184678384804,73.62893,118.787346,170.93103,409.8782406904264,395.14154,367.5556,309.47852,468.77048,486.34296,480.40955,2825.0068,2344.5972541015626,train
2026-01-14 07:30:00,ZONE_A,76.99931212944655,118.91752,144.81926,199.16872,398.6618353993953,357.76038,350.28418,284.22906,476.6779,495.10345,483.39777,2857.0093,2373.611533886719,train
2026-01-14 07:45:00,ZONE_A,122.74750278828002,161.43933,192.40762,266.70294,400.07671458689873,365.6599,308.0227,303.37198,527.09924,500.43033,570.07495,2919.328,2349.253048828125,train
2026-01-14 08:00:00,ZONE_A,154.0750265100352,196.59222,220.19147,311.10696,314.82333011977886,318.03204,277.3154,329.1138,514.62427,497.50687,640.22076,2925.9392,2285.7184358398436,train
2026-01-14 08:15:00,ZONE_A,200.13330876129564,227.83194,273.4112,345.59753,332.2095011567148,298.05203,300.84167,296.71033,525.884,574.25287,642.30786,2969.6177,2327.309838671875,train
2026-01-14 08:30:00,ZONE_A,228.4859352467082,272.02707,295.9186,377.47516,229.7135697467524,261.77927,294.8666,228.24628,533.80634,590.7852,605.72144,3018.605,2412.883564453125,train
2026-01-14 08:45:00,ZONE_A,288.78807653760924,312.7307,358.02185,382.2371,287.14804810340763,312.5294,277.74512,207.72943,625.26013,635.76697,589.96655,3035.0928,2445.126247265625,train
2026-01-14 09:00:00,ZONE_A,310.1824227197968,351.291,385.2157,480.14795,294.74777380861326,281.3154,266.7819,215.34639,632.6064,651.99756,695.4943,2709.5388,2014.044476269531,train
2026-01-14 09:15:00,ZONE_A,357.9935292358284,390.58536,410.4835,541.2942,262.946380587712,243.24121,217.43152,253.62033,633.82654,627.91504,794.91455,2718.6545,1923.73994921875,train
2026-01-14 09:30:00,ZONE_A,394.0652038814986,422.52463,491.1461,503.386,210.09979190828383,208.36076,189.52667,227.09235,630.8854,680.6727,730.47833,2705.6028,1975.1244674804689,train
2026-01-14 09:45:00,ZONE_A,424.4830132205976,478.27094,529.9183,511.122,197.0624768506493,209.71504,224.22311,187.0827,687.98596,754.14136,698.2047,2792.302,2094.0972880859376,train
2026-01-14 10:00:00,ZONE_A,490.9365657101974,549.2781,531.0541,533.8238,227.92846391514595,250.99564,236.81715,213.51341,800.2737,767.8712,747.3372,2701.1226,1953.785380761719,train
2026-01-14 10:15:00,ZONE_A,567.9028200306657,544.52356,547.4519,560.4837,267.79408361110086,238.04013,202.77164,187.2788,782.5637,750.2235,747.7625,2716.0493,1968.2867877929689,train
2026-01-14 10:30:00,ZONE_A,533.0823700006504,540.5089,550.84247,605.8481,223.9278791719894,207.80644,229.37201,205.66267,748.31537,780.2145,811.51074,2702.8337,1891.3229578125001,train
2026-01-14 10:45:00,ZONE_A,543.327085120921,541.1224,548.4992,621.08636,178.9311759281253,202.58162,173.62675,214.92319,743.704,722.126,836.0095,2683.9902,1847.9806785156252,train
2026-01-14 11:00:00,ZONE_A,540.6423127773394,545.5286,597.539,628.4952,217.1480378882403,212.9122,210.83127,232.4114,758.4408,808.37024,860.9066,2730.4834,1869.5767837890626,train
2026-01-14 11:15:00,ZONE_A,544.7713530444084,568.6914,613.0283,619.6649,180.87946114487383,202.15062,227.95233,225.25778,770.84204,840.98065,844.9227,2695.014,1850.0912705078126,train
2026-01-14 11:30:00,ZONE_A,553.6522880217586,597.6513,618.50494,571.5243,183.831299579642,199.86768,230.25702,194.19844,797.519,848.76196,765.7227,2713.8108,1948.088082714844,train
2026-01-14 11:45:00,ZONE_A,621.8307865363496,626.0161,640.04535,576.15564,183.91258249698265,200.19998,209.0139,112.88995,826.21606,849.05927,689.0456,2693.2654,2004.2198067382815,train
2026-01-14 12:00:00,ZONE_A,623.4301794376767,633.104,575.9839,500.20206,206.31729320350647,231.07059,193.6014,120.47302,864.17456,769.58527,620.67505,2699.7974,2079.122351171875,train
2026-01-14 12:15:00,ZONE_A,642.7410786820557,580.592,576.81604,487.14297,251.89248979588712,216.8189,133.83644,193.91133,797.4109,710.65247,681.0543,2696.4514,2015.3970787109374,train
2026-01-14 12:30:00,ZONE_A,578.4426450861994,582.37195,520.84125,505.07355,182.03063976155747,130.44716,116.77184,226.71577,712.8191,637.6131,731.7893,2682.3364,1950.5470933593751,train
2026-01-14 12:45:00,ZONE_A,538.2717701643244,526.5144,480.9365,496.6078,101.72441920476534,86.55656,155.33067,347.53165,613.071,636.26715,844.1394,2683.8826,1839.743195703125,train
2026-01-14 13:00:00,ZONE_A,498.3385898115578,469.13638,484.8116,456.9289,84.40463697062263,122.34513,196.26424,305.81067,591.4815,681.07587,762.73956,2696.2756,1933.5360370117187,train
2026-01-14 13:15:00,ZONE_A,456.1884275473134,462.83813,461.944,453.56125,153.17680411063654,225.91376,322.6948,181.10828,688.7519,784.6388,634.66956,2684.4343,2049.7647443359374,train
2026-01-14 13:30:00,ZONE_A,483.02261982012953,469.75467,456.86414,454.3167,259.8680903848253,317.06375,311.72687,133.79669,786.8184,768.591,588.1134,2682.097,2093.9835966796877,train
2026-01-14 13:45:00,ZONE_A,469.7696190137386,448.52988,462.68573,440.64124,394.1683304414468,353.33755,240.12138,135.86424,801.86743,702.8071,576.5055,2694.4268,2117.9213068359377,train
2026-01-14 14:00:00,ZONE_A,451.2503539486432,459.43042,434.99948,382.44815,380.0290770884948,259.32294,127.125755,116.45491,718.75336,562.12524,498.90308,2687.725,2188.821923828125,train
2026-01-14 14:15:00,ZONE_A,471.9012028026072,455.09073,439.25726,397.07773,246.6239145139729,141.6126,160.4013,170.20216,596.7033,599.65857,567.2799,2675.1094,2107.8294927734373,train
2026-01-14 14:30:00,ZONE_A,459.65945273790527,425.97827,388.45917,351.68933,129.85040696418085,126.58178,100.66946,180.30937,552.56006,489.12863,531.9987,2676.368,2144.369281738281,train
2026-01-14 14:45:00,ZONE_A,445.3868803686739,400.59985,381.7406,336.16037,106.53756533443077,103.282166,155.67142,181.33125,503.88202,537.412,517.49164,2690.638,2173.146361816406,train
2026-01-14 15:00:00,ZONE_A,368.84636041216106,367.2354,333.0125,307.7069,101.79183743443444,130.84769,172.48734,171.60072,498.0831,505.49985,479.30762,2783.4226,2304.1149828125,train
2026-01-14 15:15:00,ZONE_A,391.7906942083031,352.07724,330.3013,265.27762,154.625068439649,168.41374,186.82529,166.09026,520.49097,517.1266,431.36786,2786.1992,2354.8313411132813,train
2026-01-14 15:30:00,ZONE_A,340.55490225439127,324.827,310.5249,232.5695,198.6486575060148,203.25067,181.44568,183.06462,528.07764,491.97058,415.63412,2788.0269,2372.3927752441405,train
2026-01-14 15:45:00,ZONE_A,331.2169022046503,309.42508,264.1976,192.21779,208.0308553487348,189.66898,163.23004,171.66055,499.09406,427.42764,363.87836,2789.7488,2425.870443066406,train
2026-01-14 16:00:00,ZONE_A,325.52993225506304,272.34027,241.7581,145.27873,160.95106128049187,159.09886,159.7306,148.01184,431.43915,401.4887,293.2906,2796.0146,2502.7240116210937,train
2026-01-14 16:15:00,ZONE_A,267.9501885731266,228.0424,181.67654,89.94886,122.33813530970536,131.40431,150.88567,141.02466,359.44672,332.5622,230.97351,2799.7273,2568.7537892578125,train
2026-01-14 16:30:00,ZONE_A,228.01640171890725,185.54173,150.56288,63.536568,129.6455268434143,144.08255,162.26572,191.99593,329.62427,312.8286,255.5325,2800.7852,2545.2526987792967,train
2026-01-14 16:45:00,ZONE_A,174.0265270656706,140.48073,102.057976,35.640484,159.90034681209593,166.54707,136.83286,163.47916,307.0278,238.89084,199.11964,2805.3523,2606.232655834961,train
2026-01-14 17:00:00,ZONE_A,131.51075964354942,92.554436,58.515297,0.0,177.65431450415883,156.08209,178.04564,127.6334,248.63654,236.56094,127.6334,2802.7903,2675.156900036621,train
2026-01-14 17:15:00,ZONE_A,83.28049533520934,51.559013,23.233992,0.49258238,132.9563594465983,134.19019,148.57932,128.1914,185.7492,171.81331,128.68399,2806.2935,2677.6095095214846,train
2026-01-14 17:30:00,ZONE_A,52.60072932470576,23.206383,1.8214409,0.0,159.45846372900533,166.38455,137.47299,148.87894,189.59094,139.29443,148.87894,2799.4563,2650.5773632324217,train
2026-01-14 17:45:00,ZONE_A,27.503020796924325,0.0,0.0,2.313526,180.2890410537429,147.79176,143.58188,111.19593,147.79176,143.58188,113.50945,2800.2932,2686.783747180176,train
2026-01-14 18:00:00,ZONE_A,0.0,0.0,0.0,0.30173275,132.53922731578163,120.14118,151.01715,186.95651,120.14118,151.01715,187.25824,2819.8518,2632.593560253906,train
2026-01-14 18:15:00,ZONE_A,0.0,0.9762037,2.6002638,0.0,104.5082452943316,106.70017,90.848045,169.56367,107.67638,93.44831,169.56367,2803.0925,2633.5288250732424,train
2026-01-14 18:30:00,ZONE_A,0.0,1.9949981,0.7271462,0.0,129.86021574977852,119.32696,157.14708,193.79497,121.32195,157.87422,193.79497,2798.5986,2604.8036323486326,train
2026-01-14 18:45:00,ZONE_A,0.0,0.20931974,1.4336305,2.7470493,118.6237229556898,131.34724,153.43988,162.29643,131.55656,154.8735,165.04349,2798.9802,2633.936712451172,train
2026-01-14 19:00:00,ZONE_A,0.0,0.097789094,0.009285931,0.0,190.0306228230669,184.0746,192.0853,152.52003,184.1724,192.09459,152.52003,2788.643,2636.122965209961,train
2026-01-14 19:15:00,ZONE_A,0.0,0.0,0.0,0.6238416,220.00548655777075,223.89407,193.59912,198.8799,223.89407,193.59912,199.50374,2811.4753,2611.9715615966797,train
2026-01-14 19:30:00,ZONE_A,0.0,0.0,0.0,0.0,194.1267902405699,180.80553,166.2485,108.18035,180.80553,166.2485,108.18035,2797.4983,2689.317948742676,train
2026-01-14 19:45:00,ZONE_A,0.0,0.0,1.7090887,5.075891,191.60510197752484,173.63965,168.90788,157.87367,173.63965,170.61697,162.94957,2790.9739,2628.0243302978515,train
2026-01-14 20:00:00,ZONE_A,0.0,0.0,0.26564217,0.0,194.4450196523998,181.31041,124.74412,209.3861,181.31041,125.00976,209.3861,2637.6094,2428.2233068603514,train
2026-01-14 20:15:00,ZONE_A,0.0,0.17475703,0.40397573,0.6941298,161.09874527847228,130.14523,151.89815,168.32848,130.31999,152.30212,169.0226,2633.989,2464.9664017333985,train
2026-01-14 20:30:00,ZONE_A,0.0,0.17475703,0.0,0.0,119.5218418928602,134.51982,141.29787,217.61345,134.69458,141.29787,217.61345,2615.8267,2398.2132509033204,train
2026-01-14 20:45:00,ZONE_A,0.0,0.15481827,0.0,0.0,148.43237159853922,140.11546,145.31387,193.10977,140.27028,145.31387,193.10977,2594.1887,2401.0789282714845,train
2026-01-14 21:00:00,ZONE_A,0.0,0.068181455,0.26564217,0.013756787,188.44993011904603,189.55943,223.06273,249.5902,189.62761,223.32837,249.60396,2560.6074,2311.003441870117,train
2026-01-14 21:15:00,ZONE_A,0.0,0.17475703,0.0,0.013756787,222.72635400427188,244.73448,241.70267,279.8613,244.90924,241.70267,279.87506,2528.3735,2248.498438964844,train
2026-01-14 21:30:00,ZONE_A,0.0,0.17475703,0.0,0.0,314.6859862544877,289.33157,343.1038,232.1555,289.50632,343.1038,232.1555,2482.4524,2250.296897680664,train
2026-01-14 21:45:00,ZONE_A,0.0,0.0,0.0,0.0,280.43547301937144,333.91324,310.58096,182.2673,333.91324,310.58096,182.2673,2452.1262,2269.8588965332033,train
2026-01-14 22:00:00,ZONE_A,0.0,0.18722865,0.0,0.0,413.71873701671547,341.5383,278.97885,157.0238,341.72552,278.97885,157.0238,2407.6296,2250.6057962890627,train
2026-01-14 22:15:00,ZONE_A,0.0,0.0,0.0,0.23204708,333.90864467249224,276.04797,218.5503,151.598,276.04797,218.5503,151.83005,2372.3926,2220.5625523925783,train
2026-01-14 22:30:00,ZONE_A,0.0,0.36960337,0.0,0.112409204,267.34090452949874,233.59302,149.60858,202.65045,233.96262,149.60858,202.76286,2355.7854,2153.0225368408205,train
2026-01-14 22:45:00,ZONE_A,0.0,0.0,0.27097273,0.0,168.26704472197514,149.50723,143.31206,158.96008,149.50723,143.58302,158.96008,2306.9473,2147.9872169921873,train
2026-01-14 23:00:00,ZONE_A,0.0,0.6464774,0.70830077,0.349802,149.68537567384124,133.34052,152.30925,126.3183,133.987,153.01755,126.6681,2312.9019,2186.233801550293,train
2026-01-14 23:15:00,ZONE_A,0.0,0.17475703,0.0,0.0,129.25337400867951,144.74586,149.85637,128.27168,144.92062,149.85637,128.27168,2321.1936,2192.9219172607422,train
2026-01-14 23:30:00,ZONE_A,0.0,0.17475703,0.0,0.0,151.8912832752645,148.3979,144.86172,131.70842,148.57266,144.86172,131.70842,2326.283,2194.574580200195,train
2026-01-14 23:45:00,ZONE_A,0.0,0.0,0.77114654,0.0,161.9220404923301,145.10551,123.716835,82.020836,145.10551,124.48798,82.020836,2305.314,2223.293164123535,train
2026-01-15 00:00:00,ZONE_A,0.0,0.19606265,0.13239661,0.0,114.013922330335,113.35033,104.18793,52.983055,113.54639,104.32032,52.983055,2296.589,2243.605944885254,train
2026-01-15 00:15:00,ZONE_A,0.0,0.2880185,0.0,0.0,99.04091268948578,92.83775,70.42169,34.03592,93.12577,70.42169,34.03592,2291.1353,2257.099380810547,train
2026-01-15 00:30:00,ZONE_A,0.0,0.2880185,0.0,0.6300165,85.32712980337615,69.75279,61.441273,66.50016,70.04081,61.441273,67.13018,2303.388,2236.257819641113,train
2026-01-15 00:45:00,ZONE_A,0.0,0.20665151,1.2940701,1.4439161,42.72685873792248,42.246162,30.006489,46.746006,42.452812,31.300558,48.189922,2304.4072,2256.2172776672364,train
2026-01-15 01:00:00,ZONE_A,0.0,0.17349443,0.026009716,0.0,26.911600445256457,28.163092,41.802307,45.392174,28.336586,41.828316,45.392174,2293.6506,2248.25842623291,train
2026-01-15 01:15:00,ZONE_A,0.0,0.07975508,0.0,0.0,17.43712256171038,27.716537,32.042423,42.33547,27.796293,32.042423,42.33547,2291.8765,2249.5410317077635,train
2026-01-15 01:30:00,ZONE_A,0.0,0.0091757225,0.0,0.5570134,37.13004868258424,40.55765,45.29895,41.163067,40.566826,45.29895,41.72008,2289.8816,2248.1615186706545,train
2026-01-15 01:45:00,ZONE_A,0.0,0.0,0.9761549,1.4415702,40.05864700029848,46.0443,44.63741,66.55109,46.0443,45.613564,67.99265,2323.816,2255.8233471069334,train
2026-01-15 02:00:00,ZONE_A,0.0,0.28088015,0.026009716,0.0,53.97367256531637,49.968166,45.12581,57.008167,50.249046,45.151817,57.008167,2291.5574,2234.5492327331544,train
2026-01-15 02:15:00,ZONE_A,0.0,0.0091757225,0.0,0.0,27.237806242219065,30.235743,47.895355,38.310547,30.244919,47.895355,38.310547,2286.3384,2248.027853125,train
2026-01-15 02:30:00,ZONE_A,0.0,0.17798975,0.0,0.5080329,47.429442847646285,46.92987,52.405575,43.47785,47.10786,52.405575,43.985886,2288.9146,2244.928714379883,train
2026-01-15 02:45:00,ZONE_A,0.0,0.0,1.1876831,1.4415702,78.85785750658358,75.84147,56.82006,51.791157,75.84147,58.007744,53.232727,2284.5156,2231.282872949219,train
2026-01-15 03:00:00,ZONE_A,0.0,0.45233724,0.13239661,0.0,34.42606843712872,34.453365,45.825645,44.39019,34.9057,45.958042,44.39019,2292.1082,2247.7180098754884,train
2026-01-15 03:15:00,ZONE_A,0.0,0.0,0.0,0.0,24.22558621749822,29.818745,31.221243,39.94631,29.818745,31.221243,39.94631,2287.016,2247.0696918640137,train
2026-01-15 03:30:00,ZONE_A,0.0,0.11656145,0.0,0.6276707,31.34688258667724,34.09799,32.928528,44.763252,34.21455,32.928528,45.390923,2288.3757,2242.9847774536133,train
2026-01-15 03:45:00,ZONE_A,0.0,0.0,1.3770066,1.4415702,43.13445041468996,42.669254,41.031982,38.119278,42.669254,42.40899,39.56085,2287.3848,2247.823951763916,train
2026-01-15 04:00:00,ZONE_A,0.0,0.28088015,1.3367069,0.0,30.49188811850016,34.937767,41.8489,45.100937,35.218647,43.185608,45.100937,2289.6294,2244.5284631103514,train
2026-01-15 04:15:00,ZONE_A,0.0,0.018326787,0.0,0.0,26.320517008022104,28.224085,30.708248,34.740776,28.242413,30.708248,34.740776,2285.2004,2250.4596239379885,train
2026-01-15 04:30:00,ZONE_A,0.0,0.018326787,0.0,1.1596407,18.92661982161953,23.089783,26.247265,34.159023,23.10811,26.247265,35.318665,2290.5264,2255.207735449219,train
2026-01-15 04:45:00,ZONE_A,0.0,0.0,1.2706196,1.370913,19.863135614435723,26.555296,25.598417,33.41712,26.555296,26.869038,34.788036,2284.9907,2250.2026636535643,train
2026-01-15 05:00:00,ZONE_A,0.0,0.28088015,0.703585,0.0,37.69262826930576,30.918068,33.45922,28.373726,31.198948,34.162807,28.373726,2458.4966,2430.1228741088867,train
2026-01-15 05:15:00,ZONE_A,0.0,0.523355,1.5794183,0.0,25.726197867742886,28.27992,32.11623,30.399515,28.803276,33.69565,30.399515,2542.5562,2512.1566848480225,train
2026-01-15 05:30:00,ZONE_A,0.0,0.0091757225,0.0,1.1106603,41.79488255349919,40.767223,38.203323,39.642433,40.776398,38.203323,40.753094,2588.2954,2547.5423062805176,train
2026-01-15 05:45:00,ZONE_A,0.0,0.0,1.1876831,6.501701,28.375139591054293,28.278526,30.460052,38.3299,28.278526,31.647736,44.8316,2583.982,2539.150399810791,train
2026-01-15 06:00:00,ZONE_A,0.0,0.0,0.0,1.4433075,18.463700287376817,18.252419,25.315975,28.27857,18.252419,25.315975,29.721878,2665.4321,2635.710221948242,train
2026-01-15 06:15:00,ZONE_A,0.0,0.6298947,5.5129213,38.427204,27.79328083771411,31.304096,31.784924,29.075531,31.93399,37.297844,67.50273,2615.014,2547.511268676758,train
2026-01-15 06:30:00,ZONE_A,0.0,1.38595,1.022758,68.49306,44.48464402843342,43.994072,42.1747,36.02417,45.38002,43.19746,104.51723,2711.8398,2607.3225728271486,train
2026-01-15 06:45:00,ZONE_A,0.0,0.13820149,20.347963,89.7284,63.36743822938031,57.97751,53.360207,71.0822,58.11571,73.70817,160.81061,2723.2432,2562.4325920898436,train
2026-01-15 07:00:00,ZONE_A,0.0,22.71643,74.15426,147.39908,35.6399929561773,33.941433,38.633423,35.76446,56.657864,112.78768,183.16354,2799.2861,2616.122556298828,train
2026-01-15 07:15:00,ZONE_A,41.22408870185976,83.5435,126.78386,198.68929,27.88308555086551,27.728405,33.46737,37.57845,111.27191,160.25122,236.26773,2822.183,2585.9152692871094,train
2026-01-15 07:30:00,ZONE_A,84.33849548935578,121.12784,149.46883,229.7686,41.651410867414114,40.75221,30.624033,40.08297,161.88005,180.09286,269.85156,2870.15,2600.2984375,train
2026-01-15 07:45:00,ZONE_A,123.65160598841864,162.14369,206.77481,254.68536,42.91454378907568,37.230938,34.40894,41.072994,199.37463,241.18375,295.75836,2919.1934,2623.435038183594,train
2026-01-15 08:00:00,ZONE_A,169.44291491384624,210.2193,242.76756,351.34476,25.823206314451767,21.697073,24.808481,49.969414,231.91637,267.57605,401.31418,2935.05,2533.7358215332033,train
2026-01-15 08:15:00,ZONE_A,211.63782416328235,245.04257,262.90576,374.50558,31.37607805210433,27.94062,33.629925,47.597214,272.9832,296.53568,422.10278,2963.0005,2540.897716796875,train
2026-01-15 08:30:00,ZONE_A,267.6461173086314,278.9004,357.2248,429.42352,22.479048717110704,22.32027,28.012648,55.15366,301.22067,385.23743,484.57718,3033.7808,2549.203621044922,train
2026-01-15 08:45:00,ZONE_A,277.27721644038564,336.7164,354.74457,441.0043,52.55662574803268,56.25046,53.809387,133.3188,392.96686,408.55396,574.3231,3033.6987,2459.3755798828124,train
2026-01-15 09:00:00,ZONE_A,377.5036819086741,424.09372,442.5121,545.38824,95.4923193146493,91.910835,134.48044,139.9044,516.0046,576.99255,685.29266,2706.982,2021.6893364257812,train
2026-01-15 09:15:00,ZONE_A,422.6958696679136,452.89948,510.92526,593.707,115.42292278769528,125.4608,130.9558,184.2452,578.3603,641.88104,777.95215,2704.1367,1926.1845515625,train
2026-01-15 09:30:00,ZONE_A,447.2410587647644,501.2266,555.52716,577.9773,173.30692707631724,168.39821,180.61015,217.96597,669.6248,736.1373,795.94324,2729.45,1933.5067626953123,train
2026-01-15 09:45:00,ZONE_A,519.7002441211589,562.5378,584.1234,684.87024,174.011264825905,172.8327,239.2647,231.3447,735.3705,823.3881,916.21497,2759.7466,1843.5316341796874,train
2026-01-15 10:00:00,ZONE_A,559.19378983708,589.9774,614.2062,681.7769,212.6637001274084,245.68015,241.88617,197.65134,835.6576,856.09235,879.4282,2681.6843,1802.25607734375,train
2026-01-15 10:15:00,ZONE_A,568.2361690204909,596.59467,645.5232,692.91895,300.44891360567243,288.21005,292.67938,189.81198,884.8047,938.2026,882.73096,2697.327,1814.5960429687502,train
2026-01-15 10:30:00,ZONE_A,578.3774143484948,651.05054,657.19415,708.1432,314.2632695617943,320.56558,230.95963,227.33246,971.6161,888.1538,935.47565,2697.365,1761.8893530273435,train
2026-01-15 10:45:00,ZONE_A,686.9283629038921,690.8274,727.595,700.8337,309.18329772141647,230.53105,192.45189,301.65884,921.35846,920.0469,1002.49255,2658.348,1655.8554462890625,train
2026-01-15 11:00:00,ZONE_A,684.2546046435975,708.62366,725.66205,750.017,197.1693267938252,181.06624,205.54718,312.854,889.6899,931.2092,1062.8711,2735.585,1672.71390625,train
2026-01-15 11:15:00,ZONE_A,724.6406589348237,735.92865,728.859,757.26245,192.8484285247132,210.31847,283.6171,265.61752,946.24713,1012.4761,1022.88,2698.43,1675.5499951171873,train
2026-01-15 11:30:00,ZONE_A,720.6878940537888,726.7206,744.6447,759.7096,239.2769595298939,276.67065,313.66946,182.78722,1003.39124,1058.3142,942.4968,2690.2195,1747.7226738281252,train
2026-01-15 11:45:00,ZONE_A,696.5694378134667,727.173,725.95544,743.59094,299.48224395564364,319.23608,278.6769,232.61748,1046.409,1004.6323,976.20844,2686.619,1710.4105649414064,train
2026-01-15 12:00:00,ZONE_A,722.1866989238357,728.91626,752.4932,764.6476,333.17576497943054,308.3276,183.03569,192.30846,1037.2439,935.52893,956.95605,2664.4358,1707.4797453125002,train
2026-01-15 12:15:00,ZONE_A,732.5834283819751,742.0141,789.6999,782.4136,300.37010321152883,209.69334,219.95932,181.37436,951.70746,1009.6592,963.78796,2699.6636,1735.8756361328124,train
2026-01-15 12:30:00,ZONE_A,743.4984579551144,786.83124,766.04596,758.56696,184.43960202352008,168.81259,179.9174,206.53516,955.6438,945.9634,965.1021,2736.744,1771.641888183594,train
2026-01-15 12:45:00,ZONE_A,818.0905420511971,775.37744,798.49963,774.44556,159.13894312742735,175.45273,165.30219,256.46317,950.8302,963.8018,1030.9087,2675.56,1644.65130859375,train
2026-01-15 13:00:00,ZONE_A,759.5404006051544,782.5515,768.6243,718.193,148.94138220478075,149.59013,165.00063,194.43796,932.14166,933.62494,912.631,2677.1877,1764.5567185546874,train
2026-01-15 13:15:00,ZONE_A,801.3070615337531,780.86566,780.663,711.17664,131.61588135568675,148.70012,199.54129,201.87985,929.5658,980.20435,913.0565,2688.425,1775.3684814453127,train
2026-01-15 13:30:00,ZONE_A,787.4604730541334,773.2018,747.77826,687.08984,159.40960683275213,189.07791,205.02116,224.78807,962.27966,952.79944,911.8779,2708.3406,1796.4626703125,train
2026-01-15 13:45:00,ZONE_A,794.0440647031933,743.65594,728.55756,696.19525,276.0156196658164,249.57848,266.80502,211.08835,993.23444,995.36255,907.28357,2687.2622,1779.9786306640626,train
2026-01-15 14:00:00,ZONE_A,759.2107235910573,726.84534,690.5924,673.5353,274.06946417877407,281.09668,274.3808,216.5761,1007.942,964.9732,890.1114,2696.9495,1806.838110839844,train
2026-01-15 14:15:00,ZONE_A,723.5633838052214,698.7582,704.81824,617.3706,259.6137106340007,256.85495,237.63872,216.44756,955.61316,942.457,833.8182,2672.7314,1838.9132237304689,train
2026-01-15 14:30:00,ZONE_A,689.0456231381285,682.6319,654.25635,529.9781,247.7932187048877,226.68306,228.69429,242.83057,909.31494,882.9506,772.80865,2675.358,1902.549345214844,train
2026-01-15 14:45:00,ZONE_A,695.3420568086408,655.81635,608.8851,486.81696,254.10166926284668,230.6041,246.35094,261.32162,886.4204,855.236,748.13855,2683.0425,1934.9039501953125,train
2026-01-15 15:00:00,ZONE_A,679.5508582471208,643.0461,571.4806,464.59387,204.61993417411367,201.55351,202.71007,208.72903,844.5996,774.1907,673.3229,2784.4348,2111.1119240234375,train
2026-01-15 15:15:00,ZONE_A,626.5677839855533,567.21106,513.31445,400.40308,215.58016397731555,223.31364,241.53969,267.08963,790.5247,754.8541,667.4927,2788.5674,2121.07472421875,train
2026-01-15 15:30:00,ZONE_A,546.0230297874298,479.90927,443.1869,338.70108,240.0020030127706,250.49649,240.99663,174.73372,730.40576,684.18353,513.4348,2786.4924,2273.057585546875,train
2026-01-15 15:45:00,ZONE_A,482.0205611860518,435.21878,379.34897,283.07507,254.17345898770228,232.14899,271.06186,252.24942,667.3678,650.4108,535.32446,2784.854,2249.529537109375,train
2026-01-15 16:00:00,ZONE_A,437.7736970651217,386.0125,335.91367,218.24442,276.1368802644707,299.8482,197.44217,220.21465,685.8607,533.35583,438.45905,2795.0823,2356.623254589844,train
2026-01-15 16:15:00,ZONE_A,375.9959506813501,327.2478,276.58694,176.05687,304.3216157037394,217.40776,258.43576,163.37094,544.6556,535.0227,339.4278,2804.7993,2465.371504589844,train
2026-01-15 16:30:00,ZONE_A,334.1172377640885,284.30438,227.5112,98.25655,201.5428163710808,219.48555,193.66557,123.09671,503.78992,421.17676,221.35327,2793.2393,2571.886028515625,train
2026-01-15 16:45:00,ZONE_A,283.7156878309915,231.6076,174.71138,63.026844,239.5398325078184,225.4899,212.56932,175.95026,457.0975,387.2807,238.9771,2799.6165,2560.639403442383,train
2026-01-15 17:00:00,ZONE_A,232.22523308514369,167.69038,110.17629,0.0,200.20039762232184,179.82784,138.49937,110.87838,347.51822,248.67566,110.87838,2798.4902,2687.611820178223,train
2026-01-15 17:15:00,ZONE_A,169.8425672555708,106.71707,53.343987,0.0,148.99255681646196,118.55471,134.40245,93.63769,225.27179,187.74643,93.63769,2809.3418,2715.7041123168947,train
2026-01-15 17:30:00,ZONE_A,107.58014820968752,49.181446,0.25676847,0.0,103.07444553734634,120.19293,90.04674,123.99199,169.37437,90.303505,123.99199,2805.0564,2681.0644108642578,train
2026-01-15 17:45:00,ZONE_A,53.01309602981882,6.4602466,1.6076752,0.0,120.5252550118239,106.12707,87.63006,53.112175,112.58731,89.23773,53.112175,2810.3953,2757.283125012207,train
2026-01-15 18:00:00,ZONE_A,0.0,2.8782878,2.2103124,0.0,109.98736680432796,85.79063,98.3033,71.164505,88.668915,100.51361,71.164505,2814.3862,2743.221694995117,train
2026-01-15 18:15:00,ZONE_A,0.0,0.48463953,0.0,0.2134378,60.074714385267946,65.01111,42.072136,48.353683,65.49575,42.072136,48.56712,2817.0725,2768.5053804016115,train
2026-01-15 18:30:00,ZONE_A,0.0,0.2066643,0.0,0.0,73.0503766619484,63.465187,68.877205,70.648506,63.671852,68.877205,70.648506,2812.9,2742.2514938354493,train
2026-01-15 18:45:00,ZONE_A,0.0,0.0,2.1864464,1.9997535,40.01656287797732,39.89476,37.84663,72.95012,39.89476,40.033077,74.949875,2817.698,2742.74812512207,train
2026-01-15 19:00:00,ZONE_A,0.0,0.0,0.0,0.044180565,42.730399032866416,44.424168,44.36886,50.201572,44.424168,44.36886,50.245754,2808.8557,2758.6099457580567,train
2026-01-15 19:15:00,ZONE_A,0.0,0.0,1.0586903,0.0,48.2605732363532,42.260246,74.54682,66.3993,42.260246,75.605515,66.3993,2804.5981,2738.198800378418,train
2026-01-15 19:30:00,ZONE_A,0.0,0.0,0.0,0.09445898,67.17778414039792,89.033745,68.36539,58.609238,89.033745,68.36539,58.703697,2795.2063,2736.50260279541,train
2026-01-15 19:45:00,ZONE_A,0.0,0.0,0.0,0.0,126.09395507767567,89.77143,119.77116,121.26608,89.77143,119.77116,121.26608,2791.1016,2669.835517236328,train
2026-01-15 20:00:00,ZONE_A,0.0,0.0,0.20668323,0.27388033,79.46207165891984,91.46101,64.893745,71.77089,91.46101,65.100426,72.04477,2647.3638,2575.3190307128907,train
2026-01-15 20:15:00,ZONE_A,0.0,0.0,0.0,0.06771591,78.42634568579265,70.76042,83.891075,69.79779,70.76042,83.891075,69.86551,2646.813,2576.947490966797,train
2026-01-15 20:30:00,ZONE_A,0.0,0.0,0.0,0.0,69.94101274043808,69.18438,78.72196,83.44221,69.18438,78.72196,83.44221,2611.5286,2528.0863926635743,train
2026-01-15 20:45:00,ZONE_A,0.0,0.0,0.0,0.0,83.35285166795069,84.42399,65.22615,64.08625,84.42399,65.22615,64.08625,2598.7932,2534.7069496948243,train
2026-01-15 21:00:00,ZONE_A,0.0,0.27907825,0.11916181,0.0,88.79602681764248,75.47311,92.79064,83.05103,75.75218,92.909805,83.05103,2551.5918,2468.5407669799806,train
2026-01-15 21:15:00,ZONE_A,0.0,0.0,0.0,0.0,79.52980045951348,84.11833,66.08203,69.04717,84.11833,66.08203,69.04717,2517.3914,2448.3442274536133,train
2026-01-15 21:30:00,ZONE_A,0.0,0.0,0.0,0.0,67.57108936921092,65.959175,72.50006,90.45333,65.959175,72.50006,90.45333,2478.0168,2387.5634690063475,train
2026-01-15 21:45:00,ZONE_A,0.0,0.0,0.0,0.0,41.79584556671004,45.948437,42.83993,45.07724,45.948437,42.83993,45.07724,2456.271,2411.193760009766,train
2026-01-15 22:00:00,ZONE_A,0.0,0.29350898,0.043736555,0.0,63.72513523599801,68.77735,69.370995,54.79331,69.07086,69.414734,54.79331,2420.1575,2365.364191741943,train
2026-01-15 22:15:00,ZONE_A,0.0,0.0,0.0,0.0,75.38715335273804,80.09882,81.47642,50.658596,80.09882,81.47642,50.658596,2379.747,2329.0884039611815,train
2026-01-15 22:30:00,ZONE_A,0.0,0.019874059,0.0,0.0,102.9822151784506,98.41766,82.65796,83.67352,98.43754,82.65796,83.67352,2344.9084,2261.234877050781,train
2026-01-15 22:45:00,ZONE_A,0.0,0.1569778,0.0,0.0,94.97962791150572,87.54252,56.48178,60.052917,87.69949,56.48178,60.052917,2332.0735,2272.020582519531,train
2026-01-15 23:00:00,ZONE_A,0.0,0.23531967,0.3306144,0.0,75.20968489130749,61.025234,71.30344,59.437077,61.260555,71.63405,59.437077,2296.6504,2237.2133234313965,train
2026-01-15 23:15:00,ZONE_A,0.0,0.019874059,0.0,0.0,47.72928195015724,47.803898,42.537544,48.986057,47.823772,42.537544,48.986057,2305.2937,2256.307642718506,train
2026-01-15 23:30:00,ZONE_A,0.0,0.17691654,0.0,0.0,56.01816842824727,51.949818,53.00631,46.089638,52.126736,53.00631,46.089638,2299.2883,2253.1986622436525,train
2026-01-15 23:45:00,ZONE_A,0.0,0.0,0.08332767,0.0,35.5671909021084,42.180378,40.404274,45.731747,42.180378,40.487602,45.731747,2304.6853,2258.953553326416,train
2026-01-16 00:00:00,ZONE_A,0.0,0.3046754,0.0,0.0,76.26947498984113,76.40756,61.043827,100.35925,76.712234,61.043827,100.35925,2294.8389,2194.4796470703127,train
2026-01-16 00:15:00,ZONE_A,0.0,0.0,0.0,0.0,45.335268398966605,41.772476,52.86923,61.240353,41.772476,52.86923,61.240353,2296.4312,2235.1908473693848,train
2026-01-16 00:30:00,ZONE_A,0.0,0.18213968,0.0,0.5570134,50.85313348808286,62.370102,81.11912,57.72212,62.552242,81.11912,58.279133,2302.1665,2243.8873671569822,train
2026-01-16 00:45:00,ZONE_A,0.0,0.0,1.1064248,1.370913,92.34804463702976,106.676476,112.45026,58.170612,106.676476,113.55668,59.541527,2294.2656,2234.7240732055666,train
2026-01-16 01:00:00,ZONE_A,0.0,0.21183254,0.0,0.0,111.8427885415298,105.539024,75.89912,88.71808,105.750854,75.89912,88.71808,2292.5142,2203.796121386719,train
2026-01-16 01:15:00,ZONE_A,0.0,0.0,0.0,0.0,120.2070643272012,89.69357,77.408585,111.27104,89.69357,77.408585,111.27104,2293.6873,2182.416258129883,train
2026-01-16 01:30:00,ZONE_A,0.0,0.0,0.0,0.6276707,88.43914806214569,68.564766,92.10712,92.61053,68.564766,92.10712,93.2382,2291.6099,2198.3717026733398,train
2026-01-16 01:45:00,ZONE_A,0.0,0.0,1.0515802,1.370913,51.86310116538633,57.7397,63.897636,57.209538,57.7397,64.94922,58.580452,2295.394,2236.8135480346677,train
2026-01-16 02:00:00,ZONE_A,0.0,0.028585762,0.0,0.0,68.34650431460004,80.60452,87.90644,47.09336,80.63311,87.90644,47.09336,2292.6174,2245.524039099121,train
2026-01-16 02:15:00,ZONE_A,0.0,0.0,0.0,0.0,115.65296240800788,105.076485,80.48969,39.500793,105.076485,80.48969,39.500793,2286.0002,2246.4994065429687,train
2026-01-16 02:30:00,ZONE_A,0.0,0.0091757225,0.0,0.5570134,100.25279231778056,84.95337,74.035034,46.95993,84.96255,74.035034,47.516945,2284.9429,2237.425955114746,train
2026-01-16 02:45:00,ZONE_A,0.0,0.0,2.2661533,1.4415702,68.97513573364019,59.65002,46.9995,66.06761,59.65002,49.265656,67.50918,2291.992,2224.482821838379,train
2026-01-16 03:00:00,ZONE_A,0.0,3.1931474,0.0,0.0,22.419939012122267,24.026648,23.569027,36.810123,27.219795,23.569027,36.810123,2276.206,2239.3958765563966,train
2026-01-16 03:15:00,ZONE_A,0.0,0.081314206,0.0,0.0,12.25474232956924,15.25856,22.34122,28.849775,15.339874,22.34122,28.849775,2279.026,2250.176224685669,train
2026-01-16 03:30:00,ZONE_A,0.0,0.0,0.0,0.5570134,11.30828790420225,19.371756,20.480274,27.265057,19.371756,20.480274,27.82207,2282.5337,2254.711630831909,train
2026-01-16 03:45:00,ZONE_A,0.0,0.0,0.9761549,1.370913,28.48467818773345,34.586914,41.13943,45.910152,34.586914,42.115585,47.281067,2285.3416,2238.060533105469,train
2026-01-16 04:00:00,ZONE_A,0.0,0.14763296,0.0,0.0,40.006778192346914,40.703728,30.204845,38.70967,40.85136,30.204845,38.70967,2289.1538,2250.4441289794922,train
2026-01-16 04:15:00,ZONE_A,0.0,0.0091757225,0.0,0.0,45.865200064099504,40.38507,36.77399,41.639767,40.394245,36.77399,41.639767,2283.6611,2242.0213333068846,train
2026-01-16 04:30:00,ZONE_A,0.0,0.0,1.1770631,9.640772,37.67572465219022,33.787064,32.190807,27.424213,33.787064,33.36787,37.064987,2311.5737,2274.5087128173827,train
2026-01-16 04:45:00,ZONE_A,0.0,0.0,1.1250693,1.9735402,29.0318892727045,32.932396,33.98816,31.54211,32.932396,35.113228,33.51565,2304.4172,2270.901548297119,train
2026-01-16 05:00:00,ZONE_A,0.0,0.14763296,0.084870175,0.0,54.51196241103819,52.14436,32.740826,45.655846,52.291992,32.825695,45.655846,2557.7004,2512.0445543579103,train
2026-01-16 05:15:00,ZONE_A,0.0,0.047513798,0.0,0.0,59.14740101214946,48.297577,37.425457,33.01383,48.34509,37.425457,33.01383,2587.528,2554.514171722412,train
2026-01-16 05:30:00,ZONE_A,0.0,0.0,0.0,5.388752,21.801031159200747,21.437815,27.51946,18.48865,21.437815,27.51946,23.877401,2581.6472,2557.769798648071,train
2026-01-16 05:45:00,ZONE_A,0.0,0.0,0.9761549,1.370913,14.836935210995012,18.304377,14.181953,19.226072,18.304377,15.158109,20.596985,2617.1514,2596.554415136719,train
2026-01-16 06:00:00,ZONE_A,0.0,3.9445596,12.075463,23.988663,8.311438464504942,8.432155,11.162287,10.984839,12.376715,23.237751,34.973503,2667.7664,2632.792896887207,train
2026-01-16 06:15:00,ZONE_A,0.0,2.5515282,3.0741484,35.2583,5.320224394528352,6.3754144,9.252314,10.191777,8.926943,12.326462,45.450077,2696.2805,2650.830422943115,train
2026-01-16 06:30:00,ZONE_A,0.0,0.0,9.394327,87.03929,8.246792524259716,7.76406,7.9730687,11.852214,7.76406,17.367395,98.8915,2746.1633,2647.271797619629,train
2026-01-16 06:45:00,ZONE_A,0.0,1.1883105,21.128504,117.28682,7.627402405253855,6.5856586,13.580799,12.9065075,7.773969,34.709305,130.19333,2758.2458,2628.0524711425783,train
2026-01-16 07:00:00,ZONE_A,0.0,41.13108,110.161125,168.77817,7.237951835163904,9.569408,8.63413,16.814234,50.70049,118.79526,185.5924,2795.4192,2609.8267927734373,train
2026-01-16 07:15:00,ZONE_A,50.26131772849434,91.45448,131.81915,202.69962,18.35313120017676,16.96071,18.405907,16.397127,108.41519,150.22507,219.09674,2835.5867,2616.4899592773436,train
2026-01-16 07:30:00,ZONE_A,108.86948051668035,149.24875,181.79332,265.77078,11.362535136048615,9.877844,13.702492,27.213608,159.12659,195.49582,292.98438,2872.9546,2579.970225,train
2026-01-16 07:45:00,ZONE_A,151.39983873128324,199.45662,235.0459,318.4708,33.754563131147904,30.381538,29.634794,27.313953,229.83817,264.6807,345.78476,2930.201,2584.4162404785156,train
2026-01-16 08:00:00,ZONE_A,191.9181137869608,227.76697,276.17938,331.27127,24.05766398006982,22.3769,26.660196,22.371521,250.14386,302.83957,353.6428,2933.751,2580.1082082519533,train
2026-01-16 08:15:00,ZONE_A,231.68587981239472,270.12384,293.80554,365.39148,24.26902733266973,21.60781,20.999958,17.332146,291.73166,314.8055,382.72363,2985.2373,2602.5136671875,train
2026-01-16 08:30:00,ZONE_A,280.44636800547056,312.47546,346.57108,443.86252,20.991191416713264,21.591402,23.74092,15.627181,334.06686,370.31198,459.4897,3024.0642,2564.574514941406,train
2026-01-16 08:45:00,ZONE_A,301.3861559127974,331.6456,359.87225,477.2561,22.397867977051543,23.121264,22.332466,19.587,354.76688,382.2047,496.8431,3028.299,2531.4558908691406,train
2026-01-16 09:00:00,ZONE_A,351.1988835018362,366.95584,425.43768,486.46835,28.81248614714199,27.377468,28.14481,32.719666,394.3333,453.5825,519.188,2727.1018,2207.91381171875,train
2026-01-16 09:15:00,ZONE_A,380.3203601467188,423.967,471.26382,515.9818,34.950170345307534,32.313656,30.492132,38.016148,456.28067,501.75595,553.998,2693.2292,2139.2312141601565,train
2026-01-16 09:30:00,ZONE_A,444.4388132778896,471.99176,489.31754,584.81366,23.90115117365644,20.99377,30.548615,24.130926,492.98553,519.86615,608.9446,2759.4705,2150.525919921875,train
2026-01-16 09:45:00,ZONE_A,502.7241741494714,520.45764,567.4411,633.3544,12.594040252967773,18.101654,21.94614,17.625118,538.5593,589.38727,650.9795,2706.8606,2055.8811078125,train
2026-01-16 10:00:00,ZONE_A,505.8016186569981,542.31934,562.6178,633.74426,46.313223100924006,44.838547,43.884487,32.592117,587.1579,606.50226,666.33636,2697.8765,2031.540135253906,train
2026-01-16 10:15:00,ZONE_A,544.936790460931,572.41675,619.6071,674.3675,37.62758642209808,31.29461,31.878168,30.419249,603.71136,651.4853,704.78674,2714.341,2009.5542568359374,train
2026-01-16 10:30:00,ZONE_A,589.7841609436999,642.75104,641.0899,651.58435,51.63503756195447,47.68714,35.794342,42.335915,690.4382,676.8843,693.9203,2678.2817,1984.3614119140625,train
2026-01-16 10:45:00,ZONE_A,669.9918573541088,665.9879,689.07654,733.02875,23.852162956669627,20.516602,29.407722,34.01994,686.5045,718.48425,767.0487,2663.9924,1896.9436939453126,train
2026-01-16 11:00:00,ZONE_A,656.3598616882866,685.17224,726.3873,800.26666,20.125014129326765,21.905178,19.504496,22.178867,707.0774,745.89185,822.44556,2704.5112,1882.065643359375,train
2026-01-16 11:15:00,ZONE_A,699.5209423835018,729.13043,748.078,855.92126,19.521086641822883,20.276741,22.965889,15.64961,749.40717,771.0439,871.57086,2752.7837,1881.2128381835937,train
2026-01-16 11:30:00,ZONE_A,726.5635387285921,729.65375,807.32794,845.04376,24.84802417318996,16.658699,18.801603,15.41203,746.31244,826.1295,860.4558,2682.527,1822.071189453125,train
2026-01-16 11:45:00,ZONE_A,735.8772353206043,795.22974,831.10583,851.4546,3.5118511142546494,3.9744458,4.1112666,3.2513504,799.20416,835.2171,854.70593,2785.1226,1930.4166673828126,train
2026-01-16 12:00:00,ZONE_A,814.2717323838152,841.0074,845.9689,822.9241,4.250166817615903,2.2006016,3.9058642,6.112928,843.208,849.87476,829.037,2677.5437,1848.5067126953127,train
2026-01-16 12:15:00,ZONE_A,860.3811449789738,857.5582,840.6198,773.54517,0.8556106109065421,0.8658338,2.4905121,7.4276466,858.4241,843.11035,780.97284,2691.0464,1910.0735606445314,train
2026-01-16 12:30:00,ZONE_A,860.947705417259,858.492,858.60205,737.69147,1.6471606337638327,1.4388388,1.5234555,0.4708476,859.93085,860.1255,738.1623,2777.592,2039.4297075195313,train
2026-01-16 12:45:00,ZONE_A,856.0083048989246,843.57654,784.86487,680.74457,0.0,1.3312656,1.2433261,0.0,844.9078,786.1082,680.74457,2819.382,2138.6374321289063,train
2026-01-16 13:00:00,ZONE_A,845.1811643852315,785.40137,746.3386,662.76746,0.0,3.034144,0.96621424,5.6682105,788.4355,747.3048,668.43567,2791.78,2123.3443310546877,train
2026-01-16 13:15:00,ZONE_A,773.1260735624975,735.0943,682.98114,638.9168,0.0,0.23342556,1.6622664,1.647768,735.3277,684.64343,640.5646,2741.3533,2100.7887248046877,train
2026-01-16 13:30:00,ZONE_A,746.0214015507983,693.9657,670.6187,613.4392,0.0,0.0,1.4008669,0.0,693.9657,672.0196,613.4392,2689.7969,2076.357691015625,train
2026-01-16 13:45:00,ZONE_A,659.5452457709425,649.006,617.1389,512.51904,0.0,0.0,1.8455851,0.58002096,649.006,618.9845,513.09906,2695.1794,2182.0803399414062,train
2026-01-16 14:00:00,ZONE_A,654.1337763178129,622.86945,604.82306,433.60745,0.0,0.0,0.0,0.0,622.86945,604.82306,433.60745,2705.7751,2272.1676476074217,train
2026-01-16 14:15:00,ZONE_A,611.3886751002477,583.9557,506.4802,391.8914,0.0,2.758553,1.1294705,0.76119,586.71423,507.60965,392.6526,2680.5803,2287.927712109375,train
2026-01-16 14:30:00,ZONE_A,614.0150136953629,531.3444,450.13855,368.06793,0.0,1.4753742,0.72872066,0.5891536,532.8198,450.86728,368.65707,2691.346,2322.6889260253906,train
2026-01-16 14:45:00,ZONE_A,499.3201431103518,427.03253,407.26263,316.0234,0.0,0.35029358,1.4432228,1.5101094,427.3828,408.70587,317.5335,2684.3054,2366.771891699219,train
2026-01-16 15:00:00,ZONE_A,417.4752730681477,395.93356,354.50366,280.13733,0.0,3.2035809,0.75287867,1.2984624,399.13715,355.25653,281.4358,2795.8203,2514.384508984375,train
2026-01-16 15:15:00,ZONE_A,401.1073339790005,361.6425,316.93246,258.03546,0.0,0.63033825,1.1052749,1.1184227,362.27283,318.03775,259.15387,2793.675,2534.521130371094,train
2026-01-16 15:30:00,ZONE_A,355.47893591141013,312.5161,277.45096,216.0626,0.0,1.17084,1.6512384,1.6986568,313.68695,279.1022,217.76126,2803.7346,2585.9733390136716,train
2026-01-16 15:45:00,ZONE_A,302.43342374793883,275.1639,248.518,178.71706,0.0,1.5269946,0.73188895,0.730655,276.69092,249.2499,179.44771,2800.951,2621.503291870117,train
2026-01-16 16:00:00,ZONE_A,272.8639356281071,242.72527,202.79767,126.17606,0.0,0.0,0.0,1.1908329,242.72527,202.79767,127.3669,2801.3804,2674.013502416992,train
2026-01-16 16:15:00,ZONE_A,256.10345982697623,208.77623,178.6918,110.04227,0.0,0.0,1.7432843,4.7473106,208.77623,180.43509,114.78958,2811.2925,2696.502918701172,train
2026-01-16 16:30:00,ZONE_A,203.6804906296045,177.02934,143.2403,74.70172,0.0,0.0,0.5179679,3.111371,177.02934,143.75827,77.813095,2800.4485,2722.6354049072265,train
2026-01-16 16:45:00,ZONE_A,172.98179902075472,143.0136,107.908714,41.093987,0.0,0.0,0.9679026,3.111371,143.0136,108.87662,44.205357,2807.5554,2763.3500434021,train
2026-01-16 17:00:00,ZONE_A,140.7545045622659,99.8102,69.39695,5.3317966,0.0,0.0,0.42930934,5.0568433,99.8102,69.826256,10.388639,2819.5718,2809.183160549927,train
2026-01-16 17:15:00,ZONE_A,110.30875394777898,79.14648,47.961983,0.0,0.0,0.0,0.5179679,0.0,79.14648,48.47995,0.0,2819.2332,2819.2332,train
2026-01-16 17:30:00,ZONE_A,83.97987847040996,44.86407,0.0,0.0,0.0,1.29846,1.9802196,0.053685248,46.16253,1.9802196,0.053685248,2822.1074,2822.0537147521018,train
2026-01-16 17:45:00,ZONE_A,42.423539480016125,0.0,0.0,0.0,0.0,1.5456945,1.1025987,0.053685248,1.5456945,1.1025987,0.053685248,2813.7249,2813.671214752102,train
2026-01-16 18:00:00,ZONE_A,0.0,0.0,0.0,0.0,0.0,1.2125897,1.611485,0.053685248,1.2125897,1.611485,0.053685248,2809.9167,2809.863014752102,train
2026-01-16 18:15:00,ZONE_A,0.0,0.85675657,1.0791657,0.0,0.0,3.2475185,2.8334415,0.95333457,4.104275,3.9126072,0.95333457,2811.9592,2811.0058654300688,train
2026-01-16 18:30:00,ZONE_A,0.0,0.0,0.0,0.0,0.0,1.29846,0.78839326,0.23750317,1.29846,0.78839326,0.23750317,2807.155,2806.917496829033,train
2026-01-16 18:45:00,ZONE_A,0.0,0.20931974,0.92550045,2.1930327,0.0,1.3407815,1.9802196,0.053685248,1.5501012,2.90572,2.246718,2800.7798,2798.5330820701597,train
2026-01-16 19:00:00,ZONE_A,0.0,0.0,0.047555864,0.04395611,0.0,0.0,0.6568144,0.0,0.0,0.70437026,0.04395611,2798.279,2798.2350438916087,train
2026-01-16 19:15:00,ZONE_A,0.0,0.0,0.42225805,0.021583913,0.0,1.2125897,0.78839326,0.053685248,1.2125897,1.2106513,0.07526916,2807.0894,2807.014130837345,train
2026-01-16 19:30:00,ZONE_A,0.0,0.0,0.0,0.0,0.0,2.0140746,2.7310536,2.1376169,2.0140746,2.7310536,2.1376169,2781.7888,2779.6511831272123,train
2026-01-16 19:45:00,ZONE_A,0.0,0.0,0.0,0.0,0.0,0.0,0.69565576,0.99553293,0.0,0.69565576,0.99553293,2788.038,2787.0424670701027,train
2026-01-16 20:00:00,ZONE_A,0.0,0.0,0.20094305,0.013756787,0.0,1.2143588,0.9409372,1.6439754,1.2143588,1.1418803,1.6577321,2633.2268,2631.569067870903,train
2026-01-16 20:15:00,ZONE_A,0.0,0.17475703,0.0,0.013756787,0.0,1.2125897,2.5955837,2.263618,1.3873467,2.5955837,2.2773747,2629.7175,2627.440125255585,train
2026-01-16 20:30:00,ZONE_A,0.0,0.17475703,0.0,0.0,0.0,1.4590096,3.448805,1.6039075,1.6337667,3.448805,1.6039075,2639.6575,2638.053592534065,train
2026-01-16 20:45:00,ZONE_A,0.0,0.0,0.0,0.0,0.0,1.704475,3.448805,1.3769807,1.704475,3.448805,1.3769807,2594.6614,2593.284419337654,train
2026-01-16 21:00:00,ZONE_A,0.0,0.068181455,0.0,0.013756787,0.0,1.3792467,2.7310536,2.5436244,1.4474282,2.7310536,2.5573812,2555.498,2552.9406188468934,train
2026-01-16 21:15:00,ZONE_A,0.0,1.7257024,0.0,0.013756787,0.0,1.9174597,1.5845844,1.6439754,3.6431623,1.5845844,1.6577321,2538.7908,2537.1330678709032,train
2026-01-16 21:30:00,ZONE_A,0.0,0.0,0.0,0.016368685,0.0,1.29846,1.4037567,1.6439754,1.29846,1.4037567,1.660344,2480.3193,2478.658955995369,train
2026-01-16 21:45:00,ZONE_A,0.0,0.0,0.0,0.0,0.0,1.7112604,2.5955837,1.6439754,1.7112604,2.5955837,1.6439754,2495.0137,2493.369724622917,train
2026-01-16 22:00:00,ZONE_A,0.0,0.18722865,0.0,0.18176869,0.0,1.5164173,3.1555574,2.4741623,1.703646,3.1555574,2.655931,2414.0027,2411.346769004059,train
2026-01-16 22:15:00,ZONE_A,0.0,0.0,0.0,0.23204708,0.0,3.1646864,2.1947126,2.3411229,3.1646864,2.1947126,2.57317,2423.6584,2421.0852300533293,train
2026-01-16 22:30:00,ZONE_A,0.0,0.0,0.072618924,0.112409204,0.0,1.632452,3.448805,2.2453802,1.632452,3.521424,2.3577893,2359.3098,2356.9520107219696,train
2026-01-16 22:45:00,ZONE_A,0.0,0.34966463,0.27097273,0.0012756959,0.0,2.4093447,3.1555574,2.4741623,2.7590094,3.4265301,2.475438,2381.0452,2378.569761882019,train
2026-01-16 23:00:00,ZONE_A,0.0,0.58504903,0.70830077,0.11012847,0.0,1.64931,2.5423033,2.9439318,2.234359,3.2506042,3.0540602,2305.9954,2302.9413397792814,train
2026-01-16 23:15:00,ZONE_A,0.0,0.17475703,0.022375494,0.060100608,0.0,1.5465817,3.448805,2.784784,1.7213387,3.4711807,2.8448846,2328.9883,2326.143415365982,train
2026-01-16 23:30:00,ZONE_A,0.0,0.17475703,0.072618924,0.0,0.0,0.77692324,3.1555574,2.8040636,0.9516803,3.2281764,2.8040636,2320.6672,2317.8631364414214,train
2026-01-16 23:45:00,ZONE_A,0.0,0.3428949,0.27097273,0.0,0.0,1.3556962,1.8518476,1.8223685,1.6985911,2.1228204,1.8223685,2364.245,2362.422631497383,train
2026-01-17 00:00:00,ZONE_A,0.0,0.39090896,0.1274688,0.0,0.0,0.23421448,2.7499282,5.363211,0.62512344,2.877397,5.363211,2294.2908,2288.9275888450625,train
2026-01-17 00:15:00,ZONE_A,0.0,0.0,0.0,0.0,0.0,2.0459945,3.2612793,4.962326,2.0459945,3.2612793,4.962326,2296.9412,2291.9788739501955,train
2026-01-17 00:30:00,ZONE_A,0.0,0.0,0.0,0.6300165,0.0,1.748342,3.9496775,5.9576006,1.748342,3.9496775,6.587617,2294.2173,2287.6296830795286,train
2026-01-17 00:45:00,ZONE_A,0.0,0.15805101,1.2940701,1.4439161,0.0,2.2038875,3.907919,4.962326,2.3619385,5.201989,6.4062424,2319.0295,2312.6232576293946,train
2026-01-17 01:00:00,ZONE_A,0.0,0.34230846,0.13239661,0.0,0.0,5.405657,5.427496,5.7942824,5.7479653,5.5598927,5.7942824,2299.0706,2293.276317563629,train
2026-01-17 01:15:00,ZONE_A,0.0,0.07975508,0.0,0.0,0.0,2.0921972,3.3280466,2.6797993,2.1719522,3.3280466,2.6797993,2294.2964,2291.6166006816866,train
2026-01-17 01:30:00,ZONE_A,0.0,0.0091757225,0.0,0.5570134,0.0,2.8463004,3.0727515,1.0877105,2.8554761,3.0727515,1.6447239,2294.3196,2292.674876107788,train
2026-01-17 01:45:00,ZONE_A,0.0,0.0,1.1876831,1.4439161,0.0,1.8551083,3.6943822,4.8483906,1.8551083,4.8820653,6.292307,2295.1765,2288.8841930999756,train
2026-01-17 02:00:00,ZONE_A,0.0,0.34230846,0.026009716,0.0,0.0,2.0459945,2.988833,5.372803,2.388303,3.0148427,5.372803,2294.1047,2288.7318967887877,train
2026-01-17 02:15:00,ZONE_A,0.0,0.0,0.0,0.0,5.8298001597832005,5.2734714,5.5198665,6.8983946,5.2734714,5.5198665,6.8983946,2292.5942,2285.6958054153442,train
2026-01-17 02:30:00,ZONE_A,0.0,0.0,0.0,0.5570134,1.481781048065341,2.3987484,4.163427,5.6845345,2.3987484,4.163427,6.241548,2292.5159,2286.274351938629,train
2026-01-17 02:45:00,ZONE_A,0.0,0.0,1.1876831,1.1573045,0.0,2.2038875,3.907919,4.4206715,2.2038875,5.095602,5.577976,2284.589,2279.0110237731933,train
2026-01-17 03:00:00,ZONE_A,0.0,0.1826455,0.0,0.0,0.0,2.5144718,2.1087327,1.5700582,2.6971173,2.1087327,1.5700582,2289.8384,2288.2683417734147,train
2026-01-17 03:15:00,ZONE_A,0.0,0.0,0.0,0.0,5.888656969376489,5.091198,3.4370787,5.556858,5.091198,3.4370787,5.556858,2292.7256,2287.168741937256,train
2026-01-17 03:30:00,ZONE_A,0.0,0.14035666,0.0,1.268094,2.5811411147821284,2.3663821,2.7979178,5.120784,2.5067387,2.7979178,6.388878,2290.026,2283.6371221313475,train
2026-01-17 03:45:00,ZONE_A,0.0,0.0,5.7468734,7.122676,1.869352317396053,4.2673383,3.0580657,6.3229947,4.2673383,8.804939,13.445671,2298.8225,2285.3768289184572,train
2026-01-17 04:00:00,ZONE_A,0.0,0.3046754,0.0,0.0,5.711109739942843,5.837267,7.158478,13.391807,6.1419425,7.158478,13.391807,2289.1152,2275.723393397522,train
2026-01-17 04:15:00,ZONE_A,0.0,0.18213968,0.0,0.0,5.547997270326198,5.837267,5.617533,21.278732,6.019407,5.617533,21.278732,2290.2822,2269.0034677001954,train
2026-01-17 04:30:00,ZONE_A,0.0,0.041503515,0.5625425,0.0,4.099163541508979,4.257818,9.879429,12.153114,4.2993217,10.441972,12.153114,2289.5547,2277.4015856811525,train
2026-01-17 04:45:00,ZONE_A,0.0,0.0,0.9761549,1.4793661,6.875656590581209,9.710205,14.248579,8.984619,9.710205,15.224734,10.463985,2289.6526,2279.1886145568847,train
2026-01-17 05:00:00,ZONE_A,0.0,0.04877977,0.0,0.0,8.31790526006387,9.138245,10.905083,10.995707,9.187024,10.905083,10.995707,2454.2769,2443.2811934417723,train
2026-01-17 05:15:00,ZONE_A,0.0,0.0,0.0,0.0,16.9068474039452,23.239744,14.736641,33.309093,23.239744,14.736641,33.309093,2507.809,2474.4999065246584,train
2026-01-17 05:30:00,ZONE_A,0.0,0.0,2.4111998,1.4484572,33.89039529809086,30.925184,27.179482,22.559254,30.925184,29.590681,24.007711,2605.672,2581.6642885894776,train
2026-01-17 05:45:00,ZONE_A,0.0,0.021564808,1.4235501,7.646317,38.960230416562176,39.02417,37.16854,51.600864,39.045734,38.59209,59.24718,2608.6628,2549.4156190612794,train
2026-01-17 06:00:00,ZONE_A,0.0,4.636078,4.1369343,42.693577,43.71897044332709,41.442448,46.13475,38.66298,46.078526,50.271683,81.35655,2661.1274,2579.7708478759764,train
2026-01-17 06:15:00,ZONE_A,0.0,0.0112591805,9.79674,53.8203,49.9633500185055,49.843437,62.768646,67.040085,49.8547,72.565384,120.86038,2702.7493,2581.888917919922,train
2026-01-17 06:30:00,ZONE_A,0.0,1.7413071,5.268191,80.569176,58.93864759100465,57.12794,55.793274,96.430984,58.869247,61.061466,177.00015,2719.063,2542.0628474121095,train
2026-01-17 06:45:00,ZONE_A,0.0,0.0,20.913269,95.35513,60.07106287292505,57.379345,70.37608,56.069824,57.379345,91.28935,151.42496,2766.8523,2615.4273427246094,train
2026-01-17 07:00:00,ZONE_A,0.0,42.63647,107.645905,181.58331,60.21306400554593,60.8504,90.22694,77.580696,103.48687,197.87283,259.164,2795.5557,2536.391698535156,train
2026-01-17 07:15:00,ZONE_A,56.45588958638269,110.60888,149.71542,269.9905,92.24872333838248,108.36672,88.59557,61.049515,218.9756,238.311,331.04004,2838.337,2507.2969609375,train
2026-01-17 07:30:00,ZONE_A,105.06921936702412,151.84099,199.77213,283.12796,153.21882839077435,110.501785,131.16093,118.1499,262.34277,330.93304,401.27786,2866.4382,2465.160337451172,train
2026-01-17 07:45:00,ZONE_A,154.63741521199523,208.61662,259.65656,279.7822,94.84390653711532,98.34463,79.281525,93.932655,306.96124,338.93808,373.71484,2901.8047,2528.08985625,train
2026-01-17 08:00:00,ZONE_A,218.87119033133368,273.65085,290.71292,331.09106,95.07098981307269,84.420815,85.947205,92.54442,358.07166,376.66013,423.6355,2932.8577,2509.222201953125,train
2026-01-17 08:15:00,ZONE_A,277.3925091852738,306.28876,325.98764,342.05392,74.89209197354883,70.84657,85.81487,61.85595,377.1353,411.80252,403.90988,2983.6812,2579.771318408203,train
2026-01-17 08:30:00,ZONE_A,278.9033767953824,313.8223,318.71222,342.17276,66.78756734494297,68.17284,70.45623,62.95803,381.99512,389.16846,405.1308,3012.9739,2607.843101660156,train
2026-01-17 08:45:00,ZONE_A,316.84015108963786,333.6223,342.29166,418.88306,76.71087310546702,78.8527,73.751724,64.98294,412.475,416.0434,483.866,3034.135,2550.269002685547,train
2026-01-17 09:00:00,ZONE_A,312.1947029434849,340.62607,336.30838,365.15442,96.38128153478506,82.7403,87.48865,73.459854,423.36636,423.79703,438.61426,2701.361,2262.7467421875,train
2026-01-17 09:15:00,ZONE_A,312.9329443809382,333.46054,375.54245,446.9229,94.82957129497244,82.98431,77.03936,50.665184,416.44485,452.58182,497.5881,2715.5115,2217.923395751953,train
2026-01-17 09:30:00,ZONE_A,341.6961224316683,371.25485,373.50842,432.04135,44.9330754692942,39.23354,35.069252,28.81162,410.4884,408.57767,460.85297,2669.2444,2208.3914336914063,train
2026-01-17 09:45:00,ZONE_A,355.227304355528,374.62854,443.87653,449.0363,28.223600914476705,29.380451,26.861713,30.720388,404.009,470.73825,479.75668,2688.051,2208.2943166503906,train
2026-01-17 10:00:00,ZONE_A,385.09102144154286,438.29013,434.048,462.94342,44.1102473323348,28.621197,29.058321,36.886703,466.91132,463.10632,499.83014,2697.3923,2197.5621608398437,train
2026-01-17 10:15:00,ZONE_A,458.3401934245599,461.70676,473.5302,490.66895,9.451271709372074,16.544487,14.655414,20.671837,478.25125,488.18564,511.3408,2723.9292,2212.588410205078,train
2026-01-17 10:30:00,ZONE_A,479.63254566173146,480.41864,500.71362,504.4854,19.66981380592097,19.29735,22.163874,17.147646,499.716,522.8775,521.63306,2698.2205,2176.587443359375,train
2026-01-17 10:45:00,ZONE_A,464.1071168022653,482.89224,483.9388,533.354,26.91683057145511,27.731222,30.681946,26.336525,510.62347,514.6207,559.69055,2684.4502,2124.7596482421877,train
2026-01-17 11:00:00,ZONE_A,498.2611720510445,502.91565,512.3367,555.43805,50.67477484744204,46.02639,38.735058,38.718613,548.942,551.0717,594.1567,2694.809,2100.6523227539064,train
2026-01-17 11:15:00,ZONE_A,481.6938866237957,499.44925,523.05414,547.1206,45.10506427462048,37.82755,35.809937,34.382225,537.2768,558.8641,581.5028,2719.1687,2137.6658923828127,train
2026-01-17 11:30:00,ZONE_A,479.9774614621809,503.8754,531.08167,577.9606,15.66184136682241,19.438486,22.372883,19.911192,523.3139,553.4545,597.87177,2699.5776,2101.7058348632813,train
2026-01-17 11:45:00,ZONE_A,516.0322886273278,536.1782,549.2682,638.5493,19.94597032062538,23.733082,26.349592,22.374134,559.9113,575.6178,660.92346,2696.0566,2035.1331380859374,train
2026-01-17 12:00:00,ZONE_A,535.1304918130035,563.4161,595.76324,636.3551,38.521456203699934,37.62929,31.206194,23.522926,601.04535,626.9694,659.87805,2684.8123,2024.9342482421876,train
2026-01-17 12:15:00,ZONE_A,589.8015805148303,592.02966,639.86066,599.54596,58.38735682654656,49.606247,54.250927,39.36972,641.6359,694.1116,638.91565,2685.2065,2046.2908505859373,train
2026-01-17 12:30:00,ZONE_A,618.0832907857441,651.2619,678.4975,665.9233,43.24524109983344,41.69639,33.279465,41.57845,692.9583,711.777,707.5017,2682.2185,1974.716791015625,train
2026-01-17 12:45:00,ZONE_A,662.0804351530358,676.6358,629.2023,635.90765,45.86430529032548,36.48333,39.40969,30.40289,713.11914,668.61194,666.31055,2678.6228,2012.312253125,train
2026-01-17 13:00:00,ZONE_A,682.6188690478825,654.054,679.2128,599.0496,35.111736658015595,31.468334,32.75589,32.18531,685.52234,711.96875,631.2349,2692.0476,2060.8126756835936,train
2026-01-17 13:15:00,ZONE_A,621.5236886398009,647.61237,625.26794,552.1784,23.322820439834185,25.254103,21.474625,17.872719,672.86646,646.74255,570.05115,2699.409,2129.3578525390626,train
2026-01-17 13:30:00,ZONE_A,659.5930011416981,635.12726,610.6818,537.7386,37.95498238996228,31.894295,32.768112,16.25097,667.02155,643.44995,553.98956,2673.2642,2119.274637011719,train
2026-01-17 13:45:00,ZONE_A,643.4251806109568,599.7129,571.0821,479.26324,20.37798218915684,25.129263,21.229485,13.712396,624.84216,592.3116,492.97565,2666.843,2173.8673530273436,train
2026-01-17 14:00:00,ZONE_A,616.0964421106303,572.452,521.9364,421.11896,11.664719740643338,11.564308,9.334071,6.7475195,584.01636,531.27045,427.8665,2675.6914,2247.824914404297,train
2026-01-17 14:15:00,ZONE_A,572.0675656547178,535.42224,490.72452,415.93384,5.051740125237243,4.2951007,3.5649161,1.9544582,539.71735,494.28943,417.8883,2707.997,2290.1086943359373,train
2026-01-17 14:30:00,ZONE_A,516.7665711674879,468.4798,422.09537,392.4203,0.3730226915767438,3.4696078,2.1035318,3.5266142,471.9494,424.1989,395.9469,2679.6152,2283.6683005859377,train
2026-01-17 14:45:00,ZONE_A,466.0338155879398,415.57605,391.15265,326.91077,0.85693834874428,1.3532882,1.3666127,1.3154206,416.92935,392.51926,328.2262,2693.5413,2365.3151037109374,train
2026-01-17 15:00:00,ZONE_A,417.9192416956353,388.7924,377.02698,297.9608,4.13328181729295,4.0737557,3.629098,3.537284,392.86615,380.65607,301.49808,2789.8584,2488.360322607422,train
2026-01-17 15:15:00,ZONE_A,391.4656445912708,388.455,328.35663,264.99188,3.5332396595000737,2.1977818,2.6718214,1.8406239,390.65277,331.02844,266.83252,2800.2156,2533.38308046875,train
2026-01-17 15:30:00,ZONE_A,407.8547054190281,345.05255,322.40256,239.36859,0.0,0.0,1.857266,1.0829487,345.05255,324.25983,240.45154,2793.6926,2553.2410619140624,train
2026-01-17 15:45:00,ZONE_A,332.28518431279207,305.23483,260.37424,193.99356,1.621330804523393,1.284668,1.4905539,2.2421355,306.5195,261.86478,196.2357,2790.9753,2594.7395974853516,train
2026-01-17 16:00:00,ZONE_A,305.47077105696013,263.26987,227.46426,139.80124,8.472388440524988,6.0782027,6.1854153,8.767077,269.34808,233.64967,148.56831,2801.5876,2653.019286401367,train
2026-01-17 16:15:00,ZONE_A,257.3935357422397,214.9266,184.10016,101.680595,5.030958336808189,3.6232917,2.434958,4.3531857,218.5499,186.53511,106.03378,2793.0935,2687.0597170410156,train
2026-01-17 16:30:00,ZONE_A,211.01280425069808,176.06004,136.90596,59.65112,3.1439310316337967,0.7459055,3.8135054,0.0,176.80595,140.71947,59.65112,2804.2812,2744.630080767822,train
2026-01-17 16:45:00,ZONE_A,185.4419720445372,149.35794,107.99429,47.22446,5.192590545606156,8.636205,2.0048685,4.863224,157.99414,109.99916,52.087685,2807.3728,2755.2851153686524,train
2026-01-17 17:00:00,ZONE_A,139.0163447896851,96.312096,59.997772,0.0,17.02793760705976,13.807443,11.015955,5.376481,110.11954,71.013725,5.376481,2805.0295,2799.6530189437867,train
2026-01-17 17:15:00,ZONE_A,98.44431112895164,55.124542,24.469881,0.0,12.350856916107013,9.619806,11.177161,7.797214,64.74435,35.64704,7.797214,2799.6377,2791.8404859687807,train
2026-01-17 17:30:00,ZONE_A,57.90481218314516,26.340706,0.0,0.0,4.091420919718526,3.005009,2.2655804,0.6556446,29.345715,2.2655804,0.6556446,2795.7751,2795.119455404377,train
2026-01-17 17:45:00,ZONE_A,29.95546823486638,0.0,1.6472898,1.7884036,7.403584128834256,5.416792,5.2043676,9.890174,5.416792,6.8516574,11.678577,2802.1653,2790.4867225769044,train
2026-01-17 18:00:00,ZONE_A,0.0,0.0,0.0,0.0,13.093245834644746,10.754555,8.763292,8.65747,10.754555,8.763292,8.65747,2803.988,2795.330530250549,train
2026-01-17 18:15:00,ZONE_A,0.0,0.0,0.0,0.012031382,13.19553701179145,11.851448,12.640651,6.5777926,11.851448,12.640651,6.589824,2818.2717,2811.6818758003233,train
2026-01-17 18:30:00,ZONE_A,0.0,0.0,0.0,0.01013208,8.861248940740513,8.903947,9.315066,8.888395,8.903947,9.315066,8.898527,2815.114,2806.2154728546143,train
2026-01-17 18:45:00,ZONE_A,0.0,0.40815508,1.4336305,7.2120175,16.849966676090755,20.975523,11.741993,6.3920207,21.383678,13.175623,13.604038,2796.7344,2783.1303617614744,train
2026-01-17 19:00:00,ZONE_A,0.0,0.097789094,0.15820023,0.42520174,22.90391670753893,18.506702,17.831032,15.166339,18.604492,17.989231,15.59154,2795.3872,2779.7956596633912,train
2026-01-17 19:15:00,ZONE_A,0.0,0.0,11.275739,0.0,14.877062105842109,13.262844,11.362759,11.945303,13.262844,22.638496,11.945303,2810.2126,2798.267297036743,train
2026-01-17 19:30:00,ZONE_A,0.0,8.624657,0.0,0.0,14.991204818194268,15.341546,12.581229,9.319534,23.966202,12.581229,9.319534,2792.6526,2783.333065698242,train
2026-01-17 19:45:00,ZONE_A,0.0,0.0,1.1731936,0.0,5.612630713894465,3.591994,2.4210427,1.329256,3.591994,3.5942364,1.329256,2794.813,2793.483743942261,train
2026-01-17 20:00:00,ZONE_A,0.0,0.068181455,0.0,0.0,9.803779143736117,11.386834,10.094619,8.254977,11.455015,10.094619,8.254977,2657.221,2648.9660227737427,train
2026-01-17 20:15:00,ZONE_A,0.0,0.0,0.0,0.013756787,7.878697428440796,6.908907,6.5181055,13.581779,6.908907,6.5181055,13.595535,2633.4304,2619.83486472168,train
2026-01-17 20:30:00,ZONE_A,0.0,0.0,0.0,0.5176524,5.590129520711288,6.4351163,2.8210056,5.590024,6.4351163,2.8210056,6.1076765,2611.662,2605.5543234939573,train
2026-01-17 20:45:00,ZONE_A,0.0,0.0,0.0,0.0,5.354733687293471,4.748382,3.7920346,8.317976,4.748382,3.7920346,8.317976,2603.42,2595.1020240020753,train
2026-01-17 21:00:00,ZONE_A,0.0,0.068181455,0.0,0.013756787,5.569655456739386,5.1221104,3.1221638,8.436788,5.190292,3.1221638,8.450544,2552.375,2543.9244556427,train
2026-01-17 21:15:00,ZONE_A,0.0,0.0,0.0,0.013756787,10.927624946430486,10.999996,11.8431,9.742849,10.999996,11.8431,9.756606,2519.6887,2509.9320938980104,train
2026-01-17 21:30:00,ZONE_A,0.0,0.0,0.0,0.016368685,16.432943069635478,16.86686,14.572037,12.146733,16.86686,14.572037,12.163102,2503.0208,2490.8576978500364,train
2026-01-17 21:45:00,ZONE_A,0.0,0.0,0.0,0.070444405,15.010563088159149,17.267155,10.485684,6.890858,17.267155,10.485684,6.9613028,2462.4722,2455.510897242737,train
2026-01-17 22:00:00,ZONE_A,0.0,0.18722865,0.0,0.349802,23.200624444218555,20.006918,19.219257,14.354735,20.194147,19.219257,14.704537,2422.2703,2407.5657626083375,train
2026-01-17 22:15:00,ZONE_A,0.0,0.0,0.0,0.349802,28.51065913840628,27.69054,24.025558,19.862545,27.69054,24.025558,20.212347,2426.5654,2406.3530529693603,train
2026-01-17 22:30:00,ZONE_A,0.0,0.0,0.0,0.0,22.86636911255025,20.458536,18.536955,15.607149,20.458536,18.536955,15.607149,2360.4612,2344.8540508758547,train
2026-01-17 22:45:00,ZONE_A,0.0,0.0,0.0,0.0,21.47391500387452,18.463655,19.216597,16.19302,18.463655,19.216597,16.19302,2357.7073,2341.5142801330567,train
2026-01-17 23:00:00,ZONE_A,0.0,0.18722865,0.24626672,0.349802,19.81692895937737,20.671177,16.476591,12.525262,20.858406,16.722858,12.875064,2310.0437,2297.168636103821,train
2026-01-17 23:15:00,ZONE_A,0.0,0.0,0.0,0.349802,25.755669094274264,23.453768,23.464378,29.269373,23.453768,23.464378,29.619175,2304.0598,2274.4406250427246,train
2026-01-17 23:30:00,ZONE_A,0.0,0.0,0.0,0.0,21.84100814118648,22.778,19.216597,34.316326,22.778,19.216597,34.316326,2301.4792,2267.162873858643,train
2026-01-17 23:45:00,ZONE_A,0.0,0.0,0.30911216,0.0,17.40506553019969,24.904697,20.028894,15.9186325,24.904697,20.338007,15.9186325,2306.1604,2290.241767492676,train
2026-01-18 00:00:00,ZONE_A,0.0,0.0,0.0,0.0,46.18714462018556,43.92873,50.611313,41.015095,43.92873,50.611313,41.015095,2311.8386,2270.82350524292,train
2026-01-18 00:15:00,ZONE_A,0.0,0.0,0.0,0.0,67.48281332278218,64.47771,62.863617,70.63209,64.47771,62.863617,70.63209,2293.8008,2223.1687122924804,train
2026-01-18 00:30:00,ZONE_A,0.0,0.031743914,0.0,0.88209873,49.51867582427284,51.86761,48.273716,67.637184,51.899353,48.273716,68.51928,2290.8855,2222.3662205200194,train
2026-01-18 00:45:00,ZONE_A,0.0,0.0,0.91038036,0.7584492,62.357549692846966,62.33774,64.03942,81.18163,62.33774,64.9498,81.94008,2304.1155,2222.1754212646483,train
2026-01-18 01:00:00,ZONE_A,0.0,0.0,0.0,0.0,64.98600574493268,66.435326,71.71794,87.62858,66.435326,71.71794,87.62858,2288.3433,2200.714721813965,train
2026-01-18 01:15:00,ZONE_A,0.0,0.0,0.0,0.0,76.57708983948923,73.701935,91.57543,96.9481,73.701935,91.57543,96.9481,2288.2625,2191.314402770996,train
2026-01-18 01:30:00,ZONE_A,0.0,0.0,0.0,0.88209873,80.24994651528452,79.6429,88.02469,102.98547,79.6429,88.02469,103.86757,2285.288,2181.4204310302734,train
2026-01-18 01:45:00,ZONE_A,0.0,0.0,0.91038036,1.0172864,118.32982126696156,122.55589,120.782845,169.52267,122.55589,121.69322,170.53996,2284.3467,2113.8067372314454,train
2026-01-18 02:00:00,ZONE_A,0.0,0.0,0.0,0.0,133.39140369546493,128.34732,147.39597,173.44652,128.34732,147.39597,173.44652,2288.9783,2115.5317820556643,train
2026-01-18 02:15:00,ZONE_A,0.0,0.0,0.0,0.0,129.15079161090526,138.51706,151.91808,181.04521,138.51706,151.91808,181.04521,2285.389,2104.343788208008,train
2026-01-18 02:30:00,ZONE_A,0.0,0.0,0.0,0.88209873,174.23058735948098,170.1453,193.35654,200.82376,170.1453,193.35654,201.70586,2284.5002,2082.7943436767578,train
2026-01-18 02:45:00,ZONE_A,0.0,0.0,0.91038036,1.0172864,186.2457279104192,184.62779,194.91444,169.66484,184.62779,195.82483,170.68213,2284.8225,2114.14037109375,train
2026-01-18 03:00:00,ZONE_A,0.0,0.0,0.0,0.0,196.74326793985057,208.79651,209.30643,212.48506,208.79651,209.30643,212.48506,2284.0974,2071.6123383544923,train
2026-01-18 03:15:00,ZONE_A,0.0,0.0,0.0,0.0,212.58298016159569,225.21631,186.10165,146.94637,225.21631,186.10165,146.94637,2284.106,2137.159634643555,train
2026-01-18 03:30:00,ZONE_A,0.0,0.0,0.0,1.225888,203.5734770624724,196.45976,204.12057,115.18703,196.45976,204.12057,116.41292,2288.2302,2171.8172819091797,train
2026-01-18 03:45:00,ZONE_A,0.0,0.0,1.0420436,1.0172864,209.45785466497583,211.44725,154.92398,110.22092,211.44725,155.96602,111.238205,2281.5586,2170.320395043945,train
2026-01-18 04:00:00,ZONE_A,0.0,2.7984025,0.0,0.0,178.49690644386496,152.31717,110.782745,86.703026,155.11557,110.782745,86.703026,2280.9673,2194.2642741821287,train
2026-01-18 04:15:00,ZONE_A,0.0,0.0,0.022087988,0.0,141.1583154222176,110.92968,104.91259,117.5268,110.92968,104.93468,117.5268,2279.9937,2162.4668979370117,train
2026-01-18 04:30:00,ZONE_A,0.0,0.0,0.0,0.88209873,102.56841863566812,96.281006,63.453243,51.197693,96.281006,63.453243,52.079792,2296.497,2244.4172079772948,train
2026-01-18 04:45:00,ZONE_A,0.0,0.0,0.91038036,0.85453355,63.72557797490052,51.691994,59.429375,45.072674,51.691994,60.339756,45.927208,2268.5176,2222.590392053223,train
2026-01-18 05:00:00,ZONE_A,0.0,0.0,0.0,0.0,44.17290402270022,42.89923,35.500587,42.160683,42.89923,35.500587,42.160683,2571.8396,2529.678917321777,train
2026-01-18 05:15:00,ZONE_A,0.0,0.0,3.3206892,0.19260389,41.2950428139096,38.868343,45.381683,40.202793,38.868343,48.702374,40.395397,2595.948,2555.5526028137206,train
2026-01-18 05:30:00,ZONE_A,0.0,0.031743914,0.0,0.62326145,42.69725709613488,42.500248,39.227604,45.259705,42.53199,39.227604,45.882965,2611.467,2565.5840349121095,train
2026-01-18 05:45:00,ZONE_A,0.0,0.0,5.3464756,0.0,38.10947846810622,37.199974,41.677032,62.25811,37.199974,47.023506,62.25811,2623.382,2561.1238899536133,train
2026-01-18 06:00:00,ZONE_A,0.0,0.25271004,0.108949184,19.14306,9.716754162553526,18.08613,27.110067,47.667133,18.33884,27.219017,66.810196,2667.9688,2601.1586040771485,train
2026-01-18 06:15:00,ZONE_A,0.0,0.6511577,7.905513,47.51397,25.867610197851903,30.042534,41.88746,49.01538,30.693691,49.792973,96.52935,2691.203,2594.6736497192383,train
2026-01-18 06:30:00,ZONE_A,0.0,0.38316125,5.6671205,55.416584,44.25435617130557,44.10301,63.79707,72.40587,44.486168,69.46419,127.82245,2738.0547,2610.2322512695314,train
2026-01-18 06:45:00,ZONE_A,0.0,0.9518264,16.530697,85.60111,52.41984702281129,62.47245,58.476692,83.643234,63.42428,75.007385,169.24435,2762.7458,2593.5014457519533,train
2026-01-18 07:00:00,ZONE_A,0.0,33.768383,63.66046,153.03302,106.14183206649214,84.4249,119.71694,121.56738,118.19328,183.37741,274.6004,2799.1853,2524.584897167969,train
2026-01-18 07:15:00,ZONE_A,28.99421868255095,54.120846,80.04749,132.67923,75.7159986103997,79.65667,84.59352,69.94645,133.77751,164.64102,202.62567,2815.4382,2612.8125286132813,train
2026-01-18 07:30:00,ZONE_A,63.88376947292451,96.03168,138.5467,225.38463,140.54499030097483,132.07631,130.69873,108.88229,228.10799,269.24542,334.2669,2837.2422,2502.975293261719,train
2026-01-18 07:45:00,ZONE_A,86.21810903376583,116.9464,137.19888,236.79399,105.86103284052332,110.43566,78.3652,110.46801,227.38206,215.56409,347.262,2888.9421,2541.680106591797,train
2026-01-18 08:00:00,ZONE_A,131.3366555363043,158.67506,203.21397,242.1034,111.24667578256228,81.43843,107.07499,121.4492,240.1135,310.28897,363.5526,2979.94,2616.3873876953126,train
2026-01-18 08:15:00,ZONE_A,160.43520888781728,202.90886,234.90114,292.77167,71.18963948641061,72.404625,83.28491,105.994,275.31348,318.18604,398.7657,2976.0974,2577.331713964844,train
2026-01-18 08:30:00,ZONE_A,196.4923700255609,230.754,255.36101,335.6791,74.29871307133853,73.38399,88.496704,105.19659,304.138,343.85773,440.8757,3010.0283,2569.152598095703,train
2026-01-18 08:45:00,ZONE_A,246.84485106921,255.85039,306.66074,370.22397,84.1937419778244,91.00124,99.00887,92.28352,346.85162,405.66962,462.5075,3040.572,2578.0644926757814,train
2026-01-18 09:00:00,ZONE_A,263.4454981452604,297.39893,342.1872,398.774,79.42004444729388,87.45897,90.53982,109.299736,384.8579,432.72702,508.07373,2700.7585,2192.68476953125,train
2026-01-18 09:15:00,ZONE_A,330.7739829849015,354.03268,391.76614,434.8915,103.66468410694932,114.25147,95.01453,126.01209,468.28415,486.78067,560.9036,2699.734,2138.8303745117187,train
2026-01-18 09:30:00,ZONE_A,357.6112627502175,391.4967,429.10876,473.63165,106.1078323179028,95.92478,111.39561,72.71728,487.42148,540.5044,546.34894,2743.7405,2197.3915620117186,train
2026-01-18 09:45:00,ZONE_A,418.3560360697302,447.06772,486.77298,540.9882,87.17937506432331,95.07265,95.45034,102.500275,542.1404,582.2233,643.4885,2679.861,2036.3724746093749,train
2026-01-18 10:00:00,ZONE_A,446.1043242544223,487.71848,486.88425,570.7942,71.44446565270088,72.08152,82.046715,137.68317,559.8,568.93097,708.47736,2747.9534,2039.4760440429686,train
2026-01-18 10:15:00,ZONE_A,503.20559167391326,515.1035,548.044,594.58014,93.3527677591879,81.709595,103.63372,104.24473,596.8131,651.67773,698.8249,2750.3088,2051.483909863281,train
2026-01-18 10:30:00,ZONE_A,535.6033672142274,561.5891,597.6347,659.66846,77.83694206619192,85.64222,102.01427,124.09325,647.2313,699.649,783.7617,2703.189,1919.4272812499999,train
2026-01-18 10:45:00,ZONE_A,540.0576284355977,576.0342,597.5747,644.68823,105.19537776820992,114.347,95.94675,169.17372,690.38116,693.5215,813.86194,2688.0957,1874.2337615234374,train
2026-01-18 11:00:00,ZONE_A,594.068443610712,613.2235,662.6803,608.41144,155.70820491534678,124.2033,156.48227,206.55617,737.4268,819.1626,814.9676,2695.4543,1880.4867096679686,train
2026-01-18 11:15:00,ZONE_A,608.1902248481447,655.9533,637.04224,543.2266,89.44695376463865,109.131615,140.91682,192.80365,765.0849,777.95905,736.0303,2698.378,1962.3477265625002,train
2026-01-18 11:30:00,ZONE_A,681.0406789097971,684.7757,643.84174,557.2621,129.07920854383906,167.14111,167.20447,261.4252,851.9168,811.0462,818.68726,2689.5708,1870.883544140625,train
2026-01-18 11:45:00,ZONE_A,677.3225481426648,649.4536,582.5433,590.3309,230.0120723036495,243.25232,272.33875,286.02618,892.70593,854.882,876.35706,2700.295,1823.9379443359376,train
2026-01-18 12:00:00,ZONE_A,605.5357608123571,550.9278,538.6566,527.4235,248.11534650060608,258.67532,294.1926,298.18948,809.60315,832.84924,825.61304,2681.3704,1855.7573628906248,train
2026-01-18 12:15:00,ZONE_A,526.5833293501818,513.76276,491.38644,477.59872,286.5961510239134,330.59195,308.222,258.2355,844.35474,799.6084,735.8342,2703.5361,1967.7018714843748,train
2026-01-18 12:30:00,ZONE_A,528.8524918641788,513.3126,542.7856,511.5775,354.4708716376245,349.68747,304.21826,299.9512,863.0001,847.00385,811.5287,2675.6248,1864.0961134765626,train
2026-01-18 12:45:00,ZONE_A,492.2936425120385,523.8559,480.57455,444.88608,339.95000863160215,324.26025,271.90173,338.9205,848.11615,752.4763,783.8066,2685.382,1901.5754204101563,train
2026-01-18 13:00:00,ZONE_A,547.8589439366327,497.80704,495.87946,436.27655,348.628875508573,270.2772,300.77505,353.11874,768.0842,796.65454,789.39526,2691.2996,1901.9043363281248,train
2026-01-18 13:15:00,ZONE_A,486.2910476191404,470.11453,457.17407,399.2146,264.08792418648846,273.91614,303.24734,390.6124,744.03064,760.4214,789.827,2671.7275,1881.9004736328125,train
2026-01-18 13:30:00,ZONE_A,460.7693211518701,452.84125,429.65384,390.8823,271.6499345733249,303.77878,314.66016,340.83597,756.62,744.31396,731.71826,2677.8945,1946.1762382812499,train
2026-01-18 13:45:00,ZONE_A,448.0400444555259,424.68912,407.56284,381.709,294.60823787277207,319.0288,388.0454,371.45068,743.7179,795.6083,753.15967,2673.3762,1920.2165320312502,train
2026-01-18 14:00:00,ZONE_A,393.4595170461841,378.05896,385.72522,350.149,343.5300158144685,411.4876,324.1192,414.04233,789.5466,709.8444,764.1913,2682.2402,1918.0489158203127,train
2026-01-18 14:15:00,ZONE_A,394.84405144172666,375.62225,362.71786,324.54514,422.1150743389466,372.4942,356.53793,465.91656,748.11646,719.2558,790.4617,2683.091,1892.629330078125,train
2026-01-18 14:30:00,ZONE_A,399.7764912873925,373.1982,361.26242,315.96588,366.3541312240731,355.82828,433.59344,465.01968,729.0265,794.85583,780.9856,2683.5183,1902.5327042968752,train
2026-01-18 14:45:00,ZONE_A,366.112418607363,355.48114,331.36023,296.4771,314.0435047469272,388.51834,412.22134,461.92975,743.9995,743.58154,758.40686,2691.553,1933.1461396484374,train
2026-01-18 15:00:00,ZONE_A,371.1043819078235,335.5578,328.3905,283.1712,481.0003886279584,457.7593,462.74548,391.38077,793.31714,791.136,674.552,2777.8513,2103.299298046875,train
2026-01-18 15:15:00,ZONE_A,324.49989991717223,299.29407,278.53833,260.37476,473.2065201030606,494.99542,523.2419,564.09467,794.2895,801.7802,824.4694,2782.5547,1958.0852786132814,train
2026-01-18 15:30:00,ZONE_A,319.271514048492,293.6469,274.37125,218.68788,488.4059946463737,504.6497,413.28513,502.91846,798.29663,687.6564,721.6063,2794.0166,2072.4102767578124,train
2026-01-18 15:45:00,ZONE_A,314.0917960078878,294.8611,265.84274,201.62527,490.7741130412825,426.23965,548.1018,365.44125,721.10077,813.9446,567.0665,2770.97,2203.9034716796873,train
2026-01-18 16:00:00,ZONE_A,313.24978287056257,279.53046,244.85687,174.68959,401.027462545005,509.7976,434.5197,364.6078,789.32806,679.3766,539.29736,2805.3726,2266.07523671875,train
2026-01-18 16:15:00,ZONE_A,262.0079576077334,219.92851,204.08774,121.55292,552.588016118743,490.35208,396.92682,230.92267,710.2806,601.0145,352.4756,2801.7178,2449.2422140625,train
2026-01-18 16:30:00,ZONE_A,227.09853661296304,194.5147,162.54353,84.93429,503.6544942445124,402.9866,435.5246,226.72984,597.5013,598.0681,311.66412,2800.2856,2488.621476464844,train
2026-01-18 16:45:00,ZONE_A,216.87873275120484,176.03033,135.86426,72.79075,393.2652694601484,385.54425,249.77916,156.76326,561.5746,385.64343,229.55402,2801.4983,2571.944283886719,train
2026-01-18 17:00:00,ZONE_A,178.0033176947551,129.2235,86.446785,0.0,363.4093851153485,245.43765,257.73898,262.9962,374.66113,344.18576,262.9962,2803.9768,2540.9806146972655,train
2026-01-18 17:15:00,ZONE_A,132.66983800687134,90.909454,48.30903,0.0,230.4190296555015,212.96416,130.95113,129.78238,303.8736,179.26016,129.78238,2804.006,2674.2236208496092,train
2026-01-18 17:30:00,ZONE_A,98.29572358332884,44.562294,1.0324363,0.0,190.63826959360583,156.54868,204.17632,166.44588,201.11096,205.20876,166.44588,2803.1694,2636.723522924805,train
2026-01-18 17:45:00,ZONE_A,50.24340364496437,0.8410437,0.0,0.15316132,147.14884057418303,163.70308,149.24081,272.9844,164.54413,149.24081,273.13757,2806.4404,2533.3028267578125,train
2026-01-18 18:00:00,ZONE_A,0.0,2.812753,4.6563377,0.0,174.09658610466843,147.93874,179.9701,313.5149,150.7515,184.62643,313.5149,2802.181,2488.666107421875,train
2026-01-18 18:15:00,ZONE_A,0.0,0.0,3.0396488,0.0,141.41094874272147,147.34187,226.9447,279.27515,147.34187,229.98434,279.27515,2800.0896,2520.814453515625,train
2026-01-18 18:30:00,ZONE_A,0.0,1.0030901,0.0,0.0,182.53339891953456,231.88347,289.84442,276.48044,232.88657,289.84442,276.48044,2802.4263,2525.945861767578,train
2026-01-18 18:45:00,ZONE_A,0.0,0.0,0.26510915,0.0,259.9569602619578,281.143,274.11197,215.17332,281.143,274.37708,215.17332,2797.302,2582.128675415039,train
2026-01-18 19:00:00,ZONE_A,0.0,0.0,0.56536573,0.33049998,315.83915361195307,307.2336,293.9916,238.2998,307.2336,294.55698,238.63031,2813.2808,2574.6504899414062,train
2026-01-18 19:15:00,ZONE_A,0.0,0.0,0.0,0.23610422,299.0192955827756,296.66544,267.6369,156.61142,296.66544,267.6369,156.84752,2800.779,2643.9314810791016,train
2026-01-18 19:30:00,ZONE_A,0.0,0.0,0.0,0.12433556,310.6490439191075,271.77823,259.33453,219.79413,271.77823,259.33453,219.91846,2801.3462,2581.42774296875,train
2026-01-18 19:45:00,ZONE_A,0.0,0.0,0.0,0.0,218.1405089808094,246.44737,195.46112,318.91855,246.44737,195.46112,318.91855,2789.1655,2470.2469514160157,train
2026-01-18 20:00:00,ZONE_A,0.0,0.0,0.0,0.0,205.92506633786692,213.7677,223.30894,373.376,213.7677,223.30894,373.376,2638.134,2264.757992919922,train
2026-01-18 20:15:00,ZONE_A,0.0,0.0,0.0,0.1835261,165.9767159905658,190.55681,310.2121,250.95232,190.55681,310.2121,251.13585,2626.3142,2375.1783510009764,train
2026-01-18 20:30:00,ZONE_A,0.0,0.045735568,0.0,0.0,196.93602240805168,291.35843,353.8806,236.87251,291.40417,353.8806,236.87251,2608.2205,2371.347987182617,train
2026-01-18 20:45:00,ZONE_A,0.0,0.1946109,0.0,0.0,363.5658322105813,376.12686,281.36035,246.88347,376.32147,281.36035,246.88347,2595.35,2348.46653137207,train
2026-01-18 21:00:00,ZONE_A,0.0,0.12542355,0.043736555,0.0,404.8314631340764,293.19766,240.20134,251.00969,293.3231,240.24507,251.00969,2554.2375,2303.2278106689455,train
2026-01-18 21:15:00,ZONE_A,0.0,0.05488664,0.0,0.0,264.75217465066424,238.0575,245.24686,223.03842,238.11238,245.24686,223.03842,2523.7288,2300.6903783691405,train
2026-01-18 21:30:00,ZONE_A,0.0,0.0,0.0,0.0,239.9891526804273,243.44841,251.67523,206.35841,243.44841,251.67523,206.35841,2489.3716,2283.013186303711,train
2026-01-18 21:45:00,ZONE_A,0.0,0.03494791,0.0,0.0,250.9008695716412,255.35426,229.54411,153.99992,255.3892,229.54411,153.99992,2456.094,2302.0940762939454,train
2026-01-18 22:00:00,ZONE_A,0.0,0.0,0.25526464,0.06834286,252.56926197079628,235.90059,210.84401,191.36703,235.90059,211.09927,191.43538,2430.5813,2239.1459209716795,train
2026-01-18 22:15:00,ZONE_A,0.0,0.21454963,0.0,0.0,207.59536459733243,219.18982,157.48683,166.51524,219.40437,157.48683,166.51524,2371.0596,2204.5443564697266,train
2026-01-18 22:30:00,ZONE_A,0.0,0.05488664,0.0,0.0,226.52421004740347,156.02739,183.42879,112.822845,156.08228,183.42879,112.822845,2363.4155,2250.5926545410157,train
2026-01-18 22:45:00,ZONE_A,0.0,0.025796823,0.0,0.0,157.74472139370243,140.86525,154.36208,130.9919,140.89105,154.36208,130.9919,2331.7466,2200.754702416992,train
2026-01-18 23:00:00,ZONE_A,0.0,0.0,0.3306144,0.0,118.91220241839628,140.91199,112.04363,83.13486,140.91199,112.374245,83.13486,2310.11,2226.9751428222658,train
2026-01-18 23:15:00,ZONE_A,0.0,0.019874059,0.0,0.01831503,147.87557972804865,121.53013,134.57549,118.87243,121.55,134.57549,118.89075,2299.4402,2180.5494529296875,train
2026-01-18 23:30:00,ZONE_A,0.0,0.05488664,0.0,0.0,107.76432755458902,119.19896,79.12712,125.72795,119.253845,79.12712,125.72795,2301.9805,2176.2525489501954,train
2026-01-18 23:45:00,ZONE_A,0.0,0.03494791,0.1645858,0.0,125.42974866315076,83.881424,120.54435,97.68867,83.916374,120.70894,97.68867,2302.3306,2204.6419327026365,train
2026-01-19 00:00:00,ZONE_A,0.0,0.28088015,0.0,0.0,80.13659572218799,104.755516,100.153076,88.95746,105.0364,100.153076,88.95746,2315.535,2226.577541503906,train
2026-01-19 00:15:00,ZONE_A,0.0,0.0,0.0,0.0,142.81422884835453,139.09654,115.49285,134.25223,139.09654,115.49285,134.25223,2296.2827,2162.030472216797,train
2026-01-19 00:30:00,ZONE_A,0.0,0.17798975,0.0,0.6300165,113.2069079806876,109.9108,104.947556,99.71687,110.08878,104.947556,100.34689,2299.1648,2198.817906689453,train
2026-01-19 00:45:00,ZONE_A,0.0,0.05981636,1.1876831,1.2675248,106.6436408866046,107.39347,111.55899,148.48772,107.453285,112.74667,149.75525,2298.2969,2148.5416509765623,train
2026-01-19 01:00:00,ZONE_A,0.0,0.17349443,0.026009716,0.0,115.19621859395356,115.38529,93.635735,161.94116,115.558784,93.66174,161.94116,2295.5442,2133.603037890625,train
2026-01-19 01:15:00,ZONE_A,0.0,0.0091757225,0.0,0.0,96.23072059367875,88.14483,115.280334,128.41055,88.15401,115.280334,128.41055,2293.6904,2165.2798470214843,train
2026-01-19 01:30:00,ZONE_A,0.0,0.0,0.0,0.49532261,101.66854988739024,112.40062,135.33539,155.41135,112.40062,135.33539,155.90666,2294.6646,2138.7579380126954,train
2026-01-19 01:45:00,ZONE_A,0.0,0.0,0.9761549,1.370913,123.23844465968712,137.05573,148.43994,166.6778,137.05573,149.41609,168.0487,2290.3867,2122.3379939453125,train
2026-01-19 02:00:00,ZONE_A,0.0,0.14763296,0.0,0.0,160.2517641548592,174.00652,174.41977,281.9313,174.15414,174.41977,281.9313,2295.3315,2013.4001950683592,train
2026-01-19 02:15:00,ZONE_A,0.0,0.0091757225,0.0,0.0,203.15353141345005,205.3169,213.53036,315.2478,205.32607,213.53036,315.2478,2294.0679,1978.820097265625,train
2026-01-19 02:30:00,ZONE_A,0.0,0.0,0.0,0.6276707,194.0411511500444,188.52023,255.3548,275.0941,188.52023,255.3548,275.72177,2287.2092,2011.4874287597654,train
2026-01-19 02:45:00,ZONE_A,0.0,0.0,1.1064248,1.4415702,183.3781927005004,221.55112,270.7174,268.33194,221.55112,271.82382,269.7735,2286.0696,2016.2961014648436,train
2026-01-19 03:00:00,ZONE_A,0.0,0.3046754,0.0,0.0,333.11997538719515,367.8407,348.39175,296.4267,368.1454,348.39175,296.4267,2287.663,1991.2363032226563,train
2026-01-19 03:15:00,ZONE_A,0.0,0.0,0.0,0.0,396.1176283230232,357.69113,362.90765,298.35165,357.69113,362.90765,298.35165,2289.3,1990.9483459472658,train
2026-01-19 03:30:00,ZONE_A,0.0,0.0,0.0,0.5570134,329.95450610101625,338.37064,312.67435,299.0182,338.37064,312.67435,299.5752,2290.9993,1991.4241046875,train
2026-01-19 03:45:00,ZONE_A,0.0,0.0,1.1876831,1.370913,337.31131290847907,314.3001,314.6334,212.89984,314.3001,315.82108,214.27075,2287.663,2073.392248046875,train
2026-01-19 04:00:00,ZONE_A,0.0,0.17349443,0.0,0.0,313.3794423487818,319.28235,321.36496,278.7745,319.45584,321.36496,278.7745,2279.3545,2000.5799943847655,train
2026-01-19 04:15:00,ZONE_A,0.0,0.0,0.0,1.552984,303.6294692442442,269.2674,222.73436,372.26743,269.2674,222.73436,373.8204,2280.458,1906.6375959472657,train
2026-01-19 04:30:00,ZONE_A,0.0,0.0,0.0,1.1596407,228.9234636697116,186.35715,269.1537,229.25613,186.35715,269.1537,230.41577,2307.894,2077.478228515625,train
2026-01-19 04:45:00,ZONE_A,0.0,0.16220094,2.6306114,1.9735402,204.75695414407664,251.4078,307.87262,263.93448,251.57,310.50323,265.90802,2276.6067,2010.6986799804686,train
2026-01-19 05:00:00,ZONE_A,0.0,3.1003044,0.0,0.0,319.2050004262181,362.02945,218.36598,330.46786,365.12976,218.36598,330.46786,2529.5369,2199.0690350097657,train
2026-01-19 05:15:00,ZONE_A,0.0,0.0,0.0,0.0,357.17288296782414,238.20699,288.68387,297.67368,238.20699,288.68387,297.67368,2590.0063,2292.3326244628906,train
2026-01-19 05:30:00,ZONE_A,0.0,0.0,2.027538,29.758429,198.4100717740205,258.14166,302.452,346.0058,258.14166,304.47952,375.76422,2594.8525,2219.0882788085937,train
2026-01-19 05:45:00,ZONE_A,0.0,0.16390616,5.429119,7.216168,271.2462404116317,281.1316,279.19333,287.46136,281.2955,284.62244,294.67752,2616.7505,2322.072979248047,train
2026-01-19 06:00:00,ZONE_A,0.0,0.0,2.263419,16.010769,342.5510364750773,310.59616,401.09137,321.61597,310.59616,403.3548,337.62674,2661.3345,2323.707760498047,train
2026-01-19 06:15:00,ZONE_A,0.0,0.0,1.572567,49.492893,313.84827191104984,371.19247,319.55887,385.05148,371.19247,321.13144,434.54437,2705.2595,2270.7151274414064,train
2026-01-19 06:30:00,ZONE_A,0.0,0.0,3.8696377,103.35277,371.2163543206356,353.28983,301.96298,309.21344,353.28983,305.8326,412.56622,2720.9067,2308.3404768554688,train
2026-01-19 06:45:00,ZONE_A,0.0,0.0,40.53114,121.66207,316.7576634399495,317.40448,375.43558,286.57816,317.40448,415.9667,408.24023,2775.362,2367.121765625,train
2026-01-19 07:00:00,ZONE_A,0.0,39.99457,79.3769,167.64626,281.875668428541,349.46182,314.75464,271.01843,389.4564,394.13153,438.66467,2803.7036,2365.0389271484373,train
2026-01-19 07:15:00,ZONE_A,45.57674758863899,91.37641,125.03255,198.89333,392.6985537989861,363.94745,277.15625,246.62898,455.32385,402.18878,445.5223,2829.3962,2383.8738916503908,train
2026-01-19 07:30:00,ZONE_A,105.25916588358088,147.58287,171.30527,271.29044,366.50966173046135,295.7665,350.94208,327.35187,443.34937,522.2473,598.64233,2871.5332,2272.890866015625,train
2026-01-19 07:45:00,ZONE_A,151.13247057487538,187.08188,240.98082,315.72375,237.9108904102794,255.03642,233.15161,330.31326,442.1183,474.13245,646.037,2910.2312,2264.1942126953127,train
2026-01-19 08:00:00,ZONE_A,187.25942006048635,230.85898,266.35928,348.90228,239.0418331309028,241.03554,296.6665,316.0236,471.89453,563.02576,664.9259,2938.5051,2273.5791966796874,train
2026-01-19 08:15:00,ZONE_A,256.04318321665227,288.9337,318.17142,395.68207,231.2232519924645,273.70505,302.70932,330.64917,562.63873,620.88074,726.33124,2977.592,2251.2607622070313,train
2026-01-19 08:30:00,ZONE_A,304.53235392328776,343.10666,386.53198,467.00174,305.6508803258501,286.1563,296.8847,359.84637,629.26294,683.4167,826.84814,3074.0608,2247.21265546875,train
2026-01-19 08:45:00,ZONE_A,341.23813383710944,384.94705,429.475,509.5092,311.6734896872629,278.48846,309.3027,253.2201,663.43555,738.7777,762.72925,3015.1865,2252.457251953125,train
2026-01-19 09:00:00,ZONE_A,383.2755218527103,428.80704,460.39975,523.2234,273.5878109970248,332.985,325.9985,293.72916,761.792,786.39825,816.9525,2720.9487,1903.9961853515624,train
2026-01-19 09:15:00,ZONE_A,454.5953358069254,475.4561,521.81995,644.5563,360.6225441829122,375.06607,282.12045,460.0194,850.52216,803.9404,1104.5757,2690.1938,1585.61811640625,train
2026-01-19 09:30:00,ZONE_A,446.13284725477433,497.0612,550.698,614.9939,357.1999217746588,296.99844,343.14954,383.78247,794.05963,893.84753,998.77637,2698.9392,1700.1628328124998,train
2026-01-19 09:45:00,ZONE_A,501.7076973857029,543.2661,617.91504,682.2213,309.3964158164825,312.75656,374.947,413.8896,856.0227,992.86206,1096.1108,2769.5054,1673.39456015625,train
2026-01-19 10:00:00,ZONE_A,585.8068973309538,631.141,652.565,688.0879,393.05061159107663,423.75443,403.79904,372.89417,1054.8954,1056.364,1060.982,2687.9834,1627.0013443359376,train
2026-01-19 10:15:00,ZONE_A,676.7176837419238,682.67114,678.7835,723.9835,422.9625078012039,406.2663,430.99857,321.1693,1088.9375,1109.7821,1045.1528,2687.3455,1642.19266796875,train
2026-01-19 10:30:00,ZONE_A,662.5817588860306,687.5574,707.4885,779.9947,406.97501237302976,390.40164,383.63324,328.40393,1077.959,1091.1218,1108.3987,2690.9666,1582.5679183593752,train
2026-01-19 10:45:00,ZONE_A,664.6810579245471,689.18524,696.3383,771.2983,423.9550427304972,399.21103,336.76266,367.51642,1088.3962,1033.101,1138.8147,2683.7366,1544.9219027343752,train
2026-01-19 11:00:00,ZONE_A,687.4448086051816,706.2095,744.93604,796.8037,340.01199951713613,318.83835,318.38043,393.5517,1025.0479,1063.3164,1190.3555,2691.8408,1501.48533125,train
2026-01-19 11:15:00,ZONE_A,741.264774522071,761.7437,803.94653,848.8351,310.2417701278275,302.7985,327.32147,404.16315,1064.5422,1131.2681,1252.9983,2702.4868,1449.4885089843751,train
2026-01-19 11:30:00,ZONE_A,773.1574832076774,812.1984,848.008,915.7183,306.8456673427576,276.4125,338.77347,427.18912,1088.611,1186.7815,1342.9075,2697.551,1354.643529296875,train
2026-01-19 11:45:00,ZONE_A,840.9249778012942,848.8088,901.0143,957.8142,292.62455052225255,343.48303,385.2237,458.4113,1192.2917,1286.238,1416.2255,2707.998,1291.7725361328125,train
2026-01-19 12:00:00,ZONE_A,841.2835344537498,896.64374,938.3602,945.3404,388.754882947938,432.78528,473.1967,493.58453,1329.429,1411.5569,1438.9249,2704.9343,1266.0093732421874,train
2026-01-19 12:15:00,ZONE_A,930.8148968920948,953.2548,968.0364,926.5013,407.9697905131109,444.87766,467.92105,503.4539,1398.1324,1435.9574,1429.9552,2693.7297,1263.7744998046874,train
2026-01-19 12:30:00,ZONE_A,962.369386315688,968.61694,965.87164,895.6282,473.0780362707584,497.1206,534.67957,601.53973,1465.7375,1500.5513,1497.168,2686.9985,1189.8305312500001,train
2026-01-19 12:45:00,ZONE_A,967.021469453604,965.50714,948.90796,840.84735,493.530306287188,531.44037,550.03815,591.05743,1496.9475,1498.946,1431.9048,2703.5056,1271.60081484375,train
2026-01-19 13:00:00,ZONE_A,965.0512897623272,943.6275,903.3358,772.04065,586.4296094232625,576.71875,581.0436,567.1752,1520.3462,1484.3794,1339.2158,2687.9822,1348.7663796875,train
2026-01-19 13:15:00,ZONE_A,942.3880544899534,902.56067,851.7811,722.1707,607.4264801927554,591.77924,590.33704,550.665,1494.3398,1442.1182,1272.8357,2678.0112,1405.175506640625,train
2026-01-19 13:30:00,ZONE_A,899.3801858213858,838.23676,778.10236,700.64777,611.3898355856276,592.5786,574.0343,536.35223,1430.8154,1352.1367,1237.0,2672.2139,1435.2139000000002,train
2026-01-19 13:45:00,ZONE_A,829.5513945169506,773.6087,722.87366,684.68176,610.4463366690229,567.5875,547.8174,524.8842,1341.1963,1270.691,1209.5659,2693.364,1483.79808203125,train
2026-01-19 14:00:00,ZONE_A,772.0881380417607,735.4168,689.66064,629.36475,544.5574010656817,539.88995,522.41766,583.7043,1275.3068,1212.0784,1213.0691,2698.1233,1485.0542082031252,train
2026-01-19 14:15:00,ZONE_A,713.6396848795847,679.4294,672.09485,554.4103,583.4943561375732,533.103,537.2587,500.63428,1212.5325,1209.3535,1055.0446,2696.254,1641.2094443359374,train
2026-01-19 14:30:00,ZONE_A,690.9830476305767,661.38763,623.0784,502.52032,568.810510434101,531.8583,580.93964,479.8356,1193.2458,1204.0181,982.35596,2673.4138,1691.0578429687498,train
2026-01-19 14:45:00,ZONE_A,691.8073066797048,627.6845,549.14417,415.0305,527.6331918743455,578.8897,490.1037,552.35675,1206.5742,1039.2478,967.3872,2693.6724,1726.28519296875,train
2026-01-19 15:00:00,ZONE_A,626.7929864822278,564.86365,514.30554,412.64606,602.3652046941005,552.42896,536.7127,534.0586,1117.2926,1051.0183,946.70465,2796.606,1849.901349121094,train
2026-01-19 15:15:00,ZONE_A,551.7907256666989,506.8621,429.14896,377.0723,506.8670380032388,486.50208,548.6163,551.81805,993.36414,977.76526,928.8904,2794.254,1865.363619140625,train
2026-01-19 15:30:00,ZONE_A,512.2601560739021,435.64172,401.80304,309.03638,473.3472490679813,535.8814,560.5482,591.1791,971.52313,962.35126,900.21545,2797.0764,1896.8609458984374,train
2026-01-19 15:45:00,ZONE_A,420.4631578930936,393.47827,363.73837,251.76236,576.9168667826696,560.2635,587.8725,549.9138,953.74176,951.61084,801.67615,2801.6523,1999.9761525390627,train
2026-01-19 16:00:00,ZONE_A,403.4589643463024,359.93982,311.90097,190.27434,606.8181927332474,587.6925,581.0999,509.1431,947.6323,893.00085,699.4174,2798.4294,2099.0119805664062,train
2026-01-19 16:15:00,ZONE_A,378.862562009765,320.5543,267.3031,171.6621,594.8686469331242,586.2476,574.4691,500.55255,906.8019,841.7722,672.21466,2806.298,2134.0833393554685,train
2026-01-19 16:30:00,ZONE_A,318.99508735753324,265.81567,204.733,98.16773,608.0816096074788,583.7612,556.31104,577.2885,849.5769,761.04407,675.45624,2809.251,2133.7947622070315,train
2026-01-19 16:45:00,ZONE_A,267.5376591208002,207.87769,159.94998,58.446716,599.6212674617208,556.7715,542.63605,560.8579,764.6492,702.58606,619.3046,2805.7825,2186.477873535156,train
2026-01-19 17:00:00,ZONE_A,199.95892838356227,147.51508,101.93577,7.569994,499.3636146134372,479.6084,590.74347,495.8939,627.1235,692.67926,503.4639,2827.2932,2323.829302294922,train
2026-01-19 17:15:00,ZONE_A,150.92042890335475,104.54663,54.243053,9.742738,458.34673908936975,575.45807,516.24896,522.17377,680.0047,570.492,531.9165,2808.7761,2276.85959609375,train
2026-01-19 17:30:00,ZONE_A,105.48720463663784,48.550526,0.0,0.0,603.485902498616,545.0164,535.828,492.73138,593.56696,535.828,492.73138,2809.8376,2317.106215722656,train
2026-01-19 17:45:00,ZONE_A,53.43729710541919,1.7417125,0.0,0.0,548.8018317046877,530.9122,540.26996,423.7445,532.6539,540.26996,423.7445,2810.7922,2387.0476931640624,train
2026-01-19 18:00:00,ZONE_A,0.0,3.353061,7.5130644,5.992011,515.0371128390077,497.43927,508.6138,418.88138,500.79233,516.1269,424.87338,2808.6306,2383.7572174316406,train
2026-01-19 18:15:00,ZONE_A,0.0,0.45568776,0.0,0.0,458.5729088549091,500.49963,401.09955,518.4822,500.95532,401.09955,518.4822,2818.9685,2300.486322265625,train
2026-01-19 18:30:00,ZONE_A,0.0,0.0,0.0,0.0,453.8706158951204,401.3725,412.74347,512.70667,401.3725,412.74347,512.70667,2805.5059,2292.7992349609376,train
2026-01-19 18:45:00,ZONE_A,0.0,0.0,0.0,0.0,402.97152526812073,406.98538,475.47675,395.95255,406.98538,475.47675,395.95255,2822.1882,2426.2356548339844,train
2026-01-19 19:00:00,ZONE_A,0.0,0.0,2.783273,0.0,444.5674623934202,497.94635,511.8987,435.34766,497.94635,514.682,435.34766,2815.5176,2380.16994375,train
2026-01-19 19:15:00,ZONE_A,0.0,0.0,0.0,0.0,466.470089061202,501.77515,451.36072,392.39117,501.77515,451.36072,392.39117,2807.0981,2414.706925683594,train
2026-01-19 19:30:00,ZONE_A,0.0,0.0,0.0,0.0,550.9370805734846,485.2856,441.10294,488.83228,485.2856,441.10294,488.83228,2808.1223,2319.290024609375,train
2026-01-19 19:45:00,ZONE_A,0.0,0.0,0.0,4.392531,439.08044365957846,448.04614,397.1994,370.9969,448.04614,397.1994,375.3894,2809.3157,2433.926295703125,train
2026-01-19 20:00:00,ZONE_A,0.0,0.0,0.12997577,0.0,413.1105031851805,394.59702,480.92755,410.04837,394.59702,481.05753,410.04837,2654.2583,2244.209929638672,train
2026-01-19 20:15:00,ZONE_A,0.0,0.0,0.0,0.0,390.1041437600488,420.80734,349.9313,497.86703,420.80734,349.9313,497.86703,2638.409,2140.5419650878907,train
2026-01-19 20:30:00,ZONE_A,0.0,0.0,0.43248597,0.0,437.7968632137221,388.4171,407.81885,469.68512,388.4171,408.25134,469.68512,2615.6997,2146.014580371094,train
2026-01-19 20:45:00,ZONE_A,0.0,0.0,0.0,0.0,366.3901485166349,372.75394,497.65683,458.99222,372.75394,497.65683,458.99222,2607.0427,2148.050481982422,train
2026-01-19 21:00:00,ZONE_A,0.0,0.17446178,0.17400652,0.7533002,444.39446471313374,506.17606,457.63336,359.54105,506.35052,457.80737,360.29434,2582.6343,2222.3399579589845,train
2026-01-19 21:15:00,ZONE_A,0.0,0.0780633,0.0,0.8035786,559.1020440500639,490.1552,468.65652,577.39734,490.23328,468.65652,578.2009,2514.6836,1936.4826722656248,train
2026-01-19 21:30:00,ZONE_A,0.0,0.40319476,0.0,0.8035786,451.66590218775247,470.31976,403.20447,556.9293,470.72296,403.20447,557.7329,2478.4746,1920.74168984375,train
2026-01-19 21:45:00,ZONE_A,0.0,0.43561313,0.0,0.31297183,420.1404184193452,398.94052,530.7212,592.51935,399.37613,530.7212,592.83234,2468.0686,1875.2362635742188,train
2026-01-19 22:00:00,ZONE_A,0.0,0.47637594,0.36487833,0.3355374,370.9604423310871,542.9103,538.5236,556.7236,543.38666,538.8885,557.0591,2430.5247,1873.46561796875,train
2026-01-19 22:15:00,ZONE_A,0.0,0.44542554,0.0,0.38581583,606.1363894570607,565.5466,588.9011,516.6973,565.992,588.9011,517.0831,2398.8232,1881.7400701171873,train
2026-01-19 22:30:00,ZONE_A,0.0,0.44542554,0.16304919,0.0,573.2550999557792,582.18115,571.8836,448.61423,582.6266,572.04663,448.61423,2366.3372,1917.722972705078,train
2026-01-19 22:45:00,ZONE_A,0.0,0.42548677,0.7129803,0.0,595.6573665299419,593.5157,537.6002,461.69604,593.94116,538.3132,461.69604,2367.3237,1905.627655078125,train
2026-01-19 23:00:00,ZONE_A,0.0,0.6608712,0.4787712,0.66478574,596.1756030662762,524.5377,446.69873,365.2075,525.1986,447.1775,365.87228,2300.299,1934.426716064453,train
2026-01-19 23:15:00,ZONE_A,0.0,0.26093024,0.0,0.71506417,510.8855143957801,457.44806,417.1739,486.30643,457.70898,417.1739,487.02148,2300.1196,1813.098115625,train
2026-01-19 23:30:00,ZONE_A,0.0,0.0780633,0.0,0.0493619,453.63972946604304,424.2933,373.6444,290.48712,424.37137,373.6444,290.53647,2305.004,2014.4675314941405,train
2026-01-19 23:45:00,ZONE_A,0.0,0.25111786,0.08332767,0.71030045,371.38354999728574,348.43423,388.37772,365.51758,348.68536,388.46103,366.22787,2305.3933,1939.1654252441408,train
2026-01-20 00:00:00,ZONE_A,0.0,0.31043863,0.06712956,0.0,354.2808413660235,331.05917,290.4789,474.49997,331.3696,290.54605,474.49997,2288.7278,1814.2278305175782,train
2026-01-20 00:15:00,ZONE_A,0.0,0.23449679,0.0,0.0,303.5895510136777,276.82947,364.29993,481.54004,277.06396,364.29993,481.54004,2291.1782,1809.6381609374998,train
2026-01-20 00:30:00,ZONE_A,0.0,0.041503515,0.0,0.75790596,248.967555229358,320.8067,422.71484,532.5968,320.8482,422.71484,533.35474,2294.0288,1760.674063671875,train
2026-01-20 00:45:00,ZONE_A,0.0,0.021564808,1.0592055,0.7856854,331.46567391411725,396.80408,454.985,528.60675,396.82565,456.0442,529.39246,2290.9983,1761.6058439453127,train
2026-01-20 01:00:00,ZONE_A,0.0,0.2797683,0.06768104,0.0,431.4460882598213,485.64795,519.36035,461.73087,485.9277,519.42804,461.73087,2292.281,1830.5501345214843,train
2026-01-20 01:15:00,ZONE_A,0.0,0.23449679,0.0,0.0,520.5334638813879,542.706,524.235,471.3105,542.9405,524.235,471.3105,2286.9702,1815.6597141601565,train
2026-01-20 01:30:00,ZONE_A,0.0,0.23449679,0.0,0.6474918,573.7989069542407,579.659,532.2503,486.62015,579.8935,532.2503,487.26764,2290.168,1802.9003608398439,train
2026-01-20 01:45:00,ZONE_A,0.0,0.21455808,1.1064248,1.5718057,581.9427230347708,529.6054,528.8421,418.67276,529.81995,529.94855,420.24457,2295.8318,1875.5872321289062,train
2026-01-20 02:00:00,ZONE_A,0.0,0.20582226,0.0,0.0,532.5259346010149,515.32684,472.0774,336.92877,515.53265,472.0774,336.92877,2292.5444,1955.615628027344,train
2026-01-20 02:15:00,ZONE_A,0.0,0.14611992,0.0,0.0,437.2184662297472,459.0256,427.20816,380.29767,459.17172,427.20816,380.29767,2277.789,1897.491331542969,train
2026-01-20 02:30:00,ZONE_A,0.0,0.18213968,0.0,0.5813238,469.3747646278624,425.5207,343.59195,553.157,425.70282,343.59195,553.7383,2286.6375,1732.8992187499998,train
2026-01-20 02:45:00,ZONE_A,0.0,0.21455808,1.2825174,1.4613916,375.9746562785384,315.34512,362.98257,549.5283,315.5597,364.2651,550.9897,2285.0068,1734.0171149414064,train
2026-01-20 03:00:00,ZONE_A,0.0,0.5731844,0.0164907,0.0,298.4169899489049,370.49457,513.3182,530.7948,371.06775,513.33466,530.7948,2287.3945,1756.5997001953124,train
2026-01-20 03:15:00,ZONE_A,0.0,0.22437042,0.0,0.0,379.1443904905017,497.13947,532.2615,567.6903,497.36383,532.2615,567.6903,2289.6868,1721.9964923828124,train
2026-01-20 03:30:00,ZONE_A,0.0,0.14611992,0.0,0.75790596,564.1809181603006,562.92706,557.38635,580.1498,563.0732,557.38635,580.9077,2287.6372,1706.7294851562501,train
2026-01-20 03:45:00,ZONE_A,0.0,0.38892692,1.0592055,1.3952236,596.8968299261362,586.1228,578.8932,472.4322,586.5117,579.9524,473.82742,2288.809,1814.981576904297,train
2026-01-20 04:00:00,ZONE_A,0.0,0.38868913,0.0164907,0.0,596.3416921018684,601.6233,588.2009,597.6776,602.01196,588.2174,597.6776,2287.4211,1689.7434876953125,train
2026-01-20 04:15:00,ZONE_A,0.0,0.22437042,0.0,0.0,590.9421831514319,585.4845,576.55695,575.99304,585.70886,576.55695,575.99304,2292.1685,1716.1754580078127,train
2026-01-20 04:30:00,ZONE_A,0.0,0.22437042,0.0,5.210383,559.4719259298158,526.9843,573.3133,576.6571,527.2087,573.3133,581.8675,2280.1497,1698.2822073242187,train
2026-01-20 04:45:00,ZONE_A,0.0,0.20443171,2.589102,3.6120942,593.0768133554888,581.015,557.7795,571.74414,581.2194,560.3686,575.35626,2269.9595,1694.6032377929687,train
2026-01-20 05:00:00,ZONE_A,0.0,0.5731844,1.7888329,0.7762891,595.1702037531776,591.7427,588.4445,571.5962,592.31586,590.23334,572.3725,2591.5972,2019.2247024414064,train
2026-01-20 05:15:00,ZONE_A,0.0,3.5431564,11.5072155,19.21829,593.2087752063081,591.62396,591.2284,583.6085,595.1671,602.7356,602.8268,2592.1382,1989.3114177734374,train
2026-01-20 05:30:00,ZONE_A,0.0,0.3223704,0.7646557,6.007527,601.9511068033923,587.01447,577.09735,538.31494,587.33685,577.862,544.32245,2597.447,2053.1245512695314,train
2026-01-20 05:45:00,ZONE_A,0.0,0.21946737,4.9846277,5.089481,591.2777644985035,593.9355,590.63586,498.38007,594.15497,595.6205,503.46954,2626.2795,2122.809956542969,train
2026-01-20 06:00:00,ZONE_A,0.0,4.1752157,1.3105057,9.371275,600.2713026349168,590.47424,549.44775,410.05634,594.6495,550.75824,419.4276,2677.4797,2258.0520876953124,train
2026-01-20 06:15:00,ZONE_A,0.0,1.2154144,12.441883,84.37057,574.7301923755731,511.10913,450.83746,337.69522,512.3245,463.27936,422.0658,2685.6165,2263.5507041015626,train
2026-01-20 06:30:00,ZONE_A,0.0,5.939634,13.690059,120.68722,470.7316329896744,477.30536,406.7017,340.84076,483.245,420.39175,461.52798,2690.763,2229.2350153808593,train
2026-01-20 06:45:00,ZONE_A,0.0,0.0,40.869953,133.28093,480.3137919467365,412.09412,363.9273,326.82205,412.09412,404.79727,460.10297,2764.1914,2304.0884336914064,train
2026-01-20 07:00:00,ZONE_A,0.0,57.088593,111.299065,218.40425,394.3514655504937,353.41373,323.28937,255.67197,410.50232,434.58844,474.07623,2798.9692,2324.8929670898438,train
2026-01-20 07:15:00,ZONE_A,74.17100636523323,131.65036,200.62987,296.79114,333.0027798878212,317.19922,309.8465,200.74252,448.84958,510.47638,497.53366,2853.8635,2356.329839111328,train
2026-01-20 07:30:00,ZONE_A,135.5213505170056,207.20473,266.40305,380.06006,291.0262669109546,300.05515,263.22467,306.5508,507.2599,529.6277,686.61084,2880.0793,2193.46846015625,train
2026-01-20 07:45:00,ZONE_A,216.09130118943187,282.13837,337.16403,442.9566,267.8571601638902,213.90584,199.38048,293.46396,496.0442,536.5445,736.42053,2928.2144,2191.7938677734373,train
2026-01-20 08:00:00,ZONE_A,280.1521519921519,337.16583,395.17508,511.70166,182.94122407339484,205.72296,292.3237,385.15613,542.8888,687.4988,896.8578,2936.5928,2039.7350119140624,train
2026-01-20 08:15:00,ZONE_A,335.57093990666715,400.8677,451.4046,608.2618,187.27284689491248,245.98555,295.47412,403.02728,646.8533,746.8787,1011.28906,2999.8452,1988.5561375000002,train
2026-01-20 08:30:00,ZONE_A,409.1734503758915,454.85965,525.4198,608.9772,256.1737602165315,292.5673,378.7375,503.95895,747.42694,904.1573,1112.9362,3035.367,1922.4308427734377,train
2026-01-20 08:45:00,ZONE_A,469.5640124655134,521.1452,583.3681,689.9984,271.5817861068655,339.9432,414.38364,544.7485,861.0884,997.7517,1234.7468,3005.8472,1771.1003738281252,train
2026-01-20 09:00:00,ZONE_A,535.3628041912737,602.4115,636.918,699.3519,380.5038745429235,455.36276,524.7489,567.66046,1057.7743,1161.667,1267.0125,2752.197,1485.1845488281251,train
2026-01-20 09:15:00,ZONE_A,613.655428162836,646.16785,727.10925,709.6933,497.7423153418974,510.34625,548.6429,538.4798,1156.5142,1275.7522,1248.1731,2700.8406,1452.667504296875,train
2026-01-20 09:30:00,ZONE_A,657.8350366089834,716.61676,691.6095,726.028,570.6666702586301,564.46136,600.1866,569.72406,1281.0781,1291.7961,1295.7521,2728.743,1432.9909248046874,train
2026-01-20 09:45:00,ZONE_A,740.547534624998,720.15625,740.1259,768.13947,581.3460995114282,580.021,585.8622,491.62357,1300.1772,1325.988,1259.7631,2733.7598,1473.9967384765623,train
2026-01-20 10:00:00,ZONE_A,693.5099093787584,719.02673,704.29205,799.3299,584.5146793489828,581.11523,559.5321,544.7507,1300.142,1263.8242,1344.0806,2689.3552,1345.27463359375,train
2026-01-20 10:15:00,ZONE_A,715.4253479702678,727.9724,751.1231,828.80023,593.6929293655808,581.98285,512.79095,514.4645,1309.9553,1263.9141,1343.2646,2692.162,1348.8973515624998,train
2026-01-20 10:30:00,ZONE_A,697.2999804107483,744.93884,787.0047,825.1915,595.1637390000641,510.41473,548.63995,304.74146,1255.3535,1335.6447,1129.933,2703.2087,1573.2757166015626,train
2026-01-20 10:45:00,ZONE_A,735.2093912373988,786.3826,805.3787,821.155,447.593125228925,498.6894,443.18488,310.5814,1285.072,1248.5636,1131.7365,2689.671,1557.9345498046873,train
2026-01-20 11:00:00,ZONE_A,803.646614642608,821.6742,821.0768,847.6013,481.1071970997012,456.3306,314.49417,426.22324,1278.0048,1135.5709,1273.8246,2703.9377,1430.1131150390624,train
2026-01-20 11:15:00,ZONE_A,824.3308391330476,829.53326,844.5303,798.29694,385.3723598930577,320.9099,320.99686,353.32187,1150.4431,1165.5271,1151.6188,2714.0708,1562.4520255859375,train
2026-01-20 11:30:00,ZONE_A,818.9246093898699,824.9115,831.1395,754.0527,304.94521221090065,298.5174,319.72827,259.04092,1123.429,1150.8678,1013.0936,2744.3423,1731.2486720703123,train
2026-01-20 11:45:00,ZONE_A,843.9982788812688,828.1213,801.91943,755.8866,315.594656325711,332.50204,319.19205,297.6791,1160.6233,1121.1115,1053.5657,2761.925,1708.3593261718752,train
2026-01-20 12:00:00,ZONE_A,818.932987676049,788.9399,744.46936,844.0928,305.1652411879244,250.66351,270.616,225.22368,1039.6034,1015.0853,1069.3164,2691.3389,1622.0224937500002,train
2026-01-20 12:15:00,ZONE_A,791.1922376516035,758.69366,755.5686,792.55084,212.43940186617985,262.3071,273.7612,291.19254,1021.00073,1029.3298,1083.7434,2690.465,1606.7215917968751,train
2026-01-20 12:30:00,ZONE_A,733.5176005100075,743.54034,800.3557,757.23773,220.361377120714,264.0545,198.83527,265.44406,1007.59485,999.191,1022.68176,2695.3086,1672.6268373046873,train
2026-01-20 12:45:00,ZONE_A,750.7104158361045,793.36487,787.61664,808.819,281.59413749044865,236.29387,289.2504,319.82697,1029.6587,1076.8671,1128.646,2682.2231,1553.5771039062502,train
2026-01-20 13:00:00,ZONE_A,800.8298777847133,779.26263,751.2849,789.3807,215.8237663524536,268.0979,232.10023,287.45825,1047.3606,983.38513,1076.8389,2726.7358,1649.8969328125,train
2026-01-20 13:15:00,ZONE_A,787.8345429788325,753.19196,752.2121,754.1451,286.40402649576987,256.68155,322.98007,312.48627,1009.87354,1075.1921,1066.6313,2753.951,1687.31965234375,train
2026-01-20 13:30:00,ZONE_A,750.5581681265952,767.191,795.4514,779.6946,196.3506404299397,293.7192,278.68582,212.41357,1060.9102,1074.1372,992.10815,2700.1443,1708.036145703125,train
2026-01-20 13:45:00,ZONE_A,775.4475681680258,775.1753,750.22034,717.7357,335.0409726602244,327.37634,336.29068,184.12802,1102.5516,1086.511,901.8638,2687.7954,1785.93163046875,train
2026-01-20 14:00:00,ZONE_A,799.3433870550546,765.5919,773.7057,666.3426,305.165536855792,307.10406,231.50003,181.9391,1072.696,1005.2057,848.2817,2693.3123,1845.0306227539063,train
2026-01-20 14:15:00,ZONE_A,771.1540558396504,769.73267,725.2466,635.5589,304.1519247279036,237.72318,203.15111,294.6497,1007.4558,928.3977,930.2086,2681.1846,1750.9759818359375,train
2026-01-20 14:30:00,ZONE_A,782.7754492623645,741.0438,694.78516,623.27014,195.0145175013257,179.13506,194.15259,168.81291,920.1789,888.93774,792.08307,2680.5574,1888.474331152344,train
2026-01-20 14:45:00,ZONE_A,723.5978469478049,673.5577,637.8967,537.1362,193.9861784322724,211.55838,229.32874,173.18471,885.1161,867.22546,710.3209,2694.719,1984.3980771484376,train
2026-01-20 15:00:00,ZONE_A,674.7318849620093,639.9081,628.4745,509.88754,208.02567819684492,220.4159,188.77466,177.93341,860.324,817.24915,687.8209,2808.9932,2121.1722771484374,train
2026-01-20 15:15:00,ZONE_A,632.9926208944037,607.2528,531.951,449.2391,205.4704311203116,206.11626,187.46786,240.68831,813.3691,719.4188,689.9274,2804.8184,2114.8909708007814,train
2026-01-20 15:30:00,ZONE_A,635.8793528127952,553.3697,516.78064,395.8715,172.0066429114162,167.31229,179.70177,263.80548,720.682,696.4824,659.677,2804.8064,2145.129398046875,train
2026-01-20 15:45:00,ZONE_A,531.2205200039912,487.3292,459.54376,336.2002,127.64661051728368,147.71552,200.47748,243.70015,635.0447,660.02124,579.9003,2803.3804,2223.4800704101563,train
2026-01-20 16:00:00,ZONE_A,501.81282832127096,459.39767,384.8206,266.79132,183.1863084371688,207.95995,262.1542,208.76866,667.3576,646.9748,475.56,2797.8208,2322.260802441406,train
2026-01-20 16:15:00,ZONE_A,469.4416831877347,402.187,338.7953,202.63867,181.63779104949683,216.81052,203.58119,246.26826,618.99756,542.37646,448.90692,2808.203,2359.296078613281,train
2026-01-20 16:30:00,ZONE_A,387.3547748605797,335.3692,272.99017,137.46074,276.6062336202771,256.67828,234.83443,203.87068,592.0475,507.8246,341.33142,2818.276,2476.9445791015623,train
2026-01-20 16:45:00,ZONE_A,330.771390097862,276.05988,206.7275,69.127045,243.01175329404825,213.94347,255.79448,112.609474,490.00336,462.52197,181.73651,2815.0952,2633.3586887695315,train
2026-01-20 17:00:00,ZONE_A,269.9244123256631,209.86195,137.08275,6.6463585,211.9432648381625,234.61978,197.55475,120.853065,444.48175,334.6375,127.49942,2821.4678,2693.9683798339843,train
2026-01-20 17:15:00,ZONE_A,200.1139195399909,132.72362,66.290436,0.0,264.3515693537158,217.14427,118.63787,112.14711,349.8679,184.92831,112.14711,2819.5076,2707.3604900146483,train
2026-01-20 17:30:00,ZONE_A,128.67075476316558,70.68161,8.658727,0.0,173.04898690421317,127.15934,148.37248,94.7335,197.84094,157.0312,94.7335,2977.5984,2882.864902380371,train
2026-01-20 17:45:00,ZONE_A,65.0955206196976,5.9194565,0.0,0.0,120.3200668943292,134.4538,108.66229,105.61478,140.37326,108.66229,105.61478,2984.757,2879.142223388672,train
2026-01-20 18:00:00,ZONE_A,0.0,1.8171906,2.1950395,0.0,167.7672295940844,137.63643,110.46637,94.90315,139.45361,112.66141,94.90315,2939.3857,2844.4825475341795,train
2026-01-20 18:15:00,ZONE_A,0.0,0.0,0.0,3.1139166,115.67357382738848,103.3366,118.30443,77.51111,103.3366,118.30443,80.62502,2966.639,2886.0139771118165,train
2026-01-20 18:30:00,ZONE_A,0.0,0.3455639,1.2067022,10.802136,61.79322403762848,87.44587,52.588802,97.84966,87.791435,53.795506,108.6518,3104.1167,2995.4648979370118,train
2026-01-20 18:45:00,ZONE_A,0.0,10.342648,16.14127,15.080747,119.4886948496872,91.238235,86.32582,30.564741,101.58089,102.46709,45.64549,3121.9778,3076.3323112609864,train
2026-01-20 19:00:00,ZONE_A,0.0,0.0,4.91788,0.0,73.35863657422401,73.2891,90.0396,78.67503,73.2891,94.95747,78.67503,3125.7795,3047.104466430664,train
2026-01-20 19:15:00,ZONE_A,0.0,1.6044061,0.0,0.0,79.12648290595537,92.94868,45.741325,42.70293,94.553085,45.741325,42.70293,3135.1394,3092.4364695495606,train
2026-01-20 19:30:00,ZONE_A,0.0,0.84365374,1.5741814,8.258058,80.76564573600166,57.979435,78.01954,45.937893,58.82309,79.59372,54.19595,3095.745,3041.5490504455565,train
2026-01-20 19:45:00,ZONE_A,0.0,0.0,0.0,4.162831,23.66226655748234,35.598667,22.19823,39.775543,35.598667,22.19823,43.938374,2844.3481,2800.4097264343263,train
2026-01-20 20:00:00,ZONE_A,0.0,0.0,0.0,0.0,20.664046833344365,27.183046,30.584034,35.67061,27.183046,30.584034,35.67061,2689.9512,2654.280591479492,train
2026-01-20 20:15:00,ZONE_A,0.0,0.0,0.0,0.0,25.81043783541616,31.988676,39.229614,36.024616,31.988676,39.229614,36.024616,2637.3657,2601.3410837585448,train
2026-01-20 20:30:00,ZONE_A,0.0,0.0,0.0,0.0,31.02788680399858,36.554745,35.021378,41.477856,36.554745,35.021378,41.477856,2623.3076,2581.829744317627,train
2026-01-20 20:45:00,ZONE_A,0.0,0.0,0.0,0.0,47.2650825155281,45.226135,47.442738,41.504105,45.226135,47.442738,41.504105,2594.78,2553.2758953857424,train
2026-01-20 21:00:00,ZONE_A,0.0,0.315098,0.46303955,6.4728723,39.88129046544461,43.878952,35.16709,36.40186,44.19405,35.63013,42.874733,2549.381,2506.5062670288085,train
2026-01-20 21:15:00,ZONE_A,0.0,0.0780633,0.90914947,0.0,53.4373657332781,49.13821,46.983643,31.276695,49.216274,47.89279,31.276695,2510.7917,2479.5150047485354,train
2026-01-20 21:30:00,ZONE_A,0.0,0.21869946,0.0,0.25068957,40.4860248295984,40.96073,34.278915,16.517662,41.179432,34.278915,16.768353,2516.1895,2499.421147491455,train
2026-01-20 21:45:00,ZONE_A,0.0,0.058124587,0.0,0.0,19.550661481439555,22.292284,17.975376,11.191454,22.350409,17.975376,11.191454,2485.2656,2474.0741460662844,train
2026-01-20 22:00:00,ZONE_A,0.0,0.13646656,0.29693598,0.7533002,8.28979456266807,12.690133,10.813978,9.7712145,12.8266,11.110914,10.524515,2479.3289,2468.8043848480224,train
2026-01-20 22:15:00,ZONE_A,0.0,0.2710566,0.0,1.1396235,2.050222847448997,7.225318,8.181218,11.824086,7.4963746,8.181218,12.96371,2399.504,2386.540290168762,train
2026-01-20 22:30:00,ZONE_A,0.0,0.2710566,0.0,0.8254783,5.724203567288502,9.902749,1.9824507,6.6192775,10.173805,1.9824507,7.4447556,2392.795,2385.350244445801,train
2026-01-20 22:45:00,ZONE_A,0.0,0.42548677,0.037649177,0.64901704,0.8516016861080979,6.8850284,9.455739,7.724593,7.310515,9.493388,8.3736105,2340.823,2332.449389503479,train
2026-01-20 23:00:00,ZONE_A,0.0,0.6608712,0.6517558,0.7751999,1.5740816926013284,6.155843,10.114458,9.769269,6.816714,10.766214,10.544469,2376.574,2366.0295311203004,train
2026-01-20 23:15:00,ZONE_A,0.0,0.44542554,0.39968356,0.0,0.853049081174696,6.1740823,1.7112873,1.6767733,6.619508,2.1109707,1.6767733,2311.4841,2309.8073266902925,train
2026-01-20 23:30:00,ZONE_A,0.0,0.44542554,0.5530591,0.0,0.4064146525112396,3.080176,2.5227597,3.4648616,3.5256016,3.0758188,3.4648616,2316.9736,2313.5087383686064,train
2026-01-20 23:45:00,ZONE_A,0.0,0.2409915,0.84342235,0.0,4.699730503875949,6.7427926,3.8161774,4.079768,6.983784,4.6596,4.079768,2318.149,2314.0692318191527,train
2026-01-21 00:00:00,ZONE_A,0.0,0.38868913,0.26159704,0.0,3.0279150619469446,3.3092632,9.650457,10.720126,3.6979523,9.912054,10.720126,2286.348,2275.6278738479614,train
2026-01-21 00:15:00,ZONE_A,0.0,0.40886563,0.009524522,0.0,5.429142064278952,6.069512,7.4775467,17.171078,6.4783773,7.487071,17.171078,2314.0513,2296.8802222717286,train
2026-01-21 00:30:00,ZONE_A,0.0,0.40886563,0.0916118,0.0,5.543703340828763,5.8207192,9.274488,11.292181,6.2295847,9.3661,11.292181,2329.9043,2318.6121189849855,train
2026-01-21 00:45:00,ZONE_A,0.0,0.20443171,1.178164,1.4613916,4.837353158552121,6.1590652,14.356263,28.462732,6.363497,15.534428,29.924124,2303.3438,2273.419676235962,train
2026-01-21 01:00:00,ZONE_A,0.0,0.39881548,0.0,0.0,23.97784779379292,21.066755,20.182158,17.739094,21.46557,20.182158,17.739094,2292.178,2274.4389062194823,train
2026-01-21 01:15:00,ZONE_A,0.0,0.041503515,0.0,0.0,9.76864048015146,16.28777,18.509394,25.919975,16.329273,18.509394,25.919975,2287.6672,2261.747224719238,train
2026-01-21 01:30:00,ZONE_A,0.0,0.041503515,0.0,0.0,22.490259836251223,23.20759,20.387955,33.711994,23.249094,20.387955,33.711994,2290.9675,2257.2555058288576,train
2026-01-21 01:45:00,ZONE_A,0.0,0.34669617,0.9761549,0.7856854,31.152975523354684,25.764978,29.179832,21.723734,26.111675,30.155987,22.509418,2288.6155,2266.106081512451,train
2026-01-21 02:00:00,ZONE_A,0.0,0.04877977,0.0,0.0,24.18572591731765,33.402596,26.050156,17.005552,33.451374,26.050156,17.005552,2295.169,2278.1634477081298,train
2026-01-21 02:15:00,ZONE_A,0.0,0.14611992,0.0,0.0,52.653434479081085,48.56918,29.377275,30.198097,48.715298,29.377275,30.198097,2293.6719,2263.473802770996,train
2026-01-21 02:30:00,ZONE_A,0.0,0.18213968,0.0,0.5352127,21.315210266978383,22.870543,25.906252,20.308893,23.052683,25.906252,20.844107,2285.3862,2264.5420933258056,train
2026-01-21 02:45:00,ZONE_A,0.0,0.021564808,1.2553391,9.869315,15.684878122182702,16.465372,17.246004,15.931519,16.486937,18.501343,25.800835,2280.0679,2254.2670653442383,train
2026-01-21 03:00:00,ZONE_A,0.0,0.20582226,0.36111745,0.0,6.756621648310325,8.552143,10.144093,9.357379,8.757965,10.50521,9.357379,2287.1384,2277.781021040344,train
2026-01-21 03:15:00,ZONE_A,0.0,0.0,0.0,0.0,9.461491670146792,13.136328,11.560955,10.911554,13.136328,11.560955,10.911554,2288.1375,2277.225945663452,train
2026-01-21 03:30:00,ZONE_A,0.0,0.1395035,0.66025317,0.0,3.557252363987277,3.2580721,1.5573113,2.393989,3.3975756,2.2175646,2.393989,2280.729,2278.3350109138487,train
2026-01-21 03:45:00,ZONE_A,0.0,0.0,1.2303,1.370913,5.472867584260902,5.5073786,7.8064756,7.2849402,5.5073786,9.036776,8.655853,2287.5674,2278.9115467285155,train
2026-01-21 04:00:00,ZONE_A,0.0,0.34645838,0.36111745,0.0,4.67694841488397,2.8590147,9.304899,7.095079,3.2054732,9.666017,7.095079,2287.5837,2280.48862105484,train
2026-01-21 04:15:00,ZONE_A,0.0,0.041503515,0.0,0.0,2.7887445190402964,2.6446216,3.2122097,3.008505,2.686125,3.2122097,3.008505,2293.73,2290.7214948940277,train
2026-01-21 04:30:00,ZONE_A,0.0,0.0,0.0,0.5570134,4.1244344069973655,3.04738,3.313658,12.772069,3.04738,3.313658,13.3290825,2285.8123,2272.4832175109864,train
2026-01-21 04:45:00,ZONE_A,0.0,0.028537096,1.2004945,1.9735402,3.17757038941981,3.6188636,4.1647067,3.042015,3.6474006,5.365201,5.0155554,2291.8274,2286.811844618225,train
2026-01-21 05:00:00,ZONE_A,0.0,0.14763296,0.0463325,0.0,0.0,1.7163392,6.5958705,1.5480231,1.8639722,6.642203,1.5480231,2474.2583,2472.7102768953323,train
2026-01-21 05:15:00,ZONE_A,0.0,0.0,0.0,0.0,13.201859035783642,15.803373,10.619281,7.0000296,15.803373,10.619281,7.0000296,2597.3726,2590.3725704360963,train
2026-01-21 05:30:00,ZONE_A,0.0,0.0,2.5220463,1.3389986,9.307339112286344,10.030631,13.510859,5.349647,10.030631,16.032906,6.6886454,2609.4578,2602.769154637146,train
2026-01-21 05:45:00,ZONE_A,0.0,0.0,2.263401,2.4655604,0.400178229239823,1.9618045,1.8202028,2.236722,1.9618045,4.083604,4.7022824,2608.1355,2603.4332175712584,train
2026-01-21 06:00:00,ZONE_A,0.0,0.0,6.301213,47.16072,0.0,0.0,6.9581113,0.0,0.0,13.259324,47.16072,2682.5017,2635.3409791748045,train
2026-01-21 06:15:00,ZONE_A,0.0,0.0,4.6514554,52.78669,0.0,4.6686654,0.39056724,1.92499,4.6686654,5.0420227,54.71168,2700.9558,2646.2441186340334,train
2026-01-21 06:30:00,ZONE_A,0.0,0.0,6.616763,59.66554,0.0,0.4423552,1.8273766,1.6496387,0.4423552,8.4441395,61.315178,2737.4814,2676.1662220825197,train
2026-01-21 06:45:00,ZONE_A,0.0,1.2327642,16.460033,97.42419,0.0,3.129394,1.7671654,1.212786,4.3621583,18.2272,98.63697,2769.1528,2670.5158294799803,train
2026-01-21 07:00:00,ZONE_A,0.0,23.942768,63.24938,170.32399,0.0,0.6454993,2.296934,1.448941,24.588268,65.54631,171.77293,2797.9724,2626.199466040039,train
2026-01-21 07:15:00,ZONE_A,58.00469616454906,112.40965,166.03108,273.5916,0.0,0.35729498,3.6134014,1.6949434,112.766945,169.64449,275.28656,2845.4155,2570.1289399414063,train
2026-01-21 07:30:00,ZONE_A,115.51553386465568,171.83418,223.11342,295.3903,0.0,0.78464633,4.171317,2.3433862,172.61884,227.28473,297.73367,2876.1086,2578.374926904297,train
2026-01-21 07:45:00,ZONE_A,178.11165176914437,225.88509,263.068,342.9245,0.0,1.1469674,2.1372106,0.3427841,227.03206,265.2052,343.26727,2943.304,2600.0367270507813,train
2026-01-21 08:00:00,ZONE_A,245.4875117816547,289.63672,335.6469,419.45346,0.0,1.2002195,1.7626276,1.9616699,290.83694,337.40955,421.41513,2957.2827,2535.867569384766,train
2026-01-21 08:15:00,ZONE_A,289.61086609497727,338.27692,365.46207,436.57123,0.0,1.0580842,1.7112187,4.013117,339.335,367.17328,440.58435,3072.736,2632.1516494140624,train
2026-01-21 08:30:00,ZONE_A,332.5698746390692,359.082,426.86572,484.5269,0.0,1.073988,0.9107685,6.0107794,360.15598,427.7765,490.53766,3052.9263,2562.388641308594,train
2026-01-21 08:45:00,ZONE_A,352.79217739118883,401.1664,439.05746,540.0178,0.4165840147831013,1.0988064,1.392112,0.33543062,402.26523,440.4496,540.3533,3023.2834,2482.930128515625,train
2026-01-21 09:00:00,ZONE_A,435.7599172415543,445.72162,499.92618,573.8288,1.8283298824781105,2.4341261,1.7824762,7.927,448.15573,501.70865,581.7558,2679.5862,2097.8304016601564,train
2026-01-21 09:15:00,ZONE_A,445.8549731318453,477.657,562.32513,581.4803,4.812215705050415,4.1338477,4.191214,6.7337217,481.79086,566.51636,588.214,2679.1812,2090.9672107421875,train
2026-01-21 09:30:00,ZONE_A,488.79129789302624,551.12134,556.6814,631.0082,6.21950370601783,5.2795897,7.6749096,3.9366298,556.40094,564.3563,634.9448,2705.2642,2070.31937578125,train
2026-01-21 09:45:00,ZONE_A,565.0930707385678,603.56,590.9905,661.8615,8.21679845175351,5.781998,8.129113,6.2791243,609.342,599.11957,668.1406,2710.1406,2041.9999750000002,train
2026-01-21 10:00:00,ZONE_A,615.4142061432906,612.2587,642.5088,640.8856,18.17755225950527,15.656804,14.7799225,7.235788,627.9155,657.2887,648.1214,2691.0085,2042.8871010742187,train
2026-01-21 10:15:00,ZONE_A,588.3540704354435,622.7069,629.4571,690.16974,11.934211077500606,10.108205,9.900099,7.1890664,632.8151,639.3572,697.3588,2706.6243,2009.2654743164062,train
2026-01-21 10:30:00,ZONE_A,632.0280173765279,643.7598,653.49585,742.36346,6.180107902868898,4.491749,1.2306908,12.346856,648.2516,654.72656,754.7103,2688.645,1933.9346728515625,train
2026-01-21 10:45:00,ZONE_A,647.9982205614219,658.94617,698.9168,769.0895,1.8421705027221404,2.5720654,2.7168887,0.52934134,661.51825,701.6337,769.61884,2676.9507,1907.3318645507811,train
2026-01-21 11:00:00,ZONE_A,629.5188341264582,650.7727,718.99414,804.1102,2.2864908766144927,2.4842362,5.5356975,0.6731078,653.25696,724.52985,804.7833,2703.687,1898.9036748046874,train
2026-01-21 11:15:00,ZONE_A,686.2976938152016,736.5516,782.57,775.22015,0.0,2.4211662,3.5995498,9.020125,738.9727,786.16956,784.2403,2757.0205,1972.7802045898438,train
2026-01-21 11:30:00,ZONE_A,751.1904629563869,801.26605,811.24457,746.58264,0.0,0.0,1.1846187,1.6710677,801.26605,812.4292,748.2537,2720.3474,1972.0936768554689,train
2026-01-21 11:45:00,ZONE_A,829.1372294660222,837.3741,825.06036,752.50867,0.0,0.0,1.0469129,4.164271,837.3741,826.1073,756.6729,2703.579,1946.906087402344,train
2026-01-21 12:00:00,ZONE_A,811.6042414951761,824.9193,767.2068,787.36914,1.4810486634052165,1.0058675,2.2374241,4.0775514,825.9252,769.4442,791.4467,2716.0864,1924.6396836914064,train
2026-01-21 12:15:00,ZONE_A,813.8292374149561,762.6306,759.16046,750.3936,0.0,1.665172,2.0025277,5.4523773,764.2958,761.16296,755.846,2699.9744,1944.1283916992188,train
2026-01-21 12:30:00,ZONE_A,753.7868243966443,769.813,769.0801,771.57587,0.0,2.2712026,0.16158256,4.3005304,772.08417,769.24164,775.8764,2684.2031,1908.3266961914064,train
2026-01-21 12:45:00,ZONE_A,770.8571138798758,779.42175,752.9293,796.1623,2.0204895640930376,2.886359,3.6647754,3.3039086,782.3081,756.5941,799.4662,2671.7703,1872.3041134765626,train
2026-01-21 13:00:00,ZONE_A,770.3021094261107,764.0434,772.20575,657.5024,7.823142142122007,8.266099,7.7518926,13.308592,772.3095,779.95764,670.811,2738.4817,2067.670725878906,train
2026-01-21 13:15:00,ZONE_A,757.0323016215191,758.195,760.72064,638.8135,4.281519590026726,1.9242332,4.666875,4.1441827,760.11926,765.3875,642.95764,2705.2305,2062.2728583984376,train
2026-01-21 13:30:00,ZONE_A,737.2630625901983,754.7376,659.9116,620.6705,5.062405330685078,5.040667,3.0673425,7.883629,759.77826,662.97894,628.5541,2690.9202,2062.3661228515625,train
2026-01-21 13:45:00,ZONE_A,794.2417348574296,674.1308,629.6283,558.472,6.441087865396569,4.83016,6.172624,7.9150167,678.96094,635.8009,566.387,2686.0422,2119.6551760742186,train
2026-01-21 14:00:00,ZONE_A,666.5708953636066,634.3858,613.3088,497.8537,8.868619684870541,9.927904,9.470066,11.65888,644.3137,622.7789,509.51257,2671.0525,2161.5399267578123,train
2026-01-21 14:15:00,ZONE_A,626.5385568077755,598.1285,557.69507,466.33292,7.149853622197768,6.886924,8.544111,15.353026,605.0154,566.2392,481.68594,2666.1462,2184.4602563964845,train
2026-01-21 14:30:00,ZONE_A,601.4904838121433,556.10614,506.65845,445.49265,17.509701992746475,16.813631,15.727418,8.762409,572.9198,522.38586,454.25507,2685.5815,2231.326434082031,train
2026-01-21 14:45:00,ZONE_A,558.1488051392549,509.2606,475.34818,381.564,4.304649391143058,5.971133,6.9883165,10.446172,515.23175,482.3365,392.01016,2687.0198,2295.0096376464844,train
2026-01-21 15:00:00,ZONE_A,503.26360553661726,468.2182,439.47293,348.78732,2.7738159591131044,4.474067,1.8945551,14.206481,472.69226,441.3675,362.9938,2790.22,2427.226195068359,train
2026-01-21 15:15:00,ZONE_A,472.41304777639647,442.61896,399.1897,311.03387,4.403723893451647,2.808964,6.039833,10.811163,445.42792,405.22952,321.84503,2799.9812,2478.136168261719,train
2026-01-21 15:30:00,ZONE_A,453.1416384747677,405.14032,350.19766,262.8121,6.622364663010255,9.243665,8.930647,17.251808,414.38397,359.1283,280.0639,2797.5188,2517.454896191406,train
2026-01-21 15:45:00,ZONE_A,399.4886482426262,354.31488,322.67422,223.18552,16.611368371624668,15.229374,15.839202,15.816035,369.54425,338.51343,239.00156,2785.5588,2546.5572436035154,train
2026-01-21 16:00:00,ZONE_A,347.8055603203369,311.9539,254.66827,165.69225,32.45491326982408,29.31251,27.809803,31.93457,341.2664,282.4781,197.62682,2804.4587,2606.8318842041017,train
2026-01-21 16:15:00,ZONE_A,323.6308377210529,271.54507,228.44057,123.41544,27.65289182032574,30.637537,24.703152,47.81464,302.18262,253.14372,171.23009,2804.04,2632.8099127197265,train
2026-01-21 16:30:00,ZONE_A,261.405689828447,217.29817,175.40549,95.69265,50.53889778252561,43.6291,36.81979,74.9889,260.92728,212.22528,170.68155,2805.429,2634.7474509277345,train
2026-01-21 16:45:00,ZONE_A,220.0391578919942,175.8018,129.51286,45.387962,36.53935817146591,32.918346,50.885166,76.719505,208.72015,180.39803,122.10747,2808.339,2686.2315323486328,train
2026-01-21 17:00:00,ZONE_A,168.13779245253184,119.73512,75.99651,7.24171,55.14166675165197,58.621403,76.685104,92.50834,178.35652,152.68161,99.750046,2803.093,2703.3429542236327,train
2026-01-21 17:15:00,ZONE_A,116.08938568562128,79.56069,40.198387,0.0,108.59808417865612,119.33452,134.66959,100.66713,198.8952,174.86798,100.66713,2810.34,2709.6728704833986,train
2026-01-21 17:30:00,ZONE_A,78.70678838908674,41.121277,2.019342,0.0,154.3787922867893,155.20361,135.0811,134.83492,196.32489,137.10045,134.83492,2799.8264,2664.991484838867,train
2026-01-21 17:45:00,ZONE_A,37.91145193000772,0.0,0.0,11.8813505,159.91432801467383,157.81519,139.19096,112.44923,157.81519,139.19096,124.330574,2800.6812,2676.3506259643555,train
2026-01-21 18:00:00,ZONE_A,0.0,8.093462,4.6526065,0.0,143.45085961496608,127.40258,126.5234,67.78639,135.49605,131.17601,67.78639,2812.8298,2745.043407788086,train
2026-01-21 18:15:00,ZONE_A,0.0,0.0,0.17346874,0.0,91.17356965554325,95.74423,79.28826,39.84414,95.74423,79.46173,39.84414,2814.081,2774.236860900879,train
2026-01-21 18:30:00,ZONE_A,0.0,0.0,1.0926529,0.0,99.51962097636785,82.112526,62.221436,29.113585,82.112526,63.314087,29.113585,2804.6414,2775.5278154815674,train
2026-01-21 18:45:00,ZONE_A,0.0,0.53894204,1.2317532,2.3126707,66.25493516105014,54.078693,32.95456,27.980986,54.617634,34.186314,30.293655,2814.994,2784.7003446044923,train
2026-01-21 19:00:00,ZONE_A,0.0,5.1071978,5.1550574,0.0,48.16680786296205,36.14965,26.884964,31.86616,41.256847,32.04002,31.86616,2816.9927,2785.126540560913,train
2026-01-21 19:15:00,ZONE_A,0.0,0.06281921,0.0,0.0,27.996572358515724,27.771303,26.490559,20.262415,27.834122,26.490559,20.262415,2798.05,2777.787585067749,train
2026-01-21 19:30:00,ZONE_A,0.0,0.0,0.0,0.6238416,22.03792876663017,21.697014,24.911238,28.017298,21.697014,24.911238,28.64114,2816.8933,2788.2521600158693,train
2026-01-21 19:45:00,ZONE_A,0.0,0.0,0.0,0.0,21.719522822431426,23.09949,17.767925,15.038166,23.09949,17.767925,15.038166,2809.6865,2794.648333953857,train
2026-01-21 20:00:00,ZONE_A,0.0,0.0,0.0,0.0,25.18218205475817,23.231842,27.996023,28.839777,23.231842,27.996023,28.839777,2704.2463,2675.406523007202,train
2026-01-21 20:15:00,ZONE_A,0.0,0.0,0.0,0.013756787,17.64953075028757,19.070597,15.0638485,10.480259,19.070597,15.0638485,10.494016,2664.5408,2654.0467843063357,train
2026-01-21 20:30:00,ZONE_A,0.0,0.30140537,0.0,0.0,31.608190747895183,29.404501,32.001915,45.570362,29.705906,32.001915,45.570362,2619.107,2573.5366379089355,train
2026-01-21 20:45:00,ZONE_A,0.0,0.15481827,0.0,0.0,28.470670975462145,30.623648,28.511549,40.96654,30.778465,28.511549,40.96654,2609.1921,2568.225558709717,train
2026-01-21 21:00:00,ZONE_A,0.0,0.068181455,0.26564217,0.0,18.2542327627549,16.994745,39.87063,28.181103,17.062927,40.13627,28.181103,2577.559,2549.3778972473146,train
2026-01-21 21:15:00,ZONE_A,0.0,0.17475703,0.0,0.0,20.90284803165612,31.629463,30.93225,13.753585,31.80422,30.93225,13.753585,2531.204,2517.450415138245,train
2026-01-21 21:30:00,ZONE_A,0.0,0.17475703,0.0,0.0,53.8050032759498,53.000965,49.555508,30.728882,53.175724,49.555508,30.728882,2516.7236,2485.9947181640623,train
2026-01-21 21:45:00,ZONE_A,0.0,0.15481827,0.0,0.070444405,61.856625203283805,56.66814,32.768257,38.712654,56.82296,32.768257,38.7831,2474.6458,2435.862699871826,train
2026-01-21 22:00:00,ZONE_A,0.0,0.39020267,0.0,0.349802,52.41715664658448,41.3646,32.363594,35.85524,41.754803,32.363594,36.20504,2441.245,2405.0399600219725,train
2026-01-21 22:15:00,ZONE_A,0.0,0.0,0.0,0.0,26.59234008361911,22.521915,29.15246,15.58423,22.521915,29.15246,15.58423,2406.0254,2390.4411695770264,train
2026-01-21 22:30:00,ZONE_A,0.0,0.0,0.0,0.0,23.48517359539368,21.704136,22.400301,14.674713,21.704136,22.400301,14.674713,2374.4546,2359.7798868652344,train
2026-01-21 22:45:00,ZONE_A,0.0,0.0,0.0,0.070444405,26.449205934484432,24.7774,20.23601,20.900028,24.7774,20.23601,20.970472,2340.0742,2319.1037276641846,train
2026-01-21 23:00:00,ZONE_A,0.0,0.18722865,0.24626672,0.349802,21.492241465621525,20.392376,17.208738,17.63438,20.579605,17.455006,17.984182,2329.0557,2311.071517642212,train
2026-01-21 23:15:00,ZONE_A,0.0,0.0,0.0,0.0,7.134595969568837,8.494897,10.048055,8.607567,8.494897,10.048055,8.607567,2327.6687,2319.061133166504,train
2026-01-21 23:30:00,ZONE_A,0.0,0.0,0.0,0.0,3.305358432805818,3.7639167,3.7135959,10.187033,3.7639167,3.7135959,10.187033,2295.7615,2285.574467300415,train
2026-01-21 23:45:00,ZONE_A,0.0,0.0,0.0,0.0,11.02794889913552,11.173464,10.113829,11.841147,11.173464,10.113829,11.841147,2309.6228,2297.7816525772096,validation
2026-01-22 00:00:00,ZONE_A,0.0,0.0,0.0,0.0,26.61950686035881,24.002655,26.234787,27.1729,24.002655,26.234787,27.1729,2317.1199,2289.9470007537843,validation
2026-01-22 00:15:00,ZONE_A,0.0,0.0,0.0,0.0,16.065070353805833,17.399,16.286495,28.799732,17.399,16.286495,28.799732,2282.2173,2253.417567791748,validation
2026-01-22 00:30:00,ZONE_A,0.0,0.0058094524,0.0,0.88209873,23.733093444995223,22.319412,20.123028,21.066174,22.325222,20.123028,21.948273,2292.738,2270.7897272949217,validation
2026-01-22 00:45:00,ZONE_A,0.0,0.0,0.91038036,1.0172864,11.602009068298663,12.589512,20.086912,13.762344,12.589512,20.997292,14.779631,2291.1724,2276.392769338989,validation
2026-01-22 01:00:00,ZONE_A,0.0,0.1701284,0.0,0.0,26.33050920603658,25.909443,26.35758,24.202166,26.07957,26.35758,24.202166,2290.4258,2266.2236343963623,validation
2026-01-22 01:15:00,ZONE_A,0.0,0.0,0.0,0.0,29.446933368746127,29.246717,24.599697,32.382973,29.246717,24.599697,32.382973,2291.1213,2258.7383272827146,validation
2026-01-22 01:30:00,ZONE_A,0.0,0.0,0.0,0.88209873,46.43978142952528,40.189182,37.41699,40.641006,40.189182,37.41699,41.523106,2293.8044,2252.281294378662,validation
2026-01-22 01:45:00,ZONE_A,0.0,0.0,0.91038036,1.0172864,19.77830547478614,20.038576,19.827738,30.622562,20.038576,20.738117,31.639849,2284.2664,2252.6265512908935,validation
2026-01-22 02:00:00,ZONE_A,0.0,0.0,0.0,0.0,28.98100942320276,26.018831,29.226162,43.78478,26.018831,29.226162,43.78478,2299.9136,2256.128821405029,validation
2026-01-22 02:15:00,ZONE_A,0.0,0.0,0.0,0.0,29.21200609274221,27.00882,39.213783,47.331806,27.00882,39.213783,47.331806,2294.162,2246.8301938171385,validation
2026-01-22 02:30:00,ZONE_A,0.0,0.0,0.0,0.88209873,43.76174873173951,41.010998,48.819805,46.802788,41.010998,48.819805,47.684887,2285.7192,2238.034313067627,validation
2026-01-22 02:45:00,ZONE_A,0.0,0.0,0.91038036,1.0172864,62.90717911904208,62.01084,52.55022,41.40176,62.01084,53.4606,42.41905,2283.8245,2241.405451690674,validation
2026-01-22 03:00:00,ZONE_A,0.0,0.0,0.0,0.0,64.43451060095855,62.921284,60.310497,37.7827,62.921284,60.310497,37.7827,2291.1887,2253.406000415039,validation
2026-01-22 03:15:00,ZONE_A,0.0,0.0,0.0,0.0,50.73716051628289,46.77161,28.446695,42.332684,46.77161,28.446695,42.332684,2292.0996,2249.7669164367676,validation
2026-01-22 03:30:00,ZONE_A,0.0,0.0,0.0,0.88209873,68.15847493847949,60.0638,51.671036,68.50083,60.0638,51.671036,69.38293,2284.9185,2215.5355730590823,validation
2026-01-22 03:45:00,ZONE_A,0.0,0.0,1.4066358,0.0,67.08751518704983,59.484715,51.671406,45.794765,59.484715,53.07804,45.794765,2284.3652,2238.570434527588,validation
2026-01-22 04:00:00,ZONE_A,0.0,0.19606265,0.0,0.0,47.82688103491668,39.608696,38.07166,30.289381,39.80476,38.07166,30.289381,2280.7163,2250.4269189727784,validation
2026-01-22 04:15:00,ZONE_A,0.0,0.0,1.9317672,0.0,30.73174058508392,28.311073,28.249645,36.06878,28.311073,30.181412,36.06878,2281.0637,2244.994921008301,validation
2026-01-22 04:30:00,ZONE_A,0.0,0.888202,0.023633566,2.209294,13.374447270098855,16.518799,14.866441,20.11725,17.407001,14.890075,22.326544,2289.7036,2267.3770561920164,validation
2026-01-22 04:45:00,ZONE_A,0.0,0.0,4.9768004,7.6016345,9.530891686920278,11.287416,14.269765,17.01088,11.287416,19.246565,24.612514,2301.6619,2277.0493855041505,validation
2026-01-22 05:00:00,ZONE_A,0.0,0.0,0.5497431,0.0,19.46162575049248,20.097254,16.378603,13.559707,20.097254,16.928347,13.559707,2500.3633,2486.8035933120727,validation
2026-01-22 05:15:00,ZONE_A,0.0,0.031743914,0.0,0.0,21.279433254622383,21.55131,22.878231,19.748955,21.583054,22.878231,19.748955,2602.0874,2582.3384452270507,validation
2026-01-22 05:30:00,ZONE_A,0.0,0.0,0.0,0.5167768,15.821164424953576,17.371828,14.191524,18.13227,17.371828,14.191524,18.649048,2571.916,2553.2669521484377,validation
2026-01-22 05:45:00,ZONE_A,0.0,0.26807982,1.3309104,0.9741712,24.9850840533844,20.7106,18.993849,22.927456,20.97868,20.324759,23.901627,2603.7686,2579.866973413086,validation
2026-01-22 06:00:00,ZONE_A,0.0,0.0,0.47409517,0.20158944,15.523745227550858,16.476295,14.914701,11.932152,16.476295,15.388797,12.133741,2645.9136,2633.7798586212157,validation
2026-01-22 06:15:00,ZONE_A,0.0,0.0014995746,4.84501,71.77081,16.166437113465538,18.20141,16.873796,12.469398,18.20291,21.718807,84.24021,2665.9006,2581.6603885131835,validation
2026-01-22 06:30:00,ZONE_A,0.0,0.19634587,1.6927189,44.95445,14.450614815496,16.220343,12.676982,12.469398,16.416689,14.3697,57.423847,2759.2693,2701.8454528015136,validation
2026-01-22 06:45:00,ZONE_A,0.0,0.0,13.441298,19.661505,22.97129867184832,20.07065,18.73775,13.518236,20.07065,32.179047,33.17974,2756.8638,2723.6840590942384,validation
2026-01-22 07:00:00,ZONE_A,0.0,38.193127,44.575966,105.80284,8.243938100212562,7.840468,7.507924,11.862327,46.033596,52.08389,117.66517,2805.346,2687.680831237793,validation
2026-01-22 07:15:00,ZONE_A,39.74633040735583,69.210175,109.34691,186.97913,4.128801513238957,3.5406246,3.6346645,6.897781,72.7508,112.981575,193.8769,2827.6384,2633.761492651367,validation
2026-01-22 07:30:00,ZONE_A,78.26742935914137,102.846245,134.25684,162.9857,0.0,0.960977,3.2850308,4.3199797,103.80722,137.54187,167.30568,2850.805,2683.499320678711,validation
2026-01-22 07:45:00,ZONE_A,102.50592988512206,118.54628,143.11053,192.19716,0.0,1.577503,1.9852602,3.5977716,120.12378,145.0958,195.79494,2927.7488,2731.953862866211,validation
2026-01-22 08:00:00,ZONE_A,121.47526040688464,155.50037,172.95612,251.21153,1.9064738320508323,2.8531737,3.4299495,5.4457517,158.35355,176.38606,256.6573,3081.196,2824.5387124023437,validation
2026-01-22 08:15:00,ZONE_A,175.79729150082332,203.78253,224.32352,282.6497,0.7806094346239251,1.3372121,1.9852602,3.2720313,205.11975,226.30878,285.92172,2994.9993,2709.0775775878906,validation
2026-01-22 08:30:00,ZONE_A,195.0683405625472,213.45483,261.41467,325.1691,0.0,1.5014791,2.8129487,4.747974,214.95631,264.22763,329.91708,3049.5564,2719.6393162597656,validation
2026-01-22 08:45:00,ZONE_A,233.03898219204407,260.30154,305.89645,318.04333,1.610868661150861,0.0,2.2242827,6.787789,260.30154,308.12073,324.83112,3075.0977,2750.2665842773436,validation
2026-01-22 09:00:00,ZONE_A,255.57422268643128,282.6901,317.81653,378.70724,5.027822267249949,3.2540276,3.3893628,4.6608477,285.94412,321.2059,383.3681,2768.6833,2385.3151969726564,validation
2026-01-22 09:15:00,ZONE_A,291.7171347368204,311.59412,313.83054,386.6026,4.667870820474192,3.9309783,5.4446697,6.454198,315.5251,319.2752,393.0568,2785.5515,2392.4947067871094,validation
2026-01-22 09:30:00,ZONE_A,323.2068073483951,336.0319,371.67834,413.74182,8.47349783641233,6.2185936,9.479442,12.944184,342.2505,381.15778,426.686,2742.6257,2315.939695361328,validation
2026-01-22 09:45:00,ZONE_A,337.0408370496661,365.91858,398.4893,446.4671,3.2673087168013537,3.3562968,8.295401,2.3439698,369.27487,406.7847,448.81107,2740.3787,2291.567634326172,validation
2026-01-22 10:00:00,ZONE_A,377.3609327192343,399.3821,400.89206,448.64917,10.645032145872776,14.9826355,14.856845,9.167446,414.36475,415.7489,457.81662,2674.0693,2216.2526801269532,validation
2026-01-22 10:15:00,ZONE_A,425.5285992472648,438.55612,457.48184,468.5026,36.00130160829518,33.486908,25.51767,24.349445,472.04303,482.9995,492.85205,2705.5354,2212.68334921875,validation
2026-01-22 10:30:00,ZONE_A,465.0755465953618,480.2671,477.30353,506.83722,44.810605645832375,38.31144,46.18889,34.665726,518.57855,523.49243,541.5029,2691.5044,2150.0014703125,validation
2026-01-22 10:45:00,ZONE_A,464.1598198253735,468.54367,483.47052,461.36514,15.70717147737135,14.075841,14.074343,16.53653,482.6195,497.54486,477.90167,2697.4712,2219.5695276367187,validation
2026-01-22 11:00:00,ZONE_A,472.18685944180913,498.14682,513.0172,478.06732,10.618904642367628,14.675341,18.065434,9.297308,512.82214,531.08264,487.36462,2694.7388,2207.3741759765626,validation
2026-01-22 11:15:00,ZONE_A,452.85262651487,459.7099,470.35867,460.5596,15.970705413203191,15.734543,17.432302,12.159376,475.44446,487.791,472.71896,2697.9072,2225.1882363769532,validation
2026-01-22 11:30:00,ZONE_A,481.6915764808923,492.44116,499.07083,516.3682,11.8508987486987,14.753149,9.00821,20.129974,507.1943,508.07904,536.49817,2701.627,2165.1288310546875,validation
2026-01-22 11:45:00,ZONE_A,479.61035166528455,482.2744,496.13126,544.83997,25.43243478111036,21.801044,24.756794,17.085434,504.07547,520.88806,561.9254,2708.2544,2146.3289849609373,validation
2026-01-22 12:00:00,ZONE_A,438.5111933877389,439.54395,444.96866,448.38867,33.79067033325028,32.626328,32.235474,23.880907,472.1703,477.20413,472.2696,2708.6401,2236.370507714844,validation
2026-01-22 12:15:00,ZONE_A,421.439971003893,439.44962,468.6909,435.63528,23.728046425418228,23.152033,19.363024,17.82535,462.60165,488.05392,453.46063,2691.549,2238.0883676757812,validation
2026-01-22 12:30:00,ZONE_A,427.87026639215935,457.81296,455.0463,492.6391,24.344223253056736,19.79949,17.94347,7.387625,477.61246,472.98978,500.02673,2686.7344,2186.7076666015623,validation
2026-01-22 12:45:00,ZONE_A,432.81685327970007,443.5158,446.72122,461.03723,14.984166606228785,14.0835285,12.320624,10.389025,457.59933,459.04184,471.42627,2699.3975,2227.97123046875,validation
2026-01-22 13:00:00,ZONE_A,401.81022837781535,388.73544,414.21475,388.26117,13.02464810567798,10.300427,8.45297,13.604245,399.03586,422.66772,401.86542,2706.4922,2304.6267825195314,validation
2026-01-22 13:15:00,ZONE_A,448.6657165199867,457.47327,440.42148,418.67596,8.651815055576115,7.651953,10.552388,11.24569,465.1252,450.97388,429.92166,2690.359,2260.437338623047,validation
2026-01-22 13:30:00,ZONE_A,438.06961909254267,447.81995,449.58456,434.13028,18.99622292545965,18.645544,19.688932,8.317747,466.46548,469.2735,442.44803,2682.6216,2240.173571435547,validation
2026-01-22 13:45:00,ZONE_A,407.9292570334226,383.38025,407.22458,394.1603,54.46900646704943,48.293594,47.169483,27.518951,431.67383,454.39407,421.67926,2694.98,2273.3007397460938,validation
2026-01-22 14:00:00,ZONE_A,382.8826797794461,364.0004,350.78775,320.16864,27.69550401943053,27.2812,24.222662,17.842474,391.2816,375.0104,338.0111,2693.4163,2355.4051916015624,validation
2026-01-22 14:15:00,ZONE_A,373.496199034464,348.86157,346.35928,309.33203,8.505277688867697,8.028679,8.580546,8.862813,356.89026,354.93982,318.19485,2690.8105,2372.615645263672,validation
2026-01-22 14:30:00,ZONE_A,353.2935390844022,331.44498,325.76245,291.35422,6.886685751423281,6.2364764,7.881507,6.150988,337.68146,333.64395,297.50522,2682.518,2385.0127814941407,validation
2026-01-22 14:45:00,ZONE_A,365.6426718371287,335.41254,340.9494,287.69394,1.1655852562015612,6.474139,1.4562583,0.0,341.8867,342.40567,287.69394,2687.7761,2400.0821607910157,validation
2026-01-22 15:00:00,ZONE_A,314.50689885909884,295.40598,278.97226,229.1387,1.5398813306848484,1.7383384,1.3929563,0.5018677,297.14432,280.3652,229.64056,2796.3054,2566.6648360351564,validation
2026-01-22 15:15:00,ZONE_A,300.31642588793113,271.80655,253.75565,235.16147,3.6144944805934416,3.4723148,1.7603014,0.0,275.27887,255.51595,235.16147,2781.8877,2546.726231494141,validation
2026-01-22 15:30:00,ZONE_A,288.96935778788406,261.64453,239.64323,203.37947,12.197806414308106,10.740526,9.516214,6.5895467,272.38507,249.15945,209.96902,2801.8013,2591.832275341797,validation
2026-01-22 15:45:00,ZONE_A,273.49798487900057,257.39407,225.49026,167.97824,13.704102824010088,11.554189,9.294144,8.080493,268.94827,234.78441,176.05873,2791.9365,2615.8777689208982,validation
2026-01-22 16:00:00,ZONE_A,246.52645617610892,212.12311,174.87315,117.76858,12.615791766244651,10.490799,8.651278,7.6174893,222.6139,183.52443,125.38607,2822.1426,2696.7565297485353,validation
2026-01-22 16:15:00,ZONE_A,225.017879282804,181.64162,156.58316,90.941025,2.161114634384396,0.0,1.760987,0.0,181.64162,158.34415,90.941025,2805.3804,2714.4393752197266,validation
2026-01-22 16:30:00,ZONE_A,191.5001207351309,156.14636,123.00419,59.32814,2.1904371949207,2.5436115,0.9885738,1.709108,158.68997,123.99276,61.037247,2808.9858,2747.9485532958984,validation
2026-01-22 16:45:00,ZONE_A,164.4673330553156,130.58102,93.95102,38.25213,2.4830389182668697,5.8643875,9.840796,0.7370187,136.4454,103.79182,38.989147,2806.8494,2767.8602528137208,validation
2026-01-22 17:00:00,ZONE_A,115.34610504041969,80.57981,47.982967,1.0235524,4.563490960487533,0.0,3.3427513,0.5140349,80.57981,51.325718,1.5375874,2808.0188,2806.4812125957487,validation
2026-01-22 17:15:00,ZONE_A,74.92300282347315,39.09199,24.214815,0.7663828,2.166095012080566,0.6584672,2.5922716,0.0,39.750458,26.807087,0.7663828,2805.4983,2804.7319171865465,validation
2026-01-22 17:30:00,ZONE_A,54.30295590271749,10.674615,0.0,0.0,0.9981645728732724,0.08293842,0.78839326,0.90882903,10.757553,0.78839326,0.90882903,2803.6624,2802.7535709666254,validation
2026-01-22 17:45:00,ZONE_A,27.707514067902647,0.0,0.0,0.25539201,0.0,0.56502825,0.0,0.0,0.56502825,0.0,0.25539201,2806.348,2806.0926079850196,validation
2026-01-22 18:00:00,ZONE_A,0.0,8.618744,4.1067,0.0,0.0,1.5251456,0.4196589,0.053685248,10.143889,4.5263586,0.053685248,2803.079,2803.025314752102,validation
2026-01-22 18:15:00,ZONE_A,0.0,0.1731962,0.0,0.0,0.0,0.0,0.4155799,0.0,0.1731962,0.4155799,0.0,2794.8076,2794.8076,validation
2026-01-22 18:30:00,ZONE_A,0.0,0.0,0.0,0.0,0.0,1.3002291,0.6860054,0.44161516,1.3002291,0.6860054,0.44161516,2803.13,2802.68838483572,validation
2026-01-22 18:45:00,ZONE_A,0.0,0.0,0.0,0.009060523,0.0,1.5439254,1.1025987,0.0,1.5439254,1.1025987,0.009060523,2801.0498,2801.0407394774584,validation
2026-01-22 19:00:00,ZONE_A,0.0,0.0,4.3024297,0.0,0.0,1.2143588,0.4196589,0.053685248,1.2143588,4.722089,0.053685248,2802.5938,2802.540114752102,validation
2026-01-22 19:15:00,ZONE_A,0.0,3.6063464,1.7603207,0.0,0.0,2.860228,1.1085805,0.0,6.4665747,2.8689013,0.0,2805.3755,2805.3755,validation
2026-01-22 19:30:00,ZONE_A,0.0,0.0,0.0,0.49756432,0.0,0.0,0.71437466,1.0711861,0.0,0.71437466,1.5687504,2786.5637,2784.9949496185304,validation
2026-01-22 19:45:00,ZONE_A,0.0,0.0,0.13300908,0.41103682,0.0,1.9662002,1.7102468,0.0,1.9662002,1.8432559,0.41103682,2788.6116,2788.2005631807806,validation
2026-01-22 20:00:00,ZONE_A,0.0,0.5274302,0.42635065,0.0,0.0,1.1957785,0.88518596,0.25675592,1.7232087,1.3115366,0.25675592,2659.7292,2659.472444081736,validation
2026-01-22 20:15:00,ZONE_A,0.0,0.43103164,0.0,0.0,0.0,1.3624351,0.8901074,0.4614538,1.7934668,0.8901074,0.4614538,2645.4036,2644.942146204567,validation
2026-01-22 20:30:00,ZONE_A,0.0,0.024095222,0.0,0.0,0.0,1.2809703,0.8901074,0.96869516,1.3050655,0.8901074,0.96869516,2616.8535,2615.8848048362734,validation
2026-01-22 20:45:00,ZONE_A,0.0,0.004156459,0.13300908,0.59984416,0.0,1.359779,0.4498064,0.14728568,1.3639355,0.58281547,0.74712986,2621.432,2620.6848701424597,validation
2026-01-22 21:00:00,ZONE_A,0.0,0.4660018,0.42635065,0.0,0.0,1.1889927,1.6078589,0.6645961,1.6549945,2.0342095,0.6645961,2609.5525,2608.8879039192198,validation
2026-01-22 21:15:00,ZONE_A,0.0,0.36960337,0.0,0.23204708,0.0,2.0673046,0.5968598,0.0,2.436908,0.5968598,0.23204708,2524.8203,2524.588252919006,validation
2026-01-22 21:30:00,ZONE_A,0.0,0.0,0.0,0.0,0.0,2.0140746,2.4879603,2.7724066,2.0140746,2.4879603,2.7724066,2471.7764,2469.0039934219362,validation
2026-01-22 21:45:00,ZONE_A,0.0,0.28146663,0.0,0.0,0.0,1.7687234,2.7346752,0.0,2.05019,2.7346752,0.0,2479.4827,2479.4827,validation
2026-01-22 22:00:00,ZONE_A,0.0,0.516851,0.20094305,0.0,0.0,0.0,2.1947126,2.7263696,0.516851,2.3956556,2.7263696,2441.3972,2438.6708303806304,validation
2026-01-22 22:15:00,ZONE_A,0.0,0.0,0.0,0.0,0.0,0.6583897,0.9904989,0.29077274,0.6583897,0.9904989,0.29077274,2403.2102,2402.9194272639274,validation
2026-01-22 22:30:00,ZONE_A,0.0,0.024095222,0.0,0.0,0.0,1.2809703,1.6078589,0.9769447,1.3050655,1.6078589,0.9769447,2369.4978,2368.520855315018,validation
2026-01-22 22:45:00,ZONE_A,0.0,0.086620264,0.22487651,0.0,0.0,2.2251983,0.9110652,0.0439056,2.3118186,1.1359417,0.0439056,2349.376,2349.332094399095,validation
2026-01-22 23:00:00,ZONE_A,0.0,0.0,0.18156761,0.349802,0.0,0.0,1.3146114,1.8741922,0.0,1.4961791,2.2239943,2345.8987,2343.6747057449343,validation
2026-01-22 23:15:00,ZONE_A,0.0,0.0,0.0,0.349802,0.0,0.07272676,0.0,1.7988571,0.07272676,0.0,2.148659,2313.2659,2311.11724100914,validation
2026-01-22 23:30:00,ZONE_A,0.0,0.17475703,0.0,0.0,0.0,1.1659263,1.4125471,0.0,1.3406833,1.4125471,0.0,2321.0557,2321.0557,validation
2026-01-22 23:45:00,ZONE_A,0.0,0.0,0.30911216,0.070444405,0.0,1.0565056,0.45170224,0.721893,1.0565056,0.7608144,0.7923374,2314.6267,2313.8343625823973,validation
2026-01-23 00:00:00,ZONE_A,0.0,0.0,0.0,0.0,0.0,2.566718,1.6173639,1.9819897,2.566718,1.6173639,1.9819897,2297.204,2295.222010258675,validation
2026-01-23 00:15:00,ZONE_A,0.0,0.0,0.0,0.0,0.0,1.513069,1.8534381,1.6928303,1.513069,1.8534381,1.6928303,2295.8486,2294.155769675827,validation
2026-01-23 00:30:00,ZONE_A,0.0,0.0,0.0,0.88209873,0.0,1.774276,2.1087327,0.72675836,1.774276,2.1087327,1.6088572,2301.767,2300.1581428451536,validation
2026-01-23 00:45:00,ZONE_A,0.0,0.0,0.91038036,0.7584492,0.0,2.6095667,1.9134204,1.476528,2.6095667,2.8238008,2.2349772,2295.7498,2293.5148227546692,validation
2026-01-23 01:00:00,ZONE_A,0.0,0.0,0.0,0.0,0.0,2.3111212,0.8546403,2.9511015,2.3111212,0.8546403,2.9511015,2296.387,2293.435898458481,validation
2026-01-23 01:15:00,ZONE_A,0.0,0.0,0.0,0.0,0.0,0.6851602,0.0,0.0,0.6851602,0.0,0.0,2291.1057,2291.1057,validation
2026-01-23 01:30:00,ZONE_A,0.0,0.0,0.0,0.62326145,0.0,3.749969,6.300836,4.6233764,3.749969,6.300836,5.246638,2307.9363,2302.6896621788023,validation
2026-01-23 01:45:00,ZONE_A,0.0,0.0,0.91038036,1.0172864,0.0,2.568699,2.1087327,2.2115471,2.568699,3.019113,3.2288337,2291.9578,2288.7289663246156,validation
2026-01-23 02:00:00,ZONE_A,0.0,0.0,0.0,0.0,0.0,1.1954927,0.9029678,1.7401111,1.1954927,0.9029678,1.7401111,2303.1145,2301.3743888874055,validation
2026-01-23 02:15:00,ZONE_A,0.0,0.0,0.0,0.0,0.0,2.2373638,2.1087327,2.3311162,2.2373638,2.1087327,2.3311162,2292.5444,2290.213283800507,validation
2026-01-23 02:30:00,ZONE_A,0.0,0.0,0.0,0.88209873,0.0,2.1318643,4.2221236,4.806564,2.1318643,4.2221236,5.6886625,2291.3303,2285.6416374710084,validation
2026-01-23 02:45:00,ZONE_A,0.0,0.0,0.91038036,1.0172864,0.0,2.3066156,3.6354723,4.962326,2.3066156,4.5458527,5.9796124,2284.8381,2278.858487649536,validation
2026-01-23 03:00:00,ZONE_A,0.0,0.0,0.0,0.0,0.0,1.8725522,3.9496775,4.4206715,1.8725522,3.9496775,4.4206715,2284.7515,2280.330828536987,validation
2026-01-23 03:15:00,ZONE_A,0.0,0.0,0.0,0.0,0.0,2.046932,3.907919,4.4206715,2.046932,3.907919,4.4206715,2288.097,2283.6763285369875,validation
2026-01-23 03:30:00,ZONE_A,0.0,0.0,0.0,0.8354941,0.0,2.6808224,3.6354723,5.8589296,2.6808224,3.6354723,6.6944237,2285.421,2278.7265763244627,validation
2026-01-23 03:45:00,ZONE_A,0.0,0.0,1.2940701,1.0172864,0.0,2.3208046,1.8220141,2.8355618,2.3208046,3.116084,3.852848,2285.1018,2281.2489519470214,validation
2026-01-23 04:00:00,ZONE_A,0.0,0.39090896,0.0,0.0,0.0,1.9894689,1.7257261,2.8355618,2.3803778,1.7257261,2.8355618,2287.0818,2284.2462382476806,validation
2026-01-23 04:15:00,ZONE_A,0.0,0.0,0.0,0.0,0.0,1.9080507,2.3346481,6.511409,1.9080507,2.3346481,6.511409,2288.1172,2281.605791194153,validation
2026-01-23 04:30:00,ZONE_A,0.0,0.0,0.0,0.88209873,1.6199700946227211,2.2685819,1.7528639,9.861732,2.2685819,1.7528639,10.743831,2305.2463,2294.5024693191526,validation
2026-01-23 04:45:00,ZONE_A,0.0,0.0,0.91038036,0.7584492,7.970066607650061,7.6831303,9.605579,11.913507,7.6831303,10.51596,12.671957,2278.6802,2266.0082429840086,validation
2026-01-23 05:00:00,ZONE_A,0.0,0.0,0.0,0.0,14.781054575110064,14.162203,19.087843,17.387108,14.162203,19.087843,17.387108,2594.1182,2576.731092150879,validation
2026-01-23 05:15:00,ZONE_A,0.0,0.0,0.0,1.9829316,30.9332914176416,30.045475,29.456827,22.679543,30.045475,29.456827,24.662474,2601.5173,2576.854826321411,validation
2026-01-23 05:30:00,ZONE_A,0.0,0.0,0.0,1.4416109,71.40812286866912,63.15656,67.97684,76.93313,63.15656,67.97684,78.37474,2602.5613,2524.186559399414,validation
2026-01-23 05:45:00,ZONE_A,0.0,0.0,9.377937,14.941989,78.61766093230975,72.82196,56.019222,50.04037,72.82196,65.397156,64.98236,2624.3125,2559.3301391601562,validation
2026-01-23 06:00:00,ZONE_A,0.0,13.071433,14.972991,51.08848,41.8837570063056,33.67511,40.897903,47.49659,46.746544,55.870895,98.58507,2639.5217,2540.9366322509763,validation
2026-01-23 06:15:00,ZONE_A,0.0,0.42352247,0.0,35.572933,35.88431557810675,32.222355,32.075718,44.58934,32.645878,32.075718,80.16228,2623.8997,2543.7374227783203,validation
2026-01-23 06:30:00,ZONE_A,0.0,0.0,3.7314014,64.77073,42.95081640576109,41.768593,37.17362,35.84483,41.768593,40.90502,100.615555,2720.366,2619.7504451904297,validation
2026-01-23 06:45:00,ZONE_A,0.0,0.0,14.3210335,75.411575,44.88397109559979,40.744717,35.889507,44.45631,40.744717,50.21054,119.86789,2787.6575,2667.789610595703,validation
2026-01-23 07:00:00,ZONE_A,0.0,22.046299,76.684135,149.27422,24.26373185055381,19.396284,18.506996,36.354755,41.44258,95.19113,185.62897,2797.7842,2612.155232714844,validation
2026-01-23 07:15:00,ZONE_A,41.58327527068025,77.924065,126.78386,184.07579,9.16852577448858,10.970466,10.332075,8.154186,88.89453,137.11594,192.22998,2838.852,2646.62201953125,validation
2026-01-23 07:30:00,ZONE_A,83.41535495304282,116.96226,146.19827,242.76405,4.806219801266629,3.5170484,11.3861685,6.498602,120.47931,157.58444,249.26265,2876.3093,2627.046650463867,validation
2026-01-23 07:45:00,ZONE_A,131.45058149814898,157.79959,200.56055,281.66464,9.133121814253323,13.087592,8.42669,22.863045,170.88718,208.98724,304.52768,2941.316,2636.7883205566404,validation
2026-01-23 08:00:00,ZONE_A,162.57943704112955,201.68793,248.32948,246.19719,24.91653356852917,21.435102,20.85566,13.683593,223.12303,269.18515,259.88077,2952.458,2692.5772321777345,validation
2026-01-23 08:15:00,ZONE_A,202.8031904822685,232.3479,265.61636,319.59583,38.91535051927469,40.309807,43.708275,29.385532,272.6577,309.32465,348.98135,3009.7322,2660.7508462402343,validation
2026-01-23 08:30:00,ZONE_A,247.71972969716785,267.5429,304.64218,341.37915,62.33665963989474,65.11569,37.987488,41.27497,332.6586,342.62967,382.6541,3046.8726,2664.218486230469,validation
2026-01-23 08:45:00,ZONE_A,286.3458021489847,314.3589,346.91553,376.4679,60.63670231345336,50.98502,46.267773,40.426743,365.3439,393.1833,416.89465,3052.3596,2635.4649466796873,validation
2026-01-23 09:00:00,ZONE_A,309.9389860900959,345.10553,352.63498,380.86188,26.72553347129396,23.028175,30.779749,22.898111,368.1337,383.41473,403.75998,2714.0242,2310.264220751953,validation
2026-01-23 09:15:00,ZONE_A,329.69974136577684,347.2234,358.6279,490.93845,21.09401184594304,20.819784,21.340305,16.044315,368.04318,379.9682,506.98276,2738.8699,2231.8871424316408,validation
2026-01-23 09:30:00,ZONE_A,343.58872690875234,360.09814,378.72815,439.1033,18.160544809648588,16.867847,16.829912,24.306013,376.966,395.55807,463.4093,2719.3774,2255.9680982421874,validation
2026-01-23 09:45:00,ZONE_A,354.07373914675054,373.31943,447.61612,411.79712,13.58456916246235,10.9309435,11.256669,18.06738,384.25037,458.8728,429.8645,2711.918,2282.053498046875,validation
2026-01-23 10:00:00,ZONE_A,381.31493222555264,420.35507,395.70294,413.90427,13.813653201289814,12.290894,16.957129,9.885032,432.64597,412.66006,423.7893,2708.375,2284.585693359375,validation
2026-01-23 10:15:00,ZONE_A,393.93631315535777,412.17053,412.3562,468.08868,18.128392308926347,18.919027,20.058084,11.429556,431.08957,432.41428,479.51825,2710.1897,2230.671450488281,validation
2026-01-23 10:30:00,ZONE_A,417.9393304911245,421.1384,456.68665,452.8672,29.19230100072523,29.062948,24.62287,22.239237,450.20135,481.3095,475.1064,2705.339,2230.232585205078,validation
2026-01-23 10:45:00,ZONE_A,440.430503025407,444.92416,475.89294,498.2441,24.7835172715273,21.333776,19.540884,19.591703,466.25793,495.43384,517.8358,2717.2354,2199.3995845703125,validation
2026-01-23 11:00:00,ZONE_A,458.9885671974673,464.51962,481.6299,521.75867,7.500488798823463,8.398313,8.415763,10.337537,472.91794,490.0457,532.0962,2718.7876,2186.69140859375,validation
2026-01-23 11:15:00,ZONE_A,489.286556126419,505.4093,516.9815,495.098,4.869441427031044,3.4383454,8.81757,4.3658094,508.84766,525.7991,499.4638,2698.7166,2199.2527938476564,validation
2026-01-23 11:30:00,ZONE_A,526.385686364739,530.87274,512.8522,516.06116,5.08880832229905,3.454914,3.204703,6.865323,534.32764,516.0569,522.92645,2708.9875,2186.0610473632814,validation
2026-01-23 11:45:00,ZONE_A,507.2357389057939,517.633,489.94214,476.79376,13.282547568255534,13.361032,12.13087,19.19763,530.994,502.073,495.9914,2710.1106,2214.119205957031,validation
2026-01-23 12:00:00,ZONE_A,478.6970908250803,476.80167,491.29755,489.02628,8.791069240472726,7.243244,9.279292,10.695249,484.04492,500.57684,499.72153,2706.0703,2206.3487729003905,validation
2026-01-23 12:15:00,ZONE_A,451.2742303895173,472.99988,457.2105,425.65567,12.480814543859715,11.751563,14.263762,4.1416597,484.75143,471.47427,429.79733,2674.3523,2244.554967236328,validation
2026-01-23 12:30:00,ZONE_A,494.1567928029324,499.02258,489.78473,470.33392,15.02591010682813,15.84278,11.749113,10.086259,514.86536,501.53384,480.4202,2681.8838,2201.463603466797,validation
2026-01-23 12:45:00,ZONE_A,444.1971479248615,437.48077,421.84097,452.88455,15.446088456940892,12.925382,11.24742,7.6785088,450.40616,433.08838,460.56305,2682.4106,2221.847550683594,validation
2026-01-23 13:00:00,ZONE_A,442.8797174570486,430.87106,424.58148,384.57083,26.080051878728835,23.253141,20.553606,14.672437,454.1242,445.1351,399.24326,2688.7178,2289.4745443847655,validation
2026-01-23 13:15:00,ZONE_A,432.3798611140709,434.0625,427.68634,433.27896,18.29646896747624,15.907013,15.87959,9.397991,449.9695,443.56592,442.67694,2703.077,2260.4000590820315,validation
2026-01-23 13:30:00,ZONE_A,445.58903929787897,459.64758,428.22775,398.95602,12.700140558993269,12.638804,10.477737,6.8426995,472.28638,438.7055,405.79874,2733.4827,2327.6839634277344,validation
2026-01-23 13:45:00,ZONE_A,428.0650522777342,423.91635,413.2683,370.08118,12.694847127864714,10.993536,11.029706,11.4768305,434.90988,424.298,381.558,2703.2656,2321.7075860839846,validation
2026-01-23 14:00:00,ZONE_A,406.602170275112,364.39014,368.1249,336.8821,7.882748201983052,6.691108,6.2658587,10.324846,371.08124,374.39078,347.20697,2703.0757,2355.868729785156,validation
2026-01-23 14:15:00,ZONE_A,446.47847002090094,421.49982,371.35074,325.70566,11.410386125119862,11.184356,10.419889,12.079785,432.68417,381.77063,337.78543,2686.9602,2349.174769091797,validation
2026-01-23 14:30:00,ZONE_A,396.6043185383768,365.94217,369.63748,308.80978,6.652112716414997,7.2264915,7.9838734,6.8481493,373.16867,377.62137,315.65793,2679.8394,2364.181471533203,validation
2026-01-23 14:45:00,ZONE_A,354.92148899471243,328.8745,331.21448,267.16776,8.034683583550429,7.2749596,11.068806,5.499359,336.14948,342.2833,272.6671,2685.129,2412.4618857421874,validation
2026-01-23 15:00:00,ZONE_A,336.3427807152058,313.18088,283.7537,235.02606,7.56491754850731,8.312334,6.8066006,5.722934,321.49323,290.5603,240.749,2792.6538,2551.904807080078,validation
2026-01-23 15:15:00,ZONE_A,273.9164718837376,266.20575,225.05272,190.86642,8.92139180192671,8.817904,8.945367,5.2230535,275.02365,233.9981,196.08948,2795.3901,2599.3006224609376,validation
2026-01-23 15:30:00,ZONE_A,262.1063636679872,237.76427,216.18819,160.6762,6.077460758125834,3.3346045,4.8863173,4.5768085,241.09888,221.07451,165.253,2798.1506,2632.8975940185546,validation
2026-01-23 15:45:00,ZONE_A,217.457380094186,209.11296,195.59702,118.172554,4.58304051542235,2.068184,2.8752062,6.073802,211.18115,198.47223,124.24635,2793.6077,2669.361346850586,validation
2026-01-23 16:00:00,ZONE_A,245.1592370061512,209.62671,157.48395,106.17268,4.904030854731737,6.1758165,3.8340092,4.4503984,215.80252,161.31796,110.623085,2811.227,2700.603914978027,validation
2026-01-23 16:15:00,ZONE_A,176.44643744979712,144.02132,116.089195,68.38871,6.009096171141576,3.1904268,5.380794,1.6168232,147.21175,121.469986,70.00553,2809.2659,2739.2603686889647,validation
2026-01-23 16:30:00,ZONE_A,127.2791022799002,103.8651,69.682076,49.47046,5.728329142226452,5.6042304,1.9582536,1.1012831,109.46933,71.64033,50.571743,2815.8525,2765.2807569885254,validation
2026-01-23 16:45:00,ZONE_A,111.45532534616844,77.657555,51.972965,23.925823,19.476282500850004,17.026522,15.208266,7.009552,94.684074,67.18123,30.935375,2813.326,2782.390624786377,validation
2026-01-23 17:00:00,ZONE_A,112.28342261245226,80.79583,48.662586,1.1454759,10.38315188741942,8.167347,8.736042,6.8968425,88.96318,57.39863,8.042318,2820.5798,2812.5374816558838,validation
2026-01-23 17:15:00,ZONE_A,82.5896707885422,51.270252,19.905985,8.599744,9.935877475544348,9.620744,8.304842,8.779717,60.890995,28.210827,17.379461,2810.484,2793.104538711548,validation
2026-01-23 17:30:00,ZONE_A,63.222836371587896,24.737545,2.5810754,0.0,2.3225493494164744,0.6490441,1.6755958,0.0,25.38659,4.256671,0.0,2808.2168,2808.2168,validation
2026-01-23 17:45:00,ZONE_A,30.41549401854391,0.0,8.789786,0.0,3.477226049030068,0.0,1.6065911,0.0,0.0,10.396378,0.0,2804.6946,2804.6946,validation
2026-01-23 18:00:00,ZONE_A,0.0,13.232573,0.0,0.6797943,0.3776302459235286,5.2062325,1.514935,0.5015327,18.438805,1.514935,1.181327,2811.8982,2810.716873014641,validation
2026-01-23 18:15:00,ZONE_A,0.0,0.22394878,0.14386563,0.0,0.0,0.0,0.24863704,0.0,0.22394878,0.39250267,0.0,2810.1213,2810.1213,validation
2026-01-23 18:30:00,ZONE_A,0.0,0.0,0.0,0.31824496,0.0,2.860756,0.79718375,7.2928767,2.860756,0.79718375,7.6111217,2798.971,2791.3598783454895,validation
2026-01-23 18:45:00,ZONE_A,0.0,0.0,0.0,0.0,0.0,1.3474634,0.3408569,2.041497,1.3474634,0.3408569,2.041497,2810.3086,2808.2671030078886,validation
2026-01-23 19:00:00,ZONE_A,0.0,0.0,0.0,10.130257,0.0,1.5198206,4.542895,0.1263049,1.5198206,4.542895,10.256561,2802.1404,2791.8838387207034,validation
2026-01-23 19:15:00,ZONE_A,0.0,0.0,0.0,0.013756787,0.0,4.9805965,1.0094659,3.5468833,4.9805965,1.0094659,3.56064,2796.9958,2793.4351599033357,validation
2026-01-23 19:30:00,ZONE_A,0.0,0.0,0.0,0.5457684,0.0,2.875591,1.7717355,0.021191478,2.875591,1.7717355,0.56695986,2788.9497,2788.3827401420594,validation
2026-01-23 19:45:00,ZONE_A,0.0,1.7057639,0.0,0.0,0.9188395084164356,1.8241749,1.0586082,6.4024353,3.5299387,1.0586082,6.4024353,2786.3364,2779.9339646972658,validation
2026-01-23 20:00:00,ZONE_A,0.0,0.068181455,0.0,0.6081539,0.0,0.0,0.25571126,0.0,0.068181455,0.25571126,0.6081539,2645.5183,2644.9101461203577,validation
2026-01-23 20:15:00,ZONE_A,0.0,0.0,0.0,1.0275631,0.0,1.0643809,3.5696137,0.0,1.0643809,3.5696137,1.0275631,2634.5447,2633.517136904907,validation
2026-01-23 20:30:00,ZONE_A,0.0,0.0,0.0,0.0,3.2597585739697403,3.4641197,2.6162057,3.1479974,3.4641197,2.6162057,3.1479974,2618.924,2615.776002620697,validation
2026-01-23 20:45:00,ZONE_A,0.0,0.0,0.0,0.0,2.4972668661184017,2.0635033,1.0110615,0.8799538,2.0635033,1.0110615,0.8799538,2594.5203,2593.640346198368,validation
2026-01-23 21:00:00,ZONE_A,0.0,0.18722865,0.0,0.349802,0.8018503152213453,1.0451167,1.4125471,0.5142349,1.2323453,1.4125471,0.8640369,2558.4502,2557.5861630823138,validation
2026-01-23 21:15:00,ZONE_A,0.0,0.0,0.0,0.349802,0.0,0.0,1.0090011,1.8210418,0.0,1.0090011,2.1708438,2532.8328,2530.6619561603547,validation
2026-01-23 21:30:00,ZONE_A,0.0,0.0,0.0,0.0,0.0,1.1659263,0.6947958,0.0,1.1659263,0.6947958,0.0,2473.164,2473.164,validation
2026-01-23 21:45:00,ZONE_A,0.0,0.0,0.0,0.070444405,0.0,4.1314373,1.4504998,3.7011266,4.1314373,1.4504998,3.771571,2481.6863,2477.9147290790556,validation
2026-01-23 22:00:00,ZONE_A,0.0,0.18722865,0.0,0.349802,0.0,1.0807345,0.047940366,1.5852213,1.2679632,0.047940366,1.9350233,2447.398,2445.4629766922,validation
2026-01-23 22:15:00,ZONE_A,0.0,0.0,0.0,0.349802,0.0,1.7849258,0.5060451,0.2515915,1.7849258,0.5060451,0.60139346,2404.7131,2404.1117065387725,validation
2026-01-23 22:30:00,ZONE_A,0.0,0.0,0.0,0.0,0.0,1.8646889,0.5060451,0.32116887,1.8646889,0.5060451,0.32116887,2376.6013,2376.280131130266,validation
2026-01-23 22:45:00,ZONE_A,0.0,0.0,0.0,0.070444405,0.0,1.4052844,0.6947958,2.3444278,1.4052844,0.6947958,2.4148722,2350.1514,2347.7365278305056,validation
2026-01-23 23:00:00,ZONE_A,0.0,0.18722865,0.24626672,0.0,0.0,2.156741,0.39964485,5.368051,2.3439696,0.6459116,5.368051,2329.3542,2323.9861489479067,validation
2026-01-23 23:15:00,ZONE_A,0.0,0.0,0.0,0.349802,0.0,0.0,0.0,4.3070664,0.0,0.0,4.6568685,2312.6472,2307.9903315422057,validation
2026-01-23 23:30:00,ZONE_A,0.0,0.0,0.0,0.0,0.0,1.9289374,1.4125471,3.2269065,1.9289374,1.4125471,3.2269065,2313.1692,2309.94229346199,validation
2026-01-23 23:45:00,ZONE_A,0.0,0.0,0.0,0.070444405,0.0,1.8919933,4.3711586,4.137036,1.8919933,4.3711586,4.2074804,2323.9124,2319.704919569397,validation
2026-01-24 00:00:00,ZONE_A,0.0,0.0,0.0,0.0,0.0,0.0,0.9525759,2.672641,0.0,0.9525759,2.672641,2320.2148,2317.5421589611055,validation
2026-01-24 00:15:00,ZONE_A,0.0,0.0,0.0,0.0,0.0,1.7468041,1.9134204,1.476528,1.7468041,1.9134204,1.476528,2298.2056,2296.7290719514845,validation
2026-01-24 00:30:00,ZONE_A,0.0,0.0,0.0,0.88209873,0.0,1.8326744,2.185867,2.2884815,1.8326744,2.185867,3.1705801,2287.5776,2284.407019851303,validation
2026-01-24 00:45:00,ZONE_A,0.0,0.0,0.91038036,1.0172864,0.0,1.9046974,1.0069188,2.5943108,1.9046974,1.9172992,3.611597,2291.4294,2287.8178029388428,validation
2026-01-24 01:00:00,ZONE_A,0.0,0.0,0.0,0.0,0.0,1.5733618,1.9134204,1.896893,1.5733618,1.9134204,1.896893,2295.4382,2293.5413069755555,validation
2026-01-24 01:15:00,ZONE_A,0.0,0.0,0.0,0.0,0.0,1.87787,0.0,1.2666346,1.87787,0.0,1.2666346,2294.7534,2293.486765416527,validation
2026-01-24 01:30:00,ZONE_A,0.0,0.0,0.0,0.62326145,0.0,1.8326744,1.9134204,1.8592917,1.8326744,1.9134204,2.482553,2303.3533,2300.8707469947817,validation
2026-01-24 01:45:00,ZONE_A,0.0,0.0,0.91038036,0.9706818,0.0,1.9046974,1.9134204,2.4385478,1.9046974,2.8238008,3.4092298,2294.411,2291.0017702445984,validation
2026-01-24 02:00:00,ZONE_A,0.0,0.0,0.0,0.0,0.0,0.0,1.5992142,2.2601767,0.0,1.5992142,2.2601767,2296.3699,2294.1097233413698,validation
2026-01-24 02:15:00,ZONE_A,0.0,0.0,0.0,0.0,0.0,2.295762,2.185867,2.2115471,2.295762,2.185867,2.2115471,2291.2498,2289.0382528636933,validation
2026-01-24 02:30:00,ZONE_A,0.0,0.0,0.0,0.5167768,0.0,1.166319,1.8668895,1.629838,1.166319,1.8668895,2.1466148,2287.9622,2285.815585210037,validation
2026-01-24 02:45:00,ZONE_A,0.0,0.0,0.91038036,0.7584492,0.0,1.9046974,1.9134204,2.5943108,1.9046974,2.8238008,3.3527598,2292.3108,2288.958040161896,validation
2026-01-24 03:00:00,ZONE_A,0.0,0.0,0.0,0.0,0.0,2.451674,1.7152995,1.6199702,2.451674,1.7152995,1.6199702,2292.5251,2290.905129797554,validation
2026-01-24 03:15:00,ZONE_A,0.0,0.031743914,0.0,0.0,0.0,1.7468041,1.7152995,2.5943108,1.778548,1.7152995,2.5943108,2296.5356,2293.941289239502,validation
2026-01-24 03:30:00,ZONE_A,0.0,0.0,0.0,0.88209873,0.0,1.7761487,1.7910717,1.629838,1.7761487,1.7910717,2.5119367,2293.7937,2291.281763335419,validation
2026-01-24 03:45:00,ZONE_A,0.0,0.0,0.42530942,1.0172864,0.0,1.9046974,3.1443338,2.0526555,1.9046974,3.5696433,3.069942,2300.2334,2297.163458002472,validation
2026-01-24 04:00:00,ZONE_A,0.0,3.4262815,0.0,0.0,0.0,2.608318,1.5992142,2.2115471,6.0345993,1.5992142,2.2115471,2291.3533,2289.1417528636935,validation
2026-01-24 04:15:00,ZONE_A,0.0,0.0,0.0,0.0,0.0,1.0804487,1.862031,1.0511742,1.0804487,1.862031,1.0511742,2284.944,2283.8928258361816,validation
2026-01-24 04:30:00,ZONE_A,0.0,0.0,0.0,1.4847252,0.0,0.88945514,2.0329013,0.98139566,0.88945514,2.0329013,2.466121,2295.181,2292.714879041672,validation
2026-01-24 04:45:00,ZONE_A,0.0,0.0,0.42530942,1.0172864,0.0,1.9046974,2.8462124,2.0526555,1.9046974,3.2715218,3.069942,2284.8547,2281.784758002472,validation
2026-01-24 05:00:00,ZONE_A,0.0,3.4262815,4.386274,0.75259495,0.0,3.927632,1.8716606,5.8511696,7.3539133,6.2579346,6.6037645,2593.1184,2586.5146354660033,validation
2026-01-24 05:15:00,ZONE_A,0.0,0.0,0.0,0.0,0.0,0.918629,2.0300922,1.2598562,0.918629,2.0300922,1.2598562,2602.2505,2600.99064377594,validation
2026-01-24 05:30:00,ZONE_A,0.0,0.0,3.6542528,3.2864137,0.0,2.6817603,4.0240035,8.042135,2.6817603,7.678256,11.328548,2607.5188,2596.1902515686033,validation
2026-01-24 05:45:00,ZONE_A,0.0,0.0,0.91038036,0.0,0.0,1.2499646,1.8316642,2.3591552,1.2499646,2.7420444,2.3591552,2596.764,2594.40484482193,validation
2026-01-24 06:00:00,ZONE_A,0.0,0.0,2.4775217,31.453196,0.0,3.9142666,3.907919,8.954204,3.9142666,6.385441,40.4074,2678.1868,2637.779401776123,validation
2026-01-24 06:15:00,ZONE_A,0.0,4.644662,14.947964,54.022556,0.0,0.52476454,1.8102268,1.0138538,5.1694264,16.75819,55.03641,2676.7556,2621.7191887145996,validation
2026-01-24 06:30:00,ZONE_A,0.0,0.0,2.8200607,52.171104,0.0,1.750067,3.286287,3.007598,1.750067,6.106348,55.178703,2700.285,2645.1062966918944,validation
2026-01-24 06:45:00,ZONE_A,0.0,0.0,11.479067,60.48109,0.0,1.2499646,1.8240348,2.113153,1.2499646,13.303102,62.594242,2798.74,2736.1457579040525,validation
2026-01-24 07:00:00,ZONE_A,0.0,11.732732,34.4774,64.881516,0.0,0.918629,2.0903034,1.1534321,12.6513605,36.567703,66.03495,2830.6282,2764.5932497436524,validation
2026-01-24 07:15:00,ZONE_A,23.949746106323627,42.656002,57.35485,147.07841,0.0,2.7699702,1.0348443,2.5848627,45.425972,58.389694,149.66328,2844.4011,2694.7378156982422,validation
2026-01-24 07:30:00,ZONE_A,44.25172719890163,48.504177,110.20766,125.34812,0.0,0.6301304,2.859424,1.8204148,49.134308,113.06708,127.16853,2860.4646,2733.2960666748045,validation
2026-01-24 07:45:00,ZONE_A,65.49763597156353,99.36657,129.21582,159.6829,0.0,3.0844378,1.614915,0.7353934,102.451004,130.83073,160.4183,2899.585,2739.1666955566407,validation
2026-01-24 08:00:00,ZONE_A,86.92764762328082,104.71657,120.08852,155.44362,0.0,2.0470517,3.1098325,2.3864899,106.76362,123.19835,157.83011,2975.9531,2818.122991357422,validation
2026-01-24 08:15:00,ZONE_A,114.75414380374798,122.994606,146.87929,216.47667,0.0,1.506255,2.1372106,1.2635493,124.50086,149.0165,217.74022,2999.4448,2781.7045808837893,validation
2026-01-24 08:30:00,ZONE_A,135.0488785666027,174.86491,183.18112,227.17282,0.0,0.059821174,1.7443179,1.2635493,174.92473,184.92545,228.43637,3035.9453,2807.5089291503905,validation
2026-01-24 08:45:00,ZONE_A,147.4002428469128,172.84755,199.70695,250.76984,0.0,1.6892657,1.7186891,0.8224464,174.53682,201.42564,251.59229,2966.9907,2715.39841484375,validation
2026-01-24 09:00:00,ZONE_A,161.39146571606943,199.29538,217.17455,254.78633,0.0,2.4620838,1.8102268,1.1858902,201.75746,218.98477,255.97223,2712.9563,2456.9840709960936,validation
2026-01-24 09:15:00,ZONE_A,185.2562895365842,209.84273,244.74506,260.15573,0.0,0.0,2.418234,4.7190094,209.84273,247.16328,264.87476,2719.9832,2455.108444140625,validation
2026-01-24 09:30:00,ZONE_A,200.750438671459,221.59726,257.94412,278.2281,0.0,1.59242,2.478445,2.8422232,223.18968,260.42258,281.0703,2740.3523,2459.2819875,validation
2026-01-24 09:45:00,ZONE_A,219.52237059289595,256.88333,271.926,299.8075,0.0,2.1134892,2.5680966,3.1749737,258.99683,274.49408,302.98248,2751.6218,2448.6393170898436,validation
2026-01-24 10:00:00,ZONE_A,240.6776966642392,272.0538,268.73483,279.72174,0.0,2.2914262,2.283133,2.6701865,274.3452,271.01797,282.39194,2715.1865,2432.7945627441404,validation
2026-01-24 10:15:00,ZONE_A,245.08366397062105,265.4067,267.7709,271.40094,0.0,2.0157714,2.98827,1.6563492,267.4225,270.7592,273.05728,2706.9758,2433.9185185058595,validation
2026-01-24 10:30:00,ZONE_A,267.3127800632998,289.41843,296.4287,305.11783,0.0,2.3967283,2.418234,3.1206837,291.81516,298.84695,308.23853,2732.9028,2424.664274609375,validation
2026-01-24 10:45:00,ZONE_A,261.28298444718604,280.27792,290.1101,293.90628,0.0,0.0,1.7273198,0.90742975,280.27792,291.83743,294.81372,2699.9492,2405.135479296875,validation
2026-01-24 11:00:00,ZONE_A,287.1712552219117,314.2392,310.19092,339.19138,0.0,2.0276194,2.859424,4.7190094,316.2668,313.05035,343.9104,2740.5825,2396.672099609375,validation
2026-01-24 11:15:00,ZONE_A,297.57631934692165,320.5419,325.71417,343.44467,0.0,2.0276194,2.859424,1.6563492,322.56952,328.5736,345.101,2783.3325,2438.2314868164062,validation
2026-01-24 11:30:00,ZONE_A,310.9780266481306,325.59964,352.58478,338.12814,0.0,4.312495,3.1426826,0.16586903,329.91214,355.72745,338.294,2778.9019,2440.6078936523436,validation
2026-01-24 11:45:00,ZONE_A,300.25283822532344,329.79428,322.22177,345.31973,0.0,2.086079,2.0109363,0.50830346,331.88037,324.2327,345.82803,2767.6858,2421.8577665527346,validation
2026-01-24 12:00:00,ZONE_A,327.8491482861536,346.78043,343.53848,336.551,0.0,1.7199386,1.8541876,1.2916498,348.50037,345.39267,337.84265,2701.391,2363.5483486328126,validation
2026-01-24 12:15:00,ZONE_A,354.2827327798811,369.95178,371.9377,386.66333,0.0,1.4155957,2.283133,4.35431,371.36737,374.22086,391.01764,2685.811,2294.793360839844,validation
2026-01-24 12:30:00,ZONE_A,313.2158449206422,348.36435,368.79782,390.547,0.0,0.99738955,0.21731909,0.0,349.36172,369.01514,390.547,2699.2815,2308.7345029296876,validation
2026-01-24 12:45:00,ZONE_A,302.8979617443441,344.22253,345.25458,362.8262,0.0,0.6232331,1.0774659,0.0,344.84576,346.33203,362.8262,2718.9285,2356.102297607422,validation
2026-01-24 13:00:00,ZONE_A,382.3711252471599,374.1035,382.58484,417.9071,0.0,2.8385987,1.3958012,0.42206377,376.94208,383.98065,418.32916,2708.484,2290.1548374023437,validation
2026-01-24 13:15:00,ZONE_A,406.0697317694372,413.805,407.95837,435.10834,0.0,2.4370801,2.0918539,0.8359168,416.24207,410.05023,435.94424,2700.5542,2264.6099556152344,validation
2026-01-24 13:30:00,ZONE_A,453.50818266028256,442.33554,441.07904,465.80045,0.0,1.2771962,1.541499,0.37069422,443.61273,442.62054,466.17114,2702.8694,2236.698257421875,validation
2026-01-24 13:45:00,ZONE_A,476.9879113202167,459.6942,462.4499,455.70758,0.0,2.2345514,1.4826638,0.14360403,461.92877,463.93256,455.8512,2698.3386,2242.4874037109375,validation
2026-01-24 14:00:00,ZONE_A,553.5014711357522,551.3274,503.43484,460.58127,0.0,1.640183,1.059839,0.21445972,552.9676,504.4947,460.79572,2698.6816,2237.8858846679686,validation
2026-01-24 14:15:00,ZONE_A,541.2852154271676,538.00214,510.96146,441.63992,0.0,0.8589012,1.2141653,0.9633792,538.861,512.1756,442.6033,2672.2083,2229.6049979980467,validation
2026-01-24 14:30:00,ZONE_A,567.9204084891063,560.4345,510.99225,446.81805,0.0,3.1077123,2.441645,1.0555193,563.54224,513.4339,447.87357,2696.0417,2248.168134326172,validation
2026-01-24 14:45:00,ZONE_A,534.5653277841642,525.222,489.4395,389.7772,0.0,2.5515242,1.843826,0.0,527.7735,491.28333,389.7772,2692.1238,2302.3466088378905,validation
2026-01-24 15:00:00,ZONE_A,546.0526216228386,513.18427,476.93604,378.94775,0.0,1.072923,0.5227692,0.19192773,514.2572,477.4588,379.13968,2794.2559,2415.116221044922,validation
2026-01-24 15:15:00,ZONE_A,500.67789379692886,453.34354,434.51965,332.14978,0.0,0.8560234,0.5227692,0.19192773,454.19955,435.04242,332.3417,2788.282,2455.9402946777345,validation
2026-01-24 15:30:00,ZONE_A,480.3126824051924,440.79233,407.9839,294.44592,0.0,0.0,0.46255806,0.19192773,440.79233,408.44644,294.63785,2789.4614,2494.8235520996095,validation
2026-01-24 15:45:00,ZONE_A,413.5422636543588,360.6131,316.49875,241.11464,0.0,0.6711643,1.4285731,0.77216166,361.28427,317.9273,241.8868,2799.0845,2557.1977049560546,validation
2026-01-24 16:00:00,ZONE_A,348.3323089124309,304.81317,255.7158,183.50533,0.0,0.11964482,0.15997854,1.1851983,304.93283,255.87578,184.69052,2815.3872,2630.6966787597657,validation
2026-01-24 16:15:00,ZONE_A,285.1576066925279,245.80695,200.33545,126.87309,0.0,0.0,0.24863704,0.0,245.80695,200.58409,126.87309,2805.3516,2678.478507348633,validation
2026-01-24 16:30:00,ZONE_A,260.69338346415094,207.76671,177.20798,96.3842,0.0,1.4931034,0.0,0.0,209.25981,177.20798,96.3842,2818.8025,2722.418298950195,validation
2026-01-24 16:45:00,ZONE_A,191.8906312678436,152.88246,121.14874,43.6889,0.0,2.9154046,0.71437466,2.6166291,155.79787,121.86312,46.30553,2816.115,2769.809469451904,validation
2026-01-24 17:00:00,ZONE_A,172.52731107813406,114.05836,79.45344,0.0,0.0,0.0,0.3088481,2.5479875,114.05836,79.76228,2.5479875,2876.035,2873.4870125389098,validation
2026-01-24 17:15:00,ZONE_A,142.02968508663304,91.442604,47.320385,0.0,0.0,0.18750235,0.3408569,0.0,91.630104,47.661243,0.0,2858.8008,2858.8008,validation
2026-01-24 17:30:00,ZONE_A,93.39922214766752,44.173946,0.0,13.5605545,0.0,0.0,0.85030377,0.0,44.173946,0.85030377,13.5605545,2873.8599,2860.2993454956054,validation
2026-01-24 17:45:00,ZONE_A,41.32866940650879,0.0,0.8857993,0.0,0.0,0.0,0.52871305,0.34913433,0.0,1.4145124,0.34913433,2876.7195,2876.370365674019,validation
2026-01-24 18:00:00,ZONE_A,0.0,0.0,0.36494398,0.0,0.0,2.7748857,0.79718375,0.0,2.7748857,1.1621277,0.0,2875.2175,2875.2175,validation
2026-01-24 18:15:00,ZONE_A,0.0,13.564379,15.701693,4.1734433,0.0,0.0,1.1609961,0.0,13.564379,16.862688,4.1734433,2820.7964,2816.622956682587,validation
2026-01-24 18:30:00,ZONE_A,0.0,0.0,0.0,0.0,0.0,0.0,0.24863704,0.0,0.0,0.24863704,0.0,2865.0503,2865.0503,validation
2026-01-24 18:45:00,ZONE_A,0.0,0.0,0.0,0.0,0.0,1.6685042,0.79718375,0.0,1.6685042,0.79718375,0.0,2869.2612,2869.2612,validation
2026-01-24 19:00:00,ZONE_A,0.0,0.0,0.16870642,0.0,0.0,1.5198206,0.6947958,0.48660994,1.5198206,0.8635022,0.48660994,2853.8413,2853.3546900642395,validation
2026-01-24 19:15:00,ZONE_A,0.0,0.0,0.0,0.0,0.0,0.9133994,0.53275996,0.0,0.9133994,0.53275996,0.0,2854.5442,2854.5442,validation
2026-01-24 19:30:00,ZONE_A,0.0,0.0,0.0,0.46253946,0.0,0.9992697,0.8332681,0.0,0.9992697,0.8332681,0.46253946,2858.0002,2857.5376605357646,validation
2026-01-24 19:45:00,ZONE_A,0.0,0.0,0.0,0.0,0.0,1.2379494,0.81088066,0.09385918,1.2379494,0.81088066,0.09385918,2798.6404,2798.546540819192,validation
2026-01-24 20:00:00,ZONE_A,0.0,0.0,0.56456834,0.0,0.0,1.0800561,0.79718375,0.054518268,1.0800561,1.361752,0.054518268,2678.4246,2678.3700817324875,validation
2026-01-24 20:15:00,ZONE_A,0.0,0.0,0.022629809,0.06771591,0.0,0.1186485,0.5190627,0.098679945,0.1186485,0.5416925,0.16639586,2722.3784,2722.21200414207,validation
2026-01-24 20:30:00,ZONE_A,0.0,0.0,0.0,0.0,0.0,0.0,0.4535761,0.46007645,0.0,0.4535761,0.46007645,2667.7473,2667.2872235486984,validation
2026-01-24 20:45:00,ZONE_A,0.0,0.0,0.0,0.0,0.0,1.244735,0.7574505,0.0,1.244735,0.7574505,0.0,2666.5374,2666.5374,validation
2026-01-24 21:00:00,ZONE_A,0.0,0.315098,0.043736555,0.0,0.0,0.90661365,1.4125471,0.48660994,1.2217116,1.4562837,0.48660994,2548.1567,2547.6700900642395,validation
2026-01-24 21:15:00,ZONE_A,0.0,0.019874059,0.0,0.0,0.0,1.2473911,1.0090011,2.3791177,1.2672652,1.0090011,2.3791177,2531.241,2528.8618822727203,validation
2026-01-24 21:30:00,ZONE_A,0.0,0.019874059,0.0,0.0,0.0,1.8707961,1.0090011,1.7594751,1.8906702,1.0090011,1.7594751,2477.7546,2475.995124888039,validation
2026-01-24 21:45:00,ZONE_A,0.0,0.0,0.0,0.0,0.0,0.049160413,0.89171904,3.2807508,0.049160413,0.89171904,3.2807508,2490.73,2487.4492492485047,validation
2026-01-24 22:00:00,ZONE_A,0.0,0.3923622,0.043736555,0.0,0.0,1.0739487,1.4125471,2.107979,1.466311,1.4562837,2.107979,2425.2556,2423.1476209407806,validation
2026-01-24 22:15:00,ZONE_A,0.0,0.029025137,0.0,0.0,0.0,1.1381975,0.15210666,2.107979,1.1672227,0.15210666,2.107979,2410.0015,2407.8935209407805,validation
2026-01-24 22:30:00,ZONE_A,0.0,0.019874059,0.0,0.0,0.0,1.159819,1.4125471,2.107979,1.1796931,1.4125471,2.107979,2370.3184,2368.2104209407808,validation
2026-01-24 22:45:00,ZONE_A,0.0,0.0,0.0,0.0,0.0,2.1101542,0.45170224,2.9640703,2.1101542,0.45170224,2.9640703,2362.5947,2359.6306296798707,validation
2026-01-24 23:00:00,ZONE_A,0.0,0.14247686,0.3306144,0.0,0.0,0.21841997,1.4125471,0.9072086,0.36089683,1.7431614,0.9072086,2330.2769,2329.369691378498,validation
2026-01-24 23:15:00,ZONE_A,0.0,0.0,0.0,0.0,0.0,1.2473911,1.4125471,0.33030742,1.2473911,1.4125471,0.33030742,2327.8474,2327.5170925759317,validation
2026-01-24 23:30:00,ZONE_A,0.0,0.0,0.2556647,0.47632056,0.0,1.8707961,0.6947958,0.0,1.8707961,0.9504605,0.47632056,2309.1929,2308.716579435253,validation
2026-01-24 23:45:00,ZONE_A,0.0,0.0,0.5187176,0.0,0.0,0.0,0.6947958,2.5956132,0.0,1.2135134,2.5956132,2327.2192,2324.6235867588043,validation
2026-01-25 00:00:00,ZONE_A,0.0,0.35377732,0.0,0.0,0.0,2.6495872,1.6652722,3.482534,3.0033646,1.6652722,3.482534,2307.7988,2304.316266068268,validation
2026-01-25 00:15:00,ZONE_A,0.0,0.14611992,0.0,0.0,0.0,2.9139848,2.4951687,3.2565465,3.0601046,2.4951687,3.2565465,2294.8271,2291.570553502655,validation
2026-01-25 00:30:00,ZONE_A,0.0,0.0,0.0,0.5570134,0.0,3.0319142,3.0024107,4.4308567,3.0319142,3.0024107,4.98787,2299.2573,2294.2694297836306,validation
2026-01-25 00:45:00,ZONE_A,0.0,0.0,1.1064248,1.370913,0.0,0.7670193,2.8042903,4.105068,0.7670193,3.910715,5.475981,2299.0603,2293.584318764496,validation
2026-01-25 01:00:00,ZONE_A,0.0,0.31043863,0.0,0.0,0.0,2.9460444,3.0024107,4.204697,3.256483,3.0024107,4.204697,2306.8613,2302.6566028678894,validation
2026-01-25 01:15:00,ZONE_A,0.0,0.0,0.0,0.0,0.0,1.9493166,0.18857326,1.2537944,1.9493166,0.18857326,1.2537944,2308.1094,2306.8556055683134,validation
2026-01-25 01:30:00,ZONE_A,0.0,0.0,0.0,0.27040187,0.0,3.5808725,3.0024107,4.444018,3.5808725,3.0024107,4.71442,2298.5798,2293.8653801582336,validation
2026-01-25 01:45:00,ZONE_A,0.0,0.0,0.9761549,1.370913,0.0,2.6957166,2.329157,4.6373816,2.6957166,3.3053122,6.0082946,2298.9082,2292.899905417633,validation
2026-01-25 02:00:00,ZONE_A,0.0,0.14763296,0.06768104,0.0,0.0,0.016946048,2.688205,3.9597692,0.164579,2.755886,3.9597692,2301.5862,2297.626430751038,validation
2026-01-25 02:15:00,ZONE_A,0.0,0.18213968,0.0,0.0,0.0,2.772602,3.0024107,4.6373816,2.9547417,3.0024107,4.6373816,2291.3958,2286.75841844635,validation
2026-01-25 02:30:00,ZONE_A,0.0,0.0,0.0,0.36773103,0.0,2.8584719,3.274857,3.8892014,2.8584719,3.274857,4.2569323,2293.264,2289.007067741394,validation
2026-01-25 02:45:00,ZONE_A,0.0,0.0,1.1064248,1.4377441,0.0,2.5787995,3.0024107,3.6630416,2.5787995,4.108835,5.1007857,2285.6301,2280.5293142677306,validation
2026-01-25 03:00:00,ZONE_A,0.0,0.20582226,0.0,0.0,0.0,3.6518517,1.8846052,2.3542233,3.857674,1.8846052,2.3542233,2291.7708,2289.416576748657,validation
2026-01-25 03:15:00,ZONE_A,0.0,0.047513798,0.0,0.0,0.0,2.9460444,3.0024107,2.8958778,2.9935582,3.0024107,2.8958778,2290.9275,2288.031622161865,validation
2026-01-25 03:30:00,ZONE_A,0.0,0.0,0.0,0.6276707,0.0,3.0319142,2.9606514,2.8958778,3.0319142,2.9606514,3.5235486,2294.6702,2291.146651396942,validation
2026-01-25 03:45:00,ZONE_A,0.0,0.0,1.0590914,1.4415702,0.0,2.5787995,2.688205,2.1608589,2.5787995,3.7472963,3.602429,2294.0803,2290.4778710868836,validation
2026-01-25 04:00:00,ZONE_A,0.0,0.14763296,0.0,0.0,0.0,2.8895187,1.8428452,2.3542233,3.0371518,1.8428452,2.3542233,2292.0728,2289.718576748657,validation
2026-01-25 04:15:00,ZONE_A,0.0,0.0,0.0,0.0,0.0,2.8895187,2.2873974,2.3542233,2.8895187,2.2873974,2.3542233,2316.6887,2314.3344767486574,validation
2026-01-25 04:30:00,ZONE_A,0.0,0.0,0.0,0.5570134,0.0,2.975389,2.2873974,2.3542233,2.975389,2.2873974,2.9112368,2283.6545,2280.7432632369996,validation
2026-01-25 04:45:00,ZONE_A,0.0,0.0,1.0590914,1.370913,0.0,2.7201827,2.016972,0.97338676,2.7201827,3.0760636,2.3442998,2260.065,2257.7207002067566,validation
2026-01-25 05:00:00,ZONE_A,0.0,0.14763296,0.084870175,1.051898,0.0,2.8895187,1.5703988,2.52626,3.0371518,1.655269,3.578158,2558.346,2554.767842098236,validation
2026-01-25 05:15:00,ZONE_A,0.0,0.14035666,0.0,0.0,0.0,3.2447376,2.3242989,1.5128696,3.3850942,2.3242989,1.5128696,2591.8352,2590.3223304035187,validation
2026-01-25 05:30:00,ZONE_A,0.0,0.0,1.0002569,0.36773103,0.0,3.4074302,4.5057707,2.3542233,3.4074302,5.5060277,2.7219543,2597.328,2594.606045654297,validation
2026-01-25 05:45:00,ZONE_A,0.0,0.0,7.1828175,15.621284,0.0,7.452391,6.126331,2.3542233,7.452391,13.309149,17.975506,2618.3203,2600.3447941711424,validation
2026-01-25 06:00:00,ZONE_A,0.0,8.840858,6.514909,52.52343,0.0,2.2381873,3.5784173,0.97338676,11.079046,10.093327,53.49682,2671.0703,2617.5734814575194,validation
2026-01-25 06:15:00,ZONE_A,0.0,1.4080828,4.265681,67.19684,0.0,2.9139848,3.6670754,0.89942074,4.3220677,7.9327564,68.09626,2668.0835,2599.9872399291994,validation
2026-01-25 06:30:00,ZONE_A,0.0,0.0,2.5084884,97.07215,0.0,3.7484503,4.251706,2.52626,3.7484503,6.760195,99.59841,2760.6987,2661.1002884399413,validation
2026-01-25 06:45:00,ZONE_A,0.0,1.0253705,26.411722,115.028885,0.0,2.7201827,5.2644987,1.1454232,3.745553,31.67622,116.17431,2770.0212,2653.8468912231447,validation
2026-01-25 07:00:00,ZONE_A,0.0,30.48999,82.01526,158.16472,0.0,2.2678246,6.126331,3.3092477,32.757816,88.14159,161.47397,2803.457,2641.9830314941405,validation
2026-01-25 07:15:00,ZONE_A,60.14942496768069,97.84867,155.97539,242.56053,0.0,1.2106671,5.2644987,0.55054975,99.05934,161.23988,243.11108,2857.763,2614.651916015625,validation
2026-01-25 07:30:00,ZONE_A,119.76118038786711,167.86594,206.07213,275.337,0.0,2.324057,4.386604,0.30454725,170.18999,210.45872,275.64154,2893.7866,2618.145059472656,validation
2026-01-25 07:45:00,ZONE_A,160.84160710284402,212.55956,235.57755,345.97006,0.0,3.999143,4.386604,0.72738457,216.5587,239.96414,346.69745,2934.9917,2588.2942512695313,validation
2026-01-25 08:00:00,ZONE_A,202.5196134752316,234.69713,274.2502,343.85373,0.0,0.67568725,4.386604,0.89942074,235.37282,278.6368,344.75314,2969.0974,2624.3442566894532,validation
2026-01-25 08:15:00,ZONE_A,237.5364407720756,270.72208,303.8095,402.50375,0.0,0.48309472,4.556541,1.765548,271.20517,308.36606,404.2693,3102.286,2698.016712890625,validation
2026-01-25 08:30:00,ZONE_A,268.30102452259047,316.1056,341.25986,383.2364,0.0,1.5909624,5.27607,2.0519946,317.69656,346.53592,385.2884,3014.9158,2629.627408886719,validation
2026-01-25 08:45:00,ZONE_A,319.0963881462329,345.74435,393.45203,484.27582,0.0,3.051542,4.425446,4.2449346,348.7959,397.87747,488.52075,3043.4382,2554.917448046875,validation
2026-01-25 09:00:00,ZONE_A,400.39355162202776,441.04642,448.38986,563.3012,0.0,2.2381873,4.386604,0.72738457,443.2846,452.77646,564.02856,2754.406,2190.377435546875,validation
2026-01-25 09:15:00,ZONE_A,458.4742670888296,479.91525,529.2936,642.65656,0.0,2.0455942,5.27607,4.263013,481.96085,534.56964,646.91956,2681.3171,2034.3975443359377,validation
2026-01-25 09:30:00,ZONE_A,509.5954899739957,553.79987,576.86304,680.05896,0.0,3.7167883,4.911583,3.7211666,557.51666,581.7746,683.78015,2730.9602,2047.1800486328125,validation
2026-01-25 09:45:00,ZONE_A,585.5280461197274,615.95557,652.00745,744.43353,0.0,0.5684155,4.425446,4.2449346,616.524,656.4329,748.67847,2738.997,1990.3185332031248,validation
2026-01-25 10:00:00,ZONE_A,682.2116328905184,695.59973,748.69165,678.5951,0.0,1.5510863,4.977916,1.7573303,697.1508,753.66956,680.3524,2713.3757,2033.0232830078126,validation
2026-01-25 10:15:00,ZONE_A,758.2320965362599,790.824,809.3181,758.6585,0.0,1.0316823,5.358916,3.9371643,791.85565,814.677,762.5957,2735.0408,1972.4450968750002,validation
2026-01-25 10:30:00,ZONE_A,817.3330875494349,836.39355,826.9555,715.8896,0.0,0.0054689646,4.425446,4.592904,836.39905,831.381,720.4825,2749.033,2028.5505170898437,validation
2026-01-25 10:45:00,ZONE_A,827.3527301942495,826.1053,716.11487,683.3571,0.0,4.874961,5.631112,4.024555,830.9802,721.746,687.38165,2750.9802,2063.5985471679687,validation
2026-01-25 11:00:00,ZONE_A,813.901042212064,815.91284,745.1712,736.9749,0.0,3.0104299,5.631112,0.0,818.9233,750.8023,736.9749,2750.8306,2013.8556854492185,validation
2026-01-25 11:15:00,ZONE_A,800.2533474940859,773.72296,758.6771,687.5074,0.0,2.3094008,5.7858953,1.7387984,776.03235,764.463,689.24615,2720.9211,2031.6749452148438,validation
2026-01-25 11:30:00,ZONE_A,844.6738246564371,754.74585,635.2466,682.6996,0.0,0.7336588,4.896429,0.9787487,755.4795,640.143,683.67834,2725.809,2042.1306552734377,validation
2026-01-25 11:45:00,ZONE_A,929.372489756704,786.37537,635.7282,677.5967,0.7868287743757982,5.1736956,5.631112,2.4877179,791.5491,641.3593,680.0844,2743.9573,2063.8728883789063,validation
2026-01-25 12:00:00,ZONE_A,996.207130405347,779.9939,655.9051,680.2391,0.0,2.6119328,5.0522394,5.0553646,782.60583,660.95734,685.29443,2739.4854,2054.19096640625,validation
2026-01-25 12:15:00,ZONE_A,1013.4534505526588,831.4877,788.60223,693.6525,0.0,0.35022688,4.425446,3.5670385,831.8379,793.0277,697.21954,2738.9727,2041.7531565429686,validation
2026-01-25 12:30:00,ZONE_A,983.0024116109788,775.79236,643.2322,693.811,0.0,0.3903248,4.658739,5.28843,776.1827,647.8909,699.0994,2721.4077,2022.308273730469,validation
2026-01-25 12:45:00,ZONE_A,998.677383825944,783.36475,656.6944,665.0149,0.0,3.999143,4.386604,1.118302,787.3639,661.081,666.1332,2722.6245,2056.4913212890624,validation
2026-01-25 13:00:00,ZONE_A,997.7958252578592,831.5216,760.30786,707.92224,0.0,3.653932,5.4602427,3.3966408,835.17554,765.7681,711.3189,2721.728,2010.4090913085938,validation
2026-01-25 13:15:00,ZONE_A,983.8669820567472,837.93176,750.7365,729.9995,0.0,0.80161846,4.889479,1.1512259,838.7334,755.626,731.15076,2710.584,1979.4332431640623,validation
2026-01-25 13:30:00,ZONE_A,1001.6798355100392,889.30835,839.88336,727.2925,1.0678114527531888,2.4734957,5.244521,3.1368546,891.78186,845.12787,730.4293,2721.115,1990.6856787109373,validation
2026-01-25 13:45:00,ZONE_A,945.4905397381284,878.8941,837.06055,702.85913,0.3770012357739363,3.9327729,4.16995,1.8330338,882.8269,841.23047,704.69214,2716.885,2012.1928613281252,validation
2026-01-25 14:00:00,ZONE_A,899.9349084745398,903.5759,843.9312,724.9181,0.0,0.0,3.5272524,6.3457055,903.5759,847.4585,731.2638,2711.0667,1979.8029060546874,validation
2026-01-25 14:15:00,ZONE_A,880.5671079880451,819.34015,779.70526,622.0381,0.0,2.1533618,4.998347,6.0431924,821.4935,784.7036,628.0813,2711.6636,2083.582301171875,validation
2026-01-25 14:30:00,ZONE_A,833.5924565266611,771.94574,769.1729,642.9147,1.4781309721781588,1.0101476,4.183924,1.0908267,772.9559,773.3568,644.0055,2710.5608,2066.5553068359377,validation
2026-01-25 14:45:00,ZONE_A,805.0442295001453,727.7251,679.40875,582.948,3.550410839313757,4.943301,4.592203,0.8873694,732.6684,684.001,583.8354,2719.6248,2135.7894118164063,validation
2026-01-25 15:00:00,ZONE_A,757.4573596639932,687.5914,667.04767,537.3972,9.13033996327819,9.370964,10.33917,5.6646166,696.96234,677.38684,543.0618,2816.754,2273.6921713867187,validation
2026-01-25 15:15:00,ZONE_A,696.776608909854,659.42474,583.34235,493.36328,7.967325102914745,7.3199697,9.310888,6.2217894,666.7447,592.65326,499.58508,2802.8354,2303.2503169921874,validation
2026-01-25 15:30:00,ZONE_A,626.3924059775456,580.75006,532.37396,413.3124,5.226289263302966,5.968224,5.250561,3.3529968,586.71826,537.6245,416.6654,2787.2954,2370.6299947265625,validation
2026-01-25 15:45:00,ZONE_A,594.2354884824872,547.69147,481.1893,356.92474,2.5311083484087584,1.8320045,6.763037,6.4109335,549.5235,487.95233,363.33566,2796.1204,2432.784737158203,validation
2026-01-25 16:00:00,ZONE_A,537.8416057311063,475.89273,410.06622,308.51157,2.370634509903641,3.7256927,0.01843598,4.4335504,479.6184,410.08466,312.94513,2803.7349,2490.7897706054687,validation
2026-01-25 16:15:00,ZONE_A,471.56638161585306,411.9719,336.41223,191.87225,2.0819069248104705,2.03366,1.5378085,0.82498956,414.00555,337.95004,192.69725,2803.6611,2610.963849633789,validation
2026-01-25 16:30:00,ZONE_A,417.4979670039379,350.26416,295.73306,148.55563,2.711179574131408,1.290438,2.4272757,3.1293962,351.5546,298.16034,151.68503,2809.3916,2657.706571923828,validation
2026-01-25 16:45:00,ZONE_A,345.2781136735265,281.21402,212.344,79.67787,2.3130709384335315,3.6858656,3.135233,1.3773932,284.89987,215.47923,81.05527,2801.6519,2720.5966326660155,validation
2026-01-25 17:00:00,ZONE_A,266.4024772614591,200.29161,139.26886,9.5671015,2.004665738749799,0.0,3.4086766,0.0,200.29161,142.67754,9.5671015,2802.6418,2793.074698521423,validation
2026-01-25 17:15:00,ZONE_A,192.8539744715047,132.08984,69.48655,0.0,0.0,0.0,1.337628,0.0,132.08984,70.82418,0.0,2820.448,2820.448,validation
2026-01-25 17:30:00,ZONE_A,133.7455292228918,69.18064,3.3213437,1.1138072,2.452772781443564,0.0,1.5378085,0.0,69.18064,4.8591523,1.1138072,2815.5063,2814.3924927986145,validation
2026-01-25 17:45:00,ZONE_A,67.38318099017475,0.0,0.0,9.917515,2.6348557782014628,0.0,2.1394758,0.0,0.0,2.1394758,9.917515,2819.0403,2809.1227851989747,validation
2026-01-25 18:00:00,ZONE_A,0.0,0.0,2.3729916,9.584102,2.160797270458682,3.2998896,1.4395001,0.17046846,3.2998896,3.8124917,9.75457,2817.076,2807.321429992676,validation
2026-01-25 18:15:00,ZONE_A,0.0,0.0,0.39167896,11.445031,0.0,4.168486,1.8861755,0.17046846,4.168486,2.2778544,11.6154995,2810.258,2798.64250050354,validation
2026-01-25 18:30:00,ZONE_A,0.0,0.0,1.1889105,9.990966,0.0,1.1136094,1.8464425,0.0,1.1136094,3.035353,9.990966,2817.377,2807.3860341567993,validation
2026-01-25 18:45:00,ZONE_A,0.0,0.0,0.0,2.2964327,0.0,2.113198,2.1293323,0.16564836,2.113198,2.1293323,2.4620812,2809.9026,2807.440518806076,validation
2026-01-25 19:00:00,ZONE_A,0.0,0.0,2.3702557,2.4931965,1.6224001040152605,2.7926483,1.9839678,0.16564836,2.7926483,4.3542233,2.658845,2809.5957,2806.936855052185,validation
2026-01-25 19:15:00,ZONE_A,0.0,0.0,0.0,14.906489,0.0,4.168486,1.8861755,1.791838,4.168486,1.8861755,16.698328,2817.6257,2800.9273719818116,validation
2026-01-25 19:30:00,ZONE_A,0.0,0.0,0.0,3.0898368,0.0,2.3928704,1.429848,3.9000957,2.3928704,1.429848,6.9899325,2824.5752,2817.5852674629214,validation
2026-01-25 19:45:00,ZONE_A,0.0,0.0,0.16974564,2.7463412,1.7801139118777043,3.5451727,2.7017195,2.4153788,3.5451727,2.8714652,5.1617203,2811.4897,2806.327979724121,validation
2026-01-25 20:00:00,ZONE_A,0.0,0.0,0.1719329,8.147168,2.0399198160452547,2.7051115,3.1784241,0.4881224,2.7051115,3.350357,8.63529,2664.4358,2655.800509854126,validation
2026-01-25 20:15:00,ZONE_A,0.0,0.0,0.0,8.450064,9.300470223438271,10.258167,9.54625,6.970446,10.258167,9.54625,15.420509,2672.5999,2657.1793906616213,validation
2026-01-25 20:30:00,ZONE_A,0.0,0.0,0.0,8.450064,10.605498491630408,12.473358,10.359851,10.796255,12.473358,10.359851,19.246319,2640.7039,2621.4575811828613,validation
2026-01-25 20:45:00,ZONE_A,0.0,0.0,0.0,4.3919716,3.209066766683112,2.646153,4.2111554,3.6482866,2.646153,4.2111554,8.040258,2626.533,2618.492741592407,validation
2026-01-25 21:00:00,ZONE_A,0.0,0.017419353,0.17400652,4.4643598,4.688767314117971,4.656814,2.646813,4.0762734,4.6742334,2.8208194,8.540633,2589.5496,2581.0089667984007,validation
2026-01-25 21:15:00,ZONE_A,0.0,0.0780633,0.0,5.6783915,5.734488362567021,5.807894,3.857217,4.633156,5.8859577,3.857217,10.311547,2553.9546,2543.643052720642,validation
2026-01-25 21:30:00,ZONE_A,0.0,0.40319476,0.0,5.6783915,3.255897290541139,3.7533116,3.2503107,4.244399,4.1565065,3.2503107,9.922791,2526.8254,2516.9026094726564,validation
2026-01-25 21:45:00,ZONE_A,0.0,0.25111786,0.0,5.334896,5.59931757235646,5.0670013,1.2996516,4.587193,5.318119,1.2996516,9.922089,2465.3647,2455.442611376953,validation
2026-01-25 22:00:00,ZONE_A,0.0,0.48650235,0.0,5.851272,0.0,2.6409922,3.3901162,3.2884948,3.1274946,3.3901162,9.139767,2452.643,2443.503233306885,validation
2026-01-25 22:15:00,ZONE_A,0.0,0.26093024,0.0,1.8519331,2.9745132887088928,0.82507205,1.9878283,1.4626135,1.0860023,1.9878283,3.3145466,2413.5376,2410.223053414917,validation
2026-01-25 22:30:00,ZONE_A,0.0,0.26093024,0.0,5.7002907,0.4189847403055482,2.7268624,2.501539,2.3375008,2.9877927,2.501539,8.037791,2372.1301,2364.0923087478636,validation
2026-01-25 22:45:00,ZONE_A,0.0,0.16274098,0.32335672,1.6188521,0.0,1.9249686,1.5406945,3.5889885,2.0877097,1.8640512,5.207841,2393.7954,2388.5875590805053,validation
2026-01-25 23:00:00,ZONE_A,0.0,0.47637594,0.6517558,5.650012,0.0,2.6409922,2.501539,3.1147687,3.1173682,3.1532948,8.764781,2335.5962,2326.83141900177,validation
2026-01-25 23:15:00,ZONE_A,0.0,0.44542554,0.01123031,8.810714,0.0,2.6409922,2.501539,3.1147687,3.0864177,2.5127692,11.925483,2342.37,2330.444517250061,validation
2026-01-25 23:30:00,ZONE_A,0.0,0.44542554,0.06147375,1.8519331,0.0,2.7268624,1.5950375,3.5515926,3.172288,1.6565112,5.403526,2307.818,2302.414474170685,validation
2026-01-25 23:45:00,ZONE_A,0.0,0.42548677,0.3047299,1.1791896,0.0,1.4182186,1.5950375,2.6674025,1.8437054,1.8997674,3.846592,2320.3887,2316.542108050537,validation
2026-01-26 00:00:00,ZONE_A,0.0,0.31043863,0.0,0.0,0.0,3.9207344,3.2348063,4.904848,4.231173,3.2348063,4.904848,2324.6562,2319.751351901245,validation
2026-01-26 00:15:00,ZONE_A,0.0,0.22437042,0.0,0.0,0.0,3.6746843,3.272759,4.715965,3.8990548,3.272759,4.715965,2311.4883,2306.772335205841,validation
2026-01-26 00:30:00,ZONE_A,0.0,0.40886563,0.0,0.5352127,0.0,6.037641,2.9585528,3.9809456,6.4465065,2.9585528,4.516158,2309.995,2305.478841896057,validation
2026-01-26 00:45:00,ZONE_A,0.0,0.20443171,1.0552344,1.3491126,0.0,4.278807,2.9585528,3.9809456,4.4832387,4.0137873,5.330058,2309.993,2304.6629419021606,validation
2026-01-26 01:00:00,ZONE_A,0.0,0.20582226,0.7283592,32.746696,0.0,5.632752,2.8676357,2.935595,5.8385744,3.595995,35.682293,2302.1355,2266.4532070617674,validation
2026-01-26 01:15:00,ZONE_A,0.0,0.0,0.0,0.0,0.0,3.066144,3.2348063,4.5847864,3.066144,3.2348063,4.5847864,2308.935,2304.3502135849,validation
2026-01-26 01:30:00,ZONE_A,0.0,0.041503515,0.0,0.36773103,1.1680460096523502,4.273489,3.0366852,13.258979,4.3149924,3.0366852,13.62671,2310.8406,2297.2138900619507,validation
2026-01-26 01:45:00,ZONE_A,0.0,0.16220094,1.2293544,0.61820364,0.0,6.109664,3.0421958,8.986294,6.271865,4.27155,9.604498,2299.557,2289.952502090454,validation
2026-01-26 02:00:00,ZONE_A,0.0,0.34645838,0.0,0.0,0.0,3.747292,7.0958486,4.953437,4.0937505,7.0958486,4.953437,2306.5066,2301.5531631484987,validation
2026-01-26 02:15:00,ZONE_A,0.0,0.0,0.0,0.0,6.198530891140402,7.6422153,8.212006,10.855543,7.6422153,8.212006,10.855543,2303.4287,2292.5731568634033,validation
2026-01-26 02:30:00,ZONE_A,0.0,0.14611992,0.0,0.0,17.07972393003188,24.867811,14.101485,15.985254,25.013931,14.101485,15.985254,2294.813,2278.8277457122804,validation
2026-01-26 02:45:00,ZONE_A,0.0,0.0,1.1064248,1.1816306,5.208817353709506,7.596464,5.8035064,7.1281257,7.596464,6.909931,8.309756,2294.3423,2286.032543721008,validation
2026-01-26 03:00:00,ZONE_A,0.0,0.33810687,0.0,0.0,7.0036802794960105,9.972601,8.93389,10.211201,10.310708,8.93389,10.211201,2300.4722,2290.260999285889,validation
2026-01-26 03:15:00,ZONE_A,0.0,0.041503515,0.0,0.0,7.097689642302895,12.263551,4.8835907,10.901607,12.305055,4.8835907,10.901607,2292.9363,2282.0346934402464,validation
2026-01-26 03:30:00,ZONE_A,0.0,0.0,0.0,0.5352127,12.808157149985137,15.979585,9.248302,10.051573,15.979585,9.248302,10.586785,2293.7217,2283.1349146835328,validation
2026-01-26 03:45:00,ZONE_A,0.0,0.0,0.9761549,1.4377441,7.531253914309364,9.914523,6.2278733,10.434265,9.914523,7.204028,11.872009,2292.8062,2280.9341907226562,validation
2026-01-26 04:00:00,ZONE_A,0.0,0.14763296,0.0,0.0,3.545830093776376,6.091954,1.6230975,4.960879,6.2395873,1.6230975,4.960879,2292.5828,2287.6219211509706,validation
2026-01-26 04:15:00,ZONE_A,0.0,0.0,0.0,0.0,1.6462807493243004,4.3566427,0.79660344,4.1963134,4.3566427,0.79660344,4.1963134,2292.7031,2288.506786618805,validation
2026-01-26 04:30:00,ZONE_A,0.0,0.0,0.0,0.5570134,0.0,3.9500794,0.28221625,4.60679,3.9500794,0.28221625,5.1638036,2287.471,2282.307196422577,validation
2026-01-26 04:45:00,ZONE_A,0.0,0.0,1.5227906,1.370913,2.225447259231897,5.4531393,1.5792973,4.8792562,5.4531393,3.102088,6.2501693,2309.7568,2303.506630722809,validation
2026-01-26 05:00:00,ZONE_A,0.0,3.6390142,0.0,0.0,0.0,2.370282,0.026201548,3.2663407,6.0092964,0.026201548,3.2663407,2584.2847,2581.0183592674257,validation
2026-01-26 05:15:00,ZONE_A,0.0,0.0,0.0,0.0,0.0,3.0802443,0.36768457,3.2663407,3.0802443,0.36768457,3.2663407,2595.1902,2591.9238592674255,validation
2026-01-26 05:30:00,ZONE_A,0.0,0.0,0.0,0.5570134,0.0,3.9500794,0.5964228,3.9147842,3.9500794,0.5964228,4.4717975,2608.9888,2604.517002533722,validation
2026-01-26 05:45:00,ZONE_A,0.0,0.0,1.6717054,1.6869285,0.0,4.1955447,0.35803407,3.9147842,4.1955447,2.0297394,5.6017127,2624.0615,2618.459787296295,validation
2026-01-26 06:00:00,ZONE_A,0.0,5.0037336,6.678323,37.856224,0.0,5.6155643,0.40456522,8.911994,10.619298,7.082888,46.76822,2644.6968,2597.9285810058595,validation
2026-01-26 06:15:00,ZONE_A,0.0,0.0,0.82920426,29.541452,0.0,2.9775162,0.36768457,3.2663407,2.9775162,1.1968888,32.807793,2669.2004,2636.392607336426,validation
2026-01-26 06:30:00,ZONE_A,0.0,0.0,6.616763,59.869896,0.0,3.063386,0.14781961,3.2663407,3.063386,6.7645826,63.13624,2768.357,2705.2207619018554,validation
2026-01-26 06:45:00,ZONE_A,0.0,2.7147844,26.00731,99.305984,0.0,2.6872454,0.3949356,3.2663407,5.40203,26.402246,102.57233,2785.035,2682.4626733398436,validation
2026-01-26 07:00:00,ZONE_A,0.0,36.930027,72.71751,162.2056,2.198857617301793,3.8030708,0.0,3.0203385,40.733097,72.71751,165.22594,2816.238,2651.0120631103514,validation
2026-01-26 07:15:00,ZONE_A,53.7262353892604,87.27963,143.00388,229.75911,3.5094342197654087,4.885633,1.6654274,3.6276474,92.16527,144.6693,233.38675,2857.924,2624.537250732422,validation
2026-01-26 07:30:00,ZONE_A,102.14403613263904,139.51828,148.00009,271.8359,1.570837986357023,3.3302693,0.08760872,2.5975018,142.84856,148.0877,274.4334,2893.6946,2619.2611893554686,validation
2026-01-26 07:45:00,ZONE_A,158.02523174668548,200.71948,266.40665,269.65628,0.0,3.8965018,0.0,3.9024236,204.61598,266.40665,273.55872,2935.5554,2661.9966841796877,validation
2026-01-26 08:00:00,ZONE_A,204.22251294707203,243.51703,311.04465,346.47147,0.0,2.8564448,1.0372859,3.1923752,246.37347,312.08194,349.66385,2976.8604,2627.196551123047,validation
2026-01-26 08:15:00,ZONE_A,257.0571053977834,299.6053,325.08826,378.377,0.0,2.0270393,0.14781961,3.1923752,301.63232,325.23608,381.5694,2986.445,2604.875603027344,validation
2026-01-26 08:30:00,ZONE_A,296.2874419364224,337.66922,355.21317,360.50012,0.0,1.920317,1.3923283,3.5266066,339.58954,356.6055,364.02673,3047.2195,2683.1927666015627,validation
2026-01-26 08:45:00,ZONE_A,333.0565548734941,356.25726,387.45145,390.76306,0.0,3.4828167,1.0372859,3.0203385,359.74008,388.48874,393.7834,3054.3733,2660.5899137695314,validation
2026-01-26 09:00:00,ZONE_A,361.5816797401351,393.67145,420.37042,515.6401,0.0,0.0,0.18666151,2.2239602,393.67145,420.5571,517.864,2728.0063,2210.142286328125,validation
2026-01-26 09:15:00,ZONE_A,358.5642687014966,371.0791,415.11038,481.56503,0.0,4.201551,1.3321173,3.7824824,375.28064,416.4425,485.3475,2702.9912,2217.6436963378906,validation
2026-01-26 09:30:00,ZONE_A,336.2212666325534,362.5961,423.2379,456.12265,0.0,3.6753964,1.9021531,4.9551315,366.27148,425.14008,461.0778,2744.5327,2283.4549106933596,validation
2026-01-26 09:45:00,ZONE_A,370.3743944416385,402.4489,449.428,542.6441,0.0,3.0678673,1.5471106,4.5132093,405.51678,450.97513,547.1573,2737.2449,2190.087612402344,validation
2026-01-26 10:00:00,ZONE_A,474.5118458863829,504.7266,527.79974,532.4553,0.0,2.6687715,0.0,4.837898,507.39536,527.79974,537.2932,2713.6057,2176.312487109375,validation
2026-01-26 10:15:00,ZONE_A,481.35007117757306,508.88522,551.57275,581.3242,0.0,1.199015,0.14775833,0.0,510.08423,551.7205,581.3242,2732.981,2151.65678125,validation
2026-01-26 10:30:00,ZONE_A,526.6023688359247,541.892,568.25256,623.1451,0.0,4.1369753,1.0372859,4.0889783,546.029,569.28986,627.2341,2719.4304,2092.1963301757814,validation
2026-01-26 10:45:00,ZONE_A,572.0219810968183,607.7141,616.9184,586.8234,0.0,4.550381,0.9698692,3.9412947,612.26447,617.88824,590.7647,2710.7676,2120.002890527344,validation
2026-01-26 11:00:00,ZONE_A,592.1815623711552,607.8296,631.0848,698.9123,0.8200720068377256,0.9311264,1.3923283,5.8175735,608.76074,632.4771,704.72986,2710.1428,2005.4129416015626,validation
2026-01-26 11:15:00,ZONE_A,630.3321664028833,651.308,651.4357,650.5965,0.7784096040978196,2.8831704,0.18666151,2.7932491,654.19116,651.6224,653.3898,2725.211,2071.8212294921873,validation
2026-01-26 11:30:00,ZONE_A,625.1254705532725,615.78455,694.72815,628.61255,1.0624322828315302,2.5305846,1.1201313,2.6212125,618.3151,695.84827,631.23376,2711.0195,2079.7857353515624,validation
2026-01-26 11:45:00,ZONE_A,688.65181549251,714.8878,704.77576,729.1158,1.0433587965984683,2.265736,1.3923283,3.9412947,717.15356,706.1681,733.05707,2716.3574,1983.3003321289061,validation
2026-01-26 12:00:00,ZONE_A,760.2786842224494,763.3664,763.94446,750.0774,0.0,1.9978967,0.9633835,4.762469,765.3643,764.90784,754.83984,2696.5188,1941.6789562499998,test
2026-01-26 12:15:00,ZONE_A,737.0648945221509,732.71124,760.37256,818.1163,0.0,1.0059813,1.0440772,2.493763,733.7172,761.4166,820.61005,2713.9275,1893.317453613281,test
2026-01-26 12:30:00,ZONE_A,732.2248395306116,742.85156,763.8207,778.4959,0.0,0.112065285,0.18666151,2.3802269,742.9636,764.0073,780.87616,2700.392,1919.515840332031,test
2026-01-26 12:45:00,ZONE_A,693.1283811968879,703.34375,737.9989,766.6274,0.0,2.9193208,0.18666151,5.4776697,706.26306,738.18555,772.10504,2708.5784,1936.4733584960936,test
2026-01-26 13:00:00,ZONE_A,719.1197444879142,759.69653,696.1603,679.86035,0.0,1.9049988,1.0057372,3.8122067,761.60156,697.166,683.67255,2707.5208,2023.848253613281,test
2026-01-26 13:15:00,ZONE_A,740.4074208788917,715.8253,732.6971,730.8666,0.0,3.6705842,0.0,3.0632873,719.4959,732.6971,733.9299,2696.8281,1962.8982293945314,test
2026-01-26 13:30:00,ZONE_A,748.6968538664661,766.1893,747.25287,729.68005,0.0,4.962577,0.5918596,3.5065584,771.15186,747.8447,733.1866,2699.0967,1965.9101155273438,test
2026-01-26 13:45:00,ZONE_A,713.9392987513413,738.8504,704.7578,688.63544,0.0,2.0123293,0.0,4.755933,740.86273,704.7578,693.39136,2728.5315,2035.140142578125,test
2026-01-26 14:00:00,ZONE_A,662.6840056521693,643.5488,649.7277,568.6897,0.0,3.826098,1.4542435,2.192431,647.37494,651.18195,570.88214,2727.984,2157.1018588867187,test
2026-01-26 14:15:00,ZONE_A,691.3545746296232,666.0503,640.3085,602.3923,0.0,4.216449,0.0,2.192431,670.2667,640.3085,604.5847,2721.7166,2117.131883203125,test
2026-01-26 14:30:00,ZONE_A,662.7966556406468,630.41565,630.8448,533.5363,0.0,2.8699377,0.3767307,3.8560166,633.2856,631.2215,537.39233,2722.5745,2185.182166015625,test
2026-01-26 14:45:00,ZONE_A,676.0738245341831,636.8519,608.21423,526.4833,0.0,2.8967052,0.0,2.1620417,639.74866,608.21423,528.6453,2717.6643,2189.0189752929687,test
2026-01-26 15:00:00,ZONE_A,678.4178360056809,644.62427,625.42316,568.76056,0.0,3.826098,0.0,1.6287227,648.4504,625.42316,570.3893,2804.4905,2234.1012177734374,test
2026-01-26 15:15:00,ZONE_A,600.696556273773,556.3139,507.86798,423.94162,0.0,2.913563,0.0,2.4835825,559.2275,507.86798,426.4252,2810.5205,2384.0952985839845,test
2026-01-26 15:30:00,ZONE_A,554.6072671983923,528.02026,494.54282,398.1787,0.0,3.2999444,0.0,1.9124196,531.3202,494.54282,400.09113,2816.6077,2416.5165745117188,test
2026-01-26 15:45:00,ZONE_A,505.9222598769615,447.3523,407.67673,320.5994,0.0,4.521728,0.6195073,1.463815,451.87402,408.29623,322.0632,2816.0615,2493.998298095703,test
2026-01-26 16:00:00,ZONE_A,435.1392335886129,398.13934,336.09207,228.39099,0.0,0.0,0.0,1.8760555,398.13934,336.09207,230.26704,2824.8477,2594.580655932617,test
2026-01-26 16:15:00,ZONE_A,388.7993655620359,339.40375,289.34958,187.5687,0.0,0.11964482,0.0,1.5218515,339.5234,289.34958,189.09055,2830.9973,2641.906754345703,test
2026-01-26 16:30:00,ZONE_A,344.26189826888816,301.33972,260.01596,144.83136,0.0,1.0921215,0.0,2.9748242,302.43185,260.01596,147.80618,2830.1528,2682.3466171386717,test
2026-01-26 16:45:00,ZONE_A,267.3343039824175,218.86519,183.86728,69.05882,0.0,0.6940692,0.054433882,3.8108482,219.55927,183.9217,72.869675,2838.0288,2765.159125317383,test
2026-01-26 17:00:00,ZONE_A,217.38899000932008,166.04594,107.52507,6.849862,0.0,0.0,0.0,0.0,166.04594,107.52507,6.849862,2841.1165,2834.2666379013062,test
2026-01-26 17:15:00,ZONE_A,157.6905916718468,107.01445,58.490757,0.0,0.0,0.0,0.0,0.0,107.01445,58.490757,0.0,2810.994,2810.994,test
2026-01-26 17:30:00,ZONE_A,102.23955410653012,48.607635,8.996352,0.0,0.0,1.3476875,0.0,0.0,49.955322,8.996352,0.0,2832.664,2832.664,test
2026-01-26 17:45:00,ZONE_A,55.80633745772721,7.678379,0.0,0.0,0.0,0.0,0.0,0.0,7.678379,0.0,0.0,2851.5127,2851.5127,test
2026-01-26 18:00:00,ZONE_A,0.0,0.0,0.35696223,3.7031233,0.0,0.9133994,0.0,0.0,0.9133994,0.35696223,3.7031233,2845.7344,2842.03127666893,test
2026-01-26 18:15:00,ZONE_A,0.0,0.0,0.0,0.0,0.0,1.455572,0.0,0.0,1.455572,0.0,0.0,2850.4727,2850.4727,test
2026-01-26 18:30:00,ZONE_A,0.0,1.1968086,1.2062993,2.197327,0.0,1.0010388,0.0,0.0,2.1978474,1.2062993,2.197327,2835.2092,2833.011873101425,test
2026-01-26 18:45:00,ZONE_A,0.0,0.0,0.0,0.0,0.0,0.032141156,0.0,0.0,0.032141156,0.0,0.0,2829.5547,2829.5547,test
2026-01-26 19:00:00,ZONE_A,0.0,5.472173,4.655514,0.0,0.0,1.5198206,0.0,0.0,6.991994,4.655514,0.0,2830.461,2830.461,test
2026-01-26 19:15:00,ZONE_A,0.0,0.0,0.0,0.0,0.0,0.0,0.0,0.0,0.0,0.0,0.0,2820.309,2820.309,test
2026-01-26 19:30:00,ZONE_A,0.0,0.10748687,1.629026,0.0,0.0,2.48524,0.0,0.0,2.592727,1.629026,0.0,2815.8877,2815.8877,test
2026-01-26 19:45:00,ZONE_A,0.0,0.0,0.19102758,0.0,0.0,1.244735,0.0,0.50981015,1.244735,0.19102758,0.50981015,2808.7556,2808.2457898503303,test
2026-01-26 20:00:00,ZONE_A,0.0,5.6161036,0.8167394,0.0,0.0,1.6290144,0.0,1.0514652,7.245118,0.8167394,1.0514652,2683.0723,2682.0208348463057,test
2026-01-26 20:15:00,ZONE_A,0.0,0.0,0.0,0.0,0.0,0.0,0.0,0.0,0.0,0.0,0.0,2662.2705,2662.2705,test
2026-01-26 20:30:00,ZONE_A,0.0,0.0,0.0,0.0,0.0,0.0,0.0,0.09697878,0.0,0.0,0.09697878,2640.4238,2640.3268212163925,test
2026-01-26 20:45:00,ZONE_A,0.0,0.0,0.0,0.0,0.0,1.4052844,0.0,0.8668094,1.4052844,0.0,0.8668094,2627.5833,2626.7164905722616,test
2026-01-26 21:00:00,ZONE_A,0.0,0.27907825,0.17400652,0.0,0.4195685219578864,1.0800561,0.0,0.20296493,1.3591343,0.17400652,0.20296493,2572.8335,2572.6305350682737,test
2026-01-26 21:15:00,ZONE_A,0.0,0.0780633,0.0,0.0,2.9645825917803474,1.9637519,0.037256867,0.50981015,2.0418153,0.037256867,0.50981015,2542.3699,2541.8600898503305,test
2026-01-26 21:30:00,ZONE_A,0.0,0.0780633,0.0,0.0015145764,0.0,0.9844826,0.0,0.4070112,1.0625459,0.0,0.4085258,2516.126,2515.7174742052557,test
2026-01-26 21:45:00,ZONE_A,0.0,0.0,0.0,0.0,0.0,1.2379494,0.0,0.24716693,1.2379494,0.0,0.24716693,2473.3965,2473.1493330683707,test
2026-01-26 22:00:00,ZONE_A,0.0,0.24447078,0.043736555,0.0,0.0,1.2473911,0.0,1.316406,1.4918618,0.043736555,1.316406,2447.788,2446.4715939884186,test
2026-01-26 22:15:00,ZONE_A,0.0,0.019874059,0.0,0.062242642,0.0,0.81273055,0.0,0.0,0.8326046,0.0,0.062242642,2413.9607,2413.898457357955,test
2026-01-26 22:30:00,ZONE_A,0.0,0.019874059,0.0,0.0,0.0,1.3332614,0.0,1.316406,1.3531355,0.0,1.316406,2370.044,2368.7275939884184,test
2026-01-26 22:45:00,ZONE_A,0.0,0.0,0.08332767,0.0,0.0,1.4052844,0.0,0.0,1.4052844,0.08332767,0.0,2344.2388,2344.2388,test
2026-01-26 23:00:00,ZONE_A,0.0,0.29350898,0.4608844,0.2835945,0.0,1.1827843,0.0,1.5087212,1.4762933,0.4608844,1.7923157,2326.9443,2325.1519842784883,test
2026-01-26 23:15:00,ZONE_A,0.0,0.0780633,0.0,0.88676167,0.0,1.8430675,0.0,2.277601,1.9211308,0.0,3.1643627,2350.6282,2347.463837331009,test
2026-01-26 23:30:00,ZONE_A,0.0,0.0,0.0,1.0292095,0.0,1.6526353,0.0,0.2002101,1.6526353,0.0,1.2294196,2322.9106,2321.6811804109575,test
2026-01-26 23:45:00,ZONE_A,0.0,0.0,0.0,0.0,0.0,2.4819689,0.0,3.4503725,2.4819689,0.0,3.4503725,2317.8606,2314.4102275424957,test
2026-01-27 00:00:00,ZONE_A,0.0,0.14763296,0.048037954,0.0,0.0,0.57213944,1.8852184,0.3572716,0.7197724,1.9332564,0.3572716,2309.134,2308.7767283883095,test
2026-01-27 00:15:00,ZONE_A,0.0,0.18213968,0.0,0.0,0.0,1.7468041,1.7613065,4.7717276,1.9289438,1.7613065,4.7717276,2291.5178,2286.7460724380494,test
2026-01-27 00:30:00,ZONE_A,0.0,0.0,0.0,0.5570134,0.0,1.3104526,1.7992594,1.1395324,1.3104526,1.7992594,1.6965458,2299.1545,2297.4579541606904,test
2026-01-27 00:45:00,ZONE_A,0.0,0.12041798,0.9761549,1.3219323,0.0,1.9046974,1.7613065,3.8830633,2.0251155,2.7374616,5.2049956,2299.6536,2294.4486043678285,test
2026-01-27 01:00:00,ZONE_A,0.0,0.06394111,0.0,0.0,0.0,1.7468041,1.7613065,2.0498376,1.8107452,1.7613065,2.0498376,2298.2625,2296.212662410736,test
2026-01-27 01:15:00,ZONE_A,0.0,0.14035666,0.0,0.0,0.0,1.5733618,1.7613065,1.5081828,1.7137184,1.7613065,1.5081828,2297.7024,2296.194217235947,test
2026-01-27 01:30:00,ZONE_A,0.0,0.0,0.0,2.2878883,0.0,1.8326744,0.8004612,2.405475,1.8326744,0.8004612,4.693363,2296.6587,2291.9653368103027,test
2026-01-27 01:45:00,ZONE_A,0.0,0.12041798,1.1064248,1.370913,0.0,2.0357633,1.8852184,1.8944883,2.1561813,2.9916432,3.2654014,2299.3252,2296.0597986366274,test
2026-01-27 02:00:00,ZONE_A,0.0,0.20582226,1.1044809,0.0,0.0,0.8912753,2.1442747,2.9104214,1.0970975,3.2487555,2.9104214,2301.327,2298.4165786285403,test
2026-01-27 02:15:00,ZONE_A,0.0,0.0,0.0,0.0,0.0,3.6325755,0.59915507,1.5418197,3.6325755,0.59915507,1.5418197,2291.7783,2290.236480308342,test
2026-01-27 02:30:00,ZONE_A,0.0,0.0,0.0,0.5570134,0.0,0.6557206,0.7550873,1.1600008,0.6557206,0.7550873,1.7170142,2291.6018,2289.884785806465,test
2026-01-27 02:45:00,ZONE_A,0.0,0.0,1.0515802,1.1816306,0.0,2.021614,1.6389569,0.32581756,2.021614,2.690537,1.5074482,2300.3987,2298.891251803589,test
2026-01-27 03:00:00,ZONE_A,0.0,0.11394139,0.0,0.0,0.0,1.7468041,1.5631847,2.0577793,1.8607455,1.5631847,2.0577793,2292.8777,2290.819920687866,test
2026-01-27 03:15:00,ZONE_A,0.0,0.0,0.0,0.0,0.0,3.0661178,0.59915507,7.9386044,3.0661178,0.59915507,7.9386044,2303.701,2295.7623956451416,test
2026-01-27 03:30:00,ZONE_A,0.0,0.0,0.0,0.5352127,0.0,1.8336118,0.59915507,0.57297647,1.8336118,0.59915507,1.1081891,2297.2708,2296.1626108940122,test
2026-01-27 03:45:00,ZONE_A,0.0,0.0,1.2159804,1.1816306,0.0,2.628035,1.4408361,0.15015902,2.628035,2.6568165,1.3317896,2297.628,2296.29621038723,test
2026-01-27 04:00:00,ZONE_A,0.0,0.5309537,0.0,0.0,0.0,1.6902784,0.10807231,0.15015902,2.2212322,0.10807231,0.15015902,2298.6892,2298.5390409837482,test
2026-01-27 04:15:00,ZONE_A,0.0,0.041503515,0.0,0.0,0.0,2.1223197,0.59915507,2.179168,2.1638231,0.59915507,2.179168,2298.1829,2296.0037320140837,test
2026-01-27 04:30:00,ZONE_A,0.0,0.041503515,0.87457514,0.9892724,0.0,2.3825698,0.59915507,4.5648546,2.4240732,1.4737302,5.554127,2308.7449,2303.190772783661,test
2026-01-27 04:45:00,ZONE_A,0.0,0.021564808,0.9761549,1.0684708,0.0,2.021614,1.714775,0.15015902,2.0431788,2.69093,1.2186298,2334.3472,2333.128570162964,test
2026-01-27 05:00:00,ZONE_A,0.0,0.04877977,0.0,0.0,0.0,1.6902784,0.10807231,0.15015902,1.7390581,0.10807231,0.15015902,2557.717,2557.5668409837485,test
2026-01-27 05:15:00,ZONE_A,0.0,0.0,0.0,3.4546216,0.0,2.295762,0.59915507,2.2298162,2.295762,0.59915507,5.6844378,2596.07,2590.38556224823,test
2026-01-27 05:30:00,ZONE_A,0.0,0.0,1.2465483,31.599031,0.0,1.7761487,0.47680637,0.9331468,1.7761487,1.7233547,32.532177,2617.99,2585.4578230285642,test
2026-01-27 05:45:00,ZONE_A,0.0,0.0,4.259307,2.0788302,0.0,2.628035,2.1442747,0.57297647,2.628035,6.4035816,2.6518068,2611.7004,2609.0485931686403,test
2026-01-27 06:00:00,ZONE_A,0.0,9.971198,6.0512094,44.449474,0.0,1.7180805,0.79135936,0.0,11.689279,6.842569,44.449474,2671.7417,2627.2922256652832,test
2026-01-27 06:15:00,ZONE_A,0.0,1.4324452,20.490932,58.847298,0.0,1.3711529,0.28219888,0.11815584,2.803598,20.77313,58.965454,2701.7344,2642.7689458984373,test
2026-01-27 06:30:00,ZONE_A,0.0,0.0,5.3695035,80.93817,0.0,0.88945514,0.6224854,0.0,0.88945514,5.991989,80.93817,2719.136,2638.197828613281,test
2026-01-27 06:45:00,ZONE_A,0.0,0.0,17.017185,76.97649,0.0,0.45510784,1.2203043,0.433937,0.45510784,18.23749,77.41042,2778.1104,2700.6999767211914,test
2026-01-27 07:00:00,ZONE_A,0.0,42.725594,105.243996,180.21683,0.0,1.518337,0.34240958,3.6575258,44.24393,105.5864,183.87436,2800.363,2616.4886408691405,test
2026-01-27 07:15:00,ZONE_A,57.39394433370421,114.52807,154.12363,287.95697,0.0,1.4156089,0.34240958,0.0,115.94368,154.46603,287.95697,2844.6897,2556.732729785156,test
2026-01-27 07:30:00,ZONE_A,114.53182989248798,165.36244,218.35611,314.5111,0.0,1.4116148,1.7417014,0.0,166.77406,220.09781,314.5111,2881.789,2567.2778916015627,test
2026-01-27 07:45:00,ZONE_A,176.21509605658574,229.3014,286.72772,248.11751,0.0,0.6198696,0.28219888,0.0,229.92128,287.00992,248.11751,2941.253,2693.13549206543,test
2026-01-27 08:00:00,ZONE_A,236.4625604541356,292.04022,304.52493,389.97156,0.0,1.1772797,0.34240958,0.0,293.2175,304.86734,389.97156,3020.8994,2630.9278423828123,test
2026-01-27 08:15:00,ZONE_A,332.5138333156804,372.39325,443.95807,527.24634,0.0,0.80005926,0.58952564,0.35448277,373.1933,444.5476,527.6008,2998.4446,2470.843769921875,test
2026-01-27 08:30:00,ZONE_A,389.0520463357288,441.0252,454.47333,573.76447,0.0,0.69686276,1.2318757,0.0,441.72208,455.7052,573.76447,3049.447,2475.682534667969,test
2026-01-27 08:45:00,ZONE_A,403.4107951959599,444.22507,494.6832,549.2971,0.0,2.1134892,1.5267074,1.77302,446.33856,496.2099,551.0701,3039.005,2487.934870605469,test
2026-01-27 09:00:00,ZONE_A,444.3607087863149,477.48843,518.7649,509.66177,0.0,0.0,1.5869184,0.0,477.48843,520.3518,509.66177,2720.7454,2211.083626318359,test
2026-01-27 09:15:00,ZONE_A,448.46820746564646,498.8367,523.90063,566.5913,0.0,1.4156089,0.34240958,0.0,500.25232,524.24304,566.5913,2722.3752,2155.78389140625,test
2026-01-27 09:30:00,ZONE_A,459.8513627100152,485.27386,506.31787,581.31476,0.0,0.7453904,0.0,0.0,486.01926,506.31787,581.31476,2744.2043,2162.8895416992186,test
2026-01-27 09:45:00,ZONE_A,487.3192307577239,497.95956,532.3725,579.2207,0.0,1.5726931,1.2318757,0.0,499.53226,533.6044,579.2207,2740.5857,2161.364996875,test
2026-01-27 10:00:00,ZONE_A,447.5705903837953,469.3311,510.48694,487.6919,0.0,1.5448903,0.48259622,0.0,470.87598,510.96954,487.6919,2742.9792,2255.28730546875,test
2026-01-27 10:15:00,ZONE_A,463.6929778526484,488.5161,506.49905,479.5458,1.7554700559927645,0.70813787,0.0,0.0,489.22424,506.49905,479.5458,2754.1187,2274.5728931152344,test
2026-01-27 10:30:00,ZONE_A,501.8552374128104,517.21606,509.93707,557.8624,0.8861606545018433,0.0,0.0,0.0,517.21606,509.93707,557.8624,2718.4646,2160.6021732421873,test
2026-01-27 10:45:00,ZONE_A,498.71953946461696,510.37845,513.8491,519.1249,1.1394872874557131,0.19049251,0.0,0.51694983,510.56894,513.8491,519.64185,2714.572,2194.930154296875,test
2026-01-27 11:00:00,ZONE_A,464.0800125647305,484.5825,503.25122,536.6929,0.0,0.04749638,0.0,0.118676186,484.62997,503.25122,536.8115,2710.697,2173.8854765625,test
2026-01-27 11:15:00,ZONE_A,494.7134264178033,517.5946,511.2034,540.97687,0.0,0.0,0.0,0.0,517.5946,511.2034,540.97687,2738.9788,2198.0019323242186,test
2026-01-27 11:30:00,ZONE_A,535.6331536549742,550.9143,545.8955,586.58655,0.0,1.3088866,1.2085497,0.0,552.2232,547.10406,586.58655,2731.0261,2144.4395521484375,test
2026-01-27 11:45:00,ZONE_A,541.2863570527679,550.8463,545.433,545.2359,0.0,1.0091969,0.0,0.0,551.8555,545.433,545.2359,2708.0403,2162.804399121094,test
2026-01-27 12:00:00,ZONE_A,515.5762201054014,526.04047,534.4339,474.75833,0.0,0.88389677,0.0,3.4092414,526.9244,534.4339,478.16757,2750.9397,2272.7721279785155,test
2026-01-27 12:15:00,ZONE_A,481.24635497860055,501.28955,499.74982,505.07858,0.0,1.5758275,1.5869184,0.0,502.8654,501.33673,505.07858,2694.6526,2189.574017236328,test
2026-01-27 12:30:00,ZONE_A,542.36851439637,544.8343,515.55347,504.72253,0.0,1.3088866,0.9405482,0.0,546.1432,516.494,504.72253,2696.0315,2191.3089658203126,test
2026-01-27 12:45:00,ZONE_A,477.4058784032748,485.12988,475.67816,475.8397,0.0,1.1119252,0.0,0.0,486.24182,475.67816,475.8397,2682.2952,2206.4555088378906,test
2026-01-27 13:00:00,ZONE_A,478.5863803135935,469.87787,481.25397,433.2461,0.0,3.1215177,0.0,0.0,472.9994,481.25397,433.2461,2662.8206,2229.57450625,test
2026-01-27 13:15:00,ZONE_A,486.8479771117349,476.36856,491.97427,435.01315,0.0,0.0,0.0,0.0,476.36856,491.97427,435.01315,2731.9817,2296.968546923828,test
2026-01-27 13:30:00,ZONE_A,516.6020472702846,492.5591,480.2293,466.0531,0.0,5.212064,0.0,0.0,497.77118,480.2293,466.0531,2709.6616,2243.6084994140624,test
2026-01-27 13:45:00,ZONE_A,416.5088565132143,395.09238,410.81418,406.71115,0.0,2.0111136,0.55214286,0.0,397.1035,411.36633,406.71115,2696.9604,2290.249248876953,test
2026-01-27 14:00:00,ZONE_A,383.21948919658286,368.9757,355.40918,326.10373,0.0,0.40468958,0.0,1.9153416,369.3804,355.40918,328.01907,2686.6458,2358.6267265136717,test
2026-01-27 14:15:00,ZONE_A,400.4020794853491,373.1647,362.61404,330.37653,0.0,0.0,0.57132053,0.0,373.1647,363.18536,330.37653,2672.421,2342.0444741210936,test
2026-01-27 14:30:00,ZONE_A,369.2105418391852,362.61017,344.66553,309.872,0.0,0.9662008,1.1255835,0.0,363.57635,345.7911,309.872,2680.57,2370.6979907226564,test
2026-01-27 14:45:00,ZONE_A,323.0798694245246,304.48862,291.07117,267.12225,0.0,0.0,0.57132053,0.0,304.48862,291.6425,267.12225,2686.7732,2419.6509465820313,test
2026-01-27 15:00:00,ZONE_A,312.2844213792104,299.1392,283.6957,256.80084,0.0,3.4136677,1.6759297,0.0,302.55286,285.37164,256.80084,2786.9614,2530.160557714844,test
2026-01-27 15:15:00,ZONE_A,268.13066344020103,253.89674,224.64276,211.51704,0.0,1.072923,0.0,0.0,254.96967,224.64276,211.51704,2799.6614,2588.144355932617,test
2026-01-27 15:30:00,ZONE_A,268.74847406843804,251.61942,229.67723,192.24446,0.0,1.1587932,0.0,0.0,252.77821,229.67723,192.24446,2798.64,2606.3955389404296,test
2026-01-27 15:45:00,ZONE_A,253.82537540232613,235.99843,210.9992,160.80154,0.0,0.5753352,0.0,0.0,236.57376,210.9992,160.80154,2805.1238,2644.3222558105467,test
2026-01-27 16:00:00,ZONE_A,269.51905854564006,239.63936,208.80331,137.67667,0.0,0.0,0.28785554,0.0,239.63936,209.09117,137.67667,2827.9353,2690.2586337402345,test
2026-01-27 16:15:00,ZONE_A,266.8563532657326,223.93771,192.3877,113.22736,0.0,0.0,0.0,0.0,223.93771,192.3877,113.22736,2829.3455,2716.118136413574,test
2026-01-27 16:30:00,ZONE_A,204.6312986296131,175.96664,144.94379,72.61991,0.0,0.9822779,0.0,0.0,176.94893,144.94379,72.61991,2815.17,2742.5500888061524,test
2026-01-27 16:45:00,ZONE_A,148.2396940265311,112.93621,80.90328,43.018215,0.0,0.0,0.0,0.0,112.93621,80.90328,43.018215,2817.8904,2774.872184820557,test
2026-01-27 17:00:00,ZONE_A,122.39378896314462,89.70905,57.44529,12.88608,0.0,0.9133994,0.0,0.0,90.62245,57.44529,12.88608,2829.8472,2816.961120211792,test
2026-01-27 17:15:00,ZONE_A,79.53445187491529,49.312355,23.729746,2.5096903,0.0,0.46421352,0.0,0.0,49.77657,23.729746,2.5096903,2817.0725,2814.562809715271,test
2026-01-27 17:30:00,ZONE_A,53.273603835399385,26.141968,2.587602,5.096112,0.0,1.0271975,0.832483,0.0,27.169165,3.420085,5.096112,2823.633,2818.5368882255552,test
2026-01-27 17:45:00,ZONE_A,27.537748699198755,0.0,0.0,23.60854,0.0,0.0,0.0,0.1298405,0.0,0.0,23.73838,2817.8752,2794.136819567871,test
2026-01-27 18:00:00,ZONE_A,0.0,0.0,0.0,0.013575485,0.0,0.0,0.0,0.0,0.0,0.0,0.013575485,2809.906,2809.892424515024,test
2026-01-27 18:15:00,ZONE_A,0.0,2.5819213,0.8143979,0.0,0.0,1.6768073,0.5574152,0.0,4.2587285,1.371813,0.0,2808.3494,2808.3494,test
2026-01-27 18:30:00,ZONE_A,0.0,0.0,0.0,16.266428,0.0,0.9992697,0.0,0.1696389,0.9992697,0.0,16.436068,2815.2214,2798.785332418823,test
2026-01-27 18:45:00,ZONE_A,0.0,0.0,0.0,0.40043655,0.0,1.6685042,0.83553624,2.388292,1.6685042,0.83553624,2.7887287,2801.0266,2798.237871286011,test
2026-01-27 19:00:00,ZONE_A,0.0,0.0,26.30858,0.0,0.0,1.0735908,1.658223,0.9010727,1.0735908,27.966803,0.9010727,2800.1643,2799.2632273190497,test
2026-01-27 19:15:00,ZONE_A,0.0,10.87317,0.0,0.8792018,0.0,3.3540516,0.575683,9.657908,14.2272215,0.575683,10.53711,2808.8513,2798.3141896713255,test
2026-01-27 19:30:00,ZONE_A,0.0,0.1385608,0.97483957,0.9691271,0.8889940631423577,0.04675866,0.0,2.4542046,0.18531945,0.97483957,3.4233317,2791.1868,2787.7634682624816,test
2026-01-27 19:45:00,ZONE_A,0.0,0.0,0.0,0.0,4.176907179630905,4.014651,8.659252,1.9396148,4.014651,8.659252,1.9396148,2782.6335,2780.6938852272033,test
2026-01-27 20:00:00,ZONE_A,0.0,0.068181455,0.0,0.013756787,10.3346751775694,12.369627,11.226491,6.860838,12.437808,11.226491,6.8745947,2650.756,2643.8814053115843,test
2026-01-27 20:15:00,ZONE_A,0.0,0.0,0.0,0.0,9.54095321715246,12.909167,9.381976,10.658577,12.909167,9.381976,10.658577,2651.3594,2640.700823034668,test
2026-01-27 20:30:00,ZONE_A,0.0,1.7257024,0.0,0.0,14.7186605088113,13.755624,10.047333,9.069655,15.481326,10.047333,9.069655,2628.969,2619.899344581604,test
2026-01-27 20:45:00,ZONE_A,0.0,0.0,0.0,0.0,11.253885741559197,10.521218,13.0812845,10.230269,10.521218,13.0812845,10.230269,2613.1113,2602.881030567932,test
2026-01-27 21:00:00,ZONE_A,0.0,0.27115548,0.0,0.013756787,5.43960031947798,6.3833585,2.5368505,2.4922311,6.654514,2.5368505,2.505988,2545.4307,2542.9247121173858,test
2026-01-27 21:15:00,ZONE_A,0.0,0.0,0.0,0.0,4.285724400074212,3.1989646,2.610009,3.6301773,3.1989646,2.610009,3.6301773,2509.908,2506.2778227405547,test
2026-01-27 21:30:00,ZONE_A,0.0,0.0,0.0,0.0,3.996926804117744,1.8695163,1.8190991,4.5836635,1.8695163,1.8190991,4.5836635,2501.1008,2496.5171365364076,test
2026-01-27 21:45:00,ZONE_A,0.0,0.0,0.0,0.0012756959,0.0,1.8511562,0.8851656,4.063053,1.8511562,0.8851656,4.0643287,2454.7031,2450.6387713294985,test
2026-01-27 22:00:00,ZONE_A,0.0,0.18722865,0.0,0.0,1.59598530419187,1.4050814,0.1133426,2.9151926,1.5923101,0.1133426,2.9151926,2427.8582,2424.943007395935,test
2026-01-27 22:15:00,ZONE_A,0.0,0.0,0.0,0.349802,0.0,1.3501194,0.827234,1.6307727,1.3501194,0.827234,1.9805747,2429.4941,2427.5135252729415,test
2026-01-27 22:30:00,ZONE_A,0.0,0.36960337,0.0,0.0,1.52891405020835,1.6727086,0.0,1.3398577,2.042312,0.0,1.3398577,2393.2974,2391.957542302513,test
2026-01-27 22:45:00,ZONE_A,0.0,0.0,0.0,0.0012756959,7.118684400062734,6.3139997,4.8943872,1.2292838,6.3139997,4.8943872,1.2305595,2344.5378,2343.3072405317307,test
2026-01-27 23:00:00,ZONE_A,0.0,0.18722865,0.24626672,0.349802,5.655331715638157,4.64831,1.8190991,6.0368886,4.835539,2.0653658,6.3866906,2339.2222,2332.8355093833925,test
2026-01-27 23:15:00,ZONE_A,0.0,0.0,0.022375494,0.349802,5.726355199724436,3.0595477,2.5368505,0.0,3.0595477,2.559226,0.349802,2306.2874,2305.9375980125906,test
2026-01-27 23:30:00,ZONE_A,0.0,0.43103164,0.0,0.0,7.380790523764744,6.9524007,5.906877,10.010498,7.3834324,5.906877,10.010498,2309.4595,2299.449001953125,test
2026-01-27 23:45:00,ZONE_A,0.0,0.0,0.30911216,0.070444405,4.404336263858685,3.0651257,2.5368505,4.3909473,3.0651257,2.8459625,4.461392,2308.2295,2303.768108074188,test
2026-01-28 00:00:00,ZONE_A,0.0,0.0,0.0,0.0,5.276464257238734,5.2504516,3.623035,5.113089,5.2504516,3.623035,5.113089,2291.7583,2286.6452109153747,test
2026-01-28 00:15:00,ZONE_A,0.0,0.0,0.0,0.0,4.615779852924801,3.8718195,2.7165332,5.3847036,3.8718195,2.7165332,5.3847036,2293.8508,2288.4660963638307,test
2026-01-28 00:30:00,ZONE_A,0.0,0.0,0.0,0.88209873,4.209584017468152,4.4304523,2.7165332,4.998812,4.4304523,2.7165332,5.880911,2293.391,2287.510089126587,test
2026-01-28 00:45:00,ZONE_A,0.0,0.0,0.91038036,1.0172864,5.130750836815622,5.5394106,1.7681433,4.662269,5.5394106,2.6785235,5.6795554,2284.5608,2278.881244583893,test
2026-01-28 01:00:00,ZONE_A,0.0,0.0,0.0,0.0,0.9234673894447744,2.0136874,2.0110853,3.8424878,2.0136874,2.0110853,3.8424878,2291.995,2288.1525121879577,test
2026-01-28 01:15:00,ZONE_A,0.0,0.0,0.0,0.0,0.9551598885533422,2.7185574,1.9134204,3.1289537,2.7185574,1.9134204,3.1289537,2296.021,2292.892046304703,test
2026-01-28 01:30:00,ZONE_A,0.0,0.0,0.0,0.7193458,1.5152981994276815,2.2032235,1.0069188,0.67345524,2.2032235,1.0069188,1.392801,2294.4458,2293.0529989536285,test
2026-01-28 01:45:00,ZONE_A,0.0,0.0,0.91038036,1.0172864,1.728037035710863,3.415148,2.1515539,1.1078776,3.415148,3.0619342,2.125164,2295.9597,2293.8345359680175,test
2026-01-28 02:00:00,ZONE_A,0.0,0.0,0.1274688,0.0,1.0730706210957976,2.2474818,0.05852872,2.0851104,2.2474818,0.18599752,2.0851104,2290.506,2288.4208895740508,test
2026-01-28 02:15:00,ZONE_A,0.0,0.031743914,0.0,0.0,4.731157421580367,5.6791506,3.2111628,13.036857,5.7108946,3.2111628,13.036857,2288.041,2275.004143348694,test
2026-01-28 02:30:00,ZONE_A,0.0,0.0,0.0,0.88209873,3.4336526265158653,3.4897327,4.099739,3.0953395,3.4897327,4.099739,3.9774382,2287.8054,2283.827961788559,test
2026-01-28 02:45:00,ZONE_A,0.0,0.0,0.91038036,1.0172864,4.320962076443402,4.4200673,8.650305,3.8294308,4.4200673,9.560685,4.8467174,2287.6487,2282.8019826423647,test
2026-01-28 03:00:00,ZONE_A,0.0,0.0,0.0,0.0,11.890830665065716,15.584812,10.761929,21.140097,15.584812,10.761929,21.140097,2300.9844,2279.844303335571,test
2026-01-28 03:15:00,ZONE_A,0.0,0.0,0.0,0.0,11.273289936232224,12.062443,9.582981,12.415312,12.062443,9.582981,12.415312,2284.7476,2272.3322881866457,test
2026-01-28 03:30:00,ZONE_A,0.0,0.0,0.0,0.88209873,13.078599243266268,12.770723,11.346655,16.748951,12.770723,11.346655,17.63105,2282.1116,2264.480549890137,test
2026-01-28 03:45:00,ZONE_A,0.0,0.0,0.42530942,1.0172864,12.137660120656044,13.230359,10.651982,9.154696,13.230359,11.0772915,10.171983,2277.1836,2267.011617234802,test
2026-01-28 04:00:00,ZONE_A,0.0,3.7967684,0.0,0.0,25.395183266279773,23.785042,24.568172,28.318462,27.58181,24.568172,28.318462,2288.047,2259.728537628174,test
2026-01-28 04:15:00,ZONE_A,0.0,0.0,0.0,0.0,22.085571876109128,21.859447,18.918795,20.99669,21.859447,18.918795,20.99669,2274.4995,2253.502809249878,test
2026-01-28 04:30:00,ZONE_A,0.0,0.0,0.0,2.86994,42.402671350303386,39.232407,40.37731,36.787907,39.232407,40.37731,39.65785,2288.5366,2248.8787516418456,test
2026-01-28 04:45:00,ZONE_A,0.0,0.0,1.0672982,1.0172864,40.88277188290427,41.744537,31.344604,42.883404,41.744537,32.411903,43.900692,2294.2341,2250.333408013916,test
2026-01-28 05:00:00,ZONE_A,0.0,0.19606265,0.42225063,0.0,26.225166848148845,24.80311,27.25087,25.55598,24.999172,27.67312,25.55598,2592.9436,2567.387619317627,test
2026-01-28 05:15:00,ZONE_A,0.0,0.0,0.0,0.0,37.35195418013704,34.06005,32.586918,28.528524,34.06005,32.586918,28.528524,2528.947,2500.4184756011964,test
2026-01-28 05:30:00,ZONE_A,0.0,0.0,0.0,1.0773754,31.66233868998349,30.892681,28.971468,25.001581,30.892681,28.971468,26.078957,2596.2954,2570.216443395996,test
2026-01-28 05:45:00,ZONE_A,0.0,0.0,5.4199724,45.412476,42.47795319179384,38.97601,35.4985,24.963715,38.97601,40.918472,70.37619,2602.031,2531.654809814453,test
2026-01-28 06:00:00,ZONE_A,0.0,4.7276154,4.7681527,36.23722,8.997860888837284,14.049768,13.213726,14.828897,18.777384,17.981878,51.066116,2662.2515,2611.185383666992,test
2026-01-28 06:15:00,ZONE_A,0.0,2.142274,19.899286,52.011112,9.055175868920552,10.014876,10.845199,6.2436714,12.15715,30.744484,58.254784,2707.5693,2649.314516369629,test
2026-01-28 06:30:00,ZONE_A,0.0,3.2043223,9.516261,72.34321,6.368755919470273,5.094635,5.8345766,3.0911531,8.298958,15.350838,75.434364,2653.1812,2577.7468356811523,test
2026-01-28 06:45:00,ZONE_A,0.0,0.0,13.506495,77.377556,2.199429395033066,2.3453035,0.33764794,6.7202888,2.3453035,13.844144,84.09785,2746.6938,2662.5959530151367,test
2026-01-28 07:00:00,ZONE_A,0.0,25.30971,44.774117,130.93834,0.8534014575797324,2.8937776,1.18597,1.5028563,28.203487,45.960087,132.4412,2792.8784,2660.437207373047,test
2026-01-28 07:15:00,ZONE_A,34.0410915996914,49.569252,81.634544,154.512,0.0,0.9063131,2.1247404,0.92034286,50.475567,83.759285,155.43234,2826.1404,2670.7080574707034,test
2026-01-28 07:30:00,ZONE_A,67.56243796235523,103.306244,125.86884,197.06268,0.0,1.6473898,1.614915,0.45169675,104.953636,127.48376,197.51437,2857.0369,2659.522526220703,test
2026-01-28 07:45:00,ZONE_A,87.81825920317472,100.83738,139.29764,159.40779,0.0,2.1134892,2.7992132,0.0,102.95087,142.09685,159.40779,2936.1008,2776.693008862305,test
2026-01-28 08:00:00,ZONE_A,119.89170587919357,154.55396,174.43512,236.54666,0.0,0.61099243,2.5043817,0.90742975,155.16495,176.9395,237.45409,2947.991,2710.536913696289,test
2026-01-28 08:15:00,ZONE_A,166.70213156870352,199.06987,217.96092,278.29184,0.0,0.8827632,1.8949908,5.152447,199.95264,219.85591,283.44427,2954.7341,2671.2898250976564,test
2026-01-28 08:30:00,ZONE_A,166.18543316944076,193.84485,217.3992,282.3702,0.8448888015539452,2.5406055,2.859424,1.6563492,196.38545,220.25862,284.02655,3045.3066,2761.280049707031,test
2026-01-28 08:45:00,ZONE_A,190.8480313774868,218.3565,252.76756,274.08722,2.822640551738949,0.74916244,3.1050084,2.1526716,219.10567,255.87257,276.2399,3040.123,2763.8831013183594,test
2026-01-28 09:00:00,ZONE_A,232.0324976279125,262.39383,287.5983,310.73892,7.760656107822833,7.5317745,7.9158177,9.805806,269.9256,295.51413,320.54474,2720.717,2400.172261230469,test
2026-01-28 09:15:00,ZONE_A,276.34148425330415,305.4775,310.55322,321.75757,17.809939112285186,17.023169,21.473536,14.262591,322.50067,332.02676,336.02017,2728.3884,2392.368227880859,test
2026-01-28 09:30:00,ZONE_A,300.20616078262407,309.84415,321.69104,354.66965,46.98700044962221,40.712994,40.742146,54.134007,350.55713,362.4332,408.80365,2735.219,2326.4153500976563,test
2026-01-28 09:45:00,ZONE_A,318.31885631576864,328.70175,332.78503,357.62686,37.17924371617537,32.627167,28.819626,46.12958,361.32892,361.60468,403.75644,2758.932,2355.1755607910154,test
2026-01-28 10:00:00,ZONE_A,299.1917260416404,308.47137,314.46774,341.79538,26.494039919505305,24.034487,34.338448,35.944996,332.50586,348.80618,377.7404,2728.0398,2350.2994130371094,test
2026-01-28 10:15:00,ZONE_A,331.23729851560233,338.42154,343.18875,339.45392,39.08133547364884,44.83533,48.26708,57.200336,383.25687,391.45584,396.65427,2733.4827,2336.828433642578,test
2026-01-28 10:30:00,ZONE_A,367.12313546636216,377.4147,377.89722,385.248,51.4724692787638,51.9289,64.57824,67.16556,429.3436,442.47546,452.41354,2662.5466,2210.1330562988283,test
2026-01-28 10:45:00,ZONE_A,361.0829513771917,385.3841,391.04333,399.5796,71.33092633445355,71.82645,90.86117,82.40702,457.21054,481.9045,481.9866,2677.475,2195.488397216797,test
2026-01-28 11:00:00,ZONE_A,337.3091937114022,348.72858,350.97772,371.74283,134.7212478653059,135.09354,159.72855,170.56383,483.8221,510.70627,542.30664,2709.1023,2166.795659375,test
2026-01-28 11:15:00,ZONE_A,339.4110325371325,356.1929,348.7756,364.99075,134.53007122679213,128.95741,169.44872,222.47647,485.15033,518.2243,587.4672,2707.9036,2120.4363758789063,test
2026-01-28 11:30:00,ZONE_A,334.2590548260696,359.04056,372.40146,328.43588,150.8697076064947,116.98054,134.04175,156.48149,476.0211,506.4432,484.91736,2692.1687,2207.2513416015627,test
2026-01-28 11:45:00,ZONE_A,341.4047912917308,359.52045,363.2479,357.59702,111.37511592640637,111.44264,121.53432,140.34918,470.96307,484.78223,497.9462,2701.2517,2203.305502490234,test
2026-01-28 12:00:00,ZONE_A,328.7901417721104,346.00854,358.05945,340.98355,211.48856135764868,241.1093,218.81477,229.50418,587.11786,576.8742,570.48773,2719.7795,2149.2917680664063,test
2026-01-28 12:15:00,ZONE_A,294.6530022157781,314.4153,326.3433,352.77933,194.97031541883848,195.72478,167.95502,162.48528,510.14008,494.2983,515.2646,2711.3032,2196.038612597656,test
2026-01-28 12:30:00,ZONE_A,300.4433651922332,324.55283,326.03036,315.33386,178.22910888784733,168.69444,220.36269,105.63351,493.24725,546.39307,420.96738,2709.4705,2288.5031232910155,test
2026-01-28 12:45:00,ZONE_A,311.21999356011736,337.97955,347.90564,331.78705,162.93450707311973,184.99326,163.3638,157.28465,522.9728,511.26944,489.07172,2694.5276,2205.455883691406,test
2026-01-28 13:00:00,ZONE_A,305.50394088873173,332.03137,345.95868,333.43503,132.6509895487289,140.53598,160.46585,151.36682,472.56735,506.42453,484.80185,2699.3765,2214.5746506347655,test
2026-01-28 13:15:00,ZONE_A,384.9666984219759,354.4358,372.40533,374.04102,107.43616938229704,87.761215,147.11945,112.04946,442.19702,519.5248,486.09048,2691.2566,2205.1661153808595,test
2026-01-28 13:30:00,ZONE_A,296.6905074156284,322.7415,328.3555,325.20514,86.93681642080513,84.19987,79.85847,107.63406,406.94135,408.21396,432.8392,2696.681,2263.8417971191407,test
2026-01-28 13:45:00,ZONE_A,351.02708799703106,333.2935,342.27936,334.9539,52.556554754831765,43.117027,46.01047,72.50627,376.41052,388.28983,407.46014,2700.797,2293.3368559570313,test
2026-01-28 14:00:00,ZONE_A,365.66888305701485,350.38885,337.95114,317.96545,37.87953650940238,31.329586,40.263462,58.73813,381.71844,378.2146,376.70358,2718.4414,2341.7378172363283,test
2026-01-28 14:15:00,ZONE_A,344.15147006858984,343.93628,319.71808,281.18365,80.72887122998753,84.380875,87.37687,98.88453,428.31714,407.09494,380.06818,2704.2131,2324.1449237304687,test
2026-01-28 14:30:00,ZONE_A,345.6604072749629,332.36298,317.99298,278.24872,103.12639903731622,106.29955,98.72563,133.82268,438.66254,416.71863,412.0714,2694.902,2282.8305888671875,test
2026-01-28 14:45:00,ZONE_A,293.00932022688806,288.6075,261.3075,246.73073,141.63679530297637,139.6109,150.70079,114.86573,428.2184,412.0083,361.59647,2704.9321,2343.335633935547,test
2026-01-28 15:00:00,ZONE_A,306.9706052197722,288.5888,260.68854,233.56683,195.6781354038068,190.23645,169.79625,187.63687,478.82526,430.4848,421.2037,2777.7056,2356.5018951660154,test
2026-01-28 15:15:00,ZONE_A,274.0702721082766,257.05154,224.50822,188.82591,302.7664003014313,277.07587,216.49994,147.2302,534.12744,441.00818,336.0561,2799.6074,2463.551308691406,test
2026-01-28 15:30:00,ZONE_A,277.1038738536045,253.6166,224.7465,178.39839,194.96774865725612,174.80438,176.59691,119.34615,428.42096,401.3434,297.74454,2785.0876,2487.343062646484,test
2026-01-28 15:45:00,ZONE_A,242.7658169202197,229.68681,198.6046,80.02758,140.47639573530282,132.05077,107.01413,112.47882,361.73758,305.6187,192.50641,2790.3264,2597.8199913085937,test
2026-01-28 16:00:00,ZONE_A,221.0412407228273,186.78389,153.20486,109.95777,110.93259612758769,106.16302,103.728836,117.53284,292.9469,256.93372,227.4906,2811.793,2584.3023994140626,test
2026-01-28 16:15:00,ZONE_A,192.83239253777688,158.00294,132.51495,92.2366,92.23537636144977,90.17023,119.23082,122.16132,248.17317,251.74577,214.39792,2802.5566,2588.158681298828,test
2026-01-28 16:30:00,ZONE_A,176.4861602790484,145.76529,107.586494,46.95967,85.19235090690253,93.3982,84.07129,91.69586,239.16348,191.65778,138.65553,2805.8828,2667.227267163086,test
2026-01-28 16:45:00,ZONE_A,154.16502339337282,127.73514,96.33953,66.46039,73.09136649782577,68.89212,77.66533,72.86687,196.62726,174.00485,139.32726,2807.8699,2668.5426447509767,test
2026-01-28 17:00:00,ZONE_A,125.3951095939652,92.79864,58.414127,0.0,77.43541452489173,80.64641,69.51066,54.30413,173.44504,127.92479,54.30413,2807.085,2752.780869445801,test
2026-01-28 17:15:00,ZONE_A,87.35377736364187,50.70884,22.813301,4.238615,80.19175612590675,74.65681,67.624435,67.12475,125.36565,90.43774,71.363365,2803.2217,2731.85833482666,test
2026-01-28 17:30:00,ZONE_A,59.05741090780088,24.570301,0.0,0.0,60.12188357942173,54.346325,38.22556,47.85512,78.916626,38.22556,47.85512,2808.972,2761.1168783874514,test
2026-01-28 17:45:00,ZONE_A,32.43323987921209,0.0,0.9547643,0.0,21.32787854288561,24.585522,24.681072,35.008797,24.585522,25.635836,35.008797,2802.3467,2767.3379033081055,test
2026-01-28 18:00:00,ZONE_A,0.0,2.742938,4.1067,0.0,11.606888516174925,13.049691,15.708457,29.237787,15.792629,19.815157,29.237787,2809.514,2780.276212753296,test
2026-01-28 18:15:00,ZONE_A,0.0,1.2653333,0.0,0.0,7.951355754552471,13.178032,13.8553,20.00608,14.443365,13.8553,20.00608,2807.9062,2787.9001193725585,test
2026-01-28 18:30:00,ZONE_A,0.0,0.0,0.0,0.0,6.393335968729697,7.6653657,17.75624,20.17356,7.6653657,17.75624,20.17356,2797.6296,2777.4560408111574,test
2026-01-28 18:45:00,ZONE_A,0.0,0.0,0.0,0.0,2.081542986713624,7.186038,6.846469,18.973202,7.186038,6.846469,18.973202,2805.117,2786.143798248291,test
2026-01-28 19:00:00,ZONE_A,0.0,0.0049662273,0.3189088,0.6438514,0.8755079103681721,4.466408,5.58756,18.460041,4.471374,5.906469,19.103893,2786.1682,2767.064306719971,test
2026-01-28 19:15:00,ZONE_A,0.0,0.0013909098,0.0,0.0,0.0,4.3279047,7.13769,20.676483,4.3292956,7.13769,20.676483,2775.721,2755.044516845703,test
2026-01-28 19:30:00,ZONE_A,0.0,0.0,0.0,0.41565436,0.0,7.272834,6.7870693,19.37264,7.272834,6.7870693,19.788296,2789.5723,2769.78400425415,test
2026-01-28 19:45:00,ZONE_A,0.0,0.0,0.0,0.0,0.0,6.205772,7.739357,19.503092,6.205772,7.739357,19.503092,2775.8416,2756.3385081878664,test
2026-01-28 20:00:00,ZONE_A,0.0,0.0,0.20094305,0.0,0.0,5.3754396,8.017476,5.529772,5.3754396,8.218419,5.529772,2649.0955,2643.5657281951903,test
2026-01-28 20:15:00,ZONE_A,0.0,0.024095222,0.0,0.0,0.0,5.4846334,7.1109753,6.5245028,5.5087285,7.1109753,6.5245028,2637.8638,2631.3392972457887,test
2026-01-28 20:30:00,ZONE_A,0.0,0.024095222,0.0,0.0,0.0,7.1170354,7.2997255,4.805054,7.1411304,7.2997255,4.805054,2617.703,2612.8979458122253,test
2026-01-28 20:45:00,ZONE_A,0.0,0.004156459,0.0,0.0,0.0,6.048167,4.4106827,2.8874307,6.052324,4.4106827,2.8874307,2612.8552,2609.9677693321228,test
2026-01-28 21:00:00,ZONE_A,0.0,0.12049367,0.35672373,0.0,0.0,1.7281193,3.606467,0.19806351,1.8486129,3.9631908,0.19806351,2570.5576,2570.359536492324,test
2026-01-28 21:15:00,ZONE_A,0.0,0.10655903,0.0,0.0,0.0,0.0,1.5559902,0.84784573,0.10655903,1.5559902,0.84784573,2511.6863,2510.838454266834,test
2026-01-28 21:30:00,ZONE_A,0.0,0.10655903,0.0,0.0,0.0,1.3332614,0.88285756,2.3552783,1.4398204,0.88285756,2.3552783,2497.9854,2495.6301217464447,test
2026-01-28 21:45:00,ZONE_A,0.0,0.34966463,0.0,0.0,0.0,0.0,1.6006091,0.0,0.34966463,1.6006091,0.0,2438.1482,2438.1482,test
2026-01-28 22:00:00,ZONE_A,0.0,0.12049367,0.0,0.0,0.0,1.0739487,1.6006091,1.4410459,1.1944424,1.6006091,1.4410459,2429.5447,2428.1036541196822,test
2026-01-28 22:15:00,ZONE_A,0.0,0.0,0.0,0.060100608,0.0,1.2473911,0.88285756,2.0304906,1.2473911,0.88285756,2.0905912,2418.884,2416.7934088077545,test
2026-01-28 22:30:00,ZONE_A,0.0,0.17475703,0.072618924,0.0,0.0,1.2686546,1.4125471,0.9477148,1.4434116,1.4851661,0.9477148,2371.8298,2370.882085194397,test
2026-01-28 22:45:00,ZONE_A,0.0,0.28146663,0.27097273,0.0,0.0,1.0565056,0.73660845,0.7922217,1.3379722,1.0075812,0.7922217,2357.8408,2357.048578275013,test
2026-01-28 23:00:00,ZONE_A,0.0,0.516851,0.64360166,0.0,0.0,2.054989,1.4125471,0.08861981,2.57184,2.0561488,0.08861981,2310.0627,2309.974080186677,test
2026-01-28 23:15:00,ZONE_A,0.0,0.0,0.0,0.0,0.0,0.8986124,0.5060451,1.2281299,0.8986124,0.5060451,1.2281299,2314.9285,2313.700370136261,test
2026-01-28 23:30:00,ZONE_A,0.0,0.024095222,0.0,0.0,0.0,1.5226638,1.0469538,1.6317312,1.546759,1.0469538,1.6317312,2317.103,2315.4712688474656,test
2026-01-28 23:45:00,ZONE_A,0.0,0.15481827,0.27097273,0.0,0.8038877398730366,1.1560544,1.4504998,1.3068457,1.3108727,1.7214725,1.3068457,2329.711,2328.4041543350218,test
2026-01-29 00:00:00,ZONE_A,0.0,0.39090896,0.1274688,0.0,0.0,0.0,1.0069188,6.049561,0.39090896,1.1343876,6.049561,2312.493,2306.443438976288,test
2026-01-29 00:15:00,ZONE_A,0.0,0.031743914,0.0,0.0,0.0,1.7468041,1.9134204,2.9019525,1.778548,1.9134204,2.9019525,2299.915,2297.0130474948883,test
2026-01-29 00:30:00,ZONE_A,0.0,0.0,0.0,0.6300165,0.0,2.5375438,4.558434,3.0935874,2.5375438,4.558434,3.723604,2299.4827,2295.759096036148,test
2026-01-29 00:45:00,ZONE_A,0.0,0.20665151,1.2940701,1.0110888,0.0,2.5519407,0.9525759,1.8592917,2.7585921,2.246646,2.8703804,2305.3916,2302.5212195983886,test
2026-01-29 01:00:00,ZONE_A,0.0,0.34230846,0.13239661,0.0,0.4042215783053166,1.8495324,1.9134204,2.5496972,2.191841,2.0458171,2.5496972,2304.4622,2301.912502839279,test
2026-01-29 01:15:00,ZONE_A,0.0,0.17798975,0.0,0.0,3.6580074562903264,3.8718195,2.8969572,1.1738238,4.0498095,2.8969572,1.1738238,2299.2815,2298.1076761665345,test
2026-01-29 01:30:00,ZONE_A,0.0,0.0,0.0,0.6276707,0.0,1.8326744,1.5992142,4.9402304,1.8326744,1.5992142,5.567901,2293.666,2288.098098865509,test
2026-01-29 01:45:00,ZONE_A,0.0,0.0,0.3632666,1.3219323,0.0,2.1243422,1.1570163,6.5995126,2.1243422,1.5202829,7.921445,2299.3254,2291.403955107117,test
2026-01-29 02:00:00,ZONE_A,0.0,0.0,0.13239661,0.0,0.0,1.7477416,2.3901267,6.8216114,1.7477416,2.5225234,6.8216114,2305.8513,2299.029688595581,test
2026-01-29 02:15:00,ZONE_A,0.0,0.11656145,0.0,0.0,0.0,2.1371548,3.8236856,2.4442444,2.2537162,3.8236856,2.4442444,2291.6816,2289.2373556152343,test
2026-01-29 02:30:00,ZONE_A,0.0,0.0,0.0,0.6300165,5.6787403836156845,6.2563505,7.250807,4.6854877,6.2563505,7.250807,5.315504,2294.8538,2289.538295925903,test
2026-01-29 02:45:00,ZONE_A,0.0,0.0,1.7163445,1.3332952,8.61891360814724,9.418689,7.300174,8.269527,9.418689,9.016519,9.602822,2289.9226,2280.319777696228,test
2026-01-29 03:00:00,ZONE_A,0.0,0.6473061,0.21533334,0.0,7.9869623226986945,2.6012847,7.1273713,9.660803,3.248591,7.342705,9.660803,2292.163,2282.5021971588135,test
2026-01-29 03:15:00,ZONE_A,0.0,0.0091757225,0.0,0.0,5.2238556816748725,5.1939263,3.1864812,4.5759954,5.203102,3.1864812,4.5759954,2289.235,2284.6590045547487,test
2026-01-29 03:30:00,ZONE_A,0.0,0.0,0.0,0.4536252,3.335001254771005,2.9587862,2.7587547,2.8765268,2.9587862,2.7587547,3.330152,2286.594,2283.2638479652405,test
2026-01-29 03:45:00,ZONE_A,0.0,0.0,0.015097287,1.3219323,3.478557705078302,4.2493587,2.8504264,3.4817038,4.2493587,2.8655238,4.803636,2287.5852,2282.781563925934,test
2026-01-29 04:00:00,ZONE_A,0.0,0.0,0.026009716,0.0,3.820662577333928,4.536759,3.0922692,6.934927,4.536759,3.118279,6.934927,2289.5413,2282.6063730133055,test
2026-01-29 04:15:00,ZONE_A,0.0,0.0091757225,0.0,0.0,2.3536033739328155,2.7336051,2.6324935,3.0424526,2.742781,2.6324935,3.0424526,2282.469,2279.426547426224,test
2026-01-29 04:30:00,ZONE_A,0.0,0.0,0.0,1.2326441,1.6933444375305404,2.6705005,4.1210217,3.7321653,2.6705005,4.1210217,4.9648094,2306.7568,2301.7919905822755,test
2026-01-29 04:45:00,ZONE_A,0.0,0.0,6.1457973,39.19863,6.595650501227193,8.169529,7.3534403,11.25604,8.169529,13.499237,50.45467,2309.6794,2259.2247300476074,test
2026-01-29 05:00:00,ZONE_A,0.0,0.1826455,0.026009716,0.0,17.410922790481177,17.510017,13.576372,14.417986,17.692663,13.602382,14.417986,2562.205,2547.7870140838622,test
2026-01-29 05:15:00,ZONE_A,0.0,0.10717572,0.0,0.0,20.15189821688724,19.724531,18.378984,24.795671,19.831707,18.378984,24.795671,2540.157,2515.3613285369875,test
2026-01-29 05:30:00,ZONE_A,0.0,0.0,2.9210608,1.8923407,8.487142718530748,10.059736,11.843418,20.685791,10.059736,14.764479,22.578133,2604.7354,2582.1572673706055,test
2026-01-29 05:45:00,ZONE_A,0.0,0.38722464,9.924054,13.353938,12.652089033684698,14.425242,18.086742,26.574007,14.812467,28.010796,39.927944,2603.592,2563.6640558166505,test
2026-01-29 06:00:00,ZONE_A,0.0,4.1392355,5.0070243,23.869024,30.746450263785903,29.398499,27.243107,44.85135,33.537735,32.25013,68.720375,2669.852,2601.1316249389647,test
2026-01-29 06:15:00,ZONE_A,0.0,0.0,0.0,51.236088,56.675170527504704,50.54584,59.85999,65.7972,50.54584,59.85999,117.033295,2656.6252,2539.5919053222656,test
2026-01-29 06:30:00,ZONE_A,0.0,0.1477454,0.0,21.741327,74.26685087622346,77.459076,98.47397,75.15606,77.60682,98.47397,96.897385,2749.6963,2652.7989153564454,test
2026-01-29 06:45:00,ZONE_A,0.0,0.0,42.14572,112.221664,120.8204335236202,136.70226,136.5702,155.74483,136.70226,178.71593,267.9665,2758.2673,2490.3008083007812,test
2026-01-29 07:00:00,ZONE_A,0.0,41.276173,46.165672,134.90889,123.45457828312422,121.98878,132.81754,196.18323,163.26495,178.98322,331.0921,2792.7332,2461.641097949219,test
2026-01-29 07:15:00,ZONE_A,47.37957351983504,69.32641,118.31775,192.38066,149.03892105714613,124.27708,121.98476,155.35257,193.60349,240.3025,347.73322,2837.6975,2489.964284667969,test
2026-01-29 07:30:00,ZONE_A,87.91471296856825,120.886955,148.50735,229.52342,118.6174232023734,121.74222,141.5815,193.10353,242.62918,290.08887,422.62695,2869.5994,2446.972446875,test
2026-01-29 07:45:00,ZONE_A,138.43432283720435,178.56541,225.7349,313.40485,134.72804921996865,139.64276,155.35785,191.7908,318.2082,381.09274,505.19565,2928.8975,2423.7018518066407,test
2026-01-29 08:00:00,ZONE_A,183.9754834767124,229.97647,261.15256,314.36954,194.47959178310853,192.98865,198.93463,149.94946,422.96512,460.0872,464.319,2979.842,2515.5229997558595,test
2026-01-29 08:15:00,ZONE_A,230.75830863317924,266.99,306.10748,354.36142,165.35482687608626,166.28915,145.1316,200.32312,433.27914,451.23907,554.6846,2984.195,2429.5104296875,test
2026-01-29 08:30:00,ZONE_A,251.85271287309547,293.47137,315.5079,365.7073,129.07549746065715,136.74895,141.56563,175.00795,430.22034,457.07355,540.7153,3012.6619,2471.9466290039063,test
2026-01-29 08:45:00,ZONE_A,307.502901727498,340.13086,354.66132,372.83246,131.93362710759502,138.38606,176.64525,217.5056,478.5169,531.3066,590.3381,3016.7415,2426.4034262695313,test
2026-01-29 09:00:00,ZONE_A,299.6672670989616,330.6094,337.71744,392.195,123.1496273433265,139.02884,133.74973,202.15039,469.63824,471.46716,594.3454,2712.0679,2117.7225020507813,test
2026-01-29 09:15:00,ZONE_A,321.0279955382949,332.54605,351.2525,387.42795,151.55366606126836,124.32323,137.55191,150.7021,456.86926,488.8044,538.13007,2711.0437,2172.9136340820314,test
2026-01-29 09:30:00,ZONE_A,337.77581041607044,356.03,403.4605,442.85406,126.61179220070544,133.9435,136.38916,141.4969,489.9735,539.8497,584.35095,2768.878,2184.5270478515627,test
2026-01-29 09:45:00,ZONE_A,390.5135054077349,412.0555,419.6582,460.43878,210.79541502100267,226.39737,227.96207,213.92729,638.4529,647.62024,674.3661,2696.2122,2021.8461111328124,test
2026-01-29 10:00:00,ZONE_A,416.6472946878952,427.26154,463.7072,498.2638,148.32063117968028,137.82947,137.23328,139.96028,565.091,600.9405,638.22406,2704.502,2066.277939941406,test
2026-01-29 10:15:00,ZONE_A,461.7469612414709,481.72974,485.7713,519.7665,207.34576452427484,202.52206,204.47147,198.11456,684.25183,690.2428,717.88104,2714.6248,1996.7437575195313,test
2026-01-29 10:30:00,ZONE_A,435.85168203543486,430.73926,464.09073,504.27896,167.26440091447478,169.07977,158.78294,127.762856,599.81903,622.87366,632.0418,2720.6545,2088.612690917969,test
2026-01-29 10:45:00,ZONE_A,482.2812673519075,500.64694,509.63855,546.72174,95.61736811113768,109.59408,121.28021,86.21434,610.241,630.91876,632.9361,2696.3596,2063.4235038085935,test
2026-01-29 11:00:00,ZONE_A,500.42725179670094,514.1535,536.1657,601.7578,105.29129402077965,110.14647,90.4621,42.224445,624.3,626.6278,643.98224,2696.2085,2052.226261230469,test
2026-01-29 11:15:00,ZONE_A,556.7561197279792,567.6232,604.45215,542.93414,98.40688518731612,88.436714,71.2255,127.421165,656.05994,675.6777,670.3553,2694.7168,2024.361514355469,test
2026-01-29 11:30:00,ZONE_A,582.439049643329,609.68097,650.53284,560.4979,64.38886671220898,63.404675,43.619915,44.50913,673.08563,694.1528,605.0071,2698.7148,2093.707719921875,test
2026-01-29 11:45:00,ZONE_A,576.564999613279,625.53894,549.77844,585.93066,32.11940566536884,27.23574,37.379128,47.20222,652.77466,587.1576,633.1329,2726.99,2093.8571264648435,test
2026-01-29 12:00:00,ZONE_A,573.679629232576,558.14496,567.2375,533.57306,31.26301998191938,34.116196,37.195053,45.11386,592.26117,604.43256,578.6869,2701.1096,2122.4227103515623,test
2026-01-29 12:15:00,ZONE_A,534.9500249438037,542.6603,551.2385,484.73337,48.9070289724391,43.308113,46.179897,54.379005,585.9684,597.4184,539.11237,2678.5354,2139.423034277344,test
2026-01-29 12:30:00,ZONE_A,587.6964442716637,587.0406,560.6245,498.97354,63.52620138090143,58.027603,61.34167,54.314735,645.0682,621.9662,553.28827,2676.9138,2123.625530957031,test
2026-01-29 12:45:00,ZONE_A,541.8070037674956,541.7448,499.34192,483.55957,65.0131239571481,69.253525,70.77343,53.478714,610.99835,570.11536,537.03827,2671.106,2134.0677309570315,test
2026-01-29 13:00:00,ZONE_A,453.2536406365717,432.04095,446.45215,412.9331,77.81000269508232,80.88113,66.29578,54.12425,512.92206,512.7479,467.05734,2679.0076,2211.950257470703,test
2026-01-29 13:15:00,ZONE_A,467.3565295112653,455.2001,436.99326,448.93323,74.64311529221483,61.610023,76.38257,67.870125,516.8101,513.37585,516.80334,2660.8738,2144.0704552734373,test
2026-01-29 13:30:00,ZONE_A,392.718208530292,384.38916,388.1683,364.67276,42.54969144412907,43.98152,42.262177,39.46543,428.37067,430.43048,404.13818,2674.9585,2270.82031640625,test
2026-01-29 13:45:00,ZONE_A,393.2331925174645,371.87753,406.4674,380.82657,20.96650834453519,25.858118,36.910767,28.282396,397.73566,443.37817,409.10898,2680.3318,2271.2228217285156,test
2026-01-29 14:00:00,ZONE_A,440.8885158618456,420.82596,372.2906,347.11612,18.950596113217088,23.87208,31.307304,28.369312,444.69803,403.5979,375.48544,2681.7598,2306.2743568847654,test
2026-01-29 14:15:00,ZONE_A,427.3837188082442,408.33383,365.6293,338.7376,17.27898441665394,22.415281,24.40098,24.935818,430.7491,390.03027,363.67343,2673.1707,2309.4972686035157,test
2026-01-29 14:30:00,ZONE_A,375.5211434487032,344.06757,351.4125,300.4489,27.346261055925435,26.32831,32.581635,33.364956,370.39587,383.99414,333.81387,2668.8079,2334.994026708984,test
2026-01-29 14:45:00,ZONE_A,386.4907911752994,343.20438,337.5985,313.7355,39.57813623120554,40.897686,35.284454,32.250683,384.10205,372.88297,345.98618,2684.9502,2338.964024462891,test
2026-01-29 15:00:00,ZONE_A,368.4345035205404,340.85056,323.35983,265.16895,50.08597579824579,45.215298,48.944565,46.168102,386.06586,372.30438,311.33704,2779.1519,2467.8148638671873,test
2026-01-29 15:15:00,ZONE_A,338.9261273925905,311.4908,281.06116,244.94234,44.8050641442736,39.8081,44.868473,33.680813,351.29892,325.92963,278.62314,2794.3354,2515.7122615722656,test
2026-01-29 15:30:00,ZONE_A,311.1812402802009,290.48828,256.5003,211.3149,23.206661265787385,25.58719,29.199123,29.020922,316.07547,285.69943,240.33582,2787.6086,2547.2727845703125,test
2026-01-29 15:45:00,ZONE_A,268.8943781333216,256.3428,226.01723,154.36601,29.11630406740004,32.32667,28.501703,26.0336,288.66946,254.51894,180.39961,2776.5803,2596.1806875732423,test
2026-01-29 16:00:00,ZONE_A,247.1026452794788,211.23997,166.28693,106.7344,36.63600183736612,31.77211,25.400646,28.738783,243.01208,191.68758,135.47318,2806.512,2671.038824951172,test
2026-01-29 16:15:00,ZONE_A,209.1968873504277,174.2483,143.81787,86.346794,9.365387388972312,9.72227,8.078545,8.726219,183.97058,151.89642,95.07301,2811.2893,2716.216286694336,test
2026-01-29 16:30:00,ZONE_A,189.11976106639383,153.1587,120.44071,62.961433,4.5625602682043045,1.3918608,1.7397999,3.6613774,154.55057,122.18051,66.62281,2807.6565,2741.0336896362305,test
2026-01-29 16:45:00,ZONE_A,153.43109543065756,126.35429,92.624405,59.926422,2.2723680143072453,1.4397557,0.0,0.25184077,127.794044,92.624405,60.178265,2819.3184,2759.14013538208,test
2026-01-29 17:00:00,ZONE_A,133.44944441250917,94.25321,60.56629,0.8884047,2.637226370077104,0.4500649,0.0,0.23967218,94.70328,60.56629,1.1280769,2811.4956,2810.3675230890276,test
2026-01-29 17:15:00,ZONE_A,92.24015093432688,55.538376,24.466581,2.117621,0.4000417386903573,0.0,0.36141115,0.0,55.538376,24.827993,2.117621,2824.2407,2822.123079055023,test
2026-01-29 17:30:00,ZONE_A,65.27823886712488,26.320778,0.0,0.0,0.3853478740935874,1.095316,3.158568,0.0,27.416094,3.158568,0.0,2824.606,2824.606,test
2026-01-29 17:45:00,ZONE_A,29.18757292469327,0.0,2.0763366,0.0,0.0,1.3861679,0.29704264,0.0,1.3861679,2.3733792,0.0,2828.6824,2828.6824,test
2026-01-29 18:00:00,ZONE_A,0.0,0.0,4.5438576,0.51176053,0.0,0.0,0.16194189,0.0,0.0,4.7057996,0.51176053,2819.9683,2819.456539467144,test
2026-01-29 18:15:00,ZONE_A,0.0,3.2274594,1.7387297,0.0,0.0,0.7939233,0.6880283,0.0,4.021383,2.426758,0.0,2823.4666,2823.4666,test
2026-01-29 18:30:00,ZONE_A,0.0,10.390446,17.205597,4.726751,0.0,0.0,0.10173091,0.0,10.390446,17.307327,4.726751,2825.2612,2820.5344491493224,test
2026-01-29 18:45:00,ZONE_A,0.0,0.0,0.0,0.0,0.0,1.8511562,0.88285756,0.0,1.8511562,0.88285756,0.0,2812.8,2812.8,test
2026-01-29 19:00:00,ZONE_A,0.0,0.33458865,0.10036747,0.013756787,0.0,0.9133994,0.23600261,0.42250335,1.247988,0.33637008,0.43626013,2791.4353,2790.9990398660184,test
2026-01-29 19:15:00,ZONE_A,0.0,1.4797032,2.290918,0.0,0.0,0.22137675,0.5190627,0.51905566,1.70108,2.8099809,0.51905566,2820.0437,2819.524644335461,test
2026-01-29 19:30:00,ZONE_A,0.0,0.0,0.0,0.24821374,0.0,1.6056908,1.4208494,0.51905566,1.6056908,1.4208494,0.7672694,2810.1047,2809.33743062706,test
2026-01-29 19:45:00,ZONE_A,0.0,0.0,0.0,0.0,0.0,1.244735,0.6550625,2.528355,1.244735,0.6550625,2.528355,2781.459,2778.930645116806,test
2026-01-29 20:00:00,ZONE_A,0.0,0.0,0.0,0.0,0.0,0.90661365,1.3184615,3.1479974,0.90661365,1.3184615,3.1479974,2646.1357,2642.987702620697,test
2026-01-29 20:15:00,ZONE_A,0.0,0.0,0.0,0.0,0.808063716407836,1.1734976,1.4125471,2.528355,1.1734976,1.4125471,2.528355,2643.681,2641.152645116806,test
2026-01-29 20:30:00,ZONE_A,0.0,0.21454963,0.0,0.0,0.0,1.159819,1.4125471,2.528355,1.3743687,1.4125471,2.528355,2613.6702,2611.141845116806,test
2026-01-29 20:45:00,ZONE_A,0.0,0.03494791,0.0,0.0,0.0,1.4052844,0.5060451,2.265712,1.4402323,0.5060451,2.265712,2602.4724,2600.2066879772187,test
2026-01-29 21:00:00,ZONE_A,0.0,0.15128502,0.25526464,0.0,0.0,1.2473911,1.4125471,2.6693134,1.3986762,1.6678118,2.6693134,2576.8591,2574.189786569214,test
2026-01-29 21:15:00,ZONE_A,0.0,0.30140537,0.0,0.0,0.0,0.0,1.4125471,1.9757774,0.30140537,1.4125471,1.9757774,2532.7998,2530.8240226123808,test
2026-01-29 21:30:00,ZONE_A,0.0,0.36960337,0.0,0.0,0.0,1.3332614,1.4125471,1.5306929,1.7028648,1.4125471,1.5306929,2522.1812,2520.65050706501,test
2026-01-29 21:45:00,ZONE_A,0.0,0.15481827,0.0,0.070444405,0.0,1.4052844,1.4125471,2.265712,1.5601027,1.4125471,2.3361564,2445.266,2442.9298436317445,test
2026-01-29 22:00:00,ZONE_A,0.0,0.18722865,0.0,0.0,0.0,1.7341001,4.3711586,2.6063633,1.9213288,4.3711586,2.6063633,2433.7588,2431.1524367034913,test
2026-01-29 22:15:00,ZONE_A,0.0,0.0,0.0,0.349802,0.0,1.2473911,1.4125471,1.7594751,1.2473911,1.4125471,2.109277,2413.322,2411.212722990036,test
2026-01-29 22:30:00,ZONE_A,0.0,0.0,0.0,0.0,0.0,1.4643276,0.81870794,3.674095,1.4643276,0.81870794,3.674095,2372.395,2368.72090508461,test
2026-01-29 22:45:00,ZONE_A,0.0,0.0,0.0,0.0,0.0,1.7869072,1.4125471,3.0700104,1.7869072,1.4125471,3.0700104,2333.753,2330.68298957634,test
2026-01-29 23:00:00,ZONE_A,0.0,0.18722865,0.55252,0.0,0.0,1.7788185,0.5060451,3.2269065,1.9660472,1.0585651,3.2269065,2329.0242,2325.79729346199,test
2026-01-29 23:15:00,ZONE_A,0.0,0.17475703,0.0,0.0,0.0,1.2473911,1.4125471,2.4580266,1.4221481,1.4125471,2.4580266,2314.2544,2311.796373352432,test
2026-01-29 23:30:00,ZONE_A,0.0,0.0,0.0,0.0,0.0,2.0381312,1.4125471,3.0429795,2.0381312,1.4125471,3.0429795,2324.7622,2321.719220521164,test
2026-01-29 23:45:00,ZONE_A,0.0,0.15481827,0.30911216,0.0,0.0,1.4052844,1.4125471,2.231219,1.5601027,1.7216593,2.231219,2307.5164,2305.2851809467315,test
2026-01-30 00:00:00,ZONE_A,0.0,0.0,0.0,0.0,0.0,1.7468041,0.9525759,1.7035288,1.7468041,0.9525759,1.7035288,2315.8228,2314.119271238136,test
2026-01-30 00:15:00,ZONE_A,0.0,0.0,0.0,0.0,0.0,1.7468041,0.9525759,1.7035288,1.7468041,0.9525759,1.7035288,2296.9421,2295.2385712381365,test
2026-01-30 00:30:00,ZONE_A,0.0,0.0058094524,0.0,0.88209873,0.0,1.483895,1.9513731,2.1052945,1.4897044,1.9513731,2.9873931,2299.489,2296.501606859207,test
2026-01-30 00:45:00,ZONE_A,0.0,0.0,0.91038036,1.0172864,0.0,1.5559179,1.9513731,1.6928303,1.5559179,2.8617535,2.7101169,2295.5693,2292.8591831367494,test
2026-01-30 01:00:00,ZONE_A,0.0,0.0,0.0,0.0,0.0,1.7468041,1.8716606,1.7035288,1.7468041,1.8716606,1.7035288,2300.757,2299.0534712381364,test
2026-01-30 01:15:00,ZONE_A,0.0,0.0,0.0,0.0,0.0,0.631242,1.0069188,1.8428967,0.631242,1.0069188,1.8428967,2295.3604,2293.5175033000946,test
2026-01-30 01:30:00,ZONE_A,0.0,0.0,0.0,0.47474864,0.0,0.866066,0.05852872,1.2329978,0.866066,0.05852872,1.7077464,2295.4236,2293.715853613472,test
2026-01-30 01:45:00,ZONE_A,0.0,0.0,1.0672982,0.7584492,0.0,1.9046974,1.9134204,0.0,1.9046974,2.9807186,0.7584492,2297.9106,2297.1521508031847,test
2026-01-30 02:00:00,ZONE_A,0.0,0.19606265,0.0,0.0,0.0,1.7468041,1.9134204,1.8592917,1.9428668,1.9134204,1.8592917,2297.7026,2295.8433083272935,test
2026-01-30 02:15:00,ZONE_A,0.0,0.0058094524,0.0,0.0,0.0,0.95363826,0.05852872,1.0396336,0.9594477,0.05852872,1.0396336,2293.2952,2292.255566368294,test
2026-01-30 02:30:00,ZONE_A,0.0,0.0,0.0,0.88209873,0.0,1.8326744,1.9877458,2.4385478,1.8326744,1.9877458,3.3206465,2289.6702,2286.3495534755707,test
2026-01-30 02:45:00,ZONE_A,0.0,0.0,0.91038036,0.7584492,0.0,1.9046974,0.9525759,1.8592917,1.9046974,1.8629563,2.6177409,2290.9775,2288.359759130478,test
2026-01-30 03:00:00,ZONE_A,0.0,0.0,0.0,0.0,0.0,1.7477416,1.9134204,2.0526555,1.7477416,1.9134204,2.0526555,2290.7139,2288.66124454155,test
2026-01-30 03:15:00,ZONE_A,0.0,0.0,0.0,0.0,0.0,1.7166392,1.5992142,2.616281,1.7166392,1.5992142,2.616281,2288.353,2285.736718967438,test
2026-01-30 03:30:00,ZONE_A,0.0,0.0,0.0,0.88209873,0.0,1.8326744,1.9134204,2.5943108,1.8326744,1.9134204,3.4764094,2288.975,2285.4985905647277,test
2026-01-30 03:45:00,ZONE_A,0.0,0.0,4.125819,1.0172864,0.0,2.0790772,3.4167802,1.896893,2.0790772,7.5425997,2.9141793,2297.8572,2294.943020674896,test
2026-01-30 04:00:00,ZONE_A,0.0,4.9254246,0.0,0.0,0.0,3.8069558,1.8716606,2.0526555,8.73238,1.8716606,2.0526555,2293.0813,2291.0286445415495,test
2026-01-30 04:15:00,ZONE_A,0.0,0.0,0.022087988,0.0,0.0,0.8035849,1.7528251,0.5796311,0.8035849,1.7749131,0.5796311,2282.1824,2281.602768909836,test
2026-01-30 04:30:00,ZONE_A,0.0,0.0,0.0,1.4847252,0.0,1.7761487,1.7493117,1.629838,1.7761487,1.7493117,3.1145632,2302.1477,2299.0331367733,test
2026-01-30 04:45:00,ZONE_A,0.0,0.011805187,0.91038036,0.65196484,0.0,2.4536548,2.185867,2.0526555,2.46546,3.0962474,2.7046204,2323.9456,2321.240979638672,test
2026-01-30 05:00:00,ZONE_A,0.0,0.0,0.0,0.0,0.0,1.8053224,1.5758893,1.8018746,1.8053224,1.5758893,1.8018746,2563.8289,2562.027025362396,test
2026-01-30 05:15:00,ZONE_A,0.0,0.04858943,1.6705613,0.0,0.0,3.526976,2.0669727,6.586189,3.5755656,3.737534,6.586189,2614.333,2607.7468112068177,test
2026-01-30 05:30:00,ZONE_A,0.0,0.031743914,0.0,0.5167768,0.0,1.7761487,3.4304602,1.629838,1.8078926,3.4304602,2.1466148,2565.3428,2563.196185210037,test
2026-01-30 05:45:00,ZONE_A,0.0,0.0,5.831546,14.793479,0.0,3.892826,1.8716606,6.044534,3.892826,7.7032065,20.838013,2628.6545,2607.8164873046876,test
2026-01-30 06:00:00,ZONE_A,0.0,4.89871,5.617862,51.56667,0.0,0.7154849,1.3812817,9.685337,5.614195,6.999144,61.252007,2663.651,2602.398993469238,test
2026-01-30 06:15:00,ZONE_A,0.0,0.7507752,2.8200607,37.420383,0.0,1.786325,2.0944605,2.8355618,2.5371003,4.914521,40.255943,2645.2268,2604.97085670166,test
2026-01-30 06:30:00,ZONE_A,0.0,0.0,14.608423,88.18395,0.0,1.078219,2.8188627,5.7002206,1.078219,17.427286,93.88417,2762.4475,2668.5633294677737,test
2026-01-30 06:45:00,ZONE_A,0.0,1.9121612,18.94963,77.194725,0.0,2.144581,0.68743104,1.8440859,4.056742,19.637062,79.03881,2755.565,2676.5261892700196,test
2026-01-30 07:00:00,ZONE_A,0.0,18.653622,76.26772,107.327034,0.0,0.7154849,1.9409674,1.2635493,19.369106,78.20869,108.59058,2798.117,2689.5264161987307,test
2026-01-30 07:15:00,ZONE_A,23.02385683596809,51.68304,87.54688,137.129,0.0,0.0,2.1643221,1.9200289,51.68304,89.711205,139.04903,2848.0344,2708.985373510742,test
2026-01-30 07:30:00,ZONE_A,45.26382380508686,39.914974,85.113396,146.27904,0.0,3.3238544,1.8842455,1.2635493,43.23883,86.99764,147.54259,2871.7144,2724.1718127197264,test
2026-01-30 07:45:00,ZONE_A,66.1232741201906,99.17152,123.83093,202.32753,0.0,1.4133792,1.8842455,1.0915129,100.58489,125.71518,203.41904,2883.397,2679.9779631347656,test
2026-01-30 08:00:00,ZONE_A,89.00404198379503,101.99152,123.80098,168.0031,0.0,1.513526,1.8842455,1.8210874,103.50505,125.68523,169.82419,3021.917,2852.092811767578,test
2026-01-30 08:15:00,ZONE_A,120.9701002584997,147.68166,177.32225,231.56807,0.0,1.513526,2.1372106,3.4359543,149.19518,179.45946,235.00403,2982.4763,2747.4722716796873,test
2026-01-30 08:30:00,ZONE_A,174.16195089890775,212.01614,219.73473,299.1866,0.0,0.7162949,2.1372106,1.2635493,212.73244,221.87193,300.45016,3099.9456,2799.495435205078,test
2026-01-30 08:45:00,ZONE_A,204.81563726704908,227.37874,259.5457,324.0572,0.0,2.755313,3.7565129,2.7689462,230.13405,263.3022,326.82614,3032.9148,2706.088658642578,test
2026-01-30 09:00:00,ZONE_A,215.2375168632083,237.89102,264.591,275.34283,0.0,1.506255,2.1974213,1.9539557,239.39728,266.78842,277.29678,2766.5066,2489.2098165527345,test
2026-01-30 09:15:00,ZONE_A,253.7315248689052,280.8459,309.00256,318.9167,0.0,2.0470517,2.6668365,3.5639834,282.89294,311.6694,322.48068,2703.195,2380.7143176269533,test
2026-01-30 09:30:00,ZONE_A,314.57959235127834,341.00113,331.74982,357.46072,0.0,0.7162949,2.7270474,1.0284922,341.71744,334.47687,358.48923,2732.056,2373.566772705078,test
2026-01-30 09:45:00,ZONE_A,322.7365222674082,334.68094,337.24237,387.82913,0.0,1.0527581,0.5610165,5.237285,335.7337,337.80338,393.0664,2747.4087,2354.34229375,test
2026-01-30 10:00:00,ZONE_A,349.65477854906703,352.80017,354.67285,434.61865,0.0,0.0,2.5155427,5.4856067,352.80017,357.1884,440.10425,2727.302,2287.197751953125,test
2026-01-30 10:15:00,ZONE_A,353.6477044498505,356.85956,384.36694,414.21533,0.0,0.21525389,1.202725,4.556521,357.0748,385.56967,418.77185,2675.3142,2256.5423494140623,test
2026-01-30 10:30:00,ZONE_A,320.0320441389454,325.2926,351.99924,340.36224,0.0,0.0,1.8981494,2.406073,325.2926,353.8974,342.7683,2705.5845,2362.816189453125,test
2026-01-30 10:45:00,ZONE_A,398.7555845599694,408.60913,418.16257,444.4046,0.0,2.3967283,2.8402355,2.9090724,411.00586,421.0028,447.31366,2719.0386,2271.724940332031,test
2026-01-30 11:00:00,ZONE_A,444.08046564322825,438.98346,449.5125,443.80145,0.0,0.7811612,1.4755043,1.9599013,439.76462,450.988,445.76135,2703.695,2257.9336474609377,test
2026-01-30 11:15:00,ZONE_A,457.699718860244,458.78833,496.6199,486.73904,0.0,1.4558657,1.8842455,1.2635493,460.2442,498.50415,488.0026,2730.3296,2242.3270060058594,test
2026-01-30 11:30:00,ZONE_A,422.8193994448008,443.75433,438.50958,461.63232,1.5622329746036023,1.1344343,0.5610165,0.86442304,444.88876,439.0706,462.49673,2714.4724,2251.9756653808595,test
2026-01-30 11:45:00,ZONE_A,483.3185060266639,490.10342,473.93585,503.57898,1.109847430466399,0.011622012,1.2170776,2.2750902,490.11505,475.15292,505.85406,2698.7598,2192.9057350585936,test
2026-01-30 12:00:00,ZONE_A,418.55762464846606,408.7809,398.33185,413.81247,0.0,0.71673095,2.082363,0.9800324,409.49765,400.4142,414.7925,2697.2688,2282.4762890136717,test
2026-01-30 12:15:00,ZONE_A,428.79779303911175,427.6041,427.00656,463.778,0.0,0.0,2.4588208,2.3775423,427.6041,429.4654,466.15555,2704.805,2238.6494519042967,test
2026-01-30 12:30:00,ZONE_A,426.0506266701226,428.87396,426.9787,484.76273,0.0,0.0,1.0055497,0.0,428.87396,427.98425,484.76273,2698.79,2214.027274169922,test
2026-01-30 12:45:00,ZONE_A,435.14906425064567,428.31348,425.6958,451.75186,0.0,1.0002071,1.1524314,0.49972236,429.3137,426.84824,452.2516,2704.7334,2252.4818130859376,test
2026-01-30 13:00:00,ZONE_A,446.6459155137703,453.93262,450.7015,420.93796,3.570870324312315,3.4959068,1.4068767,0.0,457.42853,452.1084,420.93796,2675.4346,2254.496642236328,test
2026-01-30 13:15:00,ZONE_A,390.25758749745467,389.52582,377.40686,393.12164,3.886606885640816,2.3080187,2.659253,2.4421453,391.83383,380.0661,395.56378,2691.161,2295.597218261719,test
2026-01-30 13:30:00,ZONE_A,418.7479463508083,407.64313,416.95795,355.80453,0.0,0.0,1.9031409,1.3919134,407.64313,418.86108,357.19644,2717.7817,2360.5852583496094,test
2026-01-30 13:45:00,ZONE_A,409.4304926328141,388.14294,398.29333,370.3068,0.0,2.477329,2.1674356,0.0,390.62027,400.4608,370.3068,2702.5178,2332.2110067871095,test
2026-01-30 14:00:00,ZONE_A,414.8918555400375,401.54486,388.10034,312.64523,0.0,1.8907181,0.7667953,0.0,403.43558,388.86713,312.64523,2689.4685,2376.823266845703,test
2026-01-30 14:15:00,ZONE_A,422.0799329928376,406.18063,358.2292,321.53976,0.0,1.1307336,0.93794596,0.28842568,407.31137,359.16714,321.8282,2684.5012,2362.673013964844,test
2026-01-30 14:30:00,ZONE_A,324.6354449419044,308.7874,301.63208,254.45326,0.0,1.1054652,0.72506106,0.0,309.89288,302.35715,254.45326,2683.8945,2429.4412376708983,test
2026-01-30 14:45:00,ZONE_A,301.19449184447615,278.42453,274.66135,225.96454,0.0,0.0,1.3830118,0.0,278.42453,276.04437,225.96454,2682.572,2456.6074614257814,test
2026-01-30 15:00:00,ZONE_A,271.4574466314648,261.91113,244.70268,196.57748,0.0,1.1638641,3.2193863,2.679562,263.075,247.92207,199.25705,2779.4536,2580.196550439453,test
2026-01-30 15:15:00,ZONE_A,222.2750319752299,227.96214,210.90367,164.36674,0.0,0.32235944,0.68696004,0.0,228.2845,211.59064,164.36674,2801.8474,2637.480655004883,test
2026-01-30 15:30:00,ZONE_A,244.39607605892263,233.79364,222.53267,165.66348,0.0,4.7625885,0.70658433,1.5585308,238.55623,223.23926,167.22202,2812.145,2644.9229846191406,test
2026-01-30 15:45:00,ZONE_A,179.75498808395042,193.55376,179.46721,117.870384,0.0,0.0,1.0312562,0.7163901,193.55376,180.49846,118.58678,2811.4194,2692.832623266602,test
2026-01-30 16:00:00,ZONE_A,216.4802902146908,181.84479,149.75317,104.62248,0.0,0.5457408,0.7842362,0.15184511,182.39053,150.53741,104.77433,2811.76,2706.98566986084,test
2026-01-30 16:15:00,ZONE_A,202.40404152666807,167.29831,140.51414,82.13892,0.0,0.0,0.5889241,0.0,167.29831,141.10307,82.13892,2812.6353,2730.4963763549804,test
2026-01-30 16:30:00,ZONE_A,181.1892690504378,156.50027,111.2038,49.20601,0.0,0.0,0.55596405,0.0,156.50027,111.75976,49.20601,2816.374,2767.167991088867,test
2026-01-30 16:45:00,ZONE_A,144.32828445010878,112.03178,74.15145,37.94285,0.0,0.45098045,0.3088481,0.0,112.48276,74.4603,37.94285,2807.2866,2769.3437517944335,test
2026-01-30 17:00:00,ZONE_A,117.07381085096894,86.79038,47.932133,4.4903483,0.0,1.54993,2.1243925,0.0,88.34031,50.056526,4.4903483,2810.9211,2806.430751660919,test
2026-01-30 17:15:00,ZONE_A,88.85243248664435,48.841854,24.857533,1.6684569,0.0,2.0888093,0.52871305,0.0,50.930664,25.386246,1.6684569,2805.5903,2803.921843087959,test
2026-01-30 17:30:00,ZONE_A,60.53950558942877,24.093546,1.2185172,0.0,0.0,0.0,0.24863704,0.0,24.093546,1.4671543,0.0,2803.8877,2803.8877,test
2026-01-30 17:45:00,ZONE_A,31.98337565810701,0.0,0.733924,0.0,0.0,1.244735,0.5190627,0.1263049,1.244735,1.2529867,0.1263049,2805.1567,2805.0303951053143,test
2026-01-30 18:00:00,ZONE_A,0.0,0.0,0.0,0.01760727,0.0,0.9133994,2.048575,0.1263049,0.9133994,2.048575,0.14391217,2803.1248,2802.980887833643,test
2026-01-30 18:15:00,ZONE_A,0.0,1.4036365,0.0,0.0,0.0,0.18750235,0.41667473,0.5142349,1.5911388,0.41667473,0.5142349,2801.2644,2800.7501650995255,test
2026-01-30 18:30:00,ZONE_A,0.0,0.4399104,1.0333997,0.0,0.0,0.0,0.24863704,2.1116252,0.4399104,1.2820368,2.1116252,2813.1228,2811.0111748054505,test
2026-01-30 18:45:00,ZONE_A,0.0,0.0,0.0,0.40043655,0.0,1.244735,0.5190627,0.1263049,1.244735,0.5190627,0.52674145,2803.8982,2803.3714585549355,test
2026-01-30 19:00:00,ZONE_A,0.0,0.0,0.0,0.013756787,0.0,1.5198206,1.514935,0.1263049,1.5198206,1.514935,0.14006168,2815.2375,2815.097438323498,test
2026-01-30 19:15:00,ZONE_A,0.0,0.0,0.0,0.8792018,0.0,0.9133994,0.5190627,2.7600675,0.9133994,0.5190627,3.6392694,2776.1895,2772.5502306480407,test
2026-01-30 19:30:00,ZONE_A,0.0,0.0,0.0,0.0,0.0,1.7148842,0.6947958,2.7812517,1.7148842,0.6947958,2.7812517,2789.4875,2786.70624833107,test
2026-01-30 19:45:00,ZONE_A,0.0,0.0,0.0,0.59984416,0.0,1.244735,1.2368139,3.8607528,1.244735,1.2368139,4.460597,2785.9958,2781.535202961731,test
2026-01-30 20:00:00,ZONE_A,0.0,0.068181455,0.0,0.8792018,0.0,1.1381975,0.7922621,0.44877905,1.2063789,0.7922621,1.3279809,2664.419,2663.091019124031,test
2026-01-30 20:15:00,ZONE_A,0.0,0.0,0.0,0.013756787,0.0,1.176677,2.5839338,2.234563,1.176677,2.5839338,2.2483199,2636.9468,2634.698480135727,test
2026-01-30 20:30:00,ZONE_A,0.0,0.0,0.0,0.0,2.746479933951561,2.5491679,1.0110615,3.9860399,2.5491679,1.0110615,3.9860399,2618.6462,2614.6601601230623,test
2026-01-30 20:45:00,ZONE_A,0.0,0.0,0.0,0.0,1.8028598694784337,2.1662314,1.3716823,0.4091214,2.1662314,1.3716823,0.4091214,2609.7725,2609.3633786058426,test
2026-01-30 21:00:00,ZONE_A,0.0,0.068181455,0.0,0.349802,6.114174659084192,4.65885,5.156372,3.8304915,4.7270317,5.156372,4.1802936,2554.3186,2550.138306439972,test
2026-01-30 21:15:00,ZONE_A,0.0,0.0,0.0,0.349802,13.488898923737118,12.409135,9.231125,9.695538,12.409135,9.231125,10.04534,2517.8074,2507.7620604156496,test
2026-01-30 21:30:00,ZONE_A,0.0,0.0,0.0,0.0,24.03790836413452,19.971825,17.576113,15.047129,19.971825,17.576113,15.047129,2490.8179,2475.770771322632,test
2026-01-30 21:45:00,ZONE_A,0.0,0.0,0.0,0.0012756959,25.382692018668937,23.212423,21.515446,21.175055,23.212423,21.515446,21.17633,2470.7087,2449.532369433594,test
2026-01-30 22:00:00,ZONE_A,0.0,0.18722865,0.0,0.349802,17.517246577098273,18.234507,12.987419,19.60204,18.421736,12.987419,19.951841,2440.5,2420.54815864563,test
2026-01-30 22:15:00,ZONE_A,0.0,0.0,0.022375494,0.349802,6.768496101693391,7.2992597,7.0629497,8.16816,7.2992597,7.0853252,8.517962,2402.2903,2393.7723375442506,test
2026-01-30 22:30:00,ZONE_A,0.0,0.36960337,0.0,0.0,6.51400850773817,7.2529397,9.833875,9.103606,7.622543,9.833875,9.103606,2372.8228,2363.71919377594,test
2026-01-30 22:45:00,ZONE_A,0.0,0.0,0.0,0.0,18.65635970278024,19.142397,14.479268,17.529163,19.142397,14.479268,17.529163,2342.9902,2325.4610366394045,test
2026-01-30 23:00:00,ZONE_A,0.0,0.18722865,0.24626672,,15.581529465496809,14.184721,10.726731,,14.371949,10.972998,0.0,,,test
2026-01-30 23:15:00,ZONE_A,0.0,0.0,0.0,,24.00138944079732,20.05329,22.733776,,20.05329,22.733776,0.0,,,test
2026-01-30 23:30:00,ZONE_A,0.0,0.0,,,37.660182931051786,33.95347,,,33.95347,0.0,0.0,,,test
2026-01-30 23:45:00,ZONE_A,0.0,,,,32.45610072698623,,,,0.0,0.0,0.0,,,test
2026-01-01 00:00:00,ZONE_B,0.0,,,,11.570072906103825,,,,0.0,0.0,0.0,,,train
2026-01-01 00:15:00,ZONE_B,0.0,,,,8.276499295450328,,,,0.0,0.0,0.0,,,train
2026-01-01 00:30:00,ZONE_B,0.0,,,,13.62494371759331,,,,0.0,0.0,0.0,,,train
2026-01-01 00:45:00,ZONE_B,0.0,,,,15.030685976928735,,,,0.0,0.0,0.0,,,train
2026-01-01 01:00:00,ZONE_B,0.0,,,,16.092013093835686,,,,0.0,0.0,0.0,,,train
2026-01-01 01:15:00,ZONE_B,0.0,,,,6.76461238811534,,,,0.0,0.0,0.0,,,train
2026-01-01 01:30:00,ZONE_B,0.0,,,,1.612538228858121,,,,0.0,0.0,0.0,,,train
2026-01-01 01:45:00,ZONE_B,0.0,,,,1.3345536210139608,,,,0.0,0.0,0.0,,,train
2026-01-01 02:00:00,ZONE_B,0.0,,,,1.6070318043336116,,,,0.0,0.0,0.0,,,train
2026-01-01 02:15:00,ZONE_B,0.0,,,,0.0,,,,0.0,0.0,0.0,,,train
2026-01-01 02:30:00,ZONE_B,0.0,,,,0.0,,,,0.0,0.0,0.0,,,train
2026-01-01 02:45:00,ZONE_B,0.0,,,,0.0,,,,0.0,0.0,0.0,,,train
2026-01-01 03:00:00,ZONE_B,0.0,,,,0.0,,,,0.0,0.0,0.0,,,train
2026-01-01 03:15:00,ZONE_B,0.0,,,,0.0,,,,0.0,0.0,0.0,,,train
2026-01-01 03:30:00,ZONE_B,0.0,,,,1.0859607772881434,,,,0.0,0.0,0.0,,,train
2026-01-01 03:45:00,ZONE_B,0.0,,,,0.0,,,,0.0,0.0,0.0,,,train
2026-01-01 04:00:00,ZONE_B,0.0,,,,0.0,,,,0.0,0.0,0.0,,,train
2026-01-01 04:15:00,ZONE_B,0.0,,,,1.2116697686315343,,,,0.0,0.0,0.0,,,train
2026-01-01 04:30:00,ZONE_B,0.0,,,,1.2944826707016566,,,,0.0,0.0,0.0,,,train
2026-01-01 04:45:00,ZONE_B,0.0,,,,1.4694461798691312,,,,0.0,0.0,0.0,,,train
2026-01-01 05:00:00,ZONE_B,0.0,,,,6.708323989113295,,,,0.0,0.0,0.0,,,train
2026-01-01 05:15:00,ZONE_B,0.0,,,,2.87842822412201,,,,0.0,0.0,0.0,,,train
2026-01-01 05:30:00,ZONE_B,0.0,,,,4.778136898057862,,,,0.0,0.0,0.0,,,train
2026-01-01 05:45:00,ZONE_B,0.0,,,,11.36001766429365,,,,0.0,0.0,0.0,,,train
2026-01-01 06:00:00,ZONE_B,0.0,,,,9.538624005384554,,,,0.0,0.0,0.0,,,train
2026-01-01 06:15:00,ZONE_B,0.0,,,,13.836102065657157,,,,0.0,0.0,0.0,,,train
2026-01-01 06:30:00,ZONE_B,0.0,,,,8.997592736169995,,,,0.0,0.0,0.0,,,train
2026-01-01 06:45:00,ZONE_B,0.0,,,,6.587007419574574,,,,0.0,0.0,0.0,,,train
2026-01-01 07:00:00,ZONE_B,0.0,,,,7.68783535188754,,,,0.0,0.0,0.0,,,train
2026-01-01 07:15:00,ZONE_B,47.841814462685534,,,,11.337748576428435,,,,0.0,0.0,0.0,,,train
2026-01-01 07:30:00,ZONE_B,102.12902562474454,,,,17.82657614170207,,,,0.0,0.0,0.0,,,train
2026-01-01 07:45:00,ZONE_B,163.5626421851197,,,,29.81389542586235,,,,0.0,0.0,0.0,,,train
2026-01-01 08:00:00,ZONE_B,216.67032677744368,,,,29.38539334450254,,,,0.0,0.0,0.0,,,train
2026-01-01 08:15:00,ZONE_B,268.04628992228794,,,,42.68701578871704,,,,0.0,0.0,0.0,,,train
2026-01-01 08:30:00,ZONE_B,323.8413107098852,,,,38.86776146005529,,,,0.0,0.0,0.0,,,train
2026-01-01 08:45:00,ZONE_B,380.92260632355993,,,,50.974798442415725,,,,0.0,0.0,0.0,,,train
2026-01-01 09:00:00,ZONE_B,372.8231233023745,,,,54.08904067939935,,,,0.0,0.0,0.0,,,train
2026-01-01 09:15:00,ZONE_B,420.227477306894,,,,59.64325348740351,,,,0.0,0.0,0.0,,,train
2026-01-01 09:30:00,ZONE_B,452.6453101059788,,,,64.44486751240011,,,,0.0,0.0,0.0,,,train
2026-01-01 09:45:00,ZONE_B,503.0366671179351,,,,43.03234453285158,,,,0.0,0.0,0.0,,,train
2026-01-01 10:00:00,ZONE_B,524.9990038023451,,,,31.326850892658246,,,,0.0,0.0,0.0,,,train
2026-01-01 10:15:00,ZONE_B,548.9185974480737,,,,31.23523699432358,,,,0.0,0.0,0.0,,,train
2026-01-01 10:30:00,ZONE_B,595.1482279415046,,,,18.048511016490565,,,,0.0,0.0,0.0,,,train
2026-01-01 10:45:00,ZONE_B,572.5190173022953,,,,23.810016775371192,,,,0.0,0.0,0.0,,,train
2026-01-01 11:00:00,ZONE_B,576.8060896276853,,,,31.531728872188435,,,,0.0,0.0,0.0,,,train
2026-01-01 11:15:00,ZONE_B,594.2047425514999,,,,35.69519697217024,,,,0.0,0.0,0.0,,,train
2026-01-01 11:30:00,ZONE_B,667.1073353902248,,,,24.90350052235464,,,,0.0,0.0,0.0,,,train
2026-01-01 11:45:00,ZONE_B,667.4909188842962,,,,38.22852362188291,,,,0.0,0.0,0.0,,,train
2026-01-01 12:00:00,ZONE_B,604.9427551679053,,,,66.850010206831,,,,0.0,0.0,0.0,,,train
2026-01-01 12:15:00,ZONE_B,635.2824984074431,,,,67.04951000282976,,,,0.0,0.0,0.0,,,train
2026-01-01 12:30:00,ZONE_B,584.7743297902915,,,,77.5588059137237,,,,0.0,0.0,0.0,,,train
2026-01-01 12:45:00,ZONE_B,557.3311882294817,,,,80.99527573332102,,,,0.0,0.0,0.0,,,train
2026-01-01 13:00:00,ZONE_B,544.9134469086916,,,,90.76009065066792,,,,0.0,0.0,0.0,,,train
2026-01-01 13:15:00,ZONE_B,556.9431235945635,,,,84.93380950679463,,,,0.0,0.0,0.0,,,train
2026-01-01 13:30:00,ZONE_B,610.199304496467,,,,86.00191628795054,,,,0.0,0.0,0.0,,,train
2026-01-01 13:45:00,ZONE_B,585.9964321770915,,,,108.08896359706208,,,,0.0,0.0,0.0,,,train
2026-01-01 14:00:00,ZONE_B,584.3375250219594,,,,164.35059923638434,,,,0.0,0.0,0.0,,,train
2026-01-01 14:15:00,ZONE_B,566.4998343794755,,,,128.10469055248467,,,,0.0,0.0,0.0,,,train
2026-01-01 14:30:00,ZONE_B,563.3614619169753,,,,128.9999977364083,,,,0.0,0.0,0.0,,,train
2026-01-01 14:45:00,ZONE_B,540.7867272588794,,,,98.9073826147212,,,,0.0,0.0,0.0,,,train
2026-01-01 15:00:00,ZONE_B,516.586620177318,,,,134.37023129531994,,,,0.0,0.0,0.0,,,train
2026-01-01 15:15:00,ZONE_B,478.97447852464256,,,,118.85950714755592,,,,0.0,0.0,0.0,,,train
2026-01-01 15:30:00,ZONE_B,459.76065778952034,,,,88.08903078539409,,,,0.0,0.0,0.0,,,train
2026-01-01 15:45:00,ZONE_B,406.0818510964335,,,,101.80457248822935,,,,0.0,0.0,0.0,,,train
2026-01-01 16:00:00,ZONE_B,375.8324519435696,,,,144.7817183046431,,,,0.0,0.0,0.0,,,train
2026-01-01 16:15:00,ZONE_B,346.7573155868125,,,,160.9646656616899,,,,0.0,0.0,0.0,,,train
2026-01-01 16:30:00,ZONE_B,311.68122258661884,,,,167.3573265125169,,,,0.0,0.0,0.0,,,train
2026-01-01 16:45:00,ZONE_B,258.0364062911823,,,,177.71262974020703,,,,0.0,0.0,0.0,,,train
2026-01-01 17:00:00,ZONE_B,207.56476296405287,,,,228.112958972462,,,,0.0,0.0,0.0,,,train
2026-01-01 17:15:00,ZONE_B,151.1318937355096,,,,200.0555198494049,,,,0.0,0.0,0.0,,,train
2026-01-01 17:30:00,ZONE_B,102.34809070562936,,,,194.2455004042837,,,,0.0,0.0,0.0,,,train
2026-01-01 17:45:00,ZONE_B,51.22750304764425,,,,180.89995458109527,,,,0.0,0.0,0.0,,,train
2026-01-01 18:00:00,ZONE_B,0.0,,,,146.3817641872003,,,,0.0,0.0,0.0,,,train
2026-01-01 18:15:00,ZONE_B,0.0,,,,139.18252881494132,,,,0.0,0.0,0.0,,,train
2026-01-01 18:30:00,ZONE_B,0.0,,,,171.55147393919472,,,,0.0,0.0,0.0,,,train
2026-01-01 18:45:00,ZONE_B,0.0,,,,184.7680099112441,,,,0.0,0.0,0.0,,,train
2026-01-01 19:00:00,ZONE_B,0.0,,,,207.54070383656745,,,,0.0,0.0,0.0,,,train
2026-01-01 19:15:00,ZONE_B,0.0,,,,215.4301091713868,,,,0.0,0.0,0.0,,,train
2026-01-01 19:30:00,ZONE_B,0.0,,,,234.82825570848692,,,,0.0,0.0,0.0,,,train
2026-01-01 19:45:00,ZONE_B,0.0,,,,207.65070606863785,,,,0.0,0.0,0.0,,,train
2026-01-01 20:00:00,ZONE_B,0.0,,,,190.9328401888509,,,,0.0,0.0,0.0,,,train
2026-01-01 20:15:00,ZONE_B,0.0,,,,200.2045054922721,,,,0.0,0.0,0.0,,,train
2026-01-01 20:30:00,ZONE_B,0.0,,,,208.67319092610853,,,,0.0,0.0,0.0,,,train
2026-01-01 20:45:00,ZONE_B,0.0,,,,219.24588528858703,,,,0.0,0.0,0.0,,,train
2026-01-01 21:00:00,ZONE_B,0.0,,,,212.6343910124665,,,,0.0,0.0,0.0,,,train
2026-01-01 21:15:00,ZONE_B,0.0,,,,199.58677418477177,,,,0.0,0.0,0.0,,,train
2026-01-01 21:30:00,ZONE_B,0.0,,,,280.24796799468544,,,,0.0,0.0,0.0,,,train
2026-01-01 21:45:00,ZONE_B,0.0,,,,278.02124180109064,,,,0.0,0.0,0.0,,,train
2026-01-01 22:00:00,ZONE_B,0.0,,,,277.7985158140584,,,,0.0,0.0,0.0,,,train
2026-01-01 22:15:00,ZONE_B,0.0,,,,272.21976829498345,,,,0.0,0.0,0.0,,,train
2026-01-01 22:30:00,ZONE_B,0.0,,,,277.8993877432307,,,,0.0,0.0,0.0,,,train
2026-01-01 22:45:00,ZONE_B,0.0,,,,278.01325946617897,,,,0.0,0.0,0.0,,,train
2026-01-01 23:00:00,ZONE_B,0.0,,,,274.2824489994243,,,,0.0,0.0,0.0,,,train
2026-01-01 23:15:00,ZONE_B,0.0,,,,269.7408788970363,,,,0.0,0.0,0.0,,,train
2026-01-01 23:30:00,ZONE_B,0.0,,,,220.0981374600904,,,,0.0,0.0,0.0,,,train
2026-01-01 23:45:00,ZONE_B,0.0,,,,199.65035113050533,,,,0.0,0.0,0.0,,,train
2026-01-02 00:00:00,ZONE_B,0.0,0.5731844,0.783204,0.0,205.3800294117788,200.57622,240.59793,183.98398,201.1494,241.38113,183.98398,1603.6185,1419.6345217285157,train
2026-01-02 00:15:00,ZONE_B,0.0,0.14611992,0.0,0.0,198.0485384442496,233.10454,191.68335,173.6207,233.25066,191.68335,173.6207,1603.5972,1429.9765029785156,train
2026-01-02 00:30:00,ZONE_B,0.0,0.22437042,0.0,0.0,247.93046269867452,224.74016,214.89304,261.4941,224.96452,214.89304,261.4941,1603.7617,1342.2675898925781,train
2026-01-02 00:45:00,ZONE_B,0.0,0.20443171,1.2443464,0.33849916,195.977167077862,182.89351,176.52168,213.76808,183.09795,177.76602,214.10658,1603.559,1389.4524173583984,train
2026-01-02 01:00:00,ZONE_B,0.0,0.38868913,0.26159704,0.0,170.0373258161504,172.52274,202.69351,259.0673,172.91142,202.95511,259.0673,1601.6764,1342.6091087402344,train
2026-01-02 01:15:00,ZONE_B,0.0,0.41899198,0.0,0.0,222.25220443930965,243.02643,234.09352,257.66708,243.44542,234.09352,257.66708,1601.682,1344.0149162597656,train
2026-01-02 01:30:00,ZONE_B,0.0,0.23449679,0.0,0.75790596,227.14931300699672,245.39302,271.6022,239.75818,245.62752,271.6022,240.51608,1601.4133,1360.897217236328,train
2026-01-02 01:45:00,ZONE_B,0.0,0.38892692,0.8558938,0.9555614,259.97543138860453,261.91736,269.61792,264.2107,262.30627,270.47382,265.16626,1604.8239,1339.657640234375,train
2026-01-02 02:00:00,ZONE_B,0.0,0.38868913,0.07926226,0.0,280.56240920818493,274.1115,253.46545,242.26225,274.5002,253.54472,242.26225,1603.6036,1361.3413471923827,train
2026-01-02 02:15:00,ZONE_B,0.0,0.0,0.009524522,0.0,277.38519805422004,266.31747,270.12567,231.27681,266.31747,270.1352,231.27681,1603.3805,1372.1036903076172,train
2026-01-02 02:30:00,ZONE_B,0.0,0.40886563,0.009524522,0.0,277.334232300474,271.50827,261.20007,239.56355,271.91714,261.2096,239.56355,1605.4324,1365.8688471435546,train
2026-01-02 02:45:00,ZONE_B,0.0,0.38892692,1.6709697,0.4489133,280.305022897204,270.48785,252.20645,279.76123,270.87677,253.87743,280.21014,1603.1716,1322.9614559570311,train
2026-01-02 03:00:00,ZONE_B,0.0,0.45413724,1.4357125,0.0,225.3496343189792,234.92616,255.20357,271.24777,235.3803,256.63928,271.24777,1607.2919,1336.044127783203,train
2026-01-02 03:15:00,ZONE_B,0.0,0.40886563,0.009524522,0.0,213.12804565169017,234.93307,250.9622,246.92998,235.34193,250.97173,246.92998,1595.0603,1348.130322583008,train
2026-01-02 03:30:00,ZONE_B,0.0,0.40886563,0.0,0.0,244.82459729537555,264.57425,268.72827,242.8072,264.98312,268.72827,242.8072,1602.1625,1359.3552947998046,train
2026-01-02 03:45:00,ZONE_B,0.0,0.20443171,1.3100573,1.1321434,268.3053859355979,263.48657,260.97742,271.07874,263.691,262.28748,272.21088,1601.4966,1329.2857235351562,train
2026-01-02 04:00:00,ZONE_B,0.0,0.38868913,0.0,0.0,273.3601695490402,271.8952,264.9202,266.74176,272.2839,264.9202,266.74176,1602.3008,1335.5590397460937,train
2026-01-02 04:15:00,ZONE_B,0.0,0.26868013,8.624985,5.328742,278.53105993526367,266.23056,271.3083,267.06448,266.49924,279.9333,272.39322,1598.2705,1325.8772810058595,train
2026-01-02 04:30:00,ZONE_B,0.0,0.40886563,0.0,5.347041,251.2816822413262,258.99057,254.95691,272.67502,259.39944,254.95691,278.02206,1602.6385,1324.6164357910156,train
2026-01-02 04:45:00,ZONE_B,0.0,0.20443171,1.2825174,1.1321434,281.1878487636769,275.2505,275.6917,270.2856,275.45493,276.97424,271.41776,1607.6023,1336.184544873047,train
2026-01-02 05:00:00,ZONE_B,0.0,0.5731844,0.30445114,2.3382673,274.68080849123754,272.1349,270.99094,274.67947,272.70807,271.29538,277.01773,1833.3645,1556.3467692871093,train
2026-01-02 05:15:00,ZONE_B,0.0,0.60130304,3.1824145,0.0,276.99294639539164,278.15543,273.78275,271.13684,278.7567,276.96515,271.13684,1839.9486,1568.8117591796874,train
2026-01-02 05:30:00,ZONE_B,0.0,0.5149722,2.8192036,9.913895,275.7981636239059,273.85977,274.2604,261.25967,274.37476,277.07962,271.17358,1855.9581,1584.784516015625,train
2026-01-02 05:45:00,ZONE_B,0.0,0.0,6.707877,13.968494,273.8330204778252,276.49594,268.9177,275.3559,276.49594,275.62558,289.3244,1887.6614,1598.3369981445312,train
2026-01-02 06:00:00,ZONE_B,0.0,7.868164,35.19607,65.051636,273.50585637392726,268.98557,272.31503,273.79135,276.85373,307.5111,338.843,1888.521,1549.678012939453,train
2026-01-02 06:15:00,ZONE_B,0.0,3.6027775,2.469592,81.773476,274.0017230676125,270.02905,277.6339,272.0574,273.63184,280.10352,353.83087,2033.0264,1679.1955284179687,train
2026-01-02 06:30:00,ZONE_B,0.0,0.6635739,12.68917,126.95099,273.7978224757362,274.09048,274.2651,273.9509,274.75406,286.95428,400.9019,1972.572,1571.6701140136718,train
2026-01-02 06:45:00,ZONE_B,0.0,0.0,38.4984,98.41339,276.4496111566975,276.34985,275.32422,276.1574,276.34985,313.82263,374.5708,2008.8015,1634.23069921875,train
2026-01-02 07:00:00,ZONE_B,0.0,45.510628,74.990555,193.3353,281.43160974684,279.32507,277.16864,273.08835,324.8357,352.15918,466.42365,2001.7898,1535.3661549804688,train
2026-01-02 07:15:00,ZONE_B,50.02700520741218,107.039665,166.31482,280.57358,276.40865011025085,276.48956,276.4836,275.83865,383.52924,442.79843,556.41223,2024.4396,1468.0273685546874,train
2026-01-02 07:30:00,ZONE_B,110.2484705704173,167.43597,234.48016,366.73904,280.1743515021495,275.69937,275.85052,273.9509,443.13535,510.3307,640.68994,2093.2175,1452.5275585937502,train
2026-01-02 07:45:00,ZONE_B,167.63557104617487,219.58504,271.42517,374.2627,279.96605302869267,276.96567,274.9471,276.71423,496.55072,546.3723,650.9769,2133.636,1482.6590712890625,train
2026-01-02 08:00:00,ZONE_B,218.48135632853612,275.71185,332.04846,411.70117,279.21123802243693,273.91837,272.7229,274.46063,549.63025,604.77136,686.1618,2133.4426,1447.280795800781,train
2026-01-02 08:15:00,ZONE_B,271.8093336479852,336.4517,371.69098,471.48938,273.4053867232042,273.1593,277.77686,274.3476,609.61096,649.46783,745.837,2204.3223,1458.4853249023436,train
2026-01-02 08:30:00,ZONE_B,332.7053373931469,373.82626,425.84482,504.3575,273.4450908111608,275.55576,275.16998,274.20847,649.382,701.0148,778.566,2195.1375,1416.5715209960936,train
2026-01-02 08:45:00,ZONE_B,361.3169134037047,423.8554,462.72903,515.49115,278.9089087252617,274.9919,273.75635,272.71216,698.8473,736.48535,788.2033,2294.1172,1505.9138918945314,train
2026-01-02 09:00:00,ZONE_B,417.90450702895936,463.24582,500.55438,593.0704,275.095311157837,272.58075,276.10025,274.7991,735.82654,776.65466,867.8695,1970.5913,1102.7217931640625,train
2026-01-02 09:15:00,ZONE_B,459.73433256498026,499.27542,517.51105,617.89343,273.7429654259271,278.61496,275.3783,274.1553,777.8904,792.88934,892.0487,1967.717,1075.6682939453126,train
2026-01-02 09:30:00,ZONE_B,494.9171864648251,520.51666,568.1705,644.176,279.3377274492808,272.7459,274.601,285.04245,793.2626,842.7715,929.2185,2055.9644,1126.7458941406248,train
2026-01-02 09:45:00,ZONE_B,516.5539361101332,559.8764,589.7521,630.28534,276.3330601436122,274.51953,274.62338,276.8731,834.39594,864.3755,907.15845,1930.0802,1022.9217527343751,train
2026-01-02 10:00:00,ZONE_B,586.9599308223383,613.572,630.372,660.53784,281.0610629957065,278.85468,275.99643,275.6774,892.4267,906.3684,936.2152,1996.3932,1060.1779900390625,train
2026-01-02 10:15:00,ZONE_B,590.0622113962205,622.5248,638.632,707.09564,275.771858200075,270.35287,274.87265,274.07715,892.8777,913.50464,981.1728,2122.499,1141.326209472656,train
2026-01-02 10:30:00,ZONE_B,625.1610855628517,646.2586,654.7943,719.6679,274.11871809043,275.11514,274.11447,276.857,921.3738,928.9088,996.5249,1963.5585,967.0335976562501,train
2026-01-02 10:45:00,ZONE_B,623.6215114083412,646.43585,702.63403,719.02295,275.1176761262785,276.8041,275.9085,278.9748,923.24,978.54254,997.99774,2037.5516,1039.5538583007813,train
2026-01-02 11:00:00,ZONE_B,648.4350575212355,700.44366,740.7562,765.3761,278.2285594431118,271.15472,273.69177,276.39096,971.5984,1014.448,1041.7671,2049.681,1007.91391015625,train
2026-01-02 11:15:00,ZONE_B,719.7116684127951,736.18256,724.8502,751.63025,270.46468217849923,276.80206,274.60126,277.9686,1012.9846,999.4515,1029.5989,2058.511,1028.912123046875,train
2026-01-02 11:30:00,ZONE_B,734.8318347696022,725.1513,765.8847,785.5909,273.74153285077045,279.5317,275.07272,276.38672,1004.683,1040.9574,1061.9775,1965.4596,903.4820609374999,train
2026-01-02 11:45:00,ZONE_B,713.4987825010232,746.0231,753.27216,795.06177,279.04418318083185,276.91486,274.86417,276.68515,1022.9379,1028.1364,1071.747,1969.2625,897.5155517578125,train
2026-01-02 12:00:00,ZONE_B,753.1719601039383,758.57825,771.7629,702.0201,273.9353003230344,276.59363,275.62845,276.91565,1035.1719,1047.3914,978.9357,2046.0391,1067.1033700195312,train
2026-01-02 12:15:00,ZONE_B,757.5289762613108,777.8998,782.05927,752.24695,277.37903306344214,280.7263,275.15692,276.54352,1058.6261,1057.2162,1028.7905,2014.8506,986.06007265625,train
2026-01-02 12:30:00,ZONE_B,769.7159373399567,780.94275,711.7575,712.6988,276.82822699768,274.0292,274.11685,276.71576,1054.9719,985.8744,989.41455,1970.43,981.0154492187501,train
2026-01-02 12:45:00,ZONE_B,785.8329729188259,730.0501,754.83765,709.18024,273.7112725593787,276.8041,274.47272,273.90875,1006.85425,1029.3103,983.089,1978.6859,995.5969107421874,train
2026-01-02 13:00:00,ZONE_B,706.1264795378517,736.40765,700.77106,651.3936,274.18456934960403,279.4602,276.30133,264.5689,1015.86786,977.0724,915.9625,1941.1056,1025.1430755859376,train
2026-01-02 13:15:00,ZONE_B,747.0999696064063,724.651,714.9523,645.4391,280.4671740952827,277.56732,278.6032,276.71576,1002.2183,993.5555,922.15485,1974.9479,1052.7930538085936,train
2026-01-02 13:30:00,ZONE_B,712.1972453497278,699.36884,657.9585,590.3898,280.5855215030894,276.51828,275.14597,275.7065,975.8871,933.1045,866.0963,1975.3873,1109.2909865234376,train
2026-01-02 13:45:00,ZONE_B,688.84321628111,659.28674,630.2744,592.3941,269.9939396041359,265.01675,276.0048,256.9442,924.30347,906.2792,849.3383,1944.039,1094.7006821289062,train
2026-01-02 14:00:00,ZONE_B,645.4210691075953,610.91077,590.8523,534.83624,280.7940235619146,279.74316,276.97266,254.71451,890.65393,867.82495,789.5508,2033.2294,1243.67861875,train
2026-01-02 14:15:00,ZONE_B,609.4824034086743,583.1667,574.73236,520.90344,273.0267142663675,280.44547,266.69733,272.00177,863.6122,841.4297,792.9052,1969.0232,1176.1179875976563,train
2026-01-02 14:30:00,ZONE_B,577.3738662040936,577.241,527.5126,481.25354,276.6608621562471,266.96643,245.3712,273.94122,844.20746,772.8838,755.19476,1941.5269,1186.3321368164063,train
2026-01-02 14:45:00,ZONE_B,582.4318664336383,525.67285,512.9179,456.1824,255.25908743831704,234.97577,254.4681,269.92734,760.6486,767.386,726.10974,1942.1107,1216.0009587890625,train
2026-01-02 15:00:00,ZONE_B,520.3694107821035,514.6149,477.45813,392.41187,231.7829748733608,254.98483,269.20557,269.28107,769.59973,746.6637,661.69293,2036.481,1374.7880678710937,train
2026-01-02 15:15:00,ZONE_B,533.3817149547929,504.62158,478.1435,360.8189,269.1629064742819,266.61465,275.22797,261.29807,771.2362,753.37146,622.11694,2019.2273,1397.110356640625,train
2026-01-02 15:30:00,ZONE_B,494.2586518030896,465.70282,399.6936,294.75983,276.33669635024523,276.12537,276.0343,276.03397,741.8282,675.7279,570.7938,2039.1979,1468.4040767578124,train
2026-01-02 15:45:00,ZONE_B,467.18473907940734,416.1516,346.4047,246.73434,273.21920352942686,273.05295,271.01047,270.3124,689.2046,617.41516,517.04675,2006.6592,1489.6124470703126,train
2026-01-02 16:00:00,ZONE_B,399.59129230559296,352.39703,303.89606,193.99315,276.1693676098695,272.63312,272.77878,267.9987,625.03015,576.6748,461.99182,2009.197,1547.2051787109374,train
2026-01-02 16:15:00,ZONE_B,345.83833581789423,300.72144,258.50906,166.35214,279.990790105119,274.58105,271.8508,264.43228,575.3025,530.35986,430.78442,2006.8253,1576.040876171875,train
2026-01-02 16:30:00,ZONE_B,293.33116644768006,246.20732,206.40985,104.67261,282.1246388925872,273.6916,276.36816,266.9217,519.8989,482.778,371.5943,2012.0868,1640.4925006835938,train
2026-01-02 16:45:00,ZONE_B,249.1386499147617,206.55208,157.30301,45.428074,274.2530566094025,276.9402,272.73434,233.50455,483.49225,430.03735,278.93262,2014.7565,1735.8238828125,train
2026-01-02 17:00:00,ZONE_B,211.02655010272017,162.84132,106.62365,0.16513172,280.17165320923107,278.77115,274.09146,258.4126,441.6125,380.71512,258.57773,2008.1841,1749.6063717285156,train
2026-01-02 17:15:00,ZONE_B,166.1640053824824,113.35864,60.78626,0.0,266.5603456271566,247.00888,223.57712,250.69545,360.36752,284.36337,250.69545,2006.6387,1755.9432501708984,train
2026-01-02 17:30:00,ZONE_B,109.9286398002624,55.60024,5.326997,0.0,231.6639586281224,227.20087,261.56522,243.83315,282.80112,266.8922,243.83315,2001.501,1757.6678548583984,train
2026-01-02 17:45:00,ZONE_B,52.43907736373559,4.855388,0.0,1.5269755,235.8941313876124,250.64806,234.35094,253.04674,255.50345,234.35094,254.57372,2002.6707,1748.096984790039,train
2026-01-02 18:00:00,ZONE_B,0.0,0.0,0.0,2.3512132,250.99260031503115,243.08401,240.17989,251.19545,243.08401,240.17989,253.54666,1998.2184,1744.6717386230468,train
2026-01-02 18:15:00,ZONE_B,0.0,0.0,0.0,0.0,273.2937061571594,261.1185,269.99725,257.59216,261.1185,269.99725,257.59216,1999.0161,1741.4239369140626,train
2026-01-02 18:30:00,ZONE_B,0.0,0.05010479,2.4114697,13.870822,278.1589857469974,275.30563,272.4863,240.31253,275.35574,274.89777,254.18335,1999.6213,1745.437950390625,train
2026-01-02 18:45:00,ZONE_B,0.0,0.0,0.13372874,3.9620938,275.92130856309035,275.92398,272.4863,267.70297,275.92398,272.62003,271.66507,2000.5886,1728.923530419922,train
2026-01-02 19:00:00,ZONE_B,0.0,0.0,0.43666902,3.9748666,271.39851131311053,263.97104,259.01532,271.59442,263.97104,259.452,275.56927,1998.1442,1722.5749250976562,train
2026-01-02 19:15:00,ZONE_B,0.0,0.0,0.0,10.427658,273.5942195954303,267.02,273.58334,272.28256,267.02,273.58334,282.7102,1998.8666,1716.156394921875,train
2026-01-02 19:30:00,ZONE_B,0.0,0.0,0.0,0.0,274.2425462724019,271.87726,273.3746,260.61353,271.87726,273.3746,260.61353,1996.1288,1735.515274609375,train
2026-01-02 19:45:00,ZONE_B,0.0,0.0,0.0,10.33919,278.0516196638916,274.44156,270.86234,272.3542,274.44156,270.86234,282.6934,1996.6716,1713.9782101074218,train
2026-01-02 20:00:00,ZONE_B,0.0,0.0,0.0,0.0,276.91617032526324,276.58875,269.0277,276.64365,276.58875,269.0277,276.64365,1891.503,1614.8593537597656,train
2026-01-02 20:15:00,ZONE_B,0.0,0.0,1.7017819,5.357244,275.1397252618893,266.66513,273.73727,274.2338,266.66513,275.43906,279.59103,1867.2089,1587.6178660644532,train
2026-01-02 20:30:00,ZONE_B,0.0,1.6567632,0.0,0.0,280.12217128530176,279.2344,274.63818,277.66876,280.89117,274.63818,277.66876,1853.5304,1575.8616377929688,train
2026-01-02 20:45:00,ZONE_B,0.0,0.12115047,1.4936781,0.0,274.61459177361496,274.05475,273.9959,279.04828,274.1759,275.4896,279.04828,1838.9333,1559.8850211914062,train
2026-01-02 21:00:00,ZONE_B,0.0,0.315098,0.17400652,0.64288604,274.24458906061045,275.8945,273.92874,280.3113,276.2096,274.10275,280.9542,1807.92,1526.9658068847657,train
2026-01-02 21:15:00,ZONE_B,0.0,0.0780633,0.0,0.0,275.34514179203853,277.4371,277.70657,277.85794,277.51517,277.70657,277.85794,1795.2758,1517.4178593261718,train
2026-01-02 21:30:00,ZONE_B,0.0,0.18267971,0.0,0.0,274.4040852093678,277.49796,277.47134,274.72977,277.68063,277.47134,274.72977,1751.3052,1476.575433154297,train
2026-01-02 21:45:00,ZONE_B,0.0,0.058124587,0.0,0.51670325,274.8541413442579,276.24155,275.0743,277.73575,276.29968,275.0743,278.25244,1721.3678,1443.11535859375,train
2026-01-02 22:00:00,ZONE_B,0.0,0.29350898,0.17400652,1.089345,280.17966553817433,276.72443,275.62875,278.0787,277.01794,275.80276,279.16806,1705.9438,1426.7757396972656,train
2026-01-02 22:15:00,ZONE_B,0.0,0.0780633,0.0,0.0,273.5161579670611,276.24728,275.7818,275.57544,276.32535,275.7818,275.57544,1689.4967,1413.921260546875,train
2026-01-02 22:30:00,ZONE_B,0.0,0.21869946,0.0,1.1396235,275.35016716082174,277.50354,275.1455,269.54492,277.72223,275.1455,270.68454,1651.4817,1380.7971602050782,train
2026-01-02 22:45:00,ZONE_B,0.0,0.19876072,0.08332767,0.0,272.33020020211654,277.63696,275.35248,269.1439,277.83572,275.4358,269.1439,1639.8936,1370.7497096191407,train
2026-01-02 23:00:00,ZONE_B,0.0,0.29350898,0.6517558,1.089345,274.0379147801092,276.64246,272.27625,274.1059,276.93597,272.928,275.19525,1612.0193,1336.8240485351562,train
2026-01-02 23:15:00,ZONE_B,0.0,0.44542554,0.0,0.8254783,274.2758854518283,273.7232,268.21143,276.7652,274.16864,268.21143,277.59067,1611.9185,1334.3278322753906,train
2026-01-02 23:30:00,ZONE_B,0.0,0.2710566,0.06147375,0.0493619,273.27017726301165,272.30475,276.8215,279.9274,272.5758,276.88297,279.97675,1609.0034,1329.0266543945313,train
2026-01-02 23:45:00,ZONE_B,0.0,0.43561313,0.15506682,0.5386028,273.7255651625615,276.6687,271.22842,279.1172,277.1043,271.38348,279.6558,1608.2343,1328.578507763672,train
2026-01-03 00:00:00,ZONE_B,0.0,0.38868913,0.088613056,0.0,278.6384823070286,275.66708,277.59445,280.26053,276.0558,277.68307,280.26053,1603.4664,1323.205871435547,train
2026-01-03 00:15:00,ZONE_B,0.0,0.23449679,0.0,0.0,274.5137732022585,279.70425,277.2919,280.10608,279.93875,277.2919,280.10608,1601.9575,1321.8514208984375,train
2026-01-03 00:30:00,ZONE_B,0.0,0.23449679,0.0,0.6474918,279.8811490988963,276.39917,277.98395,278.47214,276.63367,277.98395,279.11963,1601.6898,1322.57017109375,train
2026-01-03 00:45:00,ZONE_B,0.0,0.16220094,1.1064248,1.5718057,274.720092745495,275.9752,278.12015,270.10355,276.1374,279.22656,271.67535,1601.3774,1329.7020459960938,train
2026-01-03 01:00:00,ZONE_B,0.0,0.20582226,0.0,0.0,274.9719564974271,278.1776,276.28476,280.673,278.38342,276.28476,280.673,1615.6282,1334.9551958496095,train
2026-01-03 01:15:00,ZONE_B,0.0,0.14611992,0.0,0.0,276.7321151766641,275.071,271.6544,271.1104,275.21713,271.6544,271.1104,1596.0824,1324.9719874023438,train
2026-01-03 01:30:00,ZONE_B,0.0,0.18213968,0.0,0.5352127,281.7791976233148,281.2647,280.14386,280.62567,281.44684,280.14386,281.1609,1603.7076,1322.546711328125,train
2026-01-03 01:45:00,ZONE_B,0.0,0.0,0.9761549,1.1816306,276.370982737241,278.151,273.1281,281.12222,278.151,274.10428,282.30386,1601.3774,1319.0735364746095,train
2026-01-03 02:00:00,ZONE_B,0.0,0.04877977,0.0,0.0,275.4890437157333,271.94827,270.81076,260.77875,271.99704,270.81076,260.77875,1601.6606,1340.8818524414062,train
2026-01-03 02:15:00,ZONE_B,0.0,0.0,0.0,0.0,276.72747742759447,276.06253,272.0094,271.80573,276.06253,272.0094,271.80573,1602.5223,1330.7165749023438,train
2026-01-03 02:30:00,ZONE_B,0.0,0.14035666,0.0,0.5570134,276.1261720385744,275.1748,268.41248,267.8485,275.31516,268.41248,268.40552,1604.6385,1336.232982421875,train
2026-01-03 02:45:00,ZONE_B,0.0,0.0,1.1064248,1.1816306,275.6989867777034,270.90994,273.6023,266.04977,270.90994,274.7087,267.2314,1601.3774,1334.1459852050782,train
2026-01-03 03:00:00,ZONE_B,0.0,0.3046754,0.0,0.0,278.0101883743272,278.07898,274.88565,280.62567,278.38367,274.88565,280.62567,1601.5946,1320.9689286132812,train
2026-01-03 03:15:00,ZONE_B,0.0,0.0,0.0,0.0,275.25147523054204,277.51874,276.62784,280.52774,277.51874,276.62784,280.52774,1634.3765,1353.8487595214845,train
2026-01-03 03:30:00,ZONE_B,0.0,0.0,0.0,0.5570134,278.29489529465656,276.3163,276.8035,275.24744,276.3163,276.8035,275.80444,1600.0975,1324.293056640625,train
2026-01-03 03:45:00,ZONE_B,0.0,0.0,5.919004,1.4415702,279.88102385058335,276.8542,277.46216,272.68274,276.8542,283.38116,274.1243,1600.8896,1326.7653019042968,train
2026-01-03 04:00:00,ZONE_B,0.0,3.9989176,0.84907264,4.6214023,275.62340887351525,276.9336,270.80103,266.08054,280.93253,271.6501,270.70193,1601.3466,1330.644665185547,train
2026-01-03 04:15:00,ZONE_B,0.0,2.0563736,8.475316,5.6481643,277.411486668625,275.125,272.44666,239.23485,277.18137,280.92197,244.88301,1606.7133,1361.830289135742,train
2026-01-03 04:30:00,ZONE_B,0.0,0.1929959,2.5220463,10.385607,276.7704883934288,274.66812,275.8111,248.50674,274.8611,278.33313,258.89236,1601.68,1342.787635498047,train
2026-01-03 04:45:00,ZONE_B,0.0,0.0,5.2641587,4.4917035,274.3668292597389,272.80072,248.394,239.5421,272.80072,253.65816,244.0338,1585.4006,1341.3668017822265,train
2026-01-03 05:00:00,ZONE_B,0.0,4.044378,2.651131,2.4351091,271.581655971584,254.70009,246.41397,246.44862,258.74448,249.06511,248.88373,1730.3005,1481.4167719726563,train
2026-01-03 05:15:00,ZONE_B,0.0,0.23835668,0.74318993,0.0,225.54837422076005,233.89792,214.66516,229.82289,234.13628,215.40836,229.82289,1814.07,1584.2471087646484,train
2026-01-03 05:30:00,ZONE_B,0.0,0.0,2.514535,10.960017,226.62616476577853,231.02719,228.76222,211.47697,231.02719,231.27676,222.437,1848.1346,1625.6976035400392,train
2026-01-03 05:45:00,ZONE_B,0.0,0.2539775,5.048615,4.226798,199.1546269309941,207.2246,198.76698,132.44896,207.47858,203.8156,136.67575,1875.7043,1739.0285492675782,train
2026-01-03 06:00:00,ZONE_B,0.0,0.0,0.49069765,37.998146,208.27886227988387,206.28053,198.92545,137.7715,206.28053,199.41614,175.76965,2014.0979,1838.3282466796875,train
2026-01-03 06:15:00,ZONE_B,0.0,0.0,0.5770332,24.737162,210.068621439418,200.18642,163.07506,136.7634,200.18642,163.65208,161.50056,1921.6761,1760.1755354248046,train
2026-01-03 06:30:00,ZONE_B,0.0,0.0,8.16092,64.16165,157.5268342655826,139.31955,137.80632,135.88226,139.31955,145.96724,200.04391,1969.5703,1769.5263852050782,train
2026-01-03 06:45:00,ZONE_B,0.0,0.6847276,18.536814,80.46481,110.83688249274024,122.590126,118.76342,128.88249,123.27486,137.30023,209.3473,1985.8563,1776.5089947021484,train
2026-01-03 07:00:00,ZONE_B,0.0,40.107388,76.2405,142.5825,119.8776087800794,130.88837,122.743034,91.37479,170.99576,198.98354,233.95729,2020.6697,1786.7124093505859,train
2026-01-03 07:15:00,ZONE_B,34.053705235473885,61.36829,84.55472,139.53964,122.37532969346908,125.26919,93.14637,105.11441,186.63748,177.70108,244.65405,2071.929,1827.274947265625,train
2026-01-03 07:30:00,ZONE_B,56.51343252407605,82.011925,114.30209,164.19025,113.3937231877959,104.87,97.24877,87.570045,186.88193,211.55087,251.76028,2082.1316,1830.371315576172,train
2026-01-03 07:45:00,ZONE_B,84.83091553175213,108.37784,144.32791,212.55336,78.2599641882191,87.861336,103.87127,83.56161,196.23917,248.19919,296.11496,2118.9753,1822.8603402832032,train
2026-01-03 08:00:00,ZONE_B,98.70368611701778,121.96895,151.91284,180.19762,86.72279050692744,100.365944,96.07171,84.22531,222.3349,247.98456,264.4229,2171.1887,1906.765787402344,train
2026-01-03 08:15:00,ZONE_B,122.72782549758224,156.96742,183.97621,217.13028,114.85331252396765,105.13071,100.86207,93.50501,262.09814,284.8383,310.63528,2177.6921,1867.056815576172,train
2026-01-03 08:30:00,ZONE_B,160.37793047394348,198.33694,211.77855,269.14282,123.28573455723968,117.531334,107.169945,98.96795,315.8683,318.9485,368.11078,2225.137,1857.0262211914064,train
2026-01-03 08:45:00,ZONE_B,185.29298479358656,210.31514,232.82765,267.06964,99.83471052430288,97.81915,93.0789,101.72951,308.13428,325.90656,368.79913,2223.4763,1854.6771666992186,train
2026-01-03 09:00:00,ZONE_B,200.4432808690546,227.50533,260.1361,315.28595,103.3018004034887,104.16201,106.16348,99.6216,331.66733,366.2996,414.90753,1994.3984,1579.4908682617188,train
2026-01-03 09:15:00,ZONE_B,229.08217439387764,253.45055,263.0948,315.33917,76.15760711673174,83.51899,85.05993,68.39782,336.96954,348.15472,383.737,1957.4583,1573.7213004882813,train
2026-01-03 09:30:00,ZONE_B,241.0114689614211,248.37814,283.89868,282.91324,97.24778210482162,97.912605,86.2666,89.13473,346.29074,370.16528,372.04797,2084.6228,1712.5748263671876,train
2026-01-03 09:45:00,ZONE_B,254.18683735258892,277.54626,302.99002,319.00003,97.1023683386954,92.86936,85.307625,97.268166,370.41562,388.29764,416.2682,1998.547,1582.2788115234375,train
2026-01-03 10:00:00,ZONE_B,291.7627253933818,307.39816,296.89594,308.41434,65.66390754359966,67.16512,85.895584,62.296505,374.5633,382.7915,370.71085,2001.5653,1630.8544540527344,train
2026-01-03 10:15:00,ZONE_B,298.2780886099261,299.8976,324.3935,323.1587,61.39057589885664,70.773735,65.1384,59.07861,370.67136,389.5319,382.2373,2010.5702,1628.3328953125,train
2026-01-03 10:30:00,ZONE_B,285.1517118494162,301.46216,292.76556,313.79218,66.25219273891697,65.84782,61.36117,58.86652,367.30997,354.12674,372.6587,1981.9242,1609.26550859375,train
2026-01-03 10:45:00,ZONE_B,297.57858258740123,301.0785,308.39447,339.58145,62.34360771767446,57.246758,64.75217,41.051483,358.32526,373.14664,380.63293,2074.0076,1693.3746654296874,train
2026-01-03 11:00:00,ZONE_B,285.7051308322356,299.85266,310.17053,379.53442,61.01389653916681,62.710335,61.405575,51.01508,362.563,371.5761,430.5495,1979.561,1549.0115004882812,train
2026-01-03 11:15:00,ZONE_B,327.20101816361773,327.63788,348.4031,400.808,42.193721003846186,47.000645,37.759834,31.874037,374.63852,386.16293,432.68204,1980.4055,1547.7234626464844,train
2026-01-03 11:30:00,ZONE_B,322.55318917109935,336.73962,368.45728,406.83325,49.82448062891434,47.106503,41.5795,59.08088,383.84613,410.03677,465.91412,2025.6833,1559.7691764648437,train
2026-01-03 11:45:00,ZONE_B,353.4759616810773,379.2147,398.36752,440.12558,40.91979180918531,39.094208,34.46796,33.905773,418.3089,432.83548,474.03134,2058.323,1584.2916584472655,train
2026-01-03 12:00:00,ZONE_B,390.8861681538719,408.9751,426.39923,436.64157,21.11185367862534,22.566002,33.369865,43.224052,431.5411,459.7691,479.86563,1960.5126,1480.6469688964844,train
2026-01-03 12:15:00,ZONE_B,409.5683851923783,421.78696,439.5921,425.50723,18.332153846881624,30.709202,25.203493,41.35307,452.49615,464.7956,466.8603,1956.1533,1489.2930094726562,train
2026-01-03 12:30:00,ZONE_B,432.30489222427366,450.3439,457.0551,453.6294,25.483033656151022,26.539787,35.148636,51.753754,476.8837,492.20374,505.38315,1979.0483,1473.6651518066406,train
2026-01-03 12:45:00,ZONE_B,444.62089512170456,456.07858,428.76837,452.8667,22.5063981822989,31.3615,35.55007,43.551384,487.4401,464.31845,496.4181,1914.0748,1417.6567091796876,train
2026-01-03 13:00:00,ZONE_B,460.5785228983308,433.7374,444.10956,414.97495,39.54505490503749,45.467506,45.837902,53.189663,479.2049,489.94745,468.1646,2030.453,1562.2883881835937,train
2026-01-03 13:15:00,ZONE_B,421.0047211543736,441.1367,461.24194,421.80878,44.8882469211326,47.864162,46.653225,55.653732,489.00085,507.89517,477.46252,1993.0302,1515.5676755859374,train
2026-01-03 13:30:00,ZONE_B,426.57440637216536,447.8232,407.88602,416.50537,47.46738569898828,46.321404,49.208954,33.695812,494.14462,457.09497,450.20117,1942.8284,1492.627228125,train
2026-01-03 13:45:00,ZONE_B,456.5765504515069,409.37045,419.18796,361.53094,48.032143151743774,44.88103,53.76443,50.375065,454.2515,472.9524,411.906,2022.9218,1611.015794140625,train
2026-01-03 14:00:00,ZONE_B,400.98853426094905,401.1971,389.30673,337.72537,46.35088518048132,46.71286,33.45405,41.069794,447.90997,422.76077,378.79517,2058.754,1679.958833984375,train
2026-01-03 14:15:00,ZONE_B,422.1388634270448,415.60373,362.88443,323.32504,43.33336901022596,37.988914,46.24362,24.895325,453.59265,409.12805,348.22037,1973.3704,1625.1500325683594,train
2026-01-03 14:30:00,ZONE_B,411.9945095721431,368.741,342.84583,282.97583,40.1519774245216,45.134747,31.62335,34.670353,413.87573,374.46918,317.64618,1944.617,1626.9708208007812,train
2026-01-03 14:45:00,ZONE_B,369.3721752896213,352.20197,326.18103,270.53897,45.66566656645304,37.98774,31.960258,36.44054,390.1897,358.1413,306.97952,1959.612,1652.632477294922,train
2026-01-03 15:00:00,ZONE_B,339.97476485809835,320.69812,280.18365,224.84825,33.86530954065326,32.119633,31.309258,46.508575,352.81775,311.49292,271.3568,2070.132,1798.7751884765626,train
2026-01-03 15:15:00,ZONE_B,307.6257963154997,284.30618,266.9529,212.80716,25.133312867422752,21.047571,23.179886,31.77207,305.35376,290.1328,244.57922,2021.1082,1776.5289763671874,train
2026-01-03 15:30:00,ZONE_B,278.477434483966,261.82108,227.47495,172.58618,17.141675652239005,19.665922,25.92888,30.942127,281.487,253.40382,203.5283,2027.2778,1823.7494949462891,train
2026-01-03 15:45:00,ZONE_B,266.1552700733775,242.94566,220.74995,145.6805,33.7619169423928,39.612736,36.695366,38.91162,282.5584,257.4453,184.59212,2025.7568,1841.1646826904298,train
2026-01-03 16:00:00,ZONE_B,206.20300556456112,188.59407,161.88896,102.59776,39.41209133854866,42.52571,46.63099,37.785694,231.11978,208.51996,140.38345,2016.2203,1875.8368466308593,train
2026-01-03 16:15:00,ZONE_B,186.0258019757385,161.65402,131.58516,85.66855,43.893688398816586,44.846348,44.91996,43.326523,206.50037,176.50513,128.99507,2017.8325,1888.8374285888672,train
2026-01-03 16:30:00,ZONE_B,158.60717754411058,132.20598,108.63813,41.653,31.07088388365247,34.825577,34.07629,53.456482,167.03156,142.71442,95.10948,2024.6692,1929.5597181884766,train
2026-01-03 16:45:00,ZONE_B,122.9954943503509,100.66386,78.6074,34.805756,37.62551062342237,35.308098,42.786102,27.013348,135.97195,121.3935,61.819103,2004.9142,1943.0950967590331,train
2026-01-03 17:00:00,ZONE_B,101.18922869190374,69.97892,43.180244,0.4827779,36.37662166683024,37.66074,51.429333,37.594097,107.63966,94.60957,38.076874,2018.7213,1980.644426220703,train
2026-01-03 17:15:00,ZONE_B,72.51949722613858,42.655876,22.128698,0.0,38.43452856606642,36.50037,30.023247,34.265636,79.15625,52.151947,34.265636,2008.6912,1974.4255635559082,train
2026-01-03 17:30:00,ZONE_B,40.3442217729631,13.555187,0.0,3.9438572,28.55999051634312,31.978765,38.841366,35.348366,45.53395,38.841366,39.29222,1998.9962,1959.703978930664,train
2026-01-03 17:45:00,ZONE_B,20.16440436171552,0.0,1.1419846,7.7123313,29.789552391175587,31.803741,36.911896,29.732496,31.803741,38.05388,37.444828,1995.7019,1958.2570719665528,train
2026-01-03 18:00:00,ZONE_B,0.0,0.0,24.266893,0.24376187,26.17844438156405,28.625937,26.100899,24.614952,28.625937,50.36779,24.858713,1995.4459,1970.5871868499755,train
2026-01-03 18:15:00,ZONE_B,0.0,9.447275,0.0,0.6797943,20.13187642028926,26.236643,25.12946,35.311913,35.683918,25.12946,35.991707,1996.1577,1960.1659931518554,train
2026-01-03 18:30:00,ZONE_B,0.0,0.7635188,8.928733,5.5641875,25.914296830921167,24.628912,24.441042,16.514194,25.392431,33.369774,22.078382,2006.0277,1983.9493175079347,train
2026-01-03 18:45:00,ZONE_B,0.0,0.0,0.0,0.41103682,15.128133335642303,18.458992,23.066505,15.754598,18.458992,23.066505,16.165634,1996.5505,1980.3848658447266,train
2026-01-03 19:00:00,ZONE_B,0.0,0.0,1.2189789,0.53732234,18.46935155634368,23.753838,15.464122,15.16691,23.753838,16.683102,15.704232,1996.4089,1980.7046677841186,train
2026-01-03 19:15:00,ZONE_B,0.0,0.0,0.0,0.5134149,23.762711899851155,20.171267,21.428833,11.700387,20.171267,21.428833,12.213802,1998.385,1986.1711976623535,train
2026-01-03 19:30:00,ZONE_B,0.0,0.028948702,1.4788346,0.24863729,17.143104830437924,16.417318,13.768146,11.234832,16.446266,15.246981,11.483469,1994.3391,1982.8556309906005,train
2026-01-03 19:45:00,ZONE_B,0.0,0.0,0.0,0.0,12.32359931428254,15.090404,13.285387,27.720995,15.090404,13.285387,27.720995,2008.9252,1981.204205050659,train
2026-01-03 20:00:00,ZONE_B,0.0,6.5543146,5.2925525,0.0,11.264677203757987,8.947634,10.835109,12.738939,15.501948,16.12766,12.738939,1879.6469,1866.9079607147216,train
2026-01-03 20:15:00,ZONE_B,0.0,0.0,0.0,0.0,12.863191492517467,15.25898,17.008715,29.272696,15.25898,17.008715,29.272696,1866.0114,1836.7387044586183,train
2026-01-03 20:30:00,ZONE_B,0.0,0.18147653,0.0,0.0,12.076799080698844,18.497793,13.805209,15.795737,18.67927,13.805209,15.795737,1853.0228,1837.2270627334594,train
2026-01-03 20:45:00,ZONE_B,0.0,0.0,0.0,0.46299443,14.35184312758926,15.833212,20.536837,16.562332,15.833212,20.536837,17.025326,1846.3109,1829.2855742248535,train
2026-01-03 21:00:00,ZONE_B,0.0,0.0,0.36165154,0.0,27.421982559796408,32.985573,22.787703,55.6461,32.985573,23.149355,55.6461,1800.3033,1744.6572009094239,train
2026-01-03 21:15:00,ZONE_B,0.0,0.045735568,0.0,0.0,23.350119407486467,19.820385,22.275976,46.711403,19.866121,22.275976,46.711403,1768.2054,1721.4939971069336,train
2026-01-03 21:30:00,ZONE_B,0.0,0.11631494,0.0,0.0,11.624750368412116,15.108368,25.87427,11.021097,15.224683,25.87427,11.021097,1734.616,1723.5949028167724,train
2026-01-03 21:45:00,ZONE_B,0.0,0.0,0.0,0.0,16.432714182312854,26.808144,27.376411,22.729607,26.808144,27.376411,22.729607,1735.7738,1713.044193371582,train
2026-01-03 22:00:00,ZONE_B,0.0,0.12049367,0.20094305,0.0,30.16524881543468,34.30033,26.89879,26.608995,34.420826,27.099733,26.608995,1690.9733,1664.364304562378,train
2026-01-03 22:15:00,ZONE_B,0.0,0.17475703,0.0,0.349802,33.99245075528703,30.646503,30.239264,28.445631,30.82126,30.239264,28.795433,1716.9712,1688.1757669555664,train
2026-01-03 22:30:00,ZONE_B,0.0,0.17475703,0.0,0.0,23.7339759104294,22.247744,20.98811,25.088408,22.4225,20.98811,25.088408,1651.9932,1626.9047924835204,train
2026-01-03 22:45:00,ZONE_B,0.0,0.15481827,0.0,0.070444405,22.52060449123205,22.654436,27.126366,19.382374,22.809254,27.126366,19.452818,1630.9929,1611.5400820831298,train
2026-01-03 23:00:00,ZONE_B,0.0,0.068181455,0.24626672,0.0,15.025446998690262,15.467356,17.139206,12.815226,15.535537,17.385473,12.815226,1617.1235,1604.3082743988036,train
2026-01-03 23:15:00,ZONE_B,0.0,0.0,0.0,0.23204708,19.248321879216974,23.58421,20.499437,16.02508,23.58421,20.499437,16.257126,1615.1144,1598.8572741455077,train
2026-01-03 23:30:00,ZONE_B,0.0,0.0,0.0,0.0,11.21447521426819,13.973889,14.105995,19.328629,13.973889,14.105995,19.328629,1615.5226,1596.193971459961,train
2026-01-03 23:45:00,ZONE_B,0.0,3.5882795,8.351602,7.042668,9.726655191514682,10.598828,12.694637,12.591509,14.187108,21.046238,19.634176,1612.4968,1592.8626237457274,train
2026-01-04 00:00:00,ZONE_B,0.0,0.39090896,0.0,0.0,6.071103659399293,7.507731,10.354795,6.721593,7.8986397,10.354795,6.721593,1603.9623,1597.2407070968627,train
2026-01-04 00:15:00,ZONE_B,0.0,0.031743914,0.0,0.0,6.315574571841077,7.6155243,11.355089,7.318183,7.6472683,11.355089,7.318183,1605.2079,1597.8897170547486,train
2026-01-04 00:30:00,ZONE_B,0.0,0.0058094524,0.0,0.8354941,5.2897846865636176,7.231241,5.9007745,6.9489236,7.2370505,5.9007745,7.7844176,1602.1896,1594.405182370758,train
2026-01-04 00:45:00,ZONE_B,0.0,0.0,0.91038036,1.0172864,5.865230488627642,4.9194818,5.3312736,13.724548,4.9194818,6.241654,14.741835,1602.184,1587.442165359497,train
2026-01-04 01:00:00,ZONE_B,0.0,0.0,0.0,0.0,5.789554526482401,5.7213755,5.702654,8.615223,5.7213755,5.702654,8.615223,1604.4131,1595.7978770690918,train
2026-01-04 01:15:00,ZONE_B,0.0,0.0,0.0,0.0,3.1744849131108306,4.4279575,4.3375397,15.373514,4.4279575,4.3375397,15.373514,1604.1538,1588.780285824585,train
2026-01-04 01:30:00,ZONE_B,0.0,0.0,0.0,0.88209873,4.772112524588145,6.0578833,5.294402,10.675358,6.0578833,5.294402,11.557457,1603.0538,1591.496343029785,train
2026-01-04 01:45:00,ZONE_B,0.0,0.0,0.91038036,1.0172864,4.593591713406731,3.9923575,15.053011,16.570568,3.9923575,15.963391,17.587854,1596.6459,1579.058045614624,train
2026-01-04 02:00:00,ZONE_B,0.0,0.0,0.0,0.0,2.3919445192794866,7.233733,4.125397,15.091391,7.233733,4.125397,15.091391,1601.556,1586.4646093902588,train
2026-01-04 02:15:00,ZONE_B,0.0,0.0,0.0,0.0,8.76621980597036,7.9515,11.003701,29.122717,7.9515,11.003701,29.122717,1602.9255,1573.8027830963135,train
2026-01-04 02:30:00,ZONE_B,0.0,0.0,0.0,0.88209873,11.001740847822695,11.569794,16.56856,28.566578,11.569794,16.56856,29.448677,1601.6862,1572.2375229370118,train
2026-01-04 02:45:00,ZONE_B,0.0,0.0,0.91038036,1.0172864,10.247966439504172,14.771966,21.211721,20.818756,14.771966,22.1221,21.836042,1601.8035,1579.9674575958252,train
2026-01-04 03:00:00,ZONE_B,0.0,0.0,0.0,0.0,18.169701115141688,25.615541,25.926367,38.624283,25.615541,25.926367,38.624283,1604.0442,1565.419917163086,train
2026-01-04 03:15:00,ZONE_B,0.0,0.0,0.0,0.0,33.618337103999835,36.55247,32.898582,32.544376,36.55247,32.898582,32.544376,1600.0773,1567.532923626709,train
2026-01-04 03:30:00,ZONE_B,0.0,0.0,0.0,0.0,33.08038097523619,35.890057,41.38386,31.421638,35.890057,41.38386,31.421638,1599.3672,1567.9455615112304,train
2026-01-04 03:45:00,ZONE_B,0.0,0.0,0.91038036,1.0172864,36.29342514156235,38.762596,32.23087,22.301445,38.762596,33.14125,23.318731,1607.4557,1584.1369686920166,train
2026-01-04 04:00:00,ZONE_B,0.0,0.0,0.0,0.0,26.57337046991301,26.885174,25.98771,31.00719,26.885174,25.98771,31.00719,1604.9917,1573.9845092956543,train
2026-01-04 04:15:00,ZONE_B,0.0,0.0,0.0,0.0,25.784478285266346,25.62277,24.378325,42.105274,25.62277,24.378325,42.105274,1618.0131,1575.9078257995604,train
2026-01-04 04:30:00,ZONE_B,0.0,0.0,1.4458094,2.1605859,23.67770210262336,22.71522,25.631668,41.120026,22.71522,27.077477,43.280613,1599.9841,1556.7034870544433,train
2026-01-04 04:45:00,ZONE_B,0.0,0.0,0.91038036,0.0,24.60831356666047,22.607248,27.112066,19.198849,22.607248,28.022446,19.198849,1603.7137,1584.5148512756348,train
2026-01-04 05:00:00,ZONE_B,0.0,0.0,0.0,0.0,28.53584299747347,31.049679,43.290375,22.313189,31.049679,43.290375,22.313189,1776.8378,1754.5246114471436,train
2026-01-04 05:15:00,ZONE_B,0.0,0.0,0.0,0.0,32.974659975776056,40.974335,29.108967,30.524017,40.974335,29.108967,30.524017,1828.6376,1798.1135826660156,train
2026-01-04 05:30:00,ZONE_B,0.0,0.0,2.0889776,0.0,36.034306433224174,34.0986,32.761257,23.701841,34.0986,34.850235,23.701841,1853.0598,1829.3579586456299,train
2026-01-04 05:45:00,ZONE_B,0.0,0.7418701,2.2714493,9.661951,24.42750123608189,25.15816,24.111044,40.909702,25.90003,26.382494,50.571655,1869.4849,1818.9132447265624,train
2026-01-04 06:00:00,ZONE_B,0.0,3.2812877,5.3200507,14.728877,17.265893872182257,20.12223,15.172519,20.10787,23.403519,20.492569,34.836746,1916.6278,1881.7910537841797,train
2026-01-04 06:15:00,ZONE_B,0.0,3.1697233,6.3915987,44.481033,14.115639391369074,16.379007,27.263847,13.484128,19.54873,33.655445,57.96516,1914.5406,1856.575439630127,train
2026-01-04 06:30:00,ZONE_B,0.0,1.6924428,13.894598,66.16473,12.633851135150897,20.452938,20.941803,20.035671,22.14538,34.836403,86.20039,1960.8842,1874.6838063232422,train
2026-01-04 06:45:00,ZONE_B,0.0,1.3361348,19.68178,81.29556,19.10612783610897,20.775736,18.9698,28.939093,22.11187,38.65158,110.23466,1987.8516,1877.6169427124023,train
2026-01-04 07:00:00,ZONE_B,0.0,18.947979,58.6934,90.24975,12.182106365373135,12.974162,18.45529,22.661879,31.922142,77.14869,112.91163,2013.2533,1900.3416712768555,train
2026-01-04 07:15:00,ZONE_B,22.59056011797012,54.796124,80.05136,126.05599,10.105321951169891,16.084887,21.711428,20.480593,70.88101,101.76279,146.53659,2050.4556,1903.919009423828,train
2026-01-04 07:30:00,ZONE_B,49.238949753298606,74.73437,68.798546,160.62564,15.262967834270365,19.433949,20.044693,22.661879,94.16832,88.84324,183.28752,2056.998,1873.7104786376954,train
2026-01-04 07:45:00,ZONE_B,67.23223772446644,79.58778,118.55064,138.59894,13.115647515013077,16.371798,15.735621,12.170031,95.95958,134.28625,150.76897,2145.848,1995.0790333251953,train
2026-01-04 08:00:00,ZONE_B,75.18777128423986,95.67563,123.80421,161.02751,16.520427188317537,19.98847,21.190504,31.818148,115.6641,144.9947,192.84566,2136.5007,1943.6550426513672,train
2026-01-04 08:15:00,ZONE_B,90.22852282054772,102.09994,116.91207,187.80666,15.886393590787636,19.019283,15.922761,23.630972,121.11922,132.83484,211.43762,2162.9082,1951.4705779296874,train
2026-01-04 08:30:00,ZONE_B,96.30114245823316,110.842415,125.86424,164.04283,17.213380583952027,17.79549,26.10813,18.472998,128.63791,151.97237,182.51582,2252.6711,2070.155276635742,train
2026-01-04 08:45:00,ZONE_B,109.58056515237814,126.22841,138.48366,206.67291,15.807578935248404,20.098137,20.718779,22.5693,146.32654,159.20244,229.24222,2271.6873,2042.445081982422,train
2026-01-04 09:00:00,ZONE_B,127.90418194844884,149.70865,169.97388,216.02768,20.00366123518,20.112112,21.6175,22.626612,169.82076,191.59137,238.6543,2013.7823,1775.128003125,train
2026-01-04 09:15:00,ZONE_B,148.35127271745807,168.82759,195.09563,231.40337,10.86098988175192,11.134401,19.13222,36.129684,179.96199,214.22784,267.53305,2031.671,1764.1379494628907,train
2026-01-04 09:30:00,ZONE_B,161.60838720052524,199.34561,203.46764,235.35559,9.293397671525009,12.192529,15.717348,34.814354,211.53815,219.18498,270.16995,2006.1764,1736.006447607422,train
2026-01-04 09:45:00,ZONE_B,207.29762275644765,217.04134,231.68434,248.11848,10.509426877369986,13.119523,22.752378,28.955297,230.16086,254.43672,277.0738,1974.665,1697.5912084960937,train
2026-01-04 10:00:00,ZONE_B,214.4553787014892,230.50722,235.03926,249.36812,13.660933899429654,19.413351,25.150543,32.087376,249.92056,260.18982,281.4555,1980.1117,1698.6561946289062,train
2026-01-04 10:15:00,ZONE_B,229.86168092493887,238.68753,245.4352,261.88226,23.57434534224049,26.62865,29.856564,22.080149,265.3162,275.29175,283.9624,1972.5917,1688.62929765625,train
2026-01-04 10:30:00,ZONE_B,222.63138402018888,243.22821,252.99918,271.50165,20.61419152072715,26.610104,29.723682,40.04008,269.83832,282.72287,311.54172,2024.6738,1713.1320824707032,train
2026-01-04 10:45:00,ZONE_B,230.24587733281297,247.61694,269.56848,267.95547,33.037869482159905,35.292404,29.984468,30.431646,282.90936,299.55295,298.38712,2003.3317,1704.9445845214843,train
2026-01-04 11:00:00,ZONE_B,245.63430778453304,256.15695,267.66574,268.97568,26.97801496708588,29.001762,40.12031,60.917118,285.15872,307.78604,329.8928,1974.5337,1644.640908251953,train
2026-01-04 11:15:00,ZONE_B,272.2245865241399,271.2446,277.8838,299.1975,41.25910728496376,46.89254,39.748844,58.62911,318.13715,317.63263,357.82663,1982.0443,1624.2176703613281,train
2026-01-04 11:30:00,ZONE_B,277.0210481442689,275.13702,286.40112,286.06253,49.16696852809292,46.70896,64.21076,49.98483,321.84598,350.61188,336.04736,2002.3168,1666.26943671875,train
2026-01-04 11:45:00,ZONE_B,270.16327314223986,282.07883,291.6637,299.02606,38.623417228013885,46.97025,54.275585,63.23317,329.04907,345.93927,362.25922,1990.3513,1628.0920836914063,train
2026-01-04 12:00:00,ZONE_B,294.20134750031053,297.6779,306.00177,320.76648,42.12862137959593,46.866203,44.17747,51.907852,344.5441,350.17923,372.67432,1967.6278,1594.95348359375,train
2026-01-04 12:15:00,ZONE_B,304.6511104289132,302.93927,314.1659,347.1159,42.59037456799895,43.5344,57.241993,54.806675,346.47366,371.4079,401.92258,1988.2152,1586.2926230957032,train
2026-01-04 12:30:00,ZONE_B,292.1251795285877,296.74728,316.12634,316.03397,49.35581535920072,58.991154,59.174698,85.36799,355.73843,375.30103,401.40195,1991.9299,1590.5279529785157,train
2026-01-04 12:45:00,ZONE_B,309.8206852066364,323.6483,338.02365,335.41104,47.73044066266329,48.224712,61.38691,75.11191,371.873,399.41055,410.52295,1958.8972,1548.37425078125,train
2026-01-04 13:00:00,ZONE_B,330.8584441809281,324.44345,331.1332,346.7612,43.76267433120481,54.94372,67.385796,64.90036,379.38718,398.519,411.66156,1964.7902,1553.1286399414062,train
2026-01-04 13:15:00,ZONE_B,316.5848475795556,327.8753,318.39203,300.42618,62.75396042452412,73.18452,73.14181,82.24533,401.0598,391.53384,382.6715,1959.5626,1576.8910912109375,train
2026-01-04 13:30:00,ZONE_B,332.2129878352342,332.08575,343.88663,292.42728,60.26447057508018,67.449066,66.24085,100.79278,399.53482,410.12747,393.22006,1956.7435,1563.5234377441407,train
2026-01-04 13:45:00,ZONE_B,319.8174911332286,325.99164,294.65536,283.62125,74.52799106716887,70.958755,84.0843,79.169876,396.95038,378.73965,362.79114,1928.0765,1565.2853623046874,train
2026-01-04 14:00:00,ZONE_B,333.3600626787397,312.93195,273.98578,232.34789,70.35427725541066,73.274864,94.12203,101.81832,386.20682,368.10782,334.1662,1943.4354,1609.2692012695313,train
2026-01-04 14:15:00,ZONE_B,293.864176930536,267.20334,255.82106,232.42668,100.84322016564096,103.32425,96.22947,106.027214,370.5276,352.05054,338.4539,1943.7903,1605.3364120605468,train
2026-01-04 14:30:00,ZONE_B,240.3350455248385,250.89099,218.74255,207.52055,88.43965054901409,85.54984,106.3473,135.29663,336.44083,325.08984,342.8172,1956.2883,1613.4711002929687,train
2026-01-04 14:45:00,ZONE_B,245.49470505240305,228.00906,214.3948,202.8821,77.91475965945313,89.68614,82.84861,120.39886,317.6952,297.2434,323.28094,1982.0143,1658.7333551757813,train
2026-01-04 15:00:00,ZONE_B,214.27571862202453,203.24081,196.5742,165.3779,106.72511394254272,108.49301,120.47059,146.10262,311.73383,317.0448,311.48053,2006.9692,1695.4886702148438,train
2026-01-04 15:15:00,ZONE_B,212.4010510826536,193.38016,194.1311,164.61467,97.4920586840892,101.533104,119.37152,91.72277,294.91327,313.50262,256.33743,1995.7926,1739.4551671386719,train
2026-01-04 15:30:00,ZONE_B,177.5647901193444,188.6023,175.04263,123.694176,135.17231139630172,134.17453,156.90283,123.394104,322.77682,331.94547,247.08829,1994.4465,1747.3582126464844,train
2026-01-04 15:45:00,ZONE_B,187.71851059853972,172.04153,171.14514,133.06883,155.0044595168414,161.96188,132.1089,110.835396,334.00342,303.25403,243.90424,2013.1671,1769.2628641601561,train
2026-01-04 16:00:00,ZONE_B,158.94218864321363,143.29242,115.946625,74.39142,156.2470505743068,129.35077,139.48796,174.2197,272.6432,255.43459,248.61111,2001.4633,1752.8521854980468,train
2026-01-04 16:15:00,ZONE_B,157.63301511232237,135.98715,114.70889,56.07043,108.70194319575228,112.46984,102.868164,185.68001,248.457,217.57706,241.75044,2002.2701,1760.5196574951171,train
2026-01-04 16:30:00,ZONE_B,135.58439200286557,114.15471,85.34641,43.131138,111.47157980708116,103.20933,131.84752,119.71228,217.36404,217.19394,162.84341,2009.2698,1846.4263856933594,train
2026-01-04 16:45:00,ZONE_B,124.91616023495456,100.78099,77.734924,32.482193,109.09015167467705,129.2906,163.76387,181.58342,230.0716,241.4988,214.06561,2001.6256,1787.5599872070313,train
2026-01-04 17:00:00,ZONE_B,94.4332959646548,69.68141,44.724785,0.8998674,140.6513186389164,171.54109,123.37141,211.84451,241.2225,168.09619,212.74438,1999.1523,1786.407915234375,train
2026-01-04 17:15:00,ZONE_B,76.44449181930177,46.224087,23.190527,0.0,182.48085008384368,157.52072,201.48996,236.91931,203.74481,224.68048,236.91931,1996.2388,1759.3194884765626,train
2026-01-04 17:30:00,ZONE_B,47.4212820910731,20.830862,0.0,0.78466415,163.36984125788433,182.35123,197.92625,209.64804,203.18208,197.92625,210.43271,1995.1548,1784.7220912597656,train
2026-01-04 17:45:00,ZONE_B,25.70935328477324,0.0,1.0105506,0.0,186.5871843687144,199.31657,224.9628,181.71571,199.31657,225.97334,181.71571,1999.6362,1817.9204864990234,train
2026-01-04 18:00:00,ZONE_B,0.0,4.8829246,4.5172043,0.0,209.26238696118,219.67131,224.74864,159.73949,224.55423,229.26584,159.73949,1997.126,1837.386513305664,train
2026-01-04 18:15:00,ZONE_B,0.0,0.46636724,2.6247199,0.029265566,255.4823001291694,242.03316,204.64447,158.6698,242.49953,207.2692,158.69907,1995.0713,1836.3722338378907,train
2026-01-04 18:30:00,ZONE_B,0.0,0.0,0.8646413,0.0,268.3467643407018,219.68167,204.89014,160.46585,219.68167,205.75478,160.46585,1999.2411,1838.7752491699218,train
2026-01-04 18:45:00,ZONE_B,0.0,0.0,0.0,0.0,198.40772567349052,186.34074,154.86812,213.77391,186.34074,154.86812,213.77391,1989.546,1775.772089477539,train
2026-01-04 19:00:00,ZONE_B,0.0,0.369269,0.15820023,1.1894493,196.5170548468149,185.48865,159.75374,181.38036,185.85791,159.91194,182.56981,1990.4535,1807.8836910400391,train
2026-01-04 19:15:00,ZONE_B,0.0,0.0,0.0,0.07037638,160.07423720225034,161.16197,188.8284,242.2829,161.16197,188.8284,242.35327,1995.5365,1753.183228515625,train
2026-01-04 19:30:00,ZONE_B,0.0,0.0,0.0,0.0,152.82767690805292,178.57169,163.4086,233.06755,178.57169,163.4086,233.06755,1992.6604,1759.5928493408203,train
2026-01-04 19:45:00,ZONE_B,0.0,0.15481827,0.0,0.7482051,183.4161442615261,178.57056,233.57161,190.81958,178.72537,233.57161,191.56778,1982.0967,1790.5289204589844,train
2026-01-04 20:00:00,ZONE_B,0.0,0.068181455,0.0,0.07037638,194.211017326206,220.36325,235.03447,130.18985,220.43143,235.03447,130.26022,1868.5273,1738.267076611328,train
2026-01-04 20:15:00,ZONE_B,0.0,0.14882278,0.0,0.9358214,231.70293160893547,241.07364,213.75047,156.72076,241.22246,213.75047,157.65659,1860.9287,1703.2721143066406,train
2026-01-04 20:30:00,ZONE_B,0.0,0.0,0.0,0.04487232,244.1107258346713,229.05994,181.72205,167.89967,229.05994,181.72205,167.94455,1848.595,1680.6504504394532,train
2026-01-04 20:45:00,ZONE_B,0.0,0.0,0.0,0.070444405,202.92330618600693,179.66524,154.64174,119.16893,179.66524,154.64174,119.23937,1843.4723,1724.232927746582,train
2026-01-04 21:00:00,ZONE_B,0.0,0.068181455,0.0,0.4064216,125.05859614066269,123.38307,127.58283,83.25427,123.451256,127.58283,83.66069,1802.9136,1719.252909692383,train
2026-01-04 21:15:00,ZONE_B,0.0,0.0,0.0,0.0027001575,129.25344680804923,126.907814,116.60854,88.7448,126.907814,116.60854,88.7475,1757.7422,1668.9947024414062,train
2026-01-04 21:30:00,ZONE_B,0.0,0.0,4.487173,0.5619693,124.9968269203027,118.4874,103.06545,82.01939,118.4874,107.55263,82.58135,1719.3555,1636.7741477661132,train
2026-01-04 21:45:00,ZONE_B,0.0,0.0,0.0,0.070444405,102.60483509057396,106.72891,97.62671,93.83481,106.72891,97.62671,93.90525,1735.9286,1642.0233494506836,train
2026-01-04 22:00:00,ZONE_B,0.0,0.18722865,0.89185756,0.4064216,69.42811764326639,73.308,72.08023,81.24048,73.495224,72.97209,81.6469,1689.2722,1607.6253036376954,train
2026-01-04 22:15:00,ZONE_B,0.0,0.17475703,0.0,0.0,58.853901498644674,59.45371,66.72427,80.818756,59.628468,66.72427,80.818756,1674.9603,1594.1415438964843,train
2026-01-04 22:30:00,ZONE_B,0.0,0.0,0.0,0.0027001575,56.70065868030593,57.02669,64.77443,63.321438,57.02669,64.77443,63.32414,1656.4738,1593.1496613586426,train
2026-01-04 22:45:00,ZONE_B,0.0,0.0,0.069095686,0.070444405,66.5984960714811,75.173256,84.21514,82.21157,75.173256,84.28424,82.28201,1634.0084,1551.7263870605468,train
2026-01-04 23:00:00,ZONE_B,0.0,0.39020267,0.24626672,0.022709912,69.35559445393474,74.131905,73.00027,93.10429,74.52211,73.24654,93.127,1615.7167,1522.5897010986328,train
2026-01-04 23:15:00,ZONE_B,0.0,0.0,0.0,0.0,98.43327133537292,92.30838,95.04169,109.76352,92.30838,95.04169,109.76352,1612.2335,1502.4699807128907,train
2026-01-04 23:30:00,ZONE_B,0.0,0.0,0.0,0.0027001575,78.560878698996,87.152405,88.551994,99.125854,87.152405,88.551994,99.128555,1612.8018,1513.6732447021484,train
2026-01-04 23:45:00,ZONE_B,0.0,0.0,0.30911216,0.0,96.84593076844251,97.58314,106.461784,110.195595,97.58314,106.7709,110.195595,1609.1818,1498.9862052124024,train
2026-01-05 00:00:00,ZONE_B,0.0,0.0,0.0,0.0,96.54224049413348,104.66723,99.92697,129.91884,104.66723,99.92697,129.91884,1605.837,1475.9181614990234,train
2026-01-05 00:15:00,ZONE_B,0.0,0.0,0.0,0.0,112.28419667557192,109.10828,115.28978,105.59179,109.10828,115.28978,105.59179,1604.6603,1499.0685107543945,train
2026-01-05 00:30:00,ZONE_B,0.0,0.031743914,0.0,0.88209873,100.11616959616713,105.56945,113.766045,106.91926,105.6012,113.766045,107.80135,1603.8762,1496.07484654541,train
2026-01-05 00:45:00,ZONE_B,0.0,0.0,0.91038036,1.0172864,126.23814437932649,123.2143,107.78345,106.64463,123.2143,108.693825,107.66192,1605.3651,1497.7031813598633,train
2026-01-05 01:00:00,ZONE_B,0.0,0.0,0.0,0.0,135.78296207773727,123.59596,124.18901,117.89453,123.59596,124.18901,117.89453,1603.8613,1485.96676875,train
2026-01-05 01:15:00,ZONE_B,0.0,0.0,0.0,0.0,117.5265716657116,125.88416,130.3887,137.0297,125.88416,130.3887,137.0297,1604.9406,1467.9109063964843,train
2026-01-05 01:30:00,ZONE_B,0.0,0.0,0.0,0.88209873,115.84168749016804,112.80197,115.612366,107.884605,112.80197,115.612366,108.7667,1604.5298,1495.7630992553711,train
2026-01-05 01:45:00,ZONE_B,0.0,0.011805187,0.91038036,0.7584492,112.1487608670094,112.85475,125.449844,103.893326,112.866554,126.36022,104.65177,1603.5281,1498.8763284545898,train
2026-01-05 02:00:00,ZONE_B,0.0,0.0,0.0,0.0,122.9041279136874,129.98053,103.64738,119.39014,129.98053,103.64738,119.39014,1598.4391,1479.04896328125,train
2026-01-05 02:15:00,ZONE_B,0.0,0.0,0.0,0.0,99.1246380889946,95.058266,92.66908,131.6404,95.058266,92.66908,131.6404,1603.7087,1472.0683038818358,train
2026-01-05 02:30:00,ZONE_B,0.0,0.0,0.0,0.7193458,96.14295482718782,96.190445,105.20838,161.21985,96.190445,105.20838,161.9392,1604.8618,1442.922606274414,train
2026-01-05 02:45:00,ZONE_B,0.0,0.0,0.91038036,0.85453355,104.32570759618024,109.08322,125.332436,137.4489,109.08322,126.24281,138.30344,1605.0988,1466.795363720703,train
2026-01-05 03:00:00,ZONE_B,0.0,0.0,0.1274688,0.0,106.24875000858708,115.179726,155.21507,147.36064,115.179726,155.34254,147.36064,1604.5204,1457.159758520508,train
2026-01-05 03:15:00,ZONE_B,0.0,0.031743914,0.0,0.0,136.21189533085334,162.51633,132.42336,158.9201,162.54807,132.42336,158.9201,1603.0592,1444.1390950195312,train
2026-01-05 03:30:00,ZONE_B,0.0,0.031743914,0.0,0.62326145,157.64561339006318,152.1646,158.37885,185.63597,152.19633,158.37885,186.25923,1603.0424,1416.7831684326172,train
2026-01-05 03:45:00,ZONE_B,0.0,0.011805187,0.91038036,1.3332952,158.8896158575993,169.87737,160.2898,139.32477,169.88918,161.20018,140.65807,1604.8596,1464.2015342041016,train
2026-01-05 04:00:00,ZONE_B,0.0,0.0,0.0,0.0,163.9948959244052,162.9115,181.88129,169.27193,162.9115,181.88129,169.27193,1602.9993,1433.7273731201171,train
2026-01-05 04:15:00,ZONE_B,0.0,0.0,0.0,0.0,171.6235391583004,176.5033,144.50404,130.45169,176.5033,144.50404,130.45169,1596.8956,1466.443909326172,train
2026-01-05 04:30:00,ZONE_B,0.0,0.0,2.7109284,8.143515,185.99435458531093,165.47966,161.46278,129.24094,165.47966,164.1737,137.38445,1604.2981,1466.9136548095703,train
2026-01-05 04:45:00,ZONE_B,0.0,0.0,1.4066358,1.3219323,133.84502955563875,140.7244,124.9186,101.71299,140.7244,126.32524,103.03492,1604.1759,1501.1409802612304,train
2026-01-05 05:00:00,ZONE_B,0.0,4.781434,6.896568,0.0,125.50787126240618,121.69092,108.37221,97.75437,126.47235,115.268776,97.75437,1809.9543,1712.1999283569337,train
2026-01-05 05:15:00,ZONE_B,0.0,0.0,1.0150087,0.0,93.71250252701869,99.78226,96.5244,107.82474,99.78226,97.539406,107.82474,1834.1467,1726.3219624511719,train
2026-01-05 05:30:00,ZONE_B,0.0,0.031743914,1.0220324,0.0,120.84061801602915,126.57,112.723,133.36072,126.601746,113.74503,133.36072,1862.1072,1728.7464822265624,train
2026-01-05 05:45:00,ZONE_B,0.0,0.011805187,2.06702,10.547502,119.75557432327008,120.34427,125.1782,114.08439,120.35607,127.24522,124.63189,1864.9167,1740.2848106567383,train
2026-01-05 06:00:00,ZONE_B,0.0,4.224188,7.3014164,32.44733,115.38553868312172,110.62935,114.70543,94.55994,114.85354,122.00684,127.00726,1891.6388,1764.6315368164062,train
2026-01-05 06:15:00,ZONE_B,0.0,0.36064476,9.705899,61.550243,136.27624995311896,132.42923,132.91759,105.51087,132.78987,142.62349,167.06111,1942.0272,1774.9660885498047,train
2026-01-05 06:30:00,ZONE_B,0.0,0.26616737,4.184184,50.985527,148.31598922509323,134.57799,112.057556,101.56298,134.84416,116.24174,152.54851,1987.8191,1835.2705923095702,train
2026-01-05 06:45:00,ZONE_B,0.0,2.5281544,39.394524,103.01913,119.43836696155952,119.91332,121.74096,90.5767,122.441475,161.13548,193.59583,1993.0831,1799.4872748046876,train
2026-01-05 07:00:00,ZONE_B,0.0,32.599087,40.194412,101.06643,117.9007017471837,123.28144,100.5005,97.820786,155.88052,140.69492,198.8872,2043.1759,1844.28869296875,train
2026-01-05 07:15:00,ZONE_B,30.82052743171586,57.776104,99.82598,175.40422,109.3393103315643,104.625595,89.859116,97.41817,162.4017,189.68509,272.8224,2026.6627,1753.8403123046876,train
2026-01-05 07:30:00,ZONE_B,62.37304612341224,97.08921,134.49487,189.99814,75.01112296755062,73.35236,70.18551,64.52158,170.44157,204.68039,254.51971,2099.3762,1844.8564856445314,train
2026-01-05 07:45:00,ZONE_B,94.92657226550338,127.14055,159.95958,195.12872,63.23393628283345,67.84085,67.070885,81.35013,194.9814,227.03046,276.47885,2125.0247,1848.5458486816406,train
2026-01-05 08:00:00,ZONE_B,122.60664031694304,165.49074,178.73553,206.01202,61.10758164000723,66.96238,63.92795,58.629383,232.45312,242.66348,264.64142,2199.0986,1934.4571815429686,train
2026-01-05 08:15:00,ZONE_B,166.79251707148913,183.75768,208.95718,245.10567,59.67557334799535,62.34137,71.133514,70.76522,246.09904,280.0907,315.87088,2251.0874,1935.2165198730468,train
2026-01-05 08:30:00,ZONE_B,173.428909184825,197.81589,211.15994,295.75427,39.91386687762719,50.532833,48.692703,54.36788,248.34872,259.85266,350.12216,2203.971,1853.8488381347656,train
2026-01-05 08:45:00,ZONE_B,192.6027860936336,207.34534,232.55264,274.5404,56.307794910072325,53.747585,64.56656,51.459522,261.09293,297.1192,325.99994,2278.871,1952.8710610351563,train
2026-01-05 09:00:00,ZONE_B,203.26198771042507,230.95221,271.03088,263.05585,53.86282597920417,56.122902,57.21698,62.032646,287.0751,328.24786,325.0885,2023.4381,1698.3495990234376,train
2026-01-05 09:15:00,ZONE_B,230.7971316231564,278.2308,252.71722,322.34106,54.75080007857592,52.72532,54.129345,53.99811,330.95612,306.84656,376.33917,2078.8652,1702.526027636719,train
2026-01-05 09:30:00,ZONE_B,282.3677674505218,277.9789,289.28345,356.14484,59.13751431823008,58.329494,66.26355,55.61487,336.3084,355.547,411.7597,1952.9368,1541.1770954101562,train
2026-01-05 09:45:00,ZONE_B,265.61013360518325,274.96066,328.97717,338.8555,46.98868144707408,49.45215,53.53889,53.21983,324.4128,382.51605,392.07532,2031.6901,1639.6147826171875,train
2026-01-05 10:00:00,ZONE_B,280.7465669405006,309.96753,323.66333,305.2331,54.45648733979474,56.079163,52.319363,66.686455,366.0467,375.9827,371.91956,2056.2505,1684.3309443359376,train
2026-01-05 10:15:00,ZONE_B,314.3867283885138,333.23254,339.45407,322.68887,50.35003029983144,48.19398,52.17737,65.6109,381.4265,391.63144,388.29977,1956.4658,1568.166025830078,train
2026-01-05 10:30:00,ZONE_B,328.0796085508009,331.08887,318.47015,322.5704,38.82250499776782,46.560158,58.063572,73.54761,377.64902,376.53372,396.118,1958.5248,1562.4067885253905,train
2026-01-05 10:45:00,ZONE_B,313.30619908007066,322.03995,320.54492,337.8706,43.97364962882078,47.989124,59.830254,72.39081,370.02908,380.37518,410.2614,1962.6918,1552.4303864257813,train
2026-01-05 11:00:00,ZONE_B,320.73032039682147,317.9079,300.51218,348.30038,66.09573014619035,69.59542,82.54418,74.10879,387.50333,383.05637,422.40918,1979.2999,1556.8907203125,train
2026-01-05 11:15:00,ZONE_B,307.4809589257558,312.30402,325.64798,331.25925,78.48785863259278,87.448364,86.43753,73.64584,399.75238,412.0855,404.9051,2020.6589,1615.7538096679687,train
2026-01-05 11:30:00,ZONE_B,285.3269383209862,318.7519,331.42755,369.44394,97.1881832119982,99.22456,99.8614,94.23661,417.97644,431.28894,463.68054,2067.8914,1604.2108580078125,train
2026-01-05 11:45:00,ZONE_B,320.36910274045863,328.86295,311.70496,370.84042,87.95471632516347,85.986694,89.52029,132.92126,414.84964,401.22525,503.7617,1994.8125,1491.0508117675781,train
2026-01-05 12:00:00,ZONE_B,340.86201018400504,338.03708,372.89948,395.87717,59.272122752396704,67.15743,67.422,142.01526,405.19452,440.32147,537.89246,2050.2961,1512.4036439453125,train
2026-01-05 12:15:00,ZONE_B,304.8208918124876,361.21478,382.457,416.91644,84.90982833513716,93.07699,127.089355,112.41454,454.29178,509.54636,529.331,1965.4265,1436.0955063476563,train
2026-01-05 12:30:00,ZONE_B,383.2847500090618,385.6529,409.98956,415.9278,131.9843595211766,148.93002,154.3597,112.56387,534.5829,564.34924,528.4917,1929.3389,1400.84720078125,train
2026-01-05 12:45:00,ZONE_B,392.124410171008,414.34824,433.5068,436.81345,168.373355103116,172.875,149.9019,112.1497,587.22327,583.4087,548.96313,1981.9847,1433.021565234375,train
2026-01-05 13:00:00,ZONE_B,420.12437250044087,441.67267,428.1373,430.7712,166.41130795077004,154.24608,146.02759,106.57149,595.91876,574.1649,537.3427,1972.6906,1435.3478875976562,train
2026-01-05 13:15:00,ZONE_B,443.58674139321823,440.84317,449.43805,444.38544,128.91831559576627,129.69868,115.0779,117.140114,570.5419,564.5159,561.5256,1955.6077,1394.0821262695313,train
2026-01-05 13:30:00,ZONE_B,442.9298610014195,443.73996,429.17715,374.31836,107.38478577777823,109.22198,102.5133,103.27253,552.9619,531.6904,477.59088,1931.6204,1454.0295186523438,train
2026-01-05 13:45:00,ZONE_B,444.0294250423567,431.9498,434.1215,345.40405,73.1467472180875,75.971115,93.09904,89.98766,507.9209,527.2205,435.39172,1948.9055,1513.5137763671876,train
2026-01-05 14:00:00,ZONE_B,431.1361058007396,434.34348,371.02307,327.32245,70.47098074762665,82.80768,81.95146,87.38812,517.1511,452.97455,414.71057,1940.1842,1525.4736287109374,train
2026-01-05 14:15:00,ZONE_B,446.6123812901846,392.9418,330.73013,287.02673,98.60621697110074,94.044556,91.42925,112.27159,486.98636,422.1594,399.29834,1955.2954,1555.99706015625,train
2026-01-05 14:30:00,ZONE_B,388.2916070174834,330.30698,329.37924,272.71414,96.92535588915352,103.50802,94.960884,148.14194,433.815,424.34012,420.85608,1962.3011,1541.4450208984374,train
2026-01-05 14:45:00,ZONE_B,318.0671304010916,317.05402,274.0671,239.73111,107.35211615231675,107.58493,117.40231,214.66554,424.63895,391.46942,454.39667,1952.3196,1497.9229325195313,train
2026-01-05 15:00:00,ZONE_B,325.53636996381044,292.01022,266.22342,213.97212,136.64817830492586,127.027626,153.56659,217.94466,419.03784,419.79,431.91678,1992.4484,1560.5316214355469,train
2026-01-05 15:15:00,ZONE_B,265.8269576555937,253.07477,230.16403,187.3891,125.69714255065288,141.21625,211.45653,182.37625,394.29102,441.62054,369.76535,1998.8102,1629.044849658203,train
2026-01-05 15:30:00,ZONE_B,258.7086357047678,246.55287,218.08067,163.10927,183.11325411772413,221.38309,222.05466,243.25713,467.93597,440.1353,406.3664,2003.0331,1596.6667059570314,train
2026-01-05 15:45:00,ZONE_B,239.12466750266512,213.99486,211.04721,131.09976,258.5931397935618,245.12859,239.88562,255.80347,459.12344,450.93283,386.90323,1995.624,1608.7207712402344,train
2026-01-05 16:00:00,ZONE_B,212.8292729400424,186.94704,151.36443,109.66665,257.15832387675374,246.32367,255.99295,241.4038,433.2707,407.35736,351.07043,1998.1996,1647.1291654296874,train
2026-01-05 16:15:00,ZONE_B,200.86071201922445,164.00012,134.17134,83.76649,225.2903332343472,247.20139,241.94453,246.80692,411.2015,376.11588,330.5734,1995.1649,1664.5915052246094,train
2026-01-05 16:30:00,ZONE_B,160.9404219616077,133.2324,108.162796,76.197426,254.96183328685527,246.9874,225.19197,253.19771,380.2198,333.35477,329.39514,1997.7692,1668.3740583984375,train
2026-01-05 16:45:00,ZONE_B,133.7736129734351,108.20497,87.25988,38.847996,239.1971868293761,233.64203,244.58118,225.76613,341.847,331.84106,264.61414,2012.0984,1747.4842642578126,train
2026-01-05 17:00:00,ZONE_B,112.01206071815622,87.82695,63.06794,15.405364,203.384160005876,226.10678,228.1921,238.25487,313.93372,291.26004,253.66023,1998.795,1745.1347674560548,train
2026-01-05 17:15:00,ZONE_B,91.6715751481047,67.309586,36.043194,2.1735854,243.31992757434625,251.775,239.9836,253.87814,319.0846,276.0268,256.05173,2000.5033,1744.4515727050782,train
2026-01-05 17:30:00,ZONE_B,65.65114392738298,33.349476,0.6102869,0.0,277.2042971139754,266.3248,265.69812,238.40149,299.6743,266.3084,238.40149,1999.7654,1761.3639107421875,train
2026-01-05 17:45:00,ZONE_B,35.4288137702066,0.0,0.0,0.0,275.28073794461113,266.76855,265.06354,200.95825,266.76855,265.06354,200.95825,2002.7028,1801.744548046875,train
2026-01-05 18:00:00,ZONE_B,0.0,2.8079264,2.212973,0.0,253.4787023333797,236.29889,239.4517,190.84634,239.10681,241.66467,190.84634,1999.9197,1809.0733560058593,train
2026-01-05 18:15:00,ZONE_B,0.0,0.0,0.0,0.0,210.03368472503976,205.40215,184.5576,229.82387,205.40215,184.5576,229.82387,2002.2042,1772.3803322021483,train
2026-01-05 18:30:00,ZONE_B,0.0,0.0,0.0,0.014464794,209.42398466029195,189.46916,172.0888,241.61263,189.46916,172.0888,241.62709,2000.0243,1758.3972095458985,train
2026-01-05 18:45:00,ZONE_B,0.0,0.0,0.0,0.0,193.717357550288,180.95798,219.41989,237.2897,180.95798,219.41989,237.2897,2000.4211,1763.1313966308594,train
2026-01-05 19:00:00,ZONE_B,0.0,1.0597184,4.919048,0.0,180.40384528832848,203.42154,233.6376,247.24413,204.48126,238.55666,247.24413,2005.0017,1757.757574633789,train
2026-01-05 19:15:00,ZONE_B,0.0,0.0,0.0,0.36223325,214.8633525309299,241.08368,229.2132,234.07831,241.08368,229.2132,234.44054,1999.0538,1764.6132635009765,train
2026-01-05 19:30:00,ZONE_B,0.0,0.0,0.0,0.6394559,245.23557629185663,251.68158,256.40826,255.10727,251.68158,256.40826,255.74672,2001.299,1745.5522806396484,train
2026-01-05 19:45:00,ZONE_B,0.0,0.0,0.0,0.0,273.2768370217618,273.59924,259.0528,267.5109,273.59924,259.0528,267.5109,1998.972,1731.4611052246094,train
2026-01-05 20:00:00,ZONE_B,0.0,0.029591084,0.2542097,0.6875827,260.08325721686526,240.98088,253.89828,270.12418,241.01047,254.1525,270.81177,1876.0057,1605.193932421875,train
2026-01-05 20:15:00,ZONE_B,0.0,0.0,0.0,0.0,244.59017018946363,252.2233,261.46664,264.37253,252.2233,261.46664,264.37253,1878.4973,1614.1247719238281,train
2026-01-05 20:30:00,ZONE_B,0.0,0.0,0.0,0.0,273.7177312724507,273.97418,272.58063,271.46817,273.97418,272.58063,271.46817,1852.2804,1580.8122298339845,train
2026-01-05 20:45:00,ZONE_B,0.0,0.13318262,0.0,0.0,278.39312480994164,272.84943,270.08,268.06155,272.9826,270.08,268.06155,1856.6294,1588.567846044922,train
2026-01-05 21:00:00,ZONE_B,0.0,0.3978038,0.36165154,0.0,276.59408371643684,275.7476,271.0983,268.47537,276.1454,271.45996,268.47537,1811.7701,1543.2947276855468,train
2026-01-05 21:15:00,ZONE_B,0.0,0.15312135,0.0,0.0,279.0913903654882,275.20456,270.09265,264.37808,275.35767,270.09265,264.37808,1774.2963,1509.9182177246093,train
2026-01-05 21:30:00,ZONE_B,0.0,0.0,0.0,0.062001698,275.5446189537171,276.69745,273.04517,273.3915,276.69745,273.04517,273.45352,1742.2177,1468.7641782714843,train
2026-01-05 21:45:00,ZONE_B,0.0,0.0,0.0,0.0,275.6151136762316,279.55942,273.8277,276.45026,279.55942,273.8277,276.45026,1733.4087,1456.9584436523437,train
2026-01-05 22:00:00,ZONE_B,0.0,0.36856693,0.36165154,0.011723278,272.99046934263583,278.3435,273.09305,273.53848,278.71207,273.4547,273.5502,1728.1755,1454.6252985839844,train
2026-01-05 22:15:00,ZONE_B,0.0,0.045735568,0.0,0.0,277.8157084097914,275.37097,272.01447,279.86896,275.41672,272.01447,279.86896,1683.8635,1403.9945424804687,train
2026-01-05 22:30:00,ZONE_B,0.0,0.019874059,0.0,7.3107185,274.14298462965576,272.2754,269.31528,270.1268,272.29526,269.31528,277.43753,1635.471,1358.0334694824219,train
2026-01-05 22:45:00,ZONE_B,0.0,0.025796823,0.1645858,0.0,276.51674240960455,279.13367,273.24136,275.34192,279.15945,273.40594,275.34192,1617.3947,1342.0527810546876,train
2026-01-05 23:00:00,ZONE_B,0.0,0.26118115,0.89627445,0.011964215,276.0343697434657,277.2124,270.28885,276.4358,277.47357,271.18512,276.44775,1615.3336,1338.88584609375,train
2026-01-05 23:15:00,ZONE_B,0.0,1.799655,0.0,0.0,278.8878515426963,277.90826,271.13263,274.05798,279.70792,271.13263,274.05798,1616.3611,1342.3031166015626,train
2026-01-05 23:30:00,ZONE_B,0.0,0.3104765,7.48274,0.3478967,274.4178730776068,276.17334,271.25647,274.09677,276.48383,278.7392,274.44467,1616.7577,1342.3130283691407,train
2026-01-05 23:45:00,ZONE_B,0.0,0.1569778,0.0,0.0,277.5853430799551,276.83884,271.75494,276.4358,276.99582,271.75494,276.4358,1611.1244,1334.688608984375,train
2026-01-06 00:00:00,ZONE_B,0.0,0.14763296,0.0,0.0,275.568284519361,278.13174,275.72253,277.00357,278.2794,275.72253,277.00357,1618.5248,1341.5212294433593,train
2026-01-06 00:15:00,ZONE_B,0.0,0.14035666,0.0,0.0,275.383278942156,278.15625,276.43643,277.00357,278.2966,276.43643,277.00357,1601.853,1324.8494294433594,train
2026-01-06 00:30:00,ZONE_B,0.0,0.0,0.0,0.6276707,281.22497852283084,277.22134,280.142,280.27783,277.22134,280.142,280.90552,1602.46,1321.554482421875,train
2026-01-06 00:45:00,ZONE_B,0.0,0.0,1.1876831,1.4415702,273.2983827362437,274.8713,276.00696,277.07025,274.8713,277.19464,278.5118,1602.4918,1323.9799896972656,train
2026-01-06 01:00:00,ZONE_B,0.0,0.17349443,0.0,0.0,273.08597256546125,274.64554,275.92566,280.16284,274.81903,275.92566,280.16284,1601.7668,1321.603958203125,train
2026-01-06 01:15:00,ZONE_B,0.0,0.018326787,0.0,0.0,274.6778759826289,276.62408,277.77545,278.17395,276.64243,277.77545,278.17395,1600.5334,1322.3594498046875,train
2026-01-06 01:30:00,ZONE_B,0.0,0.018326787,0.0,0.6276707,274.2358028399008,278.00424,276.857,278.90347,278.02258,276.857,279.53116,1600.5938,1321.0626415527345,train
2026-01-06 01:45:00,ZONE_B,0.0,0.09662272,1.1876831,1.4415702,275.6453901327226,279.16797,270.92462,277.98886,279.2646,272.1123,279.43042,1606.7356,1327.305180078125,train
2026-01-06 02:00:00,ZONE_B,0.0,0.1826455,0.0,0.0,280.5172592111802,280.40936,275.28735,276.32028,280.592,275.28735,276.32028,1601.5107,1325.1904180175782,train
2026-01-06 02:15:00,ZONE_B,0.0,0.0091757225,0.0,0.0,272.64220481178734,274.0127,274.79083,275.05988,274.02188,274.79083,275.05988,1602.5521,1327.4922245117189,train
2026-01-06 02:30:00,ZONE_B,0.0,0.018326787,0.0,0.6276707,279.7256232997126,276.72134,277.33328,276.31067,276.7397,277.33328,276.93835,1603.9882,1327.0498455078125,train
2026-01-06 02:45:00,ZONE_B,0.0,0.0,0.9761549,1.370913,274.2850764885894,274.6691,275.13504,273.84866,274.6691,276.1112,275.21957,1600.1582,1324.9386260253907,train
2026-01-06 03:00:00,ZONE_B,0.0,0.28088015,0.21533334,0.0,278.098361030175,275.73364,274.4221,275.0072,276.01453,274.63742,275.0072,1598.4141,1323.4068978515625,train
2026-01-06 03:15:00,ZONE_B,0.0,0.22659022,0.0,0.0,276.41473285191387,280.41577,276.31247,280.54456,280.64236,276.31247,280.54456,1608.2155,1327.6709443359375,train
2026-01-06 03:30:00,ZONE_B,0.0,0.2759897,0.0,0.34289047,273.9201836167845,274.42365,274.98877,272.2835,274.69965,274.98877,272.6264,1600.1357,1327.5092961914063,train
2026-01-06 03:45:00,ZONE_B,0.0,0.0,1.1876831,1.370913,272.44152736623545,273.62604,276.9592,274.49118,273.62604,278.14688,275.8621,1589.6813,1313.8192089355468,train
2026-01-06 04:00:00,ZONE_B,0.0,0.28088015,0.13239661,0.0,271.71890225457884,274.97488,277.21088,280.0047,275.25577,277.34326,280.0047,1585.8495,1305.8448002929688,train
2026-01-06 04:15:00,ZONE_B,0.0,0.0091757225,0.0,0.0,274.3398122586904,277.00488,272.22998,281.5815,277.01407,272.22998,281.5815,1601.9908,1320.4092875488282,train
2026-01-06 04:30:00,ZONE_B,0.0,0.0,0.0,0.5570134,274.5827780409915,277.00488,273.43854,280.88168,277.00488,273.43854,281.4387,1599.705,1318.266309814453,train
2026-01-06 04:45:00,ZONE_B,0.0,0.0,1.2080063,2.0441976,275.9249769520143,277.69574,274.34802,279.51886,277.69574,275.55603,281.56305,1605.4014,1323.8383506835937,train
2026-01-06 05:00:00,ZONE_B,0.0,3.683042,2.5035803,1.8324795,275.1049650262004,274.2816,272.9878,276.11102,277.96463,275.49136,277.9435,1830.3959,1552.4523880371094,train
2026-01-06 05:15:00,ZONE_B,0.0,0.30693173,8.568568,6.449292,275.8060195197399,274.72458,273.9892,274.22208,275.03152,282.55777,280.67136,1831.2318,1550.5604437988281,train
2026-01-06 05:30:00,ZONE_B,0.0,0.0,0.0,1.2302982,274.70863226353265,277.21878,276.96448,275.63113,277.21878,276.96448,276.86142,1859.0797,1582.2182803222656,train
2026-01-06 05:45:00,ZONE_B,0.0,0.44865292,5.2601438,4.5623612,275.1150780855804,274.6691,274.88715,274.22208,275.11774,280.14728,278.78442,1883.5382,1604.753776171875,train
2026-01-06 06:00:00,ZONE_B,0.0,0.23014183,1.2678856,1.4433075,273.4486264666789,271.92493,274.30673,274.46808,272.15506,275.57462,275.91138,1888.777,1612.865623046875,train
2026-01-06 06:15:00,ZONE_B,0.0,0.25330403,2.302021,47.862453,273.28437041873366,273.80515,274.67548,274.46808,274.05844,276.9775,322.33054,1946.5422,1624.2116641113282,train
2026-01-06 06:30:00,ZONE_B,0.0,0.0,2.010178,83.25175,276.41763613345057,274.6073,275.09604,273.74484,274.6073,277.10623,356.99658,1994.9756,1637.97901796875,train
2026-01-06 06:45:00,ZONE_B,0.0,0.0,13.507435,79.0826,277.3750393047913,275.0225,275.09604,273.74484,275.0225,288.6035,352.82745,1973.9613,1621.1338463867187,train
2026-01-06 07:00:00,ZONE_B,0.0,23.707306,57.848457,149.67699,275.5830304540953,274.89432,276.11896,273.69626,298.60162,333.9674,423.37323,2024.8496,1601.4763700195313,train
2026-01-06 07:15:00,ZONE_B,29.774663252520952,57.534325,85.08943,168.3597,276.3428788206666,277.63934,273.82648,274.59152,335.17368,358.9159,442.95123,2040.9678,1598.0165670898436,train
2026-01-06 07:30:00,ZONE_B,60.833667077130414,91.61931,129.32407,194.75092,270.1063520175968,270.04694,274.55957,273.23022,361.66626,403.88364,467.98114,2065.3672,1597.3860598632814,train
2026-01-06 07:45:00,ZONE_B,86.84697665295455,122.502,156.69197,231.4254,278.02510089660245,274.77383,273.98105,274.604,397.27582,430.67303,506.02942,2131.2593,1625.2298810546877,train
2026-01-06 08:00:00,ZONE_B,113.3782597418413,151.59106,176.57672,254.97256,277.8379066149231,275.32883,274.62332,274.604,426.9199,451.20004,529.57654,2158.076,1628.4994619140625,train
2026-01-06 08:15:00,ZONE_B,151.52349932742794,186.87961,228.08557,292.43222,270.47516956800325,269.9967,276.7702,272.72397,456.8763,504.85577,565.1562,2157.7605,1592.6043110351561,train
2026-01-06 08:30:00,ZONE_B,180.85853568551912,222.373,252.23337,311.54425,282.79146913060987,280.349,276.03482,295.8673,502.722,528.2682,607.41156,2208.9407,1601.5291399414064,train
2026-01-06 08:45:00,ZONE_B,213.32188379161263,239.76187,266.2409,310.46347,276.2680165587138,278.22104,273.0805,265.33688,517.9829,539.3214,575.80035,2241.602,1665.8016459960936,train
2026-01-06 09:00:00,ZONE_B,225.3536523867368,258.4689,286.88733,334.78537,276.4405211020191,275.19672,274.87064,274.43198,533.66565,561.75793,609.21735,1945.9004,1336.6830538085937,train
2026-01-06 09:15:00,ZONE_B,252.3261259863776,278.80026,300.08273,348.97,276.31472294034705,275.48047,276.423,271.49023,554.28076,576.50574,620.4602,2010.7205,1390.260294921875,train
2026-01-06 09:30:00,ZONE_B,299.3218136782002,319.46002,346.27512,365.2083,268.4049893826513,255.82622,269.8365,268.01953,575.28625,616.1116,633.22784,1949.3105,1316.0826557617188,train
2026-01-06 09:45:00,ZONE_B,319.2555124885389,346.66486,361.4973,371.43787,274.0529552721111,275.22076,273.5457,275.60086,621.8856,635.04297,647.0387,2006.3445,1359.3058037109374,train
2026-01-06 10:00:00,ZONE_B,340.8080053040171,352.41302,356.2285,401.6699,278.3702196259479,271.56177,273.72693,274.93823,623.9748,629.95544,676.60815,1970.6976,1294.089445703125,train
2026-01-06 10:15:00,ZONE_B,350.0457103998357,354.742,365.5854,401.91574,275.4571814371116,276.10828,274.00488,275.4085,630.8503,639.5903,677.3242,1915.5869,1238.26268125,train
2026-01-06 10:30:00,ZONE_B,353.88606383559045,366.01053,378.8425,427.552,271.4839850971175,277.2625,273.9936,274.99384,643.2731,652.83606,702.54584,1945.7109,1243.1650625976563,train
2026-01-06 10:45:00,ZONE_B,340.5656973509401,364.84424,384.4012,391.53027,278.6269810742988,275.67426,272.68442,275.24207,640.5185,657.08563,666.77234,2003.6263,1336.8539611328124,train
2026-01-06 11:00:00,ZONE_B,376.9152122217775,399.6747,413.8902,439.52182,274.589557419988,275.40704,274.3679,270.50992,675.0818,688.25806,710.03174,2011.4656,1301.43386171875,train
2026-01-06 11:15:00,ZONE_B,405.6913837412872,434.76685,409.53998,421.8387,276.2527103163356,272.73788,274.80725,274.9719,707.50476,684.3472,696.8106,1953.6746,1256.8639920898438,train
2026-01-06 11:30:00,ZONE_B,438.8417219468338,427.22226,434.90298,422.37003,272.2011359962329,275.8788,275.5517,276.05676,703.1011,710.4547,698.42676,2034.307,1335.8802421875,train
2026-01-06 11:45:00,ZONE_B,409.30793376611854,404.67062,403.6306,366.31473,272.69900846907365,275.5335,273.1867,274.80707,680.2041,676.8173,641.1218,1958.3616,1317.239773828125,train
2026-01-06 12:00:00,ZONE_B,390.37231965773935,398.12976,398.64624,388.17706,272.47143155041294,275.5292,273.43408,275.98465,673.65894,672.0803,664.16174,1994.9512,1330.7894568359375,train
2026-01-06 12:15:00,ZONE_B,406.0028247066557,400.5486,378.13995,390.34406,273.456270464895,271.2484,271.91812,275.13928,671.797,650.0581,665.48334,1952.475,1286.9916625976562,train
2026-01-06 12:30:00,ZONE_B,410.4295121117509,379.8434,396.19354,370.84854,275.5454251161421,279.38086,271.77777,277.37103,659.22424,667.9713,648.2196,1931.2703,1283.0506955078124,train
2026-01-06 12:45:00,ZONE_B,369.9840712824482,367.0287,384.8663,360.86993,278.6405275861266,278.34418,272.10727,276.83255,645.37286,656.9736,637.7025,1973.8135,1336.1109853515625,train
2026-01-06 13:00:00,ZONE_B,351.9708845340414,353.75076,360.27148,352.52634,278.29082124608976,277.7097,275.3062,277.93124,631.46045,635.5777,630.4576,1921.2644,1290.8068194335938,train
2026-01-06 13:15:00,ZONE_B,344.66385303169864,358.25372,335.003,369.26987,274.7616293910539,283.3118,274.72726,276.72873,641.56555,609.7302,645.9986,1978.9181,1332.9195038085938,train
2026-01-06 13:30:00,ZONE_B,362.1236034337006,348.8984,342.62347,360.37347,276.23777208212806,275.73337,274.33112,274.84006,624.6318,616.9546,635.2135,2017.9418,1382.7282990234376,train
2026-01-06 13:45:00,ZONE_B,330.12017170744514,335.32822,346.5287,349.34436,278.5984007236248,276.21823,274.67648,275.49384,611.54645,621.2052,624.8382,1961.5618,1336.7236041992187,train
2026-01-06 14:00:00,ZONE_B,348.29800376577714,337.9022,332.3551,302.91022,282.321051331646,279.96936,276.6175,274.98468,617.8716,608.9726,577.8949,2001.0283,1423.1334025390624,train
2026-01-06 14:15:00,ZONE_B,357.0036832828661,344.10733,334.7992,306.2745,273.7099924318505,275.23096,274.83795,275.56155,619.33826,609.63715,581.83606,1933.9772,1352.1411404296875,train
2026-01-06 14:30:00,ZONE_B,351.1150135999204,348.00708,317.77042,279.71518,275.9451558798352,279.26297,272.0486,273.09564,627.27,589.81903,552.8108,1948.2543,1395.443508984375,train
2026-01-06 14:45:00,ZONE_B,353.44162849895247,333.45572,336.11847,263.01175,274.0174437101585,273.12115,273.61426,270.8906,606.5769,609.7327,533.90234,2019.2535,1485.35115625,train
2026-01-06 15:00:00,ZONE_B,333.9806586017617,333.75052,289.65237,244.0693,280.5109016519565,276.40378,275.77716,272.2591,610.1543,565.42957,516.32837,2018.5077,1502.179330859375,train
2026-01-06 15:15:00,ZONE_B,354.0650850243678,302.98245,276.2133,244.32246,272.95520507401625,270.80197,276.53302,276.47208,573.7844,552.74634,520.79456,2019.4277,1498.6331443359375,train
2026-01-06 15:30:00,ZONE_B,301.5358693661002,271.77606,258.28674,196.26437,275.5012816261327,275.73285,273.7219,279.34366,547.5089,532.00867,475.60803,1994.9596,1519.3515677734374,train
2026-01-06 15:45:00,ZONE_B,257.39444521004833,263.7206,222.92332,155.84843,275.6767199737152,274.7239,273.74924,276.4129,538.4445,496.67255,432.26135,2004.8993,1572.6379474609375,train
2026-01-06 16:00:00,ZONE_B,272.4168211431022,228.43254,199.4734,125.535965,275.794986332116,273.03003,276.14273,271.70367,501.4626,475.61615,397.23962,2024.3811,1627.1414759765626,train
2026-01-06 16:15:00,ZONE_B,223.8676152695916,184.50082,156.16017,100.75653,270.2548416900875,270.52756,274.77084,272.1704,455.02838,430.93103,372.92694,2015.4667,1642.5397590820312,train
2026-01-06 16:30:00,ZONE_B,194.824928069505,159.23491,127.32738,63.423706,274.9373592361866,273.55435,274.64328,271.91083,432.78925,401.97064,335.33453,2015.1272,1679.7926663085937,train
2026-01-06 16:45:00,ZONE_B,157.32259810199562,129.8648,101.874306,29.91149,279.873475053652,275.64328,274.64328,274.06436,405.5081,376.51758,303.97586,2000.0536,1696.0777394042968,train
2026-01-06 17:00:00,ZONE_B,127.02306621760862,91.9247,64.07899,0.4129041,271.5745737147209,274.26678,275.12378,275.44858,366.19147,339.20276,275.86148,2001.0317,1725.1702192871094,train
2026-01-06 17:15:00,ZONE_B,98.53933458692408,66.330734,37.770004,0.0,272.40138327963354,274.46994,274.3669,273.01678,340.80066,312.1369,273.01678,2007.3292,1734.3124153320312,train
2026-01-06 17:30:00,ZONE_B,66.82229897832022,34.058544,0.7611127,0.0,276.23683166121407,275.0899,273.47314,269.59064,309.14844,274.23425,269.59064,2000.7703,1731.1796627929687,train
2026-01-06 17:45:00,ZONE_B,30.882035531226634,0.0,0.0,0.0,273.68904423315047,277.41837,273.36694,268.05923,277.41837,273.36694,268.05923,1999.4746,1731.4153653808594,train
2026-01-06 18:00:00,ZONE_B,0.0,0.097999565,1.7090744,0.06639123,275.2463078368164,274.7994,272.17126,273.80743,274.8974,273.88034,273.87384,1999.8241,1725.9502596679688,train
2026-01-06 18:15:00,ZONE_B,0.0,0.0,0.0,0.3419738,276.00588801329945,275.35596,274.3669,274.75854,275.35596,274.3669,275.10052,2001.5375,1726.4369750976562,train
2026-01-06 18:30:00,ZONE_B,0.0,0.0,0.0,0.0,274.4012118924768,274.2325,274.32028,274.72824,274.2325,274.32028,274.72824,2006.7986,1732.0703590332032,train
2026-01-06 18:45:00,ZONE_B,0.0,0.0,0.0,0.0,273.8385324358693,275.62454,276.55713,280.23148,275.62454,276.55713,280.23148,1996.6106,1716.3791241699219,train
2026-01-06 19:00:00,ZONE_B,0.0,0.0,0.0,0.0,279.3201491713017,277.1006,274.39853,276.5272,277.1006,274.39853,276.5272,1996.3827,1719.8555088378907,train
2026-01-06 19:15:00,ZONE_B,0.0,0.0,2.4597328,0.0,277.4793412979836,277.96063,278.05292,275.73563,277.96063,280.51266,275.73563,1992.8345,1717.0988737792968,train
2026-01-06 19:30:00,ZONE_B,0.0,0.0,0.0,0.5176524,280.4704968479227,272.96564,277.48203,272.851,272.96564,277.48203,273.36865,2006.4286,1733.05994765625,train
2026-01-06 19:45:00,ZONE_B,0.0,0.15481827,0.0,0.0,276.71622727790884,277.2034,274.53204,277.01944,277.35822,274.53204,277.01944,1992.9479,1715.9284603027343,train
2026-01-06 20:00:00,ZONE_B,0.0,0.068181455,0.0,0.013756787,275.4644600860189,276.42014,274.39853,276.3287,276.4883,274.39853,276.34247,1871.8605,1595.5180317382813,train
2026-01-06 20:15:00,ZONE_B,0.0,0.99140644,0.9245959,0.63456213,274.5052963304336,274.2325,276.54504,277.17627,275.2239,277.46964,277.81082,1868.8029,1590.9920784667968,train
2026-01-06 20:30:00,ZONE_B,0.0,0.0,0.0,0.0,278.3087661136528,272.5696,274.2755,271.70114,272.5696,274.2755,271.70114,1858.8073,1587.106158642578,train
2026-01-06 20:45:00,ZONE_B,0.0,0.0,0.0,0.0,280.16322576765333,276.57504,277.04324,272.78018,276.57504,277.04324,272.78018,1856.984,1584.2038181152343,train
2026-01-06 21:00:00,ZONE_B,0.0,0.4660018,0.0,0.013756787,277.7555817270729,272.29364,272.0747,273.94656,272.75964,272.0747,273.96033,1802.5957,1528.6353728515626,train
2026-01-06 21:15:00,ZONE_B,0.0,0.0,0.0,0.0,278.66574684706484,277.35712,276.13263,277.55307,277.35712,276.13263,277.55307,1794.4769,1516.9238299316405,train
2026-01-06 21:30:00,ZONE_B,0.0,0.0,0.0,0.0,275.3672766861059,280.14487,277.63675,278.46964,280.14487,277.63675,278.46964,1776.3342,1497.8645649902344,train
2026-01-06 21:45:00,ZONE_B,0.0,0.0,0.0,0.070444405,281.5495854045386,277.81958,278.69186,273.83084,277.81958,278.69186,273.90128,1757.3833,1483.4820243652343,train
2026-01-06 22:00:00,ZONE_B,0.0,0.18722865,0.0,0.0,281.0269877467212,275.85468,279.62842,280.46484,276.0419,279.62842,280.46484,1725.5787,1445.11385625,train
2026-01-06 22:15:00,ZONE_B,0.0,0.0,0.0,0.112409204,274.12974603578607,278.7606,275.89362,277.28876,278.7606,275.89362,277.40115,1707.7751,1430.373946435547,train
2026-01-06 22:30:00,ZONE_B,0.0,0.0,0.0,0.0,279.6712027453689,277.38754,277.04324,279.4398,277.38754,277.04324,279.4398,1665.3374,1385.8976111816405,train
2026-01-06 22:45:00,ZONE_B,0.0,0.0,0.22487651,0.0,275.9372531784963,276.50705,275.37466,274.4369,276.50705,275.59955,274.4369,1634.8663,1360.4294103515624,train
2026-01-06 23:00:00,ZONE_B,0.0,0.39020267,0.24626672,0.0,278.6275275576816,277.8717,276.6528,278.82016,278.2619,276.89908,278.82016,1608.8136,1329.9934400878906,train
2026-01-06 23:15:00,ZONE_B,0.0,0.0,0.0,0.0,276.42748397631965,279.23346,275.72302,275.95056,279.23346,275.72302,275.95056,1609.8284,1333.8778384765626,train
2026-01-06 23:30:00,ZONE_B,0.0,0.0,0.0,1.0020587,281.24030240365954,277.2836,278.35123,276.3961,277.2836,278.35123,277.39813,1617.5732,1340.1750676757813,train
2026-01-06 23:45:00,ZONE_B,0.0,0.0,0.069095686,0.070444405,275.61089340591855,280.69617,280.62784,274.40488,280.69617,280.69693,274.4753,1611.8702,1337.3948887207032,train
2026-01-07 00:00:00,ZONE_B,0.0,0.19606265,0.0,0.0,273.52750620719394,280.20212,275.4962,275.48865,280.3982,275.4962,275.48865,1603.3473,1327.8586525390624,train
2026-01-07 00:15:00,ZONE_B,0.0,0.0,0.0,0.0,282.90701627908766,282.45712,274.1693,287.3641,282.45712,274.1693,287.3641,1605.2798,1317.9156947753906,train
2026-01-07 00:30:00,ZONE_B,0.0,0.0,0.0,0.7193458,277.373962033853,281.478,276.136,279.06247,281.478,276.136,279.78183,1598.6641,1318.8822701660156,train
2026-01-07 00:45:00,ZONE_B,0.0,0.0,0.91038036,0.9706818,275.54265804456344,278.028,280.96948,274.8261,278.028,281.87985,275.79678,1603.5529,1327.7561165527343,train
2026-01-07 01:00:00,ZONE_B,0.0,0.0,0.1274688,0.0,275.7423246576851,279.04184,279.46533,273.2986,279.04184,279.5928,273.2986,1603.9224,1330.6237854980468,train
2026-01-07 01:15:00,ZONE_B,0.0,0.031743914,0.0,0.0,279.84383596878297,282.2518,277.67267,274.5541,282.28354,277.67267,274.5541,1619.3206,1344.7664923339844,train
2026-01-07 01:30:00,ZONE_B,0.0,0.0,0.0,0.88209873,280.03300902876424,279.85608,279.95587,271.2459,279.85608,279.95587,272.12802,1602.0068,1329.8787787597657,train
2026-01-07 01:45:00,ZONE_B,0.0,0.47813147,0.91038036,0.0,273.4063319975159,274.63217,275.30948,268.41797,275.1103,276.21985,268.41797,1602.496,1334.07803125,train
2026-01-07 02:00:00,ZONE_B,0.0,0.0,0.0,0.0,280.3804792502602,282.08655,283.3758,272.44748,282.08655,283.3758,272.44748,1605.026,1332.5785207519532,train
2026-01-07 02:15:00,ZONE_B,0.0,0.0,0.0,0.0,274.2748446963837,277.21042,280.01245,271.9155,277.21042,280.01245,271.9155,1609.403,1337.4875031738281,train
2026-01-07 02:30:00,ZONE_B,0.0,0.0,0.0,0.88209873,273.4314081421397,275.096,281.0145,265.90033,275.096,281.0145,266.78244,1604.6581,1337.8756598144532,train
2026-01-07 02:45:00,ZONE_B,0.0,0.0,1.0672982,0.7584492,274.9005639318723,278.54642,281.9757,274.4069,278.54642,283.043,275.16534,1602.0835,1326.9181557617187,train
2026-01-07 03:00:00,ZONE_B,0.0,0.19606265,0.0,0.0,273.26021713670764,273.69727,266.39035,270.39136,273.89334,266.39035,270.39136,1605.6691,1335.277742578125,train
2026-01-07 03:15:00,ZONE_B,0.0,0.0,0.0,0.0,273.486731455014,274.43317,271.9171,274.4069,274.43317,271.9171,274.4069,1604.3916,1329.9847091308593,train
2026-01-07 03:30:00,ZONE_B,0.0,0.0,0.0,0.62326145,274.25682880256755,277.21042,269.47867,273.2947,277.21042,269.47867,273.91797,1608.745,1334.82703125,train
2026-01-07 03:45:00,ZONE_B,0.0,0.0,0.91038036,0.7584492,275.107536686281,277.6256,273.0941,273.2947,277.6256,274.00446,274.05316,1606.6722,1332.6190383789062,train
2026-01-07 04:00:00,ZONE_B,0.0,0.0,0.0,0.0,274.44229918057414,276.05664,272.813,256.13583,276.05664,272.813,256.13583,1605.0278,1348.8919662597657,train
2026-01-07 04:15:00,ZONE_B,0.0,0.0,0.0,0.0,276.3832693660713,276.2737,273.18173,267.2561,276.2737,273.18173,267.2561,1604.902,1337.645896484375,train
2026-01-07 04:30:00,ZONE_B,0.0,0.0,0.0,1.0272673,280.2105809343291,275.00372,265.31192,242.50179,275.00372,265.31192,243.52905,1603.4124,1359.883347265625,train
2026-01-07 04:45:00,ZONE_B,0.0,0.011805187,6.01903,7.0874047,274.0374816018284,273.3502,271.76215,248.11153,273.362,277.7812,255.19893,1594.68,1339.4810711669923,train
2026-01-07 05:00:00,ZONE_B,0.0,0.0,0.13239661,2.3657818,274.79854780626164,275.8869,249.04031,265.69073,275.8869,249.17271,268.05652,1755.7188,1487.6622814453126,train
2026-01-07 05:15:00,ZONE_B,0.0,2.3649144,1.9038005,10.33115,274.6201677568775,264.6023,255.3514,253.40881,266.96722,257.2552,263.73996,1838.8605,1575.1205402832031,train
2026-01-07 05:30:00,ZONE_B,0.0,0.2880185,4.3612742,0.5193957,259.6423744551077,243.39447,255.67363,262.56528,243.6825,260.0349,263.0847,1843.3998,1580.315113720703,train
2026-01-07 05:45:00,ZONE_B,0.0,1.2540548,2.6039221,3.8312953,214.3781389054292,242.13428,213.01848,212.20465,243.38834,215.6224,216.03595,1899.5186,1683.4826502929689,train
2026-01-07 06:00:00,ZONE_B,0.0,4.260279,10.374624,46.156754,242.43819778634048,236.8492,237.90912,217.2572,241.10948,248.28374,263.41394,1923.7018,1660.2878595703125,train
2026-01-07 06:15:00,ZONE_B,0.0,4.075278,7.143196,36.134758,246.3510889967391,246.9362,232.08841,203.04224,251.01147,239.2316,239.177,2019.1117,1779.934698046875,train
2026-01-07 06:30:00,ZONE_B,0.0,0.0,7.2324915,67.41638,237.0458105916108,235.0627,226.08336,212.48761,235.0627,233.31586,279.904,1975.8698,1695.9658083007812,train
2026-01-07 06:45:00,ZONE_B,0.0,0.24591699,20.188437,97.13503,205.29838106555232,203.72357,164.1745,141.04604,203.96948,184.36293,238.18106,1996.0833,1757.9022392089844,train
2026-01-07 07:00:00,ZONE_B,0.0,42.73744,63.66046,154.00414,190.9109500244622,173.18697,194.80139,189.62396,215.92441,258.46185,343.6281,2010.4628,1666.8346872070313,train
2026-01-07 07:15:00,ZONE_B,21.769648092025083,53.984604,97.75173,148.77405,163.73618126651218,177.26176,145.10806,145.29556,231.24637,242.8598,294.0696,2089.945,1795.875389404297,train
2026-01-07 07:30:00,ZONE_B,46.28101113995908,85.77361,121.40555,185.24852,176.07452900504808,162.69717,186.6565,126.56613,248.4708,308.06204,311.81464,2085.3335,1773.5188637695314,train
2026-01-07 07:45:00,ZONE_B,81.5588295992628,118.0109,155.62471,213.71101,148.27644667034383,163.15439,128.3656,109.28164,281.16528,283.9903,322.99265,2105.9185,1782.9258547363283,train
2026-01-07 08:00:00,ZONE_B,115.32311274141466,142.39824,170.79124,226.54599,188.964698674864,165.33844,161.16196,139.42166,307.7367,331.9532,365.96765,2157.783,1791.8153486328124,train
2026-01-07 08:15:00,ZONE_B,142.8371110501386,176.314,208.51251,221.3253,139.00929823808747,121.756775,140.86565,102.73844,298.07077,349.37817,324.06375,2142.6438,1818.5800487792967,train
2026-01-07 08:30:00,ZONE_B,173.37463263843387,207.77023,211.80951,239.38602,123.7315347029604,132.79848,130.79782,105.2567,340.56873,342.60733,344.6427,2330.86,1986.2172998046876,train
2026-01-07 08:45:00,ZONE_B,203.03908446564705,222.79843,237.24017,283.02002,163.86929801434863,155.73015,131.4584,123.09041,378.52856,368.69858,406.1104,2221.417,1815.3065874023437,train
2026-01-07 09:00:00,ZONE_B,215.58681452328625,234.22498,236.03055,263.64185,154.01479496637828,147.85901,134.93286,123.654495,382.08398,370.9634,387.29633,1970.1492,1582.8528743164063,train
2026-01-07 09:15:00,ZONE_B,219.8736941885685,244.05873,262.7627,271.0392,118.28079471834803,121.70091,112.60603,102.45566,365.75964,375.3687,373.49487,2027.6969,1654.202026953125,train
2026-01-07 09:30:00,ZONE_B,236.20556284953284,256.29282,253.11998,272.16766,123.8276296543955,116.682014,114.66595,132.04417,372.97482,367.78592,404.21185,1989.8503,1585.6384469726563,train
2026-01-07 09:45:00,ZONE_B,233.66181146378224,246.99953,257.04434,261.12793,115.94172655197109,110.28706,102.09777,115.66916,357.2866,359.14212,376.7971,2004.978,1628.1809113769532,train
2026-01-07 10:00:00,ZONE_B,243.2046724431977,250.68019,256.99704,251.94359,94.41476172770687,98.29387,121.79689,106.941246,348.97406,378.79395,358.88483,1982.7793,1623.8944733398437,train
2026-01-07 10:15:00,ZONE_B,256.7916243583703,253.0859,257.84766,282.53165,71.88585670138049,107.648705,103.48671,88.980995,360.73462,361.33435,371.51263,2003.9325,1632.4198657226561,train
2026-01-07 10:30:00,ZONE_B,252.42870707157508,250.99457,250.10812,283.70804,131.52856932316945,130.79161,127.24613,114.499695,381.7862,377.35425,398.20773,2118.2341,1720.0263668457033,train
2026-01-07 10:45:00,ZONE_B,258.6019122698219,240.93881,269.4718,284.99692,129.41458005259682,121.776184,111.446266,129.93687,362.715,380.91806,414.93378,2052.3142,1637.380423144531,train
2026-01-07 11:00:00,ZONE_B,215.5671417811561,253.01532,256.36682,274.40607,85.04247674224672,99.01369,106.10645,88.89859,352.029,362.47327,363.30466,2042.4396,1679.134943017578,train
2026-01-07 11:15:00,ZONE_B,262.6888271863672,263.35138,287.1959,282.45917,116.01932862152408,107.86933,113.086716,113.22328,371.2207,400.2826,395.68243,1966.5159,1570.8334659179689,train
2026-01-07 11:30:00,ZONE_B,275.22678881504544,282.2656,277.5978,266.28412,130.32545898007453,125.85213,106.19785,110.23343,408.11774,383.79565,376.51755,1981.981,1605.4634523925781,train
2026-01-07 11:45:00,ZONE_B,285.1263229475057,281.52017,279.36227,290.3346,113.33203185975492,103.5355,113.92849,84.29687,385.05566,393.29077,374.63147,2007.9629,1633.3314302734375,train
2026-01-07 12:00:00,ZONE_B,277.89775176773,275.60867,264.72784,270.4878,90.46655347329938,103.18977,102.53396,90.63794,378.79846,367.2618,361.12573,1972.7407,1611.614967578125,train
2026-01-07 12:15:00,ZONE_B,254.6956861638679,258.788,284.39804,280.27005,107.22156651651063,109.57111,82.66943,101.341934,368.3591,367.06747,381.612,2030.5942,1648.9822004882813,train
2026-01-07 12:30:00,ZONE_B,249.8293334696227,269.06784,262.21408,281.51038,101.91340254489238,94.364044,93.97877,126.32378,363.4319,356.19284,407.83417,1942.0818,1534.2476325195312,train
2026-01-07 12:45:00,ZONE_B,284.0815393311806,277.24713,263.53903,298.19485,65.61193796715455,76.857086,73.56863,142.2781,354.10422,337.10767,440.47296,2065.622,1625.1490385742186,train
2026-01-07 13:00:00,ZONE_B,265.10020309137144,262.51102,297.57898,321.60715,101.53288696497825,99.33639,121.42304,108.10046,361.8474,419.002,429.7076,1986.8271,1557.1194889160156,train
2026-01-07 13:15:00,ZONE_B,242.72278262221243,282.405,275.0795,286.46667,91.75876609372638,117.42139,152.88951,112.2221,399.8264,427.969,398.68878,1933.9838,1535.2950182617187,train
2026-01-07 13:30:00,ZONE_B,293.6277984682052,282.03592,315.9935,312.27274,122.7066803022909,146.06961,114.399155,143.22198,428.10553,430.39264,455.49472,1947.8888,1492.3940795410156,train
2026-01-07 13:45:00,ZONE_B,276.79145843484366,304.34943,302.9625,292.57446,155.4639537137362,140.62553,142.94182,120.02903,444.97498,445.9043,412.6035,1945.186,1532.582514892578,train
2026-01-07 14:00:00,ZONE_B,314.7286030569555,301.6677,304.10596,267.02017,126.64743020270384,126.12376,142.8791,92.11288,427.79144,446.98505,359.13306,2002.8685,1643.735443359375,train
2026-01-07 14:15:00,ZONE_B,317.2079998559075,317.8688,295.64948,261.93677,155.63994270825162,147.98752,127.23991,112.211685,465.85632,422.88937,374.14844,1931.9545,1557.8060625,train
2026-01-07 14:30:00,ZONE_B,324.3149176506171,301.63144,286.87378,241.08385,138.91047922416794,123.98858,116.91756,118.45887,425.62003,403.79132,359.54272,1924.2479,1564.705175390625,train
2026-01-07 14:45:00,ZONE_B,291.7421586185459,274.45044,265.74686,251.12178,95.539858503469,95.07702,112.45371,87.840294,369.52747,378.20056,338.96207,1950.5894,1611.6273333496094,train
2026-01-07 15:00:00,ZONE_B,270.178937294214,263.79233,236.69695,215.9724,85.63415705597447,94.25363,100.878136,87.10161,358.04596,337.57507,303.074,2024.3822,1721.308194873047,train
2026-01-07 15:15:00,ZONE_B,283.01649352177344,258.7951,243.42677,194.1175,96.04099938364304,95.17406,90.23325,114.98869,353.96918,333.66003,309.1062,2035.5808,1726.474598828125,train
2026-01-07 15:30:00,ZONE_B,246.6662658309767,243.38913,219.02226,167.98402,83.62137682367383,82.41022,77.850815,62.47656,325.79935,296.87308,230.46059,2001.3534,1770.8928134521484,train
2026-01-07 15:45:00,ZONE_B,250.6137019144843,232.97675,208.22386,151.83705,79.56674211261075,85.365685,95.938675,80.098625,318.34244,304.16254,231.93567,1993.0692,1761.1335310546874,train
2026-01-07 16:00:00,ZONE_B,217.0596476546396,187.14359,164.86021,111.16891,103.42751965049426,106.880875,84.7774,100.2503,294.02448,249.6376,211.4192,2009.2856,1797.8663952880859,train
2026-01-07 16:15:00,ZONE_B,199.1321242638481,179.01537,146.14,80.32578,105.65844971273155,93.48185,101.40134,88.86482,272.49722,247.54134,169.19061,1992.4364,1823.2457872070313,train
2026-01-07 16:30:00,ZONE_B,182.29251009318105,157.49457,122.28281,53.982235,88.0136093206679,88.42086,96.63654,87.45599,245.91544,218.91934,141.43823,2016.8364,1875.398167578125,train
2026-01-07 16:45:00,ZONE_B,151.42111262730097,125.65893,93.81817,27.67293,100.80253092791112,102.221855,105.34401,82.32929,227.88078,199.16217,110.00222,2018.5629,1908.5606798461913,train
2026-01-07 17:00:00,ZONE_B,115.5135799232266,86.300606,56.47104,0.0,108.47116356743032,90.44907,92.512535,73.77856,176.74968,148.98358,73.77856,2005.8635,1932.0849431762695,train
2026-01-07 17:15:00,ZONE_B,79.29641599496675,49.68605,24.63978,0.0,59.84387784043072,57.943333,65.184235,73.68886,107.62938,89.82401,73.68886,2011.1714,1937.4825419677734,train
2026-01-07 17:30:00,ZONE_B,54.23245631350015,21.466728,0.0,0.0,66.45791934329381,70.994774,67.12459,63.782642,92.4615,67.12459,63.782642,2000.4166,1936.633957635498,train
2026-01-07 17:45:00,ZONE_B,26.447211394458883,0.0,0.33877686,0.0,73.6085934962044,71.263214,85.13924,95.37962,71.263214,85.47801,95.37962,2000.767,1905.3873765869141,train
2026-01-07 18:00:00,ZONE_B,0.0,14.359645,16.059965,4.420524,72.96223977524065,76.806244,68.05892,85.273895,91.165886,84.11889,89.69442,1999.64,1909.9455801391603,train
2026-01-07 18:15:00,ZONE_B,0.0,3.749753,2.6846693,1.3449913,88.47980896761732,83.02484,98.02886,70.76826,86.7746,100.71353,72.11325,2000.1371,1928.023849267578,train
2026-01-07 18:30:00,ZONE_B,0.0,0.0,3.3137066,7.327515,77.43832753773401,86.18292,89.0233,86.97011,86.18292,92.337006,94.29762,1994.9852,1900.687577319336,train
2026-01-07 18:45:00,ZONE_B,0.0,0.051273517,1.0352297,0.0,83.03525577720846,86.1161,69.97505,57.555176,86.16737,71.010284,57.555176,2002.2206,1944.66542421875,train
2026-01-07 19:00:00,ZONE_B,0.0,0.029591084,11.819583,0.6875827,58.53537978745517,52.65397,70.88469,53.79491,52.68356,82.70427,54.482494,2009.6975,1955.215005645752,train
2026-01-07 19:15:00,ZONE_B,0.0,9.293485,0.0,0.033022836,63.123462508910194,79.313385,58.11988,71.37913,88.60687,58.11988,71.41215,1998.3899,1926.9777524780272,train
2026-01-07 19:30:00,ZONE_B,0.0,0.09714671,4.449525,0.0,99.65928574689352,88.30944,80.458,90.1799,88.406586,84.907524,90.1799,2006.3573,1916.177398876953,train
2026-01-07 19:45:00,ZONE_B,0.0,0.0,0.0,0.0,79.92694829390463,77.347565,78.506935,62.49343,77.347565,78.506935,62.49343,1996.6842,1934.1907689086913,train
2026-01-07 20:00:00,ZONE_B,0.0,0.0,0.20094305,0.0,67.70009880703341,71.74807,71.75974,96.65995,71.74807,71.960686,96.65995,1871.3457,1774.6857497436524,train
2026-01-07 20:15:00,ZONE_B,0.0,0.0,0.0,0.0,56.47117875944426,58.258995,55.558186,52.263245,58.258995,55.558186,52.263245,1862.775,1810.5117553710938,train
2026-01-07 20:30:00,ZONE_B,0.0,0.0,0.0,0.0,59.0315504348365,54.92807,69.55595,71.567276,54.92807,69.55595,71.567276,1852.7698,1781.2025239990235,train
2026-01-07 20:45:00,ZONE_B,0.0,0.28146663,0.0,0.0,44.443583891686366,57.142433,50.237144,67.00438,57.4239,50.237144,67.00438,1852.1996,1785.195220727539,train
2026-01-07 21:00:00,ZONE_B,0.0,0.3978038,0.36165154,0.0,49.04298457558898,46.586056,61.984165,46.868107,46.98386,62.345818,46.868107,1813.0344,1766.166293157959,train
2026-01-07 21:15:00,ZONE_B,0.0,0.21454963,0.0,0.0,60.12617889600431,71.2576,70.75564,66.639336,71.472145,70.75564,66.639336,1781.6625,1715.0231643676757,train
2026-01-07 21:30:00,ZONE_B,0.0,0.30140537,0.0,0.16040689,68.70501469626544,69.86977,63.544376,115.29922,70.17117,63.544376,115.459625,1766.9503,1651.4906747558593,train
2026-01-07 21:45:00,ZONE_B,0.0,0.28146663,0.0,0.0,43.45248457577389,48.35915,58.17198,68.45875,48.640617,58.17198,68.45875,1733.4172,1664.9584521362306,train
2026-01-07 22:00:00,ZONE_B,0.0,0.03656683,0.36165154,0.0,57.13896385531665,61.782223,80.4978,72.23954,61.81879,80.85945,72.23954,1732.2698,1660.0302598999024,train
2026-01-07 22:15:00,ZONE_B,0.0,0.36283365,0.0,0.349802,71.89530049876788,98.84922,74.215645,105.86139,99.21205,74.215645,106.21119,1708.1451,1601.9339107299804,train
2026-01-07 22:30:00,ZONE_B,0.0,0.0,0.0,0.0,86.87699998348799,89.337326,86.15471,141.6441,89.337326,86.15471,141.6441,1650.3955,1508.7513959960938,train
2026-01-07 22:45:00,ZONE_B,0.0,0.0,0.0,0.0,95.50527690590268,96.342926,97.30752,134.17448,96.342926,97.30752,134.17448,1647.5897,1513.4152157470703,train
2026-01-07 23:00:00,ZONE_B,0.0,0.18722865,0.7132286,0.0098221805,98.62756881342,108.193665,137.78377,159.49591,108.38089,138.497,159.50574,1631.753,1472.2472626953124,train
2026-01-07 23:15:00,ZONE_B,0.0,0.36960337,0.022375494,0.16040689,120.86532431962596,128.84898,144.47847,118.83681,129.21858,144.50084,118.997215,1615.7587,1496.761484729004,train
2026-01-07 23:30:00,ZONE_B,0.0,0.43103164,0.072618924,0.16040689,175.56983316964033,162.40298,175.68748,185.30266,162.83401,175.7601,185.46306,1620.0076,1434.5445415283202,train
2026-01-07 23:45:00,ZONE_B,0.0,0.13318262,0.8172428,0.0,146.40033960975168,162.2684,150.17351,142.66171,162.40158,150.99075,142.66171,1607.1178,1464.4560873535156,train
2026-01-08 00:00:00,ZONE_B,0.0,0.17349443,0.0,0.0,177.4368752237448,160.80711,195.6986,143.8971,160.9806,195.6986,143.8971,1606.6644,1462.7673052734374,train
2026-01-08 00:15:00,ZONE_B,0.0,0.048475794,0.0,0.0,176.4429530996243,177.44687,163.0209,121.48153,177.49535,163.0209,121.48153,1604.5614,1483.0798707641602,train
2026-01-08 00:30:00,ZONE_B,0.0,0.0,0.0,0.5570134,173.81406252447525,157.21289,134.18867,125.33862,157.21289,134.18867,125.89564,1601.4309,1475.535262487793,train
2026-01-08 00:45:00,ZONE_B,0.0,0.0,1.2465434,1.370913,131.4584033607767,135.50119,120.94206,104.19824,135.50119,122.18861,105.56915,1604.0731,1498.5039471679688,train
2026-01-08 01:00:00,ZONE_B,0.0,0.3046754,0.0,0.0,121.96875074051528,108.79402,101.37689,88.409355,109.098694,101.37689,88.409355,1605.2484,1516.8390448364257,train
2026-01-08 01:15:00,ZONE_B,0.0,0.0,0.0,0.0,99.94289222834831,97.06651,79.72322,73.31229,97.06651,79.72322,73.31229,1605.1124,1531.8001136230469,train
2026-01-08 01:30:00,ZONE_B,0.0,0.0,0.0,0.6654664,90.06885929810797,92.23503,75.636185,75.09468,92.23503,75.636185,75.76015,1604.4049,1528.6447529052734,train
2026-01-08 01:45:00,ZONE_B,0.0,0.0,0.9761549,1.370913,70.62748073692316,65.43331,72.54501,74.839645,65.43331,73.52117,76.210556,1602.0066,1525.7960439697265,train
2026-01-08 02:00:00,ZONE_B,0.0,0.05479005,0.0,0.0,63.73092545927654,62.206287,62.743767,50.774593,62.261078,62.743767,50.774593,1600.8179,1550.0433066467285,train
2026-01-08 02:15:00,ZONE_B,0.0,0.047513798,0.0,0.0,57.2601913002944,58.526,67.38213,29.148693,58.573513,67.38213,29.148693,1572.7434,1543.5947069152833,train
2026-01-08 02:30:00,ZONE_B,0.0,0.0,0.0,0.96086544,58.975748157196165,61.421246,49.70125,37.293747,61.421246,49.70125,38.254612,1605.2854,1567.0307880310058,train
2026-01-08 02:45:00,ZONE_B,0.0,0.021564808,0.9761549,1.2939098,38.41941780091504,36.612827,25.180046,40.32282,36.63439,26.1562,41.61673,1604.1398,1562.5230702636718,train
2026-01-08 03:00:00,ZONE_B,0.0,0.05479005,0.0,0.0,24.10875746397716,26.197277,25.266857,43.708744,26.252068,25.266857,43.708744,1603.5289,1559.8201559509278,train
2026-01-08 03:15:00,ZONE_B,0.0,0.0,0.0,0.0,27.177341261441303,26.305265,32.854633,46.2285,26.305265,32.854633,46.2285,1600.8484,1554.6198996337891,train
2026-01-08 03:30:00,ZONE_B,0.0,0.14611992,0.0,0.5809308,20.4772186610194,26.273844,31.222069,52.314888,26.419964,31.222069,52.89582,1606.7986,1553.9027793823243,train
2026-01-08 03:45:00,ZONE_B,0.0,0.16220094,1.5227906,1.3491126,29.456154184649822,32.49471,41.44215,55.663414,32.65691,42.96494,57.012527,1600.04,1543.0274725341797,train
2026-01-08 04:00:00,ZONE_B,0.0,0.31043863,0.0164907,0.0,31.67698771699699,36.77297,48.74626,49.879314,37.08341,48.762753,49.879314,1599.8136,1549.9342855773925,train
2026-01-08 04:15:00,ZONE_B,0.0,0.23449679,0.0,0.0,38.11844251358147,42.188057,45.720673,58.865597,42.422554,45.720673,58.865597,1599.1854,1540.3198032287598,train
2026-01-08 04:30:00,ZONE_B,0.0,0.0,0.0,0.75790596,56.93120312200964,55.127747,57.686104,61.27898,55.127747,57.686104,62.03689,1603.3215,1541.2846118774414,train
2026-01-08 04:45:00,ZONE_B,0.0,0.31216672,5.5123143,6.2940984,52.82875837113892,53.318478,64.324394,69.50144,53.630646,69.83671,75.79554,1597.3181,1521.522560144043,train
2026-01-08 05:00:00,ZONE_B,0.0,0.39046398,0.4328566,0.0,44.77006233404644,50.284676,59.787384,74.7752,50.67514,60.22024,74.7752,1762.6288,1687.8536001098632,train
2026-01-08 05:15:00,ZONE_B,0.0,0.0,0.23519915,3.4253557,56.9223115386943,56.835754,65.57199,79.10779,56.835754,65.80719,82.53314,1831.9781,1749.4449579101563,train
2026-01-08 05:30:00,ZONE_B,0.0,0.0,4.8716908,36.408485,62.71346359228932,65.37346,73.74286,64.062195,65.37346,78.61455,100.47068,1848.7985,1748.3278197631837,train
2026-01-08 05:45:00,ZONE_B,0.0,0.20443171,1.4310582,7.19364,62.07581718732496,68.748116,77.10296,71.79963,68.952545,78.53402,78.99327,1883.0886,1804.0953291259766,train
2026-01-08 06:00:00,ZONE_B,0.0,4.0038605,11.540702,55.619354,84.44841068716711,92.25478,88.864365,85.20773,96.258644,100.40507,140.82709,1896.8583,1756.0312125976563,train
2026-01-08 06:15:00,ZONE_B,0.0,2.5907314,4.9221697,75.33864,81.55173949687584,77.68459,82.20648,73.80249,80.27532,87.128654,149.14113,1956.2963,1807.155171459961,train
2026-01-08 06:30:00,ZONE_B,0.0,0.0,6.9861007,127.47908,79.88399546587318,77.63172,77.16226,95.200874,77.63172,84.14836,222.67996,1936.4276,1713.7476378417969,train
2026-01-08 06:45:00,ZONE_B,0.0,1.3627112,52.20047,144.98865,80.92336960586375,78.44331,74.46643,88.50923,79.80602,126.6669,233.49788,1991.8021,1758.3042209716798,train
2026-01-08 07:00:00,ZONE_B,0.0,37.952393,79.27677,190.3045,65.64818027548468,65.74937,80.16582,98.34962,103.70176,159.4426,288.6541,2016.2264,1727.5722862304688,train
2026-01-08 07:15:00,ZONE_B,55.05747267264781,107.31148,168.29205,275.01868,67.00525737949678,77.657585,72.97749,67.31645,184.96906,241.26955,342.33514,2050.9202,1708.5850559570313,train
2026-01-08 07:30:00,ZONE_B,109.93781712539896,168.17046,231.32233,340.81668,90.48863331620716,95.24544,118.94273,97.10873,263.4159,350.26508,437.9254,2050.7253,1612.7998849609376,train
2026-01-08 07:45:00,ZONE_B,162.88608491513895,223.53726,274.83722,377.11313,101.74867539224186,103.30459,93.98821,115.61373,326.84186,368.82544,492.72687,2177.328,1684.6011323242187,train
2026-01-08 08:00:00,ZONE_B,224.4546088115582,273.70355,346.85104,448.32047,99.4997268118165,91.39239,100.61769,122.856316,365.09595,447.46875,571.17676,2155.483,1584.3062421875002,train
2026-01-08 08:15:00,ZONE_B,259.9862646305707,323.0226,369.79633,450.0783,97.26091093403932,96.50126,102.27539,106.571106,419.52386,472.07172,556.6494,2225.8203,1669.1708859374999,train
2026-01-08 08:30:00,ZONE_B,333.9860779922352,372.30246,429.23398,532.80664,105.3856546001404,108.20156,128.89183,133.91914,480.50403,558.1258,666.72577,2225.389,1558.6632309570314,train
2026-01-08 08:45:00,ZONE_B,363.3753319955072,424.27835,455.88712,545.3373,123.6692536221928,122.62771,117.562035,114.47624,546.90607,573.44916,659.81354,2209.7056,1549.8920624023435,train
2026-01-08 09:00:00,ZONE_B,416.9780910729806,452.66077,514.2281,595.4146,137.1296701115736,125.08221,138.5775,178.10818,577.743,652.8056,773.5228,1959.2872,1185.7643728515625,train
2026-01-08 09:15:00,ZONE_B,456.7027588926077,497.0562,542.6594,609.07306,130.97154820615276,126.50753,127.78434,119.21771,623.5637,670.4438,728.2908,2006.6301,1278.339328515625,train
2026-01-08 09:30:00,ZONE_B,498.6084566481615,538.96344,579.32153,662.36127,142.10974765446778,135.28165,158.02493,98.13667,674.2451,737.34644,760.4979,1993.0918,1232.5938751953124,train
2026-01-08 09:45:00,ZONE_B,540.9874589459415,576.25433,608.2691,675.66144,154.0027965430991,156.69124,133.1617,104.60135,732.94556,741.4308,780.2628,2036.0652,1255.8023826171875,train
2026-01-08 10:00:00,ZONE_B,587.1230342116747,612.85236,657.96484,656.74567,125.717617609987,123.25288,97.422005,108.86198,736.1052,755.38684,765.60767,1994.4006,1228.792933984375,train
2026-01-08 10:15:00,ZONE_B,613.5554823626665,655.52655,652.0009,701.0819,128.5017632689245,106.58933,108.91116,118.17897,762.1159,760.9121,819.26086,1999.74,1180.4791357421875,train
2026-01-08 10:30:00,ZONE_B,663.987175154049,664.2781,676.89246,686.87415,79.54347696422,85.42222,96.0917,106.896965,749.7003,772.98413,793.7711,1971.7255,1177.9543818359375,train
2026-01-08 10:45:00,ZONE_B,649.9555468669228,664.6951,700.3908,711.34216,90.65994767810646,98.15328,105.75799,116.4076,762.8484,806.1488,827.74976,1999.3369,1171.587144140625,train
2026-01-08 11:00:00,ZONE_B,648.5674439697902,702.7989,705.48315,695.8171,105.30567784869666,115.06146,112.62175,137.03996,817.86035,818.1049,832.85706,2017.5808,1184.7237443359375,train
2026-01-08 11:15:00,ZONE_B,708.9764135254612,713.2928,707.123,755.7753,123.04586934684814,123.2975,131.53633,145.36838,836.5903,838.6593,901.1437,1983.6322,1082.4885232421875,train
2026-01-08 11:30:00,ZONE_B,718.7878610110743,706.0248,699.48346,761.34216,113.90935258625372,117.75646,138.3062,140.3726,823.78125,837.7897,901.7148,1966.2301,1064.5153172851562,train
2026-01-08 11:45:00,ZONE_B,722.7080305890064,703.0152,760.9924,754.4275,119.64433501003523,140.39236,150.06921,157.55466,843.4076,911.0616,911.9822,2035.2181,1123.235922265625,train
2026-01-08 12:00:00,ZONE_B,712.3150851050355,763.5678,764.7984,721.8906,155.32703442119123,177.28444,171.16942,189.1364,940.85223,935.96783,911.02704,1967.323,1056.2959614257813,train
2026-01-08 12:15:00,ZONE_B,776.9196332093734,777.436,773.9075,662.84326,200.15340218298508,204.32576,216.33733,184.45312,981.7617,990.2448,847.2964,1984.0859,1136.78951328125,train
2026-01-08 12:30:00,ZONE_B,776.7824503654243,761.6924,723.77985,652.9189,199.91122819303027,209.0561,225.33693,150.23607,970.7485,949.11676,803.15497,1978.7617,1175.6067317382813,train
2026-01-08 12:45:00,ZONE_B,773.3922900903443,734.91986,669.9383,679.27625,206.61627748911656,219.31291,200.90416,187.25668,954.2328,870.84247,866.53296,1989.2101,1122.677141015625,train
2026-01-08 13:00:00,ZONE_B,741.2152739202767,677.30804,659.2804,657.2728,242.1936961464315,218.89784,204.06886,237.59543,896.2059,863.34924,894.8683,1945.9961,1051.1278138671876,train
2026-01-08 13:15:00,ZONE_B,659.8189899992134,650.82117,656.50665,603.0676,188.31896783467883,187.46712,209.3165,218.34146,838.28827,865.8231,821.40906,1938.6168,1117.2077423828125,train
2026-01-08 13:30:00,ZONE_B,650.4464160864414,670.67236,642.08,595.5826,179.49825781721208,196.37979,219.1981,227.96623,867.0521,861.27814,823.5488,1952.3828,1128.833971875,train
2026-01-08 13:45:00,ZONE_B,692.3208750859533,653.5479,620.3101,579.2131,228.5049089700271,247.6865,243.76584,251.12248,901.2344,864.0759,830.3356,1926.0742,1095.7386287109375,train
2026-01-08 14:00:00,ZONE_B,657.2579970254787,616.181,598.64465,527.9015,261.4982773673047,257.10382,236.45464,233.52736,873.28485,835.0993,761.42883,1944.453,1183.0241669921875,train
2026-01-08 14:15:00,ZONE_B,602.3943090998058,572.4493,545.5272,467.59827,271.3852956740134,250.3594,258.85254,214.889,822.8087,804.37976,682.4873,1949.5516,1267.0642953125,train
2026-01-08 14:30:00,ZONE_B,574.7388651869043,551.2087,514.1702,451.71344,215.03375740940407,219.28201,215.80307,220.97711,770.4907,729.97327,672.69055,1975.0146,1302.3240482421875,train
2026-01-08 14:45:00,ZONE_B,569.4806007428833,514.4689,489.04944,420.0802,213.65294230666336,216.31403,186.70277,159.36311,730.7829,675.7522,579.4433,1953.6862,1374.2429016601563,train
2026-01-08 15:00:00,ZONE_B,511.1549427852843,471.3164,427.20316,348.99048,201.41336881799143,192.49503,202.68582,148.26573,663.8114,629.889,497.25623,2017.4167,1520.1604744140625,train
2026-01-08 15:15:00,ZONE_B,471.1019648467867,412.5678,380.99155,300.8722,205.97602638351952,197.76399,170.48978,148.88704,610.3318,551.4813,449.75922,2034.8837,1585.1244836914063,train
2026-01-08 15:30:00,ZONE_B,448.2228389823711,407.94904,361.0698,262.71555,183.9718416681337,165.09291,145.95236,150.40094,573.04193,507.02216,413.1165,2034.7325,1621.616014404297,train
2026-01-08 15:45:00,ZONE_B,408.998267002622,356.67142,303.95148,221.35158,148.40939270735433,126.670746,120.67774,118.885284,483.34216,424.6292,340.23688,2017.3271,1677.0902225585937,train
2026-01-08 16:00:00,ZONE_B,351.8263496265931,305.2786,256.2399,168.4307,100.87926729857956,105.25191,121.46942,114.05708,410.53052,377.70932,282.4878,2014.647,1732.15920703125,train
2026-01-08 16:15:00,ZONE_B,294.53975593424104,242.10559,211.87166,122.88263,127.20720458662863,126.72941,112.89612,108.244,368.835,324.76776,231.12663,2005.1305,1774.0038673095703,train
2026-01-08 16:30:00,ZONE_B,254.82866917982344,217.33618,164.46376,82.86743,119.29505361407872,113.80664,120.02179,102.265594,331.14282,284.48553,185.13303,2005.689,1820.5559738769532,train
2026-01-08 16:45:00,ZONE_B,218.67709947158147,175.82318,133.69432,57.309883,122.40140635222797,119.21536,98.61847,85.31269,295.03854,232.31279,142.62257,2007.6522,1865.029626147461,train
2026-01-08 17:00:00,ZONE_B,175.5705280559275,133.04895,87.44365,0.4974731,124.2909591717635,107.90762,93.75998,77.408516,240.95657,181.20363,77.90599,2000.5338,1922.627809399414,train
2026-01-08 17:15:00,ZONE_B,136.4838224754315,90.90596,37.49097,0.0,99.63790776787056,96.60454,79.21382,94.93611,187.5105,116.70479,94.93611,2002.022,1907.0858885498046,train
2026-01-08 17:30:00,ZONE_B,89.64545763569852,41.25339,2.2306583,0.2366052,77.45589235805151,71.54837,72.152504,60.318924,112.80176,74.38316,60.55553,2002.8594,1942.3038694519043,train
2026-01-08 17:45:00,ZONE_B,47.62696251101449,5.0618973,0.0,0.0,59.02043763742599,55.744946,61.88466,81.35725,60.806843,61.88466,81.35725,2000.6826,1919.3253536010743,train
2026-01-08 18:00:00,ZONE_B,0.0,0.0,1.453729,0.0,48.59677177727152,50.580196,54.430355,60.053474,50.580196,55.884083,60.053474,1999.2144,1939.1609255737305,train
2026-01-08 18:15:00,ZONE_B,0.0,1.1136988,1.5198797,0.0,54.29834293089653,56.894733,71.64205,77.09813,58.00843,73.161934,77.09813,1999.3977,1922.299570727539,train
2026-01-08 18:30:00,ZONE_B,0.0,0.3533657,0.55277896,0.0,42.68308214387845,54.95948,53.775753,74.906006,55.312847,54.328533,74.906006,2000.6602,1925.754194140625,train
2026-01-08 18:45:00,ZONE_B,0.0,0.0,0.0,0.0,67.81591161868617,71.05439,80.144516,111.0008,71.05439,80.144516,111.0008,2000.8291,1889.8282989135741,train
2026-01-08 19:00:00,ZONE_B,0.0,4.758459,4.5252438,0.0,85.69742774728601,92.14429,91.00784,122.00301,96.90275,95.53309,122.00301,1998.7834,1876.7803863891602,train
2026-01-08 19:15:00,ZONE_B,0.0,0.0,0.0,0.32415873,101.65736352659228,103.00915,117.09622,141.38875,103.00915,117.09622,141.7129,1994.8805,1853.167594116211,train
2026-01-08 19:30:00,ZONE_B,0.0,0.0,0.0,0.0,99.37124558204994,110.184105,120.793915,117.410965,110.184105,120.793915,117.410965,1998.6681,1881.2571350341798,train
2026-01-08 19:45:00,ZONE_B,0.0,0.0,0.0,20.34216,138.1878826389272,129.82555,156.47682,160.3455,129.82555,156.47682,180.68767,2000.2238,1819.5361321533203,train
2026-01-08 20:00:00,ZONE_B,0.0,0.0,0.0,0.0,129.1954406705473,140.41621,125.89539,138.25009,140.41621,125.89539,138.25009,1884.5707,1746.3206084472656,train
2026-01-08 20:15:00,ZONE_B,0.0,0.0,19.36578,0.0,132.3388488684754,126.05276,152.14911,110.2909,126.05276,171.5149,110.2909,1862.4851,1752.194198815918,train
2026-01-08 20:30:00,ZONE_B,0.0,9.103394,0.0,0.0,133.19174261546902,140.99223,138.4841,131.26973,150.09563,138.4841,131.26973,1853.4003,1722.1305703857422,train
2026-01-08 20:45:00,ZONE_B,0.0,0.29053771,1.3634082,0.1710906,154.11904091426973,145.37794,129.76373,125.07488,145.66849,131.12714,125.24597,1846.558,1721.3120283203125,train
2026-01-08 21:00:00,ZONE_B,0.0,0.11627247,0.043736555,0.0,171.59090669480443,151.0238,142.02885,185.80092,151.14008,142.07259,185.80092,1809.8691,1624.0681814208983,train
2026-01-08 21:15:00,ZONE_B,0.0,0.045735568,0.0,0.0,157.97868665951586,155.34972,148.42162,206.4756,155.39545,148.42162,206.4756,1756.8987,1550.423098803711,train
2026-01-08 21:30:00,ZONE_B,0.0,0.019874059,0.0,0.0,141.17443293230062,139.5784,164.26483,133.89297,139.59827,164.26483,133.89297,1742.8853,1608.9923251464843,train
2026-01-08 21:45:00,ZONE_B,0.0,0.0,0.0,0.0,161.97039480260034,168.90648,175.98544,139.35869,168.90648,175.98544,139.35869,1719.7223,1580.3636116455077,train
2026-01-08 22:00:00,ZONE_B,0.0,0.23531967,0.60939646,0.0,177.7771144524466,174.37297,147.52504,138.82991,174.60829,148.13443,138.82991,1685.7938,1546.9638897216796,train
2026-01-08 22:15:00,ZONE_B,0.0,0.029025137,0.0,0.0,170.13422314031317,152.33185,136.44771,156.25554,152.36087,136.44771,156.25554,1684.5339,1528.2783610595702,train
2026-01-08 22:30:00,ZONE_B,0.0,0.08150511,5.9711986,0.3478967,124.9518438727919,124.63365,103.54838,168.49155,124.71516,109.51958,168.83945,1648.0426,1479.2031529785156,train
2026-01-08 22:45:00,ZONE_B,0.0,0.0,0.0,0.0,121.95167288375636,119.819,141.83557,113.0498,119.819,141.83557,113.0498,1633.0808,1520.0310029418945,train
2026-01-08 23:00:00,ZONE_B,0.0,0.24447078,0.40603966,0.0,136.00760960615926,142.72893,155.56247,113.963264,142.9734,155.9685,113.963264,1617.7745,1503.811235534668,train
2026-01-08 23:15:00,ZONE_B,0.0,0.019874059,0.0,0.0,187.9192272545652,183.44994,155.01161,195.32808,183.4698,155.01161,195.32808,1607.4109,1412.0828207763673,train
2026-01-08 23:30:00,ZONE_B,0.0,0.029025137,0.0,0.0,153.3822146860906,143.10074,137.05121,156.9983,143.12976,137.05121,156.9983,1610.5593,1453.5609937255858,train
2026-01-08 23:45:00,ZONE_B,0.0,0.0,0.08332767,0.0,141.13102021306307,129.39233,152.28348,143.04042,129.39233,152.3668,143.04042,1610.3566,1467.3161794677735,train
2026-01-09 00:00:00,ZONE_B,0.0,0.3046754,0.0,0.0,130.66066257402102,161.38979,149.92467,125.75464,161.69446,149.92467,125.75464,1602.2898,1476.535161328125,train
2026-01-09 00:15:00,ZONE_B,0.0,0.0,0.0,0.0,170.59454837908663,161.9937,152.32932,170.28242,161.9937,152.32932,170.28242,1604.1665,1433.8840750732422,train
2026-01-09 00:30:00,ZONE_B,0.0,0.0,0.0,0.6276707,166.15357900971517,157.14362,143.7706,149.84865,157.14362,143.7706,150.47632,1602.2524,1451.776081640625,train
2026-01-09 00:45:00,ZONE_B,0.0,0.0,0.9761549,1.3092222,141.87258793748072,144.32202,154.81876,105.78097,144.32202,155.7949,107.09019,1602.2375,1495.147312927246,train
2026-01-09 01:00:00,ZONE_B,0.0,0.063598305,0.0,0.0,156.3251298288634,153.7789,148.47008,128.41518,153.8425,148.47008,128.41518,1602.6708,1474.2556236083985,train
2026-01-09 01:15:00,ZONE_B,0.0,0.11656145,0.0,0.0,147.67988812648008,135.57533,117.629456,170.68219,135.6919,117.629456,170.68219,1603.2086,1432.5264100585937,train
2026-01-09 01:30:00,ZONE_B,0.0,0.0091757225,0.0,0.6276707,115.50090577970032,106.786156,126.69283,119.99258,106.795334,126.69283,120.62025,1600.9679,1480.347653112793,train
2026-01-09 01:45:00,ZONE_B,0.0,0.09662272,1.1876831,1.2675248,95.35885046123768,112.26408,138.2938,138.6095,112.3607,139.48148,139.87703,1602.6193,1462.7422705810548,train
2026-01-09 02:00:00,ZONE_B,0.0,0.17349443,0.026009716,0.0,134.0907186774973,147.417,133.18222,139.58128,147.5905,133.20824,139.58128,1601.1707,1461.589416430664,train
2026-01-09 02:15:00,ZONE_B,0.0,0.11656145,0.0,0.0,146.64320012236908,141.25362,143.2693,132.49152,141.37018,143.2693,132.49152,1603.822,1471.3304838867186,train
2026-01-09 02:30:00,ZONE_B,0.0,0.0091757225,0.0,0.5570134,148.70172224597997,141.24426,137.04791,141.65913,141.25343,137.04791,142.21614,1601.3489,1459.1327592529296,train
2026-01-09 02:45:00,ZONE_B,0.0,0.0,1.0515802,1.4793661,143.43791239159972,138.64749,136.9759,136.04544,138.64749,138.02748,137.52481,1600.7758,1463.2509892089843,train
2026-01-09 03:00:00,ZONE_B,0.0,0.23865603,0.0,0.0,148.13798481453168,134.93854,137.02246,195.4278,135.1772,137.02246,195.4278,1601.4913,1406.0635045898437,train
2026-01-09 03:15:00,ZONE_B,0.0,0.14035666,0.0,0.0,158.8114519237779,166.95607,144.54575,189.35405,167.09642,144.54575,189.35405,1597.9987,1408.644650317383,train
2026-01-09 03:30:00,ZONE_B,0.0,0.17378816,0.0,0.48001003,165.89861186549146,164.71408,190.65463,136.70901,164.88786,190.65463,137.18903,1601.7616,1464.5725741210938,train
2026-01-09 03:45:00,ZONE_B,0.0,0.021564808,1.5227906,1.2907466,173.13984904496422,184.77179,185.76674,143.71277,184.79335,187.28954,145.00351,1601.5369,1456.5333904785157,train
2026-01-09 04:00:00,ZONE_B,0.0,0.20582226,0.16780688,0.0,201.59312123804804,200.8459,164.00009,132.68698,201.05173,164.1679,132.68698,1600.9908,1468.3038187988282,train
2026-01-09 04:15:00,ZONE_B,0.0,0.28013965,0.25975335,0.0,199.75484991137,181.64189,160.7324,186.40865,181.92203,160.99216,186.40865,1603.7715,1417.3628543701172,train
2026-01-09 04:30:00,ZONE_B,0.0,0.0,0.0,0.6474918,164.0778832586077,154.63684,131.72876,138.19656,154.63684,131.72876,138.84406,1599.7937,1460.9496448242187,train
2026-01-09 04:45:00,ZONE_B,0.0,0.21455808,1.0901814,1.0684708,151.23832659301416,129.3891,152.42105,128.7031,129.60365,153.51123,129.77156,1597.2675,1467.4959393310546,train
2026-01-09 05:00:00,ZONE_B,0.0,0.39881548,0.51003164,0.84245706,100.86787408551768,130.11238,126.973656,122.19429,130.5112,127.48369,123.03675,1832.8304,1709.793649206543,train
2026-01-09 05:15:00,ZONE_B,0.0,0.14611992,0.0,6.6501017,152.0802987515103,157.21487,145.328,159.78056,157.361,145.328,166.43066,1842.3883,1675.9576359375,train
2026-01-09 05:30:00,ZONE_B,0.0,0.04762263,0.0,2.2185466,177.5583188288051,152.79477,146.1236,144.2819,152.84239,146.1236,146.50046,1852.588,1706.087542236328,train
2026-01-09 05:45:00,ZONE_B,0.0,0.2602009,1.1064248,1.7564203,148.70555643266576,134.63333,144.20914,128.52321,134.89354,145.31557,130.27963,1873.1561,1742.8764674316405,train
2026-01-09 06:00:00,ZONE_B,0.0,4.860325,8.035308,52.61757,143.04604256612214,137.90262,140.03961,150.26376,142.76294,148.07492,202.88133,1877.567,1674.685667602539,train
2026-01-09 06:15:00,ZONE_B,0.0,0.0112591805,1.5688673,52.3652,127.0822500491696,133.13263,133.04457,123.721245,133.14389,134.61343,176.08644,1921.6605,1745.574058959961,train
2026-01-09 06:30:00,ZONE_B,0.0,0.0,3.537848,96.12564,168.55968117034206,151.8136,154.03835,206.67755,151.8136,157.57619,302.8032,1957.2449,1654.441707861328,train
2026-01-09 06:45:00,ZONE_B,0.0,0.0,28.544939,127.57809,130.74429229952938,139.39607,118.161316,113.32069,139.39607,146.70625,240.89877,1987.5496,1746.6508268066407,train
2026-01-09 07:00:00,ZONE_B,0.0,31.766638,91.304184,196.1546,133.7520042070145,127.111176,156.12616,102.09715,158.8778,247.43034,298.25177,2013.0895,1714.8377299804688,train
2026-01-09 07:15:00,ZONE_B,46.82375410533208,103.10831,150.4515,238.04985,128.88229068064916,148.13446,116.1151,108.14925,251.24277,266.5666,346.1991,2030.5144,1684.3153033203125,train
2026-01-09 07:30:00,ZONE_B,93.0606415483649,143.19125,180.70137,270.14905,152.6220536552977,143.77391,120.034035,108.96023,286.96515,300.7354,379.10928,2054.408,1675.2987165527343,train
2026-01-09 07:45:00,ZONE_B,132.6218235279588,182.11513,225.38675,300.7792,151.5119247537154,124.5176,120.69346,113.01854,306.63272,346.0802,413.79773,2126.263,1712.4652705078124,train
2026-01-09 08:00:00,ZONE_B,178.5656029471133,228.19342,263.007,317.62402,106.1423334646874,107.544556,101.8173,104.40944,335.73798,364.82428,422.03345,2145.1985,1723.165052734375,train
2026-01-09 08:15:00,ZONE_B,206.44544984975812,240.17552,268.6347,341.93683,100.7539224870285,99.497086,91.625,95.02494,339.6726,360.2597,436.96176,2210.8484,1773.8866385253905,train
2026-01-09 08:30:00,ZONE_B,245.32324130604115,272.70364,298.856,329.99423,81.37115365650135,80.82342,81.99383,69.359215,353.52707,380.84982,399.35345,2209.9495,1810.5960454101564,train
2026-01-09 08:45:00,ZONE_B,267.83462107696295,305.06302,334.9957,394.08176,83.64765446830047,84.45419,81.355705,63.618187,389.5172,416.3514,457.69995,2195.1626,1737.462648828125,train
2026-01-09 09:00:00,ZONE_B,298.9205694593456,330.9087,339.38327,389.5827,116.42995007528646,106.092705,94.36235,85.79391,437.0014,433.7456,475.37662,2042.523,1567.1463825683593,train
2026-01-09 09:15:00,ZONE_B,316.2484516604855,336.4699,384.5209,373.1053,76.62453782644302,72.36089,71.457954,66.9735,408.8308,455.97885,440.0788,1952.728,1512.6492036132813,train
2026-01-09 09:30:00,ZONE_B,320.070361002761,349.62427,361.66858,375.97385,65.11299074221587,64.824104,65.283325,58.468044,414.44836,426.9519,434.4419,1979.1062,1544.66430546875,train
2026-01-09 09:45:00,ZONE_B,348.2896498769732,359.41492,368.76248,483.85754,57.328597005480816,53.09027,54.00314,64.08194,412.5052,422.76562,547.93945,1996.7161,1448.776646875,train
2026-01-09 10:00:00,ZONE_B,362.6790748905425,380.25714,399.57693,436.62567,52.06121148036052,53.053772,56.859596,60.6999,433.3109,456.43652,497.32556,2084.8262,1587.5006384765625,train
2026-01-09 10:15:00,ZONE_B,364.0682158883803,387.67313,430.27652,421.1071,61.10904607850892,58.481705,66.4644,80.725815,446.15485,496.7409,501.8329,2012.3943,1510.5614142578124,train
2026-01-09 10:30:00,ZONE_B,384.3812676966284,428.6673,429.26877,465.67413,59.06092691359358,64.094406,64.35574,82.15184,492.76172,493.6245,547.826,2078.0625,1530.2365112304688,train
2026-01-09 10:45:00,ZONE_B,441.1097593352472,438.33017,440.67215,408.96912,66.0719522445071,64.54085,76.86941,58.468044,502.87103,517.54156,467.43716,1938.0625,1470.6253356933594,train
2026-01-09 11:00:00,ZONE_B,394.4963192064407,411.19745,445.59445,426.73486,55.700235203541226,59.198727,70.78875,58.795696,470.39618,516.3832,485.53055,2020.5708,1535.0402519042968,train
2026-01-09 11:15:00,ZONE_B,418.2673563420393,437.14078,418.26892,458.78024,60.5409334650155,73.658966,63.080257,65.30418,510.79974,481.34918,524.0844,2072.0205,1547.9360883789063,train
2026-01-09 11:30:00,ZONE_B,419.1028536940605,422.38705,425.35205,455.51117,73.75845042018517,68.97421,74.71418,115.49711,491.36127,500.06622,571.0083,2020.0371,1449.02879921875,train
2026-01-09 11:45:00,ZONE_B,404.5252699334047,406.64142,440.6069,479.286,60.06562368189114,63.83242,62.089993,79.00848,470.47385,502.6969,558.2945,2054.6138,1496.3193053710938,train
2026-01-09 12:00:00,ZONE_B,428.4278201299513,452.3773,456.10846,499.3939,72.73400309826613,73.293175,105.677605,112.99445,525.6705,561.7861,612.38837,1974.0336,1361.6452333007812,train
2026-01-09 12:15:00,ZONE_B,445.2768441064063,458.19998,478.0057,483.63983,74.34688224745594,96.54166,81.33889,88.105354,554.74164,559.3446,571.7452,2137.6477,1565.9025217773437,train
2026-01-09 12:30:00,ZONE_B,452.4435941606758,475.47116,500.70975,471.32114,92.99172339520727,92.02076,112.22495,102.261955,567.49194,612.9347,573.58307,2134.0625,1560.4794311523438,train
2026-01-09 12:45:00,ZONE_B,487.801824718824,507.42505,491.52536,520.6101,90.12400496539064,99.64607,104.107216,104.02754,607.0711,595.63257,624.63763,1963.3771,1338.7394657226562,train
2026-01-09 13:00:00,ZONE_B,511.3521859551714,490.92236,475.3996,500.22223,96.25545993848876,95.837906,104.08483,97.6101,586.76025,579.48444,597.83234,1976.8907,1379.0583635742187,train
2026-01-09 13:15:00,ZONE_B,485.0453973542026,482.61157,487.48166,429.1918,93.4326647375156,94.713425,107.40087,99.19591,577.325,594.8825,528.3877,2103.8972,1575.5095046874999,train
2026-01-09 13:30:00,ZONE_B,484.6150649229041,499.48627,473.63455,408.5001,93.05310669907108,100.44602,94.24045,106.89554,599.9323,567.875,515.3956,2044.8732,1529.4775701171875,train
2026-01-09 13:45:00,ZONE_B,511.4307436853925,488.99646,458.4368,372.84747,102.29939968670908,103.416405,108.73351,99.352615,592.41284,567.1703,472.20007,1920.1862,1447.9861267578126,train
2026-01-09 14:00:00,ZONE_B,458.6689416910641,433.71603,406.0849,375.2536,111.69218374200248,108.987144,114.75878,111.91639,542.7032,520.8437,487.16998,1946.1561,1458.9861170898437,train
2026-01-09 14:15:00,ZONE_B,435.3718494051009,406.78906,367.92557,341.48138,83.85531684519013,91.50854,76.244194,62.600613,498.2976,444.16977,404.082,1942.6985,1538.616499267578,train
2026-01-09 14:30:00,ZONE_B,393.1429966251797,373.28735,373.23257,313.5994,115.52495075055808,99.30748,96.51399,80.8396,472.59485,469.74658,394.439,1950.2664,1555.8274046386719,train
2026-01-09 14:45:00,ZONE_B,374.3384449234016,361.6843,342.4961,281.54935,76.11925050282669,77.630585,75.20137,113.69078,439.31488,417.69745,395.2401,1927.7628,1532.5226876953125,train
2026-01-09 15:00:00,ZONE_B,376.6042393274657,354.4122,318.5167,258.2792,67.07269546826119,64.61979,67.40088,96.120834,419.03198,385.91757,354.40002,1993.7222,1639.3221755859374,train
2026-01-09 15:15:00,ZONE_B,346.18495634727617,319.33023,298.1433,240.69685,64.83261110092192,63.475697,91.46881,62.56444,382.80594,389.61212,303.2613,1996.3572,1693.0959084960937,train
2026-01-09 15:30:00,ZONE_B,323.3258158111273,296.95206,265.77997,209.67195,70.97744724559215,94.14795,89.376274,42.55186,391.1,355.15625,252.22382,1998.28,1746.0561840820312,train
2026-01-09 15:45:00,ZONE_B,319.59192592615926,286.21082,259.75583,184.8144,101.69581372234396,97.07373,93.57911,77.10021,383.28455,353.33493,261.9146,1997.0942,1735.1795881835938,train
2026-01-09 16:00:00,ZONE_B,268.28041519836023,238.29488,214.0038,135.72481,65.41081969248822,65.40321,43.59112,53.007187,303.6981,257.5949,188.732,2032.6486,1843.9166053710937,train
2026-01-09 16:15:00,ZONE_B,240.74566597184548,215.35458,174.91064,106.86664,58.85631769938259,46.419678,57.64376,57.45937,261.77426,232.55441,164.326,2010.4819,1846.1558959716797,train
2026-01-09 16:30:00,ZONE_B,229.2902541582116,188.03561,153.68568,89.790215,32.20106604870775,38.36994,47.212986,60.642372,226.40555,200.89867,150.43259,2000.9386,1850.506013330078,train
2026-01-09 16:45:00,ZONE_B,181.88930116614137,154.89516,117.0743,41.210464,33.12020668211275,40.96143,50.586906,56.87627,195.85658,167.66121,98.08673,2006.3622,1908.2754690429688,train
2026-01-09 17:00:00,ZONE_B,148.06332860312787,109.59058,72.649185,11.375505,35.40462077439312,43.170567,55.092415,56.46874,152.76115,127.7416,67.844246,2002.4331,1934.5888540893554,train
2026-01-09 17:15:00,ZONE_B,117.29115699275384,88.07327,42.987755,14.123979,55.67603821104968,56.155045,62.236774,66.330315,144.22832,105.22453,80.45429,2009.5747,1929.1204077026366,train
2026-01-09 17:30:00,ZONE_B,85.84387532490639,42.75767,1.0054855,2.361714,56.11749158856399,56.321033,61.308575,62.295326,99.078705,62.31406,64.65704,2004.4292,1939.7721565429688,train
2026-01-09 17:45:00,ZONE_B,39.51324810823057,0.6473739,0.2561434,0.0,73.17625581095048,73.4848,73.23692,57.262756,74.13218,73.493065,57.262756,2005.3462,1948.0834436523437,train
2026-01-09 18:00:00,ZONE_B,0.0,0.0,0.0,0.017118147,82.53126251657325,79.87693,76.61528,56.295906,79.87693,76.61528,56.313023,2004.744,1948.4309773864745,train
2026-01-09 18:15:00,ZONE_B,0.0,0.13862556,0.01522404,0.0,76.85562321613712,77.169556,69.94447,77.83977,77.30818,69.959694,77.83977,2000.2085,1922.3687325439453,train
2026-01-09 18:30:00,ZONE_B,0.0,0.0,1.1805083,0.0,53.06268123018391,52.23957,54.569107,54.94739,52.23957,55.749615,54.94739,2004.0282,1949.0808084899902,train
2026-01-09 18:45:00,ZONE_B,0.0,0.0,1.1482903,4.6407375,57.64177349222283,49.64634,63.002514,57.561047,49.64634,64.1508,62.201782,2001.48,1939.2782177734375,train
2026-01-09 19:00:00,ZONE_B,0.0,0.0,0.0,0.0,39.16849093939679,50.55268,42.705875,59.685177,50.55268,42.705875,59.685177,2000.1658,1940.4806231506348,train
2026-01-09 19:15:00,ZONE_B,0.0,0.0,0.0,0.0,54.82855233849114,52.79802,62.236774,82.07419,52.79802,62.236774,82.07419,1999.6427,1917.5685117675782,train
2026-01-09 19:30:00,ZONE_B,0.0,0.0,0.0,0.0,52.36987561590742,55.91295,63.33502,82.66326,55.91295,63.33502,82.66326,1999.0199,1916.3566385864258,train
2026-01-09 19:45:00,ZONE_B,0.0,0.08513074,4.4602327,0.0,71.18134974207182,68.26826,71.73614,107.666435,68.353386,76.19637,107.666435,1999.1082,1891.4417647583007,train
2026-01-09 20:00:00,ZONE_B,0.0,0.0,0.066564605,0.08117889,62.24758304831212,68.68226,69.44727,51.720295,68.68226,69.51384,51.801476,1875.6571,1823.8556244750976,train
2026-01-09 20:15:00,ZONE_B,0.0,0.0,1.4460131,0.0,67.61185897068958,76.36073,90.39702,81.97201,76.36073,91.84303,81.97201,1873.9791,1792.0070922485352,train
2026-01-09 20:30:00,ZONE_B,0.0,0.0,0.0,0.0,70.18224984075795,87.49212,62.969547,58.010517,87.49212,62.969547,58.010517,1855.3763,1797.3657828796386,train
2026-01-09 20:45:00,ZONE_B,0.0,0.0,0.32335672,0.0,71.27288041723862,66.243965,72.631256,83.156235,66.243965,72.95461,83.156235,1847.6017,1764.445465258789,train
2026-01-09 21:00:00,ZONE_B,0.0,0.315098,0.19265094,0.96504176,63.23381066659476,68.43377,47.16949,63.79952,68.74887,47.36214,64.76456,1803.9352,1739.1706431152343,train
2026-01-09 21:15:00,ZONE_B,0.0,0.019874059,0.0,0.0,69.58891751086279,57.736332,70.786606,61.839943,57.756207,70.786606,61.839943,1752.4609,1690.6209570678711,train
2026-01-09 21:30:00,ZONE_B,0.0,0.029025137,0.0,0.0,54.40489802053392,56.726543,50.6741,59.23814,56.75557,50.6741,59.23814,1757.9958,1698.7576598937987,train
2026-01-09 21:45:00,ZONE_B,0.0,0.0,0.0,0.0,39.72826163378922,44.643215,48.87613,63.503685,44.643215,48.87613,63.503685,1739.1892,1675.6855150024414,train
2026-01-09 22:00:00,ZONE_B,0.0,0.27033222,0.0,0.0,56.66680518519628,59.27828,59.369556,66.65685,59.54861,59.369556,66.65685,1712.0889,1645.432047277832,train
2026-01-09 22:15:00,ZONE_B,0.0,0.0,0.0,0.062001698,67.16507710894344,65.56276,65.63801,90.87508,65.56276,65.63801,90.93708,1716.5284,1625.5913196166991,train
2026-01-09 22:30:00,ZONE_B,0.0,0.05488664,0.0,0.0,67.36335860369796,68.27148,66.70724,107.95992,68.32636,66.70724,107.95992,1656.4045,1548.4445772094728,train
2026-01-09 22:45:00,ZONE_B,0.0,0.025796823,0.1632222,0.0,98.285930114112,95.20785,94.090965,96.80951,95.23364,94.25419,96.80951,1628.295,1531.4854907226563,train
2026-01-09 23:00:00,ZONE_B,0.0,0.3923622,0.3306144,0.0,93.0390006515862,101.713104,109.59399,117.097984,102.10547,109.9246,117.097984,1608.295,1491.1970156860352,train
2026-01-09 23:15:00,ZONE_B,0.0,0.019874059,0.0,0.0,123.98051301855456,127.00209,112.72025,167.9533,127.021965,112.72025,167.9533,1609.2338,1441.2805071533203,train
2026-01-09 23:30:00,ZONE_B,0.0,0.029025137,0.0,0.0,127.66319026865878,116.44818,117.86179,143.9018,116.4772,117.86179,143.9018,1608.6251,1464.7233055664062,train
2026-01-09 23:45:00,ZONE_B,0.0,0.0,0.0,0.0,103.16126838679062,117.87999,138.4823,133.8571,117.87999,138.4823,133.8571,1607.7921,1473.9349985595702,train
2026-01-10 00:00:00,ZONE_B,0.0,0.14763296,0.0,0.0,146.33806439804988,150.35579,145.65764,151.9521,150.50342,145.65764,151.9521,1603.0046,1451.0524973388672,train
2026-01-10 00:15:00,ZONE_B,0.0,0.0,0.0,0.0,176.7270598186987,167.882,171.75139,190.96164,167.882,171.75139,190.96164,1601.4268,1410.465160595703,train
2026-01-10 00:30:00,ZONE_B,0.0,0.0,0.0,0.5570134,169.14717217297434,167.75801,157.98643,143.45218,167.75801,157.98643,144.00919,1601.0206,1457.0114142089844,train
2026-01-10 00:45:00,ZONE_B,0.0,0.0,1.3294799,1.370913,195.971711282709,179.419,195.51196,145.59857,179.419,196.84145,146.96948,1594.2596,1447.290117578125,train
2026-01-10 01:00:00,ZONE_B,0.0,0.3046754,0.0,0.0,181.80722068148688,193.3112,165.15211,142.95714,193.61588,165.15211,142.95714,1605.4377,1462.4805619384765,train
2026-01-10 01:15:00,ZONE_B,0.0,0.14035666,0.0,0.0,208.98134605153368,183.3746,171.68094,145.14491,183.51495,171.68094,145.14491,1599.8375,1454.6925872802735,train
2026-01-10 01:30:00,ZONE_B,0.0,0.0,0.0,0.5570134,137.01687118801007,132.41687,142.43861,136.71648,132.41687,142.43861,137.27348,1601.61,1464.3365167236327,train
2026-01-10 01:45:00,ZONE_B,0.0,0.1261812,0.9761549,1.370913,112.2432362200071,124.86266,141.9901,102.99972,124.988846,142.96625,104.37063,1600.9747,1496.6040716430664,train
2026-01-10 02:00:00,ZONE_B,0.0,0.05479005,0.0,0.0,134.88000888941343,139.33301,138.7452,125.92161,139.3878,138.7452,125.92161,1602.2451,1476.3234920288087,train
2026-01-10 02:15:00,ZONE_B,0.0,0.0,0.0,0.0,130.3652499431541,137.15305,114.01812,149.58339,137.15305,114.01812,149.58339,1600.3766,1450.7932107177735,train
2026-01-10 02:30:00,ZONE_B,0.0,0.041503515,0.0,0.41384217,137.45735979683687,124.33893,128.01195,157.78325,124.38043,128.01195,158.1971,1603.3518,1445.1547022216796,train
2026-01-10 02:45:00,ZONE_B,0.0,0.0,1.1250693,9.981594,104.37525970373214,109.9655,131.67781,111.52167,109.9655,132.80289,121.503265,1602.8002,1481.2969346191405,train
2026-01-10 03:00:00,ZONE_B,0.0,0.04877977,0.088613056,0.0,147.41409492281363,146.44337,154.70712,146.31389,146.49216,154.79573,146.31389,1601.2096,1454.8957114501952,train
2026-01-10 03:15:00,ZONE_B,0.0,0.18213968,0.0,0.0,186.705493912394,176.09998,168.9203,240.64955,176.28212,168.9203,240.64955,1602.062,1361.4124486083983,train
2026-01-10 03:30:00,ZONE_B,0.0,0.23449679,0.0,0.75790596,174.07269520676496,159.33563,168.34149,253.86717,159.57013,168.34149,254.62508,1602.0883,1347.4632237060546,train
2026-01-10 03:45:00,ZONE_B,0.0,0.0,1.1064248,1.3952236,165.6692521559777,163.10655,260.3804,258.22018,163.10655,261.48682,259.61542,1600.9083,1341.2928825195313,train
2026-01-10 04:00:00,ZONE_B,0.0,0.5661973,8.704069,9.252929,200.0947298806824,237.98177,248.1629,246.76372,238.54796,256.86697,256.01663,1603.2035,1347.186867919922,train
2026-01-10 04:15:00,ZONE_B,0.0,0.18213968,0.0,0.0,277.7321814711713,277.0161,272.96973,275.44156,277.19824,272.96973,275.44156,1602.3605,1326.9189411621094,train
2026-01-10 04:30:00,ZONE_B,0.0,0.23449679,0.0,0.8283938,277.27801070724075,271.5926,267.3064,271.96844,271.8271,267.3064,272.79684,1604.5187,1331.7218555175782,train
2026-01-10 04:45:00,ZONE_B,0.0,0.0,3.2046,6.4706807,281.272989338714,276.1669,268.01056,271.3521,276.1669,271.21515,277.82278,1629.0764,1351.2536155761718,train
2026-01-10 05:00:00,ZONE_B,0.0,3.4252,0.5049787,0.37322348,274.22633949137423,273.95163,268.88846,262.369,277.37683,269.39343,262.74222,1820.028,1557.285781982422,train
2026-01-10 05:15:00,ZONE_B,0.0,0.46167335,5.825008,0.0,277.14396442375846,274.4711,274.70517,251.30074,274.93277,280.53018,251.30074,1837.8298,1586.5290645263672,train
2026-01-10 05:30:00,ZONE_B,0.0,0.0,5.463322,20.622334,274.7161279767528,273.84305,273.80725,252.9098,273.84305,279.27057,273.53214,1859.0002,1585.4680649902343,train
2026-01-10 05:45:00,ZONE_B,0.0,0.021564808,12.512777,1.0684708,277.3866255786538,274.56732,268.66083,272.09125,274.5889,281.1736,273.15973,1883.0204,1609.8606709960939,train
2026-01-10 06:00:00,ZONE_B,0.0,5.1972103,5.5095835,46.384705,271.98404440918176,268.132,257.71265,271.47372,273.3292,263.22223,317.85843,1917.636,1599.7775710449218,train
2026-01-10 06:15:00,ZONE_B,0.0,0.50366163,7.4585915,89.18233,281.48737253187414,274.09995,276.04703,269.5777,274.6036,283.5056,358.76,1964.6362,1605.876190234375,train
2026-01-10 06:30:00,ZONE_B,0.0,0.1448186,6.1026907,96.33177,276.0479336649212,274.66812,273.4072,272.28647,274.81293,279.5099,368.61823,1994.6793,1626.0610749023438,train
2026-01-10 06:45:00,ZONE_B,0.0,0.0,38.519913,136.78828,275.85648276799986,277.302,273.3914,268.4748,277.302,311.91132,405.26306,1994.5825,1589.3194384765625,train
2026-01-10 07:00:00,ZONE_B,0.0,53.85483,122.22942,199.26256,273.4718923993505,273.21927,275.96805,272.22717,327.0741,398.19748,471.48975,2011.9901,1540.50035390625,train
2026-01-10 07:15:00,ZONE_B,48.931954031186336,103.92981,156.12677,233.12686,269.9662249680809,266.9546,267.53592,270.51917,370.8844,423.6627,503.64603,2056.562,1552.9159733886718,train
2026-01-10 07:30:00,ZONE_B,97.34794941522702,140.53833,203.02638,258.0186,277.22867842137583,275.70352,274.42288,257.51627,416.24185,477.44928,515.53485,2132.8987,1617.3638489257814,train
2026-01-10 07:45:00,ZONE_B,138.7695378435378,189.29033,237.32883,339.20023,274.95094600524016,274.75632,273.4072,250.23042,464.04663,510.73602,589.43066,2124.3176,1534.8869359374999,train
2026-01-10 08:00:00,ZONE_B,197.33585044019185,226.94981,265.48743,367.50235,276.39206021416265,273.7082,258.79758,261.88394,500.65802,524.28503,629.3863,2165.895,1536.5087084960937,train
2026-01-10 08:15:00,ZONE_B,224.0253455589476,262.7942,316.99002,402.2112,278.8289317901109,271.432,260.44357,268.58884,534.2262,577.4336,670.80005,2198.2183,1527.418251171875,train
2026-01-10 08:30:00,ZONE_B,264.0119035106391,311.75995,339.90146,409.5657,263.3908140478042,251.61375,252.42189,255.74512,563.3737,592.32336,665.3108,2202.413,1537.102208984375,train
2026-01-10 08:45:00,ZONE_B,312.67702478550774,352.63348,399.96152,474.17484,254.00666178034177,249.56824,261.1311,261.42944,602.2017,661.09265,735.60425,2277.464,1541.859751953125,train
2026-01-10 09:00:00,ZONE_B,336.8899131051409,387.8491,402.40042,520.26324,265.6091978136087,259.04785,241.8131,262.37198,646.897,644.2135,782.63525,1985.8136,1203.17834609375,train
2026-01-10 09:15:00,ZONE_B,378.6117205880559,416.15375,467.30466,560.177,244.8650573206801,248.27437,249.97752,267.62494,664.4281,717.28217,827.80194,2005.2864,1177.4844590820312,train
2026-01-10 09:30:00,ZONE_B,401.7306570721534,446.2399,516.9429,620.05145,274.7800462507862,266.46375,271.82712,267.47852,712.7036,788.77,887.52997,1970.3612,1082.8312317382813,train
2026-01-10 09:45:00,ZONE_B,481.2490581652322,530.6379,571.0682,641.0692,251.19303843225063,261.3138,265.73633,258.73547,791.95166,836.8045,899.8047,2063.073,1163.2683124999999,train
2026-01-10 10:00:00,ZONE_B,534.1390273814601,571.29755,634.46716,689.0576,274.2509223143301,276.14706,272.74176,263.33624,847.4446,907.2089,952.39386,2008.5515,1056.1576401367188,train
2026-01-10 10:15:00,ZONE_B,577.1782205219068,631.6726,644.89496,690.19196,278.32194990964695,272.58563,273.00644,260.88895,904.25824,917.90137,951.08093,2074.3765,1123.2955673828124,train
2026-01-10 10:30:00,ZONE_B,640.3359992832469,661.4855,695.9622,673.0672,272.4848940491337,274.71497,273.1469,275.91867,936.20044,969.10913,948.98584,1988.3931,1039.40726015625,train
2026-01-10 10:45:00,ZONE_B,658.6998673852654,679.2143,672.1301,733.28394,274.8097853056652,274.4218,271.66443,272.87067,953.6361,943.79456,1006.1546,2013.059,1006.9043979492187,train
2026-01-10 11:00:00,ZONE_B,677.5913287320247,670.9049,693.50073,722.9821,271.9914843386253,266.0398,274.80685,256.0444,936.9447,968.3076,979.0265,1999.1827,1020.1562107421876,train
2026-01-10 11:15:00,ZONE_B,667.185101422685,683.5669,714.2514,719.0867,259.30605626823245,261.41602,267.02856,272.24,944.9829,981.27997,991.32666,2057.5913,1066.26463984375,train
2026-01-10 11:30:00,ZONE_B,701.0530320101706,723.7734,743.6801,722.07654,271.60523261272925,275.61584,263.32724,256.78574,999.3892,1007.0073,978.8623,1992.9806,1014.1182953125001,train
2026-01-10 11:45:00,ZONE_B,714.3430111813814,715.47034,714.14954,691.089,271.3881013913508,270.22375,274.9838,272.41782,985.6941,989.1333,963.50684,2003.2817,1039.7748640625,train
2026-01-10 12:00:00,ZONE_B,713.5676258049419,723.721,712.378,679.89,281.42133942106693,275.09723,273.0535,272.94995,998.81824,985.4315,952.83997,2011.264,1058.4240341796874,train
2026-01-10 12:15:00,ZONE_B,713.0048481130398,710.3445,707.633,667.78564,282.4533665049557,275.8625,275.9536,276.87677,986.207,983.5866,944.6624,2016.5522,1071.8897854492188,train
2026-01-10 12:30:00,ZONE_B,696.0461648049654,685.20654,673.3291,686.6178,273.1426387825416,278.32657,276.69754,261.29636,963.5331,950.0266,947.9142,1972.163,1024.2488154296875,train
2026-01-10 12:45:00,ZONE_B,683.7849589799679,670.1084,670.41003,705.69415,279.0817690874681,277.4579,274.33875,256.15094,947.5663,944.7488,961.8451,1963.257,1001.4119072265626,train
2026-01-10 13:00:00,ZONE_B,673.6782859617791,669.21564,674.98645,611.82825,279.40480199766785,276.06198,271.32538,263.8738,945.2776,946.3118,875.702,1998.5532,1122.8511736328126,train
2026-01-10 13:15:00,ZONE_B,685.4543801998864,681.5426,680.8847,622.0184,273.56838264951296,271.61237,269.23163,243.06873,953.15497,950.11633,865.0871,1933.7343,1068.6472028320313,train
2026-01-10 13:30:00,ZONE_B,694.806837060251,678.9004,638.74304,592.8675,277.02597815000183,275.79752,270.66644,261.09448,954.6979,909.4095,853.962,1931.9496,1077.9876249023437,train
2026-01-10 13:45:00,ZONE_B,682.6005581730016,662.93066,648.91,591.0985,277.7759982500302,273.2833,244.71333,274.3519,936.214,893.6233,865.45044,1927.6758,1062.225360546875,train
2026-01-10 14:00:00,ZONE_B,671.9668923078075,662.7599,607.7594,551.0674,268.5789558033076,246.18102,263.54736,274.0412,908.9409,871.30676,825.1086,2000.1663,1175.0577184570313,train
2026-01-10 14:15:00,ZONE_B,656.5804790682587,622.0089,596.6463,534.8575,232.3296196285449,250.01387,264.93365,264.08267,872.02277,861.57996,798.9402,1897.1036,1098.163414453125,train
2026-01-10 14:30:00,ZONE_B,601.4086456216779,571.2583,540.3858,502.65207,258.0854553746737,267.5173,268.4456,256.77725,838.77563,808.8314,759.4293,1908.7477,1149.3183787109374,train
2026-01-10 14:45:00,ZONE_B,591.5962181103265,533.15906,523.0326,456.40796,279.75724097264435,276.74612,270.74112,268.4583,809.90515,793.7737,724.8663,1948.3278,1223.4615280273438,train
2026-01-10 15:00:00,ZONE_B,539.3878884627607,522.3649,498.1635,422.8399,281.7770233741411,273.79944,273.8521,272.60718,796.16437,772.0156,695.4471,2102.143,1406.6959174804688,train
2026-01-10 15:15:00,ZONE_B,511.93527506429774,473.30447,439.30554,365.24652,276.8087869069748,273.55472,272.9626,270.3941,746.8592,712.2681,635.6406,2010.7772,1375.136575,train
2026-01-10 15:30:00,ZONE_B,493.6424460249973,446.10568,408.3545,314.46115,280.02040773287,274.95328,274.7721,274.69577,721.05896,683.1266,589.1569,2010.0132,1420.8562786132813,train
2026-01-10 15:45:00,ZONE_B,452.2418043006226,411.1242,371.6514,280.31787,278.7577333368212,270.83212,275.1495,274.86356,681.9563,646.8009,555.1814,2060.5159,1505.3345035156249,train
2026-01-10 16:00:00,ZONE_B,413.0203451044911,360.87436,302.4957,195.44775,278.74353255748025,272.8133,272.87103,272.49472,633.6876,575.3667,467.94247,2010.72,1542.7775256347657,train
2026-01-10 16:15:00,ZONE_B,380.6367834118452,323.0226,274.19592,176.08838,278.64009935426924,274.1818,273.94263,252.45465,597.2044,548.13855,428.54303,2006.9895,1578.4464702148437,train
2026-01-10 16:30:00,ZONE_B,320.58389393805857,270.45288,220.16399,113.27341,272.35025638238614,272.14664,267.9655,258.31674,542.5995,488.12952,371.59015,2009.0547,1637.4645510742187,train
2026-01-10 16:45:00,ZONE_B,267.53640776194925,221.21289,172.88025,58.088947,276.7123367319607,273.36255,259.14554,230.26866,494.57544,432.0258,288.3576,1981.3345,1692.9768950195312,train
2026-01-10 17:00:00,ZONE_B,223.84412483350405,165.26965,105.950386,4.627652,270.79001515436624,251.08002,258.27866,200.14061,416.34967,364.22903,204.76826,2003.8032,1799.0349352294922,train
2026-01-10 17:15:00,ZONE_B,166.81606213241977,111.04316,56.29979,0.0,226.54155336236448,252.00934,230.31412,227.65224,363.0525,286.6139,227.65224,2002.6255,1774.9732630615235,train
2026-01-10 17:30:00,ZONE_B,105.65766593342455,52.517006,0.0,0.0,244.01063271925776,226.45268,198.42805,182.33727,278.9697,198.42805,182.33727,2005.6589,1823.3216349853515,train
2026-01-10 17:45:00,ZONE_B,56.95791199774543,3.5343082,0.0,0.0,210.42098659712363,195.30798,199.33165,171.04022,198.84229,199.33165,171.04022,2023.2653,1852.2250778320313,train
2026-01-10 18:00:00,ZONE_B,0.0,1.3564497,4.456338,5.3050804,159.1765649050262,163.71796,143.08446,169.62149,165.0744,147.5408,174.92657,2007.1345,1832.2079252929686,train
2026-01-10 18:15:00,ZONE_B,0.0,0.0,0.31047082,11.441497,181.15543657466523,163.54138,186.25343,163.26637,163.54138,186.5639,174.70787,2000.9147,1826.2068295166016,train
2026-01-10 18:30:00,ZONE_B,0.0,0.0,0.0,3.3518806,151.34021164350452,155.96509,167.07903,138.14987,155.96509,167.07903,141.50175,2000.5891,1859.0873452392577,train
2026-01-10 18:45:00,ZONE_B,0.0,0.0,1.6420952,8.307553,140.1922397570982,149.35295,149.6482,97.11981,149.35295,151.29028,105.42737,1998.3684,1892.9410318359376,train
2026-01-10 19:00:00,ZONE_B,0.0,0.0,0.43260545,4.584405,183.1564866182354,172.14325,165.85522,176.61967,172.14325,166.28783,181.20409,2001.8976,1820.693513696289,train
2026-01-10 19:15:00,ZONE_B,0.0,0.0,0.0,5.1454144,143.12214543887146,129.77258,123.78353,143.94553,129.77258,123.78353,149.09094,2002.6638,1853.5728576171875,train
2026-01-10 19:30:00,ZONE_B,0.0,0.0,0.0,0.0,105.51211911805989,107.67565,139.90776,102.319595,107.67565,139.90776,102.319595,2000.7828,1898.463204663086,train
2026-01-10 19:45:00,ZONE_B,0.0,0.0,0.0,0.0,109.62107839930152,131.19089,121.89529,112.49202,131.19089,121.89529,112.49202,2000.4683,1887.9762803466797,train
2026-01-10 20:00:00,ZONE_B,0.0,0.8905068,3.4015288,3.9325316,139.61582997936426,124.74332,116.19166,115.15244,125.63383,119.593185,119.08498,1893.6267,1774.541723803711,train
2026-01-10 20:15:00,ZONE_B,0.0,0.07721304,0.0,0.0,101.73726134509124,110.85681,110.391655,121.21523,110.93402,110.391655,121.21523,1874.4181,1753.202867150879,train
2026-01-10 20:30:00,ZONE_B,0.0,0.0,0.0,0.0,109.51436530397687,112.33144,116.43634,144.26413,112.33144,116.43634,144.26413,1858.7012,1714.437070361328,train
2026-01-10 20:45:00,ZONE_B,0.0,0.05727429,1.0655644,0.0,126.41299123778846,121.83998,110.9528,117.04885,121.897255,112.018364,117.04885,1848.3519,1731.3030489868163,train
2026-01-10 21:00:00,ZONE_B,0.0,0.3573288,0.12281614,0.1862928,79.9517301474531,91.26589,118.15965,118.22858,91.62322,118.28247,118.41487,1809.7249,1691.3100287841796,train
2026-01-10 21:15:00,ZONE_B,0.0,0.0780633,0.0,0.23657122,94.0491637767957,113.68501,97.326836,153.69382,113.76308,97.326836,153.93039,1764.3586,1610.4282105957031,train
2026-01-10 21:30:00,ZONE_B,0.0,0.2710566,0.0,0.23657122,114.3911005790684,107.627464,125.13441,145.46782,107.89852,125.13441,145.70439,1760.2311,1614.5267085205078,train
2026-01-10 21:45:00,ZONE_B,0.0,0.0,0.0,0.0,106.78611119901905,115.84004,147.46143,125.14288,115.84004,147.46143,125.14288,1715.4958,1590.3529166992187,train
2026-01-10 22:00:00,ZONE_B,0.0,0.29350898,0.17400652,0.2835945,136.45454477669048,163.48932,155.16396,117.80794,163.78282,155.33797,118.09153,1701.7794,1583.6878701538085,train
2026-01-10 22:15:00,ZONE_B,0.0,0.0780633,0.0,0.47315732,166.3482120457056,167.8443,148.89684,130.39752,167.92236,148.89684,130.87068,1670.9089,1540.0382182373046,train
2026-01-10 22:30:00,ZONE_B,0.0,0.0,0.0,1.0292095,173.90938699711455,159.98769,156.36884,164.12418,159.98769,156.36884,165.15338,1649.9529,1484.7995186523437,train
2026-01-10 22:45:00,ZONE_B,0.0,0.0,0.20625718,0.71030045,158.93015379967397,149.64578,143.12923,140.58044,149.64578,143.33548,141.29074,1616.3552,1475.064459033203,train
2026-01-10 23:00:00,ZONE_B,0.0,0.43414518,0.4608844,0.2835945,133.14150949887048,125.37301,143.47736,108.015526,125.80715,143.93825,108.29912,1610.7452,1502.4460819580079,train
2026-01-10 23:15:00,ZONE_B,0.0,0.0780633,0.0,0.3375598,133.27379546824872,132.65596,132.15125,142.46973,132.73402,132.15125,142.80728,1607.529,1464.7217185058594,train
2026-01-10 23:30:00,ZONE_B,0.0,0.084073596,0.0,0.0,147.72291806080878,133.02415,112.5773,115.18039,133.10823,112.5773,115.18039,1609.8994,1494.7190105957031,train
2026-01-10 23:45:00,ZONE_B,0.0,0.0,0.0,0.0,135.74068339893702,117.250465,143.5267,128.8186,117.250465,143.5267,128.8186,1611.9722,1483.153596484375,train
2026-01-11 00:00:00,ZONE_B,0.0,0.14763296,0.0,0.0,87.78119228706619,114.74011,113.3948,115.6728,114.88775,113.3948,115.6728,1601.619,1485.9462018432616,train
2026-01-11 00:15:00,ZONE_B,0.0,0.0,0.0,0.0,115.56693980871272,112.29282,115.27997,152.32652,112.29282,115.27997,152.32652,1601.7668,1449.4402771728517,train
2026-01-11 00:30:00,ZONE_B,0.0,0.0,0.0,0.6654664,119.59591848036128,129.44986,131.55684,117.358574,129.44986,131.55684,118.02404,1601.5038,1483.479759777832,train
2026-01-11 00:45:00,ZONE_B,0.0,0.0,0.9761549,1.370913,111.8587037403021,116.75304,139.63106,126.56499,116.75304,140.60721,127.9359,1601.7073,1473.7714021728516,train
2026-01-11 01:00:00,ZONE_B,0.0,0.05479005,0.048037954,0.0,130.3023998690544,160.68877,117.60756,116.8242,160.74356,117.655594,116.8242,1601.229,1484.404796508789,train
2026-01-11 01:15:00,ZONE_B,0.0,0.18213968,0.0,0.0,176.5423553660221,141.36893,158.29076,138.3324,141.55107,158.29076,138.3324,1602.2966,1463.9642025390624,train
2026-01-11 01:30:00,ZONE_B,0.0,0.0,0.0,0.5570134,102.52480810744464,115.70941,115.80581,126.0251,115.70941,115.80581,126.582115,1594.8035,1468.2213848266601,train
2026-01-11 01:45:00,ZONE_B,0.0,0.0,1.1064248,1.370913,111.61477148234349,111.111755,116.45764,105.88507,111.111755,117.564064,107.25598,1600.5178,1493.2618185546876,train
2026-01-11 02:00:00,ZONE_B,0.0,0.20582226,0.0,0.0,82.32272167657058,95.24999,101.24306,122.87363,95.45582,101.24306,122.87363,1600.8179,1477.9442732910156,train
2026-01-11 02:15:00,ZONE_B,0.0,0.0,0.0,0.0,90.7424530983332,103.196266,105.423935,113.18672,103.196266,105.423935,113.18672,1602.1354,1488.948678198242,train
2026-01-11 02:30:00,ZONE_B,0.0,0.0,0.0,0.5570134,91.78081968122122,101.628555,111.42736,83.766495,101.628555,111.42736,84.32351,1600.0883,1515.7647907836913,train
2026-01-11 02:45:00,ZONE_B,0.0,0.0,1.0515802,1.370913,107.40322943651968,112.6841,112.82244,95.099,112.6841,113.87402,96.46991,1602.7017,1506.2317903320313,train
2026-01-11 03:00:00,ZONE_B,0.0,0.14763296,0.0,0.0,96.682638856794,96.4355,87.96702,109.19617,96.58314,87.96702,109.19617,1602.036,1492.8398330078126,train
2026-01-11 03:15:00,ZONE_B,0.0,0.0,0.0,0.0,64.53566239785306,69.45111,68.31712,71.08616,69.45111,68.31712,71.08616,1601.0206,1529.9344412475587,train
2026-01-11 03:30:00,ZONE_B,0.0,0.0,0.0,0.5080329,57.2502325324359,57.935863,73.734726,88.266945,57.935863,73.734726,88.77498,1600.7576,1511.9826213623046,train
2026-01-11 03:45:00,ZONE_B,0.0,0.0,0.9761549,1.4415702,62.88000442923587,83.57805,65.11532,75.25981,83.57805,66.09148,76.70138,1602.0531,1525.3517221313477,train
2026-01-11 04:00:00,ZONE_B,0.0,0.14763296,0.0,0.0,80.55870325779006,81.05404,82.732834,82.17205,81.201675,82.732834,82.17205,1601.779,1519.6069495239258,train
2026-01-11 04:15:00,ZONE_B,0.0,0.0,0.0,0.0,59.7971007582504,71.97272,64.434364,74.8583,71.97272,64.434364,74.8583,1601.0023,1526.144000744629,train
2026-01-11 04:30:00,ZONE_B,0.0,0.22659022,0.012732942,1.2326441,77.18626714325494,79.77074,81.52194,85.18999,79.99733,81.534676,86.42263,1596.6323,1510.2096696899414,train
2026-01-11 04:45:00,ZONE_B,0.0,0.19462273,1.4429842,2.0465436,65.71821284947721,70.708755,66.81729,98.75004,70.90338,68.26028,100.796585,1644.0813,1543.2847149169922,train
2026-01-11 05:00:00,ZONE_B,0.0,0.40469274,1.5000198,0.0,74.03784076175988,73.26001,78.38501,75.841446,73.6647,79.88503,75.841446,1820.8926,1745.0511540771483,train
2026-01-11 05:15:00,ZONE_B,0.0,0.10717572,2.626596,0.0,63.1104424847077,67.53541,81.22382,60.926315,67.642586,83.85042,60.926315,1839.9872,1779.0608846923828,train
2026-01-11 05:30:00,ZONE_B,0.0,0.0,0.0,2.212232,66.97080319705526,82.961876,72.53653,83.55044,82.961876,72.53653,85.76267,1862.6533,1776.8906275756835,train
2026-01-11 05:45:00,ZONE_B,0.0,0.027575081,0.9968515,2.9497015,81.30660036020099,80.570854,65.151375,98.6205,80.59843,66.148224,101.5702,1881.6256,1780.055401940918,train
2026-01-11 06:00:00,ZONE_B,0.0,4.4690433,16.8319,35.138783,62.2624932758562,61.56425,72.68889,74.20182,66.033295,89.52079,109.34061,1895.5852,1786.2445933105469,train
2026-01-11 06:15:00,ZONE_B,0.0,3.1102927,4.333337,61.34231,52.40865918680556,64.023186,86.28931,120.27088,67.13348,90.62264,181.61319,1964.5453,1782.9321103027344,train
2026-01-11 06:30:00,ZONE_B,0.0,1.2373298,19.631357,125.038666,54.33614781024597,74.92266,66.904854,114.310905,76.15999,86.53621,239.34958,1977.0236,1737.674021142578,train
2026-01-11 06:45:00,ZONE_B,0.0,0.28192237,23.27066,83.84113,95.29251932125284,91.98203,128.06042,132.70607,92.263954,151.33109,216.54721,1988.9048,1772.3575893066406,train
2026-01-11 07:00:00,ZONE_B,0.0,31.907272,85.61619,193.80225,78.66424714532758,106.31041,116.87813,119.61401,138.21768,202.49432,313.41626,2026.9084,1713.492140234375,train
2026-01-11 07:15:00,ZONE_B,48.97677700003372,98.50011,157.15747,243.9084,120.30127937330676,132.45656,134.19847,136.65009,230.95667,291.35596,380.55847,2041.5017,1660.9432283203125,train
2026-01-11 07:30:00,ZONE_B,91.73304931734104,145.6885,189.74702,305.13303,174.63940241801834,164.11827,164.09998,152.00581,309.80676,353.847,457.13885,2084.9492,1627.8103450195313,train
2026-01-11 07:45:00,ZONE_B,146.6520393602324,192.29456,255.0476,416.8644,173.6842517060382,159.61882,155.32217,130.76273,351.9134,410.36978,547.62714,2127.062,1579.4348637695311,train
2026-01-11 08:00:00,ZONE_B,191.1214737938373,239.60272,298.728,405.05228,163.37738722731368,162.9615,149.8968,138.97842,402.5642,448.62482,544.0307,2197.0723,1653.041599316406,train
2026-01-11 08:15:00,ZONE_B,236.2973721442547,295.42026,359.9821,434.9608,145.10618026802288,135.263,136.994,128.77649,430.68326,496.97607,563.7373,2212.0542,1648.3168953125,train
2026-01-11 08:30:00,ZONE_B,305.12651562440624,356.89233,408.664,487.43454,142.42304710483737,132.24081,130.22545,139.0137,489.13315,538.88947,626.44824,2186.0955,1559.6472578125,train
2026-01-11 08:45:00,ZONE_B,376.61223249307136,416.60883,464.6332,534.2934,106.89027996428788,111.59344,130.6435,142.76039,528.2023,595.27673,677.0538,2250.094,1573.0402280273438,train
2026-01-11 09:00:00,ZONE_B,404.6268867118413,451.95148,476.7796,523.39923,106.03825863673852,116.080765,129.33183,128.26436,568.0322,606.11145,651.6636,2044.6754,1393.01182578125,train
2026-01-11 09:15:00,ZONE_B,448.3237036851958,486.05313,513.8601,563.9487,147.1667649258488,141.18315,150.3183,127.53045,627.23627,664.1784,691.4792,2038.0612,1346.5820129882813,train
2026-01-11 09:30:00,ZONE_B,464.7644245731134,498.21118,522.34924,562.2888,129.38691687165894,141.45299,121.89092,119.71057,639.6642,644.2402,681.9994,2016.6984,1334.6990103515625,train
2026-01-11 09:45:00,ZONE_B,482.747139999014,508.57605,548.27496,591.17084,124.37219445767268,122.18915,129.0779,108.916466,630.7652,677.35284,700.0873,1972.9797,1272.8924197265626,train
2026-01-11 10:00:00,ZONE_B,494.7517335482253,521.9513,544.5591,612.368,84.12432734960353,86.75132,98.456764,100.53304,608.70264,643.01587,712.901,2039.0674,1326.1663990234374,train
2026-01-11 10:15:00,ZONE_B,530.0614850821795,552.45905,579.8165,613.8939,92.61162174127216,101.97268,94.28996,104.955536,654.4317,674.1065,718.8495,2044.6405,1325.7910126953125,train
2026-01-11 10:30:00,ZONE_B,554.9047650487558,563.68475,613.1798,568.4618,98.13731629912849,95.37216,94.08887,105.31661,659.0569,707.2687,673.7784,2074.2102,1400.4318186523437,train
2026-01-11 10:45:00,ZONE_B,539.3120780769897,593.41394,606.4506,595.3335,99.2688204407032,93.44476,98.0891,122.50001,686.8587,704.53973,717.8335,2022.8704,1305.03690390625,train
2026-01-11 11:00:00,ZONE_B,606.4684575630863,611.61316,577.11237,570.1283,96.95101780850688,97.79303,98.286156,149.2593,709.4062,675.3985,719.3876,2060.3906,1341.0030267578127,train
2026-01-11 11:15:00,ZONE_B,608.9854130516401,578.04297,611.2206,608.85046,88.19201239894586,90.41177,109.93378,119.5825,668.4547,721.15436,728.433,1994.5718,1266.1388166015624,train
2026-01-11 11:30:00,ZONE_B,576.108490550012,593.42004,550.64514,552.8114,98.40171361871428,97.2763,124.106995,135.3738,690.69635,674.75214,688.1852,2088.3928,1400.2076193359376,train
2026-01-11 11:45:00,ZONE_B,595.0996239602981,571.9338,595.9474,566.66113,99.13764277890024,114.00254,109.51271,137.52647,685.93634,705.4601,704.1876,2014.8315,1310.6438779296875,train
2026-01-11 12:00:00,ZONE_B,542.5258714371648,568.49274,548.0569,615.1701,106.1163414746816,112.23029,130.00613,159.71498,680.723,678.063,774.8851,2132.4583,1357.5732291992185,train
2026-01-11 12:15:00,ZONE_B,570.9204420867112,566.45746,571.4234,610.87634,109.59700477835158,122.98681,133.70253,166.85757,689.4443,705.1259,777.7339,1973.1624,1195.42851328125,train
2026-01-11 12:30:00,ZONE_B,565.546791524611,564.561,605.66,640.69354,139.9513527088601,142.52386,153.10558,175.87062,707.08484,758.76556,816.56415,2057.6833,1241.1191520507814,train
2026-01-11 12:45:00,ZONE_B,564.1758450293781,594.1517,613.0048,591.73535,156.93205071341657,152.50438,180.09218,207.00317,746.65607,793.097,798.7385,1996.0511,1197.312574609375,train
2026-01-11 13:00:00,ZONE_B,614.9415455385212,626.7479,632.14954,558.50305,162.0729158725624,174.30925,185.82372,222.85963,801.0572,817.97327,781.3627,1971.0205,1189.6578291015626,train
2026-01-11 13:15:00,ZONE_B,639.1420963980222,645.0841,613.951,571.22577,211.983415902741,225.51486,251.39644,219.78697,870.599,865.3474,791.01276,1936.9375,1145.9247436523438,train
2026-01-11 13:30:00,ZONE_B,651.8330572539969,635.4215,616.2819,533.3036,223.92026240416712,255.67937,261.99033,275.39243,891.1009,878.2722,808.69604,1940.2415,1131.545455078125,train
2026-01-11 13:45:00,ZONE_B,615.4976389432554,602.987,575.70215,532.8227,277.47995086150377,259.02554,249.9666,280.54404,862.0126,825.66876,813.3667,1977.641,1164.27430078125,train
2026-01-11 14:00:00,ZONE_B,599.5260903593145,568.672,520.07135,445.76346,273.4725463992094,249.00238,273.86835,286.38007,817.6744,793.9397,732.14355,1941.4958,1209.3522453125,train
2026-01-11 14:15:00,ZONE_B,565.5250308737894,528.0722,522.0952,441.5634,225.528633432248,256.68658,251.27695,253.90576,784.7588,773.3722,695.4691,1920.6399,1225.1707837890624,train
2026-01-11 14:30:00,ZONE_B,520.0989827848078,495.2034,442.6423,381.5505,272.43778121547274,271.156,271.40662,291.79907,766.3594,714.04895,673.3496,1935.4033,1262.053690625,train
2026-01-11 14:45:00,ZONE_B,490.5570937597724,449.04968,420.35583,353.5502,281.2148379171254,282.82068,275.50134,285.83258,731.87036,695.8572,639.3828,2041.1154,1401.7325875,train
2026-01-11 15:00:00,ZONE_B,444.8179129152199,418.8923,378.04742,305.32404,272.22890275494825,268.21643,276.8613,255.68378,687.10876,654.9087,561.0078,2096.592,1535.5841875,train
2026-01-11 15:15:00,ZONE_B,425.8712695855805,394.41275,351.7298,301.54388,274.05720618356764,276.30136,273.7079,278.43964,670.7141,625.4377,579.9835,2020.5599,1440.5763794921875,train
2026-01-11 15:30:00,ZONE_B,379.8653798337665,348.44397,312.20776,240.8388,279.1864306434992,275.5433,271.41647,281.01666,623.9873,583.62427,521.85547,2036.1455,1514.29003125,train
2026-01-11 15:45:00,ZONE_B,355.90363242326845,322.6816,294.13818,215.1292,281.2209066161203,271.77994,281.79138,278.79883,594.46155,575.92957,493.92804,2041.8348,1547.9067604492188,train
2026-01-11 16:00:00,ZONE_B,311.8952375178258,283.89166,234.56216,154.70032,257.3484859267795,268.29224,271.71115,267.4124,552.1839,506.27332,422.11273,2026.6024,1604.4896680664062,train
2026-01-11 16:15:00,ZONE_B,282.503411636596,241.05836,209.19183,132.13768,280.04464493607827,275.98737,268.68597,250.66455,517.0457,477.8778,382.80225,2037.19,1654.38775390625,train
2026-01-11 16:30:00,ZONE_B,235.9908431168724,198.76712,165.90054,93.720345,283.65596400773103,286.2103,276.12527,278.87228,484.97742,442.02582,372.59262,2017.6464,1645.0537791503907,train
2026-01-11 16:45:00,ZONE_B,210.1533421862416,174.87129,136.88411,48.028618,278.3881458572254,271.9682,247.94423,274.16864,446.83948,384.82834,322.19727,2006.0388,1683.841534375,train
2026-01-11 17:00:00,ZONE_B,172.59321892299803,125.75634,82.525604,0.05032549,254.5384398140781,233.87265,265.75485,264.97864,359.629,348.28046,265.02896,2015.164,1750.1350388183594,train
2026-01-11 17:15:00,ZONE_B,130.56762591219817,84.63105,37.61568,0.0,268.121212590309,254.80249,272.32776,223.59692,339.43353,309.94345,223.59692,1999.6251,1776.028176171875,train
2026-01-11 17:30:00,ZONE_B,87.4838279555117,44.469364,2.2914224,0.0,281.84768328100483,271.91757,272.2499,245.92899,316.38693,274.54132,245.92899,2002.6161,1756.6871144042968,train
2026-01-11 17:45:00,ZONE_B,45.363789983277634,4.8729196,0.0,0.0,273.78862824350387,276.48917,251.19772,277.12674,281.3621,251.19772,277.12674,2000.4791,1723.352360498047,train
2026-01-11 18:00:00,ZONE_B,0.0,0.0,2.2508438,0.17730567,246.6659001549885,223.79727,239.81157,256.61978,223.79727,242.06241,256.7971,2005.493,1748.695911376953,train
2026-01-11 18:15:00,ZONE_B,0.0,1.5335327,8.466759,0.0,191.42821972171487,193.34627,233.3404,251.00908,194.8798,241.80716,251.00908,2000.7087,1749.6996210205077,train
2026-01-11 18:30:00,ZONE_B,0.0,0.76452076,0.6148488,0.0,211.54305046170745,261.27466,239.04102,254.9147,262.03918,239.65587,254.9147,2003.2516,1748.3368966308594,train
2026-01-11 18:45:00,ZONE_B,0.0,0.0,0.86622894,0.1427759,268.02923737923453,242.30307,266.10764,259.13858,242.30307,266.97388,259.28134,1996.5857,1737.3043584472657,train
2026-01-11 19:00:00,ZONE_B,0.0,0.0,0.0,0.36857447,233.3201705713001,252.05771,262.12958,231.06393,252.05771,262.12958,231.43251,1997.4777,1766.0451896240234,train
2026-01-11 19:15:00,ZONE_B,0.0,0.0,0.0,0.0,272.71543404866253,272.85068,266.79395,226.5714,272.85068,266.79395,226.5714,1997.6726,1771.1012041259767,train
2026-01-11 19:30:00,ZONE_B,0.0,0.0,0.0,0.0,275.2302531212065,271.49088,261.78824,264.87357,271.49088,261.78824,264.87357,2002.204,1737.3304343261718,train
2026-01-11 19:45:00,ZONE_B,0.0,0.0,0.0,0.0,274.85225419391907,266.9514,247.35136,240.9543,266.9514,247.35136,240.9543,1999.4637,1758.5094000732422,train
2026-01-11 20:00:00,ZONE_B,0.0,1.0505674,1.8755952,0.0,275.0901347552649,256.7858,270.72433,229.91508,257.83636,272.59995,229.91508,1871.3689,1641.4538151611328,train
2026-01-11 20:15:00,ZONE_B,0.0,0.0,0.0,0.0,232.49065304663733,253.98857,240.0127,235.39966,253.98857,240.0127,235.39966,1870.5458,1635.146141796875,train
2026-01-11 20:30:00,ZONE_B,0.0,0.0,0.0,0.0,272.86717238511176,262.292,247.431,262.23584,262.292,247.431,262.23584,1854.306,1592.07016015625,train
2026-01-11 20:45:00,ZONE_B,0.0,0.0,0.0,0.46299443,242.5465782369145,235.80394,225.68578,186.58217,235.80394,225.68578,187.04517,1850.0132,1662.968033984375,train
2026-01-11 21:00:00,ZONE_B,0.0,0.273315,0.11916181,0.0,212.4577340664169,219.12979,225.48918,138.69835,219.4031,225.60834,138.69835,1812.6237,1673.9253510009767,train
2026-01-11 21:15:00,ZONE_B,0.0,0.019874059,0.0,0.0,253.2530038028002,241.732,185.06859,206.89944,241.75186,185.06859,206.89944,1766.3519,1559.4524554199218,train
2026-01-11 21:30:00,ZONE_B,0.0,0.0,0.0,0.0,181.8336637294928,152.01077,158.5435,191.53638,152.01077,158.5435,191.53638,1734.1198,1542.583423046875,train
2026-01-11 21:45:00,ZONE_B,0.0,0.0,0.0,0.0,139.09574070729778,136.87515,154.60829,186.7284,136.87515,154.60829,186.7284,1732.1721,1545.4437064453125,train
2026-01-11 22:00:00,ZONE_B,0.0,0.23531967,0.11916181,0.068583824,138.12090886557408,149.9951,161.47289,166.38812,150.23042,161.59204,166.45671,1712.8845,1546.4277891845702,train
2026-01-11 22:15:00,ZONE_B,0.0,0.0,0.0,0.3904924,148.85149636458425,160.75551,169.05333,192.04619,160.75551,169.05333,192.43668,1656.215,1463.7783239746093,train
2026-01-11 22:30:00,ZONE_B,0.0,0.21869946,0.0,0.09026694,160.22840404718318,171.3012,186.75586,170.77997,171.5199,186.75586,170.87024,1637.433,1466.5627607421875,train
2026-01-11 22:45:00,ZONE_B,0.0,0.058124587,0.08332767,0.41027376,154.82526364604217,180.61023,192.61536,186.30414,180.66835,192.69868,186.71442,1624.6927,1437.9782834960938,train
2026-01-11 23:00:00,ZONE_B,0.0,0.29350898,0.5852188,2.1158006,229.87134496767584,236.09563,217.83565,208.49342,236.38913,218.42087,210.60922,1608.8297,1398.2204775878906,train
2026-01-11 23:15:00,ZONE_B,0.0,0.45555192,0.0,1.8519331,228.6768878043557,227.26021,226.37724,215.29233,227.71576,226.37724,217.14426,1608.2311,1391.086843408203,train
2026-01-11 23:30:00,ZONE_B,0.0,0.26093024,0.0,2.9229908,216.63526719754805,211.96413,212.18745,246.50307,212.22505,212.18745,249.42606,1607.91,1358.483944091797,train
2026-01-11 23:45:00,ZONE_B,0.0,0.2409915,0.32452726,1.6188521,191.5214816273762,185.71661,203.46883,229.48645,185.95761,203.79335,231.1053,1612.1642,1381.0588990966796,train
2026-01-12 00:00:00,ZONE_B,0.0,0.5731844,1.4357125,0.0,199.40687034616724,213.11804,244.09987,200.62639,213.69122,245.53558,200.62639,1605.3131,1404.6867114501954,train
2026-01-12 00:15:00,ZONE_B,0.0,0.40886563,0.0,0.0,211.9087600515317,247.2525,238.83049,189.64749,247.66136,238.83049,189.64749,1675.5016,1485.854108544922,train
2026-01-12 00:30:00,ZONE_B,0.0,0.22437042,0.0,0.0,257.7607212939281,245.9531,224.56474,227.17305,246.17746,224.56474,227.17305,1606.6671,1379.494050073242,train
2026-01-12 00:45:00,ZONE_B,0.0,0.20443171,1.1592143,0.17565835,203.91770698359625,204.42984,194.61714,209.97539,204.63428,195.77635,210.15105,1605.5377,1395.3866532470704,train
2026-01-12 01:00:00,ZONE_B,0.0,0.20582226,0.088613056,0.0,201.6948219888964,201.04234,178.59381,238.09683,201.24817,178.68242,238.09683,1604.3077,1366.2108677246094,train
2026-01-12 01:15:00,ZONE_B,0.0,0.18213968,0.0,0.0,214.3372127307936,225.09502,228.43712,225.82977,225.27716,228.43712,225.82977,1633.7651,1407.9353270507813,train
2026-01-12 01:30:00,ZONE_B,0.0,0.041503515,0.0,0.5352127,230.97544691969807,237.67284,248.44266,257.93692,237.71434,248.44266,258.47214,1605.9911,1347.518962548828,train
2026-01-12 01:45:00,ZONE_B,0.0,0.021564808,1.1064248,1.4613916,234.2722073956273,247.56032,237.35043,269.50595,247.58188,238.45686,270.96735,1604.655,1333.6876538085937,train
2026-01-12 02:00:00,ZONE_B,0.0,0.20582226,0.0,0.0,248.95036357341704,243.30663,266.70926,241.30185,243.51245,266.70926,241.30185,1605.6434,1364.3415506347656,train
2026-01-12 02:15:00,ZONE_B,0.0,0.041503515,0.0,0.0,227.2926353985456,249.976,266.02783,254.6692,250.0175,266.02783,254.6692,1603.4552,1348.785995288086,train
2026-01-12 02:30:00,ZONE_B,0.0,0.14611992,0.0,0.6474918,271.7690596676793,274.63928,261.05014,240.83453,274.7854,261.05014,241.48203,1607.6516,1366.1695748535155,train
2026-01-12 02:45:00,ZONE_B,0.0,0.21455808,1.0003898,1.4613916,276.0164414665305,269.78522,268.15146,245.11769,269.9998,269.15186,246.57909,1605.5502,1358.971113696289,train
2026-01-12 03:00:00,ZONE_B,0.0,0.11394139,0.0,0.0,267.5447948173335,253.19122,242.57501,237.92946,253.30516,242.57501,237.92946,1602.338,1364.408541381836,train
2026-01-12 03:15:00,ZONE_B,0.0,0.22437042,0.0,0.0,228.51045679271635,237.37227,247.90016,202.72986,237.59663,247.90016,202.72986,1609.355,1406.6251416015625,train
2026-01-12 03:30:00,ZONE_B,0.0,0.23449679,0.0,0.75790596,194.3505315129724,210.57242,203.81216,200.79768,210.80692,203.81216,201.55559,1608.9767,1407.4211122314452,train
2026-01-12 03:45:00,ZONE_B,0.0,0.20443171,1.0552344,1.3952236,214.33420901638,221.56862,191.22607,182.87256,221.77306,192.28131,184.26778,1603.7156,1419.4478235107422,train
2026-01-12 04:00:00,ZONE_B,0.0,0.31043863,0.6779631,0.0,173.1178506152552,165.20964,177.88924,187.58,165.52008,178.5672,187.58,1608.2084,1420.6283981689453,train
2026-01-12 04:15:00,ZONE_B,0.0,0.40886563,0.0,0.0,161.99849507844075,181.05457,169.56038,153.10345,181.46342,169.56038,153.10345,1607.8242,1454.7207454101563,train
2026-01-12 04:30:00,ZONE_B,0.0,0.5068656,0.0,6.9370914,178.73934220183105,182.93898,193.03401,217.678,183.44585,193.03401,224.61508,1602.3933,1377.7782182128906,train
2026-01-12 04:45:00,ZONE_B,0.0,0.20443171,2.977554,7.4309635,173.7109693620213,180.86385,147.98093,135.278,181.06828,150.95848,142.70897,1608.4952,1465.7862308837891,train
2026-01-12 05:00:00,ZONE_B,0.0,0.5731844,11.690729,0.95287114,182.7090893318317,171.23775,200.48819,152.0832,171.81093,212.17892,153.03607,1710.3739,1557.3378282226563,train
2026-01-12 05:15:00,ZONE_B,0.0,5.005434,0.0,4.0489106,152.6991736243389,177.06944,134.86565,141.19551,182.07487,134.86565,145.24442,1823.6025,1678.3580847167968,train
2026-01-12 05:30:00,ZONE_B,0.0,0.5149722,3.0784736,10.198051,172.48756159060306,152.14252,145.47829,146.43004,152.65749,148.55676,156.62808,1827.086,1670.4579177246094,train
2026-01-12 05:45:00,ZONE_B,0.0,0.49503362,5.4974756,6.2617297,149.89672014792438,131.80135,139.01585,158.06633,132.29639,144.51334,164.32806,1905.2131,1740.8850360351562,train
2026-01-12 06:00:00,ZONE_B,0.0,4.185616,7.847984,24.59771,141.76546577542143,137.3438,139.80394,150.18,141.52942,147.65192,174.77771,1897.5833,1722.8055900390625,train
2026-01-12 06:15:00,ZONE_B,0.0,0.1941261,8.990014,40.21536,149.15488325227642,137.1378,147.49086,135.14125,137.33192,156.48088,175.35661,1921.978,1746.6213868408204,train
2026-01-12 06:30:00,ZONE_B,0.0,1.2233511,3.4316707,110.523,150.47752048226707,147.63004,145.24832,142.29349,148.8534,148.68,252.8165,1967.9647,1715.1482021972656,train
2026-01-12 06:45:00,ZONE_B,0.0,1.4878968,33.702698,127.52154,153.48675864094946,152.56354,145.914,109.33601,154.05144,179.6167,236.85754,1982.1719,1745.3143560546876,train
2026-01-12 07:00:00,ZONE_B,0.0,42.784164,114.07467,189.12305,132.70156996099752,132.75125,142.65912,110.999794,175.53542,256.7338,300.12283,2014.8185,1714.695666748047,train
2026-01-12 07:15:00,ZONE_B,47.13271876192417,103.15682,153.89682,230.03323,126.04508332998095,131.0849,105.802795,123.87729,234.24173,259.69962,353.91052,2033.891,1679.9804775390626,train
2026-01-12 07:30:00,ZONE_B,95.9188611636471,144.23067,172.79344,285.79276,124.32063219885308,112.53072,102.03004,98.05568,256.76138,274.8235,383.84845,2063.758,1679.9095502929686,train
2026-01-12 07:45:00,ZONE_B,139.15253714889585,181.09099,223.76721,357.37204,93.7950388081056,93.31141,111.519135,99.681175,274.4024,335.28635,457.05322,2115.4004,1658.34717734375,train
2026-01-12 08:00:00,ZONE_B,165.55740282899737,213.91461,262.36932,346.86118,85.9546272508934,95.819336,84.633644,101.95633,309.73395,347.00296,448.8175,2157.8005,1708.9829951171873,train
2026-01-12 08:15:00,ZONE_B,218.20406990326367,269.6752,322.1567,412.73453,93.25942786135856,91.58609,90.70183,86.01577,361.2613,412.85852,498.7503,2203.5913,1704.8409948242188,train
2026-01-12 08:30:00,ZONE_B,266.4397352463452,322.27234,350.39886,450.59872,67.01647793573649,70.74534,75.7847,82.16536,393.01767,426.18356,532.7641,2225.37,1692.6059008789061,train
2026-01-12 08:45:00,ZONE_B,319.14640020164177,350.06232,419.69165,475.10364,89.82396020009166,95.81216,92.39,113.12595,445.87448,512.08167,588.2296,2223.2449,1635.0152857421876,train
2026-01-12 09:00:00,ZONE_B,354.7916538304046,412.09482,456.3328,511.3739,117.32605573240244,117.858345,110.675735,112.59984,529.9532,567.00854,623.97375,1977.8873,1353.9135451171876,train
2026-01-12 09:15:00,ZONE_B,428.3012237206052,470.88995,484.32922,568.9844,90.23582446825908,96.53208,113.88136,157.72975,567.42206,598.2106,726.7141,1963.8588,1237.144688671875,train
2026-01-12 09:30:00,ZONE_B,461.0904864007485,489.52924,514.1833,578.94507,117.39185060488944,120.54034,116.726814,107.1942,610.0696,630.9101,686.1393,2057.0872,1370.9479177734374,train
2026-01-12 09:45:00,ZONE_B,470.3937806682784,492.60278,541.10596,591.0185,117.74792289735775,123.782295,136.21924,126.460495,616.3851,677.3252,717.479,2011.8411,1294.36209609375,train
2026-01-12 10:00:00,ZONE_B,489.5787384439743,530.32745,532.2628,630.9613,129.70903435849772,135.30562,114.78836,120.66524,665.63306,647.05115,751.6265,2019.2927,1267.6661741210937,train
2026-01-12 10:15:00,ZONE_B,536.6175725951368,560.5758,599.3455,614.46234,114.4661770919337,116.60875,129.35506,107.585014,677.1846,728.70056,722.04736,1946.9148,1224.86743671875,train
2026-01-12 10:30:00,ZONE_B,557.2420289535365,593.57477,616.79803,562.4215,142.1350574055468,140.95673,121.47091,96.60611,734.5315,738.2689,659.0276,2118.1353,1459.107712109375,train
2026-01-12 10:45:00,ZONE_B,570.9067847695418,626.12177,604.5045,586.839,151.08255469450563,129.84572,117.60774,118.157616,755.96747,722.11224,704.9966,1972.4298,1267.43321796875,train
2026-01-12 11:00:00,ZONE_B,613.9208596961703,612.16907,569.6605,554.9301,124.31350435538616,114.32522,103.03413,91.14081,726.49426,672.69464,646.0709,2043.9451,1397.8741771484374,train
2026-01-12 11:15:00,ZONE_B,605.738212927121,556.73444,583.1415,586.6624,101.10972247434265,94.76515,103.33523,86.71966,651.4996,686.4767,673.3821,1941.039,1267.656919921875,train
2026-01-12 11:30:00,ZONE_B,539.5536308657227,561.0431,546.3803,521.7058,74.01999331386513,83.588066,72.902725,111.01335,644.63116,619.283,632.7192,2032.5726,1399.8534227539062,train
2026-01-12 11:45:00,ZONE_B,550.3924591777353,552.90845,552.14636,560.9077,75.327221747867,79.94948,74.51721,89.24209,632.8579,626.6636,650.1498,1971.5751,1321.4253197265625,train
2026-01-12 12:00:00,ZONE_B,549.1180835515316,553.919,522.10504,540.8295,86.96241392138866,84.502525,115.35671,67.03772,638.4215,637.46173,607.86725,1988.7815,1380.9142514648438,train
2026-01-12 12:15:00,ZONE_B,536.8387565798479,524.22644,541.8506,557.6887,99.30218062716489,106.10807,95.56461,102.11225,630.33453,637.4152,659.80096,2182.801,1523.0000356445312,train
2026-01-12 12:30:00,ZONE_B,509.99507397345,540.97815,538.45557,507.75043,98.63791780595994,95.63554,80.09116,101.62416,636.6137,618.54675,609.3746,1997.6489,1388.2743272460937,train
2026-01-12 12:45:00,ZONE_B,531.2947752260291,541.612,566.44586,556.97797,74.63484222275923,66.266075,97.10425,76.326355,607.87805,663.5501,633.3043,1964.3425,1331.0381787109375,train
2026-01-12 13:00:00,ZONE_B,537.780560978232,552.01196,541.6855,528.47266,64.56498552597728,87.51542,77.69486,63.481487,639.5274,619.3804,591.95416,2009.2338,1417.2796374023437,train
2026-01-12 13:15:00,ZONE_B,569.0688722363051,564.6972,555.7136,550.3132,81.77669474950477,84.11217,79.70888,76.28459,648.8094,635.4225,626.5978,1994.941,1368.3432216796875,train
2026-01-12 13:30:00,ZONE_B,556.7608381787813,556.6702,544.8531,531.0968,77.20832478248698,80.38644,70.90521,94.376305,637.05664,615.7583,625.4731,1939.1351,1313.6620165039062,train
2026-01-12 13:45:00,ZONE_B,519.8464228125924,522.11316,522.78375,519.86383,78.5079960155635,73.79675,81.25432,73.01467,595.9099,604.0381,592.8785,1967.1426,1374.2641209960937,train
2026-01-12 14:00:00,ZONE_B,533.1917683524089,531.45825,535.3851,488.7153,58.329457903004354,59.079655,62.48086,66.31357,590.5379,597.8659,555.0289,2085.4463,1530.4174303710938,train
2026-01-12 14:15:00,ZONE_B,526.6677448757285,507.9361,488.74786,427.04156,65.10550188522231,77.1079,76.27574,72.30078,585.044,565.0236,499.34235,1946.7784,1447.4360538085937,train
2026-01-12 14:30:00,ZONE_B,544.7336617231762,527.8295,496.7911,455.5367,58.39729048552192,64.68561,62.156006,74.848305,592.51514,558.94714,530.385,1965.243,1434.857990234375,train
2026-01-12 14:45:00,ZONE_B,518.6135746323039,495.04333,455.937,419.27557,74.09608335692027,73.122665,81.23206,60.22476,568.166,537.16907,479.50034,1988.6964,1509.1960643066407,train
2026-01-12 15:00:00,ZONE_B,483.4044808531092,460.96722,446.89047,373.57846,88.25855283037792,89.54443,86.256,63.966576,550.51166,533.1465,437.54504,2049.2603,1611.7152560546874,train
2026-01-12 15:15:00,ZONE_B,465.148414914495,434.89603,412.6038,337.93115,81.0023350350061,81.01513,70.364395,62.312336,515.91113,482.9682,400.2435,2038.0062,1637.7627002441407,train
2026-01-12 15:30:00,ZONE_B,438.6178210225578,407.72812,366.87527,291.41428,77.01681722450734,74.87587,73.23126,58.357536,482.604,440.10654,349.77182,2043.376,1693.6041799316406,train
2026-01-12 15:45:00,ZONE_B,433.92585527135526,391.033,355.54636,268.52167,67.98105489009428,58.963512,69.6878,61.21922,449.9965,425.23416,329.74088,2043.6349,1713.8940247558594,train
2026-01-12 16:00:00,ZONE_B,386.7434418746656,349.10468,307.01193,202.78668,48.50965741757011,45.73005,38.37212,47.860214,394.83472,345.38406,250.6469,2216.269,1965.622103637695,train
2026-01-12 16:15:00,ZONE_B,346.0918788726425,304.9285,262.6127,164.27953,37.83906913466736,34.766304,45.293453,46.672527,339.6948,307.90616,210.95206,2178.208,1967.2559431152345,train
2026-01-12 16:30:00,ZONE_B,306.6312838102262,264.76932,215.68996,110.59656,38.97971352675838,44.22322,50.740093,44.395996,308.99255,266.43005,154.99255,2222.46,2067.4674462890625,train
2026-01-12 16:45:00,ZONE_B,262.73477414600467,210.33954,169.66211,62.204742,43.9187905004348,45.354534,48.635563,30.573364,255.69408,218.29767,92.77811,2180.0786,2087.3004933105467,train
2026-01-12 17:00:00,ZONE_B,210.43450651259027,162.5445,108.80167,3.8895662,45.61171670069185,41.173595,46.581764,53.939484,203.7181,155.38342,57.82905,2324.8933,2267.064251843262,train
2026-01-12 17:15:00,ZONE_B,163.46618967907264,113.45134,57.57883,2.5370207,41.44622860038779,42.597355,36.33049,44.77633,156.04869,93.90932,47.31335,2297.3071,2249.9937493225098,train
2026-01-12 17:30:00,ZONE_B,111.52620134207092,59.48432,10.9261875,0.0,53.33776979514541,47.95925,67.30247,21.675758,107.44357,78.22865,21.675758,2338.1926,2316.5168416381835,train
2026-01-12 17:45:00,ZONE_B,52.305504261942176,2.6306715,0.0,0.0,54.47313766588915,54.296272,52.46561,6.904218,56.926945,52.46561,6.904218,2326.8574,2319.953181803131,train
2026-01-12 18:00:00,ZONE_B,0.0,1.7721426,4.2321353,11.899413,65.22381786773863,62.036655,38.555588,11.861951,63.8088,42.787724,23.761364,2227.4526,2203.691236016846,train
2026-01-12 18:15:00,ZONE_B,0.0,0.0,0.0,11.199022,40.11979314005092,37.96844,20.72366,8.739527,37.96844,20.72366,19.938549,2065.9995,2046.0609509582519,train
2026-01-12 18:30:00,ZONE_B,0.0,0.0,0.0,8.408876,10.248363378752876,13.892216,11.016871,13.680084,13.892216,11.016871,22.08896,2034.3408,2012.251839352417,train
2026-01-12 18:45:00,ZONE_B,0.0,0.0,1.0107951,1.865425,11.482067342648708,10.918875,11.016871,6.695106,10.918875,12.027666,8.560531,2029.5946,2021.0340693374633,train
2026-01-12 19:00:00,ZONE_B,0.0,0.8404769,4.320999,26.737762,5.710120207129435,4.3304286,9.377332,15.1823435,5.1709056,13.698331,41.920105,2037.3602,1995.4400950195313,train
2026-01-12 19:15:00,ZONE_B,0.0,0.0,0.0,0.0,5.161939772803687,5.6462226,6.187801,3.4414473,5.6462226,6.187801,3.4414473,2005.7238,2002.2823527420044,train
2026-01-12 19:30:00,ZONE_B,0.0,0.0,2.6901639,0.0,4.344720384227153,4.4399333,12.672276,21.530958,4.4399333,15.362439,21.530958,2014.165,1992.6340418243408,train
2026-01-12 19:45:00,ZONE_B,0.0,1.2751876,0.0,0.0,9.6748470042463,15.239422,11.457722,9.401266,16.51461,11.457722,9.401266,2010.0609,2000.6596339019775,train
2026-01-12 20:00:00,ZONE_B,0.0,0.23044059,0.10399087,0.0,11.481173619840192,10.126366,20.918394,17.470098,10.356806,21.022385,17.470098,1892.8043,1875.3342015045166,train
2026-01-12 20:15:00,ZONE_B,0.0,0.0,0.0,0.0,12.3619475435174,18.538546,16.709646,24.95898,18.538546,16.709646,24.95898,1858.7161,1833.7571194396974,train
2026-01-12 20:30:00,ZONE_B,0.0,0.0,0.0,0.0,17.262113394639147,17.284925,21.289366,26.771177,17.284925,21.289366,26.771177,1850.793,1824.0218227081298,train
2026-01-12 20:45:00,ZONE_B,0.0,0.05727429,0.16809028,0.0,19.95017007785948,20.559622,22.820528,31.554626,20.616896,22.988619,31.554626,1840.5947,1809.0400735351564,train
2026-01-12 21:00:00,ZONE_B,0.0,0.3573288,0.12281614,0.43915457,16.82756362623226,20.913836,23.92248,16.651161,21.271164,24.045296,17.090315,1810.0491,1792.9587851348876,train
2026-01-12 21:15:00,ZONE_B,0.0,0.18267971,0.0,0.489433,24.499409411390424,23.215845,29.304564,10.726792,23.398525,29.304564,11.216226,1792.7463,1781.5300743759155,train
2026-01-12 21:30:00,ZONE_B,0.0,0.26093024,0.0,0.489433,16.80781077937847,23.275791,18.233887,23.02731,23.536722,18.233887,23.516743,1721.8328,1698.316057293701,train
2026-01-12 21:45:00,ZONE_B,0.0,0.42548677,0.037649177,0.31297183,19.07118245240868,16.91765,16.053755,29.29232,17.343138,16.091404,29.605291,1734.7991,1705.1938086334228,train
2026-01-12 22:00:00,ZONE_B,0.0,0.6608712,0.24574563,0.0,10.11778887284547,11.44343,17.414051,18.817863,12.104301,17.659796,18.817863,1715.9086,1697.0907365356445,train
2026-01-12 22:15:00,ZONE_B,0.0,0.26093024,0.0,0.8254783,10.86104066150694,13.858526,22.657986,17.47113,14.119456,22.657986,18.296608,1687.7314,1669.4347920288085,train
2026-01-12 22:30:00,ZONE_B,0.0,0.44542554,0.29348996,0.0,11.8697820386622,19.545883,15.556126,22.595242,19.991308,15.849616,22.595242,1643.1981,1620.6028584533692,train
2026-01-12 22:45:00,ZONE_B,0.0,0.2409915,0.7129803,0.0,22.44082955696213,22.032623,19.586597,15.139251,22.273615,20.299578,15.139251,1657.2628,1642.12354924469,train
2026-01-12 23:00:00,ZONE_B,0.0,0.6608712,1.8258711,0.0,12.576049796806773,11.295015,16.981777,12.902772,11.955887,18.807648,12.902772,1632.7369,1619.834128050232,train
2026-01-12 23:15:00,ZONE_B,0.0,0.44542554,0.37988615,0.0,9.419285010733978,14.924622,13.794307,20.963444,15.370048,14.174192,20.963444,1634.1514,1613.1879562438965,train
2026-01-12 23:30:00,ZONE_B,0.0,0.0780633,0.5530591,0.0,13.5829483061831,14.175065,19.25252,27.187286,14.253128,19.805578,27.187286,1629.6376,1602.450313623047,train
2026-01-12 23:45:00,ZONE_B,0.0,0.2409915,0.101214595,0.64901704,15.861136853280476,18.827639,22.514355,11.059909,19.06863,22.61557,11.708926,1619.6086,1607.8996737991333,train
2026-01-13 00:00:00,ZONE_B,0.0,0.38868913,0.0,0.0,16.92563538445108,19.272207,20.541706,42.15733,19.660896,20.541706,42.15733,1613.1891,1571.0317704406739,train
2026-01-13 00:15:00,ZONE_B,0.0,0.0,0.0,0.0,11.608171100093742,17.033485,12.710786,27.01728,17.033485,12.710786,27.01728,1609.9934,1582.9761194213868,train
2026-01-13 00:30:00,ZONE_B,0.0,0.41899198,0.0,0.5352127,8.72659399906906,7.518439,18.635485,11.835413,7.937431,18.635485,12.3706255,1606.5846,1594.2139745040893,train
2026-01-13 00:45:00,ZONE_B,0.0,0.20443171,1.4716002,1.5718057,14.8387440081243,20.530205,17.375193,14.651426,20.734636,18.846792,16.223232,1605.5311,1589.3078677307128,train
2026-01-13 01:00:00,ZONE_B,0.0,0.31043863,0.0,0.0,14.56123212598776,15.302045,15.597873,32.804012,15.612484,15.597873,32.804012,1608.9313,1576.127287701416,train
2026-01-13 01:15:00,ZONE_B,0.0,0.0,0.0,0.0,16.901023975600786,16.832497,14.778022,17.121613,16.832497,14.778022,17.121613,1605.38,1588.258387451172,train
2026-01-13 01:30:00,ZONE_B,0.0,0.18213968,0.0,0.36773103,16.34306865371281,18.99165,20.453657,34.566406,19.17379,20.453657,34.934135,1605.3284,1570.3942645629884,train
2026-01-13 01:45:00,ZONE_B,0.0,0.021564808,1.5227906,1.2939098,9.74059806501695,18.085161,18.704943,25.557005,18.106726,20.227734,26.850914,1605.5287,1578.6777859985352,train
2026-01-13 02:00:00,ZONE_B,0.0,0.61543626,0.0,0.0,14.901868989103004,16.727236,35.16955,28.180317,17.342672,35.16955,28.180317,1607.2765,1579.096183074951,train
2026-01-13 02:15:00,ZONE_B,0.0,0.04762263,0.7905231,0.0,17.948465277860745,25.270397,18.726984,35.254494,25.31802,19.517508,35.254494,1604.1195,1568.865006286621,train
2026-01-13 02:30:00,ZONE_B,0.0,0.18213968,0.0,0.5904242,37.67397780618504,32.64476,31.677454,29.573732,32.8269,31.677454,30.164156,1605.1193,1574.955144039917,train
2026-01-13 02:45:00,ZONE_B,0.0,0.15384942,1.3966872,1.5718057,27.60588166196089,31.895489,38.093746,47.563126,32.04934,39.490433,49.13493,1605.5115,1556.3765703430176,train
2026-01-13 03:00:00,ZONE_B,0.0,0.8883084,0.07627911,0.0,35.83117954843525,40.282143,26.863636,27.541378,41.170452,26.939915,27.541378,1606.6938,1579.1524219787598,train
2026-01-13 03:15:00,ZONE_B,0.0,0.451547,2.7349133,8.91563,23.92825811344016,22.048195,27.448517,21.317375,22.499743,30.18343,30.233006,1605.8116,1575.5785944763184,train
2026-01-13 03:30:00,ZONE_B,0.0,0.40886563,0.0,0.75790596,24.91878104399872,25.916014,24.450542,22.272041,26.324879,24.450542,23.029947,1602.6671,1579.637152719116,train
2026-01-13 03:45:00,ZONE_B,0.0,0.38892692,1.6709697,0.17565835,34.97476469990905,31.626253,27.79243,20.367678,32.01518,29.4634,20.543337,1603.452,1582.9086631317139,train
2026-01-13 04:00:00,ZONE_B,0.0,0.5731844,1.4301558,0.0,16.824136910338023,18.299225,16.646168,18.453232,18.87241,18.076324,18.453232,1602.8627,1584.4094681884765,train
2026-01-13 04:15:00,ZONE_B,0.0,0.40886563,0.0,0.0,15.642147025090846,15.458389,12.797698,13.905683,15.867255,12.797698,13.905683,1602.4503,1588.5446174362182,train
2026-01-13 04:30:00,ZONE_B,0.0,0.22437042,1.31611,6.4542236,12.523871882297762,12.904826,14.780765,18.856276,13.129196,16.096874,25.3105,1588.095,1562.7845008087158,train
2026-01-13 04:45:00,ZONE_B,0.0,0.38892692,1.178164,1.4613916,9.239041279181052,11.78236,13.049287,11.326303,12.171287,14.227451,12.787694,1587.0468,1574.2591060226441,train
2026-01-13 05:00:00,ZONE_B,0.0,0.38868913,0.088613056,0.0,11.079175593067902,13.011723,16.882408,25.095205,13.400412,16.971022,25.095205,1801.3134,1776.2181946929932,train
2026-01-13 05:15:00,ZONE_B,0.0,0.22437042,0.0,0.21629807,17.204401442374987,17.684662,15.50872,12.210455,17.909033,15.50872,12.426753,1826.6492,1814.2224469558716,train
2026-01-13 05:30:00,ZONE_B,0.0,0.0,1.2561426,8.216989,16.25485446708682,19.128773,22.575924,11.243758,19.128773,23.832066,19.460747,1826.3558,1806.8950532348633,train
2026-01-13 05:45:00,ZONE_B,0.0,0.21455808,1.9211985,2.0258646,17.56512425856713,21.918749,15.636243,32.59125,22.133307,17.557442,34.617115,1869.0153,1834.398184979248,train
2026-01-13 06:00:00,ZONE_B,0.0,0.40310574,0.34178326,11.358521,18.60091575742072,19.527582,15.748189,14.489251,19.930687,16.089972,25.847773,1907.7131,1881.8653274017333,train
2026-01-13 06:15:00,ZONE_B,0.0,0.0,2.6026475,77.12931,18.075507734995067,16.14849,27.946169,25.888264,16.14849,30.548817,103.01758,1944.1498,1841.132221875,train
2026-01-13 06:30:00,ZONE_B,0.0,0.20425247,2.631522,77.493195,11.89727272361271,18.40454,13.545902,15.026624,18.608791,16.177423,92.51982,1963.6985,1871.1786788330078,train
2026-01-13 06:45:00,ZONE_B,0.0,0.0,42.673523,124.190025,18.742507732493976,17.94268,25.171272,12.870151,17.94268,67.844795,137.06018,1987.1577,1850.0975193359375,train
2026-01-13 07:00:00,ZONE_B,0.0,43.454758,90.414894,196.51369,20.61075415717432,26.809044,20.552208,15.456576,70.2638,110.9671,211.97026,2002.9663,1790.9960393798829,train
2026-01-13 07:15:00,ZONE_B,50.29567895245309,104.49895,158.24063,271.10617,24.03120293335396,22.427042,19.158056,14.968921,126.92599,177.39868,286.0751,2070.11,1784.0348962402345,train
2026-01-13 07:30:00,ZONE_B,96.3930539556597,144.89624,202.0342,306.95877,17.836948428136886,17.978374,17.554308,11.286887,162.87462,219.5885,318.24567,2056.042,1737.7963334960937,train
2026-01-13 07:45:00,ZONE_B,142.60732506965925,202.27194,249.9721,373.01144,14.700046091959852,14.848761,14.316992,12.020548,217.1207,264.2891,385.03198,2106.2844,1721.252417578125,train
2026-01-13 08:00:00,ZONE_B,201.3188108694259,245.90993,305.2361,402.34366,13.998441347009836,14.547556,11.820611,6.523107,260.4575,317.05673,408.86676,2167.1963,1758.3295397460938,train
2026-01-13 08:15:00,ZONE_B,232.34669045213045,293.4307,343.98508,412.9735,6.919674100979251,8.271631,8.507599,10.628183,301.70233,352.49268,423.60168,2186.4587,1762.8570154296876,train
2026-01-13 08:30:00,ZONE_B,302.1446364519508,352.98343,406.80768,488.42432,2.443109481324041,3.9804344,1.2237916,0.97927827,356.96387,408.03146,489.4036,2214.786,1725.382405029297,train
2026-01-13 08:45:00,ZONE_B,336.56645850350446,385.4211,416.00992,528.0458,1.5675106297481276,1.6979306,4.4393854,2.141158,387.11905,420.4493,530.18695,2215.5176,1685.3306493164064,train
2026-01-13 09:00:00,ZONE_B,378.06655993929166,425.8693,466.12778,564.1317,2.28509219524039,4.4170356,0.38141415,0.0,430.28632,466.5092,564.1317,1954.7736,1390.6418861328125,train
2026-01-13 09:15:00,ZONE_B,414.28635550741245,463.02072,511.55298,598.9886,1.3498598579474528,2.232045,1.1860847,1.5266604,465.25278,512.7391,600.51526,2007.6077,1407.0924412109375,train
2026-01-13 09:30:00,ZONE_B,463.0363046271555,507.7665,548.85645,624.59955,0.0,1.6742135,0.9249153,1.2578006,509.44073,549.7814,625.85736,1937.1559,1311.2985391601562,train
2026-01-13 09:45:00,ZONE_B,504.6525901979083,561.3415,588.5266,683.202,0.0,0.7648226,0.0,3.4930978,562.1063,588.5266,686.6951,2028.7358,1342.0406706054687,train
2026-01-13 10:00:00,ZONE_B,550.1831543263435,577.83777,648.36865,688.0982,0.0,0.062348753,0.0,5.641121,577.90015,648.36865,693.7393,2020.6328,1326.8934811523438,train
2026-01-13 10:15:00,ZONE_B,584.1555614647391,643.9813,652.29456,640.01654,0.0,1.0298733,4.1558714,4.641143,645.01117,656.45044,644.65765,2043.3859,1398.7282461914062,train
2026-01-13 10:30:00,ZONE_B,657.9349734785006,681.6603,697.8942,663.9496,0.9112992636750225,1.4874383,3.5000007,4.152795,683.1477,701.3942,668.10236,1989.7462,1321.6438440429688,train
2026-01-13 10:45:00,ZONE_B,670.3030568325637,676.74976,667.44525,639.73254,2.210207870999916,1.9090598,4.9992924,4.131465,678.6588,672.4445,643.864,2054.69,1410.825986328125,train
2026-01-13 11:00:00,ZONE_B,691.5340492870971,684.2881,652.69354,657.5178,4.369619436827909,6.4855905,5.106439,5.0741944,690.7737,657.8,662.59204,1992.4944,1329.902358984375,train
2026-01-13 11:15:00,ZONE_B,671.8150590810185,642.4096,629.26483,647.0858,8.103518138993671,4.9173546,5.7090607,4.6412663,647.32697,634.9739,651.7271,1985.7313,1334.0041881835937,train
2026-01-13 11:30:00,ZONE_B,622.9836109925565,613.76294,621.40326,583.5658,4.687926691645312,3.0904703,5.12223,0.8401545,616.8534,626.5255,584.40594,1985.9288,1401.5228551757812,train
2026-01-13 11:45:00,ZONE_B,614.5491402890807,597.1651,596.67346,565.8168,2.1015736734143697,3.1866784,0.015787324,0.0,600.3518,596.6893,565.8168,2018.8837,1453.0669275390626,train
2026-01-13 12:00:00,ZONE_B,600.4372472861053,589.72986,573.37714,595.1436,0.816833815512831,1.0863427,1.0584593,9.1633005,590.8162,574.4356,604.30695,1990.2966,1385.9896541992186,train
2026-01-13 12:15:00,ZONE_B,611.3097406987949,581.1641,585.8596,570.7532,2.5149917473055305,2.650743,0.38141415,4.54722,583.8149,586.241,575.3004,1995.407,1420.1065849609374,train
2026-01-13 12:30:00,ZONE_B,587.5288532272779,580.34406,574.6913,573.01245,1.6400500733562096,0.07961225,3.9033754,2.4650483,580.42365,578.59467,575.4775,1967.7839,1392.3064219726562,train
2026-01-13 12:45:00,ZONE_B,594.2090485685953,586.8734,563.85785,560.61237,0.0,0.0,0.09981188,0.0,586.8734,563.95764,560.61237,1957.2494,1396.6370342773437,train
2026-01-13 13:00:00,ZONE_B,594.733203323457,570.7243,572.9229,534.6264,0.0,2.512837,3.126467,0.0,573.2371,576.0494,534.6264,1981.9086,1447.2821961914062,train
2026-01-13 13:15:00,ZONE_B,562.8206544813296,565.6911,561.3756,512.66534,0.0,2.5747576,0.0,0.0,568.26587,561.3756,512.66534,2032.812,1520.1466557617186,train
2026-01-13 13:30:00,ZONE_B,579.4877643951777,561.677,563.96124,503.23178,0.0,1.5572686,0.47811338,0.0,563.23425,564.43933,503.23178,1946.9054,1443.6736189941407,train
2026-01-13 13:45:00,ZONE_B,563.637492646912,556.174,535.199,505.79327,0.0,0.94735026,1.0192924,0.51159215,557.12134,536.21826,506.30487,1930.9811,1424.6762293945312,train
2026-01-13 14:00:00,ZONE_B,559.9002941522486,524.7092,518.6866,441.34622,0.0,0.0,0.0,0.0,524.7092,518.6866,441.34622,1933.7198,1492.373578076172,train
2026-01-13 14:15:00,ZONE_B,503.6920291418655,505.47577,472.40842,373.8501,0.0,0.049318798,0.0,0.10682483,505.5251,472.40842,373.9569,1978.019,1604.0620908203125,train
2026-01-13 14:30:00,ZONE_B,516.7498906418621,480.506,427.19116,349.89062,0.0,0.88763356,0.0,0.0,481.39365,427.19116,349.89062,1939.0396,1589.148975,train
2026-01-13 14:45:00,ZONE_B,487.2598246497923,441.83582,410.6797,328.14493,0.0,0.878385,0.0,0.0,442.7142,410.6797,328.14493,1965.6514,1637.5064720214843,train
2026-01-13 15:00:00,ZONE_B,423.4745375876517,390.64453,344.75192,274.16248,0.0,0.70825064,0.0,0.0,391.35278,344.75192,274.16248,1985.5541,1711.3916244140626,train
2026-01-13 15:15:00,ZONE_B,371.3337303549157,337.2124,306.69446,238.12556,0.0,1.4994135,0.0,0.0,338.71182,306.69446,238.12556,2025.5576,1787.4320354248048,train
2026-01-13 15:30:00,ZONE_B,325.2678346025705,291.2326,264.3449,188.07469,0.0,1.0706933,0.0,0.0,292.30328,264.3449,188.07469,2004.4601,1816.385408227539,train
2026-01-13 15:45:00,ZONE_B,290.56038924641723,266.10245,224.57156,166.37685,0.0,0.0,0.0,0.2563293,266.10245,224.57156,166.63318,2071.843,1905.2098212890623,train
2026-01-13 16:00:00,ZONE_B,259.6447096476141,217.95682,183.6658,133.5824,0.0,0.10306676,0.0,0.7495178,218.05989,183.6658,134.33191,2014.0823,1879.7503908203125,train
2026-01-13 16:15:00,ZONE_B,220.1142902966052,182.24544,165.96342,106.619705,0.0,0.0,0.15368158,0.0,182.24544,166.11711,106.619705,2005.4052,1898.7854947998046,train
2026-01-13 16:30:00,ZONE_B,175.5855044816677,155.06685,132.78613,62.06903,0.0,0.0,0.0,0.0,155.06685,132.78613,62.06903,2008.5116,1946.4425692382813,train
2026-01-13 16:45:00,ZONE_B,163.95789478656036,144.19392,99.79081,34.887478,0.7014801421292977,0.0,1.2137969,2.3430247,144.19392,101.00461,37.230503,1984.4374,1947.2068969177246,train
2026-01-13 17:00:00,ZONE_B,143.42376811152002,101.92347,65.68431,1.5278468,1.2970033185747465,0.0,0.0,0.0,101.92347,65.68431,1.5278468,1986.7632,1985.2353531867982,train
2026-01-13 17:15:00,ZONE_B,100.21071493957388,68.33169,36.285057,0.0,1.9245137136969608,1.0990534,2.5034146,0.0,69.43074,38.78847,0.0,2009.422,2009.422,train
2026-01-13 17:30:00,ZONE_B,68.23627026332832,34.89008,0.24361461,0.0,2.9281771580362723,1.097651,0.13283503,0.13635758,35.987732,0.37644964,0.13635758,1992.381,1992.244642424345,train
2026-01-13 17:45:00,ZONE_B,35.10398976443112,0.8222265,1.2558407,0.0,1.232708599497488,0.23993295,0.0,6.970237,1.0621595,1.2558407,6.970237,2001.3373,1994.3670632217406,train
2026-01-13 18:00:00,ZONE_B,0.0,0.0,3.0911124,0.0,1.3408098383961642,0.0,0.47855124,0.0,0.0,3.5696635,0.0,1995.1041,1995.1041,train
2026-01-13 18:15:00,ZONE_B,0.0,0.0,0.0,12.94227,1.3149059389118316,0.19621962,3.7567725,3.7450786,0.19621962,3.7567725,16.68735,2005.0869,1988.399550680542,train
2026-01-13 18:30:00,ZONE_B,0.0,0.0,0.0,0.0,1.7089977172618749,1.772733,0.14358017,9.105033,1.772733,0.14358017,9.105033,2004.1923,1995.0872670791625,train
2026-01-13 18:45:00,ZONE_B,0.0,0.9713349,3.1119,0.0,1.885824411525552,0.07632469,3.7477398,1.2104657,1.0476595,6.85964,1.2104657,2005.1168,2003.906334330368,train
2026-01-13 19:00:00,ZONE_B,0.0,6.387608,0.7820001,0.73622924,2.520250850462806,4.1672688,7.349181,0.0,10.554876,8.131182,0.73622924,1994.4574,1993.7211707591057,train
2026-01-13 19:15:00,ZONE_B,0.0,0.80426055,4.0166664,9.386719,2.001122664998954,3.6900494,0.36278296,0.0,4.49431,4.3794494,9.386719,2007.4523,1998.06558125,train
2026-01-13 19:30:00,ZONE_B,0.0,0.0,0.0,0.0,2.1014661942608104,2.094887,0.3457476,5.055036,2.094887,0.3457476,5.055036,2006.4525,2001.3974639320375,train
2026-01-13 19:45:00,ZONE_B,0.0,0.0,1.9630116,0.1476976,0.6764490541273824,1.2222741,1.7569895,4.0375276,1.2222741,3.7200012,4.185225,2007.6687,2003.4834749900817,train
2026-01-13 20:00:00,ZONE_B,0.0,5.783043,0.25526464,0.0,0.0,2.7476306,2.2350576,10.045838,8.530674,2.490322,10.045838,1902.8485,1892.802661643982,train
2026-01-13 20:15:00,ZONE_B,0.0,1.4448533,2.0826,1.0638678,1.8801657246401096,1.0640718,2.9120216,1.0551853,2.508925,4.9946218,2.1190531,1876.048,1873.9289468746185,train
2026-01-13 20:30:00,ZONE_B,0.0,0.21454963,0.0,0.0,2.4188763266777307,2.4058197,6.8417664,2.823945,2.6203692,6.8417664,2.823945,1866.6038,1863.779854954529,train
2026-01-13 20:45:00,ZONE_B,0.0,0.23118255,0.0,0.0,2.305049777580485,3.139413,1.0348008,1.9875727,3.3705957,1.0348008,1.9875727,1854.599,1852.611427330017,train
2026-01-13 21:00:00,ZONE_B,0.0,0.24951974,0.36165154,0.0,7.379474491831752,5.7581887,6.640674,5.900379,6.0077085,7.0023255,5.900379,1808.8821,1802.9817208190918,train
2026-01-13 21:15:00,ZONE_B,0.0,0.15312135,0.0,0.6394559,3.382744079678404,5.221288,4.329525,9.735852,5.3744097,4.329525,10.375308,1790.5175,1780.1421919631957,train
2026-01-13 21:30:00,ZONE_B,0.0,0.15312135,0.0,0.0,1.48245481318727,2.0284414,0.65033937,5.055036,2.181563,0.65033937,5.055036,1755.8857,1750.8306639320374,train
2026-01-13 21:45:00,ZONE_B,0.0,0.0,0.0,0.0,4.965402527764616,3.6615918,4.901005,2.7786264,3.6615918,4.901005,2.7786264,1723.755,1720.9763735580445,train
2026-01-13 22:00:00,ZONE_B,0.0,0.5782794,0.35672373,0.0,5.136949616217383,6.607211,4.650735,7.6159663,7.1854906,5.0074587,7.6159663,1706.4752,1698.8592336799622,train
2026-01-13 22:15:00,ZONE_B,0.0,0.0,0.0,0.0,4.3520162600383925,6.163437,2.5368505,16.54569,6.163437,2.5368505,16.54569,1695.8638,1679.318109463501,train
2026-01-13 22:30:00,ZONE_B,0.0,0.0,0.0,0.0,1.952012074552709,1.9127644,3.3317378,1.6084332,1.9127644,3.3317378,1.6084332,1659.9835,1658.3750667533875,train
2026-01-13 22:45:00,ZONE_B,0.0,0.0,0.069095686,0.0,2.6573835704578963,2.9629593,9.910776,7.329807,2.9629593,9.979872,7.329807,1634.4318,1627.101993195343,train
2026-01-13 23:00:00,ZONE_B,0.0,0.0,0.48782086,0.349802,3.80222684488314,5.3720737,2.1249778,6.7769036,5.3720737,2.6127987,7.1267056,1615.5795,1608.4527943534852,train
2026-01-13 23:15:00,ZONE_B,0.0,0.024095222,0.0,0.349802,1.7571894663692753,1.7398248,5.2156057,1.8806397,1.76392,5.2156057,2.2304416,1613.3704,1611.139958429718,train
2026-01-13 23:30:00,ZONE_B,0.0,0.17475703,0.0,0.0,1.5875885909872662,3.1622603,3.8551939,2.5574596,3.3370173,3.8551939,2.5574596,1609.7048,1607.1473404071808,train
2026-01-13 23:45:00,ZONE_B,0.0,0.0,0.0,0.070444405,1.1628407638160168,2.848855,0.0,8.365458,2.848855,0.0,8.435902,1613.3055,1604.8695983581542,train
2026-01-14 00:00:00,ZONE_B,0.0,0.0,0.0,0.0,1.4777593988318614,2.0580173,2.1087327,5.3922763,2.0580173,2.1087327,5.3922763,1605.7454,1600.3531237129212,train
2026-01-14 00:15:00,ZONE_B,0.0,0.0,0.0,0.0,0.0,2.0538251,8.004198,0.0,2.0538251,8.004198,0.0,1602.8463,1602.8463,train
2026-01-14 00:30:00,ZONE_B,0.0,0.0,0.0,0.88209873,1.6834661363400547,6.026854,2.378484,6.8216114,6.026854,2.378484,7.70371,1603.9731,1596.2693899208068,train
2026-01-14 00:45:00,ZONE_B,0.0,0.0,0.91038036,1.0172864,3.232727576392721,4.1798925,4.2601924,2.5965564,4.1798925,5.1705728,3.613843,1603.3124,1599.6985570358277,train
2026-01-14 01:00:00,ZONE_B,0.0,0.0,0.0,0.0,2.5197004491624613,3.8937945,6.63893,2.1859999,3.8937945,6.63893,2.1859999,1603.2532,1601.0672001296998,train
2026-01-14 01:15:00,ZONE_B,0.0,0.0,0.0,0.0,2.1753450880283847,5.629546,1.8164334,2.1241825,5.629546,1.8164334,2.1241825,1607.0519,1604.9277175373077,train
2026-01-14 01:30:00,ZONE_B,0.0,0.0,0.0,0.88209873,1.9392126082510504,3.1070993,2.0642612,4.8156257,3.1070993,2.0642612,5.6977243,1604.4064,1598.7086756576539,train
2026-01-14 01:45:00,ZONE_B,0.0,0.0,0.91038036,1.0172864,0.9840328086139466,2.274309,1.9134204,4.6690917,2.274309,2.8238008,5.686378,1603.9824,1598.2960219978333,train
2026-01-14 02:00:00,ZONE_B,0.0,0.0,0.0,0.0,0.613562961087661,0.9063131,3.1029975,1.3918726,0.9063131,3.1029975,1.3918726,1600.2675,1598.8756273555755,train
2026-01-14 02:15:00,ZONE_B,0.0,0.0,0.0,0.0,0.0,2.4525669,2.4630902,9.484316,2.4525669,2.4630902,9.484316,1607.3939,1597.9095841278076,train
2026-01-14 02:30:00,ZONE_B,0.0,0.0,0.0,0.88209873,2.143781009693696,1.3625482,2.200742,20.115015,1.3625482,2.200742,20.997114,1603.3838,1582.3866858184815,train
2026-01-14 02:45:00,ZONE_B,0.0,0.0,0.91038036,1.0172864,4.018448678382408,4.4218655,10.719029,20.699226,4.4218655,11.62941,21.716513,1604.6473,1582.9307873199464,train
2026-01-14 03:00:00,ZONE_B,0.0,0.0,0.0,0.0,6.830043587367796,9.386544,14.526123,12.321221,9.386544,14.526123,12.321221,1601.921,1589.5997786483765,train
2026-01-14 03:15:00,ZONE_B,0.0,0.0,0.0,0.0,8.22039425074642,9.06068,19.043404,5.1482763,9.06068,19.043404,5.1482763,1607.1202,1601.9719236709595,train
2026-01-14 03:30:00,ZONE_B,0.0,0.0,0.0,0.88209873,4.470354678672192,9.802803,7.6765094,7.5856156,9.802803,7.6765094,8.467714,1602.2412,1593.7734856903076,train
2026-01-14 03:45:00,ZONE_B,0.0,0.011805187,0.91038036,1.0172864,4.525732758228693,7.2362866,3.8183465,27.942635,7.2480917,4.728727,28.95992,1607.7772,1578.8172791168213,train
2026-01-14 04:00:00,ZONE_B,0.0,0.0,0.0,0.0,7.435406888492125,7.569567,7.3021097,28.90842,7.569567,7.3021097,28.90842,1605.722,1576.8135794372558,train
2026-01-14 04:15:00,ZONE_B,0.0,0.04858943,3.048771,0.0,3.7532716034836433,5.408045,18.169828,34.769253,5.456634,21.2186,34.769253,1607.6184,1572.8491472229005,train
2026-01-14 04:30:00,ZONE_B,0.0,0.0,0.0,2.2673151,5.436983624523183,11.155648,14.639631,21.925356,11.155648,14.639631,24.19267,1593.7192,1569.5265291778564,train
2026-01-14 04:45:00,ZONE_B,0.0,0.011805187,0.91038036,0.65196484,15.756754965039988,22.187696,26.288338,30.226826,22.199501,27.198719,30.87879,1621.8564,1590.9776100982665,train
2026-01-14 05:00:00,ZONE_B,0.0,0.29808632,0.42225063,0.0,23.25196084432724,27.090334,28.564434,24.68224,27.38842,28.986685,24.68224,1812.5724,1787.8901604675293,train
2026-01-14 05:15:00,ZONE_B,0.0,0.0,3.0125465,1.1433556,36.47546743011307,37.855488,41.618496,22.374447,37.855488,44.631042,23.517803,1830.1354,1806.6175968078612,train
2026-01-14 05:30:00,ZONE_B,0.0,0.3223459,2.6170976,5.3842225,38.731903643259216,39.500725,33.512093,43.447056,39.82307,36.12919,48.83128,1848.9417,1800.1104202453614,train
2026-01-14 05:45:00,ZONE_B,0.0,0.0,4.899904,0.0,51.02727634891162,50.66305,47.261673,63.62304,50.66305,52.161575,63.62304,1863.6361,1800.0130607543945,train
2026-01-14 06:00:00,ZONE_B,0.0,0.049736165,0.0,14.857007,41.50884029174015,45.52646,48.946064,67.70518,45.576195,48.946064,82.56219,1958.2083,1875.6461128051758,train
2026-01-14 06:15:00,ZONE_B,0.0,1.6747253,1.9234191,45.940186,51.35490470709617,55.433895,60.830135,64.84841,57.10862,62.753555,110.7886,1937.9628,1827.1742028930664,train
2026-01-14 06:30:00,ZONE_B,0.0,0.0,5.040683,42.38223,61.35845502957501,64.7683,72.97346,74.925606,64.7683,78.01414,117.30783,1956.2258,1838.917969189453,train
2026-01-14 06:45:00,ZONE_B,0.0,0.0,14.242387,107.86769,65.28887362903677,70.00723,69.605644,79.34158,70.00723,83.84803,187.20927,1977.3011,1790.0918257080077,train
2026-01-14 07:00:00,ZONE_B,0.0,27.314556,60.173435,130.24684,88.31620027537664,84.03045,87.64571,72.189476,111.345,147.81915,202.43631,1999.0157,1796.5793901855468,train
2026-01-14 07:15:00,ZONE_B,25.13001140893516,60.027695,93.81587,149.4854,78.6216919134758,83.95256,81.6786,67.59567,143.98026,175.49448,217.08107,2031.5698,1814.488730053711,train
2026-01-14 07:30:00,ZONE_B,58.04510969713783,98.17724,121.21753,210.85748,75.2369916162152,81.515915,71.82177,44.71456,179.69315,193.0393,255.57205,2099.723,1844.1509479980468,train
2026-01-14 07:45:00,ZONE_B,91.4447371004731,116.155174,150.69162,214.13406,77.9244965059831,77.03122,69.16655,63.861855,193.1864,219.85817,277.9959,2150.1555,1872.1595893554686,train
2026-01-14 08:00:00,ZONE_B,117.12830877806172,152.92345,183.14104,259.26212,59.56425818667268,62.21247,43.29399,61.87719,215.13593,226.43503,321.1393,2163.3179,1842.1785872558594,train
2026-01-14 08:15:00,ZONE_B,148.88502662253785,177.47746,217.88835,274.77902,63.13814364455091,52.422215,59.254063,54.842743,229.89967,277.14243,329.62177,2155.2703,1825.6485348632814,train
2026-01-14 08:30:00,ZONE_B,169.14643026384567,204.13982,239.4581,305.7431,40.03405454056279,47.76504,49.78376,49.15372,251.90486,289.24185,354.89682,2201.0195,1846.1226799316405,train
2026-01-14 08:45:00,ZONE_B,213.618179929627,245.7421,268.29404,327.47366,54.74071718720779,55.846905,56.50359,57.48593,301.589,324.79764,384.9596,2235.4312,1850.4716052734375,train
2026-01-14 09:00:00,ZONE_B,235.8018768622645,265.1383,299.71356,378.02835,55.24490068503501,54.783234,52.18935,49.750137,319.92154,351.90292,427.7785,1958.817,1531.0384965820313,train
2026-01-14 09:15:00,ZONE_B,266.96645855509564,301.19934,323.5809,395.52148,48.855891808493446,42.934425,46.79567,28.928194,344.13376,370.3766,424.44968,1992.9623,1568.512623486328,train
2026-01-14 09:30:00,ZONE_B,297.358434311282,319.9014,374.18515,440.04507,37.23492253514041,40.433655,35.726482,49.782925,360.33505,409.91162,489.828,2000.8976,1511.0695970703125,train
2026-01-14 09:45:00,ZONE_B,312.47478288962446,363.7551,396.6347,408.19882,35.54473114035819,34.72361,31.459024,36.450386,398.4787,428.09372,444.6492,2126.2034,1681.5541995605467,train
2026-01-14 10:00:00,ZONE_B,371.8176702894131,411.6394,425.01233,440.36353,42.70991163169164,38.1721,50.64606,47.711895,449.8115,475.6584,488.0754,1992.4236,1504.3481910644532,train
2026-01-14 10:15:00,ZONE_B,410.3122790599229,429.08035,416.55322,425.9084,49.90101405399061,49.427734,39.79827,33.606796,478.5081,456.3515,459.5152,2035.9564,1576.4412022460938,train
2026-01-14 10:30:00,ZONE_B,404.9744324525455,421.01022,415.21768,411.80923,40.957065689731465,36.235207,40.0836,45.65179,457.24542,455.30127,457.46103,2017.0977,1559.6366709472657,train
2026-01-14 10:45:00,ZONE_B,403.94977719604105,412.70245,406.4853,435.75952,32.44003185327208,34.77084,30.274666,41.53052,447.4733,436.75995,477.29004,1976.788,1499.4979609375,train
2026-01-14 11:00:00,ZONE_B,406.9020363848672,410.47516,411.66168,495.5242,39.27369280891311,41.224728,41.967342,47.746532,451.6999,453.62903,543.27075,2041.457,1498.186248046875,train
2026-01-14 11:15:00,ZONE_B,402.175608478244,408.07288,435.01837,481.48795,32.141369942697146,38.271942,39.96519,46.417187,446.34482,474.98355,527.90515,1964.5735,1436.6683486328125,train
2026-01-14 11:30:00,ZONE_B,418.2900523034961,428.81918,464.4728,423.63318,32.74443992952588,36.667126,41.187748,31.629005,465.4863,505.66055,455.26218,1996.8049,1541.5427234863282,train
2026-01-14 11:45:00,ZONE_B,467.6176357268837,472.5917,473.48254,426.38406,32.25471006160206,35.821735,42.53624,29.41193,508.41345,516.0188,455.796,1984.6128,1528.8168100097657,train
2026-01-14 12:00:00,ZONE_B,474.2355034300587,489.918,443.49344,371.21567,36.31319473959272,38.07083,29.909128,28.259586,527.98883,473.40256,399.47525,1981.012,1581.5367497558593,train
2026-01-14 12:15:00,ZONE_B,494.80883716142046,472.91776,439.212,387.27335,46.40453740045069,38.938076,37.878338,43.657913,511.85583,477.09033,430.93127,2023.734,1592.8027255859374,train
2026-01-14 12:30:00,ZONE_B,435.7601014824162,433.04544,386.0388,380.47278,33.353874867747585,30.964428,29.871815,46.065422,464.00986,415.9106,426.5382,1984.9475,1558.4092919921875,train
2026-01-14 12:45:00,ZONE_B,411.66109490265626,369.22595,359.81342,386.75677,16.99597074144422,16.474989,24.903059,43.646706,385.70093,384.71646,430.40347,1952.1948,1521.7913270996094,train
2026-01-14 13:00:00,ZONE_B,366.7188588949627,352.79276,357.36368,349.91705,13.608528132608807,19.594858,25.801857,38.810623,372.3876,383.16553,388.72766,1982.1962,1593.4685388671876,train
2026-01-14 13:15:00,ZONE_B,343.70173470329564,354.55847,361.60922,372.14578,25.6020535246378,36.773426,45.7887,50.71628,391.3319,407.39792,422.86206,1952.4664,1529.604339453125,train
2026-01-14 13:30:00,ZONE_B,364.93427587470586,357.06726,351.76746,365.58548,47.56357748863743,57.867374,54.47725,38.78235,414.93463,406.2447,404.36783,1971.6301,1567.2622716308595,train
2026-01-14 13:45:00,ZONE_B,354.1594430236118,337.65485,369.26288,339.69165,73.7843817358892,72.730965,66.46384,51.144184,410.3858,435.7267,390.83585,1972.9791,1582.1432540527344,train
2026-01-14 14:00:00,ZONE_B,331.48827842639486,342.47226,328.93335,272.22668,71.56019538923377,66.16247,54.064434,33.240192,408.63474,382.99777,305.4669,1966.4679,1661.0010115722657,train
2026-01-14 14:15:00,ZONE_B,350.62493516833126,337.3978,315.91504,280.99066,45.43807994496067,41.797287,44.094955,40.582417,379.19507,360.01,321.5731,1968.7805,1647.2074104003907,train
2026-01-14 14:30:00,ZONE_B,338.6227831282017,323.41858,295.506,251.61008,21.876420520485805,25.133554,19.968863,34.912155,348.55212,315.47488,286.52222,1950.9119,1664.389683203125,train
2026-01-14 14:45:00,ZONE_B,332.3158441052356,305.82895,293.0161,241.93242,17.76866648783427,19.362686,26.822737,27.794666,325.19165,319.83884,269.72708,1976.1272,1706.4001187011718,train
2026-01-14 15:00:00,ZONE_B,273.3114620280409,276.60147,247.89987,219.85127,16.078213748939344,20.258419,21.214674,25.853203,296.8599,269.11453,245.70447,2048.1418,1802.4373322265624,train
2026-01-14 15:15:00,ZONE_B,295.5603762690962,259.81512,247.2764,203.92006,27.07463868760175,28.552572,31.904486,25.107199,288.3677,279.18088,229.02725,2027.0464,1798.0191478027343,train
2026-01-14 15:30:00,ZONE_B,256.23567907909376,244.06052,229.83891,166.52557,34.83868370801069,37.412613,30.93857,25.701603,281.47314,260.7775,192.22717,1994.2871,1802.0599271484375,train
2026-01-14 15:45:00,ZONE_B,247.859728917545,238.02757,209.01077,141.7694,36.60090044443097,35.80349,29.686893,33.609005,273.83105,238.69766,175.3784,1997.0776,1821.6991972900391,train
2026-01-14 16:00:00,ZONE_B,241.0899945671904,210.24297,173.55774,107.23045,28.0212117676468,24.515694,22.694435,39.640102,234.75867,196.25217,146.87056,2019.3862,1872.515640307617,train
2026-01-14 16:15:00,ZONE_B,201.9874485774688,164.06216,132.11313,76.505264,20.14880077373783,20.080597,25.66033,20.952614,184.14276,157.77345,97.45788,2013.8624,1916.404521887207,train
2026-01-14 16:30:00,ZONE_B,166.28395390544426,130.64018,108.736,39.051575,22.77661747218909,23.199875,29.435625,19.450823,153.84006,138.17163,58.502396,2013.4788,1954.9764043701173,train
2026-01-14 16:45:00,ZONE_B,128.8808675683041,102.39873,76.78162,32.546932,28.76339264934828,31.96932,27.295607,30.41835,134.36804,104.077225,62.965282,2005.5265,1942.5612175598144,train
2026-01-14 17:00:00,ZONE_B,98.8670686737678,69.78663,43.882286,0.0,31.853260484470063,28.22562,28.186357,25.784632,98.01225,72.06864,25.784632,2007.8492,1982.0645682708741,train
2026-01-14 17:15:00,ZONE_B,62.338276944017714,38.161385,16.298426,0.0,23.11692891790504,19.421951,23.85454,16.735174,57.583336,40.152966,16.735174,2002.3401,1985.6049258209227,train
2026-01-14 17:30:00,ZONE_B,39.75899412185898,23.206383,2.064407,0.0,28.60197919082887,26.328768,29.121555,31.789648,49.53515,31.185963,31.789648,2007.2197,1975.4300519439698,train
2026-01-14 17:45:00,ZONE_B,20.240999797861623,0.0,0.0,0.0,31.95096152733021,28.556955,26.160276,19.939669,28.556955,26.160276,19.939669,2001.3036,1981.3639313446045,train
2026-01-14 18:00:00,ZONE_B,0.0,0.0,0.0,0.0,22.631210344111395,19.457672,27.601137,33.857723,19.457672,27.601137,33.857723,2001.0448,1967.187076763916,train
2026-01-14 18:15:00,ZONE_B,0.0,1.9958316,2.6846693,0.0,16.750337743923453,19.210573,13.795407,26.157784,21.206406,16.480076,26.157784,2004.223,1978.0652164916992,train
2026-01-14 18:30:00,ZONE_B,0.0,0.3979021,0.7271462,0.0,21.815164891906377,20.010286,27.905975,33.54688,20.408188,28.633121,33.54688,1998.9493,1965.4024211853027,train
2026-01-14 18:45:00,ZONE_B,0.0,0.35213876,0.92550045,2.7239513,19.85927543375212,22.967264,27.613218,37.61888,23.319403,28.53872,40.342834,2002.2976,1961.9547655273439,train
2026-01-14 19:00:00,ZONE_B,0.0,0.0,0.0,0.0,33.98084044716761,36.8271,37.564735,38.690804,36.8271,37.564735,38.690804,1999.2219,1960.531096472168,train
2026-01-14 19:15:00,ZONE_B,0.0,0.0,0.0,0.9098076,39.947207647323694,42.928967,56.0439,29.719454,42.928967,56.0439,30.629261,1999.352,1968.7227389831544,train
2026-01-14 19:30:00,ZONE_B,0.0,0.0,0.0,0.0,33.505197374446965,44.06264,42.912537,29.064455,44.06264,42.912537,29.064455,1999.7963,1970.7318449676513,train
2026-01-14 19:45:00,ZONE_B,0.0,0.0,3.0392323,5.589013,33.89024315785419,39.77322,28.889416,31.783003,39.77322,31.928648,37.372017,1999.9313,1962.5592830932617,train
2026-01-14 20:00:00,ZONE_B,0.0,0.4660018,0.0,0.013756787,34.59643425921386,35.34412,29.167532,30.206564,35.810123,29.167532,30.220322,1878.2635,1848.0431783447266,train
2026-01-14 20:15:00,ZONE_B,0.0,0.17475703,0.0,1.0275631,28.02215353940032,28.374336,26.597157,42.612125,28.549093,26.597157,43.639687,1866.1188,1822.4791134155273,train
2026-01-14 20:30:00,ZONE_B,0.0,0.0,0.0,0.0,20.30268758647923,21.213606,22.562967,41.60269,21.213606,22.562967,41.60269,1850.8088,1809.2061083496094,train
2026-01-14 20:45:00,ZONE_B,0.0,0.0,0.0,0.0,26.09993680169696,24.196836,37.20789,32.468372,24.196836,37.20789,32.468372,1846.1631,1813.6947276550293,train
2026-01-14 21:00:00,ZONE_B,0.0,0.068181455,0.0,0.0,34.14516938368289,39.76516,48.5926,42.367393,39.83334,48.5926,42.367393,1835.7009,1793.3335065063477,train
2026-01-14 21:15:00,ZONE_B,0.0,0.0,0.0,0.349802,39.79428872604881,45.226254,37.56617,61.024403,45.226254,37.56617,61.374203,1768.946,1707.5717972717284,train
2026-01-14 21:30:00,ZONE_B,0.0,0.17475703,0.0,0.0,59.73030450693761,57.680477,61.596836,53.613155,57.855236,61.596836,53.613155,1743.0109,1689.3977446350098,train
2026-01-14 21:45:00,ZONE_B,0.0,0.12888403,0.0,0.0,52.30645099710072,54.877026,64.89379,26.832918,55.00591,64.89379,26.832918,1727.3906,1700.5576818328857,train
2026-01-14 22:00:00,ZONE_B,0.0,0.18722865,0.26564217,0.0,79.3617400550447,77.46071,62.764812,60.99962,77.647934,63.030457,60.99962,1710.1926,1649.1929814697266,train
2026-01-14 22:15:00,ZONE_B,0.0,0.17475703,0.0,0.0,63.73084029905194,59.983093,32.20922,22.66726,60.157852,32.20922,22.66726,1700.3822,1677.7149407836914,train
2026-01-14 22:30:00,ZONE_B,0.0,0.17475703,0.0,0.0,48.90827621780195,37.020226,54.021088,46.142464,37.194984,54.021088,46.142464,1648.714,1602.571536315918,train
2026-01-14 22:45:00,ZONE_B,0.0,0.15481827,0.0,0.0,29.83826731119054,35.48007,25.636524,27.740503,35.634888,25.636524,27.740503,1614.2301,1586.4895966888428,train
2026-01-14 23:00:00,ZONE_B,0.0,0.18722865,0.24626672,0.0,25.418693338118427,25.682526,34.759567,23.831852,25.869755,35.005833,23.831852,1610.0707,1586.2388480407715,train
2026-01-14 23:15:00,ZONE_B,0.0,0.0,0.0,0.060100608,21.37569631196544,27.44863,20.988546,19.248371,27.44863,20.988546,19.308472,1619.8529,1600.5444283203126,train
2026-01-14 23:30:00,ZONE_B,0.0,0.17475703,0.0,0.0,25.45849288690567,24.74771,23.74738,20.100687,24.922466,23.74738,20.100687,1622.9594,1602.8587129730224,train
2026-01-14 23:45:00,ZONE_B,0.0,3.5882795,8.351602,6.962949,27.998459999455807,25.41969,22.931591,16.91373,29.007969,31.283192,23.876678,1609.0989,1585.222221533203,train
2026-01-15 00:00:00,ZONE_B,0.0,0.39090896,0.1274688,0.0,18.538616893299537,18.97249,19.824978,25.601881,19.3634,19.952446,25.601881,1601.9164,1576.3145189727784,train
2026-01-15 00:15:00,ZONE_B,0.0,0.031743914,0.0,0.0,16.216163385065073,17.261063,13.795854,22.062906,17.292807,13.795854,22.062906,1600.8895,1578.8265937347412,train
2026-01-15 00:30:00,ZONE_B,0.0,0.0,0.0,0.6276707,13.759958225376009,11.071119,13.206482,13.284805,11.071119,13.206482,13.912476,1606.768,1592.8555244140625,train
2026-01-15 00:45:00,ZONE_B,0.0,0.26807982,1.2940701,1.2675248,6.05105589448508,6.7188134,11.432989,7.1029778,6.986893,12.727059,8.370502,1614.5054,1606.1348975280762,train
2026-01-15 01:00:00,ZONE_B,0.0,0.1826455,0.026009716,0.0,3.347543006700989,4.140679,5.353491,8.988882,4.323324,5.3795004,8.988882,1602.294,1593.3051179351808,train
2026-01-15 01:15:00,ZONE_B,0.0,0.07975508,0.0,0.0,1.9076206622659733,3.4941375,2.242883,6.180759,3.5738926,2.242883,6.180759,1601.6013,1595.4205410469056,train
2026-01-15 01:30:00,ZONE_B,0.0,0.0091757225,0.0,0.5080329,5.064790440306131,5.6239467,6.487517,18.204159,5.6331224,6.487517,18.712193,1608.188,1589.4758074645997,train
2026-01-15 01:45:00,ZONE_B,0.0,0.0,0.9761549,1.4415702,5.5701378381626645,6.883944,5.198656,21.942608,6.883944,6.174811,23.384178,1609.2773,1585.8931218383789,train
2026-01-15 02:00:00,ZONE_B,0.0,0.34230846,0.0,0.0,7.963916798654282,7.454523,16.568865,9.049604,7.7968316,16.568865,9.049604,1600.78,1591.7303955841064,train
2026-01-15 02:15:00,ZONE_B,0.0,0.0,0.0,0.0,3.444252742156652,7.4578323,12.417597,6.430493,7.4578323,12.417597,6.430493,1601.4276,1594.9971071220398,train
2026-01-15 02:30:00,ZONE_B,0.0,0.11656145,0.0,0.30546403,6.729947965603742,11.460609,7.790689,10.985446,11.577171,7.790689,11.29091,1607.8374,1596.546490232849,train
2026-01-15 02:45:00,ZONE_B,0.0,0.0,1.1876831,1.4415702,12.214744501477451,12.393778,11.097492,18.447538,12.393778,12.285175,19.889109,1604.4829,1584.593791342163,train
2026-01-15 03:00:00,ZONE_B,0.0,0.45233724,0.0,0.0,4.63067306368352,1.8865975,5.1607037,10.93728,2.3389347,5.1607037,10.93728,1602.9462,1592.0089202987672,train
2026-01-15 03:15:00,ZONE_B,0.0,0.0,0.0,0.0,2.9758216270236986,2.618561,3.8951952,7.740205,2.618561,3.8951952,7.740205,1605.2783,1597.5380951889038,train
2026-01-15 03:30:00,ZONE_B,0.0,0.11656145,0.0,0.6300165,3.995703868195285,5.601873,4.2469435,14.095611,5.7184343,4.2469435,14.725627,1601.8041,1587.0784730545045,train
2026-01-15 03:45:00,ZONE_B,0.0,0.09662272,1.3770066,1.4415702,6.014864911304585,5.812886,3.5347452,7.677785,5.909509,4.9117517,9.119355,1604.4827,1595.3633447982788,train
2026-01-15 04:00:00,ZONE_B,0.0,0.28088015,1.3367069,0.09501678,4.078725396667613,3.918023,6.826872,4.889892,4.198903,8.163579,4.984909,1607.7251,1602.740190942383,train
2026-01-15 04:15:00,ZONE_B,0.0,0.07975508,0.0,0.0,3.2366165346400586,4.697878,5.494358,3.0788646,4.777633,5.494358,3.0788646,1589.7764,1586.6975354255676,train
2026-01-15 04:30:00,ZONE_B,0.0,0.0091757225,0.0,1.1106603,2.151415568385089,2.639115,2.0622118,1.9265294,2.6482909,2.0622118,3.0371897,1607.2535,1604.2163102779389,train
2026-01-15 04:45:00,ZONE_B,0.0,0.0,1.1876831,1.370913,2.2918391153738846,3.0649402,2.935717,6.5995126,3.0649402,4.1234,7.9704256,1592.4636,1584.4931743942261,train
2026-01-15 05:00:00,ZONE_B,0.0,0.7026835,1.4791472,2.5081122,5.043114005313196,4.7099013,2.6790254,2.5898046,5.412585,4.1581726,5.0979166,1800.85,1795.7520833969115,train
2026-01-15 05:15:00,ZONE_B,0.0,0.42504266,1.5794183,0.0,3.1914156758318466,2.475272,6.0865912,10.310781,2.9003146,7.6660094,10.310781,1833.5648,1823.2540194747926,train
2026-01-15 05:30:00,ZONE_B,0.0,0.0091757225,0.0,1.2302982,5.685566691142886,5.0526614,4.7870336,9.330529,5.061837,4.7870336,10.560827,1856.8639,1846.303072744751,train
2026-01-15 05:45:00,ZONE_B,0.0,0.0,1.1876831,8.96132,3.6880797051688967,4.548549,11.124381,26.360806,4.548549,12.312064,35.322124,1861.7943,1826.4721755187988,train
2026-01-15 06:00:00,ZONE_B,0.0,0.0,1.2678856,1.4433075,1.973327974773372,3.720083,5.8917646,5.5675797,3.720083,7.1596503,7.010887,1900.5392,1893.5283128540038,train
2026-01-15 06:15:00,ZONE_B,0.0,0.83559287,6.887104,38.427204,3.603061328878921,5.863081,15.832858,7.242189,6.6986737,22.719963,45.66939,1920.5602,1874.8908083679198,train
2026-01-15 06:30:00,ZONE_B,0.0,1.5453783,1.6543839,63.0807,6.039606350651666,11.901967,4.451005,8.626782,13.447346,6.1053886,71.70748,1995.5931,1923.8856186157227,train
2026-01-15 06:45:00,ZONE_B,0.0,1.3775367,30.7475,88.7679,9.292602082780803,10.380088,11.140644,6.796926,11.757625,41.888145,95.56483,1997.6938,1902.128973034668,train
2026-01-15 07:00:00,ZONE_B,0.0,22.71643,74.15919,143.77603,4.743634189886496,5.0405116,6.791389,10.28714,27.756943,80.95058,154.06317,2028.9823,1874.9191286132811,train
2026-01-15 07:15:00,ZONE_B,31.044282093393093,69.581436,107.56051,167.01079,3.5124765643445657,4.11185,3.8409772,7.819183,73.69328,111.40149,174.82997,2050.0896,1875.2596286865232,train
2026-01-15 07:30:00,ZONE_B,62.4594299121891,96.738556,136.44193,191.89317,5.900478045574369,3.5458007,4.451005,7.97982,100.284355,140.89293,199.87299,2063.835,1863.9620141601563,train
2026-01-15 07:45:00,ZONE_B,92.61045975655026,130.68115,159.26654,240.56963,5.995254994025649,4.9096146,7.6459155,13.562056,135.59076,166.91246,254.13168,2146.2642,1892.1325166503907,train
2026-01-15 08:00:00,ZONE_B,128.31116427687948,162.683,184.8845,278.83664,3.152603613439155,6.3656535,4.8073196,21.341066,169.04865,189.69183,300.1777,2176.573,1876.395296142578,train
2026-01-15 08:15:00,ZONE_B,163.5113058571579,195.04,222.87312,321.09018,4.174401228832632,4.0494404,9.179459,19.216303,199.08943,232.05258,340.3065,2167.496,1827.1895119628907,train
2026-01-15 08:30:00,ZONE_B,199.80916967943384,222.51776,265.25082,306.80563,2.59765047844617,4.39358,12.890272,21.106989,226.91135,278.14108,327.91263,2252.9941,1925.0814718261718,train
2026-01-15 08:45:00,ZONE_B,208.9521417120523,257.6595,304.2036,382.24646,7.349886197182674,11.250901,14.910219,30.189133,268.9104,319.11383,412.4356,2174.9207,1762.4850920898439,train
2026-01-15 09:00:00,ZONE_B,280.402206673127,324.29187,322.78745,406.5074,15.054224244012213,18.740461,20.746191,30.95357,343.03232,343.53363,437.46097,2000.6018,1563.1408319824218,train
2026-01-15 09:15:00,ZONE_B,314.8712993732356,333.57288,408.2639,402.63635,19.010076266596435,22.197765,25.25817,20.905527,355.77063,433.52206,423.54187,2002.8434,1579.3015298828125,train
2026-01-15 09:30:00,ZONE_B,334.19799897957256,384.74066,383.39627,409.5667,29.93741667750269,29.929163,39.281303,45.00315,414.66983,422.67758,454.56985,2112.4182,1657.848345263672,train
2026-01-15 09:45:00,ZONE_B,394.7908128149039,408.08667,422.92923,480.12683,30.623003497559683,33.42355,32.090126,46.01369,441.51022,455.01935,526.1405,2062.9238,1536.7832970703125,train
2026-01-15 10:00:00,ZONE_B,358.9554421628505,374.7483,405.36612,444.36023,39.74134718286209,42.984505,46.137142,56.079327,417.7328,451.50327,500.43954,1996.0558,1495.6162553222657,train
2026-01-15 10:15:00,ZONE_B,372.234332552578,393.6096,421.7652,455.0498,57.393004419049184,57.327408,55.760483,50.93714,450.937,477.5257,505.98694,1986.6655,1480.6785615234376,train
2026-01-15 10:30:00,ZONE_B,381.9486250998054,423.82294,423.84888,450.53845,62.7482814514775,60.57358,62.04535,65.73143,484.3965,485.89423,516.2699,1994.9572,1478.6873025390626,train
2026-01-15 10:45:00,ZONE_B,449.66427255127286,445.8568,480.82907,475.5342,57.96085398115961,49.39176,46.95277,55.69655,495.24857,527.78186,531.2308,1962.4824,1431.2516260742188,train
2026-01-15 11:00:00,ZONE_B,436.2348858730294,457.4986,468.40054,516.3708,35.88099591414796,41.877907,44.413704,48.215252,499.3765,512.8143,564.58606,2076.6506,1512.0645404296874,train
2026-01-15 11:15:00,ZONE_B,470.9398894585928,468.76047,474.00473,442.25824,35.02774456575497,37.623783,46.685387,50.941284,506.38425,520.6901,493.19952,1982.4358,1489.2362760742187,train
2026-01-15 11:30:00,ZONE_B,455.3772795862397,461.85074,486.39487,512.3356,45.1654036136421,43.123177,47.986286,40.771774,504.9739,534.38116,553.10736,1996.5651,1443.4577391601563,train
2026-01-15 11:45:00,ZONE_B,460.2769604190181,470.9976,444.0801,529.3882,55.59850507898397,56.61364,58.170082,32.728035,527.6112,502.25018,562.1162,1990.8662,1428.7499890625,train
2026-01-15 12:00:00,ZONE_B,487.4899009054884,473.85608,482.54172,511.75076,64.69551855676673,66.93488,47.147976,29.747955,540.79095,529.6897,541.4987,1950.3007,1408.8019817382813,train
2026-01-15 12:15:00,ZONE_B,472.7230378522677,487.07886,519.7406,522.0503,56.08803625189413,46.441685,37.504044,61.715252,533.52057,557.2446,583.76556,1934.5511,1350.7855360351562,train
2026-01-15 12:30:00,ZONE_B,473.6126094198181,507.82925,504.86755,508.79514,33.31079697065427,30.20039,27.685781,44.707443,538.02966,532.55334,553.50256,2066.3303,1512.8277365234376,train
2026-01-15 12:45:00,ZONE_B,533.7856497557946,541.9098,549.95245,555.6735,28.51026431665066,26.917898,45.80428,48.59779,568.8277,595.7567,604.2713,1953.1144,1348.8430987304687,train
2026-01-15 13:00:00,ZONE_B,500.0170572412706,499.1782,504.70172,522.299,24.552019009124216,37.64645,32.343586,49.67912,536.82465,537.0453,571.97815,1952.0789,1380.1007505859375,train
2026-01-15 13:15:00,ZONE_B,515.8930152006901,504.5795,516.9228,492.40524,23.007028343236605,33.905468,32.351078,49.87296,538.485,549.27386,542.2782,1955.3016,1413.0234017578125,train
2026-01-15 13:30:00,ZONE_B,503.7779707962361,514.49994,514.3404,464.28082,27.762590233993432,32.591038,46.469967,60.499012,547.091,560.81036,524.77985,2008.3623,1483.5824538085938,train
2026-01-15 13:45:00,ZONE_B,530.1095251085113,534.48126,508.15097,496.22952,50.326539447728585,57.552288,58.692726,78.36549,592.03357,566.8437,574.59503,1985.4846,1410.8895682617188,train
2026-01-15 14:00:00,ZONE_B,501.6714703580992,469.22226,445.79736,436.5608,50.54312124652715,59.94734,61.04302,58.873783,529.1696,506.8404,495.43457,1969.8556,1474.4210296875,train
2026-01-15 14:15:00,ZONE_B,481.0788597350884,452.78854,465.45746,410.60007,48.73817675155112,52.50459,55.054436,49.462524,505.29312,520.5119,460.0626,1948.0647,1488.0021084472655,train
2026-01-15 14:30:00,ZONE_B,449.8768226554995,449.97223,422.95517,340.621,46.051230572752765,49.595566,46.36597,39.88496,499.5678,469.32114,380.50595,1946.2042,1565.6982490722655,train
2026-01-15 14:45:00,ZONE_B,460.3450027965029,449.30875,408.1021,333.4833,47.22745235454008,42.671787,47.353462,39.610073,491.98053,455.45557,373.09338,1973.4656,1600.3722162109375,train
2026-01-15 15:00:00,ZONE_B,451.2115915097109,432.43073,368.45123,298.36484,36.06059381136606,37.593746,38.649025,36.4704,470.02448,407.10025,334.83524,2013.9,1679.064764404297,train
2026-01-15 15:15:00,ZONE_B,424.3050553797403,383.39856,333.1945,283.95374,39.22623052896597,42.06205,39.278164,66.798515,425.4606,372.47266,350.75226,2002.8746,1652.1223416992189,train
2026-01-15 15:30:00,ZONE_B,358.50439517191234,323.00998,282.86697,233.8662,43.99116899280443,41.892967,43.969223,35.323215,364.90295,326.83618,269.18942,2039.989,1770.7995773925782,train
2026-01-15 15:45:00,ZONE_B,322.95406785651056,296.4872,266.79953,194.0159,46.66105061819347,40.700775,54.36333,46.645336,337.188,321.16287,240.66124,2015.0513,1774.3900603759766,train
2026-01-15 16:00:00,ZONE_B,284.79402281695616,253.44594,213.48076,145.58997,52.53497220529903,57.08694,40.410915,42.407726,310.53287,253.89168,187.9977,2030.6875,1842.6898040771484,train
2026-01-15 16:15:00,ZONE_B,290.3068314517413,247.50043,207.60347,125.3888,58.799212113252864,49.058407,50.86023,38.374573,296.55884,258.46368,163.76337,2035.8846,1872.1212333007813,train
2026-01-15 16:30:00,ZONE_B,249.6440810296104,212.03864,166.91905,73.433464,35.538479329132905,38.906345,37.783268,22.132378,250.94498,204.70232,95.56584,2001.396,1905.8301583251953,train
2026-01-15 16:45:00,ZONE_B,213.93354751346573,176.99722,135.72142,39.247536,43.26279195425028,42.894352,32.11606,21.699375,219.89157,167.83748,60.94691,2009.1082,1948.1612891418456,train
2026-01-15 17:00:00,ZONE_B,175.42789713810492,125.93219,89.56952,2.9674466,35.5367959766389,28.085777,26.071987,29.32067,154.01797,115.64151,32.288116,2008.5525,1976.2643835449219,train
2026-01-15 17:15:00,ZONE_B,128.2346628207242,85.21361,42.972073,0.0,25.32946596879864,21.131844,22.7169,17.198221,106.34545,65.68897,17.198221,2001.2914,1984.093178793335,train
2026-01-15 17:30:00,ZONE_B,81.19553518925186,41.62959,2.5497906,0.0,17.438393163662063,18.55217,20.340012,26.635677,60.18176,22.889803,26.635677,2008.9463,1982.3106226623536,train
2026-01-15 17:45:00,ZONE_B,40.7199553801532,8.175244,3.3439653,0.25057617,20.11357347648753,19.317608,16.308147,3.6434555,27.492851,19.652113,3.8940318,2002.1161,1998.2220682369232,train
2026-01-15 18:00:00,ZONE_B,0.0,3.6697876,5.046003,0.0,18.17097342053781,12.603492,25.145117,7.30586,16.27328,30.19112,7.30586,2002.9563,1995.650439957428,train
2026-01-15 18:15:00,ZONE_B,0.0,1.2406503,0.0,0.46161166,9.094181184501643,13.290698,7.473551,14.21733,14.531348,7.473551,14.678942,2004.9849,1990.3059582733154,train
2026-01-15 18:30:00,ZONE_B,0.0,0.3341085,5.8160086,5.433739,11.221792047494349,9.924792,9.840635,16.121544,10.258901,15.656644,21.555283,2002.7638,1981.2085174072265,train
2026-01-15 18:45:00,ZONE_B,0.0,0.0,2.1864464,2.8249617,5.554111225334202,3.9324849,7.0982585,22.01925,3.9324849,9.284705,24.844212,2001.0829,1976.238688421631,train
2026-01-15 19:00:00,ZONE_B,0.0,5.4132833,0.0,0.017437486,5.9979876075647525,5.468966,6.9276443,22.543713,10.88225,6.9276443,22.56115,2000.4879,1977.926750402832,train
2026-01-15 19:15:00,ZONE_B,0.0,0.0138572715,2.2917185,0.0,6.852163917297847,8.641054,15.957666,7.372127,8.654911,18.249386,7.372127,1994.9436,1987.5714729438782,train
2026-01-15 19:30:00,ZONE_B,0.0,0.0,0.0,0.0,10.391899376609851,17.012825,21.426537,17.67929,17.012825,21.426537,17.67929,2000.7894,1983.1101092285155,train
2026-01-15 19:45:00,ZONE_B,0.0,0.0,0.0,0.0,21.48819219596584,26.876514,16.954441,21.558962,26.876514,16.954441,21.558962,1998.9347,1977.375738131714,train
2026-01-15 20:00:00,ZONE_B,0.0,0.0,0.9656538,0.27388033,12.62207801657867,12.398992,15.487791,18.770561,12.398992,16.453445,19.044441,1883.8616,1864.8171587768554,train
2026-01-15 20:15:00,ZONE_B,0.0,1.562623,0.0,0.60138136,12.290040237814132,15.182488,15.241702,13.103473,16.745111,15.241702,13.704854,1873.7811,1860.0762459884643,train
2026-01-15 20:30:00,ZONE_B,0.0,0.0,1.1537288,0.0,10.79649994367323,11.482618,15.09241,13.567556,11.482618,16.24614,13.567556,1855.6062,1842.0386436187744,train
2026-01-15 20:45:00,ZONE_B,0.0,0.1569778,0.0,0.0,13.238113623326528,16.080698,15.170222,18.594114,16.237677,15.170222,18.594114,1851.473,1832.878885696411,train
2026-01-15 21:00:00,ZONE_B,0.0,0.273315,0.29693598,0.0,14.539147042320876,15.530096,13.887321,20.609184,15.8034115,14.1842575,20.609184,1814.4795,1793.8703157348632,train
2026-01-15 21:15:00,ZONE_B,0.0,0.21869946,0.0,0.0,12.355172303588088,14.7506695,18.342949,19.720592,14.969369,18.342949,19.720592,1784.0167,1764.2961075012206,train
2026-01-15 21:30:00,ZONE_B,0.0,0.0780633,0.0,0.0,10.171253612519507,13.627013,18.328077,21.08294,13.705076,18.328077,21.08294,1742.553,1721.470060852051,train
2026-01-15 21:45:00,ZONE_B,0.0,0.058124587,0.0,0.1574118,5.818732113101636,7.861056,6.2364936,14.028378,7.9191804,6.2364936,14.185789,1719.016,1704.8302108917237,train
2026-01-15 22:00:00,ZONE_B,0.0,0.026570424,0.11916181,0.28728142,9.495641832553252,13.7402935,15.974133,20.114813,13.766864,16.093294,20.402094,1709.6516,1689.2495061126708,train
2026-01-15 22:15:00,ZONE_B,0.0,0.0,0.0,0.0,12.055815202137524,16.054983,20.7229,23.767187,16.054983,20.7229,23.767187,1674.3319,1650.5647128814696,train
2026-01-15 22:30:00,ZONE_B,0.0,0.019874059,0.0,0.0,17.047380853384293,18.022774,20.012041,10.956174,18.042648,20.012041,10.956174,1654.9828,1644.0266261032104,train
2026-01-15 22:45:00,ZONE_B,0.0,0.0,0.0,0.0,15.097379144549713,15.90207,16.1962,8.58654,15.90207,16.1962,8.58654,1633.2096,1624.623059777832,train
2026-01-15 23:00:00,ZONE_B,0.0,0.23531967,0.3306144,0.0,11.64364094520632,14.263201,10.566542,13.763417,14.498521,10.897156,13.763417,1613.72,1599.9565827560425,train
2026-01-15 23:15:00,ZONE_B,0.0,0.019874059,0.0,0.0,6.808985778390238,6.057121,4.9610915,6.6874866,6.076995,4.9610915,6.6874866,1615.0363,1608.3488133514404,train
2026-01-15 23:30:00,ZONE_B,0.0,0.029025137,0.0,0.0,8.361907406805775,5.0801325,9.423158,13.86972,5.1091576,9.423158,13.86972,1610.6985,1596.8287795410156,train
2026-01-15 23:45:00,ZONE_B,0.0,0.0,0.0,0.0,4.834708639125154,5.4079404,2.72249,13.929182,5.4079404,2.72249,13.929182,1613.662,1599.7328179473877,train
2026-01-16 00:00:00,ZONE_B,0.0,0.14763296,0.0,0.0,12.20947829957755,12.551861,17.208065,14.409535,12.699493,17.208065,14.409535,1602.9584,1588.54886459198,train
2026-01-16 00:15:00,ZONE_B,0.0,0.0,0.0,0.0,6.492440649366038,9.907267,11.089715,13.59893,9.907267,11.089715,13.59893,1602.7297,1589.1307696411134,train
2026-01-16 00:30:00,ZONE_B,0.0,0.0,0.0,0.5570134,7.444040190162602,8.306247,11.942046,11.199192,8.306247,11.942046,11.756206,1602.2781,1590.5218944412231,train
2026-01-16 00:45:00,ZONE_B,0.0,0.12041798,0.9761549,1.370913,14.724599804705491,16.680079,15.594264,26.5821,16.800497,16.57042,27.953012,1603.232,1575.2789875335693,train
2026-01-16 01:00:00,ZONE_B,0.0,0.05479005,0.0,0.0,18.84529816426507,18.478848,17.26561,16.885193,18.533638,17.26561,16.885193,1601.321,1584.4358071289062,train
2026-01-16 01:15:00,ZONE_B,0.0,0.047513798,0.0,0.0,20.02899499599027,18.86657,24.056976,13.556297,18.914083,24.056976,13.556297,1601.4945,1587.938202697754,train
2026-01-16 01:30:00,ZONE_B,0.0,0.0,0.0,0.6276707,14.042033821568488,18.603521,16.202868,14.998198,18.603521,16.202868,15.625868,1601.5333,1585.9074321563721,train
2026-01-16 01:45:00,ZONE_B,0.0,0.12041798,0.9761549,1.4415702,7.460144617445061,9.905397,11.744371,11.107582,10.025815,12.720527,12.549152,1603.2208,1590.6716476257325,train
2026-01-16 02:00:00,ZONE_B,0.0,0.14763296,0.0,0.0,10.69375325652018,13.234643,13.858985,8.821598,13.382276,13.858985,8.821598,1601.5299,1592.7083019470215,train
2026-01-16 02:15:00,ZONE_B,0.0,0.0,0.0,0.0,19.877210199027456,20.662132,16.951405,8.822291,20.662132,16.951405,8.822291,1600.5701,1591.7478086257934,train
2026-01-16 02:30:00,ZONE_B,0.0,0.018326787,0.0,0.5570134,16.44436800404359,18.12381,10.465446,8.399474,18.142138,10.465446,8.956488,1595.933,1586.9765123443603,train
2026-01-16 02:45:00,ZONE_B,0.0,0.0,1.0590914,1.370913,10.403950985791353,11.157587,10.205292,11.411234,11.157587,11.264383,12.782146,1599.836,1587.0538535461426,train
2026-01-16 03:00:00,ZONE_B,0.0,3.5808253,0.0,0.0,2.633955027227058,2.828389,1.7960005,3.3087792,6.409214,1.7960005,3.3087792,1601.3806,1598.0718207603454,train
2026-01-16 03:15:00,ZONE_B,0.0,0.21049088,2.7724886,6.9366474,1.1807833439375934,0.9599952,3.5782456,7.8706555,1.1704861,6.350734,14.807302,1599.2379,1584.4305975250245,train
2026-01-16 03:30:00,ZONE_B,0.0,0.0,0.0,0.6276707,1.066803633885454,3.37516,1.8668895,7.75132,3.37516,1.8668895,8.37899,1600.4528,1592.0738098266602,train
2026-01-16 03:45:00,ZONE_B,0.0,0.0,1.5227906,1.370913,3.689496775112378,4.1324415,7.640248,4.9402304,4.1324415,9.163038,6.3111434,1600.8164,1594.505256601715,train
2026-01-16 04:00:00,ZONE_B,0.0,0.609673,0.0463325,0.0,5.408750456089844,5.9749923,6.4246497,11.155904,6.5846653,6.470982,11.155904,1596.8582,1585.7022961837768,train
2026-01-16 04:15:00,ZONE_B,0.0,0.0091757225,0.0,0.0,6.497498742713906,8.817792,6.5453153,13.200507,8.826967,6.5453153,13.200507,1593.5964,1580.3958928359984,train
2026-01-16 04:30:00,ZONE_B,0.0,0.0,2.3798363,13.537105,5.19954638866515,4.6807275,9.002356,4.413963,4.6807275,11.382192,17.951067,1583.7874,1565.8363330291747,train
2026-01-16 04:45:00,ZONE_B,0.0,0.0,1.1250693,1.9735402,3.640752784283305,5.030426,10.385061,3.55547,5.030426,11.510131,5.5290103,1614.6794,1609.150389704132,train
2026-01-16 05:00:00,ZONE_B,0.0,0.14763296,0.36111745,0.0,7.897927983286887,8.817792,7.3814383,5.876776,8.965425,7.7425556,5.876776,1814.8109,1808.9341237815856,train
2026-01-16 05:15:00,ZONE_B,0.0,0.14611992,0.0,0.0,8.77892754225532,7.7421484,7.572621,6.7671714,7.8882685,7.572621,6.7671714,1838.7814,1832.014228617096,train
2026-01-16 05:30:00,ZONE_B,0.0,0.0,0.0,11.807407,2.605433059521955,1.8177373,2.1743853,2.5184765,1.8177373,2.1743853,14.325884,1899.593,1885.2671161346436,train
2026-01-16 05:45:00,ZONE_B,0.0,0.0,1.5227906,6.391932,1.5405769171788506,2.2902665,1.8251297,2.083404,2.2902665,3.3479204,8.475336,1886.4095,1877.9341639251709,train
2026-01-16 06:00:00,ZONE_B,0.0,4.1016026,11.27711,26.574282,0.6889804557260114,0.8035849,2.4928098,6.2287984,4.9051876,13.76992,32.80308,1923.7217,1890.9186184875489,train
2026-01-16 06:15:00,ZONE_B,0.0,2.965786,13.699269,60.43943,0.0,2.6268938,1.614915,1.3179066,5.59268,15.314184,61.757336,1922.6995,1860.9421643371581,train
2026-01-16 06:30:00,ZONE_B,0.0,0.38392916,19.338644,85.05425,0.694429552349628,1.1085079,4.559074,1.5978351,1.492437,23.897718,86.652084,1999.6255,1912.9734156494142,train
2026-01-16 06:45:00,ZONE_B,0.0,1.4697657,29.34196,115.2866,0.6215788954729308,2.816888,1.614915,1.4257987,4.2866535,30.956877,116.712395,1998.0054,1881.2930052856445,train
2026-01-16 07:00:00,ZONE_B,0.0,41.250126,99.268654,162.12358,0.0,0.8395808,1.8949908,2.356656,42.089706,101.16364,164.48024,2033.8267,1869.346460131836,train
2026-01-16 07:15:00,ZONE_B,38.877693975880014,87.47408,120.120155,177.35576,1.9606389765517835,2.3438914,1.7548846,5.19958,89.81798,121.87504,182.55534,2039.0408,1856.4854563720703,train
2026-01-16 07:30:00,ZONE_B,80.03834139969351,119.05346,164.62794,226.87195,1.1225399053154663,2.0313096,3.5959241,0.27978122,121.08477,168.22386,227.15173,2083.187,1856.0352666015624,train
2026-01-16 07:45:00,ZONE_B,111.00606213529034,154.5855,187.27298,257.73044,4.392323868428354,3.6502903,6.669369,6.12098,158.23578,193.94235,263.8514,2128.7744,1864.9229900878904,train
2026-01-16 08:00:00,ZONE_B,148.3607700473674,188.2293,230.08595,287.6684,2.8122712705280266,5.8274946,2.2269669,2.832862,194.0568,232.31293,290.50125,2153.8362,1863.334948779297,train
2026-01-16 08:15:00,ZONE_B,173.55884475530303,212.74875,240.06068,293.70053,2.9882171143430165,1.5878022,4.2665596,4.800454,214.33655,244.32724,298.50098,2189.6995,1891.1985234375002,train
2026-01-16 08:30:00,ZONE_B,213.23408049717972,239.51439,264.4691,324.36136,2.4919074448085627,2.9742744,2.2315917,5.027544,242.48866,266.70068,329.38892,2205.0999,1875.7109839843752,train
2026-01-16 08:45:00,ZONE_B,227.68608368810445,261.83698,288.6932,364.1848,2.767542041591653,2.3015466,5.1472163,14.411367,264.13852,293.84042,378.5962,2200.399,1821.80280859375,train
2026-01-16 09:00:00,ZONE_B,260.58687271432547,287.23593,328.34766,360.06674,3.5849657109695645,5.5852656,6.1290064,13.62447,292.8212,334.47665,373.69122,2006.3906,1632.6993768554687,train
2026-01-16 09:15:00,ZONE_B,281.4004745207998,310.8478,350.49152,423.39316,4.710164146557042,7.445296,12.718677,11.030466,318.2931,363.2102,434.4236,1976.7358,1542.3121854980468,train
2026-01-16 09:30:00,ZONE_B,327.58714003046265,363.1619,365.1386,441.56625,2.8836845884912585,7.0404887,10.933567,5.528523,370.2024,376.07217,447.0948,2064.3274,1617.2326124023439,train
2026-01-16 09:45:00,ZONE_B,371.6594601119986,386.58072,432.90237,475.8503,1.2271924498204734,4.844244,8.634415,2.8457065,391.42496,441.5368,478.696,1996.4968,1517.800785595703,train
2026-01-16 10:00:00,ZONE_B,378.2837848877215,412.67584,427.2901,477.74518,6.866093505654063,8.354144,10.521522,11.752584,421.03,437.8116,489.49777,2006.4308,1516.9330277832032,train
2026-01-16 10:15:00,ZONE_B,411.6356237430045,432.66843,444.64777,491.90347,5.152660792430667,6.0413504,4.943293,7.370169,438.70978,449.59106,499.27365,2045.2247,1545.951048876953,train
2026-01-16 10:30:00,ZONE_B,451.4579071344083,479.5047,485.2081,546.1883,7.562892492681104,6.190933,11.060409,8.064949,485.69562,496.2685,554.25323,1959.7083,1405.4550651367188,train
2026-01-16 10:45:00,ZONE_B,485.8362292526427,493.06534,498.63834,550.9432,2.961415172493043,4.684216,6.493661,1.5244734,497.74954,505.132,552.46765,1903.0686,1350.6009486328126,train
2026-01-16 11:00:00,ZONE_B,484.66693232698,503.92508,540.9216,581.8101,2.3906199559441133,2.3343086,1.9337817,0.28978026,506.2594,542.85535,582.0999,1968.1425,1386.0425854492187,train
2026-01-16 11:15:00,ZONE_B,513.1506805060376,535.9785,535.0444,622.96313,2.115860546947576,2.293467,1.8672894,2.7377303,538.272,536.9117,625.70087,2072.7578,1447.056933300781,train
2026-01-16 11:30:00,ZONE_B,537.0504442779225,564.7273,603.34216,631.5624,3.024195327920805,0.32273293,1.1109489,5.3797135,565.05005,604.4531,636.9421,1959.5857,1322.6436223632813,train
2026-01-16 11:45:00,ZONE_B,547.7386664429175,574.80054,628.36176,643.2944,0.0,0.3982641,0.16188306,0.0,575.1988,628.5236,643.2944,2163.592,1520.2976274414063,train
2026-01-16 12:00:00,ZONE_B,626.4256218267664,652.41235,644.5298,660.9451,0.0,1.0121136,4.7986245,2.0934157,653.42444,649.3284,663.0386,1960.933,1297.89442578125,train
2026-01-16 12:15:00,ZONE_B,641.5861087224539,643.1507,634.77997,574.28076,0.0,3.0702894,1.0055497,1.647768,646.221,635.7855,575.9285,2026.3807,1450.4521721679687,train
2026-01-16 12:30:00,ZONE_B,642.9946396858927,645.3302,618.96375,579.82764,0.0,1.515686,1.6184314,0.0,646.8459,620.58215,579.82764,2132.6465,1552.8188632812498,train
2026-01-16 12:45:00,ZONE_B,641.8230148649642,631.5568,604.9204,534.2451,0.0,0.77938056,1.5279912,0.11153349,632.3362,606.4484,534.3566,2167.4849,1633.1282715820312,train
2026-01-16 13:00:00,ZONE_B,624.9231196474065,595.8966,590.3321,526.1274,0.0,2.5045013,1.5173637,4.790581,598.4011,591.8494,530.91797,2131.7725,1600.85453125,train
2026-01-16 13:15:00,ZONE_B,591.9353364465856,567.89154,537.5677,502.9588,0.0,0.9805375,2.134994,0.72236127,568.8721,539.7027,503.68115,2062.9033,1559.22214765625,train
2026-01-16 13:30:00,ZONE_B,562.2351690816472,531.9047,522.3635,475.78812,0.0,0.0,1.779951,1.1539407,531.9047,524.1435,476.94205,2032.3948,1555.4527528808594,train
2026-01-16 13:45:00,ZONE_B,499.8564823277485,486.3261,455.47812,377.66208,0.0,0.0,0.9616445,0.8988486,486.3261,456.43976,378.5609,1987.6792,1609.1182869140625,train
2026-01-16 14:00:00,ZONE_B,495.0470502048392,473.82675,445.306,319.4476,0.0,0.0,0.34976918,0.19777638,473.82675,445.65576,319.6454,2018.5552,1698.9098142578125,train
2026-01-16 14:15:00,ZONE_B,467.6574746739811,439.23123,388.04935,311.3557,0.0,0.027849019,1.1254221,0.5952646,439.2591,389.17477,311.951,1933.1097,1621.1587112304687,train
2026-01-16 14:30:00,ZONE_B,452.0767022811613,401.08865,331.91452,284.49124,0.0,0.0,1.1254221,0.5952646,401.08865,333.03995,285.08652,1921.9432,1636.8566826660156,train
2026-01-16 14:45:00,ZONE_B,380.7044710456197,326.50076,317.0497,244.14853,0.0,1.2758365,1.3412775,1.5162203,327.7766,318.391,245.66475,1950.0548,1704.390050854492,train
2026-01-16 15:00:00,ZONE_B,314.49399756114485,298.2855,275.03738,218.09985,0.0,1.1063237,0.6371259,0.64242417,299.3918,275.6745,218.74228,2018.7823,1800.0400209472657,train
2026-01-16 15:15:00,ZONE_B,295.21413566876606,272.7481,251.18272,207.8111,0.0,0.2877389,1.1052749,0.9168053,273.03586,252.288,208.7279,2002.3057,1793.5777947265624,train
2026-01-16 15:30:00,ZONE_B,273.05605430273465,253.4251,226.13895,164.16164,0.0,0.98563296,1.7114494,1.2510366,254.41072,227.8504,165.41267,2015.5002,1850.0875260498046,train
2026-01-16 15:45:00,ZONE_B,224.2972116582609,212.76947,204.45236,141.3901,0.0,1.7083458,0.7920999,0.9168053,214.47781,205.24446,142.30692,2000.9374,1858.630484716797,train
2026-01-16 16:00:00,ZONE_B,207.68700180396672,184.32281,157.506,104.18594,0.0,1.5854927,0.9679026,0.055966556,185.90831,158.47389,104.24191,2005.6818,1901.4398871582032,train
2026-01-16 16:15:00,ZONE_B,190.0462561608676,160.90367,137.1352,83.70013,0.0,0.5457408,0.57817894,0.2280029,161.44942,137.71338,83.92813,2007.1608,1923.2326688964845,train
2026-01-16 16:30:00,ZONE_B,155.6661619406711,134.81848,108.7948,53.232967,0.0,0.0,0.44394916,0.17433554,134.81848,109.23875,53.407303,2004.9672,1951.5598971435547,train
2026-01-16 16:45:00,ZONE_B,131.4910109159025,108.12314,77.90644,36.807404,0.0,0.0,1.3493174,0.055966556,108.12314,79.25576,36.86337,2016.0885,1979.225131011963,train
2026-01-16 17:00:00,ZONE_B,103.91696954614476,72.89362,51.20078,0.0,0.0,0.0,0.27333516,1.8490365,72.89362,51.474113,1.8490365,2004.4604,2002.6113635448455,train
2026-01-16 17:15:00,ZONE_B,83.44563306853496,60.64511,33.959446,0.7463052,0.0,0.035031676,0.44394916,0.0,60.68014,34.403397,0.7463052,2009.8976,2009.1512947727203,train
2026-01-16 17:30:00,ZONE_B,63.51323083862947,34.52675,0.5786247,0.0,0.0,0.0,0.75127596,0.0,34.52675,1.3299007,0.0,2005.762,2005.762,train
2026-01-16 17:45:00,ZONE_B,31.593117708682804,0.0,0.22291389,0.0,0.0,0.0,0.6420697,0.0,0.0,0.86498356,0.0,2010.5077,2010.5077,train
2026-01-16 18:00:00,ZONE_B,0.0,0.0,0.0,11.675928,0.0,0.0,0.58066225,0.0,0.0,0.58066225,11.675928,2005.1876,1993.5116718841552,train
2026-01-16 18:15:00,ZONE_B,0.0,1.6001862,1.425445,0.0,0.0,0.97086245,0.79718375,0.0,2.5710487,2.2226286,0.0,1993.9171,1993.9171,train
2026-01-16 18:30:00,ZONE_B,0.0,0.0,1.6409651,0.0,0.0,0.0,0.5889241,1.042386,0.0,2.2298892,1.042386,2004.7937,2003.7513139450073,train
2026-01-16 18:45:00,ZONE_B,0.0,2.1662166,2.3386264,5.5055976,0.0,0.0,0.55596405,0.0,2.1662166,2.8945904,5.5055976,2003.459,1997.9534024086,train
2026-01-16 19:00:00,ZONE_B,0.0,1.6112347,4.8156147,4.222717,0.0,0.0,0.48156947,0.0,1.6112347,5.297184,4.222717,2000.578,1996.3552831916809,train
2026-01-16 19:15:00,ZONE_B,0.0,0.0,0.46835425,0.09423451,0.0,0.0,0.24863704,0.0,0.0,0.7169913,0.09423451,2002.0646,2001.9703654887437,train
2026-01-16 19:30:00,ZONE_B,0.0,1.6871117,0.0,0.0,0.0,1.918247,0.6984173,2.0787585,3.6053586,0.6984173,2.0787585,1999.222,1997.1432415218353,train
2026-01-16 19:45:00,ZONE_B,0.0,0.009009931,1.6352271,0.11782448,0.0,0.0,0.34156123,0.5646713,0.009009931,1.9767883,0.6824958,2000.0748,1999.3923042271615,train
2026-01-16 20:00:00,ZONE_B,0.0,0.0,0.0,0.0,0.0,0.0,0.3791815,0.5646713,0.0,0.3791815,0.5646713,1878.4792,1877.9145287220001,train
2026-01-16 20:15:00,ZONE_B,0.0,0.0,0.0,0.0,0.0,0.0,0.5420482,0.0,0.0,0.5420482,0.0,1873.7704,1873.7704,train
2026-01-16 20:30:00,ZONE_B,0.0,0.0,0.0,0.0,0.0,1.1666048,1.0586082,0.25675592,1.1666048,1.0586082,0.25675592,1856.9761,1856.7193440817357,train
2026-01-16 20:45:00,ZONE_B,0.0,0.0,0.0,0.0,0.0,1.4052844,0.6947958,0.06368993,1.4052844,0.6947958,0.06368993,1850.3209,1850.2572100677728,train
2026-01-16 21:00:00,ZONE_B,0.0,0.27115548,0.119909465,0.349802,0.0,1.5198206,0.6947958,1.4591159,1.790976,0.81470525,1.8089179,1801.5153,1799.7063821199417,train
2026-01-16 21:15:00,ZONE_B,0.0,0.17475703,0.0,0.349802,0.0,0.40567532,0.0,0.8804522,0.58043236,0.0,1.2302542,1782.5015,1781.2712458267213,train
2026-01-16 21:30:00,ZONE_B,0.0,0.0,0.0,0.0,0.0,0.0,0.23472117,0.0,0.0,0.23472117,0.0,1748.3512,1748.3512,train
2026-01-16 21:45:00,ZONE_B,0.0,0.0,0.0,0.0,0.0,0.0,1.0279913,0.19478503,0.0,1.0279913,0.19478503,1721.6941,1721.4993149713039,train
2026-01-16 22:00:00,ZONE_B,0.0,0.18722865,0.0,0.062130794,0.0,1.0437843,1.3184615,1.7805145,1.231013,1.3184615,1.8426453,1685.3379,1683.4952547124863,train
2026-01-16 22:15:00,ZONE_B,0.0,0.0,0.0,0.23204708,0.0,1.5667651,0.5060451,0.52957845,1.5667651,0.5060451,0.7616255,1676.0801,1675.3184744716643,train
2026-01-16 22:30:00,ZONE_B,0.0,0.0,0.026522685,0.0,0.0,1.3391118,1.6078589,1.1608721,1.3391118,1.6343815,1.1608721,1627.4982,1626.3373278982162,train
2026-01-16 22:45:00,ZONE_B,0.0,0.15481827,0.27097273,0.0,0.0,1.942819,1.4125471,0.9769447,2.0976372,1.6835198,0.9769447,1643.8822,1642.9052553150177,train
2026-01-16 23:00:00,ZONE_B,0.0,0.58504903,0.55252,0.11012847,0.0,1.1381975,1.4125471,2.479066,1.7232466,1.9650671,2.5891943,1612.6775,1610.0883057022095,train
2026-01-16 23:15:00,ZONE_B,0.0,0.17475703,0.0,0.0,0.0,1.0739487,0.5060451,1.4714934,1.2487057,0.5060451,1.4714934,1613.8582,1612.3867066366195,train
2026-01-16 23:30:00,ZONE_B,0.0,0.17475703,0.072618924,0.060100608,0.0,0.47773257,1.4125471,1.6317312,0.6524896,1.4851661,1.6918317,1607.9781,1606.2862682920456,train
2026-01-16 23:45:00,ZONE_B,0.0,0.3428949,0.27097273,0.0,0.0,1.0565056,1.4504998,1.5439092,1.3994005,1.7214725,1.5439092,1630.7643,1629.2203908079148,train
2026-01-17 00:00:00,ZONE_B,0.0,0.45233724,0.13239661,0.0,0.0,0.892213,1.0069188,1.457104,1.3445503,1.1393154,1.457104,1602.7604,1601.3032960323333,train
2026-01-17 00:15:00,ZONE_B,0.0,0.11656145,0.0,0.0,0.0,1.7468041,1.2793652,2.5943108,1.8633655,1.2793652,2.5943108,1604.0094,1601.4150892395019,train
2026-01-17 00:30:00,ZONE_B,0.0,0.07975508,0.0,0.6276707,0.0,1.449152,1.9134204,1.8592917,1.5289071,1.9134204,2.4869623,1603.7869,1601.2999376815796,train
2026-01-17 00:45:00,ZONE_B,0.0,0.0,1.2940701,1.4415702,0.0,1.9046974,1.9877458,2.0614808,1.9046974,3.281816,3.5030508,1597.8539,1594.3508491958619,train
2026-01-17 01:00:00,ZONE_B,0.0,0.34230846,0.21533334,0.0,0.0,0.5728438,0.98045087,0.71234494,0.91515225,1.1957842,0.71234494,1607.7494,1607.0370550555228,train
2026-01-17 01:15:00,ZONE_B,0.0,0.018326787,0.0,0.0,0.0,0.918629,1.9830179,0.98139566,0.93695575,1.9830179,0.98139566,1602.2761,1601.2947043381691,train
2026-01-17 01:30:00,ZONE_B,0.0,0.0,0.0,0.5570134,0.0,1.8205394,1.3124642,2.9411907,1.8205394,1.3124642,3.4982042,1603.2906,1599.7923957687378,train
2026-01-17 01:45:00,ZONE_B,0.0,0.0,1.1876831,1.4415702,0.0,1.5559179,1.9513731,1.7137058,1.5559179,3.1390562,3.1552758,1600.3862,1597.2309241783141,train
2026-01-17 02:00:00,ZONE_B,0.0,0.34230846,0.026009716,0.0,0.0,1.5733618,4.137891,2.0526555,1.9156702,4.1639004,2.0526555,1606.996,1604.9433445415498,train
2026-01-17 02:15:00,ZONE_B,0.0,0.0,0.0,0.0,0.0,2.4525669,2.0607092,2.0403147,2.4525669,2.0607092,2.0403147,1604.6179,1602.5775853256225,train
2026-01-17 02:30:00,ZONE_B,0.0,0.0,0.0,0.5570134,0.0,1.9477184,2.1087327,7.363266,1.9477184,2.1087327,7.9202795,1601.8951,1593.9748204971313,train
2026-01-17 02:45:00,ZONE_B,0.0,0.0,1.1876831,1.4439161,0.0,2.021614,1.7493117,1.629838,2.021614,2.9369948,3.073754,1603.8075,1600.7337459278106,train
2026-01-17 03:00:00,ZONE_B,0.0,0.17349443,0.0,0.0,0.0,1.7947757,3.408421,2.6896582,1.9682702,3.408421,2.6896582,1601.2092,1598.519541835022,train
2026-01-17 03:15:00,ZONE_B,0.0,0.0,0.0,0.0,0.0,1.4508291,2.0329013,3.4896593,1.4508291,2.0329013,3.4896593,1606.7672,1603.2775406906128,train
2026-01-17 03:30:00,ZONE_B,0.0,0.0,0.0,1.2649307,0.0,1.7761487,2.0635183,1.629838,1.7761487,2.0635183,2.8947687,1602.3362,1599.4414312850952,train
2026-01-17 03:45:00,ZONE_B,0.0,0.0,5.7468734,7.122676,0.0,2.021614,6.3451037,1.629838,2.021614,12.091977,8.752514,1604.0914,1595.338886114502,train
2026-01-17 04:00:00,ZONE_B,0.0,0.3046754,0.06768104,0.0,0.0,4.418691,1.9877458,2.2246923,4.7233667,2.0554268,2.2246923,1602.9928,1600.7681076553345,train
2026-01-17 04:15:00,ZONE_B,0.0,0.18213968,0.0,0.0,0.0,1.7477416,1.7493117,2.3202438,1.9298812,1.7493117,2.3202438,1600.2375,1597.9172561645507,train
2026-01-17 04:30:00,ZONE_B,0.0,0.041503515,1.0262417,0.0,0.0,1.7761487,3.4304602,6.3015475,1.8176522,4.4567018,6.3015475,1602.3958,1596.0942524726868,train
2026-01-17 04:45:00,ZONE_B,0.0,0.0,1.1064248,1.4793661,0.0,2.712764,2.0329013,4.51041,2.712764,3.139326,5.9897757,1602.05,1596.0602243423461,train
2026-01-17 05:00:00,ZONE_B,0.0,0.18114555,1.2128532,1.6431972,0.7091806214587005,1.0448163,3.839387,4.3678455,1.2259618,5.0522404,6.0110426,1801.915,1795.9039574050903,train
2026-01-17 05:15:00,ZONE_B,0.0,0.0,0.0,0.0,1.8784974688715927,4.6733303,4.0496006,2.5264416,4.6733303,4.0496006,2.5264416,1831.7056,1829.1791584259033,train
2026-01-17 05:30:00,ZONE_B,0.0,0.4309586,4.523429,10.681099,4.463523081005986,3.6617143,4.41713,7.329705,4.092673,8.940559,18.010803,1844.1694,1826.1585967773437,train
2026-01-17 05:45:00,ZONE_B,0.0,0.021564808,1.2553391,1.8965365,5.399244938201064,5.1830826,3.5443954,6.4104576,5.2046475,4.7997346,8.306994,1883.6627,1875.3557055618287,train
2026-01-17 06:00:00,ZONE_B,0.0,5.1289353,4.482307,27.057415,6.325872451841255,4.307233,11.565162,8.986633,9.436169,16.047468,36.04405,1897.6306,1861.5865516906738,train
2026-01-17 06:15:00,ZONE_B,0.0,0.0,4.6514554,53.196945,7.142686306750869,8.23559,8.365341,11.568616,8.23559,13.016796,64.765564,1936.9899,1872.2243360351563,train
2026-01-17 06:30:00,ZONE_B,0.0,0.0112591805,4.132767,70.248184,8.799109213791164,8.691327,13.321494,45.401745,8.702586,17.454262,115.64993,1965.8875,1850.237567138672,train
2026-01-17 06:45:00,ZONE_B,0.0,0.0,28.847488,99.27951,9.062289104310818,12.930121,11.815473,16.912254,12.930121,40.66296,116.191765,1993.741,1877.549235168457,train
2026-01-17 07:00:00,ZONE_B,0.0,39.622074,74.989136,175.88895,9.098479648317888,10.828352,23.916971,14.552389,50.450424,98.906105,190.44133,2020.4937,1830.0523700439453,train
2026-01-17 07:15:00,ZONE_B,42.19735515164684,94.5111,140.49745,215.72017,15.50527376922688,20.784918,17.620745,11.546878,115.29602,158.1182,227.26704,2042.9766,1815.7095559326171,train
2026-01-17 07:30:00,ZONE_B,79.4336673379172,120.0805,175.8635,242.08833,26.186895060300376,27.88961,23.73757,24.021479,147.97011,199.60106,266.1098,2059.3386,1793.2287977539063,train
2026-01-17 07:45:00,ZONE_B,116.18077746088126,164.93188,218.3344,264.7185,15.115778918913223,16.025496,12.767866,22.606173,180.95738,231.10226,287.32468,2120.3774,1833.052723486328,train
2026-01-17 08:00:00,ZONE_B,165.6108807700726,219.15955,244.15657,263.73688,15.113857105983332,15.554462,15.561235,12.399356,234.714,259.7178,276.13623,2155.656,1879.51976953125,train
2026-01-17 08:15:00,ZONE_B,214.6828203540813,239.46245,266.0461,226.5924,11.378784580084334,12.544926,17.256306,18.53462,252.00737,283.30243,245.12703,2171.5789,1926.4518705810547,train
2026-01-17 08:30:00,ZONE_B,214.21864242451173,244.4828,232.82486,316.2779,9.9786887640747,13.723352,13.029469,12.107463,258.20615,245.85432,328.38535,2207.4758,1879.0904545410158,train
2026-01-17 08:45:00,ZONE_B,246.6877445187404,248.88792,263.39453,298.40143,12.178242002037974,13.147082,19.086584,14.042255,262.035,282.4811,312.4437,2231.316,1918.8723049316404,train
2026-01-17 09:00:00,ZONE_B,232.34606454210208,253.47572,272.78308,324.78796,16.14514943197057,17.263021,12.915359,9.526754,270.73874,285.69843,334.31473,1969.6532,1635.3384722167968,train
2026-01-17 09:15:00,ZONE_B,243.6757396978904,263.08176,273.2349,333.99747,15.317586809665247,13.514995,12.973285,6.141071,276.59674,286.2082,340.13855,2006.291,1666.1524501953124,train
2026-01-17 09:30:00,ZONE_B,253.4265322824816,274.9783,296.28342,336.34778,6.425114509035088,4.6430264,5.444639,3.1649346,279.62134,301.72806,339.51273,1972.7399,1633.227174169922,train
2026-01-17 09:45:00,ZONE_B,272.5553036425762,295.33643,327.1816,347.11307,3.661800848707643,3.9537435,4.723821,3.8731627,299.29016,331.90543,350.98624,1975.4073,1624.4210634277345,train
2026-01-17 10:00:00,ZONE_B,287.59210292826754,320.62833,335.93707,352.54166,6.209142630090785,3.3223796,4.920877,11.845589,323.9507,340.85794,364.38724,1998.5376,1634.150362451172,train
2026-01-17 10:15:00,ZONE_B,337.3697772110882,347.68152,360.05695,384.1864,0.8203331680613534,0.15255365,3.457902,2.1485546,347.83408,363.51486,386.33496,2021.2675,1634.9325390625,train
2026-01-17 10:30:00,ZONE_B,356.1052971992102,365.69855,388.7376,375.5479,2.2994597758885984,0.52749145,8.573752,1.0073252,366.22604,397.31137,376.55524,1945.6229,1569.0676631835938,train
2026-01-17 10:45:00,ZONE_B,345.8955450769795,366.546,385.34027,390.28528,3.25486004972435,5.746449,4.953875,2.428133,372.29245,390.29416,392.7134,2011.7986,1619.085190576172,train
2026-01-17 11:00:00,ZONE_B,378.66181921427005,390.80554,372.83115,413.51413,7.232870045690772,7.0129743,5.1702175,7.102257,397.8185,378.00137,420.6164,2014.3674,1593.7510059570313,train
2026-01-17 11:15:00,ZONE_B,375.0227825668788,382.27405,387.7949,430.96747,6.467776504810999,4.1031775,5.211002,6.530339,386.37723,393.0059,437.4978,2011.5569,1574.059097265625,train
2026-01-17 11:30:00,ZONE_B,367.1688115798197,387.80615,391.45325,431.78958,1.667795315409168,2.7086513,3.471475,7.0922227,390.5148,394.9247,438.8818,2017.5824,1578.7005945800781,train
2026-01-17 11:45:00,ZONE_B,395.79965459812695,404.23102,434.11523,467.7168,2.342219759596636,0.78365386,6.866513,17.001234,405.01468,440.98175,484.71802,1993.3481,1508.630082421875,train
2026-01-17 12:00:00,ZONE_B,399.7797734045117,422.96048,429.17484,496.77045,5.33552666302633,7.1251426,6.56472,5.909047,430.08563,435.73956,502.6795,1974.0664,1471.3868956054687,train
2026-01-17 12:15:00,ZONE_B,430.078260402594,445.24225,490.21753,464.91037,8.607818289904792,7.227654,16.469624,5.468452,452.4699,506.68716,470.3788,1993.0557,1522.6768853027343,train
2026-01-17 12:30:00,ZONE_B,453.2946920646968,475.25778,507.3424,478.553,6.110583330570746,7.855282,7.97866,7.719064,483.11307,515.32104,486.27206,1969.1045,1482.8324357910155,train
2026-01-17 12:45:00,ZONE_B,504.91752669758336,517.43964,491.41376,469.60205,6.347329042843894,6.3218837,8.029796,6.0210037,523.76154,499.44354,475.62305,1960.8925,1485.269453125,train
2026-01-17 13:00:00,ZONE_B,527.569054148152,507.54813,519.60394,502.0643,4.827662702639408,5.387978,7.834571,4.619154,512.9361,527.43854,506.68344,2004.461,1497.7775588378906,train
2026-01-17 13:15:00,ZONE_B,471.29766636587743,488.0705,473.81,460.10178,2.745920491929042,4.956809,5.2803745,3.5166907,493.0273,479.09036,463.61847,2001.317,1537.6985307617188,train
2026-01-17 13:30:00,ZONE_B,484.35930968690656,485.87732,469.205,388.10663,5.0875805631907935,5.67585,3.7705755,2.434657,491.55316,472.97556,390.5413,1932.6005,1542.0592097167969,train
2026-01-17 13:45:00,ZONE_B,490.52121989782734,476.66776,460.89542,372.55902,2.383908459494079,1.6603272,3.1949751,0.52670103,478.3281,464.0904,373.08572,1944.01,1570.9242761230469,train
2026-01-17 14:00:00,ZONE_B,467.0662710359919,443.11444,394.19537,346.36023,1.1287435656035236,0.62727255,0.04573156,3.375361,443.7417,394.24112,349.7356,1983.4982,1633.762604296875,train
2026-01-17 14:15:00,ZONE_B,431.8501367492448,396.84918,370.2374,299.80148,0.0,0.042806268,0.4144657,0.0,396.892,370.65186,299.80148,2043.3805,1743.579016845703,train
2026-01-17 14:30:00,ZONE_B,386.8726875472811,356.72388,325.84265,285.51602,0.0,0.4013917,3.4478607,0.71794116,357.12527,329.29053,286.23395,1945.7946,1659.5606522460937,train
2026-01-17 14:45:00,ZONE_B,347.56630536671406,327.58636,298.43024,247.76779,0.0,1.6134452,1.4122353,3.2033243,329.1998,299.84247,250.97112,1964.1959,1713.2247848876953,train
2026-01-17 15:00:00,ZONE_B,321.5063610507173,295.33093,283.89468,221.63014,0.0,1.6410594,1.7904564,4.2737846,296.972,285.68515,225.90393,2034.6028,1808.6988693359374,train
2026-01-17 15:15:00,ZONE_B,294.85323964845406,279.55746,241.54189,194.25038,0.0,0.0,2.7072642,0.8570541,279.55746,244.24915,195.10744,2086.4868,1891.379362866211,train
2026-01-17 15:30:00,ZONE_B,305.45223620246315,259.31943,244.16364,187.51274,0.0,0.0,4.042752,2.9537024,259.31943,248.20639,190.46645,2012.771,1822.3045540771484,train
2026-01-17 15:45:00,ZONE_B,245.20724903091315,233.86479,204.43102,142.94994,0.0,2.586758,0.5227692,0.7204227,236.45155,204.95378,143.67036,2000.0289,1856.3585356201172,train
2026-01-17 16:00:00,ZONE_B,234.61783661922965,200.20401,167.71971,110.33459,0.7308849131865426,0.8494303,2.6923509,1.9664135,201.05344,170.41206,112.301,2013.4852,1901.1841974975587,train
2026-01-17 16:15:00,ZONE_B,193.5180953091221,159.81386,142.60777,80.05311,0.0,1.2801093,0.28345168,1.7532773,161.09396,142.89122,81.80639,2014.8875,1933.0811111450196,train
2026-01-17 16:30:00,ZONE_B,162.94235619991625,133.96085,106.966064,34.960213,0.0,0.0,0.24863704,0.96686476,133.96085,107.2147,35.92708,2012.4279,1976.5008217529296,train
2026-01-17 16:45:00,ZONE_B,138.48995713456236,109.25255,81.24903,38.035408,0.0,0.5537087,0.72534364,2.7573328,109.80626,81.97437,40.79274,2002.4749,1961.6821601318359,train
2026-01-17 17:00:00,ZONE_B,104.53146410332565,73.163055,44.824017,0.0,1.7940747635590282,0.0,1.6804143,0.0,73.163055,46.504433,0.0,2009.4255,2009.4255,train
2026-01-17 17:15:00,ZONE_B,75.48702390598935,44.73652,17.438139,0.0,1.2163045638773349,0.0,3.8376207,0.0,44.73652,21.27576,0.0,2005.4438,2005.4438,train
2026-01-17 17:30:00,ZONE_B,43.02694424901153,22.090899,0.0,0.0,0.0,3.7132978,0.24863704,0.0,25.804195,0.24863704,0.0,2002.6398,2002.6398,train
2026-01-17 17:45:00,ZONE_B,22.20223034555489,0.11005131,3.3672621,9.270915,0.0,0.35405132,0.92346376,4.3486686,0.46410263,4.2907257,13.619583,2000.6694,1987.0498168701172,train
2026-01-17 18:00:00,ZONE_B,0.0,0.006449571,1.0499732,0.0,1.3195818852812968,0.08117552,0.0,1.7149057,0.087625094,1.0499732,1.7149057,1999.596,1997.8810942611694,train
2026-01-17 18:15:00,ZONE_B,0.0,0.0,0.0,0.0,1.3058381094405336,0.0,3.185058,0.0,0.0,3.185058,0.0,2001.4381,2001.4381,train
2026-01-17 18:30:00,ZONE_B,0.0,0.0,0.0,0.44240114,0.7631494382435622,0.4628937,3.804661,1.9609084,0.4628937,3.804661,2.4033096,1999.802,1997.398690416336,train
2026-01-17 18:45:00,ZONE_B,0.0,0.40815508,1.5710908,0.0,1.833592227307656,5.8992352,0.99736416,0.1489817,6.30739,2.568455,0.1489817,2008.4233,2008.274318294692,train
2026-01-17 19:00:00,ZONE_B,0.0,1.1914158,1.0962757,0.0,2.8370763855506023,0.24949515,2.1553192,0.0,1.4409109,3.251595,0.0,2000.5676,2000.5676,train
2026-01-17 19:15:00,ZONE_B,0.0,0.0,0.0,0.0,1.52415787573741,0.61493325,0.0,4.1025815,0.61493325,0.0,4.1025815,1985.8118,1981.7092184989929,train
2026-01-17 19:30:00,ZONE_B,0.0,0.92892,0.0,0.0,1.6014351508355853,3.428662,1.7882419,3.828307,4.357582,1.7882419,3.828307,2005.0055,2001.1771930866241,train
2026-01-17 19:45:00,ZONE_B,0.0,3.856268,7.0479107,0.0,0.0,0.6416736,0.19067697,0.0,4.4979415,7.238588,0.0,1994.8107,1994.8107,train
2026-01-17 20:00:00,ZONE_B,0.0,0.068181455,0.0,0.013756787,0.8681155527731921,0.13502434,1.3447863,6.213773,0.2032058,1.3447863,6.2275295,1878.3291,1872.101570474243,train
2026-01-17 20:15:00,ZONE_B,0.0,0.0,0.0,0.013756787,0.6515185307311148,1.5285485,0.6947958,2.378995,1.5285485,0.6947958,2.3927517,1867.2908,1864.8980483062744,train
2026-01-17 20:30:00,ZONE_B,0.0,0.0,0.0,0.5176524,0.0,1.6056908,3.5732353,4.2028327,1.6056908,3.5732353,4.720485,1856.6401,1851.9196147895814,train
2026-01-17 20:45:00,ZONE_B,0.0,0.0,0.0,0.0,0.0,0.569856,1.0279913,1.5871465,0.569856,1.0279913,1.5871465,1845.0051,1843.4179534793855,train
2026-01-17 21:00:00,ZONE_B,0.0,0.068181455,0.0,0.013756787,0.0,1.1834627,3.2208202,1.8141872,1.2516441,3.2208202,1.8279439,1788.5092,1786.6812560789108,train
2026-01-17 21:15:00,ZONE_B,0.0,0.0,0.0,0.0,1.0653681025411563,4.2207003,1.4125471,0.32954147,4.2207003,1.4125471,0.32954147,1763.5677,1763.2381585254193,train
2026-01-17 21:30:00,ZONE_B,0.0,0.0,0.0,0.0,1.7638712661897469,1.7617662,1.7882419,5.98206,1.7617662,1.7882419,5.98206,1764.9802,1758.998140044403,train
2026-01-17 21:45:00,ZONE_B,0.0,0.0,0.0,0.0,1.564543331603258,3.1490114,0.6947958,1.00215,3.1490114,0.6947958,1.00215,1714.1974,1713.1952499412537,train
2026-01-17 22:00:00,ZONE_B,0.0,0.18722865,0.0,0.9441992,2.8194453297428312,0.35222337,3.1740236,5.0226574,0.539452,3.1740236,5.9668565,1684.2357,1678.2688435203552,train
2026-01-17 22:15:00,ZONE_B,0.0,0.0,0.0,0.349802,3.650026290086604,5.64618,2.0286243,6.5019484,5.64618,2.0286243,6.8517504,1657.3606,1650.5088496261596,train
2026-01-17 22:30:00,ZONE_B,0.0,0.0,0.0,0.0,2.7221313252868127,2.407475,6.461535,1.1486783,2.407475,6.461535,1.1486783,1662.3286,1661.1799216972352,train
2026-01-17 22:45:00,ZONE_B,0.0,0.0,0.0,0.070444405,2.524827319024791,2.161405,6.646431,1.8080842,2.161405,6.646431,1.8785286,1632.121,1630.2424714050294,train
2026-01-17 23:00:00,ZONE_B,0.0,0.18722865,0.24626672,0.0,2.245890502902854,4.1224113,1.2234913,7.0910587,4.30964,1.469758,7.0910587,1615.6311,1608.540041268921,train
2026-01-17 23:15:00,ZONE_B,0.0,0.0,0.0,0.349802,3.215092009054483,3.2753282,1.9265555,6.0985365,3.2753282,1.9265555,6.4483385,1617.4332,1610.984861491394,train
2026-01-17 23:30:00,ZONE_B,0.0,0.0,0.0,0.112409204,2.5371753114860787,2.439974,3.4672258,8.036607,2.439974,3.4672258,8.149016,1608.1189,1599.9698836196899,train
2026-01-17 23:45:00,ZONE_B,0.0,0.0,3.1945136,0.0,1.8621407096639029,4.909116,3.5051782,6.756191,4.909116,6.699692,6.756191,1615.5916,1608.835409223175,train
2026-01-18 00:00:00,ZONE_B,0.0,0.0,0.1274688,0.0,6.649243170692275,8.034755,10.99917,21.764565,8.034755,11.126639,21.764565,1603.3928,1581.62823548584,train
2026-01-18 00:15:00,ZONE_B,0.0,0.031743914,0.0,0.0,10.489125557187595,13.151418,12.928028,16.548054,13.183162,12.928028,16.548054,1604.1045,1587.5564462585448,train
2026-01-18 00:30:00,ZONE_B,0.0,0.0,0.0,0.88209873,7.150620252901063,10.705017,14.819565,14.371137,10.705017,14.819565,15.253236,1603.3218,1588.0685641830444,train
2026-01-18 00:45:00,ZONE_B,0.0,0.0,0.91038036,1.0172864,9.352804923029275,13.2286825,11.814833,23.291187,13.2286825,12.725213,24.308474,1605.6262,1581.3177264129638,train
2026-01-18 01:00:00,ZONE_B,0.0,0.0,0.0,0.0,10.086857759850387,12.293183,12.435649,23.208467,12.293183,12.435649,23.208467,1602.0106,1578.8021325164796,train
2026-01-18 01:15:00,ZONE_B,0.0,0.0,0.0,0.0,11.819131379558796,10.691858,16.746685,28.89592,10.691858,16.746685,28.89592,1601.2106,1572.3146802001954,train
2026-01-18 01:30:00,ZONE_B,0.0,0.0,0.0,1.4764955,12.87915126144975,17.215714,16.62341,23.248512,17.215714,16.62341,24.725008,1600.4851,1575.7600919891358,train
2026-01-18 01:45:00,ZONE_B,0.0,0.0,0.91038036,1.0172864,20.110311966701907,22.630358,30.281183,24.383432,22.630358,31.191563,25.400719,1602.6814,1577.280681311035,train
2026-01-18 02:00:00,ZONE_B,0.0,0.29808632,0.0,0.0,22.8118909026282,26.332897,26.383427,34.410553,26.630983,26.383427,34.410553,1602.1768,1567.7662470214843,train
2026-01-18 02:15:00,ZONE_B,0.0,0.0,0.0,0.0,22.056534582676857,26.37302,22.367672,40.2867,26.37302,22.367672,40.2867,1601.4076,1561.1208987976074,train
2026-01-18 02:30:00,ZONE_B,0.0,0.0,0.0,0.88209873,30.487807481222244,28.439413,35.628338,39.16213,28.439413,35.628338,40.044228,1601.9186,1561.8743723999023,train
2026-01-18 02:45:00,ZONE_B,0.0,0.0,0.91038036,1.0172864,33.08576761354272,35.373512,46.05861,34.887203,35.373512,46.96899,35.90449,1602.5577,1566.6532085754395,train
2026-01-18 03:00:00,ZONE_B,0.0,0.0,0.0,0.0,34.193925698972485,42.423347,41.74026,47.657566,42.423347,41.74026,47.657566,1604.5734,1556.9158339294434,train
2026-01-18 03:15:00,ZONE_B,0.0,0.0,0.0,0.0,37.66479767187429,37.449158,32.813366,51.460243,37.449158,32.813366,51.460243,1601.9677,1550.5074567749023,train
2026-01-18 03:30:00,ZONE_B,0.0,0.0,0.0,1.4847252,37.50922583127788,37.348236,42.220394,43.57899,37.348236,42.220394,45.063717,1602.6737,1557.6099831115723,train
2026-01-18 03:45:00,ZONE_B,0.0,0.0,0.42530942,0.0,37.64878315408976,39.152637,45.515804,30.350811,39.152637,45.941113,30.350811,1601.5481,1571.1972889953613,train
2026-01-18 04:00:00,ZONE_B,0.0,3.400457,0.0,0.0,30.983014983391342,34.57109,34.682312,29.616703,37.971546,34.682312,29.616703,1600.8733,1571.2565969665527,train
2026-01-18 04:15:00,ZONE_B,0.0,0.0,2.4452026,3.7188632,24.36776868143692,26.571957,20.607924,22.96793,26.571957,23.053125,26.686792,1599.0681,1572.3813076263427,train
2026-01-18 04:30:00,ZONE_B,0.0,0.0,0.0,0.47474864,17.339123753450945,19.390484,17.300686,15.6440325,19.390484,17.300686,16.118782,1606.0199,1589.901117956543,train
2026-01-18 04:45:00,ZONE_B,0.0,0.0,0.91038036,1.0172864,9.576381587039938,14.035209,14.677624,6.2496166,14.035209,15.588004,7.266903,1631.1554,1623.8884970764161,train
2026-01-18 05:00:00,ZONE_B,0.0,0.0,0.0,0.0,6.109312113137025,8.176732,7.1665235,4.5618324,8.176732,7.1665235,4.5618324,1803.4729,1798.9110675720215,train
2026-01-18 05:15:00,ZONE_B,0.0,0.0058094524,3.6542528,0.0,5.633331773075138,7.8561716,5.220425,8.108735,7.861981,8.874678,8.108735,1840.1553,1832.0465649154662,train
2026-01-18 05:30:00,ZONE_B,0.0,0.0,0.0,0.0,5.900422983622247,5.4150434,3.726589,6.6635528,5.4150434,3.726589,6.6635528,1846.8986,1840.235047238922,train
2026-01-18 05:45:00,ZONE_B,0.0,0.0,6.5535383,0.0,5.086249304380342,5.0037837,8.819653,13.7653885,5.0037837,15.373191,13.7653885,1876.2023,1862.4369115112304,train
2026-01-18 06:00:00,ZONE_B,0.0,2.7644286,1.6455733,17.860882,0.8722176074259871,6.1504955,3.1955907,5.1510525,8.914925,4.841164,23.011934,1932.4099,1909.3979657196046,train
2026-01-18 06:15:00,ZONE_B,0.0,0.6511577,15.929497,43.690636,3.1574653598320626,3.9982398,11.1420355,4.6600666,4.6493974,27.071533,48.3507,1937.949,1889.598299621582,train
2026-01-18 06:30:00,ZONE_B,0.0,0.0,3.5554981,56.72109,6.048025195048584,8.882115,7.733623,23.524162,8.882115,11.289122,80.245255,1948.4706,1868.2253454833985,train
2026-01-18 06:45:00,ZONE_B,0.0,0.9518264,20.98285,66.75137,7.551957240515549,12.833706,10.661768,21.038527,13.785532,31.644617,87.7899,1990.5205,1902.7305982666016,train
2026-01-18 07:00:00,ZONE_B,0.0,32.277508,69.715225,121.541565,17.268640333086065,17.143023,25.566923,27.132334,49.420532,95.28215,148.6739,2043.9807,1895.3067955810548,train
2026-01-18 07:15:00,ZONE_B,21.68821229483561,45.82234,57.468624,85.35569,11.67014142571384,18.069876,18.297134,11.593759,63.892212,75.76576,96.94945,2040.1312,1943.181752368164,train
2026-01-18 07:30:00,ZONE_B,48.45152952075431,75.218155,114.66742,169.39142,23.911343518103934,27.099823,29.810284,18.550022,102.31798,144.4777,187.94144,2075.274,1887.3325632324218,train
2026-01-18 07:45:00,ZONE_B,65.32229222806879,95.74207,124.36114,194.14862,16.772769291829462,23.783854,16.368567,18.971632,119.525925,140.7297,213.12025,2116.7607,1903.6404454833983,train
2026-01-18 08:00:00,ZONE_B,101.20551496611296,119.07045,149.79199,205.16187,18.494648934214563,20.843576,17.923693,13.782155,139.91403,167.71568,218.94402,2167.4954,1948.55138449707,train
2026-01-18 08:15:00,ZONE_B,118.1812745982033,147.58417,182.32251,249.88713,10.899832084080984,14.132221,17.43505,18.277544,161.71638,199.75755,268.16467,2170.6748,1902.5101271484373,train
2026-01-18 08:30:00,ZONE_B,144.48089695371067,178.03091,204.18379,265.53296,10.832471469671546,16.223845,14.930911,17.420828,194.25476,219.1147,282.9538,2200.0635,1917.1097036132815,train
2026-01-18 08:45:00,ZONE_B,178.3281232877655,214.97095,250.297,325.34497,13.19471029999058,15.63647,19.944834,12.54447,230.60742,270.24182,337.88943,2220.9343,1883.0448651855468,train
2026-01-18 09:00:00,ZONE_B,201.83946788506697,238.91782,259.96036,325.818,12.364317459616508,16.847258,19.088175,16.955826,255.76508,279.04852,342.7738,1966.5305,1623.7566962890626,train
2026-01-18 09:15:00,ZONE_B,248.99660567120785,265.91492,306.0593,339.96854,16.266708419769564,20.772669,17.1909,13.982907,286.6876,323.25018,353.95145,1975.263,1621.3115534667968,train
2026-01-18 09:30:00,ZONE_B,273.0390701169489,299.71436,333.5638,379.62787,17.169039186501,17.65233,15.813109,17.821812,317.3667,349.37692,397.44968,2046.6014,1649.1517234863281,train
2026-01-18 09:45:00,ZONE_B,319.4116958373333,347.7578,361.72946,403.75055,14.086333629609314,16.547678,16.379494,19.14367,364.30548,378.10895,422.89423,1989.4949,1566.6006739257812,train
2026-01-18 10:00:00,ZONE_B,334.6574978728565,354.77338,380.28412,421.6903,10.647577861866582,14.004179,20.521126,28.85979,368.77756,400.80524,450.5501,2057.0056,1606.4554901367187,train
2026-01-18 10:15:00,ZONE_B,379.5332150519439,395.98828,424.06564,452.40433,15.130212924031268,18.333572,20.028973,17.004587,414.32184,444.0946,469.4089,2083.5703,1614.161394970703,train
2026-01-18 10:30:00,ZONE_B,396.8763590375488,424.86987,436.0777,483.6098,11.803507836678232,15.004107,25.41478,12.891536,439.874,461.4925,496.50134,2056.6675,1560.1661572265625,train
2026-01-18 10:45:00,ZONE_B,404.33716449990726,428.79837,422.5061,488.6102,16.94750839509395,25.05436,20.233936,30.733932,453.85272,442.74005,519.3441,1989.7767,1470.4325837890624,train
2026-01-18 11:00:00,ZONE_B,434.7739712280796,446.55048,478.5857,447.6205,26.31057802485336,24.332867,26.180618,50.570168,470.88333,504.7663,498.19067,1987.3654,1489.174726171875,train
2026-01-18 11:15:00,ZONE_B,447.7771735089695,478.468,484.26923,385.0496,14.43447788794079,15.978764,26.820919,25.0206,494.44675,511.09015,410.0702,1988.9113,1578.8411095703125,train
2026-01-18 11:30:00,ZONE_B,503.76245535164696,513.0407,482.8028,418.42355,22.42179529948468,32.303806,39.06086,40.280327,545.34454,521.86365,458.7039,1959.8406,1501.1367120605469,train
2026-01-18 11:45:00,ZONE_B,494.9720977195456,483.39484,406.73837,405.5945,41.68200733714615,50.936928,44.051666,62.616104,534.3318,450.79004,468.21063,2014.2196,1546.0089676757812,train
2026-01-18 12:00:00,ZONE_B,455.0450803243565,408.28177,415.05746,404.55176,44.45645044640228,44.653656,53.768173,55.923,452.93542,468.82562,460.47476,1979.1113,1518.6365380371094,train
2026-01-18 12:15:00,ZONE_B,388.3221812299724,399.30246,373.02444,369.78296,53.29843529236305,57.17553,65.75549,70.344505,456.478,438.77994,440.12747,2013.4581,1573.330628076172,train
2026-01-18 12:30:00,ZONE_B,395.7383836170214,367.2028,403.78174,367.41086,65.9840225354105,73.26322,67.391525,47.36733,440.466,471.17328,414.7782,1946.9728,1532.1946017578125,train
2026-01-18 12:45:00,ZONE_B,366.9211398914319,389.22614,373.02744,354.32056,63.4447713778285,63.95556,63.226852,72.79996,453.1817,436.25427,427.1205,1974.4592,1547.3386860839844,train
2026-01-18 13:00:00,ZONE_B,412.7839989844621,367.90143,381.71832,340.5926,66.96435409146775,70.2339,66.911545,65.2359,438.1353,448.62988,405.8285,1973.6344,1567.8059087890624,train
2026-01-18 13:15:00,ZONE_B,363.1839171179341,358.447,358.94302,320.2517,45.83445298405375,49.811993,64.06054,77.34627,408.25897,423.00357,397.59796,1956.9016,1559.3036385742187,train
2026-01-18 13:30:00,ZONE_B,339.6061866153092,343.84515,323.11096,315.16815,49.637956736643325,58.452843,62.984688,89.55035,402.298,386.09564,404.7185,1971.4146,1566.696094140625,train
2026-01-18 13:45:00,ZONE_B,341.2459251777288,318.60162,317.19226,304.62347,54.670214210357386,67.18897,72.23601,77.95051,385.7906,389.42828,382.57397,1946.8318,1564.257825390625,train
2026-01-18 14:00:00,ZONE_B,307.7925979177383,309.8246,292.28998,266.6209,63.9241882446019,77.83442,76.878654,89.39555,387.659,369.16864,356.01648,1964.164,1608.1475205078125,train
2026-01-18 14:15:00,ZONE_B,300.72676476445264,290.66397,272.8324,245.69876,82.33429474109839,87.421715,76.99019,109.14724,378.0857,349.82257,354.846,1953.5945,1598.7484916992187,train
2026-01-18 14:30:00,ZONE_B,293.9048176052044,270.22354,263.969,232.15642,67.42442046985614,64.719055,80.2923,71.61937,334.9426,344.2613,303.7758,1960.1488,1656.3730126464843,train
2026-01-18 14:45:00,ZONE_B,273.071943184486,269.85666,241.84572,240.8989,59.778949959579,74.710014,81.840004,83.03648,344.56668,323.68573,323.93536,1987.0583,1663.1229362304687,train
2026-01-18 15:00:00,ZONE_B,280.8800307807372,255.31747,248.50064,218.38919,93.65634456382476,96.8239,90.07121,99.33526,352.14136,338.57184,317.72446,1999.5367,1681.8122432128907,train
2026-01-18 15:15:00,ZONE_B,242.4742826483497,236.60608,224.46474,182.21762,92.97740960853608,95.39642,95.61175,107.95194,332.0025,320.07648,290.16956,1992.5989,1702.4293443359375,train
2026-01-18 15:30:00,ZONE_B,244.38891452936645,240.01312,217.63498,166.94533,94.19986723628588,96.032524,107.67925,88.33246,336.04565,325.31424,255.27779,2005.4695,1750.191713745117,train
2026-01-18 15:45:00,ZONE_B,235.15378821493687,228.44766,197.95175,148.95297,94.41044832952306,93.47595,110.34802,87.244514,321.9236,308.29977,236.19748,1982.5983,1746.4008207519532,train
2026-01-18 16:00:00,ZONE_B,230.6427047435712,192.64742,166.6501,120.867065,77.8933845119864,87.446396,84.61965,64.75102,280.0938,251.26974,185.61809,2010.0978,1824.4797122314453,train
2026-01-18 16:15:00,ZONE_B,191.9589681542329,163.52345,145.62373,92.71277,110.4109229127506,106.916664,97.66524,80.8446,270.44012,243.28897,173.55737,2011.1785,1837.621126953125,train
2026-01-18 16:30:00,ZONE_B,174.72598085039775,152.28294,125.77854,53.94924,99.55478764960716,92.28988,83.02778,59.132507,244.57281,208.80632,113.08175,2002.919,1889.8372510375978,train
2026-01-18 16:45:00,ZONE_B,158.44638378222226,131.47086,105.41193,50.962982,78.95223363304862,77.92681,69.74793,44.48871,209.39767,175.15985,95.45169,2003.8043,1908.352609326172,train
2026-01-18 17:00:00,ZONE_B,134.81952466619344,100.75808,68.07317,0.0,69.66514787957736,66.47598,54.42411,43.07552,167.23407,122.497284,43.07552,2001.4983,1958.4227804382324,train
2026-01-18 17:15:00,ZONE_B,101.41913154733489,69.18546,36.285057,0.0,41.124482479379054,37.333153,39.54827,28.549938,106.518616,75.83333,28.549938,2004.8923,1976.3423617980957,train
2026-01-18 17:30:00,ZONE_B,72.39580703007998,33.78412,2.800069,0.34763393,33.8566268816919,37.458637,39.899418,42.511574,71.24275,42.699486,42.859207,2007.0376,1964.1783928466798,train
2026-01-18 17:45:00,ZONE_B,39.04332684157678,1.6711102,0.49265483,0.0,25.45936220463752,29.91198,27.938374,49.82588,31.58309,28.431028,49.82588,2003.2894,1953.4635218566893,train
2026-01-18 18:00:00,ZONE_B,0.0,4.42679,6.5330353,1.4616083,31.11704507943128,30.336687,34.090935,54.864338,34.763477,40.62397,56.325947,2002.6804,1946.3544531921386,train
2026-01-18 18:15:00,ZONE_B,0.0,1.274615,0.0,0.0,25.076896122838782,22.525068,27.75438,43.607567,23.799683,27.75438,43.607567,2001.976,1958.368433166504,train
2026-01-18 18:30:00,ZONE_B,0.0,1.2936925,0.07748161,0.0,32.56597482749454,38.019337,47.2605,43.8447,39.31303,47.337982,43.8447,1990.1053,1946.2606001403808,train
2026-01-18 18:45:00,ZONE_B,0.0,0.0,3.3085606,0.0,49.35040466490453,50.874603,50.437153,44.07623,50.874603,53.745712,44.07623,1999.4702,1955.393970904541,train
2026-01-18 19:00:00,ZONE_B,0.0,0.0,0.56536573,0.33049998,60.739171564422215,60.10791,57.622425,30.44428,60.10791,58.18779,30.77478,1998.7932,1968.0184197265626,train
2026-01-18 19:15:00,ZONE_B,0.0,0.0,0.0,0.51332676,56.20216292440952,55.260967,48.992893,42.275032,55.260967,48.992893,42.78836,1999.8318,1957.0434394042968,train
2026-01-18 19:30:00,ZONE_B,0.0,0.0,0.0,1.2571956,58.23619735643736,50.598206,37.0045,46.697296,50.598206,37.0045,47.95449,2001.9163,1953.961809338379,train
2026-01-18 19:45:00,ZONE_B,0.0,0.0,0.0,0.0,39.79606023109016,40.27445,35.436073,74.03707,40.27445,35.436073,74.03707,2000.4999,1926.4628287719727,train
2026-01-18 20:00:00,ZONE_B,0.0,0.0,0.0,0.0,37.02752612626833,39.589622,45.438313,69.10345,39.589622,45.438313,69.10345,1875.7948,1806.6913530395507,train
2026-01-18 20:15:00,ZONE_B,0.0,0.0,0.0,0.1491384,28.926935067966443,34.66061,54.062847,49.922302,34.66061,54.062847,50.07144,1869.468,1819.3965583496094,train
2026-01-18 20:30:00,ZONE_B,0.0,0.045735568,0.0,0.0,36.07451513570252,48.52224,57.492638,28.184546,48.567974,57.492638,28.184546,1853.5837,1825.3991544830321,train
2026-01-18 20:45:00,ZONE_B,0.0,0.1946109,0.0,0.0,70.394967778492,71.785095,66.85988,56.031837,71.979706,66.85988,56.031837,1847.6812,1791.649362536621,train
2026-01-18 21:00:00,ZONE_B,0.0,0.11627247,0.0,0.0,79.86068188591082,77.78542,47.971077,48.820606,77.901695,47.971077,48.820606,1795.6669,1746.8462937683105,train
2026-01-18 21:15:00,ZONE_B,0.0,0.0,0.0,0.01831503,48.25977459059517,36.896507,46.813694,56.467587,36.896507,46.813694,56.4859,1774.1835,1717.6975991210938,train
2026-01-18 21:30:00,ZONE_B,0.0,0.15312135,0.0,0.11862127,43.69332029802672,45.724392,29.928587,45.320187,45.877514,29.928587,45.43881,1774.9177,1729.4788915588379,train
2026-01-18 21:45:00,ZONE_B,0.0,0.0963762,0.0,0.0,44.85274946751429,40.003887,49.891003,46.065704,40.10026,49.891003,46.065704,1720.2788,1674.213095654297,train
2026-01-18 22:00:00,ZONE_B,0.0,0.3317605,0.25526464,0.0,46.761865196186406,49.022503,44.94456,41.29564,49.354263,45.199825,41.29564,1694.4852,1653.1895609619141,train
2026-01-18 22:15:00,ZONE_B,0.0,0.21454963,0.0,0.11862127,38.09617540361925,40.651466,40.08764,34.77891,40.866016,40.08764,34.897533,1668.7401,1633.842566583252,train
2026-01-18 22:30:00,ZONE_B,0.0,0.045735568,0.0,0.0,40.24362828547197,40.33917,38.78057,37.744396,40.384903,38.78057,37.744396,1662.2311,1624.4867037902832,train
2026-01-18 22:45:00,ZONE_B,0.0,0.03494791,0.1645858,0.0,27.701831724805285,31.956892,29.730429,21.439035,31.99184,29.895014,21.439035,1617.4733,1596.0342645843507,train
2026-01-18 23:00:00,ZONE_B,0.0,0.26118115,0.3306144,0.0,20.398222443707724,26.559336,27.982828,27.133434,26.820517,28.313442,27.133434,1614.6912,1587.5577657043457,train
2026-01-18 23:15:00,ZONE_B,0.0,0.019874059,0.0,0.01831503,25.00501428425377,24.36188,20.490774,20.282293,24.381754,20.490774,20.300608,1611.3746,1591.0739923187257,train
2026-01-18 23:30:00,ZONE_B,0.0,0.045735568,0.0,0.0,17.689649927501993,18.810907,20.375992,21.15076,18.856644,20.375992,21.15076,1610.9937,1589.8429393493652,train
2026-01-18 23:45:00,ZONE_B,0.0,0.0,0.1645858,0.0,21.641764293569803,21.588049,21.858282,34.871647,21.588049,22.022867,34.871647,1611.5087,1576.6370531188966,train
2026-01-19 00:00:00,ZONE_B,0.0,0.28088015,0.0,0.0,12.60923933743858,22.299305,19.74504,28.99152,22.580185,19.74504,28.99152,1605.9701,1576.9785800720215,train
2026-01-19 00:15:00,ZONE_B,0.0,0.0,0.0,0.0,24.76693891375905,25.42979,30.985155,30.694038,25.42979,30.985155,30.694038,1604.7703,1574.0762616088866,train
2026-01-19 00:30:00,ZONE_B,0.0,0.0,0.0,0.6276707,18.95209390603344,21.984379,28.91271,14.574396,21.984379,28.91271,15.202066,1605.5835,1590.3814335784912,train
2026-01-19 00:45:00,ZONE_B,0.0,0.0,1.1876831,1.4439161,17.133733245216952,22.797852,24.641376,22.309288,22.797852,25.82906,23.753204,1610.603,1586.849795654297,train
2026-01-19 01:00:00,ZONE_B,0.0,0.17349443,0.026009716,0.0,19.71756311945217,23.260954,18.224293,37.739586,23.434448,18.250303,37.739586,1603.6893,1565.9497141235352,train
2026-01-19 01:15:00,ZONE_B,0.0,0.018326787,0.0,0.0,15.742981986717796,17.580711,18.748941,20.422287,17.59904,18.748941,20.422287,1612.7711,1592.3488130126952,train
2026-01-19 01:30:00,ZONE_B,0.0,0.0,0.0,0.5570134,16.7162455846138,21.596895,29.867142,35.523834,21.596895,29.867142,36.08085,1604.7305,1568.6496513061522,train
2026-01-19 01:45:00,ZONE_B,0.0,0.0,0.9761549,1.370913,20.658877996682804,31.709845,25.338598,27.238691,31.709845,26.314753,28.609604,1608.7281,1580.118496118164,train
2026-01-19 02:00:00,ZONE_B,0.0,0.15678403,0.0,0.0,28.299874145063622,31.798927,40.852055,68.440315,31.955711,40.852055,68.440315,1605.7606,1537.320284753418,train
2026-01-19 02:15:00,ZONE_B,0.0,0.0743373,0.0,0.0,36.30814864654459,42.494656,35.505608,75.18703,42.568993,35.505608,75.18703,1608.6085,1533.421473022461,train
2026-01-19 02:30:00,ZONE_B,0.0,0.048475794,0.0,0.5570134,35.15523966452024,36.196934,58.119007,41.349537,36.24541,58.119007,41.90655,1604.1407,1562.234148638916,train
2026-01-19 02:45:00,ZONE_B,0.0,0.0,0.9761549,1.370913,33.123028655539464,46.63788,57.8961,48.57056,46.63788,58.872253,49.941475,1604.1226,1554.1811250854491,train
2026-01-19 03:00:00,ZONE_B,0.0,0.14763296,0.0,0.0,63.085397093241525,67.31796,60.04275,60.821846,67.4656,60.04275,60.821846,1604.7141,1543.8922539916991,train
2026-01-19 03:15:00,ZONE_B,0.0,0.0,0.0,0.0,79.31570173530574,73.26771,73.2881,67.420555,73.26771,73.2881,67.420555,1606.7946,1539.3740448852539,train
2026-01-19 03:30:00,ZONE_B,0.0,0.0091757225,0.0,0.5570134,62.16966512980381,65.92198,62.805756,68.683014,65.93116,62.805756,69.24003,1605.2504,1536.0103716186522,train
2026-01-19 03:45:00,ZONE_B,0.0,0.0,1.1876831,1.4762028,63.93822779156863,63.444275,61.110573,54.588997,63.444275,62.298256,56.0652,1600.2284,1544.163199194336,train
2026-01-19 04:00:00,ZONE_B,0.0,0.17349443,0.0,0.0,59.496919734173005,60.388268,64.074104,67.13845,60.561764,64.074104,67.13845,1606.6503,1539.5118493774414,train
2026-01-19 04:15:00,ZONE_B,0.0,0.0,0.0,0.0,57.61862349476117,57.04471,53.038166,86.03763,57.04471,53.038166,86.03763,1601.6635,1515.625871826172,train
2026-01-19 04:30:00,ZONE_B,0.0,0.28013965,0.0,1.1701746,41.63185343160948,42.792328,48.59102,48.061066,43.072468,48.59102,49.23124,1605.3002,1556.0689606811522,train
2026-01-19 04:45:00,ZONE_B,0.0,0.12041798,1.6717054,1.9735402,36.68950788081354,39.301502,55.151516,47.670525,39.42192,56.823223,49.644066,1595.1041,1545.4600341430664,train
2026-01-19 05:00:00,ZONE_B,0.0,3.7796502,0.06768104,0.0,60.43780805531773,71.99845,58.475723,76.12502,75.7781,58.543404,76.12502,1830.8032,1754.6781771118165,train
2026-01-19 05:15:00,ZONE_B,0.0,0.40931624,0.40933004,0.80256456,70.50586945422614,65.41747,62.222744,60.353714,65.82679,62.632072,61.156277,1833.3357,1772.1794232971192,train
2026-01-19 05:30:00,ZONE_B,0.0,0.0,2.027538,29.930552,35.013527795563746,41.20935,60.364704,85.65608,41.20935,62.392242,115.58663,1858.8158,1743.2291682250977,train
2026-01-19 05:45:00,ZONE_B,0.0,0.46366212,5.7874117,5.8375974,50.24135766375803,55.59714,49.248764,55.272125,56.060802,55.036175,61.109722,1882.7528,1821.6430778625488,train
2026-01-19 06:00:00,ZONE_B,0.0,0.0,1.5200566,5.520076,67.4461332873138,64.30657,76.3245,76.944534,64.30657,77.84456,82.46461,1915.1969,1832.7322927612304,train
2026-01-19 06:15:00,ZONE_B,0.0,0.0,5.383876,33.258152,59.05882434172006,72.72256,62.76097,58.127148,72.72256,68.144844,91.3853,1950.602,1859.216700317383,train
2026-01-19 06:30:00,ZONE_B,0.0,0.64755636,3.7172573,96.052536,70.98452952702058,66.11537,76.76216,55.841286,66.76293,80.479416,151.89383,1992.1947,1840.300870654297,train
2026-01-19 06:45:00,ZONE_B,0.0,3.618041,31.241545,123.41647,58.72608266377229,64.14757,53.76778,57.645775,67.76561,85.00932,181.06226,2045.2301,1864.167844140625,train
2026-01-19 07:00:00,ZONE_B,0.0,29.565363,77.84049,139.85394,51.72290304421617,52.370136,52.75791,54.69311,81.9355,130.5984,194.54706,2070.3142,1875.767141894531,train
2026-01-19 07:15:00,ZONE_B,35.75595344680603,72.307526,116.734795,189.0004,75.2710098782601,69.433235,67.6629,79.56616,141.74075,184.3977,268.56656,2067.6296,1799.0630411621096,train
2026-01-19 07:30:00,ZONE_B,79.11000014228279,119.9243,160.29762,234.68327,69.07347197619885,66.04861,65.21591,64.71373,185.9729,225.51353,299.397,2065.7039,1766.3068968261719,train
2026-01-19 07:45:00,ZONE_B,113.94614980632058,144.86014,208.69656,265.73398,43.04931862208067,46.08899,54.69579,60.117397,190.94913,263.39236,325.85138,2095.392,1769.5406206054686,train
2026-01-19 08:00:00,ZONE_B,142.0469618585057,194.34354,219.15376,278.22894,43.712715755432846,50.6614,52.360535,50.557575,245.00494,271.51428,328.78653,2153.6423,1824.8557704589844,train
2026-01-19 08:15:00,ZONE_B,192.9838260381848,224.90218,259.21588,345.29034,41.40346492426448,50.086197,53.20273,46.417503,274.98837,312.4186,391.70786,2195.3047,1803.5968447753908,train
2026-01-19 08:30:00,ZONE_B,230.77240541334592,265.32538,292.03738,341.68414,56.89422876844549,56.84558,53.978836,79.34062,322.17096,346.01624,421.02478,2285.7405,1864.7157197265624,train
2026-01-19 08:45:00,ZONE_B,259.86007147672046,289.57883,341.01053,428.19778,57.86237843807925,53.89363,52.897163,56.73018,343.47247,393.90768,484.92798,2238.8643,1753.9363214843752,train
2026-01-19 09:00:00,ZONE_B,296.3568744334096,338.53305,358.72565,462.67566,51.29464354242035,52.73421,65.12539,57.382515,391.26727,423.85104,520.05817,1996.8358,1476.7776334960938,train
2026-01-19 09:15:00,ZONE_B,339.7761824994573,359.26282,399.70633,513.12317,67.14603864860268,70.0196,62.673084,75.37487,429.2824,462.37943,588.49805,2017.7504,1429.252353125,train
2026-01-19 09:30:00,ZONE_B,340.4472942560646,382.72086,436.02374,492.8947,70.1690953667691,66.21168,64.69106,95.377754,448.93253,500.7148,588.27246,2034.5947,1446.3222390625,train
2026-01-19 09:45:00,ZONE_B,385.8175431827223,421.98096,478.0535,500.68027,57.20715686578507,59.092358,64.412315,76.02363,481.0733,542.4658,576.7039,2076.8306,1500.1266815429685,train
2026-01-19 10:00:00,ZONE_B,447.09038497063,491.78366,517.8529,528.0487,77.7954778134987,78.51308,80.84984,58.937084,570.29675,598.70276,586.9858,1985.9567,1398.9709211914062,train
2026-01-19 10:15:00,ZONE_B,505.8721918496925,526.67487,514.7283,553.101,80.04541634029842,82.832565,77.96719,53.143845,609.50745,592.69543,606.2449,2013.359,1407.114126953125,train
2026-01-19 10:30:00,ZONE_B,500.2400449569905,510.51932,533.6785,568.54987,81.27567808039906,84.17356,64.78352,63.468193,594.6929,598.46204,632.01807,1969.8005,1337.78243359375,train
2026-01-19 10:45:00,ZONE_B,514.3996905776066,532.6764,545.46454,629.17596,82.76058003118118,75.23375,59.02074,74.58866,607.91016,604.4853,703.76465,1966.3248,1262.5601515625,train
2026-01-19 11:00:00,ZONE_B,540.2525432045097,557.75336,595.0375,607.5577,63.54310177386731,58.709835,61.43373,53.85926,616.4632,656.4712,661.41693,1975.2708,1313.8538688476563,train
2026-01-19 11:15:00,ZONE_B,555.4459138427478,586.83997,626.05725,674.82996,55.55671970791113,57.181137,60.010384,79.76611,644.0211,686.0676,754.59607,2000.0804,1245.4843306640626,train
2026-01-19 11:30:00,ZONE_B,593.2285852659822,622.9459,622.4826,691.06,56.97036347127615,62.01289,58.675632,60.373608,684.9588,681.15826,751.4336,1997.1316,1245.69800625,train
2026-01-19 11:45:00,ZONE_B,623.2496296091829,638.7231,702.55005,676.67114,53.406881519338576,59.487164,66.587654,82.74179,698.21027,769.1377,759.41296,1956.4536,1197.0406361328126,train
2026-01-19 12:00:00,ZONE_B,647.8848538039739,693.5778,707.56024,700.79474,74.0411778283873,88.03134,71.07856,98.87194,781.60913,778.6388,799.6667,1978.2675,1178.6008129882812,train
2026-01-19 12:15:00,ZONE_B,711.9899779601208,729.39197,731.63495,694.46747,78.3065655094817,82.46979,85.74489,134.88623,811.86176,817.3798,829.3537,1975.0659,1145.7122012695313,train
2026-01-19 12:30:00,ZONE_B,724.5770298717707,726.51337,719.6184,655.0135,93.49599455395018,96.98209,105.37372,89.86009,823.4955,824.9921,744.8736,1957.076,1212.2024038085938,train
2026-01-19 12:45:00,ZONE_B,737.2572254282796,721.0406,713.3556,638.5288,93.88022944914022,103.71468,126.293144,119.35315,824.75525,839.64874,757.88196,1994.5653,1236.6833419921875,train
2026-01-19 13:00:00,ZONE_B,724.4226488996285,711.88214,672.9235,606.39856,119.01444794180716,140.66687,114.18785,126.674675,852.549,787.1114,733.07324,1960.0731,1226.9998578125,train
2026-01-19 13:15:00,ZONE_B,713.2767284492703,691.9067,645.0595,586.90326,130.35268609911688,126.32513,123.88861,118.27668,818.2318,768.9481,705.17993,1942.6721,1237.492168359375,train
2026-01-19 13:30:00,ZONE_B,676.7698910751037,630.7151,606.9572,567.6401,127.64297993490864,128.38503,129.80049,160.32626,759.1001,736.7577,727.9663,1952.5308,1224.56449140625,train
2026-01-19 13:45:00,ZONE_B,611.1701752436064,579.5595,562.32666,540.0939,125.08587301562804,118.20441,109.438896,100.759735,697.7639,671.76556,640.85364,1950.001,1309.1473623046875,train
2026-01-19 14:00:00,ZONE_B,589.9844816792314,558.0388,520.88464,466.50357,105.25537058449464,108.76754,127.171234,102.4059,666.80634,648.0559,568.9095,1946.3174,1377.4079151367187,train
2026-01-19 14:15:00,ZONE_B,554.792298664706,534.31665,521.9872,431.09955,117.09024545508709,135.1195,108.42786,105.63819,669.43616,630.41504,536.73773,1976.644,1439.9062680664063,train
2026-01-19 14:30:00,ZONE_B,533.3439150946925,531.2986,496.0716,399.649,117.17110388847684,116.735245,107.706406,103.32712,648.0338,603.778,502.9761,1951.3943,1448.4181952636718,train
2026-01-19 14:45:00,ZONE_B,526.4191074997317,477.1772,425.17206,326.35382,104.07712598710047,104.04673,95.11418,130.41351,581.22394,520.28625,456.76733,1946.406,1489.638666015625,train
2026-01-19 15:00:00,ZONE_B,477.1142296371905,421.9567,396.54593,324.94193,132.9948610392804,125.44421,118.48716,107.519264,547.4009,515.0331,432.46118,2006.655,1574.193818359375,train
2026-01-19 15:15:00,ZONE_B,413.5469980996457,382.35962,332.02866,279.31122,100.09464135631202,99.58697,127.669174,113.78948,481.9466,459.6978,393.1007,2035.9878,1642.8870919921876,train
2026-01-19 15:30:00,ZONE_B,380.4190076463354,332.36798,310.3704,239.7604,92.2387432838217,116.181046,91.72144,110.08801,448.549,402.09183,349.84842,2022.6744,1672.825980810547,train
2026-01-19 15:45:00,ZONE_B,318.432822728497,299.46658,269.68872,190.0034,114.38953621615246,105.9899,110.79347,107.68689,405.45648,380.48218,297.6903,1995.6255,1697.9351923828126,train
2026-01-19 16:00:00,ZONE_B,307.1601989308156,270.80017,226.58821,140.17305,118.48894422322626,121.01349,120.84322,109.80388,391.81366,347.43143,249.97693,2008.8248,1758.8478712890626,train
2026-01-19 16:15:00,ZONE_B,285.8295805316,240.84888,198.71257,121.196236,121.67477659219796,118.982475,117.26031,104.29042,359.83136,315.97287,225.48666,2022.3986,1796.9119361816406,train
2026-01-19 16:30:00,ZONE_B,241.4710723874871,209.62233,156.73932,83.82879,125.93756990426807,119.05159,114.90003,104.064,328.67392,271.63934,187.89279,2007.1775,1819.2847082519531,train
2026-01-19 16:45:00,ZONE_B,201.26483735221257,159.62779,118.89382,42.18927,130.67588879156452,116.720535,112.85288,98.77421,276.34833,231.7467,140.96347,2007.9083,1866.9448295410157,train
2026-01-19 17:00:00,ZONE_B,151.60252044234292,119.10911,79.20536,1.0420223,97.97011685994042,101.63633,106.132774,109.701324,220.74544,185.33813,110.74335,2005.7732,1895.0298528320313,train
2026-01-19 17:15:00,ZONE_B,114.41964032050063,80.81196,46.739326,13.623063,91.73476964980708,101.03176,87.785645,71.37945,181.84372,134.52496,85.00251,2006.8827,1921.8801899291993,train
2026-01-19 17:30:00,ZONE_B,79.69606283002054,41.069847,0.77355057,0.0,125.62127672254232,112.50541,113.6237,102.05816,153.57526,114.397255,102.05816,2005.292,1903.2338411254882,train
2026-01-19 17:45:00,ZONE_B,40.83650336039629,0.0,0.6144244,0.0,109.0005640635886,107.03916,87.716606,90.266785,107.03916,88.33103,90.266785,2006.1342,1915.8674153320312,train
2026-01-19 18:00:00,ZONE_B,0.0,7.5795994,14.133222,3.0311384,103.99151842254166,100.025154,113.56705,81.295364,107.60475,127.70027,84.3265,2006.797,1922.4705000610352,train
2026-01-19 18:15:00,ZONE_B,0.0,0.71099293,0.6207913,0.0,90.16690439338696,99.1463,91.143364,74.8056,99.85729,91.76415,74.8056,2005.3695,1930.5638969726563,train
2026-01-19 18:30:00,ZONE_B,0.0,0.0,0.0,0.0,90.77463061994568,94.93097,86.65485,76.232765,94.93097,86.65485,76.232765,2005.8116,1929.578834802246,train
2026-01-19 18:45:00,ZONE_B,0.0,0.0,0.0,0.0,79.42417411165673,81.01837,82.01595,97.70465,81.01837,82.01595,97.70465,2006.7302,1909.0255491210937,train
2026-01-19 19:00:00,ZONE_B,0.0,0.0,3.7372067,0.0,88.44239418096419,91.92125,86.941216,97.73107,91.92125,90.67842,97.73107,2002.3717,1904.640628527832,train
2026-01-19 19:15:00,ZONE_B,0.0,0.0,0.0,0.0,93.14435456614076,96.38798,99.01689,86.08441,96.38798,99.01689,86.08441,2005.2456,1919.1611883789062,train
2026-01-19 19:30:00,ZONE_B,0.0,0.0,0.0,0.10074207,106.68343978989768,106.91225,89.49478,112.14368,106.91225,89.49478,112.244415,2001.5017,1889.257284716797,train
2026-01-19 19:45:00,ZONE_B,0.0,0.0,0.33994177,5.213898,85.9978394147721,86.22825,80.53173,77.489174,86.22825,80.87167,82.70307,2014.7427,1932.0396284057617,train
2026-01-19 20:00:00,ZONE_B,0.0,0.0,0.23326218,0.0,79.81371756972112,79.40092,88.91393,66.91298,79.40092,89.147194,66.91298,1886.3322,1819.4192208740235,train
2026-01-19 20:15:00,ZONE_B,0.0,0.0,0.0,0.0,76.7187113053102,83.91214,72.6269,76.32665,83.91214,72.6269,76.32665,1875.6338,1799.3071474731446,train
2026-01-19 20:30:00,ZONE_B,0.0,0.0,0.0,0.027462257,82.98586745646848,80.225845,72.58779,102.52226,80.225845,72.58779,102.54973,1853.3868,1750.8370716064453,train
2026-01-19 20:45:00,ZONE_B,0.0,0.015043519,0.0,0.0,71.0764309867373,73.53833,84.952934,74.58436,73.553375,84.952934,74.58436,1850.7036,1776.119241784668,train
2026-01-19 21:00:00,ZONE_B,0.0,0.0,0.29693598,0.7533002,86.78716204848848,89.09701,105.314835,85.400154,89.09701,105.61177,86.15346,1828.9866,1742.8331423583984,train
2026-01-19 21:15:00,ZONE_B,0.0,0.21869946,0.0,0.8035786,109.52760359127198,110.50926,92.439,114.63642,110.72796,92.439,115.44,1786.1431,1670.7030975585938,train
2026-01-19 21:30:00,ZONE_B,0.0,0.0780633,0.060303822,0.8035786,90.70667790571872,96.91238,109.35321,94.64141,96.99044,109.41351,95.44499,1736.7587,1641.3137079345704,train
2026-01-19 21:45:00,ZONE_B,0.0,0.25111786,0.037649177,0.64901704,80.68777524745943,87.672935,94.02927,135.55249,87.92406,94.06692,136.2015,1741.7296,1605.5280924316405,train
2026-01-19 22:00:00,ZONE_B,0.0,0.6608712,0.36487833,0.3355374,72.18079152226856,104.61826,86.3813,135.62407,105.27914,86.74618,135.95961,1707.9127,1571.9530900146485,train
2026-01-19 22:15:00,ZONE_B,0.0,0.44542554,0.0,0.38581583,128.6663080193468,122.749405,141.89653,152.35034,123.19483,141.89653,152.73616,1686.548,1533.8118397216797,train
2026-01-19 22:30:00,ZONE_B,0.0,0.44542554,0.5530591,0.0,114.7834994068511,127.425354,138.26439,106.0171,127.87078,138.81744,106.0171,1654.6189,1548.6018025268554,train
2026-01-19 22:45:00,ZONE_B,0.0,0.2409915,0.7129803,0.0,156.13429889865384,149.93571,144.90999,87.962074,150.17671,145.62297,87.962074,1636.9343,1548.9722257202147,train
2026-01-19 23:00:00,ZONE_B,0.0,0.6608712,0.40969408,0.7751999,125.14627225166724,122.23929,101.59612,93.210464,122.90016,102.00581,93.985664,1609.4713,1515.4856356323241,train
2026-01-19 23:15:00,ZONE_B,0.0,0.0780633,0.0,0.57261634,104.48350359079583,104.822845,80.396736,66.202515,104.90091,80.396736,66.77513,1609.9183,1543.143168774414,train
2026-01-19 23:30:00,ZONE_B,0.0,0.0780633,0.34718156,0.71506417,87.71787342786743,79.08723,99.33793,53.06741,79.16529,99.68511,53.782475,1610.2345,1556.4520254821778,train
2026-01-19 23:45:00,ZONE_B,0.0,0.25111786,0.08332767,0.8527484,72.52419276477113,77.094826,59.12171,66.46985,77.34595,59.20504,67.32259,1609.6478,1542.3252063110351,train
2026-01-20 00:00:00,ZONE_B,0.0,0.20582226,0.0,0.0,67.53785628206319,61.330627,58.61813,68.93851,61.53645,58.61813,68.93851,1602.6647,1533.726192919922,train
2026-01-20 00:15:00,ZONE_B,0.0,0.23449679,0.0,0.0,57.07779753130159,53.739258,66.55822,78.595764,53.973755,66.55822,78.595764,1602.0255,1523.4297358398437,train
2026-01-20 00:30:00,ZONE_B,0.0,0.23449679,0.0,0.6474918,45.89838831716733,58.934757,64.03851,109.25915,59.169254,64.03851,109.90664,1601.2793,1491.3726609008788,train
2026-01-20 00:45:00,ZONE_B,0.0,0.21455808,1.1064248,1.3491126,62.32691350611214,61.268456,72.68107,92.35342,61.483013,73.78749,93.70253,1601.8582,1508.1556700927733,train
2026-01-20 01:00:00,ZONE_B,0.0,0.39881548,0.0,0.0,83.35244379158495,84.60631,106.971535,111.832504,85.00513,106.971535,111.832504,1604.7205,1492.887995727539,train
2026-01-20 01:15:00,ZONE_B,0.0,0.041503515,0.0,0.0,101.61721239290998,113.819176,111.99539,85.11486,113.86068,111.99539,85.11486,1601.9819,1516.867039465332,train
2026-01-20 01:30:00,ZONE_B,0.0,0.041503515,0.0,0.75790596,113.15451579250863,111.996124,109.49953,102.57706,112.03763,109.49953,103.33496,1601.9819,1498.6469390625,train
2026-01-20 01:45:00,ZONE_B,0.0,0.39905328,1.2825174,0.7856854,116.26479607146103,110.14133,97.81411,102.634674,110.54038,99.09663,103.42036,1603.4263,1500.0059432495118,train
2026-01-20 02:00:00,ZONE_B,0.0,0.5833108,0.0164907,0.0,105.67057752274052,105.1892,95.38294,85.86743,105.772514,95.39943,85.86743,1601.9185,1516.051068359375,train
2026-01-20 02:15:00,ZONE_B,0.0,0.23449679,0.0,0.0,85.56092465143219,90.852104,94.62937,76.58635,91.0866,94.62937,76.58635,1601.9185,1525.3321505126953,train
2026-01-20 02:30:00,ZONE_B,0.0,0.18213968,0.0,0.75790596,93.09700157468008,98.357544,91.85023,90.559746,98.53968,91.85023,91.31765,1604.6001,1513.2824501586915,train
2026-01-20 02:45:00,ZONE_B,0.0,0.21455808,1.2825174,1.5718057,70.81260886923458,69.394516,76.10047,104.34118,69.60908,77.38299,105.91299,1602.9265,1497.013513244629,train
2026-01-20 03:00:00,ZONE_B,0.0,0.5731844,0.0164907,0.0,56.477125434988125,67.47197,82.40596,117.52129,68.04515,82.42245,117.52129,1599.8855,1482.3642063598634,train
2026-01-20 03:15:00,ZONE_B,0.0,0.22437042,0.0,0.0,75.54202710614946,77.871414,101.29322,131.3888,78.09579,101.29322,131.3888,1600.8253,1469.4365060546875,train
2026-01-20 03:30:00,ZONE_B,0.0,0.22437042,0.0,0.75790596,113.08207939528133,115.248405,116.82173,116.52748,115.47278,116.82173,117.285385,1601.2974,1484.012014868164,train
2026-01-20 03:45:00,ZONE_B,0.0,0.38892692,1.0592055,1.4613916,120.46188846012376,126.59857,145.8091,118.0129,126.987495,146.8683,119.4743,1602.5676,1483.0933034301759,train
2026-01-20 04:00:00,ZONE_B,0.0,0.38868913,0.26159704,0.0,149.04984664417353,148.93056,126.44491,129.42139,149.31924,126.706505,129.42139,1602.4705,1473.04911328125,train
2026-01-20 04:15:00,ZONE_B,0.0,0.40886563,0.0,0.0,140.38827420151233,139.96233,132.6703,136.57831,140.37119,132.6703,136.57831,1601.7386,1465.1602918945312,train
2026-01-20 04:30:00,ZONE_B,0.0,0.22437042,0.037437968,0.6474918,109.4063659107525,115.99799,127.77542,140.47633,116.22237,127.81286,141.12383,1601.9176,1460.7937749267578,train
2026-01-20 04:45:00,ZONE_B,0.0,0.38892692,2.589102,3.4355123,124.7893345366016,125.07067,110.71598,141.84035,125.459595,113.305084,145.27586,1603.5642,1458.288336352539,train
2026-01-20 05:00:00,ZONE_B,0.0,0.5731844,0.45884132,0.7762891,138.73004269656707,128.32741,137.6629,113.38466,128.90059,138.12175,114.16095,1828.1855,1714.0245502929688,train
2026-01-20 05:15:00,ZONE_B,0.0,3.887284,5.4678307,21.985983,137.35075897693764,138.21887,146.55098,119.19207,142.10616,152.01881,141.17805,1838.3643,1697.1862451904296,train
2026-01-20 05:30:00,ZONE_B,0.0,0.5149722,3.552306,18.25599,132.97111136633146,143.07787,123.38298,98.60809,143.59283,126.93529,116.86408,1847.5166,1730.6525176635741,train
2026-01-20 05:45:00,ZONE_B,0.0,0.37910074,6.2722077,5.199895,159.15831268471834,157.8495,140.95802,134.80978,158.2286,147.23022,140.00967,1904.2727,1764.2630259277344,train
2026-01-20 06:00:00,ZONE_B,0.0,0.9902068,5.3769245,34.350723,131.93339257174387,131.31387,118.15317,100.113396,132.30408,123.53009,134.46411,1884.2125,1749.748388671875,train
2026-01-20 06:15:00,ZONE_B,0.0,1.5472118,17.969786,88.272484,115.97598653658454,107.88829,111.82671,105.4644,109.4355,129.7965,193.73688,1927.4559,1733.7190225585937,train
2026-01-20 06:30:00,ZONE_B,0.0,6.122354,8.824849,120.91569,93.6161637010561,97.67182,86.32523,78.29085,103.794174,95.150085,199.20654,1965.2888,1766.08225703125,train
2026-01-20 06:45:00,ZONE_B,0.0,1.0012918,41.933727,143.66437,94.38134189297884,89.91627,85.98529,79.40443,90.91756,127.91902,223.06879,1999.2571,1776.1883133789063,train
2026-01-20 07:00:00,ZONE_B,0.0,57.334167,112.24821,216.23883,72.80057178908187,77.07021,72.20736,60.67194,134.40439,184.45557,276.91077,2031.649,1754.7382333984374,train
2026-01-20 07:15:00,ZONE_B,54.70915019186186,114.94212,167.79372,281.17218,64.1027517648909,63.216885,63.357407,51.63299,178.15901,231.15112,332.80518,2049.3213,1716.51612421875,train
2026-01-20 07:30:00,ZONE_B,104.70754792591988,160.27539,211.7923,352.50684,53.31858395815962,54.672256,45.810177,37.07797,214.94765,257.60248,389.5848,2085.8303,1696.2454916503907,train
2026-01-20 07:45:00,ZONE_B,162.607665238308,215.82703,268.18915,362.05502,48.01387192280874,42.46757,39.56457,65.12467,258.2946,307.75372,427.1797,2128.5225,1701.3428125,train
2026-01-20 08:00:00,ZONE_B,210.44542152518585,253.15741,309.04236,396.17398,32.18308191726495,34.198105,33.592155,56.252975,287.35553,342.63452,452.42694,2153.6082,1701.1812590820314,train
2026-01-20 08:15:00,ZONE_B,251.55894943407145,308.25464,360.9987,467.52448,34.174512358481365,35.92399,54.491497,69.523445,344.17862,415.49017,537.0479,2224.6086,1687.5606874023438,train
2026-01-20 08:30:00,ZONE_B,312.6706736933231,361.51395,416.00626,496.24545,47.57674059203829,49.3703,57.91841,71.88709,410.88425,473.92468,568.13257,2220.6682,1652.535631640625,train
2026-01-20 08:45:00,ZONE_B,354.0947763739996,405.578,463.29962,547.97546,49.9799890299503,53.82393,66.446175,92.29262,459.40192,529.7458,640.26807,2218.5562,1578.28813359375,train
2026-01-20 09:00:00,ZONE_B,414.8827072386678,468.84302,515.9685,556.345,73.18211682554978,83.66891,78.33299,108.23998,552.5119,594.3015,664.58496,2025.538,1360.9530390625,train
2026-01-20 09:15:00,ZONE_B,460.5472695061815,506.17087,548.2745,576.43896,93.49726984648149,96.68064,110.72636,121.52232,602.8515,659.00085,697.9613,1957.9088,1259.9474962890624,train
2026-01-20 09:30:00,ZONE_B,507.5782591063228,558.4613,554.89294,538.97687,116.64931429996076,111.516464,117.887764,106.56265,669.9778,672.7807,645.53955,2049.3157,1403.77614921875,train
2026-01-20 09:45:00,ZONE_B,549.8604682612594,548.9442,591.2507,594.93616,116.77340300556408,111.672,126.27276,97.04611,660.6162,717.52344,691.9823,2026.1681,1334.1858001953126,train
2026-01-20 10:00:00,ZONE_B,529.628839225176,567.815,547.8822,655.9426,116.52505010762984,124.93736,102.59768,96.5651,692.7524,650.47986,752.50775,1979.0894,1226.5816485351563,train
2026-01-20 10:15:00,ZONE_B,542.9104153209387,549.582,571.49066,639.3843,134.69758032327533,123.746666,119.581894,105.669754,673.3286,691.0726,745.054,1972.0803,1227.0262838867188,train
2026-01-20 10:30:00,ZONE_B,530.3494492720293,552.9558,618.14716,619.4198,125.27284782743315,117.71937,106.52371,87.96199,670.6752,724.6709,707.3818,1971.1575,1263.7757250976563,train
2026-01-20 10:45:00,ZONE_B,553.0269076696181,615.6918,609.27954,626.18646,83.91265629671238,81.52316,74.4309,66.741066,697.21497,683.71045,692.92755,1966.0232,1273.0956487304688,train
2026-01-20 11:00:00,ZONE_B,624.466527059885,638.5932,654.92316,606.94727,93.82054808599308,94.52436,82.75935,62.585125,733.11755,737.6825,669.5324,1991.855,1322.3225903320313,train
2026-01-20 11:15:00,ZONE_B,625.8936791308597,628.6746,629.01495,628.95056,75.24300197111147,71.80954,71.862526,62.9704,700.48413,700.8775,691.92096,2034.6074,1342.6864405273438,train
2026-01-20 11:30:00,ZONE_B,613.9184400630229,614.42267,591.1704,559.4161,58.44463607294588,54.671143,52.01396,45.539875,669.0938,643.1844,604.95593,2070.9387,1465.9827673828127,train
2026-01-20 11:45:00,ZONE_B,629.2173033869257,614.0731,606.60364,582.3762,57.61507494245587,52.272118,53.159447,71.97235,666.3452,659.76306,654.3486,2064.6245,1410.2759282226561,train
2026-01-20 12:00:00,ZONE_B,628.961602595523,606.85394,557.19574,573.8417,57.17086228092519,53.033974,50.5671,59.3603,659.88794,607.7628,633.20197,1964.3816,1331.1796346679687,train
2026-01-20 12:15:00,ZONE_B,602.2995136275507,558.60803,564.45734,609.44073,39.01622754362989,46.313274,57.4709,57.46661,604.9213,621.9282,666.90735,1981.8417,1314.9343513671874,train
2026-01-20 12:30:00,ZONE_B,557.8359669326744,562.3037,574.97833,554.6194,40.64035641534996,55.248833,44.96862,33.903248,617.55255,619.94696,588.52264,1953.2034,1364.6807559570314,train
2026-01-20 12:45:00,ZONE_B,559.2215318753593,580.9424,600.8744,579.9165,52.59069209888364,52.425674,57.859272,56.973,633.36804,658.73364,636.8895,1943.097,1306.2074736328125,train
2026-01-20 13:00:00,ZONE_B,600.1073869185226,600.4349,565.60815,582.8576,37.55005896659889,49.52224,30.260197,61.823135,649.9571,595.86835,644.6807,2006.0227,1361.3419749023437,train
2026-01-20 13:15:00,ZONE_B,596.4766187738405,558.15704,577.5245,570.89233,55.39381234345963,49.4749,55.882,76.35119,607.63196,633.4065,647.2435,2017.1731,1369.9295697265625,train
2026-01-20 13:30:00,ZONE_B,553.2677127597854,578.81555,581.03436,562.1929,34.694149567701736,51.05837,57.970848,55.169144,629.8739,639.0052,617.362,1955.0668,1337.7048004882813,train
2026-01-20 13:45:00,ZONE_B,588.5773166989301,577.0361,554.54614,534.54877,63.33056712692876,67.69452,71.614876,39.088436,644.7306,626.161,573.6372,1921.1295,1347.49229296875,train
2026-01-20 14:00:00,ZONE_B,607.5997855977322,583.6629,564.5558,495.175,56.38234459796418,60.599274,58.318733,63.672733,644.2622,622.8745,558.8477,1939.8569,1381.0091827148437,train
2026-01-20 14:15:00,ZONE_B,591.5055672768256,574.8283,551.25385,477.77896,59.83236655189672,60.825504,43.96201,49.370224,635.6538,595.2159,527.1492,1950.546,1423.396830078125,train
2026-01-20 14:30:00,ZONE_B,579.9860234197373,566.0797,513.4123,480.67377,35.20076962486569,35.466103,53.95507,37.45617,601.54584,567.3674,518.12994,1938.4216,1420.2916561523436,train
2026-01-20 14:45:00,ZONE_B,558.421090303418,527.8181,512.576,424.3397,34.74227268753952,44.236984,35.355865,37.966015,572.0551,547.9319,462.3057,1930.8738,1468.568105419922,train
2026-01-20 15:00:00,ZONE_B,505.6341834790293,491.8977,466.6563,376.09604,36.84766797649668,35.09396,32.09663,46.47395,526.99164,498.75293,422.56998,2024.0706,1601.5006231933594,train
2026-01-20 15:15:00,ZONE_B,474.1430079984579,452.13382,403.7875,336.178,36.38793888152348,37.446987,31.691456,34.1402,489.5808,435.47897,370.3182,1995.9574,1625.6391932128906,train
2026-01-20 15:30:00,ZONE_B,486.8805388656364,427.1484,404.7138,300.2003,31.43344901992801,29.938496,39.174915,46.886425,457.0869,443.88873,347.0867,2034.5142,1687.427499560547,train
2026-01-20 15:45:00,ZONE_B,414.72179482403374,385.9224,351.80594,250.98634,21.78210770585772,28.229548,25.800272,32.32357,414.15195,377.6062,283.3099,2005.4226,1722.1126939941407,train
2026-01-20 16:00:00,ZONE_B,385.9062284513228,343.90244,286.87405,193.44972,30.643879031558782,31.582188,37.31881,29.134024,375.48462,324.19287,222.58374,2018.0842,1795.500459765625,train
2026-01-20 16:15:00,ZONE_B,353.5846969167431,303.5412,257.81387,169.44264,32.7745954571862,39.97955,36.03285,56.14528,343.52075,293.8467,225.58792,2015.3563,1789.7683788574218,train
2026-01-20 16:30:00,ZONE_B,295.4972413092976,254.23018,203.16095,102.79956,50.79583653092324,48.242878,37.96809,46.649807,302.47305,241.12904,149.44937,2023.1355,1873.6861286621095,train
2026-01-20 16:45:00,ZONE_B,249.26697672770857,207.20082,151.85304,56.231464,44.15556496353497,39.346935,54.84519,29.791582,246.54776,206.69823,86.02305,2002.3722,1916.3491515991211,train
2026-01-20 17:00:00,ZONE_B,201.4416466389591,151.46082,100.6349,1.6338685,38.01437524910566,43.97699,39.3903,39.593243,195.4378,140.0252,41.22711,2002.0824,1960.8552881835938,train
2026-01-20 17:15:00,ZONE_B,149.0484372762336,91.07055,40.68062,0.97557735,48.35879472309156,41.561954,28.826899,37.63339,132.6325,69.507515,38.608967,2003.0924,1964.4834331726074,train
2026-01-20 17:30:00,ZONE_B,96.67680267301382,48.196068,1.625932,0.0,30.04642888613788,24.286564,36.408978,36.938305,72.482635,38.03491,36.938305,2005.9209,1968.982595098877,train
2026-01-20 17:45:00,ZONE_B,49.740874744773706,3.770789,0.6267874,0.0,20.90357603158258,24.928385,24.128572,16.106936,28.699173,24.75536,16.106936,2001.2351,1985.1281644989015,train
2026-01-20 18:00:00,ZONE_B,0.0,10.27942,2.7586145,0.0,29.16760500322537,32.301952,36.205124,18.989086,42.58137,38.963737,18.989086,2001.0171,1982.028013848877,train
2026-01-20 18:15:00,ZONE_B,0.0,0.1064043,3.4807389,4.078831,19.36199974518936,23.204899,17.440641,13.042585,23.311302,20.921381,17.121416,2001.4291,1984.3076839080811,train
2026-01-20 18:30:00,ZONE_B,0.0,0.15849993,1.5300393,19.370768,9.068289226808355,10.119815,10.020639,14.505889,10.278315,11.550678,33.876656,2004.4138,1970.5371444213868,train
2026-01-20 18:45:00,ZONE_B,0.0,10.684203,15.866898,16.48848,19.69902030778698,17.057682,14.546356,7.6709867,27.741886,30.413254,24.159466,2001.1652,1977.005734210205,train
2026-01-20 19:00:00,ZONE_B,0.0,0.17808345,0.6277714,5.05236,11.545556696257028,10.58658,13.242515,11.195627,10.764664,13.870286,16.247988,2003.4099,1987.1619122528077,train
2026-01-20 19:15:00,ZONE_B,0.0,0.0,0.0,0.0,12.265170125973547,15.812301,10.27027,12.666324,15.812301,10.27027,12.666324,1999.0786,1986.4122763381959,train
2026-01-20 19:30:00,ZONE_B,0.0,0.90563375,0.9225404,22.186731,12.639533232814196,11.210146,11.618459,11.195627,12.11578,12.540999,33.38236,2004.334,1970.9516414489747,train
2026-01-20 19:45:00,ZONE_B,0.0,0.0,0.0,4.392531,2.875622035817396,3.2299054,2.803796,11.196239,3.2299054,2.803796,15.58877,2001.0054,1985.4166300872803,train
2026-01-20 20:00:00,ZONE_B,0.0,0.0,0.040579706,0.0,2.353571308576852,2.8913312,3.086217,7.2744694,2.8913312,3.1267967,7.2744694,1888.1223,1880.8478306243896,train
2026-01-20 20:15:00,ZONE_B,0.0,0.0,0.0,0.0,3.1942294610050035,3.7160714,9.664274,4.381889,3.7160714,9.664274,4.381889,1872.1493,1867.7674111335755,train
2026-01-20 20:30:00,ZONE_B,0.0,0.0,0.0,0.0,3.99516966967426,8.087543,10.623648,3.9069872,8.087543,10.623648,3.9069872,1858.2628,1854.3558128097534,train
2026-01-20 20:45:00,ZONE_B,0.0,0.058124587,0.0,0.0,6.679114237161628,10.163881,8.891788,7.5265045,10.222006,8.891788,7.5265045,1848.5001,1840.9735954833984,train
2026-01-20 21:00:00,ZONE_B,0.0,0.27907825,0.7776392,6.8925424,5.516532206890823,5.0521145,3.5307615,7.012345,5.331193,4.3084006,13.904887,1815.5177,1801.6128128005982,train
2026-01-20 21:15:00,ZONE_B,0.0,0.21869946,0.0,0.55071664,7.907344658185768,6.9768343,7.30389,6.46956,7.1955338,7.30389,7.020277,1770.9241,1763.9038229766845,train
2026-01-20 21:30:00,ZONE_B,0.0,0.18267971,0.0,0.25068957,5.622470361175728,3.1285021,3.021834,6.2467303,3.3111818,3.021834,6.49742,1761.3984,1754.900980165863,train
2026-01-20 21:45:00,ZONE_B,0.0,0.15612462,5.0060105,6.8436604,2.225078249947175,1.3431164,0.9498986,1.128247,1.499241,5.9559093,7.9719076,1726.539,1718.5670923843384,train
2026-01-20 22:00:00,ZONE_B,0.0,0.29350898,0.36487833,0.83648324,0.6880395316666496,1.315318,2.4748662,2.3305652,1.608827,2.8397446,3.1670485,1708.3042,1705.1371515457154,train
2026-01-20 22:15:00,ZONE_B,0.0,0.45555192,0.0,1.1396235,0.0,3.948734,1.717023,2.2264056,4.404286,1.717023,3.3660293,1690.5571,1687.1910707374573,train
2026-01-20 22:30:00,ZONE_B,0.0,0.2710566,0.0,0.0493619,0.0,1.632452,1.9026475,2.581071,1.9035087,1.9026475,2.6304328,1671.4794,1668.848967155838,train
2026-01-20 22:45:00,ZONE_B,0.0,0.058124587,0.32452726,0.0,0.0,1.704475,2.8634918,1.6239353,1.7625996,3.188019,1.6239353,1638.974,1637.350064658165,train
2026-01-20 23:00:00,ZONE_B,0.0,0.6608712,0.53262347,0.0,0.0,0.6910531,2.570244,4.114418,1.3519243,3.1028676,4.114418,1628.449,1624.334581970215,train
2026-01-20 23:15:00,ZONE_B,0.0,0.26093024,0.39968356,0.0,0.0,1.5465817,2.8634918,3.9504118,1.807512,3.2631752,3.9504118,1613.87,1609.91958820343,train
2026-01-20 23:30:00,ZONE_B,0.0,0.44542554,0.5530591,0.0,0.0,1.4590096,1.9569905,3.5934122,1.9044352,2.5100496,3.5934122,1613.876,1610.2825878391266,train
2026-01-20 23:45:00,ZONE_B,0.0,0.2409915,0.7129803,0.0,0.0,2.1372247,2.6081967,3.7755907,2.3782163,3.321177,3.7755907,1610.1611,1606.3855093418122,train
2026-01-21 00:00:00,ZONE_B,0.0,0.5731844,0.088613056,0.0,0.0,2.5979962,2.6955853,20.386698,3.1711807,2.7841983,20.386698,1604.0696,1583.682902230835,train
2026-01-21 00:15:00,ZONE_B,0.0,0.22437042,0.0,0.0,0.0,2.797067,3.0347989,1.4563608,3.0214374,3.0347989,1.4563608,1605.3555,1603.8991391830443,train
2026-01-21 00:30:00,ZONE_B,0.0,0.22437042,0.0,0.0,0.0,2.2345927,16.050104,3.7850428,2.4589632,16.050104,3.7850428,1607.2424,1603.4573572372437,train
2026-01-21 00:45:00,ZONE_B,0.0,0.021564808,1.0552344,1.4613916,0.0,4.8503437,3.043176,7.5146055,4.8719087,4.0984106,8.975997,1603.7186,1594.7426030288696,train
2026-01-21 01:00:00,ZONE_B,0.0,0.20582226,0.06768104,0.0,2.5574954511167007,1.7441832,0.4415355,3.6610498,1.9500054,0.50921655,3.6610498,1599.726,1596.0649501571656,train
2026-01-21 01:15:00,ZONE_B,0.0,0.18213968,0.0,0.0,0.8025434256314815,2.3128781,6.1749425,24.581179,2.4950178,6.1749425,24.581179,1605.7789,1581.197721334839,train
2026-01-21 01:30:00,ZONE_B,0.0,0.041503515,0.0,0.6474918,2.3511044398180045,3.347771,5.904556,12.68118,3.3892744,5.904556,13.328671,1607.7618,1594.4331285446167,train
2026-01-21 01:45:00,ZONE_B,0.0,0.021564808,1.6457201,1.3491126,3.628748766143093,2.9074771,16.155884,7.776412,2.9290419,17.801603,9.1255245,1604.642,1595.516475479126,train
2026-01-21 02:00:00,ZONE_B,0.0,0.7038131,0.0,0.0,2.645915266317074,6.746695,2.9891534,2.267034,7.450508,2.9891534,2.267034,1602.6044,1600.3373659461975,train
2026-01-21 02:15:00,ZONE_B,0.0,0.14611992,0.0,0.0,6.8678705457324,7.227387,8.136492,6.036785,7.373507,8.136492,6.036785,1603.3657,1597.3289148742676,train
2026-01-21 02:30:00,ZONE_B,0.0,0.0,0.0,0.6474918,2.270177679628869,4.3095303,4.2684803,6.3749404,4.3095303,4.2684803,7.0224323,1604.6449,1597.6224676727295,train
2026-01-21 02:45:00,ZONE_B,0.0,0.021564808,1.2553391,9.869315,1.504205637880017,2.587688,2.4086668,1.4563608,2.6092527,3.664006,11.325676,1602.6622,1591.3365240356445,train
2026-01-21 03:00:00,ZONE_B,0.0,0.20582226,0.36111745,0.0,0.0,1.4974194,3.6354723,4.4206715,1.7032416,3.9965897,4.4206715,1601.9742,1597.5535285369874,train
2026-01-21 03:15:00,ZONE_B,0.0,0.0,0.0,0.0,0.743397986557373,2.2307003,3.600493,3.5259671,2.2307003,3.600493,3.5259671,1608.2067,1604.6807328788757,train
2026-01-21 03:30:00,ZONE_B,0.0,0.3321054,2.7724886,9.061226,0.0,1.0044992,1.5515884,1.9411163,1.3366046,4.324077,11.002342,1604.3555,1593.3531577758788,train
2026-01-21 03:45:00,ZONE_B,0.0,0.0,1.1064248,1.370913,0.0,2.2038875,3.907919,5.652732,2.2038875,5.0143437,7.023645,1601.2947,1594.271055075836,train
2026-01-21 04:00:00,ZONE_B,0.0,0.3046754,0.06768104,0.0,0.0,2.0939662,1.4532797,2.8355618,2.3986416,1.5209608,2.8355618,1601.3268,1598.4912382476807,train
2026-01-21 04:15:00,ZONE_B,0.0,0.18213968,0.0,0.0,0.0,0.918629,2.131362,3.6610498,1.1007687,2.131362,3.6610498,1605.8573,1602.1962501571654,train
2026-01-21 04:30:00,ZONE_B,0.0,0.0,0.66025317,0.4622582,0.0,1.1072274,1.8240348,1.9411163,1.1072274,2.484288,2.4033744,1603.6875,1601.2841255664825,train
2026-01-21 04:45:00,ZONE_B,0.0,0.0,1.2004945,1.9735402,0.0,1.5268284,2.7659175,7.242189,1.5268284,3.966412,9.215729,1603.5269,1594.3111712402344,train
2026-01-21 05:00:00,ZONE_B,0.0,0.14763296,0.51003164,0.0,0.0,1.3089796,1.7353765,2.187119,1.4566126,2.245408,2.187119,1836.8875,1834.7003809928894,train
2026-01-21 05:15:00,ZONE_B,0.0,0.048475794,0.0,0.0,1.189947244321608,1.4623762,6.2396245,5.2180953,1.510852,6.2396245,5.2180953,1819.2284,1814.0103046974182,train
2026-01-21 05:30:00,ZONE_B,0.0,0.0,2.9857454,10.385607,0.73066026996286,1.7902466,1.8240348,2.351593,1.7902466,4.80978,12.7372,1857.6625,1844.9253002166747,train
2026-01-21 05:45:00,ZONE_B,0.0,0.0,2.310734,2.3571076,0.0,1.2499646,2.302232,0.8900779,1.2499646,4.612966,3.2471855,1881.8137,1878.5665145313262,train
2026-01-21 06:00:00,ZONE_B,0.0,0.32385725,5.236899,50.393753,0.0,0.918629,1.4553007,2.113153,1.2424862,6.6921997,52.506905,1913.9858,1861.4788953979491,train
2026-01-21 06:15:00,ZONE_B,0.0,0.0,4.187756,52.78669,0.0,0.918629,2.104111,2.187119,0.918629,6.2918673,54.97381,1928.8855,1873.9116917114259,train
2026-01-21 06:30:00,ZONE_B,0.0,0.0,11.630741,83.79241,0.0,0.8013552,1.8842455,1.9411163,0.8013552,13.514987,85.73353,1949.6582,1863.924671862793,train
2026-01-21 06:45:00,ZONE_B,0.0,0.0,20.44957,99.69831,0.0,2.8278081,1.8240348,2.113153,2.8278081,22.273605,101.81146,2011.9958,1910.1843375976562,train
2026-01-21 07:00:00,ZONE_B,0.0,25.496265,71.39578,157.90152,0.0,0.918629,1.4553007,1.5019896,26.414894,72.85108,159.4035,2003.0006,1843.5970965820313,train
2026-01-21 07:15:00,ZONE_B,43.03502023398862,98.68353,148.0571,230.84846,0.0,0.63042456,2.2656608,1.0915129,99.31396,150.32275,231.93997,2049.4736,1817.5336280761717,train
2026-01-21 07:30:00,ZONE_B,86.35320658921485,131.38422,184.9129,231.5942,0.0,0.37892267,2.131362,1.4072938,131.76314,187.04427,233.00148,2079.2405,1846.2390198974608,train
2026-01-21 07:45:00,ZONE_B,135.85129397517306,192.51068,226.81047,304.8577,0.0,0.30528653,2.1372106,1.2635493,192.81596,228.94768,306.12125,2186.8967,1880.7754536621092,train
2026-01-21 08:00:00,ZONE_B,180.1546304955073,229.28035,268.82306,389.81604,0.0,0.7870068,1.3812817,1.7042592,230.06735,270.20435,391.5203,2149.1401,1757.619805810547,train
2026-01-21 08:15:00,ZONE_B,219.76104798932693,268.7348,281.05618,359.36197,0.0,0.7870068,1.8102268,1.0442708,269.52182,282.86642,360.40625,2330.0337,1969.62745,train
2026-01-21 08:30:00,ZONE_B,249.9030151759563,280.45953,339.85858,423.0772,0.0,0.0,0.9107685,7.7021694,280.45953,340.76935,430.7794,2262.3374,1831.5580115722655,train
2026-01-21 08:45:00,ZONE_B,272.00816691488745,335.5105,331.62698,430.7874,0.0,0.0,2.2396233,3.00634,335.5105,333.8666,433.79376,2248.3447,1814.5509377929689,train
2026-01-21 09:00:00,ZONE_B,335.4886728836223,355.01404,400.15024,511.33972,0.0,1.1215067,10.574759,3.4330153,356.13556,410.725,514.77277,1980.005,1465.2322338867189,train
2026-01-21 09:15:00,ZONE_B,327.669763521436,368.21335,418.79004,460.74115,0.0,4.53742,2.0627387,2.2471423,372.75076,420.85278,462.98828,2021.0562,1558.06791875,train
2026-01-21 09:30:00,ZONE_B,365.0817583869416,425.319,452.8684,468.65994,0.0,0.70024246,1.3482357,5.438768,426.01926,454.21664,474.09872,2020.081,1545.9822756347655,train
2026-01-21 09:45:00,ZONE_B,428.2268266116384,460.78867,490.5,501.87692,0.6194928770477739,2.2082396,1.4513463,4.240571,462.99692,491.95135,506.1175,2052.7285,1546.611007324219,train
2026-01-21 10:00:00,ZONE_B,466.74665318924406,486.92334,480.94876,525.0423,1.8045335549376544,2.292303,4.0394883,1.0990956,489.21564,484.98825,526.1414,2033.8214,1507.6799815429688,train
2026-01-21 10:15:00,ZONE_B,450.2203877572369,468.10248,487.891,533.36804,1.0181910754125636,2.9173055,2.1595495,1.5567358,471.01978,490.05054,534.9248,2059.193,1524.2681953125002,train
2026-01-21 10:30:00,ZONE_B,469.54968257410434,477.01407,482.13358,530.10364,0.0,0.0,0.18397385,2.4943843,477.01407,482.31754,532.598,2006.777,1474.1789775390625,train
2026-01-21 10:45:00,ZONE_B,495.3071584143167,501.8892,528.4279,590.51605,0.0,0.5879022,1.0552641,0.40869015,502.47708,529.48315,590.92474,1995.7452,1404.8204563476563,train
2026-01-21 11:00:00,ZONE_B,473.8099372224001,503.0436,528.6137,599.8492,0.0,0.9805375,1.8013388,1.674026,504.02414,530.41504,601.5232,2015.5599,1414.036706640625,train
2026-01-21 11:15:00,ZONE_B,527.7558186249915,557.24084,605.9026,611.8079,0.0,1.8420992,2.2739444,8.470733,559.08295,608.1765,620.2786,2044.4695,1424.1908745117187,train
2026-01-21 11:30:00,ZONE_B,564.6200807246021,613.19,613.75714,590.63684,0.0,1.6398076,0.12555394,0.0,614.82983,613.8827,590.63684,2037.0634,1446.4265591796875,train
2026-01-21 11:45:00,ZONE_B,621.6963006163927,630.1889,612.2183,611.40515,0.0,1.9668045,2.424587,2.9764857,632.1557,614.6429,614.38165,1989.6289,1375.2472471679687,train
2026-01-21 12:00:00,ZONE_B,625.5285726335851,630.01337,598.9885,574.7297,0.0,2.4793463,1.4513463,0.0,632.49274,600.4399,574.7297,2000.3666,1425.6369247070313,train
2026-01-21 12:15:00,ZONE_B,614.352334388959,592.27,597.59106,577.13824,0.0,1.0832658,2.0025277,2.1633077,593.3533,599.59357,579.3016,2007.5614,1428.2598252929688,train
2026-01-21 12:30:00,ZONE_B,578.2236238352815,587.0231,556.93396,564.47156,0.0,0.0,0.0,0.5649352,587.0231,556.93396,565.0365,1984.2594,1419.2229009765624,train
2026-01-21 12:45:00,ZONE_B,583.8914321347642,557.94415,575.46985,594.3993,0.0,1.2708844,2.1643221,1.6603909,559.215,577.63416,596.0597,1951.9677,1355.9080076171874,train
2026-01-21 13:00:00,ZONE_B,569.8138512490185,573.03595,558.3261,507.28333,0.5519034258263871,0.81945914,1.6957711,3.4011388,573.8554,560.0219,510.68448,2020.7366,1510.0521212402343,train
2026-01-21 13:15:00,ZONE_B,566.4735189543735,559.2181,579.6258,511.09293,0.0,0.81945914,2.0722296,6.217406,560.03754,581.698,517.3103,2011.3622,1494.051897265625,train
2026-01-21 13:30:00,ZONE_B,563.8389005460435,569.0934,524.7322,485.1346,0.0,1.4364657,1.779951,0.82119,570.52985,526.51215,485.9558,1942.9,1456.944189453125,train
2026-01-21 13:45:00,ZONE_B,590.3717366455139,530.59467,513.9792,451.34247,0.0,2.5719075,3.9392803,0.8988486,533.16656,517.91846,452.2413,1959.506,1507.2646975097657,train
2026-01-21 14:00:00,ZONE_B,505.8777700023697,488.30463,464.6114,374.74603,0.6790994136915526,0.44412225,0.74400747,0.5952646,488.74875,465.3554,375.3413,1936.585,1561.24369140625,train
2026-01-21 14:15:00,ZONE_B,476.6960432890526,459.6921,425.21555,365.33978,0.0,0.0,1.1254221,0.5952646,459.6921,426.34097,365.93506,1920.0453,1554.11024140625,train
2026-01-21 14:30:00,ZONE_B,451.2418394030547,413.0189,381.9633,322.89307,1.726508493139505,1.4780662,1.2477746,4.458054,414.49695,383.21106,327.35114,1937.673,1610.3218647460938,train
2026-01-21 14:45:00,ZONE_B,418.5507270451188,386.43246,372.32706,289.5685,0.0,0.5697935,1.3492662,1.770334,387.00226,373.67633,291.33884,1955.567,1664.2281633300781,train
2026-01-21 15:00:00,ZONE_B,383.6510286824113,358.60385,326.09067,257.64624,0.0,1.0923423,4.078514,3.2170148,359.6962,330.1692,260.86325,2003.7867,1742.9234492675782,train
2026-01-21 15:15:00,ZONE_B,364.77487048731007,345.91003,312.8114,250.32796,0.0,2.3516104,1.4628468,4.338921,348.26166,314.27426,254.66689,2014.5686,1759.9017146240235,train
2026-01-21 15:30:00,ZONE_B,347.9939812868958,313.1603,281.97287,218.21252,0.0,1.8929645,1.4628468,3.5843654,315.05328,283.43573,221.79689,2009.6146,1787.817709741211,train
2026-01-21 15:45:00,ZONE_B,306.10805258648725,281.7971,253.3768,183.32161,1.6326730859493457,1.4599915,3.101049,4.571749,283.25708,256.47784,187.89336,2020.744,1832.8506436767577,train
2026-01-21 16:00:00,ZONE_B,265.1542154165896,231.25003,201.96022,125.10849,3.7796770564155575,3.5571566,2.234564,5.7567234,234.80719,204.19478,130.86522,2020.0117,1889.146480883789,train
2026-01-21 16:15:00,ZONE_B,245.4966887177385,210.12488,170.72398,97.3396,3.0865837710770085,1.5732615,4.70753,4.418466,211.69814,175.43152,101.758064,2018.0948,1916.3367357299805,train
2026-01-21 16:30:00,ZONE_B,201.4080748818733,168.07065,128.11073,62.470932,6.568956905837105,6.4261727,8.303004,11.961812,174.49683,136.41374,74.43275,2002.5035,1928.070753112793,train
2026-01-21 16:45:00,ZONE_B,164.31698123727912,131.67146,98.68737,33.88014,4.409325656168851,4.258385,4.9721866,15.030342,135.92986,103.65955,48.91048,2003.3666,1954.4561195007325,train
2026-01-21 17:00:00,ZONE_B,129.89063709462386,93.44521,61.81796,0.0,7.162113692239686,5.6445985,9.786241,17.561117,99.08981,71.6042,17.561117,2002.0895,1984.5283828277588,train
2026-01-21 17:15:00,ZONE_B,89.22606452970685,59.084904,31.504173,0.0,15.980681263303058,17.1063,17.141663,7.422954,76.19121,48.645836,7.422954,2002.86,1995.4370459175109,train
2026-01-21 17:30:00,ZONE_B,58.490508043824015,32.862133,0.0,0.0,23.81624055809398,22.024153,21.65771,12.819026,54.886284,21.65771,12.819026,2002.3029,1989.4838740066527,train
2026-01-21 17:45:00,ZONE_B,29.32823525140436,0.0,1.9871012,0.0,25.203947577178702,22.8518,16.790485,15.769528,22.8518,18.777586,15.769528,2002.5409,1986.771371611023,train
2026-01-21 18:00:00,ZONE_B,0.0,5.1031055,5.8972173,0.0,22.25518193709088,18.49394,19.03398,14.935305,23.597046,24.931196,14.935305,2001.6365,1986.7011953582764,train
2026-01-21 18:15:00,ZONE_B,0.0,0.69903344,2.0501547,0.35916552,13.04119026652408,12.247519,12.206019,5.862388,12.946552,14.256174,6.221554,2002.7338,1996.5122461975097,train
2026-01-21 18:30:00,ZONE_B,0.0,1.3858657,1.0926529,0.0,14.301901613174689,13.970423,11.911678,16.578014,15.356289,13.004332,16.578014,2000.1559,1983.5778856262207,train
2026-01-21 18:45:00,ZONE_B,0.0,0.82954746,3.264228,5.00147,8.988196021257464,10.337917,7.9005322,5.645338,11.167465,11.164761,10.646809,2000.7836,1990.1367913757324,train
2026-01-21 19:00:00,ZONE_B,0.0,5.1071978,4.688096,0.0,6.206233964715953,3.288756,10.065521,7.5069685,8.395954,14.753617,7.5069685,2001.2938,1993.78683150177,train
2026-01-21 19:15:00,ZONE_B,0.0,0.0,0.0,0.013756787,3.0951332439463703,4.4878306,1.2671134,4.15326,4.4878306,1.2671134,4.167017,1999.2272,1995.0601830169678,train
2026-01-21 19:30:00,ZONE_B,0.0,0.0,0.0,0.8381673,2.3367165917051933,1.927552,4.2647743,7.2432036,1.927552,4.2647743,8.081371,1999.9706,1991.889228692627,train
2026-01-21 19:45:00,ZONE_B,0.0,0.0,0.0,0.0,2.304946753021976,4.3709154,1.258789,3.5963786,4.3709154,1.258789,3.5963786,1998.636,1995.0396214351654,train
2026-01-21 20:00:00,ZONE_B,0.0,0.0,0.36165154,0.0,2.782515345401543,2.06648,3.2208202,1.6947268,2.06648,3.5824718,1.6947268,1875.2454,1873.5506731752396,train
2026-01-21 20:15:00,ZONE_B,0.0,0.43103164,0.0,0.0,1.777277631211679,3.4745138,1.3346068,1.9876108,3.9055455,1.3346068,1.9876108,1870.2235,1868.2358891830445,train
2026-01-21 20:30:00,ZONE_B,0.0,0.30140537,0.0,0.0,3.747522917554255,3.387563,2.7102911,5.75652,3.6889684,2.7102911,5.75652,1855.3528,1849.5962802055358,train
2026-01-21 20:45:00,ZONE_B,0.0,0.15481827,0.0,0.0,3.2844943922228444,3.1265917,2.7139127,6.406565,3.28141,2.7139127,6.406565,1849.4642,1843.0576348106383,train
2026-01-21 21:00:00,ZONE_B,0.0,0.068181455,0.0,0.013756787,1.880161456344742,2.1756732,3.4672258,3.5922124,2.2438548,3.4672258,3.6059692,1804.8534,1801.2474308094024,train
2026-01-21 21:15:00,ZONE_B,0.0,0.0,0.0,0.013756787,2.231589400743031,2.5535305,3.1800656,5.2510667,2.5535305,3.1800656,5.2648234,1768.6743,1763.4094765632628,train
2026-01-21 21:30:00,ZONE_B,0.0,0.36960337,0.0,0.0,7.319755191983671,9.428152,6.837178,9.378357,9.797755,6.837178,9.378357,1762.5171,1753.1387430664063,train
2026-01-21 21:45:00,ZONE_B,0.0,0.0,0.0,0.070444405,8.521839046823436,7.7361083,8.351103,10.034517,7.7361083,8.351103,10.104961,1736.9419,1726.8369386047364,train
2026-01-21 22:00:00,ZONE_B,0.0,0.18722865,0.0,0.0,7.054179634282281,6.9652677,7.1659913,11.64222,7.1524963,7.1659913,11.64222,1708.2649,1696.6226804565429,train
2026-01-21 22:15:00,ZONE_B,0.0,0.0,0.0,0.0,2.9962244376183014,2.786321,3.6009777,3.2675936,2.786321,3.6009777,3.2675936,1674.61,1671.3424063777923,train
2026-01-21 22:30:00,ZONE_B,0.0,0.0,0.0,0.0,2.574622272308072,2.8060567,5.3890467,2.1457517,2.8060567,5.3890467,2.1457517,1683.4207,1681.2749482852935,train
2026-01-21 22:45:00,ZONE_B,0.0,0.0,0.0,0.070444405,3.02955455002612,4.363184,0.7062258,2.581109,4.363184,0.7062258,2.6515534,1621.0463,1618.3947466075897,train
2026-01-21 23:00:00,ZONE_B,0.0,0.18722865,0.24626672,0.349802,2.2490975151705985,2.1756732,1.2091817,4.1025157,2.362902,1.4554484,4.4523177,1616.1917,1611.739382285309,train
2026-01-21 23:15:00,ZONE_B,0.0,0.0,0.0,0.349802,0.0,2.175277,0.5060451,3.1998746,2.175277,0.5060451,3.5496767,1624.4619,1620.912223343277,train
2026-01-21 23:30:00,ZONE_B,0.0,0.0,0.0,0.0,0.0,1.1666048,1.5353147,1.1780015,1.1666048,1.5353147,1.1780015,1609.2368,1608.058798476982,train
2026-01-21 23:45:00,ZONE_B,0.0,0.0,0.30911216,0.070444405,0.9645007619206027,2.0323544,0.5060451,3.4979224,2.0323544,0.8151573,3.5683668,1615.7323,1612.163933234024,validation
2026-01-22 00:00:00,ZONE_B,0.0,0.0,0.0,0.0,2.9416680721633623,2.5016434,2.1136012,2.8244386,2.5016434,2.1136012,2.8244386,1603.9161,1601.09166142807,validation
2026-01-22 00:15:00,ZONE_B,0.0,0.0,0.0,0.0,1.5506987882301546,2.1164157,0.9525759,2.7518861,2.1164157,0.9525759,2.7518861,1597.3721,1594.6202138706208,validation
2026-01-22 00:30:00,ZONE_B,0.0,0.0,0.0,0.62326145,2.6045625355610005,2.4131145,2.029205,5.294503,2.4131145,2.029205,5.9177647,1602.6068,1596.6890353363037,validation
2026-01-22 00:45:00,ZONE_B,0.0,0.011805187,0.91038036,1.0172864,0.9889052571137184,1.8228017,1.9513731,2.0044806,1.8346069,2.8617535,3.0217671,1603.588,1600.5662328605652,validation
2026-01-22 01:00:00,ZONE_B,0.0,0.0,0.0,0.0,3.029422825084984,2.5016434,5.7744627,5.699517,2.5016434,5.7744627,5.699517,1601.4237,1595.7241832267762,validation
2026-01-22 01:15:00,ZONE_B,0.0,0.0,0.0,0.0,3.494606548915919,6.4153285,2.304661,6.50697,6.4153285,2.304661,6.50697,1601.3474,1594.8404300712587,validation
2026-01-22 01:30:00,ZONE_B,0.0,0.0,0.0,0.88209873,5.890493357254371,4.6699677,6.339534,8.9437475,4.6699677,6.339534,9.825847,1595.369,1585.5431533279418,validation
2026-01-22 01:45:00,ZONE_B,0.0,0.0,0.91038036,1.0172864,2.06796725016843,4.862597,7.964617,7.6068935,4.862597,8.874997,8.62418,1611.6991,1603.0749201599122,validation
2026-01-22 02:00:00,ZONE_B,0.0,0.0,0.0,0.0,3.2421954332736145,3.7244291,6.9472585,13.590264,3.7244291,6.9472585,13.590264,1603.4779,1589.8876356796266,validation
2026-01-22 02:15:00,ZONE_B,0.0,0.0,0.0,0.0,3.2590455372994382,3.8775392,6.435468,3.3774774,3.8775392,6.435468,3.3774774,1606.4868,1603.1093225925445,validation
2026-01-22 02:30:00,ZONE_B,0.0,0.0,0.0,0.26556024,5.392279750080712,6.527606,9.980819,7.3246446,6.527606,9.980819,7.5902047,1598.6771,1591.0868952842713,validation
2026-01-22 02:45:00,ZONE_B,0.0,0.0,0.91038036,1.0172864,8.538550742007263,8.772334,9.054841,13.420422,8.772334,9.965221,14.437708,1602.4507,1588.0129920989991,validation
2026-01-22 03:00:00,ZONE_B,0.0,0.0,0.0,0.0,8.840180608764701,7.7421484,10.592301,12.998022,7.7421484,10.592301,12.998022,1601.647,1588.6489779205322,validation
2026-01-22 03:15:00,ZONE_B,0.0,0.0,0.0,0.0,6.486743534342698,10.034042,13.541759,9.177437,10.034042,13.541759,9.177437,1601.4366,1592.2591631713867,validation
2026-01-22 03:30:00,ZONE_B,0.0,0.0,0.0,0.7193458,9.417566589731546,11.894425,13.400016,11.448699,11.894425,13.400016,12.168045,1606.0366,1593.8685549560546,validation
2026-01-22 03:45:00,ZONE_B,0.0,0.0,0.91038036,0.0,9.155615464233463,11.5477705,9.055797,9.349474,11.5477705,9.966177,9.349474,1600.0764,1590.7269260467529,validation
2026-01-22 04:00:00,ZONE_B,0.0,0.0,0.5497431,0.0,6.1758929673278296,4.5840974,8.560701,8.668627,4.5840974,9.110444,8.668627,1596.0778,1587.4091732147217,validation
2026-01-22 04:15:00,ZONE_B,0.0,0.031743914,1.9317672,0.0,3.540931441168283,5.165834,4.2024255,3.6861882,5.197578,6.1341925,3.6861882,1598.6906,1595.0044117790221,validation
2026-01-22 04:30:00,ZONE_B,0.0,0.86237746,0.0,1.8699452,1.2039888695437164,3.0823755,5.836291,7.7698584,3.944753,5.836291,9.639804,1605.0396,1595.3997961135865,validation
2026-01-22 04:45:00,ZONE_B,0.0,1.004136,13.386583,4.600817,0.7603283193945052,4.1350803,1.7528251,5.835966,5.1392164,15.139408,10.436783,1596.5564,1586.1196171630859,validation
2026-01-22 05:00:00,ZONE_B,0.0,0.0,0.0,0.0,1.933376723435528,1.7318674,5.32709,9.686972,1.7318674,5.32709,9.686972,1623.8727,1614.1857283355712,validation
2026-01-22 05:15:00,ZONE_B,0.0,0.0058094524,0.0,0.0,2.235970846958564,4.5934305,6.000379,2.3202438,4.59924,6.000379,2.3202438,1835.6301,1833.3098561645509,validation
2026-01-22 05:30:00,ZONE_B,0.0,0.0,0.0,0.8354941,1.511592320430975,1.8035829,9.75097,2.356656,1.8035829,9.75097,3.19215,1842.8523,1839.6601498840332,validation
2026-01-22 05:45:00,ZONE_B,0.0,0.011805187,1.3770066,0.9741712,2.724804693775318,6.329589,1.9494922,1.9911443,6.341394,3.326499,2.9653156,1855.0503,1852.084984419632,validation
2026-01-22 06:00:00,ZONE_B,0.0,0.14255874,0.0,0.20158944,1.4384092167628015,1.4500605,1.9700038,1.0511742,1.5926192,1.9700038,1.2527636,1893.3226,1892.0698363710403,validation
2026-01-22 06:15:00,ZONE_B,0.0,0.0,4.505672,61.774544,1.5867502815738492,1.4608191,1.8347799,5.152447,1.4608191,6.3404517,66.926994,1924.7632,1857.8362056762696,validation
2026-01-22 06:30:00,ZONE_B,0.0,0.19634587,1.6927189,25.59018,1.3837779061663975,1.1563388,1.8347799,0.98139566,1.3526847,3.5274987,26.571575,1938.7227,1912.151124835205,validation
2026-01-22 06:45:00,ZONE_B,0.0,0.2721629,14.096821,44.61171,2.524169485953349,1.9604746,3.9352372,1.4257987,2.2326374,18.032059,46.03751,1999.8651,1953.827590081787,validation
2026-01-22 07:00:00,ZONE_B,0.0,25.55655,40.842194,104.50649,0.618197216331897,1.0353329,1.4660457,1.3918726,26.591883,42.30824,105.89837,2024.2155,1918.3171311645508,validation
2026-01-22 07:15:00,ZONE_B,29.801745410290977,69.83503,109.50174,166.23578,0.0,1.299631,1.5547041,1.3179066,71.13466,111.05644,167.55368,2054.257,1886.7033195800782,validation
2026-01-22 07:30:00,ZONE_B,59.3078965987684,96.532906,120.18175,186.98814,0.0,0.99218345,1.5547041,1.5978351,97.525085,121.73645,188.58598,2087.5818,1898.9958167236327,validation
2026-01-22 07:45:00,ZONE_B,78.1377879200356,107.98941,133.10861,194.09271,0.0,1.1349206,1.614915,1.4257987,109.12433,134.72353,195.51851,2136.0112,1940.492691088867,validation
2026-01-22 08:00:00,ZONE_B,89.91603613159826,107.63391,141.97733,198.31339,0.0,2.1303475,2.859424,3.5326285,109.76426,144.83675,201.84601,2170.7224,1968.8763916992189,validation
2026-01-22 08:15:00,ZONE_B,130.51873889749243,158.1322,181.68738,240.43137,0.0,2.0821574,1.5547041,2.28269,160.21436,183.24208,242.71405,2168.1516,1925.4375497070314,validation
2026-01-22 08:30:00,ZONE_B,146.3914421650017,176.21997,202.64005,270.09436,0.0,0.9429024,1.614915,1.4257987,177.16287,204.25496,271.52017,2207.202,1935.6818278808596,validation
2026-01-22 08:45:00,ZONE_B,172.90212222943092,196.73218,211.84416,247.84128,0.0,0.09662795,3.1451473,1.4232783,196.82881,214.9893,249.26456,2245.1992,1995.9346431152344,validation
2026-01-22 09:00:00,ZONE_B,193.73821680874707,216.19424,263.6432,314.26913,0.0,1.8059595,1.18597,3.0372467,218.0002,264.82916,317.3064,2003.1562,1685.849803515625,validation
2026-01-22 09:15:00,ZONE_B,221.4588987276378,259.83728,269.36188,347.83618,0.0,0.9063131,2.091622,11.914202,260.7436,271.4535,359.7504,1992.4272,1632.6768032714845,validation
2026-01-22 09:30:00,ZONE_B,239.93867818079173,252.16705,282.37296,322.21082,0.6080925408023222,0.0,4.3508134,7.6043744,252.16705,286.72375,329.8152,1991.0846,1661.269414453125,validation
2026-01-22 09:45:00,ZONE_B,259.3624758577405,281.27725,317.19843,351.5009,0.0,1.6992372,11.699376,1.8040328,282.9765,328.8978,353.30493,2018.8389,1665.533968359375,validation
2026-01-22 10:00:00,ZONE_B,285.73261528457,308.9164,322.66013,345.60187,0.8419351140083062,8.29265,6.711729,5.6553645,317.20908,329.37186,351.25723,2012.6279,1661.3706673339843,validation
2026-01-22 10:15:00,ZONE_B,321.055007878735,330.7749,343.78467,352.70578,4.210349888627435,4.568497,2.8297515,6.590981,335.3434,346.6144,359.29675,2017.5597,1658.2629470703125,validation
2026-01-22 10:30:00,ZONE_B,345.5779085722435,350.39267,362.10712,379.05417,5.717214094416902,2.879881,5.385376,1.2318676,353.27255,367.4925,380.28604,2016.6268,1636.3407587402344,validation
2026-01-22 10:45:00,ZONE_B,357.1299945917001,378.41852,381.96677,421.44623,1.4572149347916314,0.0,5.689855,0.94826084,378.41852,387.65662,422.3945,2015.9388,1593.544299267578,validation
2026-01-22 11:00:00,ZONE_B,354.73499843757605,371.62326,383.07877,419.11154,0.8602779619031841,4.7534175,2.3968759,15.85957,376.37668,385.47565,434.9711,1993.8427,1558.8716001464843,validation
2026-01-22 11:15:00,ZONE_B,350.46271920523463,355.38547,394.19272,361.3135,1.5090577055286167,2.2670922,2.5872273,1.4049063,357.65256,396.77994,362.7184,2015.6521,1652.9336856933594,validation
2026-01-22 11:30:00,ZONE_B,361.5771933914388,393.72827,404.80716,389.93875,1.0604052509337958,0.277307,11.114486,1.2328696,394.00558,415.92163,391.17163,2011.409,1620.237369140625,validation
2026-01-22 11:45:00,ZONE_B,362.154400054312,389.7414,380.40665,369.67526,2.7281292750834782,10.649208,2.7874079,1.116658,400.3906,383.19406,370.79193,2009.8949,1639.1029688476563,validation
2026-01-22 12:00:00,ZONE_B,341.6591330400773,349.21182,332.5714,403.4745,4.109738214710911,2.9007356,2.4008064,10.9408865,352.11255,334.97223,414.41537,2004.8895,1590.4741252441406,validation
2026-01-22 12:15:00,ZONE_B,317.18121456721275,332.11295,325.5297,343.5582,2.666441943742786,2.0353208,3.1164331,0.8950582,334.14825,328.64612,344.45325,1995.5748,1651.1215529296876,validation
2026-01-22 12:30:00,ZONE_B,322.56362162032013,323.38724,353.453,337.86032,2.658917874854111,1.4926517,5.454196,3.1102135,324.87988,358.9072,340.97052,1993.2334,1652.2628799804688,validation
2026-01-22 12:45:00,ZONE_B,319.5641927090179,347.39984,320.17947,322.34924,1.3643571140973836,3.4167023,1.4256771,0.6043063,350.81653,321.60516,322.95355,1983.2825,1660.3289477539063,validation
2026-01-22 13:00:00,ZONE_B,311.5027086860966,318.63815,312.40433,293.93616,1.1470689033333883,0.0,3.6993845,4.071187,318.63815,316.1037,298.00735,2005.6727,1707.665345263672,validation
2026-01-22 13:15:00,ZONE_B,333.72097663145803,335.86154,308.52917,286.79025,0.6733968828856541,1.6083497,2.9918497,5.878931,337.46988,311.52103,292.6692,1993.1307,1700.461510546875,validation
2026-01-22 13:30:00,ZONE_B,333.09447929463124,338.29877,319.75458,283.89807,1.901578254937318,1.0474604,5.3527646,5.2192326,339.34622,325.10733,289.1173,1994.4849,1705.3675904296874,validation
2026-01-22 13:45:00,ZONE_B,314.52157645534896,327.64105,303.47797,287.65298,7.044082593687101,7.4421897,8.544686,4.5042925,335.08325,312.02264,292.1573,1995.2861,1703.1288124023438,validation
2026-01-22 14:00:00,ZONE_B,290.5219080799229,276.3612,262.58963,248.02858,3.105604068010104,4.0669684,5.379588,0.050757155,280.42816,267.9692,248.07933,1970.1069,1722.027569555664,validation
2026-01-22 14:15:00,ZONE_B,281.4807925234077,267.72372,258.52908,252.80594,0.6136901326324867,3.8122282,0.41851392,0.016205631,271.53595,258.9476,252.82214,1949.3606,1696.5384564453125,validation
2026-01-22 14:30:00,ZONE_B,266.2030556956599,249.1451,243.69962,230.24333,0.0,0.4256989,1.4887841,0.21445972,249.5708,245.1884,230.4578,1976.0345,1745.5767058105469,validation
2026-01-22 14:45:00,ZONE_B,274.99972713036874,259.65756,243.25386,245.4308,0.0,2.9136994,1.4299486,4.037335,262.57126,244.6838,249.46814,1981.4955,1732.0273603515625,validation
2026-01-22 15:00:00,ZONE_B,242.27486309780653,234.39624,221.087,175.46844,0.0,1.6410594,1.4354144,4.3290973,236.0373,222.52242,179.79755,2011.6923,1831.8947536132812,validation
2026-01-22 15:15:00,ZONE_B,228.62102140408683,217.34326,218.45975,177.44565,0.0,0.0,3.4188359,0.6214433,217.34326,221.87859,178.0671,2015.4365,1837.3694071044922,validation
2026-01-22 15:30:00,ZONE_B,215.3978572341869,203.245,198.51816,164.24637,1.0590910648923002,2.3915474,2.5836215,0.4494068,205.63654,201.10178,164.69577,1974.9479,1810.252129736328,validation
2026-01-22 15:45:00,ZONE_B,205.4490997037369,190.06946,190.03062,134.90164,1.2507639351574964,1.8160274,0.5227692,0.51440185,191.88548,190.55339,135.41605,1984.7603,1849.3442538574218,validation
2026-01-22 16:00:00,ZONE_B,183.95521056414367,161.58186,130.47377,86.4046,1.0796231348731598,2.0789132,0.0,0.5102733,163.66078,130.47377,86.91488,2005.721,1918.8061211547852,validation
2026-01-22 16:15:00,ZONE_B,171.67627309168176,137.53181,115.47192,60.693233,0.0,0.0,1.214652,0.0,137.53181,116.68657,60.693233,2011.6233,1950.9300665100097,validation
2026-01-22 16:30:00,ZONE_B,142.55467686479628,114.68339,85.26182,43.982334,0.0,0.0,1.0054191,0.7562756,114.68339,86.267235,44.73861,2006.8623,1962.1236906860352,validation
2026-01-22 16:45:00,ZONE_B,125.03779963714152,101.68021,77.42868,32.33111,0.0,3.081299,0.5190627,0.9983906,104.761505,77.94775,33.3295,2005.6421,1972.3126017089844,validation
2026-01-22 17:00:00,ZONE_B,86.4955443320895,57.613262,37.07746,0.64499587,0.0,0.0,0.0,0.0,57.613262,37.07746,0.64499587,2007.584,2006.939004131794,validation
2026-01-22 17:15:00,ZONE_B,57.89984368062914,30.791836,17.26023,0.0,0.0,0.0,0.75127596,0.0,30.791836,18.011505,0.0,2013.9678,2013.9678,validation
2026-01-22 17:30:00,ZONE_B,41.85716945370578,9.345759,0.0,0.0,0.0,0.0,0.72402495,0.0,9.345759,0.72402495,0.0,2016.5695,2016.5695,validation
2026-01-22 17:45:00,ZONE_B,20.74248894990792,0.0,0.0,0.0,0.0,0.0,0.5041603,0.0,0.0,0.5041603,0.0,2013.5509,2013.5509,validation
2026-01-22 18:00:00,ZONE_B,0.0,10.799796,3.8779843,0.0,0.0,1.0075128,0.35529068,0.0,11.807309,4.233275,0.0,2013.9137,2013.9137,validation
2026-01-22 18:15:00,ZONE_B,0.0,2.2202873,3.2450573,0.0,0.0,0.0,0.14624909,0.0,2.2202873,3.3913064,0.0,2005.9458,2005.9458,validation
2026-01-22 18:30:00,ZONE_B,0.0,0.0,0.0,0.0,0.0,0.0,0.14624909,0.0,0.0,0.14624909,0.0,2005.1565,2005.1565,validation
2026-01-22 18:45:00,ZONE_B,0.0,0.0,0.0,0.0,0.0,0.0,1.0362939,0.0,0.0,1.0362939,0.0,2006.3636,2006.3636,validation
2026-01-22 19:00:00,ZONE_B,0.0,0.0,3.1917527,0.0,0.0,0.0,0.0,0.0,0.0,3.1917527,0.0,1996.0256,1996.0256,validation
2026-01-22 19:15:00,ZONE_B,0.0,1.9007026,1.4540678,0.0,0.0,1.5198206,0.4432448,0.0,3.4205232,1.8973126,0.0,2017.8591,2017.8591,validation
2026-01-22 19:30:00,ZONE_B,0.0,0.0,0.0,0.8731277,0.0,0.0,0.24863704,0.17674112,0.0,0.24863704,1.0498688,2007.0724,2006.0225311779022,validation
2026-01-22 19:45:00,ZONE_B,0.0,0.0,0.0,0.5306746,0.0,1.244735,1.2368139,0.0,1.244735,1.2368139,0.5306746,2007.0116,2006.4809254232407,validation
2026-01-22 20:00:00,ZONE_B,0.0,0.068181455,0.42142284,0.0,0.0,0.0,0.1733139,0.0,0.068181455,0.59473675,0.0,1879.2137,1879.2137,validation
2026-01-22 20:15:00,ZONE_B,0.0,0.0,0.0,0.0,0.0,1.0739487,0.6947958,1.4591159,1.0739487,0.6947958,1.4591159,1861.4789,1860.0197841371537,validation
2026-01-22 20:30:00,ZONE_B,0.0,0.30140537,0.0,0.0,0.0,1.7148842,0.6947958,1.1964729,2.0162895,0.6947958,1.1964729,1847.4355,1846.2390271167756,validation
2026-01-22 20:45:00,ZONE_B,0.0,0.28146663,0.0,0.42276546,0.0,0.032141156,1.1576303,0.0,0.31360778,1.1576303,0.42276546,1858.2277,1857.8049345364093,validation
2026-01-22 21:00:00,ZONE_B,0.0,0.068181455,0.0,0.0098221805,0.0,1.0807345,0.76569223,1.4591159,1.148916,0.76569223,1.468938,1788.1494,1786.6804620069504,validation
2026-01-22 21:15:00,ZONE_B,0.0,0.0,0.0,0.112409204,0.0,1.7788185,0.6947958,0.25675592,1.7788185,0.6947958,0.36916512,1778.9603,1778.591134877491,validation
2026-01-22 21:30:00,ZONE_B,0.0,0.17475703,0.0,0.0,0.0,1.7148842,0.5060451,2.000771,1.8896412,0.5060451,2.000771,1760.4327,1758.4319289543153,validation
2026-01-22 21:45:00,ZONE_B,0.0,0.28146663,0.0,0.0,0.0,0.19947624,0.41667473,2.0787585,0.48094288,0.41667473,2.0787585,1715.0294,1712.9506415218352,validation
2026-01-22 22:00:00,ZONE_B,0.0,0.23954087,0.64360166,0.011723278,0.0,0.0,1.4125471,0.0,0.23954087,2.0561488,0.011723278,1711.3661,1711.3543767219096,validation
2026-01-22 22:15:00,ZONE_B,0.0,0.0,0.0,0.0,0.0,0.0,0.66596025,0.0,0.0,0.66596025,0.0,1688.0697,1688.0697,validation
2026-01-22 22:30:00,ZONE_B,0.0,0.024095222,0.007919814,0.0,0.0,1.3332614,1.4125471,0.8982288,1.3573565,1.4204669,0.8982288,1674.9685,1674.0702711758613,validation
2026-01-22 22:45:00,ZONE_B,0.0,0.3428949,0.069095686,0.0,0.0,2.11694,0.6550625,1.1608721,2.459835,0.72415817,1.1608721,1639.4851,1638.3242278982163,validation
2026-01-22 23:00:00,ZONE_B,0.0,0.0,0.64360166,0.349802,0.0,0.0,1.4125471,2.6430721,0.0,2.0561488,2.9928741,1616.7203,1613.7274258544921,validation
2026-01-22 23:15:00,ZONE_B,0.0,0.024095222,0.0,0.0,0.0,0.0,0.0,4.1661077,0.024095222,0.0,4.1661077,1615.774,1611.6078923454284,validation
2026-01-22 23:30:00,ZONE_B,0.0,0.36960337,0.0,0.016368685,0.0,1.3332614,1.4125471,0.8390108,1.7028648,1.4125471,0.85537946,1617.2017,1616.346320537758,validation
2026-01-22 23:45:00,ZONE_B,0.0,3.5882795,7.843471,7.120936,0.0,1.0565056,1.4504998,3.587918,4.644785,9.293971,10.708854,1642.3815,1631.6726462783813,validation
2026-01-23 00:00:00,ZONE_B,0.0,0.0,0.0,0.0,0.0,2.2782316,1.9134204,1.669892,2.2782316,1.9134204,1.669892,1604.2921,1602.6222080465316,validation
2026-01-23 00:15:00,ZONE_B,0.0,0.0,0.0,0.0,0.0,1.398025,1.9513731,1.1078776,1.398025,1.9513731,1.1078776,1603.7546,1602.646722387886,validation
2026-01-23 00:30:00,ZONE_B,0.0,0.0,0.0,0.88209873,0.0,1.7761487,0.88456964,0.0,1.7761487,0.88456964,0.88209873,1604.2671,1603.3850012656212,validation
2026-01-23 00:45:00,ZONE_B,0.0,0.0,1.0672982,0.6099367,0.0,2.6095667,1.9134204,3.2436538,2.6095667,2.9807186,3.8535905,1603.5366,1599.683009511566,validation
2026-01-23 01:00:00,ZONE_B,0.0,0.19606265,0.0,0.0,0.0,2.0226347,1.0069188,2.866005,2.2186973,1.0069188,2.866005,1604.1536,1601.2875950561524,validation
2026-01-23 01:15:00,ZONE_B,0.0,0.0,0.0,0.0,0.0,0.5701161,0.05852872,0.0,0.5701161,0.05852872,0.0,1604.2108,1604.2108,validation
2026-01-23 01:30:00,ZONE_B,0.0,0.0058094524,0.0,0.88209873,0.0,2.3193834,4.5578256,2.1052945,2.325193,4.5578256,2.9873931,1606.7485,1603.761106859207,validation
2026-01-23 01:45:00,ZONE_B,0.0,0.0,0.91038036,1.0172864,0.0,2.4536548,1.7152995,2.0526555,2.4536548,2.62568,3.069942,1607.1508,1604.0808580024718,validation
2026-01-23 02:00:00,ZONE_B,0.0,0.0,0.0,0.0,0.0,0.8035849,0.59845054,0.0,0.8035849,0.59845054,0.0,1601.5024,1601.5024,validation
2026-01-23 02:15:00,ZONE_B,0.0,0.0,0.0,0.0,0.0,1.6902784,1.8668895,1.629838,1.6902784,1.8668895,1.629838,1605.4657,1603.8358620101928,validation
2026-01-23 02:30:00,ZONE_B,0.0,0.0,0.0,0.88209873,0.0,1.8336118,2.185867,0.67345524,1.8336118,2.185867,1.5555539,1603.9019,1602.3463460868836,validation
2026-01-23 02:45:00,ZONE_B,0.0,0.0,0.91038036,1.0172864,0.0,2.0790772,1.5992142,2.0526555,2.0790772,2.5095944,3.069942,1603.7623,1600.692358002472,validation
2026-01-23 03:00:00,ZONE_B,0.0,0.0,0.0,0.0,0.0,1.6902784,1.4223375,1.629838,1.6902784,1.4223375,1.629838,1606.8275,1605.197662010193,validation
2026-01-23 03:15:00,ZONE_B,0.0,0.0,0.0,0.0,0.0,1.6902784,1.8251297,1.629838,1.6902784,1.8251297,1.629838,1603.2695,1601.639662010193,validation
2026-01-23 03:30:00,ZONE_B,0.0,0.0,0.0,0.88209873,0.0,2.2081895,1.5992142,2.0526555,2.2081895,1.5992142,2.9347541,1608.1589,1605.2241458667754,validation
2026-01-23 03:45:00,ZONE_B,0.0,0.0,0.91038036,1.6116831,0.0,1.1349206,1.5623335,1.8779986,1.1349206,2.472714,3.4896817,1602.9934,1599.5037182792664,validation
2026-01-23 04:00:00,ZONE_B,0.0,0.0,0.0,0.0,0.0,0.8035849,1.4660457,1.8779986,0.8035849,1.4660457,1.8779986,1600.1504,1598.2724014095306,validation
2026-01-23 04:15:00,ZONE_B,0.0,0.0,0.0,0.0,0.0,0.8035849,1.8347799,2.6412115,0.8035849,1.8347799,2.6412115,1603.8685,1601.2272884902955,validation
2026-01-23 04:30:00,ZONE_B,0.0,0.0,0.0,0.47474864,0.0,0.99218345,1.0491391,7.2579823,0.99218345,1.0491391,7.732731,1605.2646,1597.5318691345215,validation
2026-01-23 04:45:00,ZONE_B,0.0,0.0,0.91038036,0.8001259,0.5764026617031872,1.5145125,3.0334165,9.286749,1.5145125,3.9437969,10.086875,1600.4122,1590.325325038147,validation
2026-01-23 05:00:00,ZONE_B,0.0,0.0,0.0,0.0,1.372858406040033,1.4608191,5.0470138,4.3678455,1.4608191,5.0470138,4.3678455,1824.46,1820.0921544647217,validation
2026-01-23 05:15:00,ZONE_B,0.0,0.0,0.0,0.0,3.594303332448048,4.6990905,10.147913,14.411367,4.6990905,10.147913,14.411367,1855.3563,1840.944932583618,validation
2026-01-23 05:30:00,ZONE_B,0.0,0.2880185,0.0,1.4416109,9.997816363562691,14.463606,14.107621,11.682591,14.751624,14.107621,13.124203,1859.3657,1846.2414972717286,validation
2026-01-23 05:45:00,ZONE_B,0.0,0.0,9.6373205,15.397198,11.018908719476377,13.874294,20.677917,16.302788,13.874294,30.315239,31.699986,1873.806,1842.1060144958496,validation
2026-01-23 06:00:00,ZONE_B,0.0,13.3988285,15.538651,47.702324,5.102160551088194,9.193292,6.556446,7.882845,22.592121,22.095097,55.585167,1869.136,1813.5508330688476,validation
2026-01-23 06:15:00,ZONE_B,0.0,1.4520503,9.4907875,45.74975,4.390527174251392,5.165834,7.725139,2.8791661,6.617884,17.215927,48.628914,1961.1001,1912.4711861206056,validation
2026-01-23 06:30:00,ZONE_B,0.0,0.0,2.4538994,66.12064,5.361300980564662,6.6430655,7.616149,3.3274157,6.6430655,10.070048,69.44806,1992.0585,1922.6104409179688,validation
2026-01-23 06:45:00,ZONE_B,0.0,0.0,15.57419,70.156845,5.647985939825772,7.7731166,2.74446,6.9361963,7.7731166,18.31865,77.09304,1994.8491,1917.7560595336913,validation
2026-01-23 07:00:00,ZONE_B,0.0,30.364538,44.299484,165.36142,2.6251289780559723,2.2411633,1.7980214,7.6797085,32.6057,46.097507,173.04112,2022.3212,1849.2800775634767,validation
2026-01-23 07:15:00,ZONE_B,31.71290620468244,77.92385,87.49508,174.24553,0.6743436929265111,0.87510675,2.091622,7.425142,78.79896,89.5867,181.67067,2048.8284,1867.1577304443358,validation
2026-01-23 07:30:00,ZONE_B,62.784922381373846,85.94423,137.58675,197.28435,0.0,1.8918297,4.559074,8.863805,87.83606,142.14581,206.14815,2050.894,1844.745852416992,validation
2026-01-23 07:45:00,ZONE_B,102.60959625323147,134.84932,159.1215,234.83669,0.7288442341397421,4.298907,7.2215543,7.5457506,139.14822,166.34306,242.38243,2150.2136,1907.8311689697266,validation
2026-01-23 08:00:00,ZONE_B,124.26752255183584,159.40291,192.52095,238.9011,2.6844466801355944,5.8355927,4.19034,8.700448,165.2385,196.71129,247.60155,2158.9187,1911.3171527587892,validation
2026-01-23 08:15:00,ZONE_B,151.87651959821284,192.55807,233.70921,253.22862,4.690065499946369,4.7455254,6.7767053,3.962037,197.3036,240.48592,257.19067,2177.706,1920.5153261718751,validation
2026-01-23 08:30:00,ZONE_B,185.12087127225868,221.92305,241.03761,317.01154,8.099224528037523,9.448075,15.925356,7.175704,231.37112,256.96298,324.18723,2220.6938,1896.5065746582031,validation
2026-01-23 08:45:00,ZONE_B,221.1585850843873,242.99564,264.36633,347.13617,7.76462836101254,8.7408905,8.267479,6.907715,251.73653,272.63382,354.04388,2230.1636,1876.119715722656,validation
2026-01-23 09:00:00,ZONE_B,229.4693949445044,253.60574,289.53046,314.17267,2.865601655292004,1.8033893,2.2269669,3.030136,255.40913,291.75742,317.20282,2005.9131,1688.7102801757812,validation
2026-01-23 09:15:00,ZONE_B,249.208752385625,265.99457,293.75662,293.61923,2.1945062285598897,2.0485702,2.6812363,1.6071193,268.04315,296.43787,295.22635,2016.4392,1721.212851123047,validation
2026-01-23 09:30:00,ZONE_B,262.70908413443146,275.1535,317.31763,304.1872,1.7878117349728468,2.3587413,2.7874079,15.698545,277.51224,320.10504,319.88574,1993.3955,1673.5097578125,validation
2026-01-23 09:45:00,ZONE_B,263.9425188165855,293.64014,288.04022,339.8205,1.1723379040719604,0.12995085,1.532008,1.5978351,293.77008,289.57224,341.41833,2041.8881,1700.4697650390624,validation
2026-01-23 10:00:00,ZONE_B,296.7859549978918,308.27405,304.52322,327.2682,1.2711166394366558,2.088674,11.628022,4.5398817,310.36273,316.15125,331.80807,1999.9908,1668.1827250488282,validation
2026-01-23 10:15:00,ZONE_B,300.5035876167161,299.63687,328.772,343.3792,1.7926745161641515,7.4892445,2.7045622,1.2416611,307.12613,331.47656,344.62088,2024.814,1680.193119873047,validation
2026-01-23 10:30:00,ZONE_B,322.08935717001344,321.79544,312.5985,385.7947,3.218158263642452,3.068673,7.4542475,1.9357183,324.8641,320.05276,387.73044,1983.5154,1595.7849617675781,validation
2026-01-23 10:45:00,ZONE_B,333.02819343943366,336.06818,339.6294,423.36914,2.6704412113646154,4.564267,1.8150955,4.7438474,340.63245,341.4445,428.11298,2047.4564,1619.3434239257813,validation
2026-01-23 11:00:00,ZONE_B,353.8893005895728,358.557,402.91733,415.30923,0.2208814930184756,1.911655,2.559478,4.436444,360.46866,405.4768,419.74567,2011.9608,1592.2151334960938,validation
2026-01-23 11:15:00,ZONE_B,371.9509159573912,403.79474,425.15567,409.22855,0.0,1.2487178,6.4395328,2.1735444,405.04346,431.5952,411.4021,2000.8792,1589.477100390625,validation
2026-01-23 11:30:00,ZONE_B,399.6968744846552,420.01608,405.84137,397.40222,0.0,1.706114,3.824806,1.9305866,421.7222,409.66617,399.3328,1995.0367,1595.703905810547,validation
2026-01-23 11:45:00,ZONE_B,398.5252537425176,409.59482,411.1994,369.6318,1.1625106007053856,0.4818748,3.3784406,2.679506,410.0767,414.57785,372.3113,1998.1688,1625.8574901855468,validation
2026-01-23 12:00:00,ZONE_B,368.6771672640892,382.64172,397.2805,389.7209,0.6549337883724023,1.1069734,2.9145205,7.2959356,383.7487,400.195,397.0168,1991.7559,1594.7390848144532,validation
2026-01-23 12:15:00,ZONE_B,339.6682366693729,374.0976,349.51053,337.09805,1.0515785472835937,0.12220422,2.1703088,0.48874623,374.2198,351.68085,337.5868,2003.4962,1665.9094080078125,validation
2026-01-23 12:30:00,ZONE_B,370.1024881136432,378.19754,386.3403,392.85626,1.3861939539916304,0.83535373,5.4671597,3.6011858,379.0329,391.80746,396.45746,2004.5991,1608.1416415039062,validation
2026-01-23 12:45:00,ZONE_B,326.99497474126133,352.67062,324.6178,383.29953,1.4630854656425176,3.6216578,1.6148537,0.19885957,356.29227,326.23267,383.49838,1976.7683,1593.2699174316406,validation
2026-01-23 13:00:00,ZONE_B,334.3782715440136,337.907,356.3068,295.99448,2.920633576733064,1.625581,4.9977226,1.6216176,339.5326,361.3045,297.6161,1966.8848,1669.2687111328125,validation
2026-01-23 13:15:00,ZONE_B,322.38059644833515,326.59216,335.0568,343.72955,1.7640745330495329,4.0789037,2.25776,0.77834165,330.67108,337.31454,344.5079,1968.4669,1623.9589959472655,validation
2026-01-23 13:30:00,ZONE_B,345.1194059254923,354.29227,327.3868,329.39563,1.106856930396656,1.3361851,4.3219805,0.0,355.62845,331.7088,329.39563,2022.4645,1693.0688701171875,validation
2026-01-23 13:45:00,ZONE_B,329.1528531547883,330.50858,324.57782,290.56876,1.079049832722227,0.9570978,2.472833,5.831667,331.46567,327.05066,296.40042,1953.688,1657.287578857422,validation
2026-01-23 14:00:00,ZONE_B,309.44097652726515,309.44403,282.53403,250.36827,0.5871689094751854,1.4547977,0.5227692,0.5709184,310.89883,283.0568,250.9392,1966.4023,1715.463106274414,validation
2026-01-23 14:15:00,ZONE_B,333.60272251181937,314.60648,279.38257,229.73106,0.9501419260390278,1.9079432,4.4148946,1.9705272,316.5144,283.79745,231.70158,1969.7765,1738.0749161376953,validation
2026-01-23 14:30:00,ZONE_B,304.25962519922786,296.07568,270.46762,232.53947,0.0,0.0,0.4144657,0.8154423,296.07568,270.88208,233.35492,1951.9829,1718.6279805664062,validation
2026-01-23 14:45:00,ZONE_B,263.34869226375497,242.49658,234.17845,209.99944,0.5726255829079743,1.1984167,1.9654903,1.1949196,243.69499,236.14394,211.19435,1948.6093,1737.414948803711,validation
2026-01-23 15:00:00,ZONE_B,254.15208185717464,233.70882,210.75288,175.04955,0.5149704203628003,1.270681,0.9832903,0.9649468,234.97949,211.73618,176.0145,2003.9203,1827.9058041503906,validation
2026-01-23 15:15:00,ZONE_B,210.03609967383323,191.87459,190.14145,147.75987,0.6516882554335997,0.86708105,1.4887841,0.9649468,192.74167,191.63023,148.72482,2003.2769,1854.5520770019532,validation
2026-01-23 15:30:00,ZONE_B,199.82451129090865,189.01025,180.61162,118.01405,0.0,0.0,1.7836151,2.502488,189.01025,182.39523,120.51654,1967.1752,1846.6586594726562,validation
2026-01-23 15:45:00,ZONE_B,166.00189670182712,181.48181,172.78314,97.18722,0.0,0.0,0.7695079,4.205186,181.48181,173.55264,101.3924,1992.2592,1890.8667973510742,validation
2026-01-23 16:00:00,ZONE_B,187.2102691622017,160.84424,122.17918,77.12058,0.0,0.29389492,0.5889241,1.4426773,161.13814,122.7681,78.56326,2008.3118,1929.7485370605468,validation
2026-01-23 16:15:00,ZONE_B,131.71147151254894,101.89226,88.533676,62.129528,0.0,0.244827,2.8980803,0.79482836,102.137085,91.431755,62.924355,2001.6803,1938.7559454467773,validation
2026-01-23 16:30:00,ZONE_B,96.41275242463784,68.711685,37.248558,44.31976,0.0,0.0,0.20054457,0.0,68.711685,37.449104,44.31976,1999.1823,1954.8625406311035,validation
2026-01-23 16:45:00,ZONE_B,86.48041125280554,36.458923,25.526672,20.60176,1.9775472592043488,0.61257565,1.6202034,0.16825181,37.0715,27.146875,20.770012,2024.4583,2003.6882880981445,validation
2026-01-23 17:00:00,ZONE_B,85.04323952055015,56.34853,36.52681,0.64499587,0.8394805228714045,0.0,0.0,1.1723719,56.34853,36.52681,1.8173678,2004.001,2002.1836322078705,validation
2026-01-23 17:15:00,ZONE_B,62.32947530485799,38.819103,17.325964,10.708881,0.762679290532449,0.0,0.3088481,0.0,38.819103,17.634811,10.708881,2002.7748,1992.065918621826,validation
2026-01-23 17:30:00,ZONE_B,46.87184683418546,20.457647,0.0,0.0,0.0,0.0,0.85030377,2.101234,20.457647,0.85030377,2.101234,2000.1522,1998.050966040802,validation
2026-01-23 17:45:00,ZONE_B,22.249939879271576,0.0,26.405226,5.047939,0.0,0.0,0.3088481,0.0,0.0,26.714073,5.047939,2008.4587,2003.4107611763,validation
2026-01-23 18:00:00,ZONE_B,0.0,14.121434,0.0,0.6797943,0.0,4.839372,1.514935,0.7546665,18.960806,1.514935,1.4344609,2003.2646,2001.8301391216278,validation
2026-01-23 18:15:00,ZONE_B,0.0,0.22394878,5.3863826,1.3633932,0.0,0.0,0.24863704,0.0,0.22394878,5.63502,1.3633932,2007.9585,2006.595106812477,validation
2026-01-23 18:30:00,ZONE_B,0.0,0.0,0.0,0.31824496,0.0,0.9992697,0.7574505,2.376036,0.9992697,0.7574505,2.6942809,2004.4893,2001.7950191371917,validation
2026-01-23 18:45:00,ZONE_B,0.0,0.0,0.0,0.0,0.0,0.13486932,0.4535761,0.5993374,0.13486932,0.4535761,0.5993374,2000.3569,1999.757562600994,validation
2026-01-23 19:00:00,ZONE_B,0.0,0.068181455,0.0,0.19957337,0.0,0.9133994,0.86808,0.36191595,0.98158085,0.86808,0.56148934,2001.476,2000.914510656357,validation
2026-01-23 19:15:00,ZONE_B,0.0,0.0,0.0,0.0,0.0,0.0,0.6244456,2.1155238,0.0,0.6244456,2.1155238,1996.5308,1994.415276184845,validation
2026-01-23 19:30:00,ZONE_B,0.0,0.0,0.0,0.5176524,0.0,2.4145257,0.79718375,1.8466328,2.4145257,0.79718375,2.3642852,1998.5741,1996.2098147693634,validation
2026-01-23 19:45:00,ZONE_B,0.0,0.0,0.0,0.0,0.0,0.0,1.0552424,2.6295805,0.0,1.0552424,2.6295805,1999.748,1997.1184195022583,validation
2026-01-23 20:00:00,ZONE_B,0.0,1.7829306,1.6566168,0.0,0.0,0.0,0.2542215,0.24815154,1.7829306,1.9108384,0.24815154,1872.3356,1872.087448459244,validation
2026-01-23 20:15:00,ZONE_B,0.0,0.0,0.0,0.6238416,0.0,1.7275193,1.9916418,0.51905566,1.7275193,1.9916418,1.1428972,1874.2107,1873.067802751732,validation
2026-01-23 20:30:00,ZONE_B,0.0,0.0,0.0,0.0,0.0,1.5569556,0.73088026,2.528355,1.5569556,0.73088026,2.528355,1851.5327,1849.004345116806,validation
2026-01-23 20:45:00,ZONE_B,0.0,0.0,0.0,0.070444405,0.0,1.3406775,1.0090011,0.9069855,1.3406775,1.0090011,0.9774299,1851.7657,1850.7882700736045,validation
2026-01-23 21:00:00,ZONE_B,0.0,0.068181455,0.0,0.349802,0.0,0.9133994,0.76569223,0.5142349,0.98158085,0.76569223,0.8640369,1795.1979,1794.3338630823134,validation
2026-01-23 21:15:00,ZONE_B,0.0,0.0,0.0,0.349802,0.0,0.0,0.6550625,1.2793863,0.0,0.6550625,1.6291883,1785.8894,1784.260211700821,validation
2026-01-23 21:30:00,ZONE_B,0.0,0.0,0.0,0.0,0.0,0.992484,0.6947958,0.9069855,0.992484,0.6947958,0.9069855,1754.9055,1753.9985144786835,validation
2026-01-23 21:45:00,ZONE_B,0.0,0.0,0.0,0.070444405,0.0,3.5892665,1.0965611,3.7011266,3.5892665,1.0965611,3.771571,1740.5016,1736.7300290790558,validation
2026-01-23 22:00:00,ZONE_B,0.0,0.18722865,0.24626672,0.349802,0.0,0.0,0.25571126,1.8799126,0.18722865,0.501978,2.2297146,1709.8098,1707.5800853679657,validation
2026-01-23 22:15:00,ZONE_B,0.0,0.0,0.0,0.349802,0.0,1.6114835,0.5060451,3.1479974,1.6114835,0.5060451,3.4977994,1701.8021,1698.3043006034852,validation
2026-01-23 22:30:00,ZONE_B,0.0,0.0,0.0,0.0,0.0,1.8714747,0.15210666,0.9069855,1.8714747,0.15210666,0.9069855,1662.6752,1661.7682144786834,validation
2026-01-23 22:45:00,ZONE_B,0.0,0.0,0.0,0.070444405,0.0,1.4052844,1.4125471,1.7594751,1.4052844,1.4125471,1.8299196,1627.1417,1625.311780423355,validation
2026-01-23 23:00:00,ZONE_B,0.0,0.18722865,0.24626672,0.349802,0.0,2.156741,0.7138501,5.289335,2.3439696,0.9601168,5.639137,1615.9135,1610.2743632087709,validation
2026-01-23 23:15:00,ZONE_B,0.0,0.0,0.0,0.349802,0.0,0.0,0.0,4.1661077,0.0,0.0,4.5159097,1619.0638,1614.5478903282165,validation
2026-01-23 23:30:00,ZONE_B,0.0,0.0,0.0,0.0,0.0,1.8732438,0.22792451,3.2269065,1.8732438,0.22792451,3.2269065,1615.2032,1611.9762934619903,validation
2026-01-23 23:45:00,ZONE_B,0.0,0.0,3.1945136,0.070444405,0.0,1.956242,4.3711586,4.3996787,1.956242,7.565672,4.4701233,1620.0801,1615.6099767089843,validation
2026-01-24 00:00:00,ZONE_B,0.0,0.0,0.0,0.0,0.0,0.0,1.0069188,2.866005,0.0,1.0069188,2.866005,1604.1584,1601.2923950561524,validation
2026-01-24 00:15:00,ZONE_B,0.0,0.0,0.0,0.0,0.0,1.5733618,1.9134204,2.7019987,1.5733618,1.9134204,2.7019987,1602.238,1599.5360012893677,validation
2026-01-24 00:30:00,ZONE_B,0.0,0.0,0.0,0.88209873,0.0,1.8326744,1.8716606,1.476528,1.8326744,1.8716606,2.3586268,1602.0343,1599.6756731575013,validation
2026-01-24 00:45:00,ZONE_B,0.0,0.0,0.91038036,1.0172864,0.0,2.0790772,1.7910717,1.629838,2.0790772,2.701452,2.6471243,1601.6647,1599.0175757095337,validation
2026-01-24 01:00:00,ZONE_B,0.0,0.0,0.0,0.0,0.0,1.6902784,1.4981554,0.25063777,1.6902784,1.4981554,0.25063777,1601.8497,1601.599062230301,validation
2026-01-24 01:15:00,ZONE_B,0.0,0.0,0.0,0.0,0.0,1.7044276,0.0,0.0,1.7044276,0.0,0.0,1605.1313,1605.1313,validation
2026-01-24 01:30:00,ZONE_B,0.0,0.0,0.0,0.8354941,0.0,1.659232,1.9134204,2.0526555,1.659232,1.9134204,2.8881495,1602.6555,1599.7673505001069,validation
2026-01-24 01:45:00,ZONE_B,0.0,0.0,0.91038036,1.0172864,0.0,2.0790772,1.917042,1.896893,2.0790772,2.8274224,2.9141793,1602.7512,1599.8370206748962,validation
2026-01-24 02:00:00,ZONE_B,0.0,0.0,0.0,0.0,0.0,0.0,1.5992142,2.866005,0.0,1.5992142,2.866005,1604.448,1601.5819950561524,validation
2026-01-24 02:15:00,ZONE_B,0.0,0.0,0.0,0.0,0.0,2.2966995,2.185867,0.67345524,2.2966995,2.185867,0.67345524,1602.5371,1601.8636447616577,validation
2026-01-24 02:30:00,ZONE_B,0.0,0.0,0.0,0.74422836,0.0,0.88945514,1.2822577,0.7353934,0.88945514,1.2822577,1.4796218,1601.571,1600.0913782320022,validation
2026-01-24 02:45:00,ZONE_B,0.0,0.011805187,0.91038036,1.0172864,0.0,2.0790772,1.9134204,1.896893,2.0908825,2.8238008,2.9141793,1606.9329,1604.0187206748963,validation
2026-01-24 03:00:00,ZONE_B,0.0,0.0,0.13239661,0.0,0.0,2.4526114,1.9134204,2.0526555,2.4526114,2.0458171,2.0526555,1605.0549,1603.0022445415498,validation
2026-01-24 03:15:00,ZONE_B,0.0,0.22659022,0.0,0.0,0.0,1.5733618,1.9134204,2.0526555,1.799952,1.9134204,2.0526555,1602.6475,1600.5948445415497,validation
2026-01-24 03:30:00,ZONE_B,0.0,0.0,0.0,0.0,0.0,1.166319,1.7877057,1.0511742,1.166319,1.7877057,1.0511742,1605.5126,1604.4614258361817,validation
2026-01-24 03:45:00,ZONE_B,0.0,0.0,1.6702483,1.0172864,0.0,2.021614,1.4768653,1.629838,2.021614,3.1471136,2.6471243,1604.2009,1601.5537757095337,validation
2026-01-24 04:00:00,ZONE_B,0.0,0.5010602,0.0,0.0,0.0,2.2966995,1.1081312,2.0937183,2.7977598,1.1081312,2.0937183,1600.539,1598.445281709671,validation
2026-01-24 04:15:00,ZONE_B,0.0,0.0,0.3559477,0.0,0.0,0.8035849,1.7528251,0.7353934,0.8035849,2.1087728,0.7353934,1603.7952,1603.0598065950394,validation
2026-01-24 04:30:00,ZONE_B,0.0,0.0,2.5402012,0.60618055,0.0,0.88945514,1.7528251,0.7353934,0.88945514,4.2930264,1.341574,1603.7837,1602.4421260463714,validation
2026-01-24 04:45:00,ZONE_B,0.0,0.0,0.42530942,0.0,0.0,2.021614,1.8251297,1.629838,2.021614,2.2504392,1.629838,1587.4989,1585.869062010193,validation
2026-01-24 05:00:00,ZONE_B,0.0,0.29808632,4.386274,1.2625073,0.0,3.4416337,1.8716606,6.6938777,3.73972,6.2579346,7.956385,1822.53,1814.5736148643493,validation
2026-01-24 05:15:00,ZONE_B,0.0,0.0,2.055131,0.0,0.0,0.8035849,1.5547041,0.7353934,0.8035849,3.6098351,0.7353934,1830.5814,1829.8460065950394,validation
2026-01-24 05:30:00,ZONE_B,0.0,0.0,3.6542528,3.2864137,0.0,1.777918,2.139336,1.629838,1.777918,5.7935886,4.9162517,1855.356,1850.4397483406067,validation
2026-01-24 05:45:00,ZONE_B,0.0,0.0,4.899904,0.0,0.0,1.1349206,1.2822577,0.90742975,1.1349206,6.1821613,0.90742975,1908.85,1907.9425702452659,validation
2026-01-24 06:00:00,ZONE_B,0.0,0.049736165,3.7395694,43.31242,0.0,2.2966995,1.875282,6.2165704,2.3464358,5.6148515,49.52899,1875.3998,1825.8708083007812,validation
2026-01-24 06:15:00,ZONE_B,0.0,4.773842,4.5657206,54.996258,0.0,0.8035849,1.614915,0.7353934,5.577427,6.1806355,55.73165,1940.1757,1884.4440486938477,validation
2026-01-24 06:30:00,ZONE_B,0.0,0.0,6.5268154,62.63897,0.0,1.5571511,1.0348443,1.629838,1.5571511,7.56166,64.26881,1968.7263,1904.4574935424805,validation
2026-01-24 06:45:00,ZONE_B,0.0,1.2211648,22.329895,69.57595,0.0,2.712764,1.5547041,0.90742975,3.933929,23.8846,70.48338,1989.0247,1918.541316821289,validation
2026-01-24 07:00:00,ZONE_B,0.0,12.752356,30.653244,58.83281,0.0,0.8035849,1.18597,0.90742975,13.555941,31.839214,59.74024,2004.1774,1944.4371618103028,validation
2026-01-24 07:15:00,ZONE_B,18.42134779279974,41.89255,61.42213,130.62817,0.0,0.8035849,1.614915,1.1534321,42.696136,63.037045,131.7816,2048.2468,1916.4651990478515,validation
2026-01-24 07:30:00,ZONE_B,33.1012830898379,70.2478,114.28643,136.18254,0.0,1.3088866,2.859424,0.67237276,71.55669,117.14585,136.85492,2091.8684,1955.013480566406,validation
2026-01-24 07:45:00,ZONE_B,49.721265434891706,77.16156,112.72484,143.04845,0.0,3.580484,1.614915,0.7353934,80.74204,114.33975,143.78384,2120.2466,1976.4627560058593,validation
2026-01-24 08:00:00,ZONE_B,65.48272363136674,92.69452,117.608826,150.42317,0.0,2.0276194,3.369249,3.5331366,94.72214,120.97807,153.95631,2183.8901,2029.933785913086,validation
2026-01-24 08:15:00,ZONE_B,85.6984300463339,103.8642,134.6685,177.80318,0.0,1.9828689,2.4441707,0.90742975,105.84707,137.11267,178.7106,2183.1594,2004.4487981933594,validation
2026-01-24 08:30:00,ZONE_B,104.10409751041584,119.88168,124.774284,195.64627,0.0,0.0,2.0819223,0.90742975,119.88168,126.85621,196.5537,2171.9243,1975.3706043212892,validation
2026-01-24 08:45:00,ZONE_B,112.5265656353302,129.03793,153.62543,219.97025,0.0,1.5726931,2.5043817,0.7353934,130.61063,156.1298,220.70564,2270.4573,2049.7516572998047,validation
2026-01-24 09:00:00,ZONE_B,123.33732040702068,151.3902,171.59378,225.16556,0.0,0.88989127,1.532008,0.90742975,152.28009,173.1258,226.07298,2058.1865,1832.1135172119139,validation
2026-01-24 09:15:00,ZONE_B,137.00251441235943,168.51164,189.44104,230.65913,0.0,0.48766336,2.7992132,3.5331366,168.99931,192.24025,234.19228,2021.4532,1787.2609239990234,validation
2026-01-24 09:30:00,ZONE_B,153.75725307009066,181.7588,208.31166,247.32732,0.0,1.5014659,2.859424,2.8422232,183.26027,211.17108,250.16954,1998.3417,1748.1721595947265,validation
2026-01-24 09:45:00,ZONE_B,168.4187420579777,189.03568,211.52007,239.07365,0.0,2.1134892,3.369249,2.5737562,191.14917,214.88931,241.64742,2017.7511,1776.1036848388671,validation
2026-01-24 10:00:00,ZONE_B,178.8954396051206,217.26054,237.08832,258.66443,0.0,2.4516582,2.859424,1.6563492,219.7122,239.94774,260.32077,2031.5317,1771.2109297363281,validation
2026-01-24 10:15:00,ZONE_B,182.94510130720843,203.13052,237.17055,256.5157,0.0,0.6972988,2.8360982,1.0870607,203.82782,240.00665,257.60275,2024.366,1766.763247314453,validation
2026-01-24 10:30:00,ZONE_B,204.82827149574612,230.33276,252.20572,266.01746,0.0,2.537528,2.859424,1.6563492,232.87029,255.06514,267.6738,2023.7959,1756.1221023925782,validation
2026-01-24 10:45:00,ZONE_B,201.1695599579388,223.93555,248.33075,256.0902,0.0,0.0,2.0418334,0.90742975,223.93555,250.37259,256.99765,2035.0402,1778.0425498535155,validation
2026-01-24 11:00:00,ZONE_B,215.2430225294167,245.67075,258.95612,267.66748,0.0,2.2914262,2.859424,3.9322753,247.96217,261.81555,271.59976,2027.7512,1756.1514380371093,validation
2026-01-24 11:15:00,ZONE_B,219.4666802806221,253.48608,262.3811,271.8104,0.0,1.7199386,2.859424,1.6563492,255.20602,265.24054,273.46674,2017.1826,1743.7158641601563,validation
2026-01-24 11:30:00,ZONE_B,236.83762260068005,250.16487,269.3249,278.69202,0.0,0.0,2.6095316,0.16586903,250.16487,271.93442,278.85788,1982.9037,1704.0458203613282,validation
2026-01-24 11:45:00,ZONE_B,223.18337016034727,257.41388,257.63074,266.68716,0.0,0.46574184,1.6148537,0.50830346,257.8796,259.2456,267.19547,2019.6235,1752.4280349121093,validation
2026-01-24 12:00:00,ZONE_B,247.68248668518416,261.62454,262.4462,267.47064,0.0,0.6972988,1.4581054,1.2916498,262.32184,263.9043,268.7623,1994.2358,1725.4735014160156,validation
2026-01-24 12:15:00,ZONE_B,269.1247902875712,281.39917,288.77286,292.176,0.0,1.5758275,2.859424,0.8359168,282.975,291.6323,293.0119,2008.8021,1715.7901981445314,validation
2026-01-24 12:30:00,ZONE_B,235.611252354136,269.4503,280.1106,284.82068,0.0,0.56436956,1.653757,0.0,270.01465,281.76434,284.82068,1981.1877,1696.3670212890624,validation
2026-01-24 12:45:00,ZONE_B,230.59925646279663,277.7253,262.8179,308.58276,0.0,0.5684364,1.6148537,1.7372973,278.29376,264.43277,310.32007,1984.6166,1674.296531640625,validation
2026-01-24 13:00:00,ZONE_B,287.7325695522645,287.04248,297.17493,329.30096,0.0,0.0,1.6042262,0.14360403,287.04248,298.77914,329.44458,1996.2892,1666.844619921875,validation
2026-01-24 13:15:00,ZONE_B,303.112689901774,316.33374,336.48184,376.1345,0.0,0.9611053,1.5004593,0.72236127,317.29483,337.9823,376.85684,1987.7588,1610.9019579589844,validation
2026-01-24 13:30:00,ZONE_B,343.76319286018526,352.48135,347.49896,355.56567,0.0,0.0,1.1454169,0.37069422,352.48135,348.64438,355.93637,1966.0354,1610.0990291503906,validation
2026-01-24 13:45:00,ZONE_B,368.05008373192,375.0408,387.30612,384.64685,0.0,2.2345514,2.0589552,0.14360403,377.27536,389.36508,384.79047,1999.8264,1615.0359336914062,validation
2026-01-24 14:00:00,ZONE_B,432.3611660516253,418.11334,384.56366,343.9263,0.0,0.041252345,0.04573156,0.4719388,418.1546,384.6094,344.39822,1976.5874,1632.1891761230468,validation
2026-01-24 14:15:00,ZONE_B,407.4882058880244,409.41833,377.30807,322.8378,0.0,0.042806268,0.8297188,1.2208581,409.46115,378.1378,324.05865,1966.23,1642.1713452148438,validation
2026-01-24 14:30:00,ZONE_B,431.59010247910976,417.752,383.381,313.67624,0.0,1.7708039,1.843826,2.4067316,419.52283,385.22482,316.08298,1945.2284,1629.145422705078,validation
2026-01-24 14:45:00,ZONE_B,409.4980668420992,387.67877,366.55505,290.83527,0.0,1.9310359,1.7904564,1.2208581,389.6098,368.34552,292.05612,1975.7793,1683.723178173828,validation
2026-01-24 15:00:00,ZONE_B,420.4583455952058,393.02576,350.07013,287.4065,0.0,1.072923,0.5227692,0.4494068,394.0987,350.5929,287.8559,1981.8009,1693.9450040039062,validation
2026-01-24 15:15:00,ZONE_B,384.034277041254,354.37488,311.2255,248.39624,0.0,0.8560234,0.5227692,0.4494068,355.2309,311.74826,248.84564,2003.8923,1755.0466579101562,validation
2026-01-24 15:30:00,ZONE_B,363.017322528174,343.53113,303.15128,234.1408,0.0,2.3774252,0.46255806,0.4494068,345.90854,303.61383,234.5902,1988.0945,1753.5043052978515,validation
2026-01-24 15:45:00,ZONE_B,310.12712430968713,292.19525,253.33809,187.14778,0.0,0.5996424,1.4285731,0.7836382,292.7949,254.76666,187.93143,2001.1726,1813.241172998047,validation
2026-01-24 16:00:00,ZONE_B,265.7820934665091,224.01257,192.10822,119.03082,0.0,0.1911667,0.0,1.1966751,224.20374,192.10822,120.2275,2021.9939,1901.7663990844726,validation
2026-01-24 16:15:00,ZONE_B,217.52997288680643,180.01083,154.03407,97.99244,0.0,0.0,0.24863704,0.0,180.01083,154.28271,97.99244,2006.8485,1908.8560607299805,validation
2026-01-24 16:30:00,ZONE_B,195.94484589006385,157.51033,128.91214,62.811184,0.0,0.0,0.24863704,0.0,157.51033,129.16078,62.811184,2004.2832,1941.4720160705567,validation
2026-01-24 16:45:00,ZONE_B,147.2721653675553,109.68262,86.15236,37.101784,0.0,0.45098045,0.52871305,1.1851983,110.1336,86.68107,38.286983,2004.3069,1966.0199165100098,validation
2026-01-24 17:00:00,ZONE_B,127.22241149049091,91.81279,67.38996,0.0,0.0,0.0,0.3088481,1.1672807,91.81279,67.69881,1.1672807,2003.9517,2002.7844193260194,validation
2026-01-24 17:15:00,ZONE_B,107.50268755073176,73.032875,36.280922,0.0,0.0,0.0,0.4535761,0.0,73.032875,36.734497,0.0,2002.4108,2002.4108,validation
2026-01-24 17:30:00,ZONE_B,71.05686642425108,32.960606,1.9237875,0.0,0.0,0.0,0.75621814,0.0,32.960606,2.6800056,0.0,2011.218,2011.218,validation
2026-01-24 17:45:00,ZONE_B,30.94426791139068,0.0,1.2721899,0.33893448,0.0,0.0,0.24863704,0.0,0.0,1.5208269,0.33893448,2004.0044,2003.665465518856,validation
2026-01-24 18:00:00,ZONE_B,0.0,0.0,3.2592123,0.0,0.0,0.9133994,2.048575,0.0,0.9133994,5.307787,0.0,2007.9734,2007.9734,validation
2026-01-24 18:15:00,ZONE_B,0.0,15.859106,13.239056,6.740233,0.0,0.0,0.55596405,0.0,15.859106,13.79502,6.740233,2003.9904,1997.2501670555114,validation
2026-01-24 18:30:00,ZONE_B,0.0,0.0,0.0,0.412374,0.0,0.0,0.24863704,0.0,0.0,0.24863704,0.412374,2002.0751,2001.6627260101795,validation
2026-01-24 18:45:00,ZONE_B,0.0,0.0,0.0,0.0,0.0,1.244735,0.5190627,0.098679945,1.244735,0.5190627,0.098679945,2002.886,2002.787320055127,validation
2026-01-24 19:00:00,ZONE_B,0.0,0.0,0.0,0.0,0.0,0.9133994,0.047940366,2.7276218,0.9133994,0.047940366,2.7276218,2002.1989,1999.4712782062531,validation
2026-01-24 19:15:00,ZONE_B,0.0,0.0,0.0,0.0,0.0,0.0,0.6244456,0.0,0.0,0.6244456,0.0,2006.2535,2006.2535,validation
2026-01-24 19:30:00,ZONE_B,0.0,0.0,0.0,0.36223325,0.0,0.0,0.85030377,0.0,0.0,0.85030377,0.36223325,2004.3822,2004.0199667486668,validation
2026-01-24 19:45:00,ZONE_B,0.0,0.0,0.0,0.0,0.0,1.41207,0.41667473,0.09385918,1.41207,0.41667473,0.09385918,2002.1073,2002.0134408191918,validation
2026-01-24 20:00:00,ZONE_B,0.0,0.0,0.56456834,0.0,0.0,1.5198206,0.07451041,1.7200493,1.5198206,0.63907874,1.7200493,1881.5298,1879.8097507379532,validation
2026-01-24 20:15:00,ZONE_B,0.0,0.0,0.0,1.196889,0.0,0.0,0.24863704,0.82560474,0.0,0.24863704,2.0224938,1873.0177,1870.9952061607362,validation
2026-01-24 20:30:00,ZONE_B,0.0,0.0,0.0,0.18308523,0.0,0.0,0.74791586,1.2135348,0.0,0.74791586,1.39662,1856.825,1855.4283799648285,validation
2026-01-24 20:45:00,ZONE_B,0.0,0.0,0.0,0.0,0.0,0.13626945,0.25112858,1.7610283,0.13626945,0.25112858,1.7610283,1851.0869,1849.325871710205,validation
2026-01-24 21:00:00,ZONE_B,0.0,0.18143404,0.11916181,0.0,0.0,1.0807345,0.68987423,0.48660994,1.2621685,0.809036,0.48660994,1788.0449,1787.5582900642396,validation
2026-01-24 21:15:00,ZONE_B,0.0,0.019874059,0.0,0.0,0.0,1.0739487,1.4125471,0.0,1.0938228,1.4125471,0.0,1777.9551,1777.9551,validation
2026-01-24 21:30:00,ZONE_B,0.0,0.17691654,0.0,0.0,0.0,1.6973537,1.0090011,0.48660994,1.8742702,1.0090011,0.48660994,1757.7704,1757.2837900642396,validation
2026-01-24 21:45:00,ZONE_B,0.0,0.065096915,0.0,0.0,0.0,0.0559461,0.0,3.2807508,0.12104301,0.0,3.2807508,1752.9814,1749.7006492485045,validation
2026-01-24 22:00:00,ZONE_B,0.0,0.23531967,0.043736555,0.011964215,0.0,0.9133994,0.28632817,0.48660994,1.1487191,0.3300647,0.49857414,1700.9307,1700.4321258623122,validation
2026-01-24 22:15:00,ZONE_B,0.0,0.019874059,0.0,0.0,0.0,0.0,1.0552424,1.5293155,0.019874059,1.0552424,1.5293155,1702.0281,1700.4987845283508,validation
2026-01-24 22:30:00,ZONE_B,0.0,0.019874059,0.0,0.0,0.0,1.1666048,0.6550625,2.107979,1.1864789,0.6550625,2.107979,1646.1781,1644.0701209407807,validation
2026-01-24 22:45:00,ZONE_B,0.0,0.19876072,0.08332767,0.0,0.0,1.942819,1.4125471,0.0,2.1415796,1.4958748,0.0,1650.0729,1650.0729,validation
2026-01-24 23:00:00,ZONE_B,0.0,0.29951927,0.4608844,0.0,0.0,0.22520572,0.76569223,0.7141426,0.52472496,1.2265766,0.7141426,1629.7129,1628.9987573794365,validation
2026-01-24 23:15:00,ZONE_B,0.0,0.084073596,0.0,0.0,0.0,1.2473911,1.3184615,0.0,1.3314646,1.3184615,0.0,1627.9663,1627.9663,validation
2026-01-24 23:30:00,ZONE_B,0.0,0.0,0.0,0.0,0.0,1.8707961,0.6947958,1.0282652,1.8707961,0.6947958,1.0282652,1611.1355,1610.1072347621919,validation
2026-01-24 23:45:00,ZONE_B,0.0,0.06413485,0.5187176,0.0,0.0,0.0,0.6947958,2.4378803,0.06413485,1.2135134,2.4378803,1615.0818,1612.6439197223663,validation
2026-01-25 00:00:00,ZONE_B,0.0,0.35377732,0.0,0.0,0.0,2.6740532,1.0456427,1.3665781,3.0278306,1.0456427,1.3665781,1600.2161,1598.8495218978883,validation
2026-01-25 00:15:00,ZONE_B,0.0,0.11163773,2.8258617,1.083206,0.0,2.9139848,2.215093,0.69305575,3.0256226,5.0409546,1.7762618,1601.9719,1600.195638193512,validation
2026-01-25 00:30:00,ZONE_B,0.0,0.0,0.0,0.5570134,0.0,3.0328522,2.2533393,2.3198936,3.0328522,2.2533393,2.8769069,1602.3472,1599.4702931282043,validation
2026-01-25 00:45:00,ZONE_B,0.0,0.12041798,1.1064248,1.370913,0.0,0.7670193,3.0024107,4.298432,0.8874372,4.108835,5.669345,1608.5328,1602.8634550979614,validation
2026-01-25 01:00:00,ZONE_B,0.0,0.3046754,0.0,0.0,0.0,2.946982,1.8846052,3.6630416,3.2516572,1.8846052,3.6630416,1604.7273,1601.0642584083557,validation
2026-01-25 01:15:00,ZONE_B,0.0,0.048475794,0.0,0.0,0.0,2.0662336,0.0,0.3571912,2.1147094,0.0,0.3571912,1601.5729,1601.2157087949752,validation
2026-01-25 01:30:00,ZONE_B,0.0,0.0,0.0,0.5570134,0.0,3.4074302,3.0024107,4.6373816,3.4074302,3.0024107,5.194395,1603.9374,1598.7430049346924,validation
2026-01-25 01:45:00,ZONE_B,0.0,0.0,1.0515802,1.370913,0.0,2.7201827,1.5114068,3.2565465,2.7201827,2.5629869,4.6274595,1601.0338,1596.406340473938,validation
2026-01-25 02:00:00,ZONE_B,0.0,0.14763296,0.0,0.0,0.0,1.1352018,1.5703988,3.418114,1.2828348,1.5703988,3.418114,1601.1489,1597.7307860530852,validation
2026-01-25 02:15:00,ZONE_B,0.0,0.14035666,0.0,0.0,0.0,2.8895187,2.2533393,2.8927643,3.0298753,2.2533393,2.8927643,1607.6757,1604.7829356700897,validation
2026-01-25 02:30:00,ZONE_B,0.0,0.0,0.0,0.36773103,0.0,2.975389,2.6016035,4.6373816,2.975389,2.6016035,5.0051126,1597.2219,1592.2167873519898,validation
2026-01-25 02:45:00,ZONE_B,0.0,0.021564808,1.0515802,1.1816306,0.0,2.6957166,2.329157,2.3198936,2.7172813,3.3807373,3.5015242,1602.171,1598.6694757900239,validation
2026-01-25 03:00:00,ZONE_B,0.0,0.04877977,0.0,0.0,0.0,3.9496074,1.960423,2.3542233,3.998387,1.960423,2.3542233,1603.8075,1601.4532767486571,validation
2026-01-25 03:15:00,ZONE_B,0.0,0.0,0.0,0.0,0.0,2.772602,3.0024107,2.3542233,2.772602,3.0024107,2.3542233,1601.8251,1599.4708767486572,validation
2026-01-25 03:30:00,ZONE_B,0.0,0.0,0.0,0.5570134,0.0,3.0328522,2.9606514,2.3542233,3.0328522,2.9606514,2.9112368,1601.739,1598.8277632369995,validation
2026-01-25 03:45:00,ZONE_B,0.0,0.0,0.9761549,1.3092222,0.0,3.1277578,2.688205,2.3542233,3.1277578,3.66436,3.6634455,1600.8164,1597.1529545272826,validation
2026-01-25 04:00:00,ZONE_B,0.0,0.14763296,0.0,0.0,0.0,3.2447376,1.9555647,1.3408332,3.3923707,1.9555647,1.3408332,1600.2375,1598.8966668128967,validation
2026-01-25 04:15:00,ZONE_B,0.0,0.0,0.0,0.0,0.0,2.9139848,2.2970479,0.97338676,2.9139848,2.2970479,0.97338676,1595.5775,1594.6041132354737,validation
2026-01-25 04:30:00,ZONE_B,0.0,0.0,0.0,0.27040187,0.0,2.999855,2.2970479,0.97338676,2.999855,2.2970479,1.2437886,1598.1608,1596.9170114000322,validation
2026-01-25 04:45:00,ZONE_B,0.0,0.4110199,5.1255116,10.155861,0.0,2.7201827,2.016972,0.72738457,3.1312025,7.1424837,10.883245,1660.4879,1649.6046545318604,validation
2026-01-25 05:00:00,ZONE_B,0.0,0.14763296,0.0,0.0,0.0,3.1276422,1.3680446,0.97338676,3.2752752,1.3680446,0.97338676,1838.116,1837.1426132354736,validation
2026-01-25 05:15:00,ZONE_B,0.0,0.24411991,0.66025317,0.0,0.0,2.9139848,2.016972,0.72738457,3.1581047,2.677225,0.72738457,1848.9921,1848.2647154327392,validation
2026-01-25 05:30:00,ZONE_B,0.0,0.0,0.0,0.08708937,0.0,2.975389,2.2873974,2.3542233,2.975389,2.2873974,2.4413126,1872.9421,1870.5007874485016,validation
2026-01-25 05:45:00,ZONE_B,0.0,0.03919142,6.0986853,8.865455,0.0,2.7201827,4.5449696,1.1454232,2.7593741,10.643655,10.010878,1882.2374,1872.226522390747,validation
2026-01-25 06:00:00,ZONE_B,0.0,9.729553,7.1813097,63.46075,0.0,1.6976851,3.2983415,0.72738457,11.427238,10.479651,64.18813,1889.3005,1825.112366760254,validation
2026-01-25 06:15:00,ZONE_B,0.0,1.3802211,12.822274,83.8818,0.0,2.9139848,4.386604,0.72738457,4.2942057,17.208878,84.609184,1947.4644,1862.8552157348634,validation
2026-01-25 06:30:00,ZONE_B,0.0,0.0,2.6387582,105.88952,0.0,1.2965369,3.865196,0.89942074,1.2965369,6.503954,106.78894,1966.0675,1859.2785595703126,validation
2026-01-25 06:45:00,ZONE_B,0.0,1.4730189,29.102026,101.21516,0.0,2.7201827,3.6670754,0.89942074,4.1932015,32.7691,102.11458,1968.0059,1865.8913217529298,validation
2026-01-25 07:00:00,ZONE_B,0.0,24.893257,82.47895,150.914,0.0,3.2447376,3.8065338,5.6917815,28.137995,86.285484,156.60579,2021.7449,1865.1391108154296,validation
2026-01-25 07:15:00,ZONE_B,47.51138721258869,91.22356,149.29668,229.05138,0.0,1.2106671,4.386604,0.89942074,92.43423,153.68327,229.95079,2067.7844,1837.8336095947266,validation
2026-01-25 07:30:00,ZONE_B,92.6679634726363,136.52292,166.35349,226.57701,0.0,2.8201032,4.386604,0.89942074,139.34302,170.74008,227.47643,2090.3142,1862.8377748291014,validation
2026-01-25 07:45:00,ZONE_B,120.65431881167432,162.49829,193.8058,272.4022,0.0,3.999143,4.386604,0.72738457,166.49744,198.1924,273.12958,2128.9578,1855.8282223632814,validation
2026-01-25 08:00:00,ZONE_B,151.46750638902503,200.89868,235.4894,302.33325,0.0,2.2381873,4.386604,0.89942074,203.13687,239.87599,303.23267,2168.845,1865.6123339843748,validation
2026-01-25 08:15:00,ZONE_B,177.45831291136403,211.10126,248.67484,347.1378,0.0,2.0455942,4.556541,1.765548,213.14685,253.23137,348.90332,2235.215,1886.3116796875001,validation
2026-01-25 08:30:00,ZONE_B,209.4026120008475,239.48138,268.94067,359.87848,0.0,2.807262,5.27607,1.5962616,242.28865,274.21674,361.47473,2221.635,1860.1602685546877,validation
2026-01-25 08:45:00,ZONE_B,241.535628769384,263.65387,342.09366,362.7302,0.0,3.2430542,4.425446,4.2449346,266.8969,346.5191,366.97513,2247.1812,1880.2060718261719,validation
2026-01-25 09:00:00,ZONE_B,299.77167688167964,340.11746,381.36325,458.61298,0.0,2.425702,4.386604,0.72738457,342.54315,385.74985,459.34036,1979.7998,1520.4594374511719,validation
2026-01-25 09:15:00,ZONE_B,344.81780310926393,379.89706,421.26822,502.94,0.0,2.8999953,5.27607,4.263013,382.79706,426.54428,507.203,2005.7941,1498.5910970703126,validation
2026-01-25 09:30:00,ZONE_B,383.7349497415318,423.83096,462.5663,523.29095,0.0,1.2248505,4.911583,2.8009143,425.05582,467.4779,526.09186,2028.9424,1502.8505420898437,validation
2026-01-25 09:45:00,ZONE_B,448.89881541720615,486.0136,555.8934,579.48047,0.0,0.5684155,3.4931622,4.2449346,486.58203,559.38654,583.7254,2036.9683,1453.2428971679687,validation
2026-01-25 10:00:00,ZONE_B,522.742494004412,547.59357,564.9582,614.2649,0.0,1.3565778,4.386604,0.0,548.95013,569.3448,614.2649,1996.2303,1381.965407421875,validation
2026-01-25 10:15:00,ZONE_B,580.1389262228496,612.3707,637.58795,623.33093,0.0,0.72969896,4.386543,5.9359083,613.1004,641.9745,629.26685,2036.0522,1406.785354296875,validation
2026-01-25 10:30:00,ZONE_B,616.4860376698433,651.55524,642.5265,644.88525,0.0,2.6448507,5.358916,3.6628456,654.2001,647.8854,648.5481,2032.1729,1383.624804296875,validation
2026-01-25 10:45:00,ZONE_B,616.0711879619998,611.84515,634.49524,684.6526,0.0,4.874961,5.631112,0.0,616.7201,640.12634,684.6526,1985.9796,1301.327012109375,validation
2026-01-25 11:00:00,ZONE_B,607.6743803661448,594.7704,598.98193,664.79584,0.0,1.6226048,5.6077867,2.4877179,596.393,604.5897,667.28357,2047.1901,1379.9065306640625,validation
2026-01-25 11:15:00,ZONE_B,614.6920731043389,570.7186,640.07465,628.3839,0.0,2.805447,5.7858953,1.7387984,573.52405,645.86053,630.1227,2011.3114,1381.1887193359375,validation
2026-01-25 11:30:00,ZONE_B,640.945439404405,613.88074,674.52814,668.9367,0.0,0.72882795,4.303697,0.9966186,614.60956,678.83185,669.93335,2042.2885,1372.355150390625,validation
2026-01-25 11:45:00,ZONE_B,721.8892611155409,708.70483,732.9968,730.62744,0.0,1.8738984,4.658739,2.4877179,710.57874,737.6556,733.1152,2031.0928,1297.9776266601561,validation
2026-01-25 12:00:00,ZONE_B,434.3327591873994,464.89764,459.30106,526.3308,0.0,1.4802537,4.613017,5.0553646,466.3779,463.91406,531.38617,2056.003,1524.6168305664064,validation
2026-01-25 12:15:00,ZONE_B,530.7390325736975,562.26843,579.963,614.8001,0.0,0.35022688,4.425446,3.5670385,562.61865,584.3885,618.3671,2006.06,1387.6928735351562,validation
2026-01-25 12:30:00,ZONE_B,445.3308539325725,428.25778,476.2334,511.62967,0.0,0.3903248,4.658739,5.0585876,428.6481,480.89215,516.68823,2069.594,1552.905767578125,validation
2026-01-25 12:45:00,ZONE_B,427.3697524615348,431.23413,469.39154,538.66956,0.0,2.2580032,4.303697,0.22152574,433.49213,473.69525,538.89105,2027.9363,1489.0452477539063,validation
2026-01-25 13:00:00,ZONE_B,517.2078252649048,574.23083,560.06934,596.5052,0.0,3.361535,3.9688554,3.9699874,577.59235,564.0382,600.47516,2009.1002,1408.6250413085938,validation
2026-01-25 13:15:00,ZONE_B,387.0656337676705,393.1165,396.0697,464.5526,0.0,2.4773588,4.889479,1.4311546,395.59384,400.95917,465.98376,2006.4935,1540.5097353515625,validation
2026-01-25 13:30:00,ZONE_B,387.3393766892978,401.26517,444.00732,431.86282,0.0,1.7512927,6.01638,3.6523943,403.01645,450.0237,435.51523,1997.2588,1561.7435717285157,validation
2026-01-25 13:45:00,ZONE_B,497.87255976049966,541.8431,591.68524,530.54913,0.0,0.20689505,3.1975772,1.3232623,542.05,594.8828,531.8724,2024.79,1492.9176245117187,validation
2026-01-25 14:00:00,ZONE_B,365.6159956031396,415.7695,376.58902,360.72537,0.0,0.0,3.5272524,5.658129,415.7695,380.11627,366.3835,1995.8175,1629.4339855957032,validation
2026-01-25 14:15:00,ZONE_B,366.17447296764993,406.3503,364.79166,347.9922,0.0,1.0360441,4.2016373,3.3351758,407.38635,368.9933,351.32736,1975.0284,1623.701037939453,validation
2026-01-25 14:30:00,ZONE_B,388.5331742659706,411.92065,358.25583,288.42795,0.0,1.7644715,3.464396,1.3115214,413.68512,361.7202,289.73947,1970.8134,1681.0739285644531,validation
2026-01-25 14:45:00,ZONE_B,303.8542893067635,312.36465,282.67715,255.78708,0.0,0.09243044,3.723071,0.84482455,312.4571,286.40024,256.6319,2014.7991,1758.1672030273437,validation
2026-01-25 15:00:00,ZONE_B,367.2393372676344,339.72058,303.7265,246.85521,0.4269835826610846,1.2117168,3.7711635,2.6800547,340.9323,307.49765,249.53526,2038.0831,1788.5478369384766,validation
2026-01-25 15:15:00,ZONE_B,521.6298770386304,485.55527,446.76935,357.5261,0.5385387863906143,0.0,2.526837,1.4019765,485.55527,449.29617,358.92807,2050.2415,1691.3134299316407,validation
2026-01-25 15:30:00,ZONE_B,480.647394808268,438.90237,423.51712,318.94077,0.0,2.4645762,5.7481427,0.0,441.36694,429.26526,318.94077,2035.5245,1716.5837346191406,validation
2026-01-25 15:45:00,ZONE_B,451.4449216527782,415.18588,362.10104,272.53143,0.0,0.0,4.6155148,8.256049,415.18588,366.71655,280.78748,2037.3519,1756.5644244140624,validation
2026-01-25 16:00:00,ZONE_B,411.23515806876543,350.77396,309.45624,203.4555,0.0,1.7486069,2.0571575,0.0,352.52255,311.5134,203.4555,2033.6903,1830.2347946289062,validation
2026-01-25 16:15:00,ZONE_B,358.15571329142705,310.84497,264.4035,171.32314,0.0,0.7767011,2.854036,0.9014877,311.62167,267.25754,172.22462,2050.1162,1877.8915753662109,validation
2026-01-25 16:30:00,ZONE_B,311.28648394709126,265.12042,219.58455,135.09279,0.0,1.0094,2.2270947,0.7391914,266.12982,221.81165,135.83199,2044.3763,1908.544314526367,validation
2026-01-25 16:45:00,ZONE_B,264.2947275121661,216.68639,181.28156,74.41161,0.0,1.495122,1.337628,0.0,218.1815,182.61919,74.41161,2039.3022,1964.8905865356446,validation
2026-01-25 17:00:00,ZONE_B,204.72190550462057,161.83119,115.41367,11.79455,0.0,0.0,2.0571575,0.0,161.83119,117.47083,11.79455,2016.6605,2004.8659500579834,validation
2026-01-25 17:15:00,ZONE_B,143.7770339029568,93.5198,37.059277,4.2844696,0.0,0.0,1.337628,0.45736247,93.5198,38.396904,4.7418323,2009.6394,2004.8975677436829,validation
2026-01-25 17:30:00,ZONE_B,102.02685738318516,46.19528,3.4672198,10.483052,0.0,0.0,1.337628,0.0,46.19528,4.8048477,10.483052,2020.0924,2009.6093477462769,validation
2026-01-25 17:45:00,ZONE_B,50.99983196542628,2.8368213,0.0,6.5425124,0.0,0.0,1.9392955,0.0,2.8368213,1.9392955,6.5425124,2019.0847,2012.5421875831605,validation
2026-01-25 18:00:00,ZONE_B,0.0,1.3564497,5.350149,18.244427,0.0,0.0,1.2489699,0.0,1.3564497,6.599119,18.244427,2002.6931,1984.448673272705,validation
2026-01-25 18:15:00,ZONE_B,0.0,0.46487772,1.7425958,13.735881,0.0,2.3070006,1.6080537,2.4114807,2.7718782,3.3506494,16.147362,2006.2151,1990.0677382446288,validation
2026-01-25 18:30:00,ZONE_B,0.0,0.0,2.330703,17.347189,0.0,0.0,2.6292412,0.0,0.0,4.9599442,17.347189,2001.8824,1984.535211050415,validation
2026-01-25 18:45:00,ZONE_B,0.0,0.0,0.0,2.8411977,0.0,0.0,2.1169832,0.0,0.0,2.1169832,2.8411977,2002.2473,1999.4061022708893,validation
2026-01-25 19:00:00,ZONE_B,0.0,0.0,0.9707396,3.2692587,0.0,2.4743357,1.0611138,0.0,2.4743357,2.0318534,3.2692587,1999.8346,1996.5653412624358,validation
2026-01-25 19:15:00,ZONE_B,0.0,0.0,0.85113704,16.370344,0.0,2.3070006,1.8464425,2.027449,2.3070006,2.6975794,18.397793,2006.0847,1987.686907183838,validation
2026-01-25 19:30:00,ZONE_B,0.0,0.026960038,0.0,3.319537,0.0,0.0,1.542567,1.3144717,0.026960038,1.542567,4.6340084,2001.7471,1997.1130915924073,validation
2026-01-25 19:45:00,ZONE_B,0.0,0.0,0.27287784,6.9729924,0.0,2.113198,2.223418,2.1797678,2.113198,2.496296,9.1527605,2000.8505,1991.6977394943237,validation
2026-01-25 20:00:00,ZONE_B,0.0,0.0,0.08451578,8.399785,0.0,2.4743357,1.8546835,0.4881224,2.4743357,1.9391993,8.887907,1881.4,1872.5120929718018,validation
2026-01-25 20:15:00,ZONE_B,0.0,0.0,0.0,8.450064,0.7094148153159723,1.5529835,1.7876482,0.0,1.5529835,1.7876482,8.450064,1875.0487,1866.5986362945557,validation
2026-01-25 20:30:00,ZONE_B,0.0,0.0,0.0,4.477715,0.880002738779481,2.8270893,1.545933,2.4507835,2.8270893,1.545933,6.9284983,1856.0098,1849.0813017318726,validation
2026-01-25 20:45:00,ZONE_B,0.0,0.0,0.0,8.555732,0.0,0.98909414,1.7837874,2.1797678,0.98909414,1.7837874,10.735499,1851.2241,1840.4886006179809,validation
2026-01-25 21:00:00,ZONE_B,0.0,0.17446178,0.2772929,1.7797546,0.0,1.094406,0.9481815,4.5622997,1.2688677,1.2254744,6.3420544,1794.5156,1788.1735456329345,validation
2026-01-25 21:15:00,ZONE_B,0.0,0.2710566,0.0,1.8300332,0.0,0.8492931,1.6310395,1.166378,1.1203496,1.6310395,2.9964113,1790.9098,1787.9133886764525,validation
2026-01-25 21:30:00,ZONE_B,0.0,0.0780633,0.060303822,1.8300332,0.0,3.2135713,1.5406945,3.0040357,3.2916346,1.6009983,4.834069,1754.1953,1749.361231224823,validation
2026-01-25 21:45:00,ZONE_B,0.0,0.25111786,0.037649177,4.669194,0.0,1.5845466,0.0,3.6803033,1.8356644,0.037649177,8.349498,1750.6587,1742.309202204895,validation
2026-01-25 22:00:00,ZONE_B,0.0,0.6709976,0.36487833,5.650012,0.0,2.6409922,2.501539,2.0668747,3.3119898,2.8664174,7.7168865,1693.8541,1686.1372134796143,validation
2026-01-25 22:15:00,ZONE_B,0.0,0.44542554,0.0,10.085954,0.0,0.82921207,1.5950375,2.352773,1.2746376,1.5950375,12.438726,1716.0243,1703.5855735748291,validation
2026-01-25 22:30:00,ZONE_B,0.0,0.44542554,0.0,6.237596,0.0,2.55342,2.501539,2.1797678,2.9988456,2.501539,8.417364,1645.9907,1637.5733358795167,validation
2026-01-25 22:45:00,ZONE_B,0.0,0.2409915,0.032137312,1.6188521,0.0,1.9249686,2.5394917,3.0040357,2.16596,2.571629,4.6228876,1659.398,1654.7751123886108,validation
2026-01-25 23:00:00,ZONE_B,0.0,0.29350898,0.40969408,1.8016546,0.0,2.6409922,2.501539,3.036053,2.9345012,2.911233,4.8377075,1624.2784,1619.4406924804687,validation
2026-01-25 23:15:00,ZONE_B,0.0,0.26093024,0.0,1.8519331,0.0,2.6409922,2.501539,2.3010337,2.9019225,2.501539,4.152967,1615.2516,1611.0986330238343,validation
2026-01-25 23:30:00,ZONE_B,0.0,0.26093024,0.0,1.8519331,0.0,2.55342,1.5950375,3.497962,2.8143504,1.5950375,5.349895,1610.1384,1604.7885049995423,validation
2026-01-25 23:45:00,ZONE_B,0.0,0.2409915,0.32452726,1.1791896,0.0,1.4182186,2.501539,2.509669,1.6592101,2.8260663,3.6888585,1619.6409,1615.9520414909364,validation
2026-01-26 00:00:00,ZONE_B,0.0,0.5731844,0.0,0.0,0.0,3.9207344,3.2348063,5.0549145,4.493919,3.2348063,5.0549145,1610.7202,1605.6652855255127,validation
2026-01-26 00:15:00,ZONE_B,0.0,0.22437042,0.0,0.0,0.0,3.3985138,3.272759,4.1743097,3.6228843,3.272759,4.1743097,1608.9587,1604.7843902694701,validation
2026-01-26 00:30:00,ZONE_B,0.0,0.22437042,0.0,0.6474918,0.0,6.037641,2.9585528,5.1264415,6.2620115,2.9585528,5.7739334,1607.8396,1602.0656665893555,validation
2026-01-26 00:45:00,ZONE_B,0.0,0.38892692,1.0552344,1.3491126,0.0,3.7298496,2.9585528,4.1743097,4.1187763,4.0137873,5.5234222,1608.4788,1602.9553777587892,validation
2026-01-26 01:00:00,ZONE_B,0.0,0.20582226,0.783204,28.913887,0.0,2.065591,2.3510752,2.5355618,2.2714133,3.1342793,31.44945,1614.6139,1583.1644504608155,validation
2026-01-26 01:15:00,ZONE_B,0.0,0.22614527,0.0,0.0,0.0,3.113178,2.8740695,5.027914,3.3393233,2.8740695,5.027914,1608.5587,1603.5307859527588,validation
2026-01-26 01:30:00,ZONE_B,0.0,0.0,0.0,0.08708937,0.0,4.006605,2.9206002,10.201378,4.006605,2.9206002,10.288467,1611.8542,1601.5657325927734,validation
2026-01-26 01:45:00,ZONE_B,0.0,0.16220094,1.1064248,1.1816306,0.0,6.2265806,3.7029343,4.648096,6.3887815,4.809359,5.8297267,1603.472,1597.6422733039856,validation
2026-01-26 02:00:00,ZONE_B,0.0,0.31043863,0.0,0.0,0.0,4.25456,5.044012,4.120143,4.5649986,5.044012,4.120143,1608.6608,1604.5406570632936,validation
2026-01-26 02:15:00,ZONE_B,0.0,0.0,0.0,0.0,0.0,2.7561984,2.9206002,5.1264415,2.7561984,2.9206002,5.1264415,1602.8932,1597.7667585212707,validation
2026-01-26 02:30:00,ZONE_B,0.0,0.041503515,0.0,0.75790596,1.6403186388762174,4.30531,3.4264088,6.8781686,4.346813,3.4264088,7.6360745,1610.0093,1602.3732254570007,validation
2026-01-26 02:45:00,ZONE_B,0.0,0.0,1.1064248,1.2939098,0.0,3.3088512,2.5686467,3.4419994,3.3088512,3.6750715,4.7359095,1602.7302,1597.9942905380249,validation
2026-01-26 03:00:00,ZONE_B,0.0,0.20582226,0.088613056,0.0,0.0,3.9207344,4.6550493,10.760738,4.126557,4.7436624,10.760738,1603.4825,1592.7217616271973,validation
2026-01-26 03:15:00,ZONE_B,0.0,0.18213968,0.0,0.0,0.0,6.0080156,0.40456522,4.337601,6.1901555,0.40456522,4.337601,1602.5227,1598.185098815155,validation
2026-01-26 03:30:00,ZONE_B,0.0,0.18213968,0.0,0.6716885,1.1185396398650318,4.03514,4.136077,3.2663407,4.21728,4.136077,3.9380293,1603.6486,1599.7105707107544,validation
2026-01-26 03:45:00,ZONE_B,0.0,0.0,0.9761549,1.4377441,0.5207848573604503,8.095407,0.35803407,4.60519,8.095407,1.3341889,6.042934,1603.8654,1597.8224660591125,validation
2026-01-26 04:00:00,ZONE_B,0.0,0.15678403,0.0,0.0,0.0,3.2543797,0.026201548,3.746596,3.4111638,0.026201548,3.746596,1603.3525,1599.6059039020538,validation
2026-01-26 04:15:00,ZONE_B,0.0,0.0,0.0,0.0,0.0,3.2543797,0.5930569,3.746596,3.2543797,0.5930569,3.746596,1603.9711,1600.2245039020538,validation
2026-01-26 04:30:00,ZONE_B,0.0,0.0,0.0,0.5570134,0.0,3.166114,0.3949356,3.2663407,3.166114,0.3949356,3.8233542,1603.976,1600.152645755768,validation
2026-01-26 04:45:00,ZONE_B,0.0,0.12041798,1.2746353,1.4793661,0.0,4.904694,0.40456522,4.748078,5.025112,1.6792005,6.2274437,1620.2739,1614.0464563049316,validation
2026-01-26 05:00:00,ZONE_B,0.0,4.212838,3.665629,2.2458265,0.0,3.0802443,0.0,3.0500393,7.293082,3.665629,5.295866,1865.2013,1859.9054339874267,validation
2026-01-26 05:15:00,ZONE_B,0.0,0.2746904,3.4680386,0.22132277,0.0,2.9775162,0.08760872,6.3144526,3.2522066,3.5556474,6.535775,1863.3127,1856.7769248153686,validation
2026-01-26 05:30:00,ZONE_B,0.0,0.047513798,0.0,0.0,0.0,3.063386,0.5930569,3.2663407,3.1108997,0.5930569,3.2663407,1857.4734,1854.2070592674256,validation
2026-01-26 05:45:00,ZONE_B,0.0,0.027575081,2.4150674,1.9735402,0.0,3.3088512,3.0729105,3.2663407,3.3364263,5.487978,5.239881,1873.4626,1868.2227189613343,validation
2026-01-26 06:00:00,ZONE_B,0.0,8.069555,6.678323,36.831688,0.0,6.7850304,0.96385187,4.497297,14.854586,7.6421747,41.328983,1930.058,1888.7290166931152,validation
2026-01-26 06:15:00,ZONE_B,0.0,0.0,3.866269,52.26477,0.0,3.049038,0.08760872,6.3144526,3.049038,3.953878,58.579224,1939.2179,1880.6386763671876,validation
2026-01-26 06:30:00,ZONE_B,0.0,0.0,13.699269,95.29131,0.0,3.063386,0.14781961,3.7107449,3.063386,13.847089,99.00206,1968.0006,1868.9985400634766,validation
2026-01-26 06:45:00,ZONE_B,0.0,3.3138115,29.042738,110.24332,0.0,3.6754093,2.4681423,3.0203385,6.9892206,31.51088,113.26366,2006.3846,1893.1209433837892,validation
2026-01-26 07:00:00,ZONE_B,0.0,44.23731,72.70125,164.3658,0.0,4.2367845,0.0,2.5975018,48.474094,72.70125,166.9633,2052.4736,1885.5102973876951,validation
2026-01-26 07:15:00,ZONE_B,40.35886120495207,82.87274,131.29526,190.04268,0.0,2.9348657,0.08760872,3.1923752,85.80761,131.38287,193.23505,2064.2917,1871.0566536132815,validation
2026-01-26 07:30:00,ZONE_B,76.6322188526832,120.76944,144.23291,229.7686,0.0,3.1349077,0.14781961,3.0203385,123.90435,144.38074,232.78894,2104.3992,1871.6102595703123,validation
2026-01-26 07:45:00,ZONE_B,120.41635467117932,163.85599,208.26863,237.64627,0.0,2.1129096,0.14781961,3.1923752,165.9689,208.41646,240.83865,2160.0176,1919.178946435547,validation
2026-01-26 08:00:00,ZONE_B,157.72142464899335,207.29008,235.51587,306.4646,0.0,3.396947,0.6083411,2.5975018,210.68703,236.1242,309.0621,2202.3257,1893.2635967285155,validation
2026-01-26 08:15:00,ZONE_B,192.9507847661895,225.80138,265.8942,348.8898,0.0,3.049038,0.14781961,0.9443888,228.85042,266.04202,349.8342,2207.619,1857.7848020019533,validation
2026-01-26 08:30:00,ZONE_B,226.9943105945601,265.23248,289.93402,353.7058,0.0,4.263538,1.3923283,3.5266066,269.49603,291.32635,357.23242,2263.0005,1905.768078125,validation
2026-01-26 08:45:00,ZONE_B,248.88625203857208,271.82666,287.50558,307.94592,0.0,1.920317,1.0372859,3.0203385,273.74698,288.54288,310.96625,2272.4475,1961.4812524414065,validation
2026-01-26 09:00:00,ZONE_B,271.7717198641456,301.0806,338.51486,387.03357,0.0,2.441637,0.18666151,0.0,303.52225,338.70154,387.03357,2027.9055,1640.8719306640626,validation
2026-01-26 09:15:00,ZONE_B,269.8816380262589,299.01016,327.5085,320.4848,0.0,2.404965,0.35974434,7.8127136,301.41513,327.86826,328.29752,2049.2546,1720.9570841308596,validation
2026-01-26 09:30:00,ZONE_B,256.6426834218198,279.33545,307.57822,412.9181,0.0,3.6753964,1.9021531,3.769258,283.01083,309.48038,416.68735,2044.0519,1627.3645525878906,validation
2026-01-26 09:45:00,ZONE_B,276.5923390690899,307.10333,304.57404,415.68472,0.0,3.7466233,0.6148268,3.1923752,310.84995,305.18887,418.8771,2031.8903,1613.0131942871094,validation
2026-01-26 10:00:00,ZONE_B,361.3030814919264,373.81415,426.98666,409.1692,0.0,2.6687715,0.0,3.9412947,376.4829,426.98666,413.11047,2026.8342,1613.7237263671875,validation
2026-01-26 10:15:00,ZONE_B,362.8837196669695,416.23224,432.64337,448.63947,0.0,1.199015,0.14775833,2.9154778,417.43124,432.79114,451.55493,2086.8413,1635.286368359375,validation
2026-01-26 10:30:00,ZONE_B,406.1892460640976,428.65195,427.34378,473.57123,0.0,3.2913046,1.0372859,6.416361,431.94324,428.38107,479.98758,1989.0466,1509.0590206542968,validation
2026-01-26 10:45:00,ZONE_B,429.8954932371255,445.85303,485.34442,493.16824,0.0,1.275413,0.41995528,3.9412947,447.12845,485.76437,497.10953,2052.5818,1555.4722724121093,validation
2026-01-26 11:00:00,ZONE_B,471.295547350584,476.4003,473.0662,485.68906,0.0,2.6615944,1.4798849,3.9412947,479.0619,474.54608,489.63034,1966.8826,1477.252259423828,validation
2026-01-26 11:15:00,ZONE_B,475.76367565248097,487.5999,494.31815,572.33356,0.0,2.694291,0.14775833,2.7932491,490.29422,494.4659,575.12683,2038.5925,1463.4656689453125,validation
2026-01-26 11:30:00,ZONE_B,481.57137888676,492.33218,492.00613,592.7294,0.0,1.7426393,0.14775833,2.7932491,494.07483,492.1539,595.52264,2021.43,1425.9073559570313,validation
2026-01-26 11:45:00,ZONE_B,529.9006407610337,530.1838,615.6289,606.7032,0.0,3.8046908,1.3923283,3.9412947,533.98846,617.02124,610.6445,2060.3123,1449.6678297851563,validation
2026-01-26 12:00:00,ZONE_B,563.450856847721,591.1567,615.6903,554.77576,0.0,3.8320575,1.3923283,3.5765958,594.9887,617.08264,558.35236,2013.431,1455.0786440429688,test
2026-01-26 12:15:00,ZONE_B,561.9446062087235,580.0744,580.43616,575.8212,0.0,2.6233654,1.0440772,3.4585414,582.69775,581.4802,579.2798,2049.072,1469.7922148437501,test
2026-01-26 12:30:00,ZONE_B,540.2880330467947,561.65594,570.09863,559.45856,0.0,3.252482,0.18666151,2.1002982,564.90845,570.2853,561.55884,1947.7577,1386.198862109375,test
2026-01-26 12:45:00,ZONE_B,533.0473657455083,545.1537,581.14087,572.36615,0.0,2.9193208,0.9833728,4.991544,548.073,582.12427,577.35767,2013.5099,1436.152233984375,test
2026-01-26 13:00:00,ZONE_B,539.0494842507325,550.74677,535.21185,503.35373,0.0,4.340201,1.0057372,3.4045591,555.087,536.2176,506.7583,2055.4219,1548.6635992187498,test
2026-01-26 13:15:00,ZONE_B,567.6860040275042,564.1254,550.4522,527.7258,0.0,3.567856,0.0,2.8276763,567.6933,550.4522,530.5535,2058.64,1528.0864721679686,test
2026-01-26 13:30:00,ZONE_B,561.2804319405692,577.6219,552.73236,525.19946,0.0,1.158158,0.0,2.4285502,578.78,552.73236,527.628,2069.876,1542.248009277344,test
2026-01-26 13:45:00,ZONE_B,535.8463862121068,556.2239,555.7524,503.4048,0.0,1.8647048,0.0,2.4285502,558.08856,555.7524,505.83334,2062.7583,1556.9249564941406,test
2026-01-26 14:00:00,ZONE_B,497.8576147730969,478.7912,457.95343,395.1016,0.0,3.826098,0.0,0.0,482.6173,457.95343,395.1016,2043.0537,1647.9521069824218,test
2026-01-26 14:15:00,ZONE_B,527.0849955360327,487.19357,469.67505,406.00684,0.0,3.1570163,0.0,2.192431,490.3506,469.67505,408.19928,2076.1277,1667.9284202148438,test
2026-01-26 14:30:00,ZONE_B,502.0564943416097,471.19476,451.64432,384.45145,0.0,1.767253,0.33499646,3.340477,472.962,451.9793,387.79193,2044.6134,1656.8214688476562,test
2026-01-26 14:45:00,ZONE_B,515.1733213271665,482.6551,450.79166,354.59454,0.0,2.4916487,0.0,2.4195209,485.14673,450.79166,357.01407,1976.4889,1619.4748313964844,test
2026-01-26 15:00:00,ZONE_B,511.51782671964753,473.25967,462.6777,365.25015,0.0,3.1570163,0.0,2.3419352,476.4167,462.6777,367.5921,2089.2158,1721.6236979492187,test
2026-01-26 15:15:00,ZONE_B,473.5527940185014,453.34448,421.08722,334.1202,0.0,3.0606122,0.0,2.7410617,456.4051,421.08722,336.86127,2011.8969,1675.0356329101562,test
2026-01-26 15:30:00,ZONE_B,418.3646577087543,391.80133,358.28546,264.2615,0.0,2.8223748,0.0,2.1698985,394.62372,358.28546,266.4314,2025.7834,1759.352003515625,test
2026-01-26 15:45:00,ZONE_B,381.4757314958545,345.80573,317.60736,239.3102,0.0,2.9210124,0.021688553,2.569025,348.72675,317.62906,241.87923,2023.9839,1782.1046733154296,test
2026-01-26 16:00:00,ZONE_B,324.88101366634163,283.79266,247.8836,164.6784,0.0,0.27533457,0.0,2.1335344,284.068,247.8836,166.81194,2091.2803,1924.4683645751952,test
2026-01-26 16:15:00,ZONE_B,295.10625126361924,247.8483,213.55496,128.46057,0.0,0.61569095,0.0,1.7793303,248.46399,213.55496,130.2399,2070.408,1940.1681013183593,test
2026-01-26 16:30:00,ZONE_B,266.526500695312,223.26297,193.40564,94.10999,0.0,0.0,0.0,2.1335344,223.26297,193.40564,96.24353,2054.4753,1958.2317697265626,test
2026-01-26 16:45:00,ZONE_B,201.481589627194,161.94925,125.8493,47.31009,0.0,0.6940692,0.0,4.0683274,162.64333,125.8493,51.378418,2016.175,1964.79658203125,test
2026-01-26 17:00:00,ZONE_B,164.9055724011597,125.903885,75.77413,2.5483027,0.0,0.0,0.0,0.0,125.903885,75.77413,2.5483027,2024.4515,2021.9031973495482,test
2026-01-26 17:15:00,ZONE_B,119.884925620858,85.7491,42.5876,0.5349885,0.0,0.11313987,0.0,0.0,85.862236,42.5876,0.5349885,2018.0505,2017.5155114774705,test
2026-01-26 17:30:00,ZONE_B,80.85998239108683,44.597076,10.763308,1.0186467,0.0,1.3476875,0.0,0.0,45.944763,10.763308,1.0186467,2018.5182,2017.4995532829284,test
2026-01-26 17:45:00,ZONE_B,43.48914034518352,6.433726,2.9779913,0.0,0.0,0.0,0.0,0.0,6.433726,2.9779913,0.0,2042.872,2042.872,test
2026-01-26 18:00:00,ZONE_B,0.0,0.0,0.36760056,4.018188,0.0,0.0,0.0,0.0,0.0,0.36760056,4.018188,2036.6367,2032.6185120002747,test
2026-01-26 18:15:00,ZONE_B,0.0,0.0,0.0,0.0,0.0,0.9133994,0.0,0.0,0.9133994,0.0,0.0,2039.1638,2039.1638,test
2026-01-26 18:30:00,ZONE_B,0.0,0.0,1.4331603,2.8224669,0.0,0.0,0.0,0.0,0.0,1.4331603,2.8224669,2027.5896,2024.7671331497193,test
2026-01-26 18:45:00,ZONE_B,0.0,0.0,0.20007405,0.0,0.0,0.0,0.0,0.0,0.0,0.20007405,0.0,2033.1791,2033.1791,test
2026-01-26 19:00:00,ZONE_B,0.0,5.301801,4.5252438,0.0,0.0,0.0,0.0,2.9238966,5.301801,4.5252438,2.9238966,2028.9318,2026.0079034488679,test
2026-01-26 19:15:00,ZONE_B,0.0,0.4505932,2.0436406,0.77999645,0.0,0.0,0.0,0.0,0.4505932,2.0436406,0.77999645,2020.5681,2019.7881035452842,test
2026-01-26 19:30:00,ZONE_B,0.0,0.10748687,1.4987562,0.0,0.0,3.424902,0.0,0.0,3.532389,1.4987562,0.0,2014.4677,2014.4677,test
2026-01-26 19:45:00,ZONE_B,0.0,0.0,0.0,0.0,0.0,0.0,0.0,0.9306068,0.0,0.0,0.9306068,2032.4346,2031.5039932175637,test
2026-01-26 20:00:00,ZONE_B,0.0,0.0,0.8801505,0.0,0.0,1.5198206,0.0,2.434303,1.5198206,0.8801505,2.434303,1899.084,1896.6496969547272,test
2026-01-26 20:15:00,ZONE_B,0.0,0.8532988,0.97321546,0.0,0.0,0.0,0.0,0.0,0.8532988,0.97321546,0.0,1900.0139,1900.0139,test
2026-01-26 20:30:00,ZONE_B,0.0,0.0,1.0988842,0.0,0.0,0.0,0.0,0.0,0.0,1.0988842,0.0,1882.4875,1882.4875,test
2026-01-26 20:45:00,ZONE_B,0.0,0.0,0.0,0.0,0.0,1.4052844,0.0,1.8146603,1.4052844,0.0,1.8146603,1856.3091,1854.4944396892547,test
2026-01-26 21:00:00,ZONE_B,0.0,0.18047208,0.11916181,0.0,0.0,1.009342,0.0,0.7230868,1.1898141,0.11916181,0.7230868,1835.9697,1835.246613225651,test
2026-01-26 21:15:00,ZONE_B,0.0,0.0,0.0,0.0,0.0,1.0825036,0.0,1.579049,1.0825036,0.0,1.579049,1781.4861,1779.9070510087968,test
2026-01-26 21:30:00,ZONE_B,0.0,0.0780633,0.0,0.0,0.0,0.91376853,0.0,1.9255595,0.99183184,0.0,1.9255595,1806.2645,1804.3389404792786,test
2026-01-26 21:45:00,ZONE_B,0.0,0.0,0.0,0.0,0.0,1.3021982,0.0,1.579049,1.3021982,0.0,1.579049,1736.1676,1734.5885510087967,test
2026-01-26 22:00:00,ZONE_B,0.0,0.23531967,0.17400652,0.011964215,0.0,1.1381975,0.0,0.0,1.3735173,0.17400652,0.011964215,1697.0433,1697.0313357850343,test
2026-01-26 22:15:00,ZONE_B,0.0,0.17691654,0.0,0.059079424,0.0,0.0,0.0,1.9772432,0.17691654,0.0,2.0363226,1682.5933,1680.556977406311,test
2026-01-26 22:30:00,ZONE_B,0.0,0.019874059,0.0,0.059079424,0.0,1.159819,0.0,1.8146603,1.1796931,0.0,1.8737397,1658.0505,1656.1767602806092,test
2026-01-26 22:45:00,ZONE_B,0.0,0.1569778,0.20625718,0.0,0.0,1.2379494,0.0,1.9360487,1.3949271,0.20625718,1.9360487,1631.8658,1629.929751253891,test
2026-01-26 23:00:00,ZONE_B,0.0,0.43414518,0.45728773,0.2835945,0.0,1.1827843,0.0,2.8192565,1.6169295,0.45728773,3.102851,1613.859,1610.7561490859985,test
2026-01-26 23:15:00,ZONE_B,0.0,0.21869946,0.0,0.51075834,0.0,1.7873734,0.0,2.277601,2.006073,0.0,2.7883594,1623.9623,1621.1739405963897,test
2026-01-26 23:30:00,ZONE_B,0.0,0.0,0.0,1.0292095,0.0,1.6526353,0.0,0.0,1.6526353,0.0,1.0292095,1610.7267,1609.6974905054092,test
2026-01-26 23:45:00,ZONE_B,0.0,0.0,0.0,0.0,0.0,2.4887547,0.0,3.4503725,2.4887547,0.0,3.4503725,1611.482,1608.0316275424957,test
2026-01-27 00:00:00,ZONE_B,0.0,0.15678403,0.0,0.0,0.0,0.39869708,1.8852184,0.55063576,0.5554811,1.8852184,0.55063576,1604.1733,1603.6226642449378,test
2026-01-27 00:15:00,ZONE_B,0.0,0.14035666,0.0,0.0,0.0,1.5733618,1.7613065,2.4268026,1.7137184,1.7613065,2.4268026,1604.8933,1602.466497364807,test
2026-01-27 00:30:00,ZONE_B,0.0,0.0,0.0,0.5570134,0.0,1.4273696,1.6769098,0.0,1.4273696,1.6769098,0.5570134,1602.6222,1602.0651866075516,test
2026-01-27 00:45:00,ZONE_B,0.0,0.0,1.0515802,1.370913,0.0,2.0790772,0.59915507,0.511746,2.0790772,1.6507353,1.882659,1607.5548,1605.6721410415648,test
2026-01-27 01:00:00,ZONE_B,0.0,0.119951665,0.0,0.0,0.0,1.7477416,1.270223,0.08892868,1.8676932,1.270223,0.08892868,1604.5297,1604.4407713228584,test
2026-01-27 01:15:00,ZONE_B,0.0,0.0,0.0,0.0,0.0,1.6902784,1.714775,0.08892868,1.6902784,1.714775,0.08892868,1607.6514,1607.5624713228583,test
2026-01-27 01:30:00,ZONE_B,0.0,0.0,0.0,0.5570134,0.0,1.659232,1.7613065,2.4268026,1.659232,1.7613065,2.9838161,1604.5382,1601.5543838531494,test
2026-01-27 01:45:00,ZONE_B,0.0,0.16220094,1.1064248,1.370913,0.0,2.0357633,0.9635686,2.6295073,2.1979642,2.0699935,4.0004206,1603.6443,1599.6438794296264,test
2026-01-27 02:00:00,ZONE_B,0.0,0.20582226,0.11296216,0.0,0.0,0.8912753,0.59915507,2.8334866,1.0970975,0.7121172,2.8334866,1598.5802,1595.7467134429933,test
2026-01-27 02:15:00,ZONE_B,0.0,0.0,0.0,0.0,0.0,2.295762,0.59915507,2.0498376,2.295762,0.59915507,2.0498376,1603.882,1601.8321624107361,test
2026-01-27 02:30:00,ZONE_B,0.0,0.3381157,2.9027586,9.055351,0.0,0.5406765,0.8530228,1.1600008,0.87879217,3.7557814,10.215352,1597.329,1587.1136479415893,test
2026-01-27 02:45:00,ZONE_B,0.0,0.021564808,1.1064248,1.1816306,0.0,1.1349206,1.6355911,0.0,1.1564854,2.7420158,1.1816306,1598.1901,1597.0084693885804,test
2026-01-27 03:00:00,ZONE_B,0.0,0.20582226,0.06768104,0.0,0.0,1.7468041,1.7613065,2.7927985,1.9526263,1.8289876,2.7927985,1602.6925,1599.8997014808656,test
2026-01-27 03:15:00,ZONE_B,0.0,0.18213968,0.0,0.0,0.0,3.0661178,0.59915507,8.673623,3.2482574,0.59915507,8.673623,1601.7533,1593.079676914978,test
2026-01-27 03:30:00,ZONE_B,0.0,0.0,0.0,0.0,0.0,1.7761487,0.55262417,2.0391054,1.7761487,0.55262417,2.0391054,1597.8707,1595.8315945846557,test
2026-01-27 03:45:00,ZONE_B,0.0,0.0,1.1064248,0.9126696,0.0,1.4117844,1.6355911,1.4604416,1.4117844,2.7420158,2.3731112,1598.7406,1596.3674887519837,test
2026-01-27 04:00:00,ZONE_B,0.0,0.20582226,0.0,0.0,0.0,1.0804487,1.0687362,0.0,1.286271,1.0687362,0.0,1599.4779,1599.4779,test
2026-01-27 04:15:00,ZONE_B,0.0,0.18213968,0.0,0.0,0.0,1.6902784,1.5166539,0.0,1.872418,1.5166539,0.0,1595.6727,1595.6727,test
2026-01-27 04:30:00,ZONE_B,0.0,0.41899198,0.41087607,0.9892724,0.0,1.7761487,0.55262417,0.15015902,2.1951406,0.96350026,1.1394315,1604.025,1602.885568523407,test
2026-01-27 04:45:00,ZONE_B,0.0,0.0,1.0515802,1.3491126,0.0,1.1349206,1.60834,0.0,1.1349206,2.6599202,1.3491126,1642.817,1641.4678873701096,test
2026-01-27 05:00:00,ZONE_B,0.0,0.11394139,0.11296216,0.0,0.0,0.8035849,0.22079162,0.0,0.91752625,0.33375376,0.0,1826.0557,1826.0557,test
2026-01-27 05:15:00,ZONE_B,0.0,0.0,0.0,51.28932,0.0,2.1223197,0.59915507,13.029615,2.1223197,0.59915507,64.31894,1860.034,1795.7150607910157,test
2026-01-27 05:30:00,ZONE_B,0.0,0.0,0.81823856,29.732801,0.0,0.88945514,0.58952564,0.0,0.88945514,1.4077642,29.732801,1858.094,1828.3611985626221,test
2026-01-27 05:45:00,ZONE_B,0.0,0.12041798,12.970033,1.9735402,0.0,2.0233834,0.2721636,0.15015902,2.1438015,13.242196,2.1236992,1894.1317,1892.0080008117675,test
2026-01-27 06:00:00,ZONE_B,0.0,8.32249,7.5878277,45.268276,0.0,1.5615195,0.0,0.0,9.884009,7.5878277,45.268276,1930.7954,1885.5271237854004,test
2026-01-27 06:15:00,ZONE_B,0.0,12.487281,24.373024,59.07484,0.0,0.5280078,0.199292,0.0,13.015288,24.572315,59.07484,2022.8196,1963.7447594543457,test
2026-01-27 06:30:00,ZONE_B,0.0,0.0,13.7016325,89.120125,0.0,0.88945514,0.34240958,0.0,0.88945514,14.044042,89.120125,1987.8347,1898.7145751831056,test
2026-01-27 06:45:00,ZONE_B,0.0,0.8112733,18.553812,91.99372,0.0,0.47395888,0.34240958,0.0,1.2852322,18.896221,91.99372,1993.8851,1901.8913789916992,test
2026-01-27 07:00:00,ZONE_B,0.0,40.173233,74.90545,161.14465,0.0,1.4156089,0.34240958,0.0,41.58884,75.247856,161.14465,2018.0349,1856.8902466796876,test
2026-01-27 07:15:00,ZONE_B,43.699791089676,97.33024,149.93059,225.48125,0.0,1.4156089,0.28219888,0.0,98.74585,150.21278,225.48125,2053.0276,1827.5463530517577,test
2026-01-27 07:30:00,ZONE_B,85.9372548723772,133.28456,163.53119,297.9528,0.0,0.76838464,1.2318757,0.0,134.05295,164.76306,297.9528,2102.0217,1804.0689106933592,test
2026-01-27 07:45:00,ZONE_B,133.3464581999766,175.8278,228.44095,233.56894,0.0,0.72259784,0.28219888,0.0,176.5504,228.72314,233.56894,2153.7864,1920.2174607910156,test
2026-01-27 08:00:00,ZONE_B,185.89618848324628,245.29298,298.75046,370.01636,0.0,0.31110814,0.25950274,0.0,245.6041,299.00995,370.01636,2173.7744,1803.7580425781248,test
2026-01-27 08:15:00,ZONE_B,251.076531451085,306.71344,361.22263,449.03577,0.0,1.1062009,0.28219888,0.0,307.81964,361.50482,449.03577,2270.6765,1821.6407333984375,test
2026-01-27 08:30:00,ZONE_B,296.13669802793254,353.8387,406.4442,476.05792,0.0,1.1929089,1.2318757,0.0,355.03162,407.6761,476.05792,2242.182,1766.1240776367185,test
2026-01-27 08:45:00,ZONE_B,307.9713912966577,366.55408,384.86456,446.11188,0.0,2.1134892,1.5267074,1.3625431,368.66757,386.39127,447.47443,2274.199,1826.7245737304688,test
2026-01-27 09:00:00,ZONE_B,337.10380905591643,383.2602,406.65097,454.07358,0.0,1.201587,1.5869184,0.17666993,384.4618,408.23788,454.25024,2017.2638,1563.013555859375,test
2026-01-27 09:15:00,ZONE_B,344.2391028533804,378.65277,417.95,427.7851,0.0,1.4156089,0.34240958,0.0,380.0684,418.29242,427.7851,2018.5951,1590.8100047851563,test
2026-01-27 09:30:00,ZONE_B,355.5550008475996,390.99164,437.8355,453.85107,0.0,0.7453904,0.0,0.0,391.73703,437.8355,453.85107,2010.6886,1556.83752578125,test
2026-01-27 09:45:00,ZONE_B,366.7322344563016,406.54276,399.87582,456.86627,0.0,1.6134206,1.2318757,0.0,408.1562,401.1077,456.86627,1999.2537,1542.3874280273437,test
2026-01-27 10:00:00,ZONE_B,342.1105469554913,362.94174,387.46936,387.87595,0.0,0.88389677,0.0,0.0,363.82565,387.46936,387.87595,2034.4468,1646.570853955078,test
2026-01-27 10:15:00,ZONE_B,354.7481177914412,380.6663,416.18033,374.1241,0.0,0.0,0.0,0.0,380.6663,416.18033,374.1241,2022.6687,1648.5445850097656,test
2026-01-27 10:30:00,ZONE_B,393.0147908750189,404.58203,400.6867,444.22934,0.0,0.0009867251,0.0,0.0,404.583,400.6867,444.22934,2000.2606,1556.0312604003907,test
2026-01-27 10:45:00,ZONE_B,380.1866814740287,399.46744,381.76376,453.39444,0.0,1.3028418,0.48259622,0.51694983,400.7703,382.24637,453.91138,2027.7572,1573.845823046875,test
2026-01-27 11:00:00,ZONE_B,354.5970987419498,361.35287,385.80856,442.04916,0.0,0.6595202,0.0,0.118676186,362.0124,385.80856,442.16785,2004.8314,1562.6635533203125,test
2026-01-27 11:15:00,ZONE_B,385.16789252387,399.1924,434.78214,437.2211,0.0,0.0,0.0,0.0,399.1924,434.78214,437.2211,1989.2102,1551.9891001464844,test
2026-01-27 11:30:00,ZONE_B,396.9399776992061,422.2137,407.12457,432.15396,0.0,1.1880839,1.2085497,0.0,423.4018,408.33313,432.15396,2012.2488,1580.0948388183594,test
2026-01-27 11:45:00,ZONE_B,407.68887650511687,412.26212,411.58383,376.06555,0.0,2.086079,0.48259622,0.0,414.3482,412.06644,376.06555,1991.1646,1615.0990482421876,test
2026-01-27 12:00:00,ZONE_B,387.7685894334987,382.19278,405.51398,380.0274,0.0,0.42857823,0.0,0.0,382.62137,405.51398,380.0274,2053.105,1673.0775952148438,test
2026-01-27 12:15:00,ZONE_B,371.9655354765326,379.616,353.3157,384.02203,0.0,0.6972988,0.6145451,0.0,380.3133,353.93024,384.02203,2003.2899,1619.2678663085937,test
2026-01-27 12:30:00,ZONE_B,410.6680325228048,367.91052,382.13837,369.67816,0.0,1.3088866,1.7417014,0.0,369.21942,383.88007,369.67816,1997.0016,1627.3234383789063,test
2026-01-27 12:45:00,ZONE_B,357.738776542106,361.43832,362.05356,397.1234,0.0,2.1888072,0.0,0.0,363.62714,362.05356,397.1234,1995.5177,1598.3942869140626,test
2026-01-27 13:00:00,ZONE_B,370.22428902669327,355.24844,378.60297,381.39056,0.0,0.0,0.0,0.0,355.24844,378.60297,381.39056,1993.7072,1612.3166360351563,test
2026-01-27 13:15:00,ZONE_B,363.2647917409458,363.88727,373.10736,353.3361,0.0,0.0,0.0,0.0,363.88727,373.10736,353.3361,1996.4386,1643.1025099121093,test
2026-01-27 13:30:00,ZONE_B,401.9954109888181,379.56573,393.61966,350.70404,0.0,5.212064,0.0,0.0,384.7778,393.61966,350.70404,1952.2947,1601.5906594726562,test
2026-01-27 13:45:00,ZONE_B,321.09297086073315,338.4805,329.7791,321.2245,0.0,2.6898704,0.0,0.0,341.17038,329.7791,321.2245,1973.6886,1652.4641126953125,test
2026-01-27 14:00:00,ZONE_B,297.7486418640096,309.40866,283.7855,233.85542,0.0,0.40468958,0.0,0.0,309.81335,283.7855,233.85542,2028.968,1795.1125770263673,test
2026-01-27 14:15:00,ZONE_B,306.2894050260461,304.90112,295.79935,256.92737,0.0,0.1569672,0.52958643,0.0,305.0581,296.32892,256.92737,1982.7905,1725.8631318359376,test
2026-01-27 14:30:00,ZONE_B,278.584291704828,272.30368,251.02008,236.11601,0.0,0.9662008,0.07951896,0.0,273.26987,251.0996,236.11601,1959.019,1722.9029874267578,test
2026-01-27 14:45:00,ZONE_B,245.79951460999985,231.13348,225.14252,217.80531,0.0,1.031331,0.45773998,0.0,232.16481,225.60025,217.80531,1969.7671,1751.9617868896485,test
2026-01-27 15:00:00,ZONE_B,243.73510895851945,240.97423,222.64412,202.38156,0.0,1.8903941,0.0,2.1727562,242.86462,222.64412,204.55432,1999.4991,1794.9447787109375,test
2026-01-27 15:15:00,ZONE_B,205.46243198715248,198.00296,201.55417,180.51263,0.0,0.7635152,0.0,0.0,198.76648,201.55417,180.51263,2011.4565,1830.9438657226563,test
2026-01-27 15:30:00,ZONE_B,206.2501436909537,194.39282,202.48691,169.43486,0.0,1.6548393,0.0,0.0,196.04767,202.48691,169.43486,2000.3815,1830.9466397705078,test
2026-01-27 15:45:00,ZONE_B,194.5330450611032,197.72415,187.02312,138.25894,0.0,0.45453236,0.0,0.0,198.17868,187.02312,138.25894,1992.4524,1854.1934583496093,test
2026-01-27 16:00:00,ZONE_B,210.57559048439532,184.94649,156.1734,100.69935,0.0,0.0,0.2606045,0.0,184.94649,156.434,100.69935,2010.1621,1909.462751550293,test
2026-01-27 16:15:00,ZONE_B,200.73926849442816,169.58344,137.5891,74.92026,0.0,0.0,0.0,0.0,169.58344,137.5891,74.92026,2012.6254,1937.7051424316405,test
2026-01-27 16:30:00,ZONE_B,156.4955901735426,133.71574,106.90737,42.593758,0.0,0.0,0.0,0.0,133.71574,106.90737,42.593758,2004.4382,1961.8444423706055,test
2026-01-27 16:45:00,ZONE_B,115.84555094361552,100.15177,75.8106,23.821795,0.0,0.0,0.0,0.0,100.15177,75.8106,23.821795,2002.1451,1978.3233054901123,test
2026-01-27 17:00:00,ZONE_B,93.91801211800096,69.162964,41.87533,2.6319945,0.0,0.0,0.0,0.0,69.162964,41.87533,2.6319945,2009.8234,2007.191405514145,test
2026-01-27 17:15:00,ZONE_B,59.80772334465159,37.820343,15.831892,0.0,0.0,0.1873495,0.0,0.0,38.007694,15.831892,0.0,2004.6609,2004.6609,test
2026-01-27 17:30:00,ZONE_B,41.27818728415322,25.719898,0.88393867,5.4501143,0.0,0.0,0.0,0.0,25.719898,0.88393867,5.4501143,2005.672,2000.221885749817,test
2026-01-27 17:45:00,ZONE_B,20.67243532960781,0.0,0.61251205,0.0,0.0,0.0,0.0,4.621335,0.0,0.61251205,4.621335,2002.6654,1998.044064970398,test
2026-01-27 18:00:00,ZONE_B,0.0,0.5627655,0.9527838,0.0,0.0,0.0,0.0,0.0,0.5627655,0.9527838,0.0,2004.3586,2004.3586,test
2026-01-27 18:15:00,ZONE_B,0.0,2.0395663,0.8143979,0.0,0.0,0.29007772,3.5730267,0.0,2.329644,4.3874245,0.0,1990.6744,1990.6744,test
2026-01-27 18:30:00,ZONE_B,0.0,0.0,0.0,6.498461,0.0,1.8754222,0.0,0.0,1.8754222,0.0,6.498461,1997.823,1991.3245392303468,test
2026-01-27 18:45:00,ZONE_B,0.0,0.0,0.0,0.40043655,0.0,1.4049263,0.0,2.2473335,1.4049263,0.0,2.6477702,1997.0321,1994.3843298336028,test
2026-01-27 19:00:00,ZONE_B,0.0,0.0,2.2049754,0.013756787,0.0,0.0,0.0,0.9010727,0.0,2.2049754,0.9148295,1996.3035,1995.388670507431,test
2026-01-27 19:15:00,ZONE_B,0.0,1.7257024,0.0,0.8792018,0.0,1.8736969,0.5723171,0.0,3.5993993,0.5723171,0.8792018,2003.5999,2002.7206981705665,test
2026-01-27 19:30:00,ZONE_B,0.0,4.244419,2.4068608,5.540118,0.0,0.0,0.0,0.0,4.244419,2.4068608,5.540118,2005.1377,1999.5975817825317,test
2026-01-27 19:45:00,ZONE_B,0.0,0.0,0.0,0.0,0.0,1.3016436,0.1094823,0.62114364,1.3016436,0.1094823,0.62114364,2004.9248,2004.3036563609123,test
2026-01-27 20:00:00,ZONE_B,0.0,0.04235685,0.0,0.0,0.8114911025721635,0.0,0.0,0.011447974,0.04235685,0.0,0.011447974,1871.1425,1871.1310520264506,test
2026-01-27 20:15:00,ZONE_B,0.0,0.0,0.0,0.0,0.7163095327886866,0.0,0.0,0.36545146,0.0,0.0,0.36545146,1862.0253,1861.6598485448837,test
2026-01-27 20:30:00,ZONE_B,0.0,0.0,0.0,0.0,1.3452539259059066,1.3688817,0.14556678,5.4788666,1.3688817,0.14556678,5.4788666,1852.0962,1846.6173334228515,test
2026-01-27 20:45:00,ZONE_B,0.0,0.0,0.0,0.0,0.9347799462511792,0.12488887,0.0,2.1248507,0.12488887,0.0,2.1248507,1847.1064,1844.9815492500304,test
2026-01-27 21:00:00,ZONE_B,0.0,0.068181455,0.0,0.0,0.0,0.9133994,2.2350576,3.019295,0.98158085,2.2350576,3.019295,1810.8174,1807.7981050228118,test
2026-01-27 21:15:00,ZONE_B,0.0,0.0,0.0,0.0,0.0,1.727979,0.549113,2.3996525,1.727979,0.549113,2.3996525,1782.1786,1779.7789475189209,test
2026-01-27 21:30:00,ZONE_B,0.0,0.0,0.0,0.0,0.0,0.0,0.827234,2.031002,0.0,0.827234,2.031002,1754.7499,1752.7188979553223,test
2026-01-27 21:45:00,ZONE_B,0.0,0.12888403,0.0,0.070444405,0.0,0.032141156,0.4699292,2.3365283,0.1610252,0.4699292,2.4069726,1720.7291,1718.3221273532868,test
2026-01-27 22:00:00,ZONE_B,0.0,0.39020267,0.0,0.0,0.0,1.0807345,0.0,3.418181,1.4709371,0.0,3.418181,1691.241,1687.8228190574646,test
2026-01-27 22:15:00,ZONE_B,0.0,0.0,0.0,0.349802,0.0,1.2473911,0.827234,2.941308,1.2473911,0.827234,3.29111,1701.8846,1698.5934899612428,test
2026-01-27 22:30:00,ZONE_B,0.0,0.0,0.0,0.0,0.0,1.4058249,0.0,0.0,1.4058249,0.0,0.0,1653.4075,1653.4075,test
2026-01-27 22:45:00,ZONE_B,0.0,0.15481827,0.0,0.0,0.0,0.9401066,0.827234,0.0,1.0949248,0.827234,0.0,1622.2979,1622.2979,test
2026-01-27 23:00:00,ZONE_B,0.0,0.18722865,0.55252,0.349802,0.0,1.2473911,0.1094823,3.8540893,1.4346198,0.66200227,4.2038913,1616.0836,1611.8797087226867,test
2026-01-27 23:15:00,ZONE_B,0.0,0.17475703,0.0,0.349802,0.0,0.0,1.3039403,0.0,0.17475703,1.3039403,0.349802,1615.1001,1614.7502980125905,test
2026-01-27 23:30:00,ZONE_B,0.0,0.0,0.0,0.0,0.2194314051662403,1.6880215,0.673025,4.5065875,1.6880215,0.673025,4.5065875,1624.8453,1620.3387124946594,test
2026-01-27 23:45:00,ZONE_B,0.0,3.5882795,7.843471,7.120936,0.0,0.9401066,1.3039403,2.8705122,4.528386,9.147411,9.991448,1610.1848,1600.1933515975952,test
2026-01-28 00:00:00,ZONE_B,0.0,0.0,0.0,0.0,0.0,1.9637126,1.9134204,2.080369,1.9637126,1.9134204,2.080369,1604.1975,1602.1171310043335,test
2026-01-28 00:15:00,ZONE_B,0.0,0.0,0.0,0.0,0.0,1.5733618,1.0069188,0.5110614,1.5733618,1.0069188,0.5110614,1601.8392,1601.3281386296271,test
2026-01-28 00:30:00,ZONE_B,0.0,0.0,0.0,0.8354941,0.0,2.4810185,1.7910717,1.629838,2.4810185,1.7910717,2.465332,1602.2227,1599.75736796875,test
2026-01-28 00:45:00,ZONE_B,0.0,0.0,0.91038036,1.0172864,0.0,2.0357633,0.05852872,2.035063,2.0357633,0.9689091,3.0523496,1601.0745,1598.0221504325866,test
2026-01-28 01:00:00,ZONE_B,0.0,0.0,0.0,0.0,0.0,1.7468041,1.5992142,2.2115471,1.7468041,1.5992142,2.2115471,1601.6414,1599.4298528636932,test
2026-01-28 01:15:00,ZONE_B,0.0,0.0,0.0,0.0,0.0,2.4526114,1.9134204,2.7019987,2.4526114,1.9134204,2.7019987,1604.6521,1601.9501012893677,test
2026-01-28 01:30:00,ZONE_B,0.0,0.0,0.0,0.47474864,0.0,1.7761487,0.96038765,0.9410433,1.7761487,0.96038765,1.415792,1602.0029,1600.5871080116272,test
2026-01-28 01:45:00,ZONE_B,0.0,0.0,0.91038036,0.65196484,0.0,2.9813817,1.9513731,2.1978447,2.9813817,2.8617535,2.8498096,1603.2008,1600.3509903533936,test
2026-01-28 02:00:00,ZONE_B,0.0,0.0,0.0,0.0,0.0,1.87787,0.05852872,3.5311584,1.87787,0.05852872,3.5311584,1600.8956,1597.3644415527344,test
2026-01-28 02:15:00,ZONE_B,0.0,0.0,0.0,0.0,0.0,2.4978764,0.96038765,3.9757576,2.4978764,0.96038765,3.9757576,1602.1517,1598.175942401123,test
2026-01-28 02:30:00,ZONE_B,0.0,0.031743914,0.0,0.8354941,0.0,1.7619603,4.558434,1.669892,1.7937042,4.558434,2.505386,1605.3651,1602.8597138858795,test
2026-01-28 02:45:00,ZONE_B,0.0,0.0,0.91038036,1.0172864,0.0,2.5519407,2.3901267,7.9895897,2.5519407,3.300507,9.006876,1605.3849,1596.3780240081787,test
2026-01-28 03:00:00,ZONE_B,0.0,0.0,0.0,0.0,1.0048556716559505,7.0934877,2.185867,14.703365,7.0934877,2.185867,14.703365,1607.7406,1593.0372346740724,test
2026-01-28 03:15:00,ZONE_B,0.0,0.0,0.0,0.0,0.9334123292219384,1.9571625,2.9624562,3.9757576,1.9571625,2.9624562,3.9757576,1603.733,1599.757242401123,test
2026-01-28 03:30:00,ZONE_B,0.0,0.0,0.0,0.88209873,1.1133207273778936,2.490846,5.8808002,7.9341383,2.490846,5.8808002,8.816237,1601.554,1592.737762550354,test
2026-01-28 03:45:00,ZONE_B,0.0,0.0,0.91038036,0.7584492,1.0436058534165886,4.852881,2.0759213,6.616582,4.852881,2.9863017,7.375031,1603.5848,1596.2097690055848,test
2026-01-28 04:00:00,ZONE_B,0.0,0.29808632,0.0,0.0,2.6640653059726893,2.019492,5.32709,1.3427017,2.3175783,5.32709,1.3427017,1586.0889,1584.7461983264923,test
2026-01-28 04:15:00,ZONE_B,0.0,0.0,0.3559477,0.0,2.257146479751201,3.8663726,5.613868,9.440969,3.8663726,5.9698157,9.440969,1596.8221,1587.381130532837,test
2026-01-28 04:30:00,ZONE_B,0.0,0.0,0.0,2.0791228,4.957534064434722,6.0608625,3.1325233,2.3656483,6.0608625,3.1325233,4.444771,1587.9857,1583.5409291870117,test
2026-01-28 04:45:00,ZONE_B,0.0,0.0,1.0672982,0.5519804,4.826756027762642,6.0289545,11.277278,8.185751,6.0289545,12.344576,8.737731,1670.0033,1661.2655690200806,test
2026-01-28 05:00:00,ZONE_B,0.0,0.19606265,0.0,0.0,2.824594280839726,5.6518965,2.1053486,2.8250947,5.847959,2.1053486,2.8250947,1843.031,1840.2059053001403,test
2026-01-28 05:15:00,ZONE_B,0.0,0.0,0.0,0.0,4.366717197458199,3.031329,4.031455,2.5558786,3.031329,4.031455,2.5558786,1826.9034,1824.3475213607787,test
2026-01-28 05:30:00,ZONE_B,0.0,0.0,1.8412573,4.5624013,3.638044647815952,3.4763467,3.2643197,2.832862,3.4763467,5.105577,7.395263,1837.1249,1829.7296368049622,test
2026-01-28 05:45:00,ZONE_B,0.0,0.0,9.098224,42.256237,5.1028476915449055,4.6385684,2.8524475,2.2916827,4.6385684,11.950671,44.54792,1889.873,1845.3250797729493,test
2026-01-28 06:00:00,ZONE_B,0.0,4.930589,8.311566,42.61753,0.6848337893481903,1.0804487,3.0765512,1.9454198,6.011038,11.388118,44.56295,1923.5945,1879.0315498657226,test
2026-01-28 06:15:00,ZONE_B,0.0,2.342462,20.294317,67.99613,0.6765466290819883,1.1939356,1.614915,1.6319962,3.5363977,21.909233,69.62813,1942.0074,1872.3792719482421,test
2026-01-28 06:30:00,ZONE_B,0.0,3.2017536,24.416933,83.78693,0.0,1.4116148,2.5043817,0.7353934,4.6133685,26.921314,84.522316,1977.3247,1892.802384020996,test
2026-01-28 06:45:00,ZONE_B,0.0,0.27116287,24.111568,83.28777,0.0,3.2088103,1.5547041,9.969828,3.4799733,25.666273,93.2576,1985.5284,1892.2708011230468,test
2026-01-28 07:00:00,ZONE_B,0.0,25.62672,55.11498,132.32042,0.0,0.977835,1.18597,0.90742975,26.604555,56.30095,133.22784,2009.684,1876.4561557617187,test
2026-01-28 07:15:00,ZONE_B,25.76756234004664,42.13319,73.88819,128.23996,0.0,0.8035849,2.1247404,0.90742975,42.936775,76.01293,129.14738,2049.47,1920.322615356445,test
2026-01-28 07:30:00,ZONE_B,51.23121845668121,80.23126,104.45761,164.93721,0.0,1.6473898,1.614915,0.90742975,81.878654,106.072525,165.84464,2076.948,1911.1033649902342,test
2026-01-28 07:45:00,ZONE_B,67.41845879040388,97.75259,133.15015,152.96014,0.0,0.40227234,2.859424,0.0,98.15486,136.00957,152.96014,2144.1624,1991.2022559570314,test
2026-01-28 08:00:00,ZONE_B,91.27340953997316,117.67654,130.40086,190.10713,0.0,1.2230164,2.5043817,1.3179066,118.89955,132.90524,191.42503,2155.0122,1963.5871664306642,test
2026-01-28 08:15:00,ZONE_B,126.63835575600248,152.84142,171.42912,242.5615,0.0,1.1062009,1.614915,5.009883,153.94762,173.04404,247.57138,2172.0764,1924.5050193847655,test
2026-01-28 08:30:00,ZONE_B,129.40816315825495,156.486,185.24516,229.44969,0.0,0.0,1.8870503,6.2464647,156.486,187.13222,235.69615,2196.8113,1961.1151482666014,test
2026-01-28 08:45:00,ZONE_B,147.75633281750976,181.82002,205.464,240.55962,0.0,1.103219,5.277982,0.77877504,182.92325,210.74199,241.3384,2281.9048,2040.5664058349607,test
2026-01-28 09:00:00,ZONE_B,172.79684580860857,198.17598,220.04076,249.34142,0.5310043189683623,3.5886266,5.9277425,9.504681,201.7646,225.9685,258.8461,1997.1127,1738.2666001464843,test
2026-01-28 09:15:00,ZONE_B,213.2283786648638,230.56102,247.31992,266.59308,1.7616010019323685,3.7500389,3.0596046,9.799029,234.31107,250.37952,276.39212,2005.6167,1729.224579638672,test
2026-01-28 09:30:00,ZONE_B,228.394422891561,251.76324,264.8934,284.6278,5.645138383746944,4.9555383,10.295464,6.355924,256.71878,275.18887,290.98373,2003.9926,1713.0088658691407,test
2026-01-28 09:45:00,ZONE_B,244.1269278007602,248.10225,257.14697,284.6154,4.217419860205644,4.1062655,7.546115,3.3165655,252.20851,264.69308,287.93195,2017.7648,1729.8328541992187,test
2026-01-28 10:00:00,ZONE_B,226.7608665323155,244.47626,257.68,258.8606,2.716986875430448,4.57979,7.2783847,5.3288326,249.05605,264.95837,264.18942,2016.9099,1752.7204773925782,test
2026-01-28 10:15:00,ZONE_B,248.90829371381983,257.26215,249.05574,258.23782,4.373595695194118,5.837959,4.13384,22.65128,263.1001,253.18958,280.8891,2016.6714,1735.7823008789062,test
2026-01-28 10:30:00,ZONE_B,280.1016849083727,284.74768,279.69778,292.78806,6.345157509356424,3.3351994,8.543118,11.900219,288.0829,288.2409,304.68826,2009.1501,1704.461837060547,test
2026-01-28 10:45:00,ZONE_B,268.7764459684993,279.81387,293.97433,279.47476,9.331066988862403,9.929948,18.4871,16.812733,289.74384,312.46143,296.2875,2016.1409,1719.8533938964845,test
2026-01-28 11:00:00,ZONE_B,256.60306999450023,252.69374,267.6408,299.79602,19.91086886449055,25.119839,21.279343,25.55247,277.81357,288.92017,325.34848,1997.8531,1672.5046197753907,test
2026-01-28 11:15:00,ZONE_B,257.6796611446494,263.28253,278.44748,276.82327,19.60887080925018,19.509634,22.235914,28.22047,282.79218,300.68338,305.04373,1988.9697,1683.925968310547,test
2026-01-28 11:30:00,ZONE_B,256.24499991944714,270.82977,288.8714,289.4747,22.023564530979105,20.991533,24.959686,34.865482,291.82132,313.8311,324.34018,2007.9155,1683.5753205566407,test
2026-01-28 11:45:00,ZONE_B,254.41205345117496,260.89047,279.18173,284.94565,16.16358828873795,19.995647,23.021084,27.66172,280.8861,302.20282,312.60736,1984.5062,1671.8988391601563,test
2026-01-28 12:00:00,ZONE_B,253.23624303009103,262.02005,264.65332,290.99573,32.59235606391101,40.05791,41.241253,40.31262,302.07797,305.89456,331.30835,1977.3412,1646.032850390625,test
2026-01-28 12:15:00,ZONE_B,228.14044392435665,271.79843,260.80154,277.1301,29.010476514519866,38.195812,40.421314,37.398758,309.99423,301.22287,314.52887,1986.3723,1671.8434303710937,test
2026-01-28 12:30:00,ZONE_B,233.2227627299665,274.80505,255.59836,272.27567,26.291752400146606,31.274294,36.678276,27.032923,306.07935,292.27664,299.3086,2001.2816,1701.97300625,test
2026-01-28 12:45:00,ZONE_B,237.7337356394203,263.87827,263.934,277.79788,23.81596038644117,31.282759,27.968431,23.736343,295.161,291.90244,301.53424,1980.6266,1679.0923592773438,test
2026-01-28 13:00:00,ZONE_B,228.7408422985488,273.55853,270.04062,283.83838,19.30372442144253,31.14625,23.596184,12.672561,304.70477,293.6368,296.51093,1968.3927,1671.8817747070314,test
2026-01-28 13:15:00,ZONE_B,287.0654071660245,273.44043,276.22107,297.73227,14.665471006790424,18.576221,17.117094,9.337926,292.01666,293.33817,307.0702,1945.4043,1638.3341095703124,test
2026-01-28 13:30:00,ZONE_B,229.65339541902048,271.72424,263.16104,278.5173,11.84916219883192,14.472819,17.196968,19.519442,286.19705,280.358,298.03674,1965.1221,1667.0853568359375,test
2026-01-28 13:45:00,ZONE_B,269.19613412798867,266.27878,282.18954,279.6181,6.4016095299602265,4.7037215,9.764945,23.014837,270.9825,291.9545,302.63293,1964.7358,1662.1028654296874,test
2026-01-28 14:00:00,ZONE_B,278.76610695776174,273.7314,264.73853,269.48703,4.134904999856199,6.4544625,12.799519,13.815721,280.18588,277.53806,283.30276,1979.5016,1696.198835107422,test
2026-01-28 14:15:00,ZONE_B,267.277685817314,256.49295,247.1273,248.3616,11.249545222506432,17.727577,18.250849,27.800499,274.22052,265.37814,276.1621,1973.6288,1697.466690625,test
2026-01-28 14:30:00,ZONE_B,263.4908338054982,251.84868,251.59195,225.4619,14.811553960127425,17.583082,16.104006,17.824953,269.43176,267.69595,243.28685,1975.559,1732.272150024414,test
2026-01-28 14:45:00,ZONE_B,225.21361769422964,245.23183,216.74393,204.541,20.885092039555143,22.165413,26.096115,35.297466,267.39725,242.84004,239.83847,1953.7311,1713.8926295410156,test
2026-01-28 15:00:00,ZONE_B,237.69063455419524,236.64523,211.84795,180.53914,29.196603207018,31.69609,28.608492,18.622353,268.3413,240.45644,199.1615,1996.717,1797.5555009765626,test
2026-01-28 15:15:00,ZONE_B,212.4776178014293,203.91096,190.38466,164.81096,49.52936305908888,46.36971,47.416435,40.390804,250.28067,237.80109,205.20177,1983.1246,1777.9228330322267,test
2026-01-28 15:30:00,ZONE_B,216.02795576944123,200.44412,200.77168,148.46298,30.485011294182765,33.868927,30.459671,20.342508,234.31305,231.23135,168.8055,1981.0469,1812.2414037841797,test
2026-01-28 15:45:00,ZONE_B,189.50652381425152,199.11797,181.13814,52.870003,20.56845526390435,22.358507,24.748318,37.03729,221.47647,205.88646,89.90729,1995.039,1905.1317124023437,test
2026-01-28 16:00:00,ZONE_B,172.34290968007645,141.32071,116.01867,72.790276,15.2691897399008,15.879557,19.616957,17.088469,157.20027,135.63562,89.878746,2008.1495,1918.2707539672851,test
2026-01-28 16:15:00,ZONE_B,151.49456863138164,131.19702,106.11748,67.48318,13.00574722307968,10.926004,25.829702,9.864249,142.12303,131.94717,77.34743,2000.4812,1923.1337726318359,test
2026-01-28 16:30:00,ZONE_B,135.73449660172545,112.5352,85.83148,47.237118,11.651209499231836,15.236781,15.586974,14.360204,127.77198,101.41846,61.59732,2015.7238,1954.1264794433594,test
2026-01-28 16:45:00,ZONE_B,118.6960192182952,99.69684,75.19026,59.415436,9.765443912280949,12.50913,11.470184,9.682082,112.20597,86.660446,69.09752,2003.6045,1934.5069810791015,test
2026-01-28 17:00:00,ZONE_B,95.3885156191051,67.67112,45.104633,3.781585,10.419749450012342,11.581113,11.007499,6.77893,79.252235,56.112133,10.560515,2002.7596,1992.1990845962525,test
2026-01-28 17:15:00,ZONE_B,67.02321142323112,41.891205,22.358238,7.6023326,10.682060155020034,11.11437,10.402948,8.041375,53.005577,32.761185,15.643707,2003.7706,1988.1268927246094,test
2026-01-28 17:30:00,ZONE_B,46.78126865060148,20.587,0.0,2.665281,7.7219460125690675,5.8185687,6.071947,5.2145247,26.40557,6.071947,7.8798056,2001.7559,1993.8760944351197,test
2026-01-28 17:45:00,ZONE_B,24.92429712471442,0.51753676,1.4214185,2.7470493,2.197329819429807,0.9604234,1.7696813,1.7718761,1.4779601,3.1911,4.5189257,2002.0691,1997.5501743331909,test
2026-01-28 18:00:00,ZONE_B,0.0,4.150974,6.6289887,1.9906371,0.9809251586226018,0.0,0.0,0.0,4.150974,6.6289887,1.9906371,2001.7616,1999.77096293602,test
2026-01-28 18:15:00,ZONE_B,0.0,1.9847287,0.0,0.0,0.5493584831558046,1.7795355,1.2368139,0.441617,3.764264,1.2368139,0.441617,2002.2218,2001.780182987976,test
2026-01-28 18:30:00,ZONE_B,0.0,0.465473,1.6649764,0.0,0.0,0.0,0.14624909,2.253553,0.465473,1.8112254,2.253553,1998.6982,1996.4446470863343,test
2026-01-28 18:45:00,ZONE_B,0.0,1.7353711,0.0,0.0,0.0,1.6600192,0.4432448,0.1263049,3.3953903,0.4432448,0.1263049,2004.9608,2004.8344951053143,test
2026-01-28 19:00:00,ZONE_B,0.0,0.097789094,0.313981,0.6875827,0.0,0.0,0.48156947,0.0,0.097789094,0.79555047,0.6875827,1991.843,1991.1554173283578,test
2026-01-28 19:15:00,ZONE_B,0.0,0.0,0.38413924,0.0,0.0,0.0,0.42632505,0.2585429,0.0,0.81046426,0.2585429,2000.5393,2000.2807571046828,test
2026-01-28 19:30:00,ZONE_B,0.0,0.0,0.0,0.7378611,0.0,0.9992697,0.55933005,2.1404247,0.9992697,0.55933005,2.878286,2000.2625,1997.3842141151429,test
2026-01-28 19:45:00,ZONE_B,0.0,0.0,0.0,0.0,0.0,0.0,0.6244456,1.8799126,0.0,0.6244456,1.8799126,2001.452,1999.5720873851776,test
2026-01-28 20:00:00,ZONE_B,0.0,0.0,0.36165154,0.0,0.0,0.1186485,0.76569223,0.5142349,0.1186485,1.1273438,0.5142349,1869.3826,1868.8683650995254,test
2026-01-28 20:15:00,ZONE_B,0.0,0.30140537,0.0,0.0,0.0,1.1381975,0.15210666,0.9220749,1.4396029,0.15210666,0.9220749,1865.4968,1864.5747250860213,test
2026-01-28 20:30:00,ZONE_B,0.0,0.36283365,0.0,0.0,0.0,1.159819,0.6947958,2.3362374,1.5226526,0.6947958,2.3362374,1854.0648,1851.7285625694276,test
2026-01-28 20:45:00,ZONE_B,0.0,0.28146663,0.0,0.0,0.0,1.2379494,0.5540902,0.55978477,1.519416,0.5540902,0.55978477,1858.1176,1857.5578152299881,test
2026-01-28 21:00:00,ZONE_B,0.0,0.3978038,0.35672373,0.0,0.0,1.0807345,0.76569223,0.32116887,1.4785383,1.122416,0.32116887,1803.1957,1802.8745311302662,test
2026-01-28 21:15:00,ZONE_B,0.0,0.10655903,0.0,0.0,0.0,0.0,1.4125471,1.8970618,0.10655903,1.4125471,1.8970618,1780.0332,1778.1361381752015,test
2026-01-28 21:30:00,ZONE_B,0.0,0.10655903,0.0,0.0,0.0,1.2240678,0.45694205,2.528355,1.3306268,0.45694205,2.528355,1735.8363,1733.307945116806,test
2026-01-28 21:45:00,ZONE_B,0.0,0.15481827,0.0,0.0,0.0,0.0,1.4125471,0.2178303,0.15481827,1.4125471,0.2178303,1732.4941,1732.2762696996688,test
2026-01-28 22:00:00,ZONE_B,0.0,0.23954087,0.18156761,0.0,0.0,1.0807345,0.76569223,2.528355,1.3202753,0.94725984,2.528355,1701.5343,1699.005945116806,test
2026-01-28 22:15:00,ZONE_B,0.0,0.0,0.022375494,0.060100608,0.0,1.0739487,0.81088066,2.528355,1.0739487,0.8332561,2.5884554,1678.6555,1676.0670445613862,test
2026-01-28 22:30:00,ZONE_B,0.0,0.36960337,0.072618924,0.0,0.0,1.0952122,1.4125471,3.1479974,1.4648156,1.4851661,3.1479974,1635.6365,1632.488502620697,test
2026-01-28 22:45:00,ZONE_B,0.0,0.28146663,0.27097273,0.0,0.0,1.0632914,0.38266984,3.7011266,1.344758,0.65364254,3.7011266,1636.5928,1632.89167342453,test
2026-01-28 23:00:00,ZONE_B,0.0,0.516851,0.64360166,0.0,0.0,1.8430675,1.4125471,3.2269065,2.3599186,2.0561488,3.2269065,1616.4578,1613.2308934619903,test
2026-01-28 23:15:00,ZONE_B,0.0,0.0,0.0,0.0,0.0,0.6220838,0.5060451,4.3996787,0.6220838,0.5060451,4.3996787,1615.7885,1611.3888212928773,test
2026-01-28 23:30:00,ZONE_B,0.0,0.024095222,0.0,0.0,0.0,3.2551038,1.4504998,4.3996787,3.2791991,1.4504998,4.3996787,1620.5543,1616.1546212928772,test
2026-01-28 23:45:00,ZONE_B,0.0,0.0,3.5007665,0.0,0.0,1.0565056,1.4504998,3.86641,1.0565056,4.9512663,3.86641,1610.8531,1606.9866899829865,test
2026-01-29 00:00:00,ZONE_B,0.0,0.19606265,0.1274688,0.0,0.0,0.0,0.5158356,2.4431875,0.19606265,0.64330435,2.4431875,1604.8344,1602.3912125247955,test
2026-01-29 00:15:00,ZONE_B,0.0,0.031743914,0.0,0.0,0.0,1.7477416,1.7910717,1.1472408,1.7794855,1.7910717,1.1472408,1603.2124,1602.0651592420577,test
2026-01-29 00:30:00,ZONE_B,0.0,0.0,0.0,0.6300165,0.0,2.5375438,1.9134204,1.7035288,2.5375438,1.9134204,2.3335452,1603.5853,1601.2517547920227,test
2026-01-29 00:45:00,ZONE_B,0.0,0.011805187,1.2479739,1.3356411,0.0,1.9046974,1.9134204,2.7019987,1.9165026,3.1613944,4.0376396,1601.2806,1597.2429603820801,test
2026-01-29 01:00:00,ZONE_B,0.0,0.0,0.13239661,0.0,0.0,1.67609,1.9134204,2.4631324,1.67609,2.0458171,2.4631324,1604.8698,1602.4066676185607,test
2026-01-29 01:15:00,ZONE_B,0.0,0.17798975,0.0,0.0,0.0,1.5733618,1.9134204,7.5513744,1.7513515,1.9134204,7.5513744,1602.0422,1594.4908255645753,test
2026-01-29 01:30:00,ZONE_B,0.0,0.0091757225,0.0,0.6276707,0.0,1.8336118,1.6028357,2.0526555,1.8427876,1.6028357,2.6803262,1602.0422,1599.3618737766267,test
2026-01-29 01:45:00,ZONE_B,0.0,0.09662272,1.1876831,1.4415702,0.0,1.4117844,3.9912744,5.153628,1.5084071,5.1789575,6.595198,1605.1388,1598.5436018455505,test
2026-01-29 02:00:00,ZONE_B,0.0,0.34230846,0.13239661,0.0,0.0,2.3375227,1.4981554,2.3202438,2.6798313,1.6305519,2.3202438,1603.8721,1601.5518561645508,test
2026-01-29 02:15:00,ZONE_B,0.0,0.11656145,0.0,0.0,0.0,1.7468041,3.8236856,3.2847161,1.8633655,3.8236856,3.2847161,1605.0171,1601.732383870697,test
2026-01-29 02:30:00,ZONE_B,0.0,0.17798975,0.0,0.6276707,0.0,2.423393,1.8251297,2.0403147,2.6013827,1.8251297,2.6679854,1603.8866,1601.2186145606995,test
2026-01-29 02:45:00,ZONE_B,0.0,0.0,1.2940701,1.3356411,0.6162686273596802,1.2376487,1.0763903,1.8779986,1.2376487,2.3704605,3.2136397,1604.3046,1601.0909602638244,test
2026-01-29 03:00:00,ZONE_B,0.0,0.34230846,0.21533334,0.0,0.5695486073250041,4.7514668,0.888798,2.8536644,5.0937753,1.1041313,2.8536644,1601.9819,1599.1282356018066,test
2026-01-29 03:15:00,ZONE_B,0.0,0.018326787,0.0,0.0,0.0,0.8035849,1.0763903,0.98139566,0.82191163,1.0763903,0.98139566,1607.2275,1606.246104338169,test
2026-01-29 03:30:00,ZONE_B,0.0,0.29977763,2.9071198,3.4128964,0.0,1.3017278,0.7690635,1.2654803,1.6015054,3.6761832,4.6783767,1599.5477,1594.869323325348,test
2026-01-29 03:45:00,ZONE_B,0.0,0.0,1.0590914,1.370913,0.0,1.1349206,1.5623335,5.083849,1.1349206,2.621425,6.454762,1599.7908,1593.3360380180359,test
2026-01-29 04:00:00,ZONE_B,0.0,0.1826455,0.026009716,0.0,0.0,1.6920475,1.183949,2.5965564,1.8746929,1.2099587,2.5965564,1604.5714,1601.9748435749054,test
2026-01-29 04:15:00,ZONE_B,0.0,0.10717572,0.0,0.0,0.0,0.9063131,3.7791755,4.906445,1.0134889,3.7791755,4.906445,1599.7922,1594.8857549736024,test
2026-01-29 04:30:00,ZONE_B,0.0,0.07975508,0.0,1.056253,0.0,1.8135636,2.5368586,1.0511742,1.8933187,2.5368586,2.1074271,1604.1602,1602.0527728797913,test
2026-01-29 04:45:00,ZONE_B,0.0,0.0,7.35286,25.840784,0.0,1.802135,5.1378245,2.9028018,1.802135,12.4906845,28.743586,1596.8601,1568.1165144134523,test
2026-01-29 05:00:00,ZONE_B,0.0,3.2281601,0.026009716,0.0,1.6428299547374383,4.3402123,1.9707825,6.5995126,7.5683727,1.9967922,6.5995126,1728.9832,1722.383687422943,test
2026-01-29 05:15:00,ZONE_B,0.0,0.23635238,3.7097883,5.956812,1.9872920168771653,1.6291392,1.5426491,9.798804,1.8654916,5.2524376,15.755616,1831.107,1815.3513838119507,test
2026-01-29 05:30:00,ZONE_B,0.0,0.0,2.9210608,2.3958843,0.5914832719388042,3.3891327,2.9965153,11.663908,3.3891327,5.917576,14.0597925,1859.3531,1845.2933074813843,test
2026-01-29 05:45:00,ZONE_B,0.0,0.44865292,18.275875,20.805347,1.0531308265436323,1.7921548,7.598411,19.348696,2.2408078,25.874287,40.154045,1883.6191,1843.4650548950194,test
2026-01-29 06:00:00,ZONE_B,0.0,4.0251827,9.804149,53.205116,3.326649368761556,4.2311344,7.897057,5.4975452,8.256317,17.701206,58.70266,1924.6975,1865.9948403930664,test
2026-01-29 06:15:00,ZONE_B,0.0,0.0,1.0667689,51.236088,6.919001824244039,9.427622,17.104586,12.555546,9.427622,18.171354,63.791634,1911.8043,1848.012666394043,test
2026-01-29 06:30:00,ZONE_B,0.0,0.43834725,4.6434565,41.933273,9.853154572575434,16.48263,13.887476,15.872016,16.920977,18.530933,57.80529,1957.6171,1899.811809777832,test
2026-01-29 06:45:00,ZONE_B,0.0,1.1428572,42.14572,110.634315,17.340829404501477,18.900393,18.739094,15.301691,20.04325,60.884815,125.936005,2003.5116,1877.5755953613282,test
2026-01-29 07:00:00,ZONE_B,0.0,38.723812,40.49007,139.52986,17.617627171230723,17.154123,17.259256,33.946686,55.877937,57.74933,173.47655,2022.5006,1849.0240527587891,test
2026-01-29 07:15:00,ZONE_B,37.15156167883203,57.006893,99.715675,178.81396,22.08785986439538,20.85535,19.9261,35.262974,77.86224,119.64178,214.07693,2045.5278,1831.450865185547,test
2026-01-29 07:30:00,ZONE_B,65.96263815750369,110.78642,136.23166,224.17374,17.59625233782797,19.048231,25.636694,18.528624,129.83466,161.86835,242.70236,2040.4119,1797.7095379394532,test
2026-01-29 07:45:00,ZONE_B,105.06068329480414,144.5022,162.28839,282.59027,19.36246442980163,26.318668,23.26255,27.833996,170.82086,185.55093,310.42426,2112.1968,1801.7725446289064,test
2026-01-29 08:00:00,ZONE_B,144.2353793092112,189.62593,222.88847,270.269,30.019065887847383,31.427145,29.253643,41.07343,221.05307,252.14212,311.34244,2157.0007,1845.6582622558594,test
2026-01-29 08:15:00,ZONE_B,178.8513637539922,226.93979,252.9389,318.47546,24.27321786814466,21.520191,31.684904,31.521973,248.45998,284.6238,349.99744,2193.7734,1843.7759634765625,test
2026-01-29 08:30:00,ZONE_B,188.91582954726383,223.05531,253.67857,329.4119,18.262046870945,22.69593,30.264975,23.817057,245.75125,283.94354,353.22894,2238.6907,1885.4617571289064,test
2026-01-29 08:45:00,ZONE_B,234.46822207051284,269.5075,287.50842,314.7693,19.346622718242784,23.344963,23.230844,33.338985,292.85248,310.73926,348.10828,2208.0552,1859.9469236328123,test
2026-01-29 09:00:00,ZONE_B,233.01171304689865,271.32947,278.33823,326.83624,17.72582057923433,19.640577,20.660934,23.874302,290.97003,298.99915,350.71054,2073.099,1722.3884592285158,test
2026-01-29 09:15:00,ZONE_B,256.3204300349045,269.62747,293.9381,363.34933,21.64063958475997,24.849594,32.39249,35.911007,294.47705,326.3306,399.26035,2015.6035,1616.3431545410156,test
2026-01-29 09:30:00,ZONE_B,258.67089904687305,283.27628,328.46207,320.26816,19.164420829636256,26.049269,23.860247,24.60586,309.32553,352.32233,344.87402,1987.155,1642.2809765625,test
2026-01-29 09:45:00,ZONE_B,305.02582371796416,341.1966,372.77014,377.7357,32.58780184795998,33.269123,38.814445,15.046718,374.46573,411.5846,392.7824,2051.9421,1659.1596903320315,test
2026-01-29 10:00:00,ZONE_B,314.32983002984406,329.79254,329.77634,357.83755,21.791035961427827,25.38622,29.450764,19.887388,355.17877,359.2271,377.72495,2041.0643,1663.3393549316406,test
2026-01-29 10:15:00,ZONE_B,355.9714943069921,353.0961,377.96573,408.3492,31.910151263158927,35.544666,25.198025,19.537903,388.64078,403.16376,427.88712,2006.3845,1578.4973845214843,test
2026-01-29 10:30:00,ZONE_B,338.5637923104025,359.7376,354.62582,406.4923,25.71777190338727,20.20337,25.43091,16.698929,379.94098,380.05673,423.19122,1999.7866,1576.5953768554687,test
2026-01-29 10:45:00,ZONE_B,359.1848119954776,362.53003,378.4831,398.32217,13.24263215304094,13.620049,13.571796,16.446362,376.1501,392.0549,414.76852,2034.4807,1619.7121758300782,test
2026-01-29 11:00:00,ZONE_B,385.4121272030645,390.59235,421.98892,409.52753,14.842457214220872,13.052396,12.7672415,11.32952,403.64474,434.75616,420.85706,1986.7667,1565.9096443359374,test
2026-01-29 11:15:00,ZONE_B,420.4330127477839,432.81668,425.87158,465.6906,13.486608211677714,12.05796,12.193026,27.582323,444.87463,438.0646,493.27295,1999.9667,1506.69375078125,test
2026-01-29 11:30:00,ZONE_B,442.45376699563707,426.11325,408.63916,446.05624,8.577203658777966,9.562654,10.677328,7.861861,435.6759,419.3165,453.9181,2027.3326,1573.4145091796875,test
2026-01-29 11:45:00,ZONE_B,439.39342537855055,465.72134,445.97287,424.79068,3.4637953764066083,5.538614,17.665468,2.2930698,471.25995,463.63834,427.08374,2059.9348,1632.851059765625,test
2026-01-29 12:00:00,ZONE_B,426.3377919426907,435.12436,432.9582,374.73334,3.4146273777232694,9.415104,7.165458,20.999458,444.53946,440.12366,395.7328,1973.1953,1577.4625119140626,test
2026-01-29 12:15:00,ZONE_B,408.61036785397937,408.73056,401.3992,381.55283,6.11291606575168,6.8564653,4.7951117,10.829649,415.58704,406.1943,392.38248,1961.6687,1569.2862231933593,test
2026-01-29 12:30:00,ZONE_B,434.9031963139249,434.7395,400.33057,358.2061,8.015612424800613,5.3514223,18.620386,8.648622,440.0909,418.95096,366.8547,1948.8013,1581.9465941894532,test
2026-01-29 12:45:00,ZONE_B,421.6312654236888,412.8232,421.77216,364.94388,8.153166191765568,11.429771,11.140922,10.360084,424.253,432.9131,375.30396,1959.1339,1583.829944921875,test
2026-01-29 13:00:00,ZONE_B,343.44186998906866,354.03256,326.06836,343.22937,10.145726409817748,12.658916,9.575783,8.368488,366.69147,335.64413,351.59787,1962.6744,1611.0765301269532,test
2026-01-29 13:15:00,ZONE_B,357.71949507196814,348.92255,349.1973,338.44672,10.035726316729214,9.183583,12.293343,7.92923,358.10614,361.49063,346.37595,1954.0876,1607.7116539550782,test
2026-01-29 13:30:00,ZONE_B,307.4645812365081,324.54196,330.61255,295.67966,5.043343706182523,10.465942,3.1320684,6.835335,335.0079,333.74463,302.51498,1966.2842,1663.7692158691407,test
2026-01-29 13:45:00,ZONE_B,301.3503382191888,317.7275,304.0647,297.26932,2.059890179840192,0.3796111,2.8490095,5.8101325,318.10712,306.9137,303.07944,1953.4816,1650.4021627441407,test
2026-01-29 14:00:00,ZONE_B,334.00815568353323,316.5251,273.27103,267.11258,1.7398098680764238,1.4152074,3.0273175,5.553976,317.9403,276.29834,272.66656,1942.7255,1670.0589350585938,test
2026-01-29 14:15:00,ZONE_B,321.9557141905916,303.72095,268.37936,237.43787,1.5581505749783209,2.7592936,5.05963,1.4076979,306.48026,273.439,238.84557,1944.0586,1705.2130342041016,test
2026-01-29 14:30:00,ZONE_B,287.4339330218792,263.7344,264.85474,247.51251,2.845746414144981,3.9130092,4.71143,4.816523,267.6474,269.56616,252.32904,1938.1589,1685.8298594726562,test
2026-01-29 14:45:00,ZONE_B,292.1840001162225,274.95947,250.76535,237.24036,4.633786820437408,5.6038513,5.910031,10.025865,280.56332,256.67538,247.26622,1964.2362,1716.9699799072266,test
2026-01-29 15:00:00,ZONE_B,286.9449547910946,255.77377,241.29237,208.82903,6.119470797554886,5.538661,6.7338743,6.772957,261.31244,248.02625,215.60199,2004.3912,1788.7892102539063,test
2026-01-29 15:15:00,ZONE_B,263.2703707908925,244.20688,229.35153,190.5139,5.511965085286984,4.9548416,6.510593,3.5184116,249.16171,235.86212,194.03232,2001.1875,1807.1551818847656,test
2026-01-29 15:30:00,ZONE_B,236.3721458380443,230.49292,215.98772,160.17612,2.36337691668927,2.2137046,3.0682604,1.229567,232.70662,219.05598,161.40569,1973.4823,1812.0766145751952,test
2026-01-29 15:45:00,ZONE_B,207.1878275527645,197.78374,187.16972,134.6573,3.150547377190496,0.0,1.2866644,0.18378055,197.78374,188.45639,134.84108,1988.1493,1853.308220288086,test
2026-01-29 16:00:00,ZONE_B,187.9783452889719,157.92717,138.66603,91.593834,4.221543875004783,1.899534,1.1776463,1.2481227,159.8267,139.84367,92.84196,2001.4353,1908.593342907715,test
2026-01-29 16:15:00,ZONE_B,159.93164353043647,134.04353,114.14392,66.89435,0.6962673808462834,0.3608761,0.66050774,1.4960773,134.4044,114.80443,68.39043,2002.5585,1934.168073364258,test
2026-01-29 16:30:00,ZONE_B,142.34477294682316,113.03018,90.841255,41.48222,0.0,0.0,0.3088481,0.0,113.03018,91.1501,41.48222,2004.8368,1963.3545803039551,test
2026-01-29 16:45:00,ZONE_B,118.83050282769088,100.17962,75.8106,48.388622,0.0,0.0,0.24863704,0.0,100.17962,76.059235,48.388622,2002.9088,1954.5201777160644,test
2026-01-29 17:00:00,ZONE_B,100.1781060178151,68.20809,44.61914,0.0,0.0,0.0,0.0,0.0,68.20809,44.61914,0.0,2010.221,2010.221,test
2026-01-29 17:15:00,ZONE_B,69.42993397393984,39.36275,22.005093,1.6458994,0.0,0.0,0.5889241,0.0,39.36275,22.594017,1.6458994,2004.0944,2002.4485005849838,test
2026-01-29 17:30:00,ZONE_B,50.08069497614602,21.202866,0.0,0.0,0.0,0.50148183,0.55596405,0.073149756,21.704348,0.55596405,0.073149756,2004.7397,2004.666550244403,test
2026-01-29 17:45:00,ZONE_B,22.413010578416603,0.0,7.0747943,7.489265,0.0,0.0,0.24863704,0.0,0.0,7.3234315,7.489265,2004.1558,1996.6665350349426,test
2026-01-29 18:00:00,ZONE_B,0.0,0.29962057,1.1594374,1.2503195,0.0,0.0,0.0,0.0,0.29962057,1.1594374,1.2503195,2002.3325,2001.082180519104,test
2026-01-29 18:15:00,ZONE_B,0.0,1.270564,0.6769028,0.0,0.0,0.1186485,0.5190627,0.1263049,1.3892125,1.1959655,0.1263049,2002.2108,2002.0844951053143,test
2026-01-29 18:30:00,ZONE_B,0.0,10.557225,17.529402,0.0,0.0,0.0,0.24863704,0.0,10.557225,17.778038,0.0,2004.5352,2004.5352,test
2026-01-29 18:45:00,ZONE_B,0.0,0.0,0.0,0.0,0.0,1.244735,0.41667473,0.32116887,1.244735,0.41667473,0.32116887,2008.3456,2008.0244311302663,test
2026-01-29 19:00:00,ZONE_B,0.0,0.33458865,0.10529527,0.0,0.0,0.0,0.057590708,1.8799126,0.33458865,0.16288598,1.8799126,2002.1821,2000.3021873851776,test
2026-01-29 19:15:00,ZONE_B,0.0,1.8550134,1.7664276,0.0,0.0,0.0,0.24863704,0.0,1.8550134,2.0150647,0.0,2001.2413,2001.2413,test
2026-01-29 19:30:00,ZONE_B,0.0,0.0,0.0,0.5633708,0.0,0.2045188,1.2368139,2.1404247,0.2045188,1.2368139,2.7037954,2007.4547,2004.7509045669556,test
2026-01-29 19:45:00,ZONE_B,0.0,0.0,0.0,0.0,0.0,0.13626945,0.0,1.8799126,0.13626945,0.0,1.8799126,2001.7671,1999.8871873851776,test
2026-01-29 20:00:00,ZONE_B,0.0,0.029591084,0.36165154,0.0,0.0,0.9133994,0.68987423,0.32116887,0.9429905,1.0515258,0.32116887,1881.2795,1880.9583311302663,test
2026-01-29 20:15:00,ZONE_B,0.0,0.36283365,0.0,0.0,0.0,1.0807345,1.0586082,2.528355,1.4435681,1.0586082,2.528355,1871.7965,1869.268145116806,test
2026-01-29 20:30:00,ZONE_B,0.0,0.21454963,0.0,0.0,0.0,1.1666048,0.3408569,2.528355,1.3811544,0.3408569,2.528355,1853.5325,1851.004145116806,test
2026-01-29 20:45:00,ZONE_B,0.0,0.03494791,0.0,0.0,0.0,1.2379494,1.4125471,0.6980523,1.2728972,1.4125471,0.6980523,1855.1025,1854.4044477128982,test
2026-01-29 21:00:00,ZONE_B,0.0,0.2127133,0.0,0.0,0.0,1.1381975,1.4161686,2.528355,1.3509109,1.4161686,2.528355,1817.8955,1815.3671451168061,test
2026-01-29 21:15:00,ZONE_B,0.0,0.024095222,0.0,0.0,0.0,0.0,1.3184615,1.0708001,0.024095222,1.3184615,1.0708001,1749.2717,1748.2008999340057,test
2026-01-29 21:30:00,ZONE_B,0.0,0.43103164,0.0,0.0,0.0,0.992484,0.5060451,2.528355,1.4235156,0.5060451,2.528355,1731.5023,1728.9739451168061,test
2026-01-29 21:45:00,ZONE_B,0.0,0.15481827,0.0,0.070444405,0.0,1.4052844,1.3184615,0.9069855,1.5601027,1.3184615,0.9774299,1704.0156,1703.0381700736045,test
2026-01-29 22:00:00,ZONE_B,0.0,0.18722865,0.24626672,0.0,0.0,1.3933227,4.3711586,3.2617574,1.5805514,4.6174254,3.2617574,1679.6058,1676.3440426261902,test
2026-01-29 22:15:00,ZONE_B,0.0,0.0,0.0,0.0,0.0,1.0739487,1.0090011,2.528355,1.0739487,1.0090011,2.528355,1680.8157,1678.2873451168061,test
2026-01-29 22:30:00,ZONE_B,0.0,0.0,0.0,0.0,0.0,0.0,1.4423736,3.7011266,0.0,1.4423736,3.7011266,1644.7277,1641.02657342453,test
2026-01-29 22:45:00,ZONE_B,0.0,0.0,0.0,0.070444405,0.0,1.3021982,0.15210666,2.528355,1.3021982,0.15210666,2.5987992,1633.2997,1630.7009007713318,test
2026-01-29 23:00:00,ZONE_B,0.0,0.18722865,0.24626672,0.062130794,0.0,1.7856044,0.0,3.2269065,1.972833,0.24626672,3.2890372,1619.2051,1615.9160627723693,test
2026-01-29 23:15:00,ZONE_B,0.0,0.0,0.0,0.349802,0.0,1.2473911,0.5060451,2.9642637,1.2473911,0.5060451,3.3140657,1618.3009,1614.986834305191,test
2026-01-29 23:30:00,ZONE_B,0.0,0.0,0.026522685,0.0,0.0,2.0381312,1.4125471,2.4580266,2.0381312,1.4390697,2.4580266,1614.9187,1612.4606733524322,test
2026-01-29 23:45:00,ZONE_B,0.0,0.15481827,3.1945136,0.0,0.0,1.4052844,0.45170224,2.4580266,1.5601027,3.646216,2.4580266,1608.9954,1606.5373733524323,test
2026-01-30 00:00:00,ZONE_B,0.0,0.0,0.0,0.0,0.0,1.7468041,1.0069188,2.4385478,1.7468041,1.0069188,2.4385478,1606.2628,1603.8242521503448,test
2026-01-30 00:15:00,ZONE_B,0.0,0.031743914,0.0,0.0,0.0,1.7468041,1.0069188,2.4385478,1.778548,1.0069188,2.4385478,1606.2961,1603.8575521503449,test
2026-01-30 00:30:00,ZONE_B,0.0,0.0,0.0,0.62326145,0.0,1.483895,1.9513731,2.2553608,1.483895,1.9513731,2.8786223,1606.0951,1603.2164777065277,test
2026-01-30 00:45:00,ZONE_B,0.0,0.0,0.91038036,0.7584492,0.0,1.5559179,1.9513731,1.3348783,1.5559179,2.8617535,2.0933275,1605.1953,1603.1019724777223,test
2026-01-30 01:00:00,ZONE_B,0.0,0.0,0.0,0.0,0.0,1.7468041,2.185867,2.2115471,1.7468041,2.185867,2.2115471,1606.7064,1604.4948528636933,test
2026-01-30 01:15:00,ZONE_B,0.0,0.0,0.0,0.0,0.0,1.8788079,2.0373323,0.3048048,1.8788079,2.0373323,0.3048048,1604.8212,1604.5163951980592,test
2026-01-30 01:30:00,ZONE_B,0.0,0.0,0.0,0.8354941,0.0,0.9829827,0.0,0.0,0.9829827,0.0,0.8354941,1609.0919,1608.2564058989524,test
2026-01-30 01:45:00,ZONE_B,0.0,0.0,0.91038036,0.7584492,0.0,1.9046974,1.9134204,1.896893,1.9046974,2.8238008,2.655342,1605.5653,1602.9099578979492,test
2026-01-30 02:00:00,ZONE_B,0.0,0.0,0.0,0.0,0.0,1.5733618,1.9134204,2.0526555,1.5733618,1.9134204,2.0526555,1606.8143,1604.7616445415497,test
2026-01-30 02:15:00,ZONE_B,0.0,0.0,0.0,0.0,0.0,0.95363826,0.05852872,1.7746527,0.95363826,0.05852872,1.7746527,1607.8695,1606.0948472805023,test
2026-01-30 02:30:00,ZONE_B,0.0,0.0,0.0,0.88209873,0.0,1.8336118,1.8716606,2.0526555,1.8336118,1.8716606,2.9347541,1605.6704,1602.7356458667755,test
2026-01-30 02:45:00,ZONE_B,0.0,0.0,0.91038036,0.7584492,0.0,1.9046974,1.9134204,2.0526555,1.9046974,2.8238008,2.8111048,1608.0345,1605.2233952255249,test
2026-01-30 03:00:00,ZONE_B,0.0,0.0,0.0,0.0,0.0,1.6902784,1.4981554,1.629838,1.6902784,1.4981554,1.629838,1605.3071,1603.6772620101929,test
2026-01-30 03:15:00,ZONE_B,0.0,0.0,0.0,0.0,0.0,1.7166392,1.7152995,2.7663474,1.7166392,1.7152995,2.7663474,1608.0211,1605.2547525917053,test
2026-01-30 03:30:00,ZONE_B,0.0,0.0,0.0,0.88209873,0.0,1.8336118,1.4768653,1.629838,1.8336118,1.4768653,2.5119367,1602.8372,1600.3252633354186,test
2026-01-30 03:45:00,ZONE_B,0.0,0.0,1.6323715,1.0172864,0.0,2.021614,1.0348443,1.4740756,2.021614,2.6672158,2.491362,1607.5985,1605.107137905121,test
2026-01-30 04:00:00,ZONE_B,0.0,2.7984025,0.0,0.0,0.0,3.2005348,1.4563954,1.629838,5.9989376,1.4563954,1.629838,1607.4634,1605.833562010193,test
2026-01-30 04:15:00,ZONE_B,0.0,0.0,6.4352655,3.7188632,0.0,0.8035849,1.7528251,0.0,0.8035849,8.18809,3.7188632,1603.2059,1599.4870367511749,test
2026-01-30 04:30:00,ZONE_B,0.0,0.0,0.0,1.4847252,0.0,0.88945514,2.0601523,0.98139566,0.88945514,2.0601523,2.466121,1597.4814,1595.0152790416716,test
2026-01-30 04:45:00,ZONE_B,0.0,0.0,0.91038036,0.9706818,0.0,2.021614,2.0635183,1.629838,2.021614,2.9738986,2.6005197,1653.0211,1650.420580342865,test
2026-01-30 05:00:00,ZONE_B,0.0,0.0,0.0,0.34814122,0.0,1.0804487,1.4932969,1.0511742,1.0804487,1.4932969,1.3993154,1846.4453,1845.0459846427918,test
2026-01-30 05:15:00,ZONE_B,0.0,0.04858943,2.6070747,0.0,0.0,4.00578,1.8716606,6.044534,4.0543694,4.4787354,6.044534,1845.2302,1839.1856657936096,test
2026-01-30 05:30:00,ZONE_B,0.0,0.0,0.0,0.88209873,0.0,0.88945514,1.8347799,0.98139566,0.88945514,1.8347799,1.8634944,1859.3556,1857.4921056037904,test
2026-01-30 05:45:00,ZONE_B,0.0,0.0,5.831546,14.941989,0.0,2.0233834,1.8251297,1.629838,2.0233834,7.6566753,16.571827,1873.4655,1856.8936730651856,test
2026-01-30 06:00:00,ZONE_B,0.0,5.002063,9.827822,47.04098,0.0,0.8035849,1.18597,9.160874,5.805648,11.013792,56.201855,1924.0072,1867.8053452941895,test
2026-01-30 06:15:00,ZONE_B,0.0,0.5478013,2.8200607,35.315426,0.0,0.8035849,1.8347799,0.98139566,1.3513862,4.6548405,36.29682,1923.1699,1886.8730784057618,test
2026-01-30 06:30:00,ZONE_B,0.0,0.0,15.366046,75.49812,0.0,0.88945514,2.2130542,4.1787167,0.88945514,17.5791,79.67684,1979.1653,1899.48845826416,test
2026-01-30 06:45:00,ZONE_B,0.0,2.3127444,18.464565,69.908714,0.0,1.5921253,2.063192,1.1534321,3.9048696,20.527758,71.06215,2002.1187,1931.0565509521484,test
2026-01-30 07:00:00,ZONE_B,0.0,23.064474,75.35352,106.696434,0.0,1.4625478,2.3200524,0.90742975,24.527021,77.67358,107.60387,2033.4279,1925.8240334228515,test
2026-01-30 07:15:00,ZONE_B,17.52699729927216,52.409492,93.54287,126.377144,0.0,1.506255,1.8102268,0.90742975,53.91575,95.353096,127.28458,2046.5188,1919.2342235839844,test
2026-01-30 07:30:00,ZONE_B,34.93752138538039,59.029793,83.69863,82.497444,0.0,0.0,1.7273198,0.90742975,59.029793,85.42595,83.40488,2108.351,2024.9461232910157,test
2026-01-30 07:45:00,ZONE_B,51.81547933494228,81.86441,103.67975,150.80888,0.0,1.9094253,1.8102268,1.1458702,83.773834,105.489975,151.95476,2116.0598,1964.1050423095703,test
2026-01-30 08:00:00,ZONE_B,66.57072579235367,93.86818,110.783844,150.36224,0.0,1.2424486,1.8102268,0.59101677,95.11063,112.59407,150.95326,2188.7805,2037.8272376708983,test
2026-01-30 08:15:00,ZONE_B,92.04884410641468,117.68004,143.02003,198.32523,0.0,1.0509365,2.063192,0.90742975,118.73097,145.08322,199.23265,2193.5422,1994.309549243164,test
2026-01-30 08:30:00,ZONE_B,134.52987628570853,169.20807,184.4999,258.24005,0.0,1.2123411,2.1234026,0.90742975,170.42041,186.62329,259.1475,2223.2896,1964.142108544922,test
2026-01-30 08:45:00,ZONE_B,152.24404883595824,183.23889,223.08543,290.66284,0.0,0.48853162,2.0903034,0.98139566,183.72742,225.17574,291.64423,2239.6492,1948.004973925781,test
2026-01-30 09:00:00,ZONE_B,166.61794726917373,198.74638,227.0228,243.40988,0.0,1.0509365,2.1234026,0.31255633,199.79732,229.1462,243.72244,2021.3772,1777.6547573730468,test
2026-01-30 09:15:00,ZONE_B,193.0362784001105,218.8256,262.89252,255.24913,0.0,0.71673095,2.0221517,2.078288,219.54234,264.91467,257.32742,1988.8423,1731.514876904297,test
2026-01-30 09:30:00,ZONE_B,243.73820211486992,266.54205,264.81094,275.83258,0.0,1.2123411,2.478445,1.5744119,267.7544,267.2894,277.40698,2007.1925,1729.785517578125,test
2026-01-30 09:45:00,ZONE_B,250.84071402998995,262.63034,280.83475,315.78177,0.0,0.0,1.0337435,0.7867637,262.63034,281.8685,316.56854,2035.6586,1719.0900575195312,test
2026-01-30 10:00:00,ZONE_B,273.5790049195371,291.68097,283.56113,323.638,0.0,2.1223693,2.98827,1.0870607,293.80334,286.5494,324.72507,2006.0464,1681.321332861328,test
2026-01-30 10:15:00,ZONE_B,275.2491359373644,282.53894,296.93182,319.84775,0.0,0.0,1.2223493,0.61636585,282.53894,298.15417,320.4641,2049.5125,1729.0483886718748,test
2026-01-30 10:30:00,ZONE_B,248.2907419869644,243.77536,267.42206,298.89172,0.0,0.0,2.2371454,0.7353934,243.77536,269.6592,299.6271,2010.4784,1710.8512942871093,test
2026-01-30 10:45:00,ZONE_B,305.73752959920284,326.34482,342.63553,354.69586,0.0,1.4518902,2.283133,1.6563492,327.79672,344.91867,356.3522,1984.2155,1627.8632966308594,test
2026-01-30 11:00:00,ZONE_B,332.63365135769493,334.38116,358.43918,313.9767,0.0,0.0,1.1859087,0.68133235,334.38116,359.6251,314.65805,1994.9199,1680.2618494628907,test
2026-01-30 11:15:00,ZONE_B,348.6417293698839,350.11096,364.75934,390.81427,0.0,1.3711529,1.614915,0.90742975,351.48212,366.37427,391.7217,2016.8925,1625.1707897949218,test
2026-01-30 11:30:00,ZONE_B,328.43165562405187,344.84186,333.98578,341.71558,0.0,0.7453904,0.0,1.1987088,345.58725,333.98578,342.91428,1988.4703,1645.556023876953,test
2026-01-30 11:45:00,ZONE_B,378.3947728458757,381.0831,378.97382,401.49045,0.0,0.0,1.880231,3.3718896,381.0831,380.85403,404.86234,1992.3802,1587.517864794922,test
2026-01-30 12:00:00,ZONE_B,315.03497074220786,329.99594,302.5517,330.07437,0.0,0.5057868,1.8870503,2.5447755,330.50174,304.43875,332.61914,2012.6162,1679.997059375,test
2026-01-30 12:15:00,ZONE_B,324.8040656434154,316.66986,307.41434,347.02777,0.0,2.0990674,3.656135,0.7499149,318.76892,311.07047,347.77768,2002.0902,1654.3125205566407,test
2026-01-30 12:30:00,ZONE_B,329.90917908350474,332.02133,324.35208,335.86807,0.0,2.664072,2.8360982,3.6919565,334.6854,327.18817,339.56003,1976.2937,1636.733671923828,test
2026-01-30 12:45:00,ZONE_B,332.0048682948262,341.11792,337.6729,314.55832,0.0,2.1554337,2.0540764,0.14360403,343.27335,339.727,314.70193,1965.9005,1651.1985651855468,test
2026-01-30 13:00:00,ZONE_B,338.10318181724773,346.65536,314.99924,319.20633,0.0,1.0638336,5.791987,1.2916498,347.7192,320.79123,320.498,1984.4825,1663.9845141601563,test
2026-01-30 13:15:00,ZONE_B,304.6385835255001,311.98416,308.4245,338.1637,0.0,3.314664,1.0865816,0.20717871,315.29883,309.51108,338.37088,1986.2351,1647.864219873047,test
2026-01-30 13:30:00,ZONE_B,327.15304715624234,334.14786,294.89642,291.41785,0.0,0.0,1.5004593,2.139941,334.14786,296.39688,293.5578,1986.1475,1692.5896997070313,test
2026-01-30 13:45:00,ZONE_B,320.91423305754427,321.9028,318.29773,283.51065,0.0,1.1010275,2.7703788,0.0,323.0038,321.0681,283.51065,1970.6005,1687.0898493652344,test
2026-01-30 14:00:00,ZONE_B,314.16153026439184,309.53024,292.78134,245.40202,0.0,1.1028911,1.3882142,0.0,310.63315,294.16956,245.40202,1948.7601,1703.3580766845703,test
2026-01-30 14:15:00,ZONE_B,323.4089656244765,301.99384,272.36285,231.85994,0.0,1.3215619,0.46255806,0.2999022,303.3154,272.8254,232.15984,1952.4878,1720.3279641845704,test
2026-01-30 14:30:00,ZONE_B,246.68807058313192,240.9389,224.59329,206.712,0.0,0.0,0.415841,0.0,240.9389,225.00914,206.712,1954.402,1747.6899943847657,test
2026-01-30 14:45:00,ZONE_B,235.37921925391228,209.37926,211.17896,202.57185,0.0,0.0,1.7836151,1.9772162,209.37926,212.96257,204.54907,1959.0994,1754.550327734375,test
2026-01-30 15:00:00,ZONE_B,204.0939209969709,197.46077,206.59648,153.37895,0.0,1.2331419,1.414881,0.94084734,198.69391,208.01137,154.3198,1998.5044,1844.1846062988282,test
2026-01-30 15:15:00,ZONE_B,169.32480305287476,170.99141,173.70265,120.77796,0.0,1.3307841,1.3697376,0.0,172.32219,175.07239,120.77796,2007.0437,1886.265738269043,test
2026-01-30 15:30:00,ZONE_B,183.3257734075337,190.77322,184.53178,133.72697,0.0,0.7654732,1.3697376,1.3864944,191.5387,185.90152,135.11346,2002.6302,1867.5167356445313,test
2026-01-30 15:45:00,ZONE_B,144.02014453341968,160.81836,159.61551,87.44295,0.0,0.5996424,1.3520243,0.36396432,161.418,160.96753,87.806915,1998.0944,1910.2874847167968,test
2026-01-30 16:00:00,ZONE_B,163.8993636232,136.6117,115.33843,75.0664,0.0,0.0,0.0,0.0,136.6117,115.33843,75.0664,2009.8964,1934.8300013793946,test
2026-01-30 16:15:00,ZONE_B,157.13484721442163,134.24942,113.019646,67.36609,0.0,0.0,0.3088481,0.0,134.24942,113.32849,67.36609,2004.3759,1937.0098111328125,test
2026-01-30 16:30:00,ZONE_B,140.75720709937983,111.8586,85.53067,29.056715,0.0,0.08205837,0.24863704,0.0,111.94066,85.779305,29.056715,2006.9813,1977.9245849884032,test
2026-01-30 16:45:00,ZONE_B,111.96318183357708,89.95923,59.52063,41.79985,0.0,0.45098045,0.3088481,0.093976766,90.41021,59.82948,41.893826,2009.4755,1967.5816744689942,test
2026-01-30 17:00:00,ZONE_B,89.0457206967756,58.36329,34.83247,4.5917892,0.0,0.89246875,0.5889241,0.0,59.255756,35.421394,4.5917892,2004.6948,2000.1030107543945,test
2026-01-30 17:15:00,ZONE_B,68.09205170999537,40.84351,23.835884,0.0,0.0,1.9428986,0.24863704,0.0,42.786407,24.08452,0.0,2005.3099,2005.3099,test
2026-01-30 17:30:00,ZONE_B,45.150361625052646,20.148134,0.0,0.0,0.0,0.0,0.24863704,0.0,20.148134,0.24863704,0.0,2005.2794,2005.2794,test
2026-01-30 17:45:00,ZONE_B,24.53619165440964,0.0,1.4214185,2.7470493,0.0,0.0,0.52871305,0.0,0.0,1.9501317,2.7470493,2008.4382,2005.691150668335,test
2026-01-30 18:00:00,ZONE_B,0.0,0.0,0.0,0.6797943,0.0,0.0,0.18722959,0.0,0.0,0.18722959,0.6797943,2007.4993,2006.8195056884765,test
2026-01-30 18:15:00,ZONE_B,0.0,0.0,0.0,0.0,0.0,0.0,0.42632505,0.0,0.0,0.42632505,0.0,2004.2273,2004.2273,test
2026-01-30 18:30:00,ZONE_B,0.0,1.0903169,5.500142,3.991669,0.0,0.0,0.24863704,1.2459803,1.0903169,5.7487793,5.237649,2003.6757,1998.4380510360718,test
2026-01-30 18:45:00,ZONE_B,0.0,0.0,0.0,0.99483377,0.0,0.0,0.52871305,0.0,0.0,0.52871305,0.99483377,2006.0663,2005.0714662325859,test
2026-01-30 19:00:00,ZONE_B,0.0,0.0,0.0,0.013756787,0.0,0.9133994,0.86808,1.8466328,0.9133994,0.86808,1.8603896,2003.5847,2001.7243104097367,test
2026-01-30 19:15:00,ZONE_B,0.0,0.0,0.0,0.8792018,0.0,0.0,0.52871305,2.1116252,0.0,0.52871305,2.990827,2002.1882,1999.1973729164124,test
2026-01-30 19:30:00,ZONE_B,0.0,0.0,0.0,0.0,0.0,1.0567328,0.6947958,8.960149,1.0567328,0.6947958,8.960149,2002.9668,1994.0066511886596,test
2026-01-30 19:45:00,ZONE_B,0.0,0.0,0.0,0.59984416,0.0,0.14562748,1.1303792,1.4919827,0.14562748,1.1303792,2.091827,2007.4901,2005.398273084259,test
2026-01-30 20:00:00,ZONE_B,0.0,0.068181455,0.0,0.8792018,0.0,0.0,3.8168566,0.6900602,0.068181455,3.8168566,1.569262,1872.5468,1870.9775379722596,test
2026-01-30 20:15:00,ZONE_B,0.0,0.0,0.0,0.0,0.0,3.584349,0.15210666,1.029775,3.584349,0.15210666,1.029775,1860.0802,1859.0504249765397,test
2026-01-30 20:30:00,ZONE_B,0.0,0.0,0.0,0.0,0.0,1.159819,1.4857076,11.676049,1.159819,1.4857076,11.676049,1853.4552,1841.7791507675172,test
2026-01-30 20:45:00,ZONE_B,0.0,0.0,0.0,0.0,0.0,1.6283002,0.6947958,3.043895,1.6283002,0.6947958,3.043895,1853.4697,1850.4258049938203,test
2026-01-30 21:00:00,ZONE_B,0.0,0.27115548,0.0,0.349802,0.0,1.0161277,6.5146203,6.4024353,1.2872832,6.5146203,6.7522373,1805.574,1798.8217626800538,test
2026-01-30 21:15:00,ZONE_B,0.0,0.0,0.0,0.349802,1.1651433338663209,1.8340566,1.0552424,2.499555,1.8340566,1.0552424,2.8493571,1761.6569,1758.8075428718566,test
2026-01-30 21:30:00,ZONE_B,0.0,0.0,0.0,0.0,2.5319787888310343,2.0881011,2.5607238,3.043895,2.0881011,2.5607238,3.043895,1734.344,1731.3001049938202,test
2026-01-30 21:45:00,ZONE_B,0.0,0.0,0.0,0.070444405,2.709881340568035,2.8848655,1.258789,2.7639658,2.8848655,1.258789,2.8344102,1722.1025,1719.2680898094177,test
2026-01-30 22:00:00,ZONE_B,0.0,0.18722865,0.24626672,0.349802,1.6330667626035036,2.8165092,1.3175769,4.669499,3.003738,1.5638436,5.019301,1695.1908,1690.1714990623475,test
2026-01-30 22:15:00,ZONE_B,0.0,0.0,0.0,0.349802,0.0,1.176677,1.4125471,7.0987315,1.176677,1.4125471,7.4485335,1700.6189,1693.1703664649963,test
2026-01-30 22:30:00,ZONE_B,0.0,0.0,0.0,0.0,0.0,1.159819,1.4125471,12.059693,1.159819,1.4125471,12.059693,1669.4043,1657.344606663513,test
2026-01-30 22:45:00,ZONE_B,0.0,0.0,0.0,0.070444405,1.815478836025332,2.2308383,5.3890467,9.480227,2.2308383,5.3890467,9.550672,1631.9502,1622.3995284225464,test
2026-01-30 23:00:00,ZONE_B,0.0,0.18722865,0.24626672,,1.428538833678685,6.103656,10.093114,,6.2908845,10.33938,0.0,,,test
2026-01-30 23:15:00,ZONE_B,0.0,0.0,0.0,,2.5155245104675554,4.9467087,6.461535,,4.9467087,6.461535,0.0,,,test
2026-01-30 23:30:00,ZONE_B,0.0,0.0,,,4.297930714484452,5.0846434,,,5.0846434,0.0,0.0,,,test
2026-01-30 23:45:00,ZONE_B,0.0,,,,3.575971719735177,,,,0.0,0.0,0.0,,,test
