timestamp,zone_id,risk_level,risk_probability,curtailment_probability,baseline_net_load,optimized_net_load,baseline_curtailment,optimized_curtailment,baseline_transmission_utilization,optimized_transmission_utilization,total_battery_charge,total_battery_discharge,total_demand_response,total_dispatch,total_renewable_curtailment,optimization_status,objective_value
2026-01-02 00:00:00,ZONE_A,0,0.9963865,0.74519765,1721.7117,2168.935586427945,447.22388642794505,147.22388642794505,0.5825877190282209,0.7103659725891336,300.0,0,0,0,147.22388642794505,OPTIMAL,1487238.8642794504
2026-01-02 00:15:00,ZONE_A,0,0.9968646,0.68785036,1690.0260400000002,2102.9057835997255,412.87974359972554,112.87974359972554,0.5708148890017709,0.6887805302976451,300.0,0,0,0,112.87974359972554,OPTIMAL,1143797.4359972554
2026-01-02 00:30:00,ZONE_A,0,0.99448276,0.5269211,1684.83385,2002.452588922585,317.618738922585,17.61873892258501,0.5597711397874369,0.6505193511219146,300.0,0,0,0,17.61873892258501,OPTIMAL,191187.3892258501
2026-01-02 00:45:00,ZONE_A,0,0.9963825,0.7241643,1690.3761000000002,2124.66735176091,434.29125176091003,134.29125176091003,0.5677020417208993,0.6917852567943386,300.0,0,0,0,134.29125176091003,OPTIMAL,1357912.5176091003
2026-01-02 01:00:00,ZONE_A,0,0.99658823,0.7252076,1689.7637999999995,2123.5610850504795,433.79728505047996,133.79728505047996,0.5648923845474354,0.6888344662873593,300.0,0,0,0,133.79728505047996,OPTIMAL,1352972.8505047995
2026-01-02 01:15:00,ZONE_A,0,0.9963644,0.7241643,1690.0186399999998,2125.264456174598,435.245816174598,135.24581617459802,0.5682721198584155,0.6926280676266211,300.0,0,0,0,135.24581617459802,OPTIMAL,1367458.1617459801
2026-01-02 01:30:00,ZONE_A,0,0.99697673,0.60983485,1687.8573,2056.003438967245,368.146138967245,68.14613896724501,0.5672597898137917,0.6724444011862218,300.0,0,0,0,68.14613896724501,OPTIMAL,696461.3896724501
2026-01-02 01:45:00,ZONE_A,0,0.9963644,0.768752,1689.7694700000002,2152.64314415856,462.87367415856005,162.87367415856005,0.5639552344426603,0.6962048559367426,300.0,0,0,0,162.87367415856005,OPTIMAL,1643736.7415856004
2026-01-02 02:00:00,ZONE_A,0,0.9963167,0.7624587,1694.3778,2151.90196984854,457.52416984854005,157.52416984854005,0.5672206022449303,0.6979417939306617,300.0,0,0,0,157.52416984854005,OPTIMAL,1590241.6984854005
2026-01-02 02:15:00,ZONE_A,0,0.9965791,0.7241643,1694.55455,2128.343195528495,433.78864552849495,133.78864552849495,0.5717507679752245,0.6956903812704441,300.0,0,0,0,133.78864552849495,OPTIMAL,1352886.4552849496
2026-01-02 02:30:00,ZONE_A,0,0.99656624,0.7244086,1714.4687,2147.46966980058,433.00096980058004,133.00096980058004,0.5873336065752062,0.7110481696612584,300.0,0,0,0,133.00096980058004,OPTIMAL,1345009.6980058004
2026-01-02 02:45:00,ZONE_A,0,0.99658823,0.73904026,1686.4179,2129.155561502486,442.737661502486,142.737661502486,0.5685786273420178,0.6950751023471136,300.0,0,0,0,142.737661502486,OPTIMAL,1442376.61502486
2026-01-02 03:00:00,ZONE_A,0,0.99637383,0.7624587,1683.9972000000002,2142.07232250516,458.07512250516,158.07512250515998,0.5645022124492257,0.6953808191816855,300.0,0,0,0,158.07512250515998,OPTIMAL,1595751.2250515998
2026-01-02 03:15:00,ZONE_A,0,0.9963037,0.5163702,1681.31537,1992.559175925746,311.243805925746,11.243805925746017,0.5732747871257549,0.6622015890264771,300.0,0,0,0,11.243805925746017,OPTIMAL,127438.05925746016
2026-01-02 03:30:00,ZONE_A,0,0.99637383,0.6634191,1684.5562,2082.51252570106,397.95632570106,97.95632570106,0.5671253429701298,0.6808271505888195,300.0,0,0,0,97.95632570106,OPTIMAL,994563.2570106
2026-01-02 03:45:00,ZONE_A,0,0.99632627,0.768752,1684.8303,2147.3819977584,462.5516977584,162.5516977584,0.5630649094071762,0.6952225376444785,300.0,0,0,0,162.5516977584,OPTIMAL,1640516.977584
2026-01-02 04:00:00,ZONE_A,0,0.9963644,0.6280684,1691.7870000000005,2068.9962765029204,377.20927650292003,77.20927650292003,0.5707692724651641,0.6785433517134717,300.0,0,0,0,77.20927650292003,OPTIMAL,787092.7650292004
2026-01-02 04:15:00,ZONE_A,0,0.9965676,0.5866732,1671.6179499999998,2022.1256480043799,350.50769800438,50.50769800438002,0.5529487305754921,0.653093787382855,300.0,0,0,0,50.50769800438002,OPTIMAL,520076.9800438002
2026-01-02 04:30:00,ZONE_A,0,0.9963167,0.7624587,1693.6739,2152.16006399033,458.48616399033006,158.48616399033006,0.5717751735366485,0.7027712206936475,300.0,0,0,0,158.48616399033006,OPTIMAL,1599861.6399033004
2026-01-02 04:45:00,ZONE_A,0,0.9963535,0.7179324,1681.629,2114.86186070448,433.23286070448,133.23286070448,0.5636863149319566,0.6874671325593872,300.0,0,0,0,133.23286070448,OPTIMAL,1347328.6070448
2026-01-02 05:00:00,ZONE_A,0,0.99493563,0.7624587,1980.2056,2438.52798786157,458.32238786157,158.32238786157,0.6262742065207659,0.7572234605005791,300.0,0,0,0,158.32238786157,OPTIMAL,1598223.8786157002
2026-01-02 05:15:00,ZONE_A,0,0.995265,0.80989414,1961.8794,2449.6529668777616,487.773566877762,187.773566877762,0.6304072331235485,0.769771109686078,300.0,0,0,0,187.773566877762,OPTIMAL,1892735.66877762
2026-01-02 05:30:00,ZONE_A,0,0.9432756,0.5270353,1997.9100000000003,2316.0219718422804,318.11197184227996,18.111971842279956,0.6459239772220995,0.7368131122464259,300.0,0,0,0,18.111971842279956,OPTIMAL,196119.71842279957
2026-01-02 05:45:00,ZONE_A,0,0.6045314,0.59099776,2015.58597,2369.030188705549,353.44421870554885,53.44421870554885,0.6520507314440713,0.7530347941628193,300.0,0,0,0,53.44421870554885,OPTIMAL,549442.1870554885
2026-01-02 06:00:00,ZONE_A,1,0.99509275,0.7723154,2059.95116,2556.051849659616,496.100689659616,196.10068965961602,0.6667567320247296,0.8084997865924615,300.0,0,0,0,196.10068965961602,OPTIMAL,1976006.8965961603
2026-01-02 06:15:00,ZONE_A,1,0.9921071,0.58760136,2067.3463,2465.9550254176243,398.608725417624,98.60872541762399,0.6761182514952273,0.7900064590655508,300.0,0,0,0,98.60872541762399,OPTIMAL,1001087.2541762398
2026-01-02 06:30:00,ZONE_A,1,0.992644,0.76195496,2026.6871,2571.4295784699043,544.742478469904,244.74247846990397,0.6776754713074029,0.83331617988123,300.0,0,0,0,244.74247846990397,OPTIMAL,2462424.7846990395
2026-01-02 06:45:00,ZONE_A,1,0.9872929,0.2826589,2036.39464,2036.39464,0.0,0.0,0.6958132194880682,0.6958132194880682,0.0,0,0,0,0.0,OPTIMAL,0.0
2026-01-02 07:00:00,ZONE_A,2,0.64324635,0.79274184,1988.7524,2625.4987385473523,636.746338547352,336.746338547352,0.7080783752491641,0.8900059010943375,300.0,0,0,0,336.746338547352,OPTIMAL,143403116.79547969
2026-01-02 07:15:00,ZONE_A,2,0.9396662,0.6910624,1939.0053,2562.1449043599996,623.1396043599999,323.1396043599999,0.7237338941929209,0.9017737817026272,300.0,0,0,0,323.1396043599999,OPTIMAL,184454631.4433067
2026-01-02 07:30:00,ZONE_A,2,0.9856749,0.6988943,1843.97904,2554.2387311508282,710.259691150828,410.25969115082796,0.7347780096210913,0.9377093505794863,300.0,0,0,0,410.25969115082796,OPTIMAL,311100322.9873079
2026-01-02 07:45:00,ZONE_A,3,0.73986465,0.7672617,1854.125,2676.74509201202,822.62009201202,522.62009201202,0.7509675763299244,0.9860018891060232,300.0,0,0,0,522.62009201202,OPTIMAL,481247811.2263515
2026-01-02 08:00:00,ZONE_A,3,0.89320004,0.86418426,1786.5993,2778.653534633586,992.0542346335861,692.0542346335861,0.7613112160641701,1.044755284073297,300.0,0,0,0,692.0542346335861,OPTIMAL,688579034.2678531
2026-01-02 08:15:00,ZONE_A,3,0.98257315,0.5374554,1752.1916,2411.15497057754,658.96337057754,358.96337057754,0.7682690396972707,0.9565442891152104,300.0,0,0,0,358.96337057754,OPTIMAL,376509644.25920784
2026-01-02 08:30:00,ZONE_A,3,0.97377557,0.5374554,1733.8188,2425.0041804282,691.1853804282,391.1853804282,0.7882351962643409,0.9857167342741304,300.0,0,0,0,391.1853804282,OPTIMAL,478935421.9727538
2026-01-02 08:45:00,ZONE_A,3,0.9780716,0.70094436,1809.782,2706.7132068334404,896.9312068334401,596.9312068334401,0.823995653908583,1.0802617140328985,300.0,0,0,0,596.9312068334401,OPTIMAL,811900307.9472903
2026-01-02 09:00:00,ZONE_A,2,0.9672599,0.7491596,1323.6917,2348.1464016152404,1024.45470161524,724.4547016152401,0.7193751756313852,1.012076520176314,300.0,0,0,0,724.4547016152401,OPTIMAL,574527365.2566508
2026-01-02 09:15:00,ZONE_A,2,0.97249097,0.93108183,1280.4617000000003,2587.957381688714,1307.4956816887138,1007.4956816887138,0.7175216540948,1.0910918504750897,300.0,0,0,0,1007.4956816887138,OPTIMAL,853911429.838317
2026-01-02 09:30:00,ZONE_A,2,0.98128456,0.87502176,1265.265,2532.455587435968,1267.190587435968,967.1905874359679,0.7418954644795208,1.1039499197423552,300.0,0,0,0,967.1905874359679,OPTIMAL,898511620.7753775
2026-01-02 09:45:00,ZONE_A,2,0.9691682,0.916046,1249.3552999999995,2561.0664838511993,1311.7111838512,1011.7111838512001,0.7254138360765716,1.100188462163406,300.0,0,0,0,1011.7111838512001,OPTIMAL,885791724.4352173
2026-01-02 10:00:00,ZONE_A,2,0.9477305,0.9301531,1234.4227,2593.78127474443,1359.35857474443,1059.35857474443,0.7268505920009889,1.1152387575976954,300.0,0,0,0,1059.35857474443,OPTIMAL,938944234.031276
2026-01-02 10:15:00,ZONE_A,3,0.84988475,0.96126205,1238.405,2707.95223841163,1469.5472384116301,1169.5472384116301,0.7617200642803595,1.1815907053129215,300.0,0,0,0,1169.5472384116301,OPTIMAL,1172277936.8708227
2026-01-02 10:30:00,ZONE_A,2,0.97786736,0.17106287,1098.9014,1098.9014,0.0,0.0,0.7411499915098863,0.7411499915098863,0.0,0,0,0,0.0,OPTIMAL,0.0
2026-01-02 10:45:00,ZONE_A,2,0.97623956,0.21824908,1107.1641,1107.1641,0.0,0.0,0.7389090784151179,0.7389090784151179,0.0,0,0,0,0.0,OPTIMAL,0.0
2026-01-02 11:00:00,ZONE_A,2,0.9790957,0.95016384,1115.0939,2628.7827155384957,1513.6888155384959,1213.6888155384959,0.749851383891545,1.1823339042001482,300.0,0,0,0,1213.6888155384959,OPTIMAL,1175320548.597543
2026-01-02 11:15:00,ZONE_A,3,0.62202317,0.09891702,1098.8628,1098.8628,0.0,0.0,0.764613131990162,0.764613131990162,0.0,0,0,0,0.0,OPTIMAL,0.0
2026-01-02 11:30:00,ZONE_A,2,0.9847602,0.15003902,1060.9142,1060.9142,0.0,0.0,0.745010696529716,0.745010696529716,0.0,0,0,0,0.0,OPTIMAL,0.0
2026-01-02 11:45:00,ZONE_A,2,0.98179847,0.10290536,1051.0241,1051.0241,0.0,0.0,0.7434626278698391,0.7434626278698391,0.0,0,0,0,0.0,OPTIMAL,0.0
2026-01-02 12:00:00,ZONE_A,2,0.9686566,0.69142467,1139.1112,2214.075772125832,1074.9645721258319,774.9645721258319,0.7380291630778829,1.0451618991987788,300.0,0,0,0,774.9645721258319,OPTIMAL,690831290.1863409
2026-01-02 12:15:00,ZONE_A,2,0.97157043,0.9403429,1123.7502,2599.2386710869796,1475.4884710869799,1175.4884710869799,0.7394874054203046,1.161055541807543,300.0,0,0,0,1175.4884710869799,OPTIMAL,1100464276.4121428
2026-01-02 12:30:00,ZONE_A,2,0.9805385,0.9056272,1146.2314,2542.21108137904,1395.9796813790401,1095.9796813790401,0.7389024852845617,1.137753824385619,300.0,0,0,0,1095.9796813790401,OPTIMAL,1018113178.2137284
2026-01-02 12:45:00,ZONE_A,2,0.97782737,0.8572307,1141.0951999999995,2468.7459052699696,1327.65070526997,1027.65070526997,0.7326576781963465,1.111986452609273,300.0,0,0,0,1027.65070526997,OPTIMAL,927244087.610812
2026-01-02 13:00:00,ZONE_A,2,0.97782737,0.8348971,1227.1578000000002,2446.51983818798,1219.3620381879798,919.3620381879798,0.7286412903317849,1.0770304454296569,300.0,0,0,0,919.3620381879798,OPTIMAL,803815176.3524917
2026-01-02 13:15:00,ZONE_A,2,0.98312515,0.7185153,1250.9743999999998,2287.53007907315,1036.55567907315,736.55567907315,0.7313813986287659,1.0275401652150682,300.0,0,0,0,736.55567907315,OPTIMAL,628771132.6582096
2026-01-02 13:30:00,ZONE_A,2,0.9788715,0.8705358,1273.3364,2499.9935966714,1226.6571966714,926.6571966714,0.7216964631806029,1.0721699492861687,300.0,0,0,0,926.6571966714,OPTIMAL,786876391.4901272
2026-01-02 13:45:00,ZONE_A,2,0.9789024,0.94280887,1284.2785,2601.8345682431645,1317.5560682431649,1017.5560682431649,0.7218004685813673,1.0982450609160854,300.0,0,0,0,1017.5560682431649,OPTIMAL,879048270.6387486
2026-01-02 14:00:00,ZONE_A,2,0.9715233,0.92588776,1435.9543,2636.456388298632,1200.502088298632,900.5020882986321,0.7419812633308248,1.0849818612515885,300.0,0,0,0,900.5020882986321,OPTIMAL,831456532.2327372
2026-01-02 14:15:00,ZONE_A,2,0.9849621,0.9240232,1359.9016,2584.62310941128,1224.72150941128,924.7215094112801,0.7174882066999931,1.0674086392630253,300.0,0,0,0,924.7215094112801,OPTIMAL,770192449.681948
2026-01-02 14:30:00,ZONE_A,2,0.9604847,0.94078875,1433.5698999999995,2611.9561659167493,1178.38626591675,878.3862659167501,0.7068701210747725,1.0435519125464658,300.0,0,0,0,878.3862659167501,OPTIMAL,686230554.1376513
2026-01-02 14:45:00,ZONE_A,2,0.91628367,0.9480092,1480.2456,2627.05574207312,1146.81014207312,846.81014207312,0.7087228216578649,1.036382863427973,300.0,0,0,0,846.81014207312,OPTIMAL,660823121.0737727
2026-01-02 15:00:00,ZONE_A,2,0.89338803,0.8262596,1654.6455,2614.0535295015998,959.4080295015999,659.4080295015999,0.7327318804646379,1.0068484613846282,300.0,0,0,0,659.4080295015999,OPTIMAL,555578693.0135797
2026-01-02 15:15:00,ZONE_A,2,0.9075692,0.9432262,1696.1239000000005,2728.28887917302,1032.16497917302,732.1649791730199,0.7218477947484683,1.0167520755560537,300.0,0,0,0,732.1649791730199,OPTIMAL,590968912.1720493
2026-01-02 15:30:00,ZONE_A,2,0.9359879,0.62889576,1791.8777,2425.79896601816,633.92126601816,333.92126601816005,0.7152278693556219,0.8963482316929805,300.0,0,0,0,333.92126601816005,OPTIMAL,165573023.03221107
2026-01-02 15:45:00,ZONE_A,2,0.89015824,0.6393485,1864.1079,2462.3153469826,598.2074469826,298.2074469826,0.7138576871392632,0.8847741011496458,300.0,0,0,0,298.2074469826,OPTIMAL,124706428.07573952
2026-01-02 16:00:00,ZONE_A,2,0.8247259,0.83200336,1884.39806,2636.5635756592383,752.1655156592384,452.1655156592384,0.7091288421131466,0.9240332759627213,300.0,0,0,0,452.1655156592384,OPTIMAL,263653120.05661726
2026-01-02 16:15:00,ZONE_A,1,0.5479772,0.8279844,1965.3633,2649.4551062709597,684.09180627096,384.09180627096,0.6986569663838964,0.8941117688782894,300.0,0,0,0,384.09180627096,OPTIMAL,158247108.58166233
2026-01-02 16:30:00,ZONE_A,1,0.7616187,0.59982955,2040.1891,2489.3349888808602,449.14588888086007,149.14588888086007,0.6978858591871474,0.8262132564608823,300.0,0,0,0,149.14588888086007,OPTIMAL,1506458.8888086006
2026-01-02 16:45:00,ZONE_A,1,0.9576749,0.58375895,2111.4952,2506.5485820783697,395.05338207836996,95.05338207836996,0.6894644008406845,0.8023367961146811,300.0,0,0,0,95.05338207836996,OPTIMAL,965533.8207836996
2026-01-02 17:00:00,ZONE_A,1,0.9726865,0.5209519,2185.2576,2501.31218906973,316.05458906973,16.054589069730014,0.6928772781666347,0.7831785896398659,300.0,0,0,0,16.054589069730014,OPTIMAL,175545.89069730014
2026-01-02 17:15:00,ZONE_A,1,0.98536575,0.6175393,2191.951,2559.93303525692,367.98203525692,67.98203525692003,0.6876836035696371,0.7928213282776542,300.0,0,0,0,67.98203525692003,OPTIMAL,694820.3525692003
2026-01-02 17:30:00,ZONE_A,1,0.9895125,0.73553956,2206.7433,2645.690287019772,438.94698701977194,138.94698701977194,0.6847883884817034,0.8102018137596146,300.0,0,0,0,138.94698701977194,OPTIMAL,1404469.8701977194
2026-01-02 17:45:00,ZONE_A,1,0.98813605,0.74150896,2207.03085,2648.69787099444,441.66702099444,141.66702099444,0.6824338123421251,0.8086243901754723,300.0,0,0,0,141.66702099444,OPTIMAL,1431670.2099444
2026-01-02 18:00:00,ZONE_A,1,0.99088573,0.7171553,2207.8679,2637.14350834483,429.27560834483,129.27560834483,0.6909637336486617,0.8136139078608225,300.0,0,0,0,129.27560834483,OPTIMAL,1307756.0834483001
2026-01-02 18:15:00,ZONE_A,1,0.9855751,0.74150896,2209.1081400000003,2650.8281121492737,441.7199721492736,141.7199721492736,0.6908013768347184,0.8170070835671779,300.0,0,0,0,141.7199721492736,OPTIMAL,1432199.721492736
2026-01-02 18:30:00,ZONE_A,1,0.9828672,0.42304397,2196.05637,2196.05637,0.0,0.0,0.67876420452965,0.67876420452965,0.0,0,0,0,0.0,OPTIMAL,0.0
2026-01-02 18:45:00,ZONE_A,1,0.9714245,0.45100567,2210.32176,2210.32176,0.0,0.0,0.6886893747411819,0.6886893747411819,0.0,0,0,0,0.0,OPTIMAL,0.0
2026-01-02 19:00:00,ZONE_A,1,0.9862785,0.6365587,2207.9281,2588.6099995755703,380.68189957557007,80.68189957557007,0.6891997136759029,0.7979659710494474,300.0,0,0,0,80.68189957557007,OPTIMAL,821818.9957557007
2026-01-02 19:15:00,ZONE_A,1,0.9833746,0.6708894,2183.7248,2594.1363587795,410.41155877949996,110.41155877949996,0.6731195778206384,0.7903800235654497,300.0,0,0,0,110.41155877949996,OPTIMAL,1119115.5877949996
2026-01-02 19:30:00,ZONE_A,1,0.98618186,0.392018,2188.3681,2188.3681,0.0,0.0,0.6796210165312302,0.6796210165312302,0.0,0,0,0,0.0,OPTIMAL,0.0
2026-01-02 19:45:00,ZONE_A,1,0.9837346,0.6098591,2183.54234,2554.666094291456,371.123754291456,71.12375429145601,0.6788840639428045,0.7849194226524014,300.0,0,0,0,71.12375429145601,OPTIMAL,726237.5429145601
2026-01-02 20:00:00,ZONE_A,1,0.78022987,0.72836417,2049.8714,2486.80468339211,436.93328339211,136.93328339211,0.6531133310723161,0.7779514124431569,300.0,0,0,0,136.93328339211,OPTIMAL,1384332.8339211002
2026-01-02 20:15:00,ZONE_A,1,0.69408774,0.68995756,2045.4335,2458.643356036252,413.209856036252,113.209856036252,0.6605845619029307,0.778644521131603,300.0,0,0,0,113.209856036252,OPTIMAL,1147098.5603625202
2026-01-02 20:30:00,ZONE_A,0,0.91906846,0.59403086,2024.252,2383.17197995146,358.91997995146005,58.91997995146005,0.6488629074306128,0.7514114734511151,300.0,0,0,0,58.91997995146005,OPTIMAL,604199.7995146005
2026-01-02 20:45:00,ZONE_A,0,0.9740529,0.6661212,2004.88536,2405.275918849968,400.390558849968,100.39055884996799,0.6325220998676997,0.7469194027525111,300.0,0,0,0,100.39055884996799,OPTIMAL,1018905.5884996799
2026-01-02 21:00:00,ZONE_A,0,0.9888953,0.336748,1951.0866,1951.0866,0.0,0.0,0.6220492609870508,0.6220492609870508,0.0,0,0,0,0.0,OPTIMAL,0.0
2026-01-02 21:15:00,ZONE_A,0,0.9895371,0.6241513,1905.4463,2280.1698884349003,374.7235884349,74.72358843490002,0.6153657309769692,0.7224296137023768,300.0,0,0,0,74.72358843490002,OPTIMAL,762235.8843490002
2026-01-02 21:30:00,ZONE_A,0,0.9890041,0.34798768,1856.59095,1856.59095,0.0,0.0,0.6120907478044827,0.6120907478044827,0.0,0,0,0,0.0,OPTIMAL,0.0
2026-01-02 21:45:00,ZONE_A,0,0.9890168,0.69821906,1859.9435,2281.0125336521905,421.06903365219,121.06903365219,0.6077058188232567,0.7280112573369781,300.0,0,0,0,121.06903365219,OPTIMAL,1225690.3365219
2026-01-02 22:00:00,ZONE_A,0,0.9896511,0.7588842,1851.182,2308.1334966512,456.9514966512,156.9514966512,0.6080056910495675,0.7385632618667745,300.0,0,0,0,156.9514966512,OPTIMAL,1584514.966512
2026-01-02 22:15:00,ZONE_A,0,0.99107414,0.7517848,1809.34895,2263.25710342444,453.90815342444,153.90815342444,0.6088396024877774,0.738527646660504,300.0,0,0,0,153.90815342444,OPTIMAL,1554081.5342444
2026-01-02 22:30:00,ZONE_A,0,0.99228424,0.7517848,1763.91034,2219.385521179408,455.475181179408,155.47518117940803,0.5838142272358372,0.7139499936225766,300.0,0,0,0,155.47518117940803,OPTIMAL,1569751.8117940803
2026-01-02 22:45:00,ZONE_A,0,0.9930854,0.7270372,1708.8896,2144.33864323408,435.4490432340801,135.44904323408008,0.5716920724743771,0.6961060851441161,300.0,0,0,0,135.44904323408008,OPTIMAL,1369490.4323408008
2026-01-02 23:00:00,ZONE_A,0,0.9922599,0.65372825,1710.0635000000002,2105.035714370825,394.972214370825,94.97221437082499,0.5644232858477229,0.6772724902415578,300.0,0,0,0,94.97221437082499,OPTIMAL,964722.1437082499
2026-01-02 23:15:00,ZONE_A,0,0.9931068,0.66288185,1723.8453,2121.077712629795,397.232412629795,97.23241262979502,0.5904669213687384,0.7039618966959721,300.0,0,0,0,97.23241262979502,OPTIMAL,987324.1262979502
2026-01-02 23:30:00,ZONE_A,0,0.99495256,0.5752474,1691.2729,2039.60826812074,348.33536812074,48.335368120739986,0.5641595147721988,0.6636839059029733,300.0,0,0,0,48.335368120739986,OPTIMAL,498353.6812073999
2026-01-02 23:45:00,ZONE_A,0,0.9950001,0.6315981,1692.8371000000002,2074.3250051120203,381.48790511202003,81.48790511202003,0.5637873465139155,0.6727838910861172,300.0,0,0,0,81.48790511202003,OPTIMAL,829879.0511202003
2026-01-03 00:00:00,ZONE_A,0,0.9965419,0.72881454,1717.5392000000002,2154.1662332791343,436.62703327913397,136.62703327913397,0.5817947246807078,0.7065453059040067,300.0,0,0,0,136.62703327913397,OPTIMAL,1381270.3327913396
2026-01-03 00:15:00,ZONE_A,0,0.9963037,0.6232683,1679.7334999999998,2054.79797652515,375.06447652515,75.06447652514998,0.5585644800948172,0.6657257593636697,300.0,0,0,0,75.06447652514998,OPTIMAL,765644.7652514998
2026-01-03 00:30:00,ZONE_A,0,0.9963644,0.7179324,1691.71024,2124.661642486384,432.95140248638404,132.95140248638404,0.5702150758931019,0.6939154768873178,300.0,0,0,0,132.95140248638404,OPTIMAL,1344514.0248638403
2026-01-03 00:45:00,ZONE_A,0,0.99653745,0.67645055,1691.9575999999995,2097.5213626107393,405.56376261073996,105.56376261073996,0.572222877249124,0.6880982382606894,300.0,0,0,0,105.56376261073996,OPTIMAL,1070637.6261073996
2026-01-03 01:00:00,ZONE_A,0,0.9965708,0.73344326,1690.78707,2128.750999620138,437.9639296201379,137.9639296201379,0.5620352200726879,0.6871677716919405,300.0,0,0,0,137.9639296201379,OPTIMAL,1394639.2962013788
2026-01-03 01:15:00,ZONE_A,0,0.9968695,0.7282044,1697.0609,2128.87198203464,431.81108203464,131.81108203463998,0.5743743900710298,0.6977489852175548,300.0,0,0,0,131.81108203463998,OPTIMAL,1333110.8203464
2026-01-03 01:30:00,ZONE_A,0,0.9963167,0.7624587,1693.54984,2151.891945043552,458.34210504355207,158.34210504355207,0.567569157691766,0.6985240451517652,300.0,0,0,0,158.34210504355207,OPTIMAL,1598421.0504355207
2026-01-03 01:45:00,ZONE_A,0,0.9963167,0.6734473,1689.0929999999998,2095.0766641212,405.98366412120004,105.98366412120004,0.5722681457264686,0.6882634786036841,300.0,0,0,0,105.98366412120004,OPTIMAL,1074836.6412120003
2026-01-03 02:00:00,ZONE_A,0,0.9962508,0.7174319,1691.8111399999998,2122.411370157454,430.60023015745395,130.60023015745395,0.5794135900395316,0.7024422275082856,300.0,0,0,0,130.60023015745395,OPTIMAL,1321002.3015745394
2026-01-03 02:15:00,ZONE_A,0,0.9965708,0.7268877,1688.2683500000005,2121.5368507400754,433.268500740075,133.268500740075,0.5680522969933179,0.6918432974956127,300.0,0,0,0,133.268500740075,OPTIMAL,1347685.0074007502
2026-01-03 02:30:00,ZONE_A,0,0.99661213,0.7350899,1687.7755700000002,2126.4367409192073,438.66117091920694,138.66117091920694,0.5615353224190541,0.6868670858286583,300.0,0,0,0,138.66117091920694,OPTIMAL,1401611.7091920695
2026-01-03 02:45:00,ZONE_A,0,0.9963037,0.733298,1681.0702,2122.3255251584,441.2553251584,141.2553251584,0.5613956478617163,0.687468598201721,300.0,0,0,0,141.2553251584,OPTIMAL,1427553.2515840002
2026-01-03 03:00:00,ZONE_A,0,0.99637383,0.38541344,1684.1844,1684.1844,0.0,0.0,0.5652177665651978,0.5652177665651978,0.0,0,0,0,0.0,OPTIMAL,0.0
2026-01-03 03:15:00,ZONE_A,0,0.9844611,0.47059625,1673.1824,1673.1824,0.0,0.0,0.5750697506659429,0.5750697506659429,0.0,0,0,0,0.0,OPTIMAL,0.0
2026-01-03 03:30:00,ZONE_A,0,0.9962406,0.768752,1681.5611600000002,2143.52771448608,461.96655448607993,161.96655448607993,0.5684561131174526,0.7004465575573612,300.0,0,0,0,161.96655448607993,OPTIMAL,1634665.5448607993
2026-01-03 03:45:00,ZONE_A,0,0.99710256,0.6280684,1682.1455999999998,2060.5026086970797,378.35700869707995,78.35700869707995,0.5676562719396118,0.67575827467096,300.0,0,0,0,78.35700869707995,OPTIMAL,798570.0869707995
2026-01-03 04:00:00,ZONE_A,0,0.99580127,0.68251306,1685.6016000000002,2096.931336362364,411.329736362364,111.32973636236397,0.5644806894106608,0.6820034714987817,300.0,0,0,0,111.32973636236397,OPTIMAL,1128297.3636236398
2026-01-03 04:15:00,ZONE_A,0,0.9845761,0.46736193,1674.5728,1674.5728,0.0,0.0,0.5654504019162084,0.5654504019162084,0.0,0,0,0,0.0,OPTIMAL,0.0
2026-01-03 04:30:00,ZONE_A,0,0.9955605,0.6080781,1680.4097,2047.0566535994299,366.64695359942993,66.64695359942993,0.5659859016382757,0.6707421743380033,300.0,0,0,0,66.64695359942993,OPTIMAL,681469.5359942993
2026-01-03 04:45:00,ZONE_A,0,0.99632263,0.681237,1670.7863000000002,2080.1602110701,409.37391107009995,109.37391107009995,0.5655534222005422,0.682517397062534,300.0,0,0,0,109.37391107009995,OPTIMAL,1108739.1107009996
2026-01-03 05:00:00,ZONE_A,0,0.9952062,0.76993006,1982.54794,2443.4773956356435,460.92945563564354,160.92945563564354,0.6346325017968668,0.7663266322808635,300.0,0,0,0,160.92945563564354,OPTIMAL,1624294.5563564354
2026-01-03 05:15:00,ZONE_A,0,0.99493563,0.3750646,1977.74264,1977.74264,0.0,0.0,0.631319111368339,0.631319111368339,0.0,0,0,0,0.0,OPTIMAL,0.0
2026-01-03 05:30:00,ZONE_A,0,0.99238414,0.5768225,1995.3646,2343.56505954575,348.20045954575,48.20045954574999,0.64665806970168,0.7461439155154027,300.0,0,0,0,48.20045954574999,OPTIMAL,497004.5954574999
2026-01-03 05:45:00,ZONE_A,0,0.94616073,0.84923697,2040.1376,2528.140669653587,488.00306965358703,188.00306965358703,0.6419597876164232,0.7813892364098124,300.0,0,0,0,188.00306965358703,OPTIMAL,1895030.6965358704
2026-01-03 06:00:00,ZONE_A,1,0.99617296,0.3865186,2097.4323,2097.4323,0.0,0.0,0.6668762635191904,0.6668762635191904,0.0,0,0,0,0.0,OPTIMAL,0.0
2026-01-03 06:15:00,ZONE_A,1,0.99570024,0.53867346,2118.6019,2449.308673818226,330.706773818226,30.706773818225997,0.6750791808221489,0.7695668307407849,300.0,0,0,0,30.706773818225997,OPTIMAL,322067.73818225996
2026-01-03 06:30:00,ZONE_A,1,0.9950069,0.53991544,2107.03575,2451.7466793678122,344.710929367812,44.710929367812014,0.6702297970923341,0.7687186343333012,300.0,0,0,0,44.710929367812014,OPTIMAL,462109.2936781201
2026-01-03 06:45:00,ZONE_A,1,0.99458534,0.5146383,2254.13762,2510.971970428634,256.83435042863397,0.0,0.6765763457925,0.7499575889770622,256.83435042863397,0,0,0,0.0,OPTIMAL,12841.717521431698
2026-01-03 07:00:00,ZONE_A,1,0.98567873,0.5798412,2173.4102000000003,2533.4056527341604,359.99545273416,59.99545273415998,0.6839715618813202,0.7868274058284135,300.0,0,0,0,59.99545273415998,OPTIMAL,614954.5273415998
2026-01-03 07:15:00,ZONE_A,1,0.58243805,0.44657773,2083.99803,2083.99803,0.0,0.0,0.6915651705500397,0.6915651705500397,0.0,0,0,0,0.0,OPTIMAL,0.0
2026-01-03 07:30:00,ZONE_A,2,0.98361546,0.47761595,2105.5476,2105.5476,0.0,0.0,0.7132687349396699,0.7132687349396699,0.0,0,0,0,0.0,OPTIMAL,0.0
2026-01-03 07:45:00,ZONE_A,2,0.98051226,0.46905187,2207.61403,2207.61403,0.0,0.0,0.7216331829786748,0.7216331829786748,0.0,0,0,0,0.0,OPTIMAL,0.0
2026-01-03 08:00:00,ZONE_A,2,0.96187013,0.54073954,2214.0578400000004,2611.4598514737468,397.4020114737464,97.40201147374643,0.7427958060505435,0.8563392382594677,300.0,0,0,0,97.40201147374643,OPTIMAL,23176353.95266758
2026-01-03 08:15:00,ZONE_A,2,0.9599396,0.59116346,2298.4745000000003,2696.424991434554,397.95049143455395,97.95049143455395,0.7360540953892435,0.8497542361677519,300.0,0,0,0,97.95049143455395,OPTIMAL,994504.9143455395
2026-01-03 08:30:00,ZONE_A,2,0.90653497,0.76517284,2149.0908,2788.354219626148,639.263419626148,339.263419626148,0.7484484705494401,0.9310951625081927,300.0,0,0,0,339.263419626148,OPTIMAL,287240701.98504406
2026-01-03 08:45:00,ZONE_A,2,0.912302,0.6840892,2181.1082,2744.7970167108,563.6888167108,263.6888167108,0.7482930925753145,0.909347040785539,300.0,0,0,0,263.6888167108,OPTIMAL,210366530.17030433
2026-01-03 09:00:00,ZONE_A,1,0.96992505,0.44416732,1926.30957,1926.30957,0.0,0.0,0.6632250869677797,0.6632250869677797,0.0,0,0,0,0.0,OPTIMAL,0.0
2026-01-03 09:15:00,ZONE_A,1,0.9611017,0.5338056,1954.4142,2352.6954193329602,398.28121933295995,98.28121933295995,0.6709551020207402,0.7847497365470002,300.0,0,0,0,98.28121933295995,OPTIMAL,997812.1933295995
2026-01-03 09:30:00,ZONE_A,2,0.5386718,0.5414408,2039.75464,2437.227609080288,397.472969080288,97.47296908028801,0.7181968273400685,0.8317605332430325,300.0,0,0,0,97.47296908028801,OPTIMAL,989729.6908028801
2026-01-03 09:45:00,ZONE_A,1,0.75455207,0.47669327,1775.8296699999996,1775.8296699999996,0.0,0.0,0.6749714830713562,0.6749714830713562,0.0,0,0,0,0.0,OPTIMAL,0.0
2026-01-03 10:00:00,ZONE_A,1,0.98416024,0.42375982,1968.94973,1968.94973,0.0,0.0,0.6624182631221174,0.6624182631221174,0.0,0,0,0,0.0,OPTIMAL,0.0
2026-01-03 10:15:00,ZONE_A,1,0.97569543,0.54778546,2005.2986,2380.365003763068,375.06640376306797,75.06640376306797,0.6687797141353136,0.7759415441075799,300.0,0,0,0,75.06640376306797,OPTIMAL,765664.0376306797
2026-01-03 10:30:00,ZONE_A,1,0.9671562,0.5748595,1975.82577,2380.647940656485,404.822170656485,104.82217065648501,0.6595065799437804,0.7751700576846453,300.0,0,0,0,104.82217065648501,OPTIMAL,1063221.7065648502
2026-01-03 10:45:00,ZONE_A,1,0.94160473,0.556821,1972.6457,2393.2123785716003,420.56667857160005,120.56667857160005,0.6855525144603358,0.8057144229933467,300.0,0,0,0,120.56667857160005,OPTIMAL,1220666.7857160005
2026-01-03 11:00:00,ZONE_A,1,0.985919,0.6908109,2056.8585000000003,2498.4928721536503,441.63437215365,141.63437215365002,0.6628797559824261,0.7890610055429631,300.0,0,0,0,141.63437215365002,OPTIMAL,1431343.7215365001
2026-01-03 11:15:00,ZONE_A,1,0.9789252,0.7636669,2030.77563,2535.7407225120533,504.96509251205305,204.96509251205305,0.6711695244779814,0.8154452656312994,300.0,0,0,0,204.96509251205305,OPTIMAL,2064650.9251205304
2026-01-03 11:30:00,ZONE_A,1,0.97119486,0.5235889,1898.3008,2317.97782803488,419.67702803488004,119.67702803488004,0.6780961808181692,0.798003903466008,300.0,0,0,0,119.67702803488004,OPTIMAL,1211770.2803488004
2026-01-03 11:45:00,ZONE_A,2,0.50990474,0.876416,1925.8897,2639.5117785663997,713.6220785664,413.6220785664,0.6960083502338789,0.8999003733298353,300.0,0,0,0,413.6220785664,OPTIMAL,178802526.88466498
2026-01-03 12:00:00,ZONE_A,1,0.9693355,0.81127524,1803.88606,2515.452035843953,711.5659758439535,411.56597584395354,0.6756437467247984,0.8789483118547047,300.0,0,0,0,411.56597584395354,OPTIMAL,105449750.94936347
2026-01-03 12:15:00,ZONE_A,1,0.9750508,0.93308485,1874.0224,2626.4761126212347,752.453712621235,452.453712621235,0.6717392287659419,0.8867260044543726,300.0,0,0,0,452.453712621235,OPTIMAL,133080552.32561305
2026-01-03 12:30:00,ZONE_A,1,0.9205961,0.8928143,1837.4533,2610.817974803,773.364674803,473.36467480299996,0.6810287914626203,0.9019901278070407,300.0,0,0,0,473.36467480299996,OPTIMAL,186714093.50739354
2026-01-03 12:45:00,ZONE_A,1,0.9693317,0.8809566,1824.5022,2582.0341374701998,757.5319374702,457.5319374702,0.6795481595719894,0.8959858567040322,300.0,0,0,0,457.5319374702,OPTIMAL,165540817.30935827
2026-01-03 13:00:00,ZONE_A,2,0.54071224,0.88445216,1935.37614,2640.528408047642,705.1522680476417,405.15226804764166,0.7077522388881297,0.9092243160943145,300.0,0,0,0,405.15226804764166,OPTIMAL,211351628.37151158
2026-01-03 13:15:00,ZONE_A,1,0.9785896,0.84253824,1935.95435,2568.5747351538557,632.620385153856,332.620385153856,0.6664442918197259,0.8471929738428814,300.0,0,0,0,332.620385153856,OPTIMAL,3341203.85153856
2026-01-03 13:30:00,ZONE_A,1,0.97161883,0.83259153,1932.3662,2564.8723308399076,632.5061308399079,332.5061308399079,0.6723732723699108,0.8530893103193008,300.0,0,0,0,332.5061308399079,OPTIMAL,14152647.392053276
2026-01-03 13:45:00,ZONE_A,1,0.97475475,0.85886204,2009.82196,2596.9959109310817,587.1739509310815,287.17395093108155,0.6733869983736168,0.8411509848774491,300.0,0,0,0,287.17395093108155,OPTIMAL,2886739.5093108155
2026-01-03 14:00:00,ZONE_A,1,0.7822282,0.77402556,2083.32265,2603.1525270081343,519.8298770081341,219.82987700813408,0.7015969089676235,0.8501197314781562,300.0,0,0,0,219.82987700813408,OPTIMAL,2632358.942194177
2026-01-03 14:15:00,ZONE_A,1,0.97885656,0.80134505,2071.21357,2573.9826070186714,502.7690370186715,202.7690370186715,0.661992763601359,0.8056410603230656,300.0,0,0,0,202.7690370186715,OPTIMAL,2042690.370186715
2026-01-03 14:30:00,ZONE_A,1,0.9713118,0.7444872,2096.6485999999995,2532.7784334012795,436.12983340128005,136.12983340128005,0.6517199134318723,0.7763284376411462,300.0,0,0,0,136.12983340128005,OPTIMAL,1376298.3340128006
2026-01-03 14:45:00,ZONE_A,1,0.96986693,0.7342567,2167.8789,2555.7340684046103,387.85516840460997,87.85516840460997,0.6574135458255186,0.7682293085661235,300.0,0,0,0,87.85516840460997,OPTIMAL,893551.6840460997
2026-01-03 15:00:00,ZONE_A,1,0.93013537,0.6742285,2269.7136600000003,2617.9358515066406,348.22219150664,48.22219150664,0.6817243686068103,0.7812164236564081,300.0,0,0,0,48.22219150664,OPTIMAL,497221.9150664
2026-01-03 15:15:00,ZONE_A,1,0.97378856,0.37492147,2336.33422,2336.33422,0.0,0.0,0.6819048054547197,0.6819048054547197,0.0,0,0,0,0.0,OPTIMAL,0.0
2026-01-03 15:30:00,ZONE_A,1,0.9777027,0.30670714,2405.3294,2405.3294,0.0,0.0,0.6922447054121039,0.6922447054121039,0.0,0,0,0,0.0,OPTIMAL,0.0
2026-01-03 15:45:00,ZONE_A,1,0.98696554,0.34408626,2410.8772,2410.8772,0.0,0.0,0.6837261990533171,0.6837261990533171,0.0,0,0,0,0.0,OPTIMAL,0.0
2026-01-03 16:00:00,ZONE_A,1,0.9848043,0.06186251,2486.5106,2486.5106,0.0,0.0,0.689536836202798,0.689536836202798,0.0,0,0,0,0.0,OPTIMAL,0.0
2026-01-03 16:15:00,ZONE_A,1,0.9906771,0.08042145,2515.2798,2515.2798,0.0,0.0,0.6861883483881874,0.6861883483881874,0.0,0,0,0,0.0,OPTIMAL,0.0
2026-01-03 16:30:00,ZONE_A,1,0.9898136,0.0073587303,2586.69932,2586.69932,0.0,0.0,0.6984042816320127,0.6984042816320127,0.0,0,0,0,0.0,OPTIMAL,0.0
2026-01-03 16:45:00,ZONE_A,1,0.98932743,0.003068092,2608.32248,2608.32248,0.0,0.0,0.6689876553026557,0.6689876553026557,0.0,0,0,0,0.0,OPTIMAL,0.0
2026-01-03 17:00:00,ZONE_A,1,0.984577,0.0011177171,2626.62351,2626.62351,0.0,0.0,0.6752516728279833,0.6752516728279833,0.0,0,0,0,0.0,OPTIMAL,0.0
2026-01-03 17:15:00,ZONE_A,1,0.9793803,0.009853815,2599.95708,2599.95708,0.0,0.0,0.6831864346751706,0.6831864346751706,0.0,0,0,0,0.0,OPTIMAL,0.0
2026-01-03 17:30:00,ZONE_A,1,0.9887869,0.0018852109,2657.2785,2657.2785,0.0,0.0,0.6785654736155635,0.6785654736155635,0.0,0,0,0,0.0,OPTIMAL,0.0
2026-01-03 17:45:00,ZONE_A,1,0.971254,0.0020471467,2676.49079,2676.49079,0.0,0.0,0.6896698435513081,0.6896698435513081,0.0,0,0,0,0.0,OPTIMAL,0.0
2026-01-03 18:00:00,ZONE_A,1,0.9773399,0.0018239635,2703.80724,2703.80724,0.0,0.0,0.6870236644341806,0.6870236644341806,0.0,0,0,0,0.0,OPTIMAL,0.0
2026-01-03 18:15:00,ZONE_A,1,0.98136616,0.0017530767,2683.297356,2683.297356,0.0,0.0,0.6842636033436479,0.6842636033436479,0.0,0,0,0,0.0,OPTIMAL,0.0
2026-01-03 18:30:00,ZONE_A,1,0.9840582,0.0019729666,2691.9362,2691.9362,0.0,0.0,0.6864923696971669,0.6864923696971669,0.0,0,0,0,0.0,OPTIMAL,0.0
2026-01-03 18:45:00,ZONE_A,1,0.9701398,0.0022019772,2716.90631,2716.90631,0.0,0.0,0.6846471050606572,0.6846471050606572,0.0,0,0,0,0.0,OPTIMAL,0.0
2026-01-03 19:00:00,ZONE_A,1,0.9850055,0.0019729666,2739.13097,2739.13097,0.0,0.0,0.6840764078464127,0.6840764078464127,0.0,0,0,0,0.0,OPTIMAL,0.0
2026-01-03 19:15:00,ZONE_A,1,0.9823393,0.0021164303,2683.90718,2683.90718,0.0,0.0,0.6937064392891747,0.6937064392891747,0.0,0,0,0,0.0,OPTIMAL,0.0
2026-01-03 19:30:00,ZONE_A,1,0.96209395,0.0018633034,2713.921645,2713.921645,0.0,0.0,0.6804119298985084,0.6804119298985084,0.0,0,0,0,0.0,OPTIMAL,0.0
2026-01-03 19:45:00,ZONE_A,1,0.89741486,0.0018633034,2691.72886,2691.72886,0.0,0.0,0.7010907660618042,0.7010907660618042,0.0,0,0,0,0.0,OPTIMAL,0.0
2026-01-03 20:00:00,ZONE_A,0,0.88506573,0.0019864296,2547.72035,2547.72035,0.0,0.0,0.6480885123801777,0.6480885123801777,0.0,0,0,0,0.0,OPTIMAL,0.0
2026-01-03 20:15:00,ZONE_A,0,0.98548096,0.0017285986,2524.08877,2524.08877,0.0,0.0,0.6366473592702413,0.6366473592702413,0.0,0,0,0,0.0,OPTIMAL,0.0
2026-01-03 20:30:00,ZONE_A,0,0.9847608,0.001782774,2530.91504,2530.91504,0.0,0.0,0.6335843905258804,0.6335843905258804,0.0,0,0,0,0.0,OPTIMAL,0.0
2026-01-03 20:45:00,ZONE_A,0,0.99206066,0.0013131471,2484.6143,2484.6143,0.0,0.0,0.6246952118280386,0.6246952118280386,0.0,0,0,0,0.0,OPTIMAL,0.0
2026-01-03 21:00:00,ZONE_A,0,0.9945234,0.0022254516,2423.84951,2423.84951,0.0,0.0,0.6193235194961322,0.6193235194961322,0.0,0,0,0,0.0,OPTIMAL,0.0
2026-01-03 21:15:00,ZONE_A,0,0.9945234,0.0023950874,2351.75681,2351.75681,0.0,0.0,0.603631362468624,0.603631362468624,0.0,0,0,0,0.0,OPTIMAL,0.0
2026-01-03 21:30:00,ZONE_A,0,0.9946128,0.0030140253,2395.57381,2395.57381,0.0,0.0,0.5957000268985155,0.5957000268985155,0.0,0,0,0,0.0,OPTIMAL,0.0
2026-01-03 21:45:00,ZONE_A,0,0.9944243,0.002359929,2328.17563,2328.17563,0.0,0.0,0.6036993328082885,0.6036993328082885,0.0,0,0,0,0.0,OPTIMAL,0.0
2026-01-03 22:00:00,ZONE_A,0,0.9952642,0.002359929,2268.34016,2268.34016,0.0,0.0,0.570822150208018,0.570822150208018,0.0,0,0,0,0.0,OPTIMAL,0.0
2026-01-03 22:15:00,ZONE_A,0,0.99667716,0.0018395662,2324.52979,2324.52979,0.0,0.0,0.600800561596932,0.600800561596932,0.0,0,0,0,0.0,OPTIMAL,0.0
2026-01-03 22:30:00,ZONE_A,0,0.99658656,0.0018395662,2305.77719,2305.77719,0.0,0.0,0.5646931338816221,0.5646931338816221,0.0,0,0,0,0.0,OPTIMAL,0.0
2026-01-03 22:45:00,ZONE_A,0,0.99747735,0.0020598157,2230.30233,2230.30233,0.0,0.0,0.5493824001676778,0.5493824001676778,0.0,0,0,0,0.0,OPTIMAL,0.0
2026-01-03 23:00:00,ZONE_A,0,0.99721235,0.0014205484,2233.46632,2233.46632,0.0,0.0,0.5304751731037916,0.5304751731037916,0.0,0,0,0,0.0,OPTIMAL,0.0
2026-01-03 23:15:00,ZONE_A,0,0.9974963,0.0018395662,2274.43145,2274.43145,0.0,0.0,0.5476492758808835,0.5476492758808835,0.0,0,0,0,0.0,OPTIMAL,0.0
2026-01-03 23:30:00,ZONE_A,0,0.9974955,0.0017419171,2254.94596,2254.94596,0.0,0.0,0.5543136725490615,0.5543136725490615,0.0,0,0,0,0.0,OPTIMAL,0.0
2026-01-03 23:45:00,ZONE_A,0,0.99800414,0.0014135649,2258.032743,2258.032743,0.0,0.0,0.5383561660476649,0.5383561660476649,0.0,0,0,0,0.0,OPTIMAL,0.0
2026-01-04 00:00:00,ZONE_A,0,0.99783736,0.00259468,2263.360915,2263.360915,0.0,0.0,0.555249603304857,0.555249603304857,0.0,0,0,0,0.0,OPTIMAL,0.0
2026-01-04 00:15:00,ZONE_A,0,0.99800926,0.0009717622,2240.57601,2240.57601,0.0,0.0,0.5386031957489807,0.5386031957489807,0.0,0,0,0,0.0,OPTIMAL,0.0
2026-01-04 00:30:00,ZONE_A,0,0.9979431,0.00135085,2237.269237,2237.269237,0.0,0.0,0.5337935144902273,0.5337935144902273,0.0,0,0,0,0.0,OPTIMAL,0.0
2026-01-04 00:45:00,ZONE_A,0,0.99802846,0.0020952746,2249.988596,2249.988596,0.0,0.0,0.5423460840346344,0.5423460840346344,0.0,0,0,0,0.0,OPTIMAL,0.0
2026-01-04 01:00:00,ZONE_A,0,0.99800414,0.0012063162,2253.618098,2253.618098,0.0,0.0,0.5378672266454241,0.5378672266454241,0.0,0,0,0,0.0,OPTIMAL,0.0
2026-01-04 01:15:00,ZONE_A,0,0.9980203,0.0024277372,2243.949403,2243.949403,0.0,0.0,0.5350398971531243,0.5350398971531243,0.0,0,0,0,0.0,OPTIMAL,0.0
2026-01-04 01:30:00,ZONE_A,0,0.9980446,0.003005103,2235.052217,2235.052217,0.0,0.0,0.5449913545288408,0.5449913545288408,0.0,0,0,0,0.0,OPTIMAL,0.0
2026-01-04 01:45:00,ZONE_A,0,0.9980203,0.0024277372,2232.6764930000004,2232.6764930000004,0.0,0.0,0.5383988647235902,0.5383988647235902,0.0,0,0,0,0.0,OPTIMAL,0.0
2026-01-04 02:00:00,ZONE_A,0,0.9979316,0.0024277372,2222.025576,2222.025576,0.0,0.0,0.5369857215764778,0.5369857215764778,0.0,0,0,0,0.0,OPTIMAL,0.0
2026-01-04 02:15:00,ZONE_A,0,0.99784136,0.0017665126,2147.78433,2147.78433,0.0,0.0,0.5278325128414199,0.5278325128414199,0.0,0,0,0,0.0,OPTIMAL,0.0
2026-01-04 02:30:00,ZONE_A,0,0.99784136,0.0013526897,2118.65224,2118.65224,0.0,0.0,0.5367716896206023,0.5367716896206023,0.0,0,0,0,0.0,OPTIMAL,0.0
2026-01-04 02:45:00,ZONE_A,0,0.99784136,0.0017665126,2138.7243,2138.7243,0.0,0.0,0.530595723562541,0.530595723562541,0.0,0,0,0,0.0,OPTIMAL,0.0
2026-01-04 03:00:00,ZONE_A,0,0.99794394,0.0015853681,2166.643045,2166.643045,0.0,0.0,0.538486646244811,0.538486646244811,0.0,0,0,0,0.0,OPTIMAL,0.0
2026-01-04 03:15:00,ZONE_A,0,0.9977932,0.0020112435,2121.57363,2121.57363,0.0,0.0,0.5393156943857427,0.5393156943857427,0.0,0,0,0,0.0,OPTIMAL,0.0
2026-01-04 03:30:00,ZONE_A,0,0.9979704,0.0016245162,2105.13443,2105.13443,0.0,0.0,0.5404245167213408,0.5404245167213408,0.0,0,0,0,0.0,OPTIMAL,0.0
2026-01-04 03:45:00,ZONE_A,0,0.99786586,0.0020112435,2107.9751,2107.9751,0.0,0.0,0.5376500279704014,0.5376500279704014,0.0,0,0,0,0.0,OPTIMAL,0.0
2026-01-04 04:00:00,ZONE_A,0,0.9979645,0.0015853681,2142.82813,2142.82813,0.0,0.0,0.539052300173866,0.539052300173866,0.0,0,0,0,0.0,OPTIMAL,0.0
2026-01-04 04:15:00,ZONE_A,0,0.9979645,0.0016245162,2115.30835,2115.30835,0.0,0.0,0.530773186290201,0.530773186290201,0.0,0,0,0,0.0,OPTIMAL,0.0
2026-01-04 04:30:00,ZONE_A,0,0.9979645,0.0016245162,2117.63435,2117.63435,0.0,0.0,0.5339469214839694,0.5339469214839694,0.0,0,0,0,0.0,OPTIMAL,0.0
2026-01-04 04:45:00,ZONE_A,0,0.9979645,0.0015853681,2150.95742,2150.95742,0.0,0.0,0.5372012548749602,0.5372012548749602,0.0,0,0,0,0.0,OPTIMAL,0.0
2026-01-04 05:00:00,ZONE_A,0,0.9975439,0.0017618027,2433.71185,2433.71185,0.0,0.0,0.6071883634192896,0.6071883634192896,0.0,0,0,0,0.0,OPTIMAL,0.0
2026-01-04 05:15:00,ZONE_A,0,0.99749655,0.002523081,2467.94674,2467.94674,0.0,0.0,0.6207253097037554,0.6207253097037554,0.0,0,0,0,0.0,OPTIMAL,0.0
2026-01-04 05:30:00,ZONE_A,0,0.99372464,0.0031315028,2484.07168,2484.07168,0.0,0.0,0.6314925019253129,0.6314925019253129,0.0,0,0,0,0.0,OPTIMAL,0.0
2026-01-04 05:45:00,ZONE_A,0,0.99071515,0.0020381361,2500.337275,2500.337275,0.0,0.0,0.6402790221806779,0.6402790221806779,0.0,0,0,0,0.0,OPTIMAL,0.0
2026-01-04 06:00:00,ZONE_A,0,0.66244423,0.00210175,2563.75038,2563.75038,0.0,0.0,0.6467342146536491,0.6467342146536491,0.0,0,0,0,0.0,OPTIMAL,0.0
2026-01-04 06:15:00,ZONE_A,1,0.9641089,0.002195461,2572.90573,2572.90573,0.0,0.0,0.6583144733957033,0.6583144733957033,0.0,0,0,0,0.0,OPTIMAL,0.0
2026-01-04 06:30:00,ZONE_A,1,0.99403775,0.0025623986,2576.51334,2576.51334,0.0,0.0,0.6678142037948896,0.6678142037948896,0.0,0,0,0,0.0,OPTIMAL,0.0
2026-01-04 06:45:00,ZONE_A,1,0.9958697,0.0065641557,2517.94553,2517.94553,0.0,0.0,0.6622604327377734,0.6622604327377734,0.0,0,0,0,0.0,OPTIMAL,0.0
2026-01-04 07:00:00,ZONE_A,1,0.99378043,0.0027167548,2609.31925,2609.31925,0.0,0.0,0.6821451663926184,0.6821451663926184,0.0,0,0,0,0.0,OPTIMAL,0.0
2026-01-04 07:15:00,ZONE_A,1,0.9813492,0.19404908,2584.96235,2584.96235,0.0,0.0,0.692149842382576,0.692149842382576,0.0,0,0,0,0.0,OPTIMAL,0.0
2026-01-04 07:30:00,ZONE_A,1,0.9140479,0.1066145,2559.9770000000003,2559.9770000000003,0.0,0.0,0.6980753771212983,0.6980753771212983,0.0,0,0,0,0.0,OPTIMAL,0.0
2026-01-04 07:45:00,ZONE_A,3,0.90652186,0.16036507,2685.01307,2685.01307,0.0,0.0,0.7541954723330374,0.7541954723330374,0.0,0,0,0,0.0,OPTIMAL,0.0
2026-01-04 08:00:00,ZONE_A,2,0.95855683,0.073638074,2623.0889,2623.0889,0.0,0.0,0.7234997759801297,0.7234997759801297,0.0,0,0,0,0.0,OPTIMAL,0.0
2026-01-04 08:15:00,ZONE_A,2,0.95797396,0.0959092,2655.5031000000004,2655.5031000000004,0.0,0.0,0.7355781049252474,0.7355781049252474,0.0,0,0,0,0.0,OPTIMAL,0.0
2026-01-04 08:30:00,ZONE_A,3,0.9298,0.14476508,2695.90784,2695.90784,0.0,0.0,0.754434290847338,0.754434290847338,0.0,0,0,0,0.0,OPTIMAL,0.0
2026-01-04 08:45:00,ZONE_A,3,0.8971687,0.079711765,2662.54215,2662.54215,0.0,0.0,0.7548716909202906,0.7548716909202906,0.0,0,0,0,0.0,OPTIMAL,0.0
2026-01-04 09:00:00,ZONE_A,1,0.9640949,0.08654389,2361.55103,2361.55103,0.0,0.0,0.6569179990336343,0.6569179990336343,0.0,0,0,0,0.0,OPTIMAL,0.0
2026-01-04 09:15:00,ZONE_A,1,0.92815334,0.5072644,2261.04454,2492.798051052344,231.75351105234398,0.0,0.6659074483936072,0.7321227375161208,231.75351105234398,0,0,0,0.0,OPTIMAL,11587.675552617198
2026-01-04 09:30:00,ZONE_A,1,0.60500515,0.30800095,2318.27747,2318.27747,0.0,0.0,0.6504544380396252,0.6504544380396252,0.0,0,0,0,0.0,OPTIMAL,0.0
2026-01-04 09:45:00,ZONE_A,0,0.5599189,0.43291527,2248.35104,2248.35104,0.0,0.0,0.6449904072712476,0.6449904072712476,0.0,0,0,0,0.0,OPTIMAL,0.0
2026-01-04 10:00:00,ZONE_A,0,0.59162295,0.4665719,2244.5727,2244.5727,0.0,0.0,0.6457194492142873,0.6457194492142873,0.0,0,0,0,0.0,OPTIMAL,0.0
2026-01-04 10:15:00,ZONE_A,1,0.8800129,0.60172445,2173.33772,2477.545220045286,304.207500045286,4.207500045285997,0.6513636625970151,0.7382800914415393,300.0,0,0,0,4.207500045285997,OPTIMAL,57075.00045285997
2026-01-04 10:30:00,ZONE_A,1,0.9768736,0.44430077,2195.5333,2195.5333,0.0,0.0,0.6839028721354617,0.6839028721354617,0.0,0,0,0,0.0,OPTIMAL,0.0
2026-01-04 10:45:00,ZONE_A,1,0.98005646,0.5008381,2078.6285,2381.8525636487298,303.22406364873,3.2240636487300094,0.6565072399267012,0.7431426869275182,300.0,0,0,0,3.2240636487300094,OPTIMAL,47240.63648730009
2026-01-04 11:00:00,ZONE_A,1,0.95767045,0.6498376,2113.3597,2478.70639172248,365.34669172248005,65.34669172248005,0.6610225154005871,0.7654072847587915,300.0,0,0,0,65.34669172248005,OPTIMAL,668466.9172248004
2026-01-04 11:15:00,ZONE_A,1,0.9917527,0.41691756,2047.87114,2047.87114,0.0,0.0,0.6578928444301365,0.6578928444301365,0.0,0,0,0,0.0,OPTIMAL,0.0
2026-01-04 11:30:00,ZONE_A,1,0.9695507,0.51700914,2030.46517,2385.91848222845,355.45331222845016,55.45331222845016,0.6702184336646465,0.7717765231940626,300.0,0,0,0,55.45331222845016,OPTIMAL,569533.1222845016
2026-01-04 11:45:00,ZONE_A,1,0.9879318,0.43342602,2018.33365,2018.33365,0.0,0.0,0.6600933602890523,0.6600933602890523,0.0,0,0,0,0.0,OPTIMAL,0.0
2026-01-04 12:00:00,ZONE_A,1,0.9880326,0.43342602,1996.0468,1996.0468,0.0,0.0,0.6587828837753537,0.6587828837753537,0.0,0,0,0,0.0,OPTIMAL,0.0
2026-01-04 12:15:00,ZONE_A,1,0.9871243,0.4944332,1981.31816,1981.31816,0.0,0.0,0.6708587176428281,0.6708587176428281,0.0,0,0,0,0.0,OPTIMAL,0.0
2026-01-04 12:30:00,ZONE_A,1,0.97945946,0.6110619,1979.9528,2407.82060330903,427.86780330903,127.86780330903002,0.676317071664851,0.7985650158381247,300.0,0,0,0,127.86780330903002,OPTIMAL,1293678.0330903002
2026-01-04 12:45:00,ZONE_A,1,0.9880657,0.42375982,1938.67915,1938.67915,0.0,0.0,0.673720679060884,0.673720679060884,0.0,0,0,0,0.0,OPTIMAL,0.0
2026-01-04 13:00:00,ZONE_A,1,0.98520446,0.39980525,1939.9766,1939.9766,0.0,0.0,0.6860445167720669,0.6860445167720669,0.0,0,0,0,0.0,OPTIMAL,0.0
2026-01-04 13:15:00,ZONE_A,1,0.97309035,0.5876799,1847.64735,2337.624967097085,489.97761709708504,189.97761709708504,0.6828982912631114,0.8228918965733226,300.0,0,0,0,189.97761709708504,OPTIMAL,1914776.1709708504
2026-01-04 13:30:00,ZONE_A,1,0.97916174,0.53532594,1934.56615,2335.983758961313,401.417608961313,101.41760896131302,0.6687851184064006,0.7834758641782492,300.0,0,0,0,101.41760896131302,OPTIMAL,1029176.0896131302
2026-01-04 13:45:00,ZONE_A,1,0.96465313,0.6511008,1885.98797,2408.986790655584,522.998820655584,222.99882065558404,0.6646017538873178,0.8140299888183182,300.0,0,0,0,222.99882065558404,OPTIMAL,2244988.2065558406
2026-01-04 14:00:00,ZONE_A,1,0.963093,0.75297093,1884.1702,2492.929502088145,608.759302088145,308.759302088145,0.6685668966820066,0.8424981264040478,300.0,0,0,0,308.759302088145,OPTIMAL,3102593.02088145
2026-01-04 14:15:00,ZONE_A,1,0.96937484,0.53642744,1805.42586,2269.737303849354,464.3114438493536,164.31144384935362,0.6645555629474229,0.7972159758941626,300.0,0,0,0,164.31144384935362,OPTIMAL,1658114.4384935363
2026-01-04 14:30:00,ZONE_A,1,0.9360277,0.70672977,1866.9496,2453.483788499767,586.534188499767,286.53418849976697,0.6753708191754176,0.8429520163955959,300.0,0,0,0,286.53418849976697,OPTIMAL,2880341.8849976696
2026-01-04 14:45:00,ZONE_A,1,0.9761247,0.45522076,1891.8018,1891.8018,0.0,0.0,0.6844700070347031,0.6844700070347031,0.0,0,0,0,0.0,OPTIMAL,0.0
2026-01-04 15:00:00,ZONE_A,2,0.74993795,0.7222198,1971.3838,2564.7380655299603,593.35426552996,293.35426552996,0.7082199661795479,0.8777497568424704,300.0,0,0,0,293.35426552996,OPTIMAL,100072691.3109026
2026-01-04 15:15:00,ZONE_A,1,0.7474085,0.48383826,2025.4625,2025.4625,0.0,0.0,0.6930520168895262,0.6930520168895262,0.0,0,0,0,0.0,OPTIMAL,0.0
2026-01-04 15:30:00,ZONE_A,1,0.891224,0.47971416,2090.16264,2090.16264,0.0,0.0,0.6865589606738206,0.6865589606738206,0.0,0,0,0,0.0,OPTIMAL,0.0
2026-01-04 15:45:00,ZONE_A,1,0.6277288,0.5190112,2045.6144,2425.3409517075197,379.72655170752,79.72655170752,0.7008507463332415,0.8093440471649491,300.0,0,0,0,79.72655170752,OPTIMAL,812265.5170752
2026-01-04 16:00:00,ZONE_A,1,0.85630906,0.6137688,2099.61797,2530.609385863304,430.991415863304,130.99141586330398,0.7017414087489604,0.8248818137033647,300.0,0,0,0,130.99141586330398,OPTIMAL,1324914.1586330398
2026-01-04 16:15:00,ZONE_A,1,0.9791509,0.43770364,2148.2066400000003,2148.2066400000003,0.0,0.0,0.689640841218268,0.689640841218268,0.0,0,0,0,0.0,OPTIMAL,0.0
2026-01-04 16:30:00,ZONE_A,1,0.98530304,0.43770364,2169.91425,2169.91425,0.0,0.0,0.6948556279909873,0.6948556279909873,0.0,0,0,0,0.0,OPTIMAL,0.0
2026-01-04 16:45:00,ZONE_A,1,0.983967,0.4007072,2176.2577,2176.2577,0.0,0.0,0.6835030630139499,0.6835030630139499,0.0,0,0,0,0.0,OPTIMAL,0.0
2026-01-04 17:00:00,ZONE_A,1,0.9865311,0.47256187,2212.9821,2212.9821,0.0,0.0,0.6857043608864865,0.6857043608864865,0.0,0,0,0,0.0,OPTIMAL,0.0
2026-01-04 17:15:00,ZONE_A,1,0.9873176,0.61435705,2213.80536,2571.562635350977,357.757275350977,57.75727535097701,0.6794135805541247,0.7816299452694667,300.0,0,0,0,57.75727535097701,OPTIMAL,592572.7535097701
2026-01-04 17:30:00,ZONE_A,1,0.9833334,0.49871218,2212.545,2212.545,0.0,0.0,0.6858727352063735,0.6858727352063735,0.0,0,0,0,0.0,OPTIMAL,0.0
2026-01-04 17:45:00,ZONE_A,1,0.98588485,0.6248136,2196.89,2569.213300172,372.32330017199996,72.32330017199996,0.6878209590962682,0.7941990451958076,300.0,0,0,0,72.32330017199996,OPTIMAL,738233.0017199996
2026-01-04 18:00:00,ZONE_A,1,0.9784315,0.49534926,2222.9045,2222.9045,0.0,0.0,0.6851794047554085,0.6851794047554085,0.0,0,0,0,0.0,OPTIMAL,0.0
2026-01-04 18:15:00,ZONE_A,1,0.98250973,0.61435705,2219.31056,2573.261217633472,353.95065763347196,53.95065763347196,0.6769534714000149,0.7780822310393134,300.0,0,0,0,53.95065763347196,OPTIMAL,554506.5763347197
2026-01-04 18:30:00,ZONE_A,1,0.9803735,0.7313449,2206.28464,2641.044946280014,434.760306280014,134.760306280014,0.6883316329035721,0.8125488636647265,300.0,0,0,0,134.760306280014,OPTIMAL,1362603.06280014
2026-01-04 18:45:00,ZONE_A,1,0.9820425,0.6422358,2210.36,2591.0505367835603,380.69053678356,80.69053678355999,0.6829857090078041,0.7917544341515246,300.0,0,0,0,80.69053678355999,OPTIMAL,821905.3678355999
2026-01-04 19:00:00,ZONE_A,1,0.98551095,0.77610624,2203.8963,2669.0447870672638,465.14848706726394,165.14848706726394,0.6907853717900813,0.8236849399457291,300.0,0,0,0,165.14848706726394,OPTIMAL,1666484.8706726395
2026-01-04 19:15:00,ZONE_A,1,0.98390466,0.48172063,2209.81024,2209.81024,0.0,0.0,0.6867792021440928,0.6867792021440928,0.0,0,0,0,0.0,OPTIMAL,0.0
2026-01-04 19:30:00,ZONE_A,1,0.9787168,0.49241334,2217.70956,2217.70956,0.0,0.0,0.6896251543515853,0.6896251543515853,0.0,0,0,0,0.0,OPTIMAL,0.0
2026-01-04 19:45:00,ZONE_A,1,0.9872044,0.619261,2189.97923,2560.7306482699696,370.7514182699699,70.75141826996992,0.6835014795342063,0.7894304565169148,300.0,0,0,0,70.75141826996992,OPTIMAL,722514.1826996992
2026-01-04 20:00:00,ZONE_A,1,0.6801929,0.6248107,2073.4644500000004,2435.0739862708856,361.60953627088503,61.60953627088503,0.6616005957752698,0.764917606472507,300.0,0,0,0,61.60953627088503,OPTIMAL,631095.3627088503
2026-01-04 20:15:00,ZONE_A,0,0.7910258,0.6779717,2074.63536,2462.320215518548,387.6848555185479,87.68485551854792,0.6479412759559007,0.7587083778862677,300.0,0,0,0,87.68485551854792,OPTIMAL,891848.5551854792
2026-01-04 20:30:00,ZONE_A,0,0.9334321,0.6864335,2017.2084,2427.011945234,409.803545234,109.80354523400001,0.6360255270697084,0.7531122546566656,300.0,0,0,0,109.80354523400001,OPTIMAL,1113035.45234
2026-01-04 20:45:00,ZONE_A,0,0.97744435,0.6248107,2038.2078,2391.84497042263,353.63717042263005,53.63717042263005,0.6294016991442903,0.7304408910128538,300.0,0,0,0,53.63717042263005,OPTIMAL,551371.7042263005
2026-01-04 21:00:00,ZONE_A,0,0.9961683,0.44956818,2073.48625,2073.48625,0.0,0.0,0.610480340397559,0.610480340397559,0.0,0,0,0,0.0,OPTIMAL,0.0
2026-01-04 21:15:00,ZONE_A,0,0.9963246,0.0694587,2122.7686,2122.7686,0.0,0.0,0.5990255047769723,0.5990255047769723,0.0,0,0,0,0.0,OPTIMAL,0.0
2026-01-04 21:30:00,ZONE_A,0,0.9958335,0.07235708,2123.8433,2123.8433,0.0,0.0,0.590974407142146,0.590974407142146,0.0,0,0,0,0.0,OPTIMAL,0.0
2026-01-04 21:45:00,ZONE_A,0,0.9954764,0.05247731,2127.35555,2127.35555,0.0,0.0,0.6011786803389594,0.6011786803389594,0.0,0,0,0,0.0,OPTIMAL,0.0
2026-01-04 22:00:00,ZONE_A,0,0.9965988,0.117766455,2055.2796700000004,2055.2796700000004,0.0,0.0,0.5901037095511897,0.5901037095511897,0.0,0,0,0,0.0,OPTIMAL,0.0
2026-01-04 22:15:00,ZONE_A,0,0.9971623,0.6378698,1905.92994,2220.998239118548,315.06829911854805,15.068299118548055,0.5926690503760732,0.6826885646344459,300.0,0,0,0,15.068299118548055,OPTIMAL,165682.99118548055
2026-01-04 22:30:00,ZONE_A,0,0.9973279,0.5946051,1998.61527,2234.322754989663,235.707484989663,0.0,0.5928769055974229,0.6602219014734025,235.707484989663,0,0,0,0.0,OPTIMAL,11785.37424948315
2026-01-04 22:45:00,ZONE_A,0,0.99749184,0.6378698,1857.07864,2164.265547443708,307.18690744370804,7.186907443708037,0.5636256684381026,0.6513933564992297,300.0,0,0,0,7.186907443708037,OPTIMAL,86869.07443708037
2026-01-04 23:00:00,ZONE_A,0,0.99751794,0.5843921,1839.1698,2118.5656760768597,279.39587607686,0.0,0.5629569972117995,0.6427843905713668,279.39587607686,0,0,0,0.0,OPTIMAL,13969.793803843
2026-01-04 23:15:00,ZONE_A,0,0.99660975,0.65154153,1760.3455,2120.985985835764,360.6404858357641,60.64048583576408,0.5690548643734149,0.6720950034365974,300.0,0,0,0,60.64048583576408,OPTIMAL,621404.8583576408
2026-01-04 23:30:00,ZONE_A,0,0.9980241,0.6358193,1815.18182,2126.777262979174,311.595442979174,11.595442979173981,0.562818543811062,0.6518458134523571,300.0,0,0,0,11.595442979173981,OPTIMAL,130954.4297917398
2026-01-04 23:45:00,ZONE_A,0,0.9965995,0.5809925,1766.0842,2079.8490834265003,313.76488342650003,13.764883426500035,0.5593300501400811,0.648977159895946,300.0,0,0,0,13.764883426500035,OPTIMAL,152648.83426500033
2026-01-05 00:00:00,ZONE_A,0,0.9963528,0.6653363,1713.227,2106.97601635335,393.74901635335,93.74901635334999,0.5715571803361035,0.6840568995516145,300.0,0,0,0,93.74901635334999,OPTIMAL,952490.1635334998
2026-01-05 00:15:00,ZONE_A,0,0.9964462,0.5975836,1721.5476999999998,2063.37406464548,341.82636464548,41.82636464548,0.5685496931524693,0.6662143689920925,300.0,0,0,0,41.82636464548,OPTIMAL,433263.6464548
2026-01-05 00:30:00,ZONE_A,0,0.9966156,0.6578391,1764.9008500000002,2112.733635936505,347.832785936505,47.83278593650499,0.5773819485418734,0.6767627447510537,300.0,0,0,0,47.83278593650499,OPTIMAL,493327.8593650499
2026-01-05 00:45:00,ZONE_A,0,0.9973363,0.5568287,1718.2077,2029.8909500217699,311.68325002177,11.683250021769993,0.5592470781362264,0.6482994354873877,300.0,0,0,0,11.683250021769993,OPTIMAL,131832.5002176999
2026-01-05 01:00:00,ZONE_A,0,0.9964142,0.62028867,1704.9669,2072.521804736382,367.554904736382,67.55490473638201,0.5715806682110947,0.6765963555237424,300.0,0,0,0,67.55490473638201,OPTIMAL,690549.0473638201
2026-01-05 01:15:00,ZONE_A,0,0.99819666,0.5662927,1825.01967,2093.141498848001,268.12182884800103,0.0,0.5647252734047967,0.6413315103960665,268.12182884800103,0,0,0,0.0,OPTIMAL,13406.091442400051
2026-01-05 01:30:00,ZONE_A,0,0.99670297,0.6628191,1750.2068399999998,2109.389941979256,359.183101979256,59.18310197925598,0.5590415826536602,0.6616653263191334,300.0,0,0,0,59.18310197925598,OPTIMAL,606831.0197925598
2026-01-05 01:45:00,ZONE_A,0,0.99740183,0.6578391,1745.1643,2107.22670483274,362.06240483274,62.062404832740015,0.5610251246311985,0.6644715262466852,300.0,0,0,0,62.062404832740015,OPTIMAL,635624.0483274001
2026-01-05 02:00:00,ZONE_A,0,0.9967505,0.78943485,1785.8574,2200.90703533569,415.04963533569,115.04963533569003,0.5762907460798167,0.6948763564525261,300.0,0,0,0,115.04963533569003,OPTIMAL,1165496.3533569002
2026-01-05 02:15:00,ZONE_A,0,0.9963928,0.5975836,1714.9048000000005,2054.9940488786406,340.08924887864,40.08924887863998,0.5660660740172642,0.6632344310629673,300.0,0,0,0,40.08924887863998,OPTIMAL,415892.4887863998
2026-01-05 02:30:00,ZONE_A,0,0.99747247,0.67309946,1726.3032,2102.155342089292,375.85214208929204,75.85214208929204,0.5642063237128356,0.6715926502675913,300.0,0,0,0,75.85214208929204,OPTIMAL,773521.4208929205
2026-01-05 02:45:00,ZONE_A,0,0.99712795,0.67309946,1706.98256,2097.2523175166325,390.26975751663235,90.26975751663235,0.5651992610471123,0.6767049063058782,300.0,0,0,0,90.26975751663235,OPTIMAL,917697.5751663236
2026-01-05 03:00:00,ZONE_A,0,0.9963037,0.4524995,1679.99735,1679.99735,0.0,0.0,0.5661765929123309,0.5661765929123309,0.0,0,0,0,0.0,OPTIMAL,0.0
2026-01-05 03:15:00,ZONE_A,0,0.99660313,0.72652954,1696.53355,2129.894362263401,433.360812263401,133.360812263401,0.5721043562734413,0.6959217314911784,300.0,0,0,0,133.360812263401,OPTIMAL,1348608.12263401
2026-01-05 03:30:00,ZONE_A,0,0.99488825,0.7425979,1677.8672299999998,2130.411714686943,452.544484686943,152.544484686943,0.5656947840360498,0.6949932085290157,300.0,0,0,0,152.544484686943,OPTIMAL,1540444.84686943
2026-01-05 03:45:00,ZONE_A,0,0.9944602,0.6429723,1681.1171,2070.11694893075,388.9998489307501,88.99984893075009,0.562311152930246,0.6734539671660781,300.0,0,0,0,88.99984893075009,OPTIMAL,904998.4893075009
2026-01-05 04:00:00,ZONE_A,0,0.9964142,0.84174025,1705.0518000000002,2201.9489144683002,496.89711446829995,196.89711446829995,0.570646141056946,0.7126167455180005,300.0,0,0,0,196.89711446829995,OPTIMAL,1983971.1446829995
2026-01-05 04:15:00,ZONE_A,0,0.99676824,0.652841,1790.9891000000002,2113.3927346111004,322.4036346111,22.403634611100017,0.5597218428574369,0.6518371672473121,300.0,0,0,0,22.403634611100017,OPTIMAL,239036.34611100017
2026-01-05 04:30:00,ZONE_A,0,0.99386686,0.7577832,1685.80904,2144.185777768112,458.376737768112,158.37673776811198,0.5646665770752195,0.6956313595962302,300.0,0,0,0,158.37673776811198,OPTIMAL,1598767.3776811198
2026-01-05 04:45:00,ZONE_A,0,0.9964541,0.7350899,1722.0025999999998,2141.7745112511598,419.77191125115996,119.77191125115996,0.5681847116800681,0.6881195437401324,300.0,0,0,0,119.77191125115996,OPTIMAL,1212719.1125115997
2026-01-05 05:00:00,ZONE_A,0,0.9970794,0.7620243,2032.3713,2438.8855838310897,406.51428383109004,106.51428383109004,0.6216867627812912,0.7378337012892612,300.0,0,0,0,106.51428383109004,OPTIMAL,1080142.8383109004
2026-01-05 05:15:00,ZONE_A,0,0.99635184,0.6653363,1974.6403,2359.56509407371,384.92479407371,84.92479407371002,0.625425342827951,0.7354038556702329,300.0,0,0,0,84.92479407371002,OPTIMAL,864247.9407371002
2026-01-05 05:30:00,ZONE_A,0,0.9920845,0.48918793,1989.19246,1989.19246,0.0,0.0,0.6351691842139554,0.6351691842139554,0.0,0,0,0,0.0,OPTIMAL,0.0
2026-01-05 05:45:00,ZONE_A,0,0.93170255,0.49561435,2102.29,2102.29,0.0,0.0,0.6494895781730968,0.6494895781730968,0.0,0,0,0,0.0,OPTIMAL,0.0
2026-01-05 06:00:00,ZONE_A,1,0.92658186,0.6497627,2084.5111,2463.1830551195003,378.6719551195,78.67195511950001,0.6525846020540041,0.7607765895169893,300.0,0,0,0,78.67195511950001,OPTIMAL,801719.5511950001
2026-01-05 06:15:00,ZONE_A,1,0.9768009,0.7001062,2066.52956,2489.594243219928,423.064683219928,123.06468321992799,0.6576940787455938,0.7785697028454172,300.0,0,0,0,123.06468321992799,OPTIMAL,1245646.83219928
2026-01-05 06:30:00,ZONE_A,1,0.9948507,0.49626848,2226.74955,2226.74955,0.0,0.0,0.6677288507459803,0.6677288507459803,0.0,0,0,0,0.0,OPTIMAL,0.0
2026-01-05 06:45:00,ZONE_A,1,0.99297225,0.4273914,2286.74845,2286.74845,0.0,0.0,0.6828668792824578,0.6828668792824578,0.0,0,0,0,0.0,OPTIMAL,0.0
2026-01-05 07:00:00,ZONE_A,1,0.99087816,0.39284816,2318.6378,2318.6378,0.0,0.0,0.6984272653269448,0.6984272653269448,0.0,0,0,0,0.0,OPTIMAL,0.0
2026-01-05 07:15:00,ZONE_A,1,0.87913233,0.3176051,2277.2731,2277.2731,0.0,0.0,0.6961402998823842,0.6961402998823842,0.0,0,0,0,0.0,OPTIMAL,0.0
2026-01-05 07:30:00,ZONE_A,2,0.9631646,0.73412526,2417.01695,2748.4422400848234,331.425290084823,31.42529008482302,0.7048932807259193,0.7995862210351413,300.0,0,0,0,31.42529008482302,OPTIMAL,329252.9008482302
2026-01-05 07:45:00,ZONE_A,2,0.9824599,0.39371046,2351.46885,2351.46885,0.0,0.0,0.7160063441344686,0.7160063441344686,0.0,0,0,0,0.0,OPTIMAL,0.0
2026-01-05 08:00:00,ZONE_A,3,0.9588909,0.45793635,2432.228,2432.228,0.0,0.0,0.7746832580564418,0.7746832580564418,0.0,0,0,0,0.0,OPTIMAL,0.0
2026-01-05 08:15:00,ZONE_A,3,0.9435097,0.8253058,2482.16244,2946.999310191188,464.83687019118804,164.83687019118804,0.7726559872199515,0.9054665219973695,300.0,0,0,0,164.83687019118804,OPTIMAL,195796195.05381575
2026-01-05 08:30:00,ZONE_A,2,0.90418303,0.46680254,2365.35025,2365.35025,0.0,0.0,0.7363477539223844,0.7363477539223844,0.0,0,0,0,0.0,OPTIMAL,0.0
2026-01-05 08:45:00,ZONE_A,3,0.9593817,0.49936327,2337.4822,2337.4822,0.0,0.0,0.7639335107621016,0.7639335107621016,0.0,0,0,0,0.0,OPTIMAL,0.0
2026-01-05 09:00:00,ZONE_A,1,0.96042264,0.25198442,2043.7369,2043.7369,0.0,0.0,0.6699592308626549,0.6699592308626549,0.0,0,0,0,0.0,OPTIMAL,0.0
2026-01-05 09:15:00,ZONE_A,1,0.83958656,0.31124738,2083.7491,2083.7491,0.0,0.0,0.6873961334346111,0.6873961334346111,0.0,0,0,0,0.0,OPTIMAL,0.0
2026-01-05 09:30:00,ZONE_A,1,0.95584255,0.6052259,2048.6675,2452.74191189557,404.07441189557,104.07441189557,0.6640368550559436,0.7794866874639932,300.0,0,0,0,104.07441189557,OPTIMAL,1055744.1189557
2026-01-05 09:45:00,ZONE_A,1,0.9476142,0.42083928,1918.34883,1918.34883,0.0,0.0,0.6744435993017212,0.6744435993017212,0.0,0,0,0,0.0,OPTIMAL,0.0
2026-01-05 10:00:00,ZONE_A,1,0.9589131,0.5160371,1951.36764,2347.140002640276,395.772362640276,95.77236264027601,0.6894644624244631,0.8025422806643024,300.0,0,0,0,95.77236264027601,OPTIMAL,972723.6264027602
2026-01-05 10:15:00,ZONE_A,1,0.96863884,0.52280885,1819.9895,2270.657995743015,450.668495743015,150.668495743015,0.6729630890658874,0.8017255168329374,300.0,0,0,0,150.668495743015,OPTIMAL,1521684.95743015
2026-01-05 10:30:00,ZONE_A,1,0.9650889,0.41252676,1821.7847,1821.7847,0.0,0.0,0.6866001865315133,0.6866001865315133,0.0,0,0,0,0.0,OPTIMAL,0.0
2026-01-05 10:45:00,ZONE_A,1,0.9577386,0.512494,1798.5655000000002,2251.9714017712004,453.4059017712,153.40590177119998,0.6763003780624502,0.8058449218235676,300.0,0,0,0,153.40590177119998,OPTIMAL,1549059.0177119998
2026-01-05 11:00:00,ZONE_A,1,0.9712702,0.59194845,1929.0523000000003,2382.1466325505153,453.094332550515,153.094332550515,0.6735830398659315,0.8030385638686712,300.0,0,0,0,153.094332550515,OPTIMAL,1545943.32550515
2026-01-05 11:15:00,ZONE_A,1,0.95283145,0.510124,1848.0262,2281.4009219272,433.3747219272,133.37472192720003,0.6850875645598965,0.8089089140605695,300.0,0,0,0,133.37472192720003,OPTIMAL,1348747.2192720002
2026-01-05 11:30:00,ZONE_A,2,0.9062986,0.7382304,1659.1399,2448.1578938905595,789.0179938905599,489.01799389055986,0.7319254019411536,0.9573591152006302,300.0,0,0,0,489.01799389055986,OPTIMAL,380662081.94214165
2026-01-05 11:45:00,ZONE_A,2,0.5022124,0.6935437,1605.863,2358.5874774647,752.7244774646999,452.72447746469993,0.7017455398543041,0.916809676937184,300.0,0,0,0,452.72447746469993,OPTIMAL,238376113.33241138
2026-01-05 12:00:00,ZONE_A,2,0.87758034,0.7780954,1653.8736,2487.9009872572797,834.02738725728,534.02738725728,0.7429999693091491,0.9812935092555429,300.0,0,0,0,534.02738725728,OPTIMAL,464882554.8591808
2026-01-05 12:15:00,ZONE_A,1,0.67007935,0.8108041,1626.2976999999998,2477.3668180884597,851.06911808846,551.06911808846,0.7079986656351241,0.951161271575415,300.0,0,0,0,551.06911808846,OPTIMAL,359590140.57051015
2026-01-05 12:30:00,ZONE_A,1,0.63563,0.8892248,1573.3292,2554.2148477716,980.8856477716001,680.8856477716001,0.7066493747138141,0.9869024179797005,300.0,0,0,0,680.8856477716001,OPTIMAL,485982317.6192609
2026-01-05 12:45:00,ZONE_A,1,0.83624554,0.8497277,1677.3278,2534.48313977124,857.15533977124,557.15533977124,0.6919251166548874,0.9368266431249291,300.0,0,0,0,557.15533977124,OPTIMAL,309479803.3160585
2026-01-05 13:00:00,ZONE_A,1,0.86177593,0.9146505,1755.0353000000002,2609.5774386963503,854.54213869635,554.54213869635,0.6856754464580064,0.929830344178411,300.0,0,0,0,554.54213869635,OPTIMAL,284966624.92421895
2026-01-05 13:15:00,ZONE_A,1,0.69256264,0.86300623,1589.5458999999998,2536.5437798316348,946.9978798316349,646.9978798316349,0.6960329183412459,0.9666037420768927,300.0,0,0,0,646.9978798316349,OPTIMAL,414598074.66979957
2026-01-05 13:30:00,ZONE_A,1,0.65223205,0.86828095,1656.2566,2558.130211190265,901.873611190265,601.873611190265,0.6823332987361076,0.9400114742402941,300.0,0,0,0,601.873611190265,OPTIMAL,321073894.87899494
2026-01-05 13:45:00,ZONE_A,1,0.89843166,0.803023,1739.4815500000002,2506.41625471735,766.93470471735,466.93470471735,0.682310613816305,0.9014348158753887,300.0,0,0,0,466.93470471735,OPTIMAL,184706202.02668926
2026-01-05 14:00:00,ZONE_A,1,0.68695194,0.79344994,1718.6132000000002,2503.349234723938,784.736034723938,484.736034723938,0.6997520424412826,0.9239623387900019,300.0,0,0,0,484.736034723938,OPTIMAL,263730545.2886757
2026-01-05 14:15:00,ZONE_A,1,0.87921816,0.764605,1738.85146,2467.2199481217003,728.3684881217,428.3684881217,0.6872629570389641,0.8953682400440808,300.0,0,0,0,428.3684881217,OPTIMAL,163087524.51311147
2026-01-05 14:30:00,ZONE_A,1,0.9113838,0.8006995,1732.0239,2488.29426621395,756.2703662139501,456.27036621395007,0.6879055172446082,0.9039827654145094,300.0,0,0,0,456.27036621395007,OPTIMAL,193517382.018149
2026-01-05 14:45:00,ZONE_A,1,0.95015365,0.48001024,1776.34654,1776.34654,0.0,0.0,0.6780255406657717,0.6780255406657717,0.0,0,0,0,0.0,OPTIMAL,0.0
2026-01-05 15:00:00,ZONE_A,2,0.8641475,0.6904126,1873.47635,2496.9893844058297,623.51303440583,323.51303440583,0.7089731922182931,0.8871197740704334,300.0,0,0,0,323.51303440583,OPTIMAL,133169339.15786873
2026-01-05 15:15:00,ZONE_A,2,0.7060649,0.7053741,1970.0859,2549.73052300809,579.64462300809,279.64462300809,0.7055189970705121,0.8711317470309542,300.0,0,0,0,279.64462300809,OPTIMAL,76772560.60192424
2026-01-05 15:30:00,ZONE_A,2,0.6168578,0.5701232,2013.492,2472.4685419136003,458.97654191360004,158.97654191360004,0.711658998474277,0.8427951537269152,300.0,0,0,0,158.97654191360004,OPTIMAL,1604765.4191360003
2026-01-05 15:45:00,ZONE_A,2,0.78202486,0.55191267,2045.5484,2476.7298974811647,431.181497481165,131.18149748116502,0.7076961604770263,0.8308908744256961,300.0,0,0,0,131.18149748116502,OPTIMAL,1326814.9748116503
2026-01-05 16:00:00,ZONE_A,1,0.9034195,0.40293902,2103.3572,2103.3572,0.0,0.0,0.6991770158102193,0.6991770158102193,0.0,0,0,0,0.0,OPTIMAL,0.0
2026-01-05 16:15:00,ZONE_A,1,0.86328095,0.40576795,2108.5597500000003,2108.5597500000003,0.0,0.0,0.686450499663461,0.686450499663461,0.0,0,0,0,0.0,OPTIMAL,0.0
2026-01-05 16:30:00,ZONE_A,1,0.9229757,0.4432007,2141.09036,2141.09036,0.0,0.0,0.6884251806251692,0.6884251806251692,0.0,0,0,0,0.0,OPTIMAL,0.0
2026-01-05 16:45:00,ZONE_A,1,0.9196708,0.4647074,2199.6512,2199.6512,0.0,0.0,0.6890811336822776,0.6890811336822776,0.0,0,0,0,0.0,OPTIMAL,0.0
2026-01-05 17:00:00,ZONE_A,3,0.9866887,0.32844055,2404.4560300000003,2404.4560300000003,0.0,0.0,0.7723209687915483,0.7723209687915483,0.0,0,0,0,0.0,OPTIMAL,0.0
2026-01-05 17:15:00,ZONE_A,3,0.98416615,0.27835447,2416.58564,2416.58564,0.0,0.0,0.7719678014598734,0.7719678014598734,0.0,0,0,0,0.0,OPTIMAL,0.0
2026-01-05 17:30:00,ZONE_A,3,0.99202913,0.43738806,2439.46535,2439.46535,0.0,0.0,0.7761211427343178,0.7761211427343178,0.0,0,0,0,0.0,OPTIMAL,0.0
2026-01-05 17:45:00,ZONE_A,3,0.9497099,0.36635965,2385.7851,2385.7851,0.0,0.0,0.780450674708538,0.780450674708538,0.0,0,0,0,0.0,OPTIMAL,0.0
2026-01-05 18:00:00,ZONE_A,3,0.9931993,0.7234289,2509.63746,2943.4660807189757,433.828620718976,133.82862071897603,0.7795346799917209,0.9034857150272682,300.0,0,0,0,133.82862071897603,OPTIMAL,188553287.98041844
2026-01-05 18:15:00,ZONE_A,3,0.99352574,0.55627966,2527.1777,2857.4573443919703,330.27964439197,30.27964439197001,0.785252854734132,0.8796184678313778,300.0,0,0,0,30.27964439197001,OPTIMAL,103982433.39913684
2026-01-05 18:30:00,ZONE_A,3,0.99352574,0.8384444,2525.0943,3024.2755048059603,499.18120480596,199.18120480596002,0.7831074480168891,0.9257306500270759,300.0,0,0,0,199.18120480596002,OPTIMAL,267064085.9588934
2026-01-05 18:45:00,ZONE_A,3,0.9930627,0.8819457,2508.27275,3036.181412999675,527.908662999675,227.90866299967502,0.776967254685463,0.9277983019438018,300.0,0,0,0,227.90866299967502,OPTIMAL,274588142.19306207
2026-01-05 19:00:00,ZONE_A,3,0.99352574,0.8843826,2482.8348,3008.17053419466,525.33573419466,225.33573419465995,0.7801685338409077,0.930264458577339,300.0,0,0,0,225.33573419465995,OPTIMAL,283193961.0883937
2026-01-05 19:15:00,ZONE_A,1,0.9266607,0.5598753,2252.8532,2588.57749674236,335.72429674235997,35.72429674235997,0.6965116867997504,0.7924329148870952,300.0,0,0,0,35.72429674235997,OPTIMAL,372242.9674235997
2026-01-05 19:30:00,ZONE_A,1,0.94092816,0.3120832,2233.4848,2233.4848,0.0,0.0,0.6775466698251085,0.6775466698251085,0.0,0,0,0,0.0,OPTIMAL,0.0
2026-01-05 19:45:00,ZONE_A,1,0.88108087,0.33454543,2239.4098,2239.4098,0.0,0.0,0.6897977348217682,0.6897977348217682,0.0,0,0,0,0.0,OPTIMAL,0.0
2026-01-05 20:00:00,ZONE_A,1,0.79421204,0.5217696,2050.8141,2364.30407631072,313.48997631071995,13.489976310719953,0.6518293177289618,0.7413978827966095,300.0,0,0,0,13.489976310719953,OPTIMAL,149899.76310719954
2026-01-05 20:15:00,ZONE_A,1,0.7408213,0.71827835,2048.4771,2480.809772626855,432.33267262685496,132.33267262685496,0.6517415676455128,0.7752651888030557,300.0,0,0,0,132.33267262685496,OPTIMAL,1338326.7262685497
2026-01-05 20:30:00,ZONE_A,0,0.9337165,0.68995756,2011.9744,2425.2141311986,413.23973119859994,113.23973119859994,0.6374274329785219,0.7554959279728503,300.0,0,0,0,113.23973119859994,OPTIMAL,1147397.3119859993
2026-01-05 20:45:00,ZONE_A,1,0.77216786,0.7244914,2044.9492,2479.97933461992,435.03013461992003,135.03013461992003,0.6565694563579464,0.7808637809357544,300.0,0,0,0,135.03013461992003,OPTIMAL,1365301.3461992003
2026-01-05 21:00:00,ZONE_A,0,0.98952943,0.6241513,1971.5476000000003,2346.9794753301403,375.43187533014,75.43187533013997,0.6345745892749933,0.7418408396774043,300.0,0,0,0,75.43187533013997,OPTIMAL,769318.7533013998
2026-01-05 21:15:00,ZONE_A,0,0.9901451,0.5681141,1917.44125,2256.330258447075,338.889008447075,38.889008447075014,0.6135807902961475,0.7104062215590536,300.0,0,0,0,38.889008447075014,OPTIMAL,403890.0844707501
2026-01-05 21:30:00,ZONE_A,0,0.99018246,0.6799292,1852.6412,2260.50019825892,407.85899825892,107.85899825892,0.6024407008900416,0.718971843571134,300.0,0,0,0,107.85899825892,OPTIMAL,1093589.9825892
2026-01-05 21:45:00,ZONE_A,0,0.9900767,0.52300423,1846.6753,2158.3996283916717,311.724328391672,11.724328391671975,0.5999268034267253,0.688990897512254,300.0,0,0,0,11.724328391671975,OPTIMAL,132243.28391671975
2026-01-05 22:00:00,ZONE_A,0,0.98962957,0.75804806,1804.63316,2260.1868718768947,455.5537118768944,155.5537118768944,0.5984435079785163,0.7286017117280973,300.0,0,0,0,155.5537118768944,OPTIMAL,1570537.118768944
2026-01-05 22:15:00,ZONE_A,0,0.99275404,0.48833427,1774.2333,1774.2333,0.0,0.0,0.5909825939160649,0.5909825939160649,0.0,0,0,0,0.0,OPTIMAL,0.0
2026-01-05 22:30:00,ZONE_A,0,0.9943896,0.57572526,1746.2696,2094.083825491898,347.814225491898,47.814225491898014,0.5820032901519973,0.6813787833996463,300.0,0,0,0,47.814225491898014,OPTIMAL,493142.2549189801
2026-01-05 22:45:00,ZONE_A,0,0.9957088,0.7511701,1711.8576999999998,2163.73894682298,451.88124682297996,151.88124682297996,0.5715031963899321,0.7006121243763539,300.0,0,0,0,151.88124682297996,OPTIMAL,1533812.4682297995
2026-01-05 23:00:00,ZONE_A,0,0.9963167,0.48833427,1712.9522600000005,1712.9522600000005,0.0,0.0,0.577424619973464,0.577424619973464,0.0,0,0,0,0.0,OPTIMAL,0.0
2026-01-05 23:15:00,ZONE_A,0,0.9963644,0.73337555,1713.9855000000002,2154.7158239162154,440.730323916215,140.730323916215,0.5781273545303721,0.7040503045285864,300.0,0,0,0,140.730323916215,OPTIMAL,1422303.23916215
2026-01-05 23:30:00,ZONE_A,0,0.99659854,0.7274996,1719.1068,2154.72104748688,435.61424748688,135.61424748688,0.5814260801075221,0.7058872939729586,300.0,0,0,0,135.61424748688,OPTIMAL,1371142.4748688
2026-01-05 23:45:00,ZONE_A,0,0.9950001,0.56301534,1704.5865,2044.4518360216798,339.86533602168004,39.86533602168004,0.5684069412575787,0.665511323204675,300.0,0,0,0,39.86533602168004,OPTIMAL,413653.36021680036
2026-01-06 00:00:00,ZONE_A,0,0.9944733,0.4333172,1703.4762,1703.4762,0.0,0.0,0.5776920287312418,0.5776920287312418,0.0,0,0,0,0.0,OPTIMAL,0.0
2026-01-06 00:15:00,ZONE_A,0,0.9965419,0.72308046,1710.8102,2143.3036401420977,432.49344014209805,132.49344014209805,0.5824728136911185,0.7060423683103393,300.0,0,0,0,132.49344014209805,OPTIMAL,1339934.4014209805
2026-01-06 00:30:00,ZONE_A,0,0.99660313,0.73344326,1704.395,2142.66548689952,438.27048689952005,138.27048689952005,0.5693560110092306,0.6945761504225383,300.0,0,0,0,138.27048689952005,OPTIMAL,1397704.8689952006
2026-01-06 00:45:00,ZONE_A,0,0.9964142,0.75400805,1715.42934,2163.817689758938,448.3883497589381,148.3883497589381,0.5799805432368996,0.7080915006077148,300.0,0,0,0,148.3883497589381,OPTIMAL,1498883.497589381
2026-01-06 01:00:00,ZONE_A,0,0.9965791,0.7274996,1690.3683,2126.14907214532,435.78077214532004,135.78077214532004,0.5624323866711358,0.6869411790074853,300.0,0,0,0,135.78077214532004,OPTIMAL,1372807.7214532003
2026-01-06 01:15:00,ZONE_A,0,0.99632627,0.7160833,1686.9202,2116.82746872969,429.90726872969,129.90726872968997,0.5634572601512953,0.6862879086539642,300.0,0,0,0,129.90726872968997,OPTIMAL,1314072.6872968997
2026-01-06 01:30:00,ZONE_A,0,0.9944733,0.7179324,1683.49284,2118.578368338624,435.085528338624,135.085528338624,0.565817347439742,0.6901274986822957,300.0,0,0,0,135.085528338624,OPTIMAL,1365855.2833862398
2026-01-06 01:45:00,ZONE_A,0,0.9963644,0.6265152,1689.6472,2066.32342521088,376.67622521088,76.67622521087998,0.5719944776338001,0.6796162565217106,300.0,0,0,0,76.67622521087998,OPTIMAL,781762.2521087998
2026-01-06 02:00:00,ZONE_A,0,0.99651647,0.75280446,1694.91565,2146.086381326977,451.170731326977,151.17073132697698,0.5649041513771756,0.6938100749080514,300.0,0,0,0,151.17073132697698,OPTIMAL,1526707.3132697698
2026-01-06 02:15:00,ZONE_A,0,0.99637383,0.7241643,1684.5831,2120.3778616805703,435.79476168057,135.79476168057,0.564922784981973,0.6894355743187892,300.0,0,0,0,135.79476168057,OPTIMAL,1372947.6168057
2026-01-06 02:30:00,ZONE_A,0,0.9963037,0.7910694,1677.3497,2153.29470594344,475.94500594344004,175.94500594344004,0.56687867568781,0.7028629634134176,300.0,0,0,0,175.94500594344004,OPTIMAL,1774450.0594344004
2026-01-06 02:45:00,ZONE_A,0,0.9963535,0.5912541,1679.3719,2034.4850841264101,355.11318412641,55.113184126409976,0.5646767364256892,0.6661376464131471,300.0,0,0,0,55.113184126409976,OPTIMAL,566131.8412640998
2026-01-06 03:00:00,ZONE_A,0,0.9963037,0.3219121,1678.00416,1678.00416,0.0,0.0,0.5654811940537592,0.5654811940537592,0.0,0,0,0,0.0,OPTIMAL,0.0
2026-01-06 03:15:00,ZONE_A,0,0.99632627,0.7624587,1687.08406,2145.168819983128,458.08475998312804,158.08475998312804,0.5734762268009828,0.7043575870969855,300.0,0,0,0,158.08475998312804,OPTIMAL,1595847.5998312803
2026-01-06 03:30:00,ZONE_A,0,0.9963644,0.6362234,1690.41097,2073.434463051482,383.02349305148203,83.02349305148203,0.5717615190800569,0.6811968030617183,300.0,0,0,0,83.02349305148203,OPTIMAL,845234.9305148204
2026-01-06 03:45:00,ZONE_A,0,0.9948278,0.7179324,1677.4336999999998,2111.17083642224,433.73713642224004,133.73713642224004,0.5666837150096764,0.6906086114149896,300.0,0,0,0,133.73713642224004,OPTIMAL,1352371.3642224004
2026-01-06 04:00:00,ZONE_A,0,0.9965618,0.6553608,1696.1468,2087.61202487024,391.46522487024,91.46522487023998,0.5719806525583803,0.6838278599215679,300.0,0,0,0,91.46522487023998,OPTIMAL,929652.2487023998
2026-01-06 04:15:00,ZONE_A,0,0.9962147,0.7840913,1668.8432,2140.05290310364,471.20970310364004,171.20970310364004,0.5586318374793935,0.6932631815389386,300.0,0,0,0,171.20970310364004,OPTIMAL,1727097.0310364005
2026-01-06 04:30:00,ZONE_A,0,0.9950001,0.71210015,1690.42974,2122.083388231479,431.653648231479,131.653648231479,0.5567031314954204,0.6800327455638359,300.0,0,0,0,131.653648231479,OPTIMAL,1331536.48231479
2026-01-06 04:45:00,ZONE_A,0,0.9949621,0.5147597,1683.6766000000002,1994.1281750700002,310.45157507000005,10.451575070000047,0.5629291747710052,0.6516296249957068,300.0,0,0,0,10.451575070000047,OPTIMAL,119515.75070000047
2026-01-06 05:00:00,ZONE_A,0,0.9952062,0.55539155,1970.4624,2302.91067340858,332.44827340858,32.44827340858001,0.6300624326363031,0.7250476538321012,300.0,0,0,0,32.44827340858001,OPTIMAL,339482.73408580007
2026-01-06 05:15:00,ZONE_A,0,0.9958324,0.7415187,1961.1067,2405.0598778396,443.95317783959996,143.95317783959996,0.6308901577963753,0.7577339231807915,300.0,0,0,0,143.95317783959996,OPTIMAL,1454531.7783959997
2026-01-06 05:30:00,ZONE_A,0,0.9959298,0.77608347,1988.50987,2455.692507310713,467.1826373107131,167.18263731071312,0.6382068005540128,0.7716875543724686,300.0,0,0,0,167.18263731071312,OPTIMAL,1686826.373107131
2026-01-06 05:45:00,ZONE_A,0,0.9582727,0.7818933,2021.2578,2487.09074994348,465.83294994348006,165.83294994348006,0.6494100437204483,0.7825051725802444,300.0,0,0,0,165.83294994348006,OPTIMAL,1673329.4994348006
2026-01-06 06:00:00,ZONE_A,1,0.9864833,0.48773387,2056.1552599999995,2056.1552599999995,0.0,0.0,0.6553792427435113,0.6553792427435113,0.0,0,0,0,0.0,OPTIMAL,0.0
2026-01-06 06:15:00,ZONE_A,1,0.9919687,0.7976885,2021.01023,2541.0564432920946,520.046213292095,220.046213292095,0.6626513631526365,0.8112359959243551,300.0,0,0,0,220.046213292095,OPTIMAL,2215462.1329209497
2026-01-06 06:30:00,ZONE_A,1,0.9934906,0.5944845,2048.2519,2455.7552114623004,407.50331146229996,107.50331146229996,0.6880919440575994,0.804521461940069,300.0,0,0,0,107.50331146229996,OPTIMAL,1090033.1146229997
2026-01-06 06:45:00,ZONE_A,1,0.9949757,0.5525376,2071.3218,2445.1833271526402,373.86152715263995,73.86152715263995,0.6818589997180337,0.7886765792091818,300.0,0,0,0,73.86152715263995,OPTIMAL,753615.2715263995
2026-01-06 07:00:00,ZONE_A,1,0.9871406,0.63835335,2066.0524,2524.32792968371,458.27552968371003,158.27552968371003,0.6976927126722686,0.8286285786761277,300.0,0,0,0,158.27552968371003,OPTIMAL,1597755.2968371003
2026-01-06 07:15:00,ZONE_A,1,0.75456685,0.32330045,2020.93014,2020.93014,0.0,0.0,0.6990974224742567,0.6990974224742567,0.0,0,0,0,0.0,OPTIMAL,0.0
2026-01-06 07:30:00,ZONE_A,2,0.9595035,0.81494415,2009.4881,2698.143696345515,688.6555963455149,388.65559634551494,0.7182718875564749,0.9150306300003019,300.0,0,0,0,388.65559634551494,OPTIMAL,231508760.234787
2026-01-06 07:45:00,ZONE_A,2,0.961238,0.7894059,2097.6183,2763.61156027701,665.99326027701,365.99326027701,0.7346114079758727,0.9248951972245585,300.0,0,0,0,365.99326027701,OPTIMAL,265808122.0647717
2026-01-06 08:00:00,ZONE_A,2,0.9619706,0.7624101,2023.77644,2716.375666286996,692.599226286996,392.599226286996,0.7402711123302611,0.938156606209701,300.0,0,0,0,392.599226286996,OPTIMAL,312489112.97617984
2026-01-06 08:15:00,ZONE_A,2,0.8818343,0.8191179,2024.7774,2798.66762323971,773.8902232397099,473.89022323970994,0.7469044881934253,0.9680159812824556,300.0,0,0,0,473.89022323970994,OPTIMAL,417809835.3482686
2026-01-06 08:30:00,ZONE_A,3,0.8838918,0.8034688,2011.72434,2788.673816648448,776.949476648448,476.949476648448,0.7623033830706551,0.9842889486152971,300.0,0,0,0,476.949476648448,OPTIMAL,474795813.2517092
2026-01-06 08:45:00,ZONE_A,3,0.9387826,0.7410992,2074.44396,2786.473202974368,712.029242974368,412.029242974368,0.7783486280526678,0.9817855553833355,300.0,0,0,0,412.029242974368,OPTIMAL,465384734.53340214
2026-01-06 09:00:00,ZONE_A,1,0.5497689,0.6744517,1684.8699,2375.4619710778697,690.59207107787,390.59207107786995,0.6990879881179906,0.896400009185638,300.0,0,0,0,390.59207107786995,OPTIMAL,166320952.23524386
2026-01-06 09:15:00,ZONE_A,2,0.7222907,0.6718396,1672.8516,2370.9386966767597,698.08709667676,398.08709667676,0.7026468333818858,0.902100290363302,300.0,0,0,0,398.08709667676,OPTIMAL,186346886.5178413
2026-01-06 09:30:00,ZONE_A,1,0.7632472,0.48998454,1594.9916999999998,1594.9916999999998,0.0,0.0,0.6904895284881881,0.6904895284881881,0.0,0,0,0,0.0,OPTIMAL,0.0
2026-01-06 09:45:00,ZONE_A,2,0.75180036,0.88643956,1629.619,2588.193111058736,958.5741110587361,658.5741110587361,0.7046460987980923,0.9785244174790719,300.0,0,0,0,658.5741110587361,OPTIMAL,456436200.2578664
2026-01-06 10:00:00,ZONE_A,1,0.74550074,0.774951,1568.5321,2432.4597965209,863.9276965209,563.9276965209,0.6992549029607482,0.9460913885012999,300.0,0,0,0,563.9276965209,OPTIMAL,341974135.6020901
2026-01-06 10:15:00,ZONE_A,1,0.7446294,0.73007476,1551.5493,2378.616171037948,827.0668710379481,527.0668710379481,0.696980433588091,0.9332852546793418,300.0,0,0,0,527.0668710379481,OPTIMAL,296784059.1077651
2026-01-06 10:30:00,ZONE_A,2,0.91907865,0.40256524,1498.4234,1498.4234,0.0,0.0,0.7071728787410034,0.7071728787410034,0.0,0,0,0,0.0,OPTIMAL,0.0
2026-01-06 10:45:00,ZONE_A,1,0.63259685,0.6338944,1524.1701999999998,2254.3423831552,730.1721831552,430.17218315519995,0.6986992462008612,0.9073198706658311,300.0,0,0,0,430.17218315519995,OPTIMAL,204936268.48270917
2026-01-06 11:00:00,ZONE_A,1,0.5596157,0.82831836,1579.6489,2498.765116499956,919.116216499956,619.116216499956,0.7034680158812483,0.9660726500401301,300.0,0,0,0,619.116216499956,OPTIMAL,412460435.95462924
2026-01-06 11:15:00,ZONE_A,2,0.511267,0.83648396,1534.6299,2502.1822807472117,967.5523807472119,667.5523807472119,0.7046364002750377,0.98107993854368,300.0,0,0,0,667.5523807472119,OPTIMAL,465470307.19632524
2026-01-06 11:30:00,ZONE_A,2,0.91145146,0.66756845,1520.0112,2311.04496617691,791.0337661769099,491.0337661769099,0.7172341803148573,0.9432438285657938,300.0,0,0,0,491.0337661769099,OPTIMAL,331278736.52755547
2026-01-06 11:45:00,ZONE_A,1,0.5515642,0.85392725,1543.4206,2522.31788282665,978.8972828266501,678.8972828266501,0.6955774241905427,0.9752623630692725,300.0,0,0,0,678.8972828266501,OPTIMAL,445222242.1156352
2026-01-06 12:00:00,ZONE_A,1,0.6540181,0.8720401,1592.5147999999997,2550.3470770780996,957.8322770781001,657.8322770781001,0.6953673319795909,0.9690336977819379,300.0,0,0,0,657.8322770781001,OPTIMAL,423211263.6025958
2026-01-06 12:15:00,ZONE_A,1,0.7769021,0.8784085,1607.4565,2555.41079696625,947.9542969662499,647.9542969662499,0.6886210874845876,0.9594651732490729,300.0,0,0,0,647.9542969662499,OPTIMAL,389622648.0442773
2026-01-06 12:30:00,ZONE_A,1,0.7366719,0.85422057,1554.5197999999998,2503.468732999865,948.9489329998651,648.9489329998651,0.6917272536823846,0.9628555212126185,300.0,0,0,0,648.9489329998651,OPTIMAL,401498812.177268
2026-01-06 12:45:00,ZONE_A,1,0.7589864,0.6745646,1597.8369,2327.4773386139,729.6404386139,429.64043861389996,0.6891480949826838,0.8976167924143129,300.0,0,0,0,429.64043861389996,OPTIMAL,170970177.2887752
2026-01-06 13:00:00,ZONE_A,1,0.77792567,0.6831199,1632.9245,2349.9896525108497,717.0651525108499,417.0651525108499,0.6946213400697571,0.8994970986025336,300.0,0,0,0,417.0651525108499,OPTIMAL,177425496.0652919
2026-01-06 13:15:00,ZONE_A,1,0.6349681,0.4296466,1602.6864999999998,1602.6864999999998,0.0,0.0,0.6951791100686924,0.6951791100686924,0.0,0,0,0,0.0,OPTIMAL,0.0
2026-01-06 13:30:00,ZONE_A,1,0.55591965,0.70784515,1641.3725,2384.40618966583,743.03368966583,443.03368966583,0.7122604952149196,0.9245558358081033,300.0,0,0,0,443.03368966583,OPTIMAL,265390761.37854406
2026-01-06 13:45:00,ZONE_A,1,0.7716434,0.50569636,1677.20224,2190.0081648973855,512.8059248973856,212.80592489738558,0.6931917496196315,0.8397077286330785,300.0,0,0,0,212.80592489738558,OPTIMAL,2143059.2489738557
2026-01-06 14:00:00,ZONE_A,2,0.50387084,0.6730762,1710.28575,2376.60941398493,666.32366398493,366.32366398493,0.7004296799548755,0.8908078702882722,300.0,0,0,0,366.32366398493,OPTIMAL,146505782.18109596
2026-01-06 14:15:00,ZONE_A,1,0.80920714,0.7499986,1677.9136,2435.1699364522,757.2563364522,457.2563364522,0.6998537882198707,0.9162127422017182,300.0,0,0,0,457.2563364522,OPTIMAL,236332160.3102712
2026-01-06 14:30:00,ZONE_A,1,0.8922849,0.6957426,1698.5448,2384.2972320066,685.7524320066,385.7524320066,0.6903735545198991,0.886302821488425,300.0,0,0,0,385.7524320066,OPTIMAL,130932399.08797425
2026-01-06 14:45:00,ZONE_A,1,0.9039341,0.7379225,1757.9692999999995,2451.9635687439995,693.994268744,393.994268744,0.6884711085709375,0.8867551860012176,300.0,0,0,0,393.994268744,OPTIMAL,132598093.27240708
2026-01-06 15:00:00,ZONE_A,2,0.8877245,0.5592445,1841.72166,2371.78905461798,530.06739461798,230.06739461797997,0.7111160301461141,0.8625638576853728,300.0,0,0,0,230.06739461797997,OPTIMAL,46289175.698196344
2026-01-06 15:15:00,ZONE_A,2,0.84535164,0.84327877,1872.51184,2645.4354068483644,772.9235668483642,472.9235668483642,0.7108410209858393,0.9316763265354169,300.0,0,0,0,472.9235668483642,OPTIMAL,290611377.5900164
2026-01-06 15:30:00,ZONE_A,2,0.7982637,0.67637104,1938.3042,2516.814969537328,578.510769537328,278.510769537328,0.7106319094209328,0.8759207012511452,300.0,0,0,0,278.510769537328,OPTIMAL,93522561.78137518
2026-01-06 15:45:00,ZONE_A,1,0.54977083,0.73936576,1975.9487,2574.0853226559357,598.136622655936,298.136622655936,0.6977459112133989,0.8686420896636673,300.0,0,0,0,298.136622655936,OPTIMAL,68243679.83995312
2026-01-06 16:00:00,ZONE_A,1,0.6954309,0.69890904,2012.9326,2554.97290379008,542.04030379008,242.04030379007997,0.6985778781636235,0.8534465369254536,300.0,0,0,0,242.04030379007997,OPTIMAL,14498282.23523109
2026-01-06 16:15:00,ZONE_A,1,0.9164091,0.61894506,2069.1741,2514.826241261634,445.65214126163403,145.65214126163403,0.6898544324871151,0.817183616145068,300.0,0,0,0,145.65214126163403,OPTIMAL,1471521.4126163402
2026-01-06 16:30:00,ZONE_A,1,0.95620155,0.53457844,2103.65135,2470.06170341097,366.41035341097,66.41035341097,0.6865789325799583,0.7912676053448764,300.0,0,0,0,66.41035341097,OPTIMAL,679103.5341097
2026-01-06 16:45:00,ZONE_A,1,0.9841928,0.62007165,2156.9711500000003,2560.4340696093927,403.4629196093925,103.46291960939249,0.6978938288263196,0.8131689490961023,300.0,0,0,0,103.46291960939249,OPTIMAL,1049629.1960939248
2026-01-06 17:00:00,ZONE_A,1,0.98111606,0.45002538,2204.64085,2204.64085,0.0,0.0,0.6832139255103487,0.6832139255103487,0.0,0,0,0,0.0,OPTIMAL,0.0
2026-01-06 17:15:00,ZONE_A,1,0.9878177,0.20326953,2200.1647000000003,2200.1647000000003,0.0,0.0,0.680039226450404,0.680039226450404,0.0,0,0,0,0.0,OPTIMAL,0.0
2026-01-06 17:30:00,ZONE_A,1,0.9869298,0.7851103,2202.38683,2673.508886300051,471.12205630005104,171.12205630005104,0.6874756874055685,0.8220819896350574,300.0,0,0,0,171.12205630005104,OPTIMAL,1726220.5630005104
2026-01-06 17:45:00,ZONE_A,1,0.9830702,0.6008701,2208.0586000000003,2569.55983791496,361.50123791496,61.50123791495997,0.6826161792056734,0.7859022475232629,300.0,0,0,0,61.50123791495997,OPTIMAL,630012.3791495997
2026-01-06 18:00:00,ZONE_A,1,0.98839617,0.69040155,2211.09596,2621.833474950587,410.737514950587,110.73751495058701,0.6941465917314732,0.8115001678020914,300.0,0,0,0,110.73751495058701,OPTIMAL,1122375.1495058702
2026-01-06 18:15:00,ZONE_A,1,0.9867481,0.65173674,2198.1593000000003,2588.4572561639425,390.297956163942,90.29795616394199,0.6748337587614981,0.7863474608711473,300.0,0,0,0,90.29795616394199,OPTIMAL,917979.5616394199
2026-01-06 18:30:00,ZONE_A,1,0.9873726,0.7316547,2207.5475,2645.90290242536,438.35540242535996,138.35540242535996,0.6867099759169969,0.8119543770107078,300.0,0,0,0,138.35540242535996,OPTIMAL,1398554.0242535996
2026-01-06 18:45:00,ZONE_A,1,0.9867915,0.5722955,2202.20425,2544.495991280825,342.29174128082497,42.291741280824965,0.6831521442018277,0.7809497848759145,300.0,0,0,0,42.291741280824965,OPTIMAL,437917.41280824965
2026-01-06 19:00:00,ZONE_A,1,0.9903486,0.7369813,2204.83004,2647.083055290108,442.253015290108,142.253015290108,0.6742698446824862,0.800627849464221,300.0,0,0,0,142.253015290108,OPTIMAL,1437530.1529010802
2026-01-06 19:15:00,ZONE_A,1,0.98741,0.33690467,2205.5844,2205.5844,0.0,0.0,0.6875813625275132,0.6875813625275132,0.0,0,0,0,0.0,OPTIMAL,0.0
2026-01-06 19:30:00,ZONE_A,1,0.98581785,0.522496,2199.264,2512.370772992,313.10677299199995,13.106772991999946,0.6827822761906804,0.7722413544739418,300.0,0,0,0,13.106772991999946,OPTIMAL,146067.72991999946
2026-01-06 19:45:00,ZONE_A,1,0.9594193,0.53881127,2211.6003,2535.800023815888,324.199723815888,24.199723815887978,0.6954010133312584,0.7880295061424273,300.0,0,0,0,24.199723815887978,OPTIMAL,256997.23815887977
2026-01-06 20:00:00,ZONE_A,1,0.9606291,0.64328235,2074.1712,2458.47180692763,384.30060692763,84.30060692762999,0.6606859111716232,0.7704860849166069,300.0,0,0,0,84.30060692762999,OPTIMAL,858006.0692762999
2026-01-06 20:15:00,ZONE_A,0,0.8935511,0.72836417,2037.04724,2475.094891437643,438.0476514376432,138.0476514376432,0.6485044206512914,0.7736608928912231,300.0,0,0,0,138.0476514376432,OPTIMAL,1395476.514376432
2026-01-06 20:30:00,ZONE_A,1,0.71258104,0.72836417,2048.15066,2485.6974736670677,437.54681366706774,137.54681366706774,0.6675761162662028,0.7925894919937441,300.0,0,0,0,137.54681366706774,OPTIMAL,1390468.1366706775
2026-01-06 20:45:00,ZONE_A,0,0.9666027,0.6066404,2005.0327,2369.5789923305997,364.5462923306,64.54629233060001,0.6427758330320248,0.7469319168969982,300.0,0,0,0,64.54629233060001,OPTIMAL,660462.9233060001
2026-01-06 21:00:00,ZONE_A,0,0.9895371,0.6241513,1997.6999,2373.19250525163,375.49260525163,75.49260525162998,0.64807620419404,0.7553598060106835,300.0,0,0,0,75.49260525162998,OPTIMAL,769926.0525162998
2026-01-06 21:15:00,ZONE_A,0,0.9896511,0.6912623,1913.8281,2329.8552597188695,416.02715971887,116.02715971887,0.619578392710117,0.7384432958251059,300.0,0,0,0,116.02715971887,OPTIMAL,1175271.5971887
2026-01-06 21:30:00,ZONE_A,0,0.98863167,0.70208144,1871.8728,2293.930180986304,422.057380986304,122.057380986304,0.6078360526056197,0.728423876107317,300.0,0,0,0,122.057380986304,OPTIMAL,1235573.80986304
2026-01-06 21:45:00,ZONE_A,0,0.9896511,0.7000922,1874.4898,2295.35134617752,420.86154617752004,120.86154617752004,0.604705108740488,0.7249512651278207,300.0,0,0,0,120.86154617752004,OPTIMAL,1223615.4617752004
2026-01-06 22:00:00,ZONE_A,0,0.9896115,0.6912623,1832.01223,2247.417163784771,415.404933784771,115.404933784771,0.5981845359186001,0.7168716601943583,300.0,0,0,0,115.404933784771,OPTIMAL,1169049.3378477101
2026-01-06 22:15:00,ZONE_A,0,0.9902166,0.6659089,1798.2713,2195.6494394849506,397.37813948495,97.37813948495,0.5898568885723082,0.703393500152172,300.0,0,0,0,97.37813948495,OPTIMAL,988781.3948494999
2026-01-06 22:30:00,ZONE_A,0,0.99275404,0.8593175,1764.48806,2281.2690928371994,516.7810328372,216.78103283719997,0.5833674599378157,0.7310191839820923,300.0,0,0,0,216.78103283719997,OPTIMAL,2182810.328372
2026-01-06 22:45:00,ZONE_A,0,0.99561787,0.48833427,1759.32746,1759.32746,0.0,0.0,0.6035750548809751,0.6035750548809751,0.0,0,0,0,0.0,OPTIMAL,0.0
2026-01-06 23:00:00,ZONE_A,0,0.9944733,0.648204,1702.3851400000003,2094.1450919022404,391.75995190224,91.75995190224,0.5724492356440402,0.6843806507518159,300.0,0,0,0,91.75995190224,OPTIMAL,932599.5190224
2026-01-06 23:15:00,ZONE_A,0,0.9963644,0.6870829,1707.8224,2120.2402004773403,412.41780047734005,112.41780047734005,0.5723824556597829,0.6902161132263218,300.0,0,0,0,112.41780047734005,OPTIMAL,1139178.0047734005
2026-01-06 23:30:00,ZONE_A,0,0.9950001,0.64182526,1705.9976500000002,2094.198437976825,388.200787976825,88.20078797682498,0.5831454901923254,0.6940600013090634,300.0,0,0,0,88.20078797682498,OPTIMAL,897007.8797682498
2026-01-06 23:45:00,ZONE_A,0,0.9957088,0.73337555,1695.4743499999995,2136.269760996277,440.79541099627755,140.79541099627755,0.5660765340190204,0.69201808033565,300.0,0,0,0,140.79541099627755,OPTIMAL,1422954.1099627756
2026-01-07 00:00:00,ZONE_A,0,0.9965268,0.6617802,1681.8803000000005,2078.6387730444203,396.75847304442004,96.75847304442004,0.5631507925063561,0.6765103564984704,300.0,0,0,0,96.75847304442004,OPTIMAL,982584.7304442005
2026-01-07 00:15:00,ZONE_A,0,0.9963644,0.6278081,1692.2005,2068.92641864974,376.72591864974,76.72591864973998,0.5725960999437115,0.680232076952491,300.0,0,0,0,76.72591864973998,OPTIMAL,782259.1864973998
2026-01-07 00:30:00,ZONE_A,0,0.9949892,0.46268588,1680.4977,1680.4977,0.0,0.0,0.5636687359901017,0.5636687359901017,0.0,0,0,0,0.0,OPTIMAL,0.0
2026-01-07 00:45:00,ZONE_A,0,0.9963037,0.78521377,1675.7029,2148.112866436771,472.409966436771,172.40996643677101,0.5570680098030821,0.6920422862389293,300.0,0,0,0,172.40996643677101,OPTIMAL,1739099.6643677102
2026-01-07 01:00:00,ZONE_A,0,0.99637246,0.7241643,1683.2656000000002,2117.58900465583,434.32340465583,134.32340465583002,0.5608354321919222,0.6849278338062217,300.0,0,0,0,134.32340465583002,OPTIMAL,1358234.0465583003
2026-01-07 01:15:00,ZONE_A,0,0.9963644,0.6278081,1690.737,2067.45777062332,376.72077062332,76.72077062331999,0.5703090425575116,0.6779435487017219,300.0,0,0,0,76.72077062331999,OPTIMAL,782207.7062331999
2026-01-07 01:30:00,ZONE_A,0,0.9963037,0.7624587,1682.6788,2141.13545683864,458.45665683864,158.45665683864001,0.5645818926378896,0.6955695091777033,300.0,0,0,0,158.45665683864001,OPTIMAL,1599566.5683864001
2026-01-07 01:45:00,ZONE_A,0,0.99693054,0.74519765,1701.0693499999998,2148.096019869872,447.02666986987253,147.02666986987253,0.5785152189766675,0.7062371249421295,300.0,0,0,0,147.02666986987253,OPTIMAL,1485266.6986987253
2026-01-07 02:00:00,ZONE_A,0,0.99602854,0.5147597,1680.83907,1991.281394838191,310.44232483819104,10.442324838191041,0.5624843954540723,0.6511822027526676,300.0,0,0,0,10.442324838191041,OPTIMAL,119423.24838191041
2026-01-07 02:15:00,ZONE_A,0,0.9965708,0.64780694,1689.9926999999998,2076.056225804924,386.06352580492404,86.06352580492404,0.5611328382467992,0.6714367030191969,300.0,0,0,0,86.06352580492404,OPTIMAL,875635.2580492405
2026-01-07 02:30:00,ZONE_A,0,0.9963535,0.6735734,1677.9629,2082.86545100574,404.90255100573995,104.90255100573995,0.5584226830734632,0.6741091264836508,300.0,0,0,0,104.90255100573995,OPTIMAL,1064025.5100573995
2026-01-07 02:45:00,ZONE_A,0,0.99637246,0.5188612,1675.98833,1987.353029095164,311.36469909516404,11.364699095164042,0.5572669027999808,0.6462282456096656,300.0,0,0,0,11.364699095164042,OPTIMAL,128646.99095164042
2026-01-07 03:00:00,ZONE_A,0,0.99654096,0.78587633,1697.8365299999998,2167.253405292155,469.4168752921551,169.4168752921551,0.5743083973827414,0.7084275049156185,300.0,0,0,0,169.4168752921551,OPTIMAL,1709168.7529215512
2026-01-07 03:15:00,ZONE_A,0,0.9970202,0.7624587,1679.6398,2137.34886608329,457.70906608329,157.70906608329,0.566180534725311,0.696954553904232,300.0,0,0,0,157.70906608329,OPTIMAL,1592090.6608328999
2026-01-07 03:30:00,ZONE_A,0,0.9968821,0.6579214,1674.4451400000005,2070.2229294322046,395.777789432204,95.77778943220397,0.5592253430300168,0.6723047116952986,300.0,0,0,0,95.77778943220397,OPTIMAL,972777.8943220398
2026-01-07 03:45:00,ZONE_A,0,0.9959215,0.6305466,1681.1592,2061.74224686024,380.58304686024,80.58304686024002,0.5685847485318479,0.6773227621660941,300.0,0,0,0,80.58304686024002,OPTIMAL,820830.4686024002
2026-01-07 04:00:00,ZONE_A,0,0.9963037,0.7612535,1679.2625000000005,2137.1045627613003,457.8420627613,157.84206276129999,0.5715639234366875,0.7023759416757805,300.0,0,0,0,157.84206276129999,OPTIMAL,1593420.6276129999
2026-01-07 04:15:00,ZONE_A,0,0.9963037,0.7174319,1682.8439,2113.57717072899,430.73327072899,130.73327072899002,0.5623284333810613,0.6853950824444546,300.0,0,0,0,130.73327072899002,OPTIMAL,1322332.7072899002
2026-01-07 04:30:00,ZONE_A,0,0.9971603,0.75927275,1681.1949,2136.838956984225,455.6440569842251,155.64405698422507,0.5661730094760596,0.6963570260526196,300.0,0,0,0,155.64405698422507,OPTIMAL,1571440.5698422508
2026-01-07 04:45:00,ZONE_A,0,0.99302566,0.47059625,1677.5768000000005,1677.5768000000005,0.0,0.0,0.567611330237611,0.567611330237611,0.0,0,0,0,0.0,OPTIMAL,0.0
2026-01-07 05:00:00,ZONE_A,0,0.9952062,0.62174857,1950.22397,2322.673143282407,372.44917328240706,72.44917328240706,0.6253898063725177,0.7318038561301548,300.0,0,0,0,72.44917328240706,OPTIMAL,739491.7328240706
2026-01-07 05:15:00,ZONE_A,0,0.9725073,0.35435736,1980.5728,1980.5728,0.0,0.0,0.6316507155937714,0.6316507155937714,0.0,0,0,0,0.0,OPTIMAL,0.0
2026-01-07 05:30:00,ZONE_A,0,0.99493563,0.3219121,1974.3179,1974.3179,0.0,0.0,0.6320118835204803,0.6320118835204803,0.0,0,0,0,0.0,OPTIMAL,0.0
2026-01-07 05:45:00,ZONE_A,0,0.9936435,0.7047313,1997.2683,2420.6241413548096,423.35584135480997,123.35584135480997,0.642181803583304,0.7631406156787095,300.0,0,0,0,123.35584135480997,OPTIMAL,1248558.4135480996
2026-01-07 06:00:00,ZONE_A,1,0.9951815,0.74935365,2087.1621,2549.7059608734153,462.54386087341504,162.54386087341504,0.6584812742056391,0.7906366633793959,300.0,0,0,0,162.54386087341504,OPTIMAL,1640438.6087341504
2026-01-07 06:15:00,ZONE_A,1,0.99558556,0.5416224,2117.491,2452.51548936352,335.02448936352,35.02448936351999,0.6744741833271851,0.770195466262342,300.0,0,0,0,35.02448936351999,OPTIMAL,365244.89363519993
2026-01-07 06:30:00,ZONE_A,1,0.9960217,0.63984644,2069.0765,2487.486675614832,418.41017561483204,118.41017561483204,0.6626793755982612,0.7822251403845049,300.0,0,0,0,118.41017561483204,OPTIMAL,1199101.7561483204
2026-01-07 06:45:00,ZONE_A,1,0.9914676,0.63576984,2056.5951,2503.285590890352,446.690490890352,146.690490890352,0.6917655151486619,0.8193913700454404,300.0,0,0,0,146.690490890352,OPTIMAL,1481904.90890352
2026-01-07 07:00:00,ZONE_A,1,0.8551376,0.49476132,2015.7697,2015.7697,0.0,0.0,0.6947339086899189,0.6947339086899189,0.0,0,0,0,0.0,OPTIMAL,0.0
2026-01-07 07:15:00,ZONE_A,2,0.76592433,0.33554456,2087.34245,2087.34245,0.0,0.0,0.7190738481450099,0.7190738481450099,0.0,0,0,0,0.0,OPTIMAL,0.0
2026-01-07 07:30:00,ZONE_A,2,0.9215169,0.43882865,2000.5899,2000.5899,0.0,0.0,0.7169232893512144,0.7169232893512144,0.0,0,0,0,0.0,OPTIMAL,0.0
2026-01-07 07:45:00,ZONE_A,2,0.9824247,0.79196805,2045.8821,2717.982221776275,672.100121776275,372.10012177627505,0.7295040901307445,0.9215326969755325,300.0,0,0,0,372.10012177627505,OPTIMAL,254100439.81987375
2026-01-07 08:00:00,ZONE_A,2,0.9492642,0.8743714,2090.1717,2832.76186470044,742.59016470044,442.59016470044,0.7456847101008158,0.9578533292816843,300.0,0,0,0,442.59016470044,OPTIMAL,381927552.8963173
2026-01-07 08:15:00,ZONE_A,2,0.95441234,0.7799113,2111.2177500000003,2768.3376701719253,657.119920171925,357.11992017192495,0.7408533086894328,0.9286018579783027,300.0,0,0,0,357.11992017192495,OPTIMAL,278692701.1464947
2026-01-07 08:30:00,ZONE_A,3,0.91810703,0.84477216,2247.29256,2995.8204529425984,748.5278929425984,448.52789294259844,0.8089974780724504,1.0228625910972666,300.0,0,0,0,448.52789294259844,OPTIMAL,609519345.6325619
2026-01-07 08:45:00,ZONE_A,3,0.9305922,0.7199921,2090.72794,2764.423367182956,673.695427182956,373.695427182956,0.7587805376619408,0.9512649461400978,300.0,0,0,0,373.695427182956,OPTIMAL,358179264.4518846
2026-01-07 09:00:00,ZONE_A,1,0.93731254,0.56591946,1853.589,2337.992798470194,484.40379847019403,184.40379847019403,0.6747412191422036,0.8131423049636126,300.0,0,0,0,184.40379847019403,OPTIMAL,1859037.9847019403
2026-01-07 09:15:00,ZONE_A,1,0.9415417,0.67604923,1912.8735300000003,2456.412696318528,543.539166318528,243.53916631852803,0.6788832622085073,0.8341801674702063,300.0,0,0,0,243.53916631852803,OPTIMAL,2450391.6631852803
2026-01-07 09:30:00,ZONE_A,1,0.92252415,0.8769249,1795.898,2582.2661978916203,786.36819789162,486.36819789161996,0.6879859317119009,0.9126625608572371,300.0,0,0,0,486.36819789161996,OPTIMAL,224197643.83099422
2026-01-07 09:45:00,ZONE_A,1,0.8847914,0.41997346,1787.5904999999998,1787.5904999999998,0.0,0.0,0.6826279783984174,0.6826279783984174,0.0,0,0,0,0.0,OPTIMAL,0.0
2026-01-07 10:00:00,ZONE_A,1,0.9663894,0.51528627,1955.6176,2336.819374652728,381.20177465272803,81.20177465272803,0.6657441245271587,0.7746589176199368,300.0,0,0,0,81.20177465272803,OPTIMAL,827017.7465272803
2026-01-07 10:15:00,ZONE_A,1,0.9286334,0.54721045,1863.42295,2326.4160974741726,462.9931474741725,162.99314747417247,0.6937188609409818,0.8260026177741231,300.0,0,0,0,162.99314747417247,OPTIMAL,1644931.4747417248
2026-01-07 10:30:00,ZONE_A,2,0.8717306,0.7278557,1823.51456,2498.522797518758,675.0082375187579,375.00823751875794,0.7210204484189292,0.9138799454709716,300.0,0,0,0,375.00823751875794,OPTIMAL,227344890.80701822
2026-01-07 10:45:00,ZONE_A,2,0.9021673,0.48880997,1797.8600600000002,1797.8600600000002,0.0,0.0,0.7110378681886858,0.7110378681886858,0.0,0,0,0,0.0,OPTIMAL,0.0
2026-01-07 11:00:00,ZONE_A,2,0.8680672,0.4084314,1872.7075,1872.7075,0.0,0.0,0.7026648142811814,0.7026648142811814,0.0,0,0,0,0.0,OPTIMAL,0.0
2026-01-07 11:15:00,ZONE_A,1,0.9279101,0.48039365,1792.23625,1792.23625,0.0,0.0,0.678415442090642,0.678415442090642,0.0,0,0,0,0.0,OPTIMAL,0.0
2026-01-07 11:30:00,ZONE_A,1,0.8020095,0.5716347,1814.2444,2334.39116228242,520.14676228242,220.14676228242,0.675558843659444,0.8241722048442675,300.0,0,0,0,220.14676228242,OPTIMAL,2216467.6228242
2026-01-07 11:45:00,ZONE_A,1,0.96568364,0.4371087,1941.2167,1941.2167,0.0,0.0,0.6677880921659324,0.6677880921659324,0.0,0,0,0,0.0,OPTIMAL,0.0
2026-01-07 12:00:00,ZONE_A,1,0.95437384,0.48039365,1775.8948699999996,1775.8948699999996,0.0,0.0,0.6719883920845949,0.6719883920845949,0.0,0,0,0,0.0,OPTIMAL,0.0
2026-01-07 12:15:00,ZONE_A,1,0.9308251,0.6892133,1865.0316,2442.3937141269403,577.36211412694,277.36211412694,0.6852937429763502,0.8502543475255806,300.0,0,0,0,277.36211412694,OPTIMAL,3678837.4780332427
2026-01-07 12:30:00,ZONE_A,1,0.93445957,0.53472376,1766.4118,2258.926712225392,492.514912225392,192.51491222539198,0.6941299735735068,0.8348485203573448,300.0,0,0,0,192.51491222539198,OPTIMAL,1940149.1222539197
2026-01-07 12:45:00,ZONE_A,1,0.67481816,0.5102761,1758.99813,2240.996856389337,481.998726389337,181.99872638933698,0.7212603393919422,0.8589742616320036,300.0,0,0,0,181.99872638933698,OPTIMAL,33244902.88135792
2026-01-07 13:00:00,ZONE_A,1,0.89337546,0.4694784,1769.71677,1769.71677,0.0,0.0,0.6848750842553845,0.6848750842553845,0.0,0,0,0,0.0,OPTIMAL,0.0
2026-01-07 13:15:00,ZONE_A,1,0.95629215,0.55817866,1778.7686,2276.2221104927444,497.45351049274404,197.45351049274404,0.6833589797327478,0.8254885546108722,300.0,0,0,0,197.45351049274404,OPTIMAL,1989535.1049274404
2026-01-07 13:30:00,ZONE_A,1,0.90434456,0.57711685,1736.2500000000002,2286.66434589072,550.41434589072,250.41434589072003,0.6945052925265152,0.851766534723722,300.0,0,0,0,250.41434589072003,OPTIMAL,8702014.971720194
2026-01-07 13:45:00,ZONE_A,1,0.97049314,0.6290743,1830.5566,2363.38592910122,532.82932910122,232.82932910121997,0.6810475714765989,0.8332845231945378,300.0,0,0,0,232.82932910121997,OPTIMAL,2343293.2910121996
2026-01-07 14:00:00,ZONE_A,1,0.962844,0.46056357,1937.5857,1937.5857,0.0,0.0,0.6767983216866669,0.6767983216866669,0.0,0,0,0,0.0,OPTIMAL,0.0
2026-01-07 14:15:00,ZONE_A,1,0.96390647,0.65088505,1839.9747,2387.9979772738147,548.023277273815,248.02327727381498,0.673825880342099,0.8304039600576861,300.0,0,0,0,248.02327727381498,OPTIMAL,2495232.77273815
2026-01-07 14:30:00,ZONE_A,1,0.9747492,0.6493881,1860.85226,2388.990990843794,528.1387308437941,228.13873084379406,0.6705216817579068,0.8214184624929334,300.0,0,0,0,228.13873084379406,OPTIMAL,2296387.3084379407
2026-01-07 14:45:00,ZONE_A,1,0.9686668,0.4692708,1958.3881,1958.3881,0.0,0.0,0.6815041017963762,0.6815041017963762,0.0,0,0,0,0.0,OPTIMAL,0.0
2026-01-07 15:00:00,ZONE_A,2,0.6065406,0.6771155,1993.6155,2531.49133848425,537.87583848425,237.87583848425004,0.6992778598814665,0.8529566713524555,300.0,0,0,0,237.87583848425004,OPTIMAL,12742108.086418513
2026-01-07 15:15:00,ZONE_A,2,0.59295595,0.74978036,2030.53307,2608.842358085175,578.3092880851748,278.3092880851748,0.7049114324612064,0.8701426581349727,300.0,0,0,0,278.3092880851748,OPTIMAL,73297396.13711672
2026-01-07 15:30:00,ZONE_A,1,0.9265206,0.50493187,2107.53354,2453.877448430052,346.3439084300522,46.34390843005218,0.6942630749253182,0.7932184776342442,300.0,0,0,0,46.34390843005218,OPTIMAL,478439.0843005218
2026-01-07 15:45:00,ZONE_A,1,0.926344,0.5218961,2106.188,2460.76149648028,354.57349648027997,54.57349648027997,0.6907788769428486,0.7920855905410071,300.0,0,0,0,54.57349648027997,OPTIMAL,560734.9648027997
2026-01-07 16:00:00,ZONE_A,1,0.97133595,0.53352696,2161.4728,2497.726405901032,336.253605901032,36.25360590103202,0.6887024299892825,0.7847748891376214,300.0,0,0,0,36.25360590103202,OPTIMAL,377536.05901032017
2026-01-07 16:15:00,ZONE_A,1,0.9646364,0.4661812,2260.9776,2260.9776,0.0,0.0,0.6889730450794411,0.6889730450794411,0.0,0,0,0,0.0,OPTIMAL,0.0
2026-01-07 16:30:00,ZONE_A,1,0.9920002,0.13251556,2386.43418,2386.43418,0.0,0.0,0.6814068576549704,0.6814068576549704,0.0,0,0,0,0.0,OPTIMAL,0.0
2026-01-07 16:45:00,ZONE_A,1,0.98936915,0.12425811,2403.25874,2403.25874,0.0,0.0,0.6866636602833877,0.6866636602833877,0.0,0,0,0,0.0,OPTIMAL,0.0
2026-01-07 17:00:00,ZONE_A,1,0.98284906,0.6172192,2312.37856,2614.004287718848,301.625727718848,1.6257277188479975,0.6847097369944352,0.7708885166195146,300.0,0,0,0,1.6257277188479975,OPTIMAL,31257.277188479973
2026-01-07 17:15:00,ZONE_A,1,0.9735752,0.04352102,2415.0364,2415.0364,0.0,0.0,0.6776432683787561,0.6776432683787561,0.0,0,0,0,0.0,OPTIMAL,0.0
2026-01-07 17:30:00,ZONE_A,1,0.98847127,0.16979441,2376.5502800000004,2376.5502800000004,0.0,0.0,0.6849047958622864,0.6849047958622864,0.0,0,0,0,0.0,OPTIMAL,0.0
2026-01-07 17:45:00,ZONE_A,1,0.98513424,0.16317649,2388.45676,2388.45676,0.0,0.0,0.6799241538369961,0.6799241538369961,0.0,0,0,0,0.0,OPTIMAL,0.0
2026-01-07 18:00:00,ZONE_A,1,0.9564513,0.027250161,2496.87363,2496.87363,0.0,0.0,0.6906411708647108,0.6906411708647108,0.0,0,0,0,0.0,OPTIMAL,0.0
2026-01-07 18:15:00,ZONE_A,1,0.9695394,0.018678978,2457.8782800000004,2457.8782800000004,0.0,0.0,0.68839575540512,0.68839575540512,0.0,0,0,0,0.0,OPTIMAL,0.0
2026-01-07 18:30:00,ZONE_A,1,0.9891306,0.4507269,2320.6290000000004,2320.6290000000004,0.0,0.0,0.6808255742788563,0.6808255742788563,0.0,0,0,0,0.0,OPTIMAL,0.0
2026-01-07 18:45:00,ZONE_A,1,0.9802824,0.19303878,2352.55268,2352.55268,0.0,0.0,0.6893160411608226,0.6893160411608226,0.0,0,0,0,0.0,OPTIMAL,0.0
2026-01-07 19:00:00,ZONE_A,1,0.9792413,0.14534444,2389.59652,2389.59652,0.0,0.0,0.6852170839983316,0.6852170839983316,0.0,0,0,0,0.0,OPTIMAL,0.0
2026-01-07 19:15:00,ZONE_A,1,0.9708491,0.015760135,2489.21076,2489.21076,0.0,0.0,0.6880899097252939,0.6880899097252939,0.0,0,0,0,0.0,OPTIMAL,0.0
2026-01-07 19:30:00,ZONE_A,1,0.97883314,0.028108813,2476.40808,2476.40808,0.0,0.0,0.6858787485898011,0.6858787485898011,0.0,0,0,0,0.0,OPTIMAL,0.0
2026-01-07 19:45:00,ZONE_A,1,0.9684939,0.028108813,2473.39758,2473.39758,0.0,0.0,0.6849701050396955,0.6849701050396955,0.0,0,0,0,0.0,OPTIMAL,0.0
2026-01-07 20:00:00,ZONE_A,0,0.98289883,0.02928956,2343.31778,2343.31778,0.0,0.0,0.63924538001565,0.63924538001565,0.0,0,0,0,0.0,OPTIMAL,0.0
2026-01-07 20:15:00,ZONE_A,0,0.9893986,0.37300566,2227.42845,2227.42845,0.0,0.0,0.6388623502794962,0.6388623502794962,0.0,0,0,0,0.0,OPTIMAL,0.0
2026-01-07 20:30:00,ZONE_A,0,0.9870007,0.0548347,2284.85285,2284.85285,0.0,0.0,0.6306502336597395,0.6306502336597395,0.0,0,0,0,0.0,OPTIMAL,0.0
2026-01-07 20:45:00,ZONE_A,0,0.9926374,0.07138733,2301.98397,2301.98397,0.0,0.0,0.6173805200374431,0.6173805200374431,0.0,0,0,0,0.0,OPTIMAL,0.0
2026-01-07 21:00:00,ZONE_A,0,0.9954163,0.12798086,2260.12794,2260.12794,0.0,0.0,0.627180470171262,0.627180470171262,0.0,0,0,0,0.0,OPTIMAL,0.0
2026-01-07 21:15:00,ZONE_A,0,0.99621105,0.5211009,2073.97816,2305.2565694378864,231.278409437886,0.0,0.6057320280995488,0.6718115738362067,231.278409437886,0,0,0,0.0,OPTIMAL,11563.9204718943
2026-01-07 21:30:00,ZONE_A,0,0.9958335,0.09395157,2131.7061,2131.7061,0.0,0.0,0.6013944871827422,0.6013944871827422,0.0,0,0,0,0.0,OPTIMAL,0.0
2026-01-07 21:45:00,ZONE_A,0,0.99563885,0.5946051,2023.03337,2294.518541159213,271.485171159213,0.0,0.6040998082729703,0.6816670002354722,271.485171159213,0,0,0,0.0,OPTIMAL,13574.25855796065
2026-01-07 22:00:00,ZONE_A,0,0.9963211,0.6484247,2073.8738000000003,2355.84854315164,281.97474315164,0.0,0.6226783876776222,0.7032426002227565,281.97474315164,0,0,0,0.0,OPTIMAL,14098.737157582
2026-01-07 22:15:00,ZONE_A,0,0.9959794,0.66352755,1825.2691,2210.232324318085,384.963224318085,84.963224318085,0.5860881099457946,0.6960776028870761,300.0,0,0,0,84.963224318085,OPTIMAL,864632.2431808499
2026-01-07 22:30:00,ZONE_A,0,0.99598616,0.65154153,1815.6386,2179.8464060208203,364.20780602082004,64.20780602082004,0.5830654308970923,0.6871248043069565,300.0,0,0,0,64.20780602082004,OPTIMAL,657078.0602082005
2026-01-07 22:45:00,ZONE_A,0,0.99593216,0.65154153,1799.1404,2183.8802994098633,384.739899409863,84.73989940986303,0.6055683782676707,0.7154940640910059,300.0,0,0,0,84.73989940986303,OPTIMAL,862398.9940986303
2026-01-07 23:00:00,ZONE_A,0,0.989691,0.65154153,1748.5067399999998,2129.7701180524277,381.2633780524278,81.26337805242781,0.5785153488024687,0.6874477428204329,300.0,0,0,0,81.26337805242781,OPTIMAL,827633.7805242781
2026-01-07 23:15:00,ZONE_A,0,0.9964646,0.6679409,1739.9635,2122.26094358498,382.29744358498,82.29744358497999,0.5796137332656216,0.688841574553793,300.0,0,0,0,82.29744358497999,OPTIMAL,837974.4358497999
2026-01-07 23:30:00,ZONE_A,0,0.9961301,0.77085507,1764.7299,2211.4613032373973,446.731403237397,146.731403237397,0.5899916386984555,0.7176291827867023,300.0,0,0,0,146.731403237397,OPTIMAL,1482314.03237397
2026-01-07 23:45:00,ZONE_A,0,0.99579597,0.84094346,1715.3939600000003,2211.4661202200086,496.0721602200084,196.0721602200084,0.5708774244200763,0.7126123276994182,300.0,0,0,0,196.0721602200084,OPTIMAL,1975721.6022000841
2026-01-08 00:00:00,ZONE_A,0,0.9964646,0.7268877,1730.8737,2146.09078063143,415.21708063143,115.21708063143001,0.5700463281109395,0.6886797800013851,300.0,0,0,0,115.21708063143001,OPTIMAL,1167170.8063143
2026-01-08 00:15:00,ZONE_A,0,0.9966869,0.73811424,1746.27896,2146.6005620110977,400.32160201109764,100.32160201109764,0.5602007588407577,0.6745783596874344,300.0,0,0,0,100.32160201109764,OPTIMAL,1018216.0201109764
2026-01-08 00:30:00,ZONE_A,0,0.9982096,0.5869848,1807.8336,2087.9646997915197,280.13109979152,0.0,0.5513625951129035,0.6314000523914043,280.13109979152,0,0,0,0.0,OPTIMAL,14006.554989576
2026-01-08 00:45:00,ZONE_A,0,0.9973363,0.6288533,1882.46793,2139.042132750291,256.57420275029097,0.0,0.5461256291763781,0.6194325444187196,256.57420275029097,0,0,0,0.0,OPTIMAL,12828.710137514548
2026-01-08 01:00:00,ZONE_A,0,0.9973279,0.5409521,1887.8296,2107.50067295783,219.67107295783,0.0,0.5548316529251395,0.6175948167733532,219.67107295783,0,0,0,0.0,OPTIMAL,10983.5536478915
2026-01-08 01:15:00,ZONE_A,0,0.99796116,0.58278155,1895.15285,2124.2964071146475,229.1435571146475,0.0,0.5448598309824435,0.6103294188783481,229.1435571146475,0,0,0,0.0,OPTIMAL,11457.177855732376
2026-01-08 01:30:00,ZONE_A,0,0.9972812,0.07519097,1960.5115,1960.5115,0.0,0.0,0.5425855609295865,0.5425855609295865,0.0,0,0,0,0.0,OPTIMAL,0.0
2026-01-08 01:45:00,ZONE_A,0,0.9976673,0.18026783,2027.64096,2027.64096,0.0,0.0,0.5361294137357074,0.5361294137357074,0.0,0,0,0,0.0,OPTIMAL,0.0
2026-01-08 02:00:00,ZONE_A,0,0.99795794,0.0012076222,2146.37095,2146.37095,0.0,0.0,0.542363625849936,0.542363625849936,0.0,0,0,0,0.0,OPTIMAL,0.0
2026-01-08 02:15:00,ZONE_A,0,0.99795794,0.0026696876,2127.49774,2127.49774,0.0,0.0,0.5615735374779245,0.5615735374779245,0.0,0,0,0,0.0,OPTIMAL,0.0
2026-01-08 02:30:00,ZONE_A,0,0.99734026,0.0033133451,2094.4339,2094.4339,0.0,0.0,0.5445574032024628,0.5445574032024628,0.0,0,0,0,0.0,OPTIMAL,0.0
2026-01-08 02:45:00,ZONE_A,0,0.9976737,0.01681386,2041.12517,2041.12517,0.0,0.0,0.5349964372016334,0.5349964372016334,0.0,0,0,0,0.0,OPTIMAL,0.0
2026-01-08 03:00:00,ZONE_A,0,0.9979645,0.0016245162,2112.24023,2112.24023,0.0,0.0,0.5309415373836174,0.5309415373836174,0.0,0,0,0,0.0,OPTIMAL,0.0
2026-01-08 03:15:00,ZONE_A,0,0.9969338,0.0048969663,2055.21008,2055.21008,0.0,0.0,0.5343105706441479,0.5343105706441479,0.0,0,0,0,0.0,OPTIMAL,0.0
2026-01-08 03:30:00,ZONE_A,0,0.9969312,0.10667792,2011.18453,2011.18453,0.0,0.0,0.5413924276985143,0.5413924276985143,0.0,0,0,0,0.0,OPTIMAL,0.0
2026-01-08 03:45:00,ZONE_A,0,0.9975496,0.19933286,2013.6872200000005,2013.6872200000005,0.0,0.0,0.5419210062792984,0.5419210062792984,0.0,0,0,0,0.0,OPTIMAL,0.0
2026-01-08 04:00:00,ZONE_A,0,0.9976083,0.25324014,2044.27119,2044.27119,0.0,0.0,0.5513611731970183,0.5513611731970183,0.0,0,0,0,0.0,OPTIMAL,0.0
2026-01-08 04:15:00,ZONE_A,0,0.9973334,0.61910915,2005.26962,2180.844257328277,175.574637328277,0.0,0.542337905725756,0.5925020879272697,175.574637328277,0,0,0,0.0,OPTIMAL,8778.73186641385
2026-01-08 04:30:00,ZONE_A,0,0.99768937,0.10897569,1946.32456,1946.32456,0.0,0.0,0.5455435560363366,0.5455435560363366,0.0,0,0,0,0.0,OPTIMAL,0.0
2026-01-08 04:45:00,ZONE_A,0,0.99737215,0.098604545,1959.54687,1959.54687,0.0,0.0,0.549097783061506,0.549097783061506,0.0,0,0,0,0.0,OPTIMAL,0.0
2026-01-08 05:00:00,ZONE_A,0,0.99796116,0.52390057,1985.24488,2210.7424881577535,225.4976081577534,0.0,0.6118810171029351,0.676308905291615,225.4976081577534,0,0,0,0.0,OPTIMAL,11274.880407887671
2026-01-08 05:15:00,ZONE_A,0,0.9980609,0.6373592,2164.81776,2439.215580355968,274.397820355968,0.0,0.6310889567034271,0.7094883341192936,274.397820355968,0,0,0,0.0,OPTIMAL,13719.8910177984
2026-01-08 05:30:00,ZONE_A,0,0.9916889,0.70099103,2204.62117,2486.545483078719,281.92431307871885,0.0,0.6431351687108321,0.7236849726248533,281.92431307871885,0,0,0,0.0,OPTIMAL,14096.215653935942
2026-01-08 05:45:00,ZONE_A,0,0.97866917,0.23996596,2190.4373,2190.4373,0.0,0.0,0.6405663931371226,0.6405663931371226,0.0,0,0,0,0.0,OPTIMAL,0.0
2026-01-08 06:00:00,ZONE_A,0,0.81787485,0.061381068,2263.35308,2263.35308,0.0,0.0,0.6432622915570728,0.6432622915570728,0.0,0,0,0,0.0,OPTIMAL,0.0
2026-01-08 06:15:00,ZONE_A,1,0.99291927,0.35589266,2291.3156500000005,2291.3156500000005,0.0,0.0,0.6642273385149531,0.6642273385149531,0.0,0,0,0,0.0,OPTIMAL,0.0
2026-01-08 06:30:00,ZONE_A,1,0.994626,0.45285302,2255.6234600000003,2255.6234600000003,0.0,0.0,0.6773009504381342,0.6773009504381342,0.0,0,0,0,0.0,OPTIMAL,0.0
2026-01-08 06:45:00,ZONE_A,1,0.99619114,0.42434227,2130.0401300000003,2130.0401300000003,0.0,0.0,0.6790696393436865,0.6790696393436865,0.0,0,0,0,0.0,OPTIMAL,0.0
2026-01-08 07:00:00,ZONE_A,1,0.98857355,0.45620564,2202.1011,2202.1011,0.0,0.0,0.6990411730329714,0.6990411730329714,0.0,0,0,0,0.0,OPTIMAL,0.0
2026-01-08 07:15:00,ZONE_A,2,0.9053353,0.3993652,2059.6567,2059.6567,0.0,0.0,0.7176286296677847,0.7176286296677847,0.0,0,0,0,0.0,OPTIMAL,0.0
2026-01-08 07:30:00,ZONE_A,2,0.93926495,0.60782224,1947.47664,2492.9088810800863,545.4322410800863,245.43224108008633,0.7231012522049931,0.878939035853652,300.0,0,0,0,245.43224108008633,OPTIMAL,103755947.58470951
2026-01-08 07:45:00,ZONE_A,3,0.87830496,0.74459666,1902.7842000000005,2679.1052942152924,776.321094215292,476.32109421529196,0.7642070386942391,0.9860130663040284,300.0,0,0,0,476.32109421529196,OPTIMAL,480823941.52292204
2026-01-08 08:00:00,ZONE_A,3,0.8784972,0.83527845,1809.4354,2750.9403868787504,941.50498687875,641.50498687875,0.7641886768252906,1.0331901025416053,300.0,0,0,0,641.50498687875,OPTIMAL,647595406.6339971
2026-01-08 08:15:00,ZONE_A,3,0.98265666,0.8545997,1800.3277000000005,2816.6288584960707,1016.3011584960699,716.3011584960699,0.7999209184370168,1.0902926790356555,300.0,0,0,0,716.3011584960699,OPTIMAL,848202385.231321
2026-01-08 08:30:00,ZONE_A,3,0.978135,0.8130527,1724.7130000000002,2745.10836692225,1020.3953669222499,720.3953669222499,0.7708018916579312,1.0623434261171698,300.0,0,0,0,720.3953669222499,OPTIMAL,750420942.3952957
2026-01-08 08:45:00,ZONE_A,3,0.9415891,0.90798664,1765.9136,2920.517492505096,1154.603892505096,854.6038925050959,0.8025670552018073,1.1324538830308875,300.0,0,0,0,854.6038925050959,OPTIMAL,997149625.3405446
2026-01-08 09:00:00,ZONE_A,2,0.98407817,0.90511817,1348.5335000000002,2571.2646052629093,1222.731105262909,922.7311052629091,0.7195467919191961,1.0688985377615157,300.0,0,0,0,922.7311052629091,OPTIMAL,775387189.9689598
2026-01-08 09:15:00,ZONE_A,2,0.98185605,0.84063,1340.9569,2476.9238407029998,1135.9669407029999,835.9669407029999,0.7224696793734128,1.0470316640535813,300.0,0,0,0,835.9669407029999,OPTIMAL,697985490.147873
2026-01-08 09:30:00,ZONE_A,2,0.9697049,0.86310315,1429.4846,2507.6759895307105,1078.1913895307102,778.1913895307102,0.7106105830596929,1.0186652671268073,300.0,0,0,0,778.1913895307102,OPTIMAL,598125346.2635071
2026-01-08 09:45:00,ZONE_A,2,0.9859219,0.9620006,1367.3737,2665.5196280539203,1298.14592805392,998.14592805392,0.7349221766892114,1.1058210151546524,300.0,0,0,0,998.14592805392,OPTIMAL,905370007.786746
2026-01-08 10:00:00,ZONE_A,3,0.49927044,0.9376932,1784.97293,2634.0158365866437,849.042906586644,549.042906586644,0.980643414561995,1.2232271030231492,300.0,0,0,0,549.042906586644,OPTIMAL,1311800284.9890895
2026-01-08 10:15:00,ZONE_A,3,0.79789484,0.9571227,1753.0768000000005,2662.4175420092506,909.34074200925,609.34074200925,0.9821792054076944,1.2419908469179217,300.0,0,0,0,609.34074200925,OPTIMAL,1378076366.6893299
2026-01-08 10:30:00,ZONE_A,3,0.80857015,0.9324478,1694.5789,2630.75080326842,936.1719032684201,636.1719032684201,0.9775800095776052,1.245057697150008,300.0,0,0,0,636.1719032684201,OPTIMAL,1389078654.2797148
2026-01-08 10:45:00,ZONE_A,3,0.55333817,0.9324966,1617.8876999999998,2615.21360837418,997.3259083741801,697.3259083741801,0.9799752264010542,1.2649254870115025,300.0,0,0,0,697.3259083741801,OPTIMAL,1459227458.1454613
2026-01-08 11:00:00,ZONE_A,3,0.9060532,0.9584829,1775.86806,2644.5103833082258,868.642323308226,568.642323308226,0.97781242159285,1.225995955359715,300.0,0,0,0,568.642323308226,OPTIMAL,1321687199.005625
2026-01-08 11:15:00,ZONE_A,3,0.91638255,0.97409904,1624.0446,2665.197403386768,1041.152803386768,741.152803386768,0.9720185499381451,1.2694907961696449,300.0,0,0,0,741.152803386768,OPTIMAL,1475644232.2397277
2026-01-08 11:30:00,ZONE_A,3,0.84158474,0.97409904,1605.9030999999998,2666.09837069992,1060.1952706999202,760.1952706999202,0.9726613186238172,1.2755742666203516,300.0,0,0,0,760.1952706999202,OPTIMAL,1497126819.4415364
2026-01-08 11:45:00,ZONE_A,3,0.8434777,0.9739934,1676.3056,2682.98251732908,1006.67691732908,706.67691732908,0.9575953913054719,1.2452173820485157,300.0,0,0,0,706.67691732908,OPTIMAL,1390342537.2656255
2026-01-08 12:00:00,ZONE_A,3,0.9381366,0.97439855,1752.4178,2651.6797957305153,899.261995730515,599.261995730515,0.9830975693351622,1.2400295796953007,300.0,0,0,0,599.261995730515,OPTIMAL,1371111087.365293
2026-01-08 12:15:00,ZONE_A,3,0.92503184,0.9772059,1653.8575999999998,2648.50936149152,994.65176149152,694.65176149152,0.962485492550876,1.2466717202761173,300.0,0,0,0,694.65176149152,OPTIMAL,1395312488.9644947
2026-01-08 12:30:00,ZONE_A,3,0.92809296,0.9683233,1682.30246,2633.700669436892,951.398209436892,651.398209436892,0.9714294752986132,1.24325754508071,300.0,0,0,0,651.398209436892,OPTIMAL,1382930339.5305514
2026-01-08 12:45:00,ZONE_A,3,0.9006807,0.97680116,1735.6317599999998,2651.644278562462,916.0125185624623,616.0125185624623,0.9599818223177006,1.2216996909360383,300.0,0,0,0,616.0125185624623,OPTIMAL,1307124012.7823386
2026-01-08 13:00:00,ZONE_A,3,0.94153196,0.97439855,1725.3661000000002,2654.6824446067153,929.316344606715,629.316344606715,0.9778345991642492,1.2433535704750895,300.0,0,0,0,629.316344606715,OPTIMAL,1383045578.6568413
2026-01-08 13:15:00,ZONE_A,2,0.9454003,0.91533375,1421.5386,2569.914583615875,1148.375983615875,848.3759836158749,0.7225406970387064,1.0506481296751033,300.0,0,0,0,848.3759836158749,OPTIMAL,710767194.9791056
2026-01-08 13:30:00,ZONE_A,2,0.9139765,0.94948417,1448.9656,2616.934053184028,1167.968453184028,867.968453184028,0.7219407073237402,1.0556459913420884,300.0,0,0,0,867.968453184028,OPTIMAL,728455629.0367187
2026-01-08 13:45:00,ZONE_A,2,0.9334989,0.9669754,1469.3617,2640.27733682962,1170.9156368296199,870.9156368296199,0.7229658052615402,1.0575131384298868,300.0,0,0,0,870.9156368296199,OPTIMAL,735020122.723749
2026-01-08 14:00:00,ZONE_A,2,0.8928688,0.9663127,1494.1718999999998,2629.3381778292696,1135.16627782927,835.16627782927,0.7103702322164518,1.034703469085794,300.0,0,0,0,835.16627782927,OPTIMAL,654828775.4132049
2026-01-08 14:15:00,ZONE_A,2,0.92145234,0.94972676,1433.7121,2613.961002902972,1180.248902902972,880.2489029029721,0.7058528643056813,1.043066837779037,300.0,0,0,0,880.2489029029721,OPTIMAL,684551418.8202251
2026-01-08 14:30:00,ZONE_A,2,0.9152874,0.95781523,1482.6517,2640.5546273285227,1157.902927328523,857.902927328523,0.7090410344942042,1.0398704434921338,300.0,0,0,0,857.902927328523,OPTIMAL,673140579.105808
2026-01-08 14:45:00,ZONE_A,2,0.7309256,0.93594474,1539.5712000000003,2627.9879833536543,1088.416783353654,788.416783353654,0.6979146481867436,1.0088908731245927,300.0,0,0,0,788.416783353654,OPTIMAL,564017221.7622126
2026-01-08 15:00:00,ZONE_A,2,0.8967394,0.80231297,1757.5852000000002,2586.8767459292203,829.29154592922,529.29154592922,0.7176536006932664,0.9545940432054097,300.0,0,0,0,529.29154592922,OPTIMAL,371387065.41427094
2026-01-08 15:15:00,ZONE_A,2,0.92912614,0.8447092,1799.4305999999997,2637.0082581080796,837.5776581080801,537.5776581080801,0.7151701599815772,0.9544780631117369,300.0,0,0,0,537.5776581080801,OPTIMAL,371063996.2289956
2026-01-08 15:30:00,ZONE_A,2,0.8821626,0.7748049,1863.82695,2580.6151176721646,716.7881676721651,416.78816767216506,0.7193611590998837,0.9241577791386557,300.0,0,0,0,416.78816767216506,OPTIMAL,263735107.76995888
2026-01-08 15:45:00,ZONE_A,2,0.7963816,0.8422849,1940.27627,2654.822625732267,714.546355732267,414.546355732267,0.7112924281809715,0.9154485304945846,300.0,0,0,0,414.546355732267,OPTIMAL,233230319.53007394
2026-01-08 16:00:00,ZONE_A,1,0.6507221,0.65270567,2027.375,2525.933913279914,498.558913279914,198.558913279914,0.6979126033021803,0.8403580076009473,300.0,0,0,0,198.558913279914,OPTIMAL,2000589.1327991402
2026-01-08 16:15:00,ZONE_A,1,0.90195864,0.4977793,2115.4256,2115.4256,0.0,0.0,0.6864487519452825,0.6864487519452825,0.0,0,0,0,0.0,OPTIMAL,0.0
2026-01-08 16:30:00,ZONE_A,1,0.972757,0.50989485,2217.53347,2509.5261988549255,291.99272885492553,0.0,0.6895609410645036,0.7729874353203273,291.99272885492553,0,0,0,0.0,OPTIMAL,14599.636442746276
2026-01-08 16:45:00,ZONE_A,1,0.9785727,0.4873898,2312.74427,2312.74427,0.0,0.0,0.6825640941983514,0.6825640941983514,0.0,0,0,0,0.0,OPTIMAL,0.0
2026-01-08 17:00:00,ZONE_A,1,0.9869806,0.029688912,2451.2809500000003,2451.2809500000003,0.0,0.0,0.6924730972495091,0.6924730972495091,0.0,0,0,0,0.0,OPTIMAL,0.0
2026-01-08 17:15:00,ZONE_A,1,0.975723,0.027771099,2454.52716,2454.52716,0.0,0.0,0.6796163071853273,0.6796163071853273,0.0,0,0,0,0.0,OPTIMAL,0.0
2026-01-08 17:30:00,ZONE_A,1,0.9798514,0.054529604,2550.14856,2550.14856,0.0,0.0,0.6835178114982549,0.6835178114982549,0.0,0,0,0,0.0,OPTIMAL,0.0
2026-01-08 17:45:00,ZONE_A,1,0.98311424,0.027250161,2485.6308,2485.6308,0.0,0.0,0.6878163127849943,0.6878163127849943,0.0,0,0,0,0.0,OPTIMAL,0.0
2026-01-08 18:00:00,ZONE_A,1,0.9747585,0.061258882,2441.7128,2441.7128,0.0,0.0,0.6770516648749546,0.6770516648749546,0.0,0,0,0,0.0,OPTIMAL,0.0
2026-01-08 18:15:00,ZONE_A,1,0.9844657,0.4537342,2346.35765,2346.35765,0.0,0.0,0.6773874917957706,0.6773874917957706,0.0,0,0,0,0.0,OPTIMAL,0.0
2026-01-08 18:30:00,ZONE_A,1,0.9772799,0.058678173,2421.64537,2421.64537,0.0,0.0,0.6778321822732246,0.6778321822732246,0.0,0,0,0,0.0,OPTIMAL,0.0
2026-01-08 18:45:00,ZONE_A,1,0.9784894,0.60483307,2254.77154,2587.6257911879716,332.8542511879712,32.854251187971215,0.6791572071104252,0.7742584220401921,300.0,0,0,0,32.854251187971215,OPTIMAL,343542.51187971217
2026-01-08 19:00:00,ZONE_A,1,0.98000216,0.5586292,2272.4972,2569.9799857457597,297.48278574576,0.0,0.6871132253646167,0.7721083072694472,297.48278574576,0,0,0,0.0,OPTIMAL,14874.139287288
2026-01-08 19:15:00,ZONE_A,1,0.97811353,0.47458518,2221.789,2221.789,0.0,0.0,0.6971725692327971,0.6971725692327971,0.0,0,0,0,0.0,OPTIMAL,0.0
2026-01-08 19:30:00,ZONE_A,1,0.9831509,0.5754588,2216.52276,2553.7871010635517,337.264341063552,37.264341063552024,0.6743248105727372,0.7706860511757119,300.0,0,0,0,37.264341063552024,OPTIMAL,387643.41063552024
2026-01-08 19:45:00,ZONE_A,1,0.9543535,0.4578984,2208.6647,2208.6647,0.0,0.0,0.6951744337390345,0.6951744337390345,0.0,0,0,0,0.0,OPTIMAL,0.0
2026-01-08 20:00:00,ZONE_A,1,0.55557764,0.71783704,2047.867,2478.035009674832,430.16800967483204,130.16800967483204,0.6485726139648018,0.7714777599789926,300.0,0,0,0,130.16800967483204,OPTIMAL,1316680.0967483204
2026-01-08 20:15:00,ZONE_A,0,0.62389034,0.6175363,2059.8075,2422.6462021235498,362.83870212355004,62.838702123550036,0.6497674215433019,0.7534356224923647,300.0,0,0,0,62.838702123550036,OPTIMAL,643387.0212355003
2026-01-08 20:30:00,ZONE_A,0,0.93376285,0.8361575,2028.7106,2529.0580502675,500.3474502675,200.3474502675,0.6499244757147604,0.7928808905158572,300.0,0,0,0,200.3474502675,OPTIMAL,2018474.5026749999
2026-01-08 20:45:00,ZONE_A,0,0.9709411,0.8107789,2020.07304,2494.550062728304,474.477022728304,174.477022728304,0.6329788874883033,0.7685437515696909,300.0,0,0,0,174.477022728304,OPTIMAL,1759770.22728304
2026-01-08 21:00:00,ZONE_A,0,0.9901765,0.59650016,1969.6709,2323.354873219104,353.683973219104,53.68397321910402,0.6318758423848518,0.7329284064492876,300.0,0,0,0,53.68397321910402,OPTIMAL,551839.7321910402
2026-01-08 21:15:00,ZONE_A,0,0.9888953,0.36946094,1897.2928,1897.2928,0.0,0.0,0.612636695039479,0.612636695039479,0.0,0,0,0,0.0,OPTIMAL,0.0
2026-01-08 21:30:00,ZONE_A,0,0.9648551,0.592581,1910.88367,2250.13115482273,339.24748482273,39.24748482272997,0.6112018580142586,0.7081297110976299,300.0,0,0,0,39.24748482272997,OPTIMAL,407474.84822729975
2026-01-08 21:45:00,ZONE_A,0,0.9901765,0.72338855,1877.5696,2296.0731692863096,418.50356928631,118.50356928630998,0.6050321703388255,0.7246046190321344,300.0,0,0,0,118.50356928630998,OPTIMAL,1200035.6928630997
2026-01-08 22:00:00,ZONE_A,0,0.99018246,0.7610499,1840.14514,2295.595878842944,455.45073884294396,155.45073884294396,0.5997276361657876,0.7298564190458346,300.0,0,0,0,155.45073884294396,OPTIMAL,1569507.3884294396
2026-01-08 22:15:00,ZONE_A,0,0.9929126,0.7588842,1801.53524,2258.501504537732,456.96626453773194,156.96626453773194,0.600477495368042,0.7310392855730179,300.0,0,0,0,156.96626453773194,OPTIMAL,1584662.6453773195
2026-01-08 22:30:00,ZONE_A,0,0.99327445,0.6504871,1839.8324,2185.80281075956,345.97041075956,45.970410759560025,0.5822921998698183,0.6811408889125056,300.0,0,0,0,45.970410759560025,OPTIMAL,474704.10759560025
2026-01-08 22:45:00,ZONE_A,0,0.9958189,0.7158945,1733.6395,2151.23543768725,417.59593768725,117.59593768725,0.5783335887069213,0.6976467140625046,300.0,0,0,0,117.59593768725,OPTIMAL,1190959.3768725
2026-01-08 23:00:00,ZONE_A,0,0.9956664,0.7511701,1716.0206000000005,2166.9794850571907,450.95888505719,150.95888505719,0.5733842491984342,0.7022296452509542,300.0,0,0,0,150.95888505719,OPTIMAL,1524588.8505719001
2026-01-08 23:15:00,ZONE_A,0,0.9958467,0.7158945,1734.5092000000002,2142.2578656608503,407.74866566084995,107.74866566084995,0.5698542104823652,0.686353829534205,300.0,0,0,0,107.74866566084995,OPTIMAL,1092486.6566084996
2026-01-08 23:30:00,ZONE_A,0,0.9964142,0.7268877,1711.1031500000004,2142.1272395887854,431.024089588785,131.024089588785,0.5687387618031099,0.6918885019804427,300.0,0,0,0,131.024089588785,OPTIMAL,1325240.8958878499
2026-01-08 23:45:00,ZONE_A,0,0.9963528,0.7268877,1709.19663,2141.495477086029,432.298847086029,132.298847086029,0.5730092198980846,0.6965231765012974,300.0,0,0,0,132.298847086029,OPTIMAL,1337988.47086029
2026-01-09 00:00:00,ZONE_A,0,0.9963528,0.6779661,1701.6098000000002,2102.2988837440403,400.68908374404,100.68908374403998,0.565303121243378,0.6797857168671687,300.0,0,0,0,100.68908374403998,OPTIMAL,1021890.8374403998
2026-01-09 00:15:00,ZONE_A,0,0.9963528,0.7282044,1710.3427299999998,2132.623415103508,422.28068510350795,122.28068510350795,0.5629250717389879,0.6835766963347659,300.0,0,0,0,122.28068510350795,OPTIMAL,1237806.8510350795
2026-01-09 00:30:00,ZONE_A,0,0.99660313,0.7247671,1699.3879,2132.31346670326,432.92556670326,132.92556670326002,0.5689503805034468,0.692643399848338,300.0,0,0,0,132.92556670326002,OPTIMAL,1344255.6670326001
2026-01-09 00:45:00,ZONE_A,0,0.99660975,0.61646855,1756.4700399999997,2093.569937020168,337.099897020168,37.09989702016799,0.5871623329422996,0.6834765894593414,300.0,0,0,0,37.09989702016799,OPTIMAL,385998.97020167985
2026-01-09 01:00:00,ZONE_A,0,0.9966973,0.6794147,1740.3212,2116.48852457786,376.16732457786003,76.16732457786003,0.5708193487197212,0.6782957274177828,300.0,0,0,0,76.16732457786003,OPTIMAL,776673.2457786003
2026-01-09 01:15:00,ZONE_A,0,0.9963521,0.7282044,1702.94,2132.55336115544,429.61336115544,129.61336115543997,0.5677902626930889,0.6905369375897655,300.0,0,0,0,129.61336115543997,OPTIMAL,1311133.6115543998
2026-01-09 01:30:00,ZONE_A,0,0.99670297,0.6578391,1750.2136999999998,2107.0550332477696,356.84133324777,56.841333247770024,0.5645745369880208,0.6665292038667674,300.0,0,0,0,56.841333247770024,OPTIMAL,583413.3324777002
2026-01-09 01:45:00,ZONE_A,0,0.9963617,0.598813,1701.614,2052.819022126,351.205022126,51.20502212600002,0.5677565087689146,0.6681008010479745,300.0,0,0,0,51.20502212600002,OPTIMAL,527050.2212600003
2026-01-09 02:00:00,ZONE_A,0,0.9964234,0.7282044,1715.7717999999998,2134.0010689498,418.22926894980003,118.22926894980003,0.5649309498074107,0.6844250269286343,300.0,0,0,0,118.22926894980003,OPTIMAL,1197292.6894980003
2026-01-09 02:15:00,ZONE_A,0,0.9965791,0.8430165,1700.0759000000005,2204.6451326169504,504.56923261694993,204.56923261694993,0.5740976351827489,0.7182602734068539,300.0,0,0,0,204.56923261694993,OPTIMAL,2060692.3261694994
2026-01-09 02:30:00,ZONE_A,0,0.99658823,0.6362234,1687.6994000000002,2069.28418199036,381.58478199036,81.58478199036,0.5700602519559876,0.6790844756321903,300.0,0,0,0,81.58478199036,OPTIMAL,830847.8199036
2026-01-09 02:45:00,ZONE_A,0,0.9965791,0.75179935,1694.61454,2145.8270380531058,451.21249805310595,151.21249805310595,0.5702928223197034,0.6992106792045579,300.0,0,0,0,151.21249805310595,OPTIMAL,1527124.9805310594
2026-01-09 03:00:00,ZONE_A,0,0.9964142,0.75238836,1697.8393,2142.204906418012,444.365606418012,144.36560641801202,0.5713659514573957,0.698327553582933,300.0,0,0,0,144.36560641801202,OPTIMAL,1458656.0641801201
2026-01-09 03:15:00,ZONE_A,0,0.9965945,0.618858,1682.7302,2051.9343229052,369.2041229052,69.2041229052,0.5637027118456918,0.6691896043519989,300.0,0,0,0,69.2041229052,OPTIMAL,707041.229052
2026-01-09 03:30:00,ZONE_A,0,0.99657035,0.75358,1680.6573999999998,2132.416854152,451.75945415200005,151.75945415200005,0.5635817443694289,0.6926558744273577,300.0,0,0,0,151.75945415200005,OPTIMAL,1532594.5415200004
2026-01-09 03:45:00,ZONE_A,0,0.99657035,0.75358,1681.3952399999998,2133.6924940547997,452.2972540548001,152.29725405480008,0.5620671186670028,0.6912949058405372,300.0,0,0,0,152.29725405480008,OPTIMAL,1537972.5405480007
2026-01-09 04:00:00,ZONE_A,0,0.9967062,0.51223713,1721.2191,2007.033997927194,285.814897927194,0.0,0.5613136490492501,0.6429750486475352,285.814897927194,0,0,0,0.0,OPTIMAL,14290.7448963597
2026-01-09 04:15:00,ZONE_A,0,0.9963535,0.3750646,1679.97176,1679.97176,0.0,0.0,0.5646096014035776,0.5646096014035776,0.0,0,0,0,0.0,OPTIMAL,0.0
2026-01-09 04:30:00,ZONE_A,0,0.9965268,0.59329724,1675.4910600000003,2030.6424307090538,355.15137070905354,55.15137070905354,0.5666752841230877,0.6681471045581848,300.0,0,0,0,55.15137070905354,OPTIMAL,566513.7070905354
2026-01-09 04:45:00,ZONE_A,0,0.9963021,0.64780694,1695.3231,2076.663983650936,381.340883650936,81.34088365093601,0.5636447978019723,0.6725993362367468,300.0,0,0,0,81.34088365093601,OPTIMAL,828408.8365093601
2026-01-09 05:00:00,ZONE_A,0,0.9963869,0.68550384,2015.5974,2409.886321295808,394.288921295808,94.288921295808,0.6323102396893356,0.7449642174592221,300.0,0,0,0,94.288921295808,OPTIMAL,957889.21295808
2026-01-09 05:15:00,ZONE_A,0,0.9897194,0.7393276,2031.41357,2452.197016157668,420.783446157668,120.78344615766798,0.6411643833117018,0.7613882253471643,300.0,0,0,0,120.78344615766798,OPTIMAL,1222834.4615766797
2026-01-09 05:30:00,ZONE_A,0,0.9077566,0.787815,2015.4935,2484.351670781,468.858170781,168.858170781,0.6466490901579701,0.7806085678331135,300.0,0,0,0,168.858170781,OPTIMAL,1703581.70781
2026-01-09 05:45:00,ZONE_A,0,0.93802285,0.7740833,2035.70046,2480.753569040262,445.05310904026203,145.05310904026203,0.6424435511810203,0.7696015826267902,300.0,0,0,0,145.05310904026203,OPTIMAL,1465531.0904026204
2026-01-09 06:00:00,ZONE_A,1,0.98280394,0.7648793,2077.2794000000004,2540.6721923775403,463.39279237754005,163.39279237754005,0.6572489135121761,0.7896468545515538,300.0,0,0,0,163.39279237754005,OPTIMAL,1648927.9237754005
2026-01-09 06:15:00,ZONE_A,1,0.9954579,0.5428317,2144.6807,2464.60893048047,319.92823048047,19.928230480470006,0.6667284541309467,0.7581365202372448,300.0,0,0,0,19.928230480470006,OPTIMAL,214282.30480470005
2026-01-09 06:30:00,ZONE_A,1,0.99165875,0.54672635,2057.6756,2436.2038846731703,378.52828467317,78.52828467316999,0.6867384841850203,0.7948894229691412,300.0,0,0,0,78.52828467316999,OPTIMAL,800282.8467316999
2026-01-09 06:45:00,ZONE_A,1,0.9922496,0.63247144,2059.91076,2498.105150861186,438.19439086118564,138.19439086118564,0.6854928982322765,0.8106912959713367,300.0,0,0,0,138.19439086118564,OPTIMAL,1396943.9086118564
2026-01-09 07:00:00,ZONE_A,1,0.9356905,0.42219862,2089.0037,2089.0037,0.0,0.0,0.6970894650895157,0.6970894650895157,0.0,0,0,0,0.0,OPTIMAL,0.0
2026-01-09 07:15:00,ZONE_A,2,0.8763693,0.5596905,2050.5355,2484.94638964435,434.41088964435,134.41088964435,0.7053680774687641,0.8294854748824281,300.0,0,0,0,134.41088964435,OPTIMAL,1359108.8964435
2026-01-09 07:30:00,ZONE_A,2,0.987536,0.7976712,2044.5714000000005,2699.0704309557605,654.49903095576,354.49903095575996,0.7167866884166783,0.9037864121438398,300.0,0,0,0,354.49903095575996,OPTIMAL,191812432.2120536
2026-01-09 07:45:00,ZONE_A,2,0.9864144,0.81795126,2039.055,2766.49381844655,727.4388184465499,427.43881844654993,0.7279965117226135,0.9358361747967562,300.0,0,0,0,427.43881844654993,OPTIMAL,304715999.0178817
2026-01-09 08:00:00,ZONE_A,2,0.7701168,0.7177755,1955.7293,2658.73132932635,703.00202932635,403.00202932635,0.743525231116706,0.94438295444447,300.0,0,0,0,403.00202932635,OPTIMAL,334385359.75835425
2026-01-09 08:15:00,ZONE_A,2,0.9559713,0.76033056,2071.24683,2738.1243016968674,666.8774716968672,366.87747169686725,0.7398089545158424,0.9303453756473546,300.0,0,0,0,366.87747169686725,OPTIMAL,284892588.52826846
2026-01-09 08:30:00,ZONE_A,2,0.8355596,0.7707526,2165.3452,2812.4644584444004,647.1192584444001,347.1192584444001,0.741347645849384,0.9262388632006178,300.0,0,0,0,347.1192584444001,OPTIMAL,270322212.8444331
2026-01-09 08:45:00,ZONE_A,3,0.93647504,0.87608314,2194.5452000000005,2932.3549991057184,737.809799105718,437.80979910571796,0.7629910210683242,0.9737938215878154,300.0,0,0,0,437.80979910571796,OPTIMAL,437671471.9554959
2026-01-09 09:00:00,ZONE_A,1,0.77879673,0.7909198,1770.0261,2512.13736913022,742.11126913022,442.11126913021997,0.696299280749926,0.9083310727567049,300.0,0,0,0,442.11126913021997,OPTIMAL,208594866.54375026
2026-01-09 09:15:00,ZONE_A,1,0.8784068,0.790879,1762.386,2494.361913838,731.975913838,431.975913838,0.6740524132925784,0.8831883894786425,300.0,0,0,0,431.975913838,OPTIMAL,120494121.86719027
2026-01-09 09:30:00,ZONE_A,1,0.9355979,0.81115913,1805.8091,2525.329636301988,719.5205363019879,419.52053630198793,0.6781065746122131,0.8836838714932971,300.0,0,0,0,419.52053630198793,OPTIMAL,122103755.13375992
2026-01-09 09:45:00,ZONE_A,1,0.88848096,0.6866532,1803.16886,2421.715565840288,618.546705840288,318.54670584028804,0.6841346913672252,0.8608623223529653,300.0,0,0,0,318.54670584028804,OPTIMAL,41218595.13337383
2026-01-09 10:00:00,ZONE_A,2,0.6980617,0.90388805,1952.7927,2696.3809949391652,743.588294939165,443.58829493916505,0.7142308750428172,0.9266846742964143,300.0,0,0,0,443.58829493916505,OPTIMAL,272847242.10308903
2026-01-09 10:15:00,ZONE_A,1,0.93280476,0.8098302,1796.4734,2526.03938528552,729.56598528552,429.56598528552,0.6775664588656457,0.8860138838724493,300.0,0,0,0,429.56598528552,OPTIMAL,130359253.0197137
2026-01-09 10:30:00,ZONE_A,2,0.86333275,0.83330053,1847.7761000000005,2585.6216376382354,737.845537638235,437.845537638235,0.7091323740572952,0.9199453854659922,300.0,0,0,0,437.845537638235,OPTIMAL,249202303.7468275
2026-01-09 10:45:00,ZONE_A,1,0.90319765,0.87092584,1773.6642000000002,2571.7844718496963,798.120271849696,498.120271849696,0.6794270542689897,0.9074614183765528,300.0,0,0,0,498.120271849696,OPTIMAL,206111166.3997202
2026-01-09 11:00:00,ZONE_A,1,0.87671095,0.8861229,1789.5649,2597.1104087810504,807.54550878105,507.54550878105,0.6904127216726009,0.9211400107031487,300.0,0,0,0,507.54550878105,OPTIMAL,254080491.6775328
2026-01-09 11:15:00,ZONE_A,2,0.87425226,0.82705474,1816.7528,2578.8868857180123,762.134085718012,462.134085718012,0.7103693465773783,0.9281219431721514,300.0,0,0,0,462.134085718012,OPTIMAL,278063141.1117
2026-01-09 11:30:00,ZONE_A,2,0.5479414,0.8887065,1715.4873,2591.48147561205,875.99417561205,575.99417561205,0.7019915635830838,0.9522756146184292,300.0,0,0,0,575.99417561205,OPTIMAL,363739591.68994445
2026-01-09 11:45:00,ZONE_A,2,0.94627994,0.8528096,1656.9403000000002,2575.4904336352,918.5501336351999,618.5501336351999,0.7198083069993795,0.9822512031423906,300.0,0,0,0,618.5501336351999,OPTIMAL,469079710.890807
2026-01-09 12:00:00,ZONE_A,1,0.57746285,0.8801232,1586.9308999999998,2556.2190293427198,969.28812934272,669.28812934272,0.6959354109806601,0.9728748774016955,300.0,0,0,0,669.28812934272,OPTIMAL,436769950.8102155
2026-01-09 12:15:00,ZONE_A,2,0.90780926,0.8528096,1665.4548,2584.72777505216,919.27297505216,619.27297505216,0.7237861983760118,0.9864356207263286,300.0,0,0,0,619.27297505216,OPTIMAL,483732400.64393544
2026-01-09 12:30:00,ZONE_A,2,0.94134545,0.8850857,1635.3413999999998,2643.0427129752097,1007.7013129752099,707.7013129752099,0.7486435245377063,1.0365581863538955,300.0,0,0,0,707.7013129752099,OPTIMAL,660045663.1773291
2026-01-09 12:45:00,ZONE_A,2,0.57195455,0.88278574,1545.0052,2552.1740383088163,1007.168838308816,707.168838308816,0.702461642627652,0.9902241688857625,300.0,0,0,0,707.168838308816,OPTIMAL,497871277.7316539
2026-01-09 13:00:00,ZONE_A,2,0.5075341,0.888991,1572.4674999999995,2566.0844730837,993.6169730837,693.6169730837,0.7038736258761403,0.9877641905479926,300.0,0,0,0,693.6169730837,OPTIMAL,489125835.06304723
2026-01-09 13:15:00,ZONE_A,2,0.8229538,0.840452,1806.2617,2585.273296992,779.0115969919999,479.0115969919999,0.7148586625964897,0.93743340540001,300.0,0,0,0,479.0115969919999,OPTIMAL,310822033.76205623
2026-01-09 13:30:00,ZONE_A,2,0.90735555,0.7964468,1713.4181999999998,2528.43511287816,815.01691287816,515.01691287816,0.7167827921698764,0.9496447682043434,300.0,0,0,0,515.01691287816,OPTIMAL,353921856.45648545
2026-01-09 13:45:00,ZONE_A,1,0.6042637,0.8639168,1626.8767,2549.7132305017603,922.8365305017601,622.8365305017601,0.6822945127734378,0.9459620938029611,300.0,0,0,0,622.8365305017601,OPTIMAL,342110692.4865613
2026-01-09 14:00:00,ZONE_A,1,0.96486384,0.823979,1918.65605,2556.39869843575,637.74264843575,337.74264843574997,0.6830952179481213,0.8653074038307974,300.0,0,0,0,337.74264843574997,OPTIMAL,56968339.71122631
2026-01-09 14:15:00,ZONE_A,1,0.93957675,0.83454984,1794.18565,2531.1723157723236,736.9866657723239,436.98666577232393,0.6654547019012578,0.876022321431818,300.0,0,0,0,436.98666577232393,OPTIMAL,95462991.34967215
2026-01-09 14:30:00,ZONE_A,1,0.9482404,0.7832385,1791.6927999999998,2490.4659202738,698.7731202738,398.77312027380003,0.666355545377771,0.8660050090180766,300.0,0,0,0,398.77312027380003,OPTIMAL,60020262.56821614
2026-01-09 14:45:00,ZONE_A,1,0.9751467,0.82841784,1898.84597,2546.1515644750234,647.3055944750231,347.3055944750231,0.6820412462219411,0.8669857023683589,300.0,0,0,0,347.3055944750231,OPTIMAL,62938014.04688391
2026-01-09 15:00:00,ZONE_A,1,0.89002514,0.8042953,2133.5683,2670.54447519268,536.97617519268,236.97617519268,0.6988076401631429,0.8522294049880343,300.0,0,0,0,236.97617519268,OPTIMAL,10187679.18542481
2026-01-09 15:15:00,ZONE_A,1,0.9487544,0.63108975,2207.6861,2575.1186693731997,367.4325693732,67.43256937320001,0.6888438774596813,0.7938246118801112,300.0,0,0,0,67.43256937320001,OPTIMAL,689325.6937320001
2026-01-09 15:30:00,ZONE_A,1,0.92671955,0.49801397,2197.9185,2197.9185,0.0,0.0,0.6862389357954491,0.6862389357954491,0.0,0,0,0,0.0,OPTIMAL,0.0
2026-01-09 15:45:00,ZONE_A,1,0.91906565,0.55313075,2243.01127,2549.5635942567474,306.5523242567475,6.552324256747511,0.6938019515560904,0.7813883301906256,300.0,0,0,0,6.552324256747511,OPTIMAL,80523.2425674751
2026-01-09 16:00:00,ZONE_A,1,0.9769521,0.21690859,2387.0786,2387.0786,0.0,0.0,0.6865438937586994,0.6865438937586994,0.0,0,0,0,0.0,OPTIMAL,0.0
2026-01-09 16:15:00,ZONE_A,1,0.98212564,0.5828,2315.00658,2592.4165359360004,277.40995593599996,0.0,0.68263635409407,0.761896341759083,277.40995593599996,0,0,0,0.0,OPTIMAL,13870.497796799998
2026-01-09 16:30:00,ZONE_A,1,0.9896618,0.26475996,2384.84433,2384.84433,0.0,0.0,0.684959694511229,0.684959694511229,0.0,0,0,0,0.0,OPTIMAL,0.0
2026-01-09 16:45:00,ZONE_A,1,0.99126387,0.20845714,2375.71422,2375.71422,0.0,0.0,0.6819523647395904,0.6819523647395904,0.0,0,0,0,0.0,OPTIMAL,0.0
2026-01-09 17:00:00,ZONE_A,1,0.9778111,0.023449196,2455.4725000000003,2455.4725000000003,0.0,0.0,0.6954586812310615,0.6954586812310615,0.0,0,0,0,0.0,OPTIMAL,0.0
2026-01-09 17:15:00,ZONE_A,1,0.98901105,0.022529626,2442.4883,2442.4883,0.0,0.0,0.6779182249368552,0.6779182249368552,0.0,0,0,0,0.0,OPTIMAL,0.0
2026-01-09 17:30:00,ZONE_A,1,0.9316559,0.014449917,2512.94403,2512.94403,0.0,0.0,0.6904035625098585,0.6904035625098585,0.0,0,0,0,0.0,OPTIMAL,0.0
2026-01-09 17:45:00,ZONE_A,1,0.9828309,0.020690348,2494.0612300000003,2494.0612300000003,0.0,0.0,0.6908296877357276,0.6908296877357276,0.0,0,0,0,0.0,OPTIMAL,0.0
2026-01-09 18:00:00,ZONE_A,1,0.97812563,0.07177753,2511.4652,2511.4652,0.0,0.0,0.6830368643832244,0.6830368643832244,0.0,0,0,0,0.0,OPTIMAL,0.0
2026-01-09 18:15:00,ZONE_A,1,0.97587216,0.11367853,2404.7115,2404.7115,0.0,0.0,0.6849881177840698,0.6849881177840698,0.0,0,0,0,0.0,OPTIMAL,0.0
2026-01-09 18:30:00,ZONE_A,1,0.9743196,0.031121029,2503.28124,2503.28124,0.0,0.0,0.6950759398107682,0.6950759398107682,0.0,0,0,0,0.0,OPTIMAL,0.0
2026-01-09 18:45:00,ZONE_A,1,0.9588005,0.10178949,2397.8559600000003,2397.8559600000003,0.0,0.0,0.6816668339730446,0.6816668339730446,0.0,0,0,0,0.0,OPTIMAL,0.0
2026-01-09 19:00:00,ZONE_A,1,0.9796513,0.05282731,2439.9714200000003,2439.9714200000003,0.0,0.0,0.6688138403284278,0.6688138403284278,0.0,0,0,0,0.0,OPTIMAL,0.0
2026-01-09 19:15:00,ZONE_A,1,0.96884423,0.15624277,2388.65232,2388.65232,0.0,0.0,0.6934943398119728,0.6934943398119728,0.0,0,0,0,0.0,OPTIMAL,0.0
2026-01-09 19:30:00,ZONE_A,1,0.978746,0.02872498,2472.962,2472.962,0.0,0.0,0.680647712131704,0.680647712131704,0.0,0,0,0,0.0,OPTIMAL,0.0
2026-01-09 19:45:00,ZONE_A,1,0.9771566,0.031761453,2456.1297,2456.1297,0.0,0.0,0.6871278458674442,0.6871278458674442,0.0,0,0,0,0.0,OPTIMAL,0.0
2026-01-09 20:00:00,ZONE_A,0,0.7982525,0.06658141,2270.21612,2270.21612,0.0,0.0,0.6472043325257592,0.6472043325257592,0.0,0,0,0,0.0,OPTIMAL,0.0
2026-01-09 20:15:00,ZONE_A,0,0.98452073,0.0548347,2284.1666,2284.1666,0.0,0.0,0.6359385073861346,0.6359385073861346,0.0,0,0,0,0.0,OPTIMAL,0.0
2026-01-09 20:30:00,ZONE_A,0,0.9899939,0.03981368,2288.10142,2288.10142,0.0,0.0,0.6230117946788063,0.6230117946788063,0.0,0,0,0,0.0,OPTIMAL,0.0
2026-01-09 20:45:00,ZONE_A,0,0.99477035,0.03981368,2288.17453,2288.17453,0.0,0.0,0.6283683394614024,0.6283683394614024,0.0,0,0,0,0.0,OPTIMAL,0.0
2026-01-09 21:00:00,ZONE_A,0,0.9955266,0.052529268,2261.81097,2261.81097,0.0,0.0,0.6163137615933391,0.6163137615933391,0.0,0,0,0,0.0,OPTIMAL,0.0
2026-01-09 21:15:00,ZONE_A,0,0.99525,0.11194468,2209.111,2209.111,0.0,0.0,0.6041617058068742,0.6041617058068742,0.0,0,0,0,0.0,OPTIMAL,0.0
2026-01-09 21:30:00,ZONE_A,0,0.99362755,0.061440904,2170.6105,2170.6105,0.0,0.0,0.5993190714954467,0.5993190714954467,0.0,0,0,0,0.0,OPTIMAL,0.0
2026-01-09 21:45:00,ZONE_A,0,0.9963211,0.6084866,2046.62357,2296.297444874638,249.673874874638,0.0,0.5925189176947346,0.6638543107080116,249.673874874638,0,0,0,0.0,OPTIMAL,12483.6937437319
2026-01-09 22:00:00,ZONE_A,0,0.9954919,0.5808078,1947.3748,2220.36387508636,272.98907508636,0.0,0.5843856815848597,0.6623825603842455,272.98907508636,0,0,0,0.0,OPTIMAL,13649.453754318
2026-01-09 22:15:00,ZONE_A,0,0.9954709,0.66352755,1838.17363,2226.515118580329,388.3414885803285,88.34148858032847,0.6096940532743954,0.7206487645776495,300.0,0,0,0,88.34148858032847,OPTIMAL,898414.8858032847
2026-01-09 22:30:00,ZONE_A,0,0.99662375,0.66352755,1802.64846,2176.585276386042,373.936816386042,73.93681638604198,0.5801018395937122,0.686940930256368,300.0,0,0,0,73.93681638604198,OPTIMAL,754368.1638604199
2026-01-09 22:45:00,ZONE_A,0,0.99660975,0.65154153,1772.57655,2138.4050329996185,365.82848299961853,65.82848299961853,0.5701677341456635,0.6746901581163489,300.0,0,0,0,65.82848299961853,OPTIMAL,673284.8299961853
2026-01-09 23:00:00,ZONE_A,0,0.9965209,0.598813,1709.2746499999998,2066.81849695945,357.54384695945004,57.543846959450036,0.584778949760431,0.6869343348517819,300.0,0,0,0,57.543846959450036,OPTIMAL,590438.4695945004
2026-01-09 23:15:00,ZONE_A,0,0.9927321,0.48833427,1712.1575999999998,1712.1575999999998,0.0,0.0,0.5803168541905896,0.5803168541905896,0.0,0,0,0,0.0,OPTIMAL,0.0
2026-01-09 23:30:00,ZONE_A,0,0.9963528,0.6779661,1709.8773,2112.33384136674,402.45654136674,102.45654136674,0.5695232011777072,0.6845107846991936,300.0,0,0,0,102.45654136674,OPTIMAL,1039565.4136674
2026-01-09 23:45:00,ZONE_A,0,0.9964714,0.5975836,1723.1421000000005,2067.6767732790404,344.53467327903996,44.534673279039964,0.5648970898825139,0.6633355681912556,300.0,0,0,0,44.534673279039964,OPTIMAL,460346.73279039963
2026-01-10 00:00:00,ZONE_A,0,0.99653745,0.62712276,1706.8480400000003,2082.088423455714,375.2403834557136,75.24038345571358,0.5710068274325314,0.6782183658209388,300.0,0,0,0,75.24038345571358,OPTIMAL,767403.8345571358
2026-01-10 00:15:00,ZONE_A,0,0.9963167,0.7160833,1690.8494500000002,2120.438240682015,429.588790682015,129.58879068201497,0.5671112483707645,0.6898509031437982,300.0,0,0,0,129.58879068201497,OPTIMAL,1310887.9068201496
2026-01-10 00:30:00,ZONE_A,0,0.9964644,0.7350899,1694.29976,2132.220188177876,437.92042817787603,137.92042817787603,0.5588786155834111,0.6839987382106019,300.0,0,0,0,137.92042817787603,OPTIMAL,1394204.2817787603
2026-01-10 00:45:00,ZONE_A,0,0.9964142,0.7350899,1715.21655,2144.265700088605,429.04915008860496,129.04915008860496,0.5708477816673523,0.6934332534029785,300.0,0,0,0,129.04915008860496,OPTIMAL,1305491.5008860496
2026-01-10 01:00:00,ZONE_A,0,0.9964372,0.6682118,1720.0906,2105.69237600936,385.60177600936004,85.60177600936004,0.5924338619560454,0.7026057982155348,300.0,0,0,0,85.60177600936004,OPTIMAL,871017.7600936004
2026-01-10 01:15:00,ZONE_A,0,0.99638784,0.7282044,1717.6114,2137.56753286396,419.95613286396,119.95613286396002,0.5721264952024194,0.692113962012158,300.0,0,0,0,119.95613286396002,OPTIMAL,1214561.3286396002
2026-01-10 01:30:00,ZONE_A,0,0.9968894,0.6870049,1700.64165,2103.230883881115,402.58923388111504,102.58923388111504,0.565417571401883,0.6804430670572443,300.0,0,0,0,102.58923388111504,OPTIMAL,1040892.3388111504
2026-01-10 01:45:00,ZONE_A,0,0.9974347,0.5855876,1840.55772,2101.354591912928,260.796871912928,0.0,0.5552439742981917,0.6297573664469432,260.796871912928,0,0,0,0.0,OPTIMAL,13039.8435956464
2026-01-10 02:00:00,ZONE_A,0,0.9964142,0.7051238,1715.4201399999995,2125.8577976628676,410.43765766286793,110.43765766286793,0.5656374302328185,0.6829053327099366,300.0,0,0,0,110.43765766286793,OPTIMAL,1119376.5766286794
2026-01-10 02:15:00,ZONE_A,0,0.9963617,0.60862166,1705.9183,2057.29871194108,351.38041194107996,51.380411941079956,0.5696975739237137,0.6700919775700863,300.0,0,0,0,51.380411941079956,OPTIMAL,528804.1194107996
2026-01-10 02:30:00,ZONE_A,0,0.9963617,0.65576637,1698.2601,2082.733037358972,384.47293735897205,84.47293735897205,0.5726552102863646,0.6825046212131266,300.0,0,0,0,84.47293735897205,OPTIMAL,859729.3735897205
2026-01-10 02:45:00,ZONE_A,0,0.9970884,0.67309946,1723.83626,2104.4289338901585,380.5926738901584,80.59267389015838,0.5701663004905964,0.6789070647037084,300.0,0,0,0,80.59267389015838,OPTIMAL,820926.7389015838
2026-01-10 03:00:00,ZONE_A,0,0.9964142,0.71771634,1702.1742,2125.7629196180637,423.588719618064,123.58871961806398,0.572302507809894,0.6933278565508255,300.0,0,0,0,123.58871961806398,OPTIMAL,1250887.1961806398
2026-01-10 03:15:00,ZONE_A,0,0.99658823,0.75280446,1688.5983,2139.738505106124,451.14020510612403,151.14020510612403,0.5680450958530222,0.6969422976114651,300.0,0,0,0,151.14020510612403,OPTIMAL,1526402.0510612403
2026-01-10 03:30:00,ZONE_A,0,0.99654657,0.64533544,1684.6899,2071.431749700264,386.74184970026397,86.74184970026397,0.5722316815727737,0.6827293531742743,300.0,0,0,0,86.74184970026397,OPTIMAL,882418.4970026397
2026-01-10 03:45:00,ZONE_A,0,0.9964173,0.6794147,1689.76585,2094.479428642325,404.71357864232505,104.71357864232505,0.5760676071809858,0.6917000584906668,300.0,0,0,0,104.71357864232505,OPTIMAL,1062135.7864232506
2026-01-10 04:00:00,ZONE_A,0,0.9964232,0.6325433,1692.0913999999998,2064.9853532624898,372.89395326249,72.89395326249002,0.56685725249823,0.6733983822509024,300.0,0,0,0,72.89395326249002,OPTIMAL,743939.5326249001
2026-01-10 04:15:00,ZONE_A,0,0.9963037,0.7624587,1680.9148999999998,2138.634106784,457.71920678400005,157.71920678400005,0.5656214986912769,0.6963984152180328,300.0,0,0,0,157.71920678400005,OPTIMAL,1592192.0678400006
2026-01-10 04:30:00,ZONE_A,0,0.9963535,0.817185,1681.5145,2172.849269368,491.334769368,191.33476936800002,0.5639865723400277,0.7043679353447705,300.0,0,0,0,191.33476936800002,OPTIMAL,1928347.6936800003
2026-01-10 04:45:00,ZONE_A,0,0.9964142,0.77077556,1716.78374,2173.791877126622,457.0081371266216,157.0081371266216,0.5731435220782264,0.7037172758509814,300.0,0,0,0,157.0081371266216,OPTIMAL,1585081.3712662158
2026-01-10 05:00:00,ZONE_A,0,0.9952062,0.8600375,1895.67046,2410.56935540775,514.89889540775,214.89889540775005,0.6188804742230746,0.7659944446792177,300.0,0,0,0,214.89889540775005,OPTIMAL,2163988.9540775004
2026-01-10 05:15:00,ZONE_A,0,0.9952062,0.75365496,1999.6158,2451.14706694512,451.53126694511997,151.53126694511997,0.6384571581054623,0.7674660918153503,300.0,0,0,0,151.53126694511997,OPTIMAL,1530312.6694511997
2026-01-10 05:30:00,ZONE_A,0,0.9897111,0.7393276,2008.78744,2450.319398103896,441.531958103896,141.531958103896,0.6412002957248343,0.7673522840438495,300.0,0,0,0,141.531958103896,OPTIMAL,1430319.5810389598
2026-01-10 05:45:00,ZONE_A,0,0.7629492,0.42127237,2004.3442,2004.3442,0.0,0.0,0.6536272791044602,0.6536272791044602,0.0,0,0,0,0.0,OPTIMAL,0.0
2026-01-10 06:00:00,ZONE_A,1,0.9811466,0.7669617,2052.21393,2530.392361748019,478.178431748019,178.17843174801902,0.6583677283952671,0.7949901378246063,300.0,0,0,0,178.17843174801902,OPTIMAL,1796784.3174801902
2026-01-10 06:15:00,ZONE_A,1,0.99318975,0.55029434,2054.3241,2430.1199947271316,375.795894727132,75.79589472713201,0.6650034855174523,0.7723737414507537,300.0,0,0,0,75.79589472713201,OPTIMAL,772958.94727132
2026-01-10 06:30:00,ZONE_A,1,0.99162877,0.57649124,2063.6117,2459.468979700584,395.857279700584,95.857279700584,0.6717111022391086,0.7848131824687846,300.0,0,0,0,95.857279700584,OPTIMAL,973572.79700584
2026-01-10 06:45:00,ZONE_A,1,0.880613,0.48925912,2008.91866,2008.91866,0.0,0.0,0.6938055821847016,0.6938055821847016,0.0,0,0,0,0.0,OPTIMAL,0.0
2026-01-10 07:00:00,ZONE_A,2,0.7605189,0.46230614,1981.9013,1981.9013,0.0,0.0,0.7024913601540933,0.7024913601540933,0.0,0,0,0,0.0,OPTIMAL,0.0
2026-01-10 07:15:00,ZONE_A,2,0.95569694,0.5048655,1931.75724,2382.4194004809297,450.66216048092997,150.66216048092997,0.71834372773142,0.8471043453960498,300.0,0,0,0,150.66216048092997,OPTIMAL,1521621.6048092998
2026-01-10 07:30:00,ZONE_A,2,0.98312855,0.85625356,1965.8639,2744.7401376674125,778.8762376674119,478.87623766741194,0.7346053503531066,0.9571414189359481,300.0,0,0,0,478.87623766741194,OPTIMAL,379798727.51022077
2026-01-10 07:45:00,ZONE_A,2,0.92462456,0.7741369,1908.0743,2682.8516434573703,774.7773434573701,474.7773434573701,0.7470113301779703,0.9683762861744601,300.0,0,0,0,474.7773434573701,OPTIMAL,419079773.69206715
2026-01-10 08:00:00,ZONE_A,3,0.92480993,0.9398539,1870.9328,2882.94323128938,1012.0104312893801,712.0104312893801,0.7584895856582771,1.0476354241414192,300.0,0,0,0,712.0104312893801,OPTIMAL,698859086.4828056
2026-01-10 08:15:00,ZONE_A,3,0.9637241,0.8711081,1859.547,2817.1430677085,957.5960677085001,657.5960677085001,0.7549816730373153,1.028580550496851,300.0,0,0,0,657.5960677085001,OPTIMAL,631622885.1969336
2026-01-10 08:30:00,ZONE_A,3,0.98279554,0.8481336,1881.5324,2823.7570934504,942.2246934504001,642.2246934504001,0.7740018846526561,1.0432089409385639,300.0,0,0,0,642.2246934504001,OPTIMAL,682668537.6714563
2026-01-10 08:45:00,ZONE_A,3,0.9842317,0.7454726,1861.0735,2770.38152064514,909.30802064514,609.30802064514,0.8144840617639815,1.0742863544038113,300.0,0,0,0,609.30802064514,OPTIMAL,791110317.5168757
2026-01-10 09:00:00,ZONE_A,2,0.97972816,0.44055408,1441.7988,1441.7988,0.0,0.0,0.7213505725759274,0.7213505725759274,0.0,0,0,0,0.0,OPTIMAL,0.0
2026-01-10 09:15:00,ZONE_A,2,0.96558607,0.36918542,1330.5808999999997,1330.5808999999997,0.0,0.0,0.7120937349192714,0.7120937349192714,0.0,0,0,0,0.0,OPTIMAL,0.0
2026-01-10 09:30:00,ZONE_A,2,0.976025,0.92616653,1296.6908999999998,2597.349254356033,1300.658354356033,1000.658354356033,0.7346236686662854,1.106240342983773,300.0,0,0,0,1000.658354356033,OPTIMAL,906862780.018409
2026-01-10 09:45:00,ZONE_A,2,0.98085564,0.8321563,1288.0437,2485.39753413347,1197.35383413347,897.35383413347,0.749583259614087,1.091684356924845,300.0,0,0,0,897.35383413347,OPTIMAL,854883783.0186018
2026-01-10 10:00:00,ZONE_A,2,0.9615223,0.8634437,1239.2849,2498.91689238079,1259.63199238079,959.63199238079,0.7353297218598488,1.0952245781173575,300.0,0,0,0,959.63199238079,OPTIMAL,867897340.2543947
2026-01-10 10:15:00,ZONE_A,3,0.83368796,0.9470805,1315.1086,2696.7818956421497,1381.67329564215,1081.67329564215,0.7766802251841076,1.1714440253101615,300.0,0,0,0,1081.67329564215,OPTIMAL,1135885817.634277
2026-01-10 10:30:00,ZONE_A,2,0.9837055,0.9405309,1178.7408,2616.2811461415,1437.5403461414999,1137.5403461414999,0.7386612871631524,1.1493871018941488,300.0,0,0,0,1137.5403461414999,OPTIMAL,1059245256.1423746
2026-01-10 10:45:00,ZONE_A,2,0.96916896,0.86750734,1187.2083,2495.805212319242,1308.596912319242,1008.5969123192419,0.7426193404511212,1.1165041740353838,300.0,0,0,0,1008.5969123192419,OPTIMAL,942865574.522186
2026-01-10 11:00:00,ZONE_A,2,0.97755367,0.9381634,1147.5442000000005,2593.8669015492205,1446.32270154922,1146.32270154922,0.739473644196499,1.1527087033433105,300.0,0,0,0,1146.32270154922,OPTIMAL,1070958684.714059
2026-01-10 11:15:00,ZONE_A,3,0.8763875,0.9353886,1223.5869,2668.88398105686,1445.2970810568602,1145.2970810568602,0.7699268604950689,1.182868885503278,300.0,0,0,0,1145.2970810568602,OPTIMAL,1176509064.8551233
2026-01-10 11:30:00,ZONE_A,2,0.97964454,0.9536579,1162.0771000000002,2621.90571480404,1459.8286148040397,1159.8286148040397,0.7335138294998453,1.1506077210398464,300.0,0,0,0,1159.8286148040397,OPTIMAL,1063740305.7615892
2026-01-10 11:45:00,ZONE_A,2,0.9816087,0.81057805,1204.8512999999998,2426.522032780195,1221.670732780195,921.6707327801951,0.7457591359987327,1.094807918149232,300.0,0,0,0,921.6707327801951,OPTIMAL,866059417.5210845
2026-01-10 12:00:00,ZONE_A,2,0.97094303,0.68103284,1181.3955999999998,2214.2506861768397,1032.8550861768401,732.8550861768401,0.745475050667429,1.0405765049935243,300.0,0,0,0,732.8550861768401,OPTIMAL,674361315.7788341
2026-01-10 12:15:00,ZONE_A,2,0.9716788,0.9320342,1171.5254000000002,2572.9596113323205,1401.43421133232,1101.43421133232,0.7294650969771675,1.1298748733839032,300.0,0,0,0,1101.43421133232,OPTIMAL,990591394.6993731
2026-01-10 12:30:00,ZONE_A,2,0.9635029,0.95793784,1177.9805,2632.12918318216,1454.14868318216,1154.14868318216,0.7338928500318234,1.1493639039286554,300.0,0,0,0,1154.14868318216,OPTIMAL,1059330146.6503024
2026-01-10 12:45:00,ZONE_A,2,0.9750025,0.93879706,1177.6229999999998,2597.5570267991216,1419.934026799122,1119.934026799122,0.732228963927766,1.1379244017517995,300.0,0,0,0,1119.934026799122,OPTIMAL,1018949742.4355863
2026-01-10 13:00:00,ZONE_A,2,0.989277,0.9169037,1219.2965,2576.37128248125,1357.07478248125,1057.07478248125,0.7444445380938435,1.1321801917547134,300.0,0,0,0,1057.07478248125,OPTIMAL,998216415.086019
2026-01-10 13:15:00,ZONE_A,2,0.9756504,0.95733637,1251.2660999999998,2614.616387474323,1363.350287474323,1063.350287474323,0.7231993019619245,1.112727956965863,300.0,0,0,0,1063.350287474323,OPTIMAL,930196348.856265
2026-01-10 13:30:00,ZONE_A,2,0.977155,0.9534569,1256.9184999999998,2603.9981629537497,1347.0796629537501,1047.0796629537501,0.7157958401069786,1.1006757452543847,300.0,0,0,0,1047.0796629537501,OPTIMAL,887850901.7228463
2026-01-10 13:45:00,ZONE_A,2,0.9802611,0.9381634,1287.5747,2606.2382241393198,1318.6635241393199,1018.6635241393199,0.7266997396548273,1.1034607479588026,300.0,0,0,0,1018.6635241393199,OPTIMAL,897314249.78425
2026-01-10 14:00:00,ZONE_A,2,0.9892541,0.9418579,1391.8630999999998,2638.21885559471,1246.3557555947102,946.3557555947102,0.7292254673960618,1.085327113245135,300.0,0,0,0,946.3557555947102,OPTIMAL,833123450.69096
2026-01-10 14:15:00,ZONE_A,2,0.9782734,0.93231255,1364.0454000000002,2575.27938728358,1211.2339872835798,911.2339872835798,0.7089100421908794,1.054976896950712,300.0,0,0,0,911.2339872835798,OPTIMAL,726546476.6085021
2026-01-10 14:30:00,ZONE_A,2,0.94677037,0.9243858,1426.6892,2579.2202558949202,1152.53105589492,852.53105589492,0.7116059359286087,1.0409005244858123,300.0,0,0,0,852.53105589492,OPTIMAL,676692143.9083352
2026-01-10 14:45:00,ZONE_A,2,0.9187329,0.9488689,1475.1322,2618.14290309426,1143.01070309426,843.01070309426,0.7062790209462134,1.0328535087395028,300.0,0,0,0,843.01070309426,OPTIMAL,648432385.2775021
2026-01-10 15:00:00,ZONE_A,2,0.8832582,0.954242,1637.9688,2747.7047247484,1109.7359247484,809.7359247484001,0.7336985018565197,1.0507659100984559,300.0,0,0,0,809.7359247484001,OPTIMAL,710793041.9970028
2026-01-10 15:15:00,ZONE_A,2,0.943854,0.71900827,1703.0876,2488.433514312529,785.345914312529,485.345914312529,0.7333908547371304,0.9577754024544098,300.0,0,0,0,485.345914312529,OPTIMAL,382082366.4376925
2026-01-10 15:30:00,ZONE_A,2,0.9210001,0.79432464,1767.23734,2573.9283119523902,806.6909719523904,506.69097195239044,0.7137644065830823,0.9442475422258175,300.0,0,0,0,506.69097195239044,OPTIMAL,334948306.3660812
2026-01-10 15:45:00,ZONE_A,2,0.9039827,0.69142604,1845.725,2505.170303944068,659.445303944068,359.445303944068,0.7163669253590522,0.9047798699845406,300.0,0,0,0,359.445303944068,OPTIMAL,195338997.3325727
2026-01-10 16:00:00,ZONE_A,2,0.83894193,0.8447972,1887.4198,2644.24286086192,756.82306086192,456.82306086192,0.7037054454329313,0.919940606491188,300.0,0,0,0,456.82306086192,OPTIMAL,249375352.40854785
2026-01-10 16:15:00,ZONE_A,1,0.6761908,0.8801111,1976.1041,2692.41085831242,716.30675831242,416.30675831242,0.6994189666153549,0.9040780411865407,300.0,0,0,0,416.30675831242,OPTIMAL,193451211.0260887
2026-01-10 16:30:00,ZONE_A,1,0.7050865,0.43378747,2047.07794,2047.07794,0.0,0.0,0.6993505063550879,0.6993505063550879,0.0,0,0,0,0.0,OPTIMAL,0.0
2026-01-10 16:45:00,ZONE_A,1,0.7119314,0.3644147,2166.1442,2166.1442,0.0,0.0,0.7009165945413984,0.7009165945413984,0.0,0,0,0,0.0,OPTIMAL,0.0
2026-01-10 17:00:00,ZONE_A,1,0.97568625,0.59398866,2191.6743,2557.463862011406,365.789562011406,65.78956201140602,0.6942390194735837,0.7987503232581417,300.0,0,0,0,65.78956201140602,OPTIMAL,672895.6201140602
2026-01-10 17:15:00,ZONE_A,1,0.9831701,0.6070075,2210.24576,2559.25791846805,349.01215846805,49.01215846805002,0.6781497920551146,0.7778675519491647,300.0,0,0,0,49.01215846805002,OPTIMAL,505121.58468050015
2026-01-10 17:30:00,ZONE_A,1,0.98579746,0.49871218,2208.86006,2208.86006,0.0,0.0,0.6847152770484459,0.6847152770484459,0.0,0,0,0,0.0,OPTIMAL,0.0
2026-01-10 17:45:00,ZONE_A,1,0.9839909,0.5601932,2210.7439700000004,2541.8906009865564,331.146630986556,31.146630986555977,0.6942410493151688,0.788854372770529,300.0,0,0,0,31.146630986555977,OPTIMAL,326466.30986555974
2026-01-10 18:00:00,ZONE_A,1,0.96698016,0.6392606,2214.7504,2596.07708295326,381.32668295326,81.32668295325999,0.6891760618988715,0.7981265430989857,300.0,0,0,0,81.32668295325999,OPTIMAL,828266.8295325999
2026-01-10 18:15:00,ZONE_A,1,0.98706764,0.5867711,2213.1058,2560.3889746820596,347.28317468206,47.28317468206001,0.6837384771135414,0.7829622416167074,300.0,0,0,0,47.28317468206001,OPTIMAL,487831.74682060006
2026-01-10 18:30:00,ZONE_A,1,0.9852614,0.55985457,2225.80764,2551.607874464278,325.8002344642783,25.800234464278276,0.6802358491686183,0.77332163073937,300.0,0,0,0,25.800234464278276,OPTIMAL,273002.34464278276
2026-01-10 18:45:00,ZONE_A,1,0.9872721,0.5215632,2239.7343,2534.5390322256,294.8047322256,0.0,0.6812920233162904,0.765521947084797,294.8047322256,0,0,0,0.0,OPTIMAL,14740.23661128
2026-01-10 19:00:00,ZONE_A,1,0.98614144,0.7315278,2207.9531500000003,2644.3169808599505,436.36383085995,136.36383085994999,0.6823356460817144,0.807011026728527,300.0,0,0,0,136.36383085994999,OPTIMAL,1378638.3085994998
2026-01-10 19:15:00,ZONE_A,1,0.98691547,0.6605579,2229.36026,2610.702541933386,381.34228193338606,81.34228193338606,0.6941583392480276,0.8031132772877897,300.0,0,0,0,81.34228193338606,OPTIMAL,828422.8193338607
2026-01-10 19:30:00,ZONE_A,1,0.83858365,0.45752642,2286.2214700000004,2286.2214700000004,0.0,0.0,0.705750053002416,0.705750053002416,0.0,0,0,0,0.0,OPTIMAL,0.0
2026-01-10 19:45:00,ZONE_A,1,0.9824155,0.57950443,2295.3250000000003,2584.4532625802194,289.128262580219,0.0,0.6812568828867264,0.7638649581688429,289.128262580219,0,0,0,0.0,OPTIMAL,14456.413129010949
2026-01-10 20:00:00,ZONE_A,0,0.9088498,0.47281447,2188.9810700000003,2188.9810700000003,0.0,0.0,0.6440798615391562,0.6440798615391562,0.0,0,0,0,0.0,OPTIMAL,0.0
2026-01-10 20:15:00,ZONE_A,0,0.88268787,0.56829864,2141.02612,2428.8763030374353,287.85018303743516,0.0,0.6438323257815296,0.7260752354897037,287.85018303743516,0,0,0,0.0,OPTIMAL,14392.509151871758
2026-01-10 20:30:00,ZONE_A,0,0.976437,0.538373,2103.4906,2387.2906428747,283.8000428747,0.0,0.6393064824394581,0.7203922092506543,283.8000428747,0,0,0,0.0,OPTIMAL,14190.002143735
2026-01-10 20:45:00,ZONE_A,0,0.9887129,0.6779717,2002.33933,2398.5246150322987,396.18528503229896,96.18528503229896,0.6225917702944669,0.7357875663731126,300.0,0,0,0,96.18528503229896,OPTIMAL,976852.8503229896
2026-01-10 21:00:00,ZONE_A,0,0.9901765,0.52896076,1982.8715,2290.7598810557283,307.888381055728,7.8883810557280185,0.6342620852079324,0.7222301943281544,300.0,0,0,0,7.8883810557280185,OPTIMAL,93883.81055728019
2026-01-10 21:15:00,ZONE_A,0,0.9901765,0.52896076,1936.3061,2241.669910036476,305.363810036476,5.363810036476025,0.6188335175251383,0.7060803206376628,300.0,0,0,0,5.363810036476025,OPTIMAL,68638.10036476025
2026-01-10 21:30:00,ZONE_A,0,0.9901765,0.59650016,1867.66825,2218.7181679875675,351.04991798756794,51.04991798756794,0.6115306946107828,0.7118306714567346,300.0,0,0,0,51.04991798756794,OPTIMAL,525499.1798756793
2026-01-10 21:45:00,ZONE_A,0,0.9901765,0.65154153,1859.01175,2242.1670026776733,383.1552526776735,83.1552526776735,0.607341200261647,0.7168141298881902,300.0,0,0,0,83.1552526776735,OPTIMAL,846552.526776735
2026-01-10 22:00:00,ZONE_A,0,0.9901765,0.8459078,1862.72863,2351.397444201226,488.668814201226,188.66881420122598,0.6039371411387074,0.7435568027208055,300.0,0,0,0,188.66881420122598,OPTIMAL,1901688.14201226
2026-01-10 22:15:00,ZONE_A,0,0.99154973,0.7158945,1817.3268000000005,2224.053812619901,406.7270126199,106.7270126199,0.5888252889927246,0.7050330071889984,300.0,0,0,0,106.7270126199,OPTIMAL,1082270.126199
2026-01-10 22:30:00,ZONE_A,0,0.9932842,0.7610499,1783.9054999999998,2219.1704861573,435.2649861573,135.26498615729997,0.5776506389086423,0.7020120638451457,300.0,0,0,0,135.26498615729997,OPTIMAL,1367649.8615729997
2026-01-10 22:45:00,ZONE_A,0,0.99312675,0.7412128,1710.61396,2155.675734257472,445.061774257472,145.061774257472,0.5719709952422957,0.6991315024968466,300.0,0,0,0,145.061774257472,OPTIMAL,1465617.74257472
2026-01-10 23:00:00,ZONE_A,0,0.99785644,0.6923787,1833.56835,2163.763855886805,330.195505886805,30.195505886804995,0.5548811922675928,0.649222765616307,300.0,0,0,0,30.195505886804995,OPTIMAL,316955.05886804993
2026-01-10 23:15:00,ZONE_A,0,0.99649054,0.6562252,1718.7711,2101.62528433628,382.85418433627996,82.85418433627996,0.5647812977862138,0.6741682078626147,300.0,0,0,0,82.85418433627996,OPTIMAL,843541.8433627996
2026-01-10 23:30:00,ZONE_A,0,0.9966973,0.7163685,1734.82607,2138.106598208255,403.28052820825496,103.28052820825496,0.5584114134319462,0.6736344217642621,300.0,0,0,0,103.28052820825496,OPTIMAL,1047805.2820825496
2026-01-10 23:45:00,ZONE_A,0,0.9964372,0.6325433,1718.8874,2089.56859029043,370.68119029043004,70.68119029043004,0.5641474696658701,0.6700563814248556,300.0,0,0,0,70.68119029043004,OPTIMAL,721811.9029043004
2026-01-11 00:00:00,ZONE_A,0,0.99747247,0.6653363,1731.3404,2099.71708268737,368.37668268736996,68.37668268736996,0.559842072070687,0.6650925530749617,300.0,0,0,0,68.37668268736996,OPTIMAL,698766.8268736997
2026-01-11 00:15:00,ZONE_A,0,0.99638784,0.6794147,1716.0381000000002,2108.05759629973,392.01949629973,92.01949629973001,0.5718673004549933,0.6838728710836994,300.0,0,0,0,92.01949629973001,OPTIMAL,935194.9629973001
2026-01-11 00:30:00,ZONE_A,0,0.99727327,0.76599836,1768.3693000000003,2171.6310516179,403.26175161789996,103.26175161789996,0.5679746168097954,0.6831922603901116,300.0,0,0,0,103.26175161789996,OPTIMAL,1047617.5161789996
2026-01-11 00:45:00,ZONE_A,0,0.9966973,0.6578391,1742.554,2104.33754683825,361.78354683825,61.783546838250004,0.5613302203453978,0.6646969482506292,300.0,0,0,0,61.783546838250004,OPTIMAL,632835.4683825
2026-01-11 01:00:00,ZONE_A,0,0.99784195,0.5982358,1843.1133,2107.43158421968,264.31828421968004,0.0,0.5474828215887156,0.6230023315373409,264.31828421968004,0,0,0,0.0,OPTIMAL,13215.914210984001
2026-01-11 01:15:00,ZONE_A,0,0.99801505,0.61646855,1807.89766,2111.060087957327,303.162427957327,3.1624279573269973,0.5738822731332618,0.6605001098948134,300.0,0,0,0,3.1624279573269973,OPTIMAL,46624.279573269974
2026-01-11 01:30:00,ZONE_A,0,0.9974299,0.56258094,1841.17504,2100.5582481445986,259.3832081445984,0.0,0.5614346084020114,0.6355440966148649,259.3832081445984,0,0,0,0.0,OPTIMAL,12969.160407229921
2026-01-11 01:45:00,ZONE_A,0,0.9972395,0.67309946,1719.41053,2100.888417182988,381.4778871829882,81.47788718298818,0.5691597224300424,0.6781534047307888,300.0,0,0,0,81.47788718298818,OPTIMAL,829778.8718298818
2026-01-11 02:00:00,ZONE_A,0,0.9973584,0.6688587,1773.9379999999996,2119.7617592697197,345.82375926972003,45.82375926972003,0.5660548317982861,0.6648616203794125,300.0,0,0,0,45.82375926972003,OPTIMAL,473237.5926972003
2026-01-11 02:15:00,ZONE_A,0,0.996838,0.066937864,1949.88953,1949.88953,0.0,0.0,0.5432306376946127,0.5432306376946127,0.0,0,0,0,0.0,OPTIMAL,0.0
2026-01-11 02:30:00,ZONE_A,0,0.9975975,0.06779047,1943.79612,1943.79612,0.0,0.0,0.5369803627541023,0.5369803627541023,0.0,0,0,0,0.0,OPTIMAL,0.0
2026-01-11 02:45:00,ZONE_A,0,0.9973363,0.15992518,1911.90428,1911.90428,0.0,0.0,0.5559040320316417,0.5559040320316417,0.0,0,0,0,0.0,OPTIMAL,0.0
2026-01-11 03:00:00,ZONE_A,0,0.99676824,0.5809925,1778.92676,2070.2052815417,291.2785215417,0.0,0.549323129844671,0.632545564762652,291.2785215417,0,0,0,0.0,OPTIMAL,14563.926077085
2026-01-11 03:15:00,ZONE_A,0,0.9973226,0.09996325,1966.01104,1966.01104,0.0,0.0,0.5550705519302342,0.5550705519302342,0.0,0,0,0,0.0,OPTIMAL,0.0
2026-01-11 03:30:00,ZONE_A,0,0.9978502,0.7780954,1856.04313,2189.812886393098,333.769756393098,33.76975639309802,0.5481209147589968,0.6434837025058403,300.0,0,0,0,33.76975639309802,OPTIMAL,352697.5639309802
2026-01-11 03:45:00,ZONE_A,0,0.99796957,0.52390057,1892.92668,2100.7517597901715,207.8250797901714,0.0,0.5529606193909069,0.6123392137503768,207.8250797901714,0,0,0,0.0,OPTIMAL,10391.25398950857
2026-01-11 04:00:00,ZONE_A,0,0.99796116,0.58278155,1900.8611,2127.139382484995,226.27828248499497,0.0,0.5544869088150222,0.6191378468113309,226.27828248499497,0,0,0,0.0,OPTIMAL,11313.914124249748
2026-01-11 04:15:00,ZONE_A,0,0.9979627,0.074080795,1932.17876,1932.17876,0.0,0.0,0.5519462772019904,0.5519462772019904,0.0,0,0,0,0.0,OPTIMAL,0.0
2026-01-11 04:30:00,ZONE_A,0,0.9979711,0.1120262,1920.58233,1920.58233,0.0,0.0,0.5471844859882576,0.5471844859882576,0.0,0,0,0,0.0,OPTIMAL,0.0
2026-01-11 04:45:00,ZONE_A,0,0.9925202,0.051849958,1947.3243,1947.3243,0.0,0.0,0.560214889061915,0.560214889061915,0.0,0,0,0,0.0,OPTIMAL,0.0
2026-01-11 05:00:00,ZONE_A,0,0.997543,0.04355014,2259.99557,2259.99557,0.0,0.0,0.6159520554232483,0.6159520554232483,0.0,0,0,0,0.0,OPTIMAL,0.0
2026-01-11 05:15:00,ZONE_A,0,0.99298406,0.043709185,2279.7401,2279.7401,0.0,0.0,0.6219691666761815,0.6219691666761815,0.0,0,0,0,0.0,OPTIMAL,0.0
2026-01-11 05:30:00,ZONE_A,0,0.9914221,0.05938539,2253.52024,2253.52024,0.0,0.0,0.6325669729962345,0.6325669729962345,0.0,0,0,0,0.0,OPTIMAL,0.0
2026-01-11 05:45:00,ZONE_A,0,0.9924562,0.2940402,2211.63106,2211.63106,0.0,0.0,0.6423256818188112,0.6423256818188112,0.0,0,0,0,0.0,OPTIMAL,0.0
2026-01-11 06:00:00,ZONE_A,1,0.63599175,0.25019372,2250.17038,2250.17038,0.0,0.0,0.6503099032980129,0.6503099032980129,0.0,0,0,0,0.0,OPTIMAL,0.0
2026-01-11 06:15:00,ZONE_A,1,0.9960991,0.5616622,2103.88397,2443.074766239526,339.19079623952604,39.19079623952604,0.6710543744495714,0.7679660307743666,300.0,0,0,0,39.19079623952604,OPTIMAL,406907.96239526034
2026-01-11 06:30:00,ZONE_A,1,0.99560285,0.61559916,2098.4256,2489.242789680456,390.817189680456,90.81718968045601,0.6743641914485612,0.786026245946875,300.0,0,0,0,90.81718968045601,OPTIMAL,923171.8968045601
2026-01-11 06:45:00,ZONE_A,1,0.9944084,0.46021008,2095.6889,2095.6889,0.0,0.0,0.693503234397543,0.693503234397543,0.0,0,0,0,0.0,OPTIMAL,0.0
2026-01-11 07:00:00,ZONE_A,2,0.6590188,0.52725965,2046.25887,2437.570487647404,391.31161764740443,91.31161764740443,0.7034191303737889,0.8152224500213399,300.0,0,0,0,91.31161764740443,OPTIMAL,928116.1764740443
2026-01-11 07:15:00,ZONE_A,2,0.91815203,0.7797285,1959.0543,2637.4667500584,678.4124500584,378.41245005840005,0.7211675601821599,0.9149996893595269,300.0,0,0,0,378.41245005840005,OPTIMAL,231298036.56732798
2026-01-11 07:30:00,ZONE_A,2,0.9766814,0.8453539,1923.92164,2727.521279144704,803.5996391447039,503.59963914470393,0.738339967818972,0.9679398654225407,300.0,0,0,0,503.59963914470393,OPTIMAL,417840524.1026983
2026-01-11 07:45:00,ZONE_A,2,0.8992958,0.8918608,1933.36024,2801.769524589568,868.4092845895681,568.4092845895681,0.7370829067375314,0.9851998460012192,300.0,0,0,0,568.4092845895681,OPTIMAL,478898552.30626607
2026-01-11 08:00:00,ZONE_A,3,0.94243973,0.8837177,1881.3956,2831.23429551878,949.8386955187801,649.8386955187801,0.7793459329619006,1.050728418310875,300.0,0,0,0,649.8386955187801,OPTIMAL,709062848.6744202
2026-01-11 08:15:00,ZONE_A,3,0.9812195,0.8079523,1837.196,2764.66351284428,927.46751284428,627.46751284428,0.7805190276672264,1.0455097465730931,300.0,0,0,0,627.46751284428,OPTIMAL,690573785.6801641
2026-01-11 08:30:00,ZONE_A,3,0.9673346,0.86258054,1866.4041,2857.9873551113756,991.5832551113759,691.5832551113759,0.7806515459680763,1.0639610485112083,300.0,0,0,0,691.5832551113759,OPTIMAL,755794499.4783711
2026-01-11 08:45:00,ZONE_A,3,0.9814525,0.85876775,1800.755,2863.6329512845005,1062.8779512845,762.8779512845001,0.8005621916256181,1.1042416074333712,300.0,0,0,0,762.8779512845001,OPTIMAL,897489402.145134
2026-01-11 09:00:00,ZONE_A,2,0.93952435,0.93260247,1657.5383000000002,2662.87536923777,1005.3370692377699,705.3370692377699,0.718237511562987,1.0054766755041122,300.0,0,0,0,705.3370692377699,OPTIMAL,551236732.4906099
2026-01-11 09:15:00,ZONE_A,2,0.9816306,0.9032766,1474.6365,2612.3034416574,1137.6669416574,837.6669416574,0.728933237086125,1.0539809361835086,300.0,0,0,0,837.6669416574,OPTIMAL,722324942.8060284
2026-01-11 09:30:00,ZONE_A,2,0.9835471,0.94596237,1438.5027,2639.3160353318044,1200.8133353318042,900.8133353318042,0.7096638514230058,1.0527533773676514,300.0,0,0,0,900.8133353318042,OPTIMAL,718659950.9048951
2026-01-11 09:45:00,ZONE_A,2,0.9820373,0.8489382,1396.1443000000002,2496.1138653152802,1099.9695653152799,799.9695653152799,0.707167490006694,1.021444510244017,300.0,0,0,0,799.9695653152799,OPTIMAL,608070478.4984763
2026-01-11 10:00:00,ZONE_A,2,0.98756194,0.86977476,1430.1681,2557.247370498564,1127.079270498564,827.079270498564,0.7375791235458887,1.059601773402651,300.0,0,0,0,827.079270498564,OPTIMAL,741891997.0106312
2026-01-11 10:15:00,ZONE_A,2,0.9567464,0.8545877,1491.1865,2550.91302077634,1059.72652077634,759.7265207763401,0.7236033886073812,1.026382395660469,300.0,0,0,0,759.7265207763401,OPTIMAL,624950647.7419643
2026-01-11 10:30:00,ZONE_A,2,0.98441064,0.9273508,1459.5738,2644.4998086330397,1184.92600863304,884.92600863304,0.7290692046090589,1.0676194939559907,300.0,0,0,0,884.92600863304,OPTIMAL,770532486.3088968
2026-01-11 10:45:00,ZONE_A,2,0.98351145,0.900392,1486.9964999999995,2618.6127671679997,1131.6162671680001,831.6162671680001,0.7377092171338013,1.0610281517144815,300.0,0,0,0,831.6162671680001,OPTIMAL,746929691.1501094
2026-01-11 11:00:00,ZONE_A,2,0.96389717,0.90224284,1469.8112,2627.8203966946558,1158.0091966946559,858.0091966946559,0.7336599140119211,1.0645196857569068,300.0,0,0,0,858.0091966946559,OPTIMAL,759413989.2549952
2026-01-11 11:15:00,ZONE_A,2,0.9637987,0.921654,1402.7087,2587.513810907,1184.805110907,884.805110907,0.7141578269885226,1.0526735741866975,300.0,0,0,0,884.805110907,OPTIMAL,718220558.1960635
2026-01-11 11:30:00,ZONE_A,2,0.9364172,0.9402311,1462.8125,2697.6600319601703,1234.84753196017,934.84753196017,0.7474682687995532,1.1002818506618295,300.0,0,0,0,934.84753196017,OPTIMAL,885349949.4027568
2026-01-11 11:45:00,ZONE_A,2,0.96113515,0.88387555,1387.3767,2572.761026654215,1185.3843266542149,885.3843266542149,0.7224034731512522,1.0610847106294141,300.0,0,0,0,885.3843266542149,OPTIMAL,747665327.6527836
2026-01-11 12:00:00,ZONE_A,3,0.5884731,0.8493783,1353.6701,2531.14837316975,1177.47827316975,877.4782731697501,0.760259093187816,1.0966814582137325,300.0,0,0,0,877.4782731697501,OPTIMAL,872174883.2380973
2026-01-11 12:15:00,ZONE_A,2,0.95151216,0.92914426,1254.0440999999998,2577.79825008265,1323.75415008265,1023.7541500826501,0.722762597710987,1.1009780704863348,300.0,0,0,0,1023.7541500826501,OPTIMAL,888675785.1298923
2026-01-11 12:30:00,ZONE_A,3,0.8539546,0.95336086,1341.0305999999998,2712.490439227322,1371.459839227322,1071.459839227322,0.7677780470289194,1.159623716931252,300.0,0,0,0,1071.459839227322,OPTIMAL,1094412603.3603802
2026-01-11 12:45:00,ZONE_A,2,0.96535736,0.9651311,1273.4002000000005,2642.4730240171602,1369.07282401716,1069.07282401716,0.7265111482579782,1.1176748136719898,300.0,0,0,0,1069.07282401716,OPTIMAL,947567572.7172309
2026-01-11 13:00:00,ZONE_A,2,0.9704677,0.90765715,1290.3882,2542.581203019915,1252.193003019915,952.1930030199151,0.7141142107239957,1.0718836416505741,300.0,0,0,0,952.1930030199151,OPTIMAL,786129672.5679086
2026-01-11 13:15:00,ZONE_A,2,0.9861481,0.9405309,1350.1976000000002,2622.45412464236,1272.2565246423599,972.2565246423599,0.7164330262265248,1.0799348917212135,300.0,0,0,0,972.2565246423599,OPTIMAL,814509683.3678445
2026-01-11 13:30:00,ZONE_A,2,0.9835957,0.9415867,1402.8606000000002,2630.98503254779,1228.1244325477899,928.1244325477899,0.7169482011764892,1.0678408977011664,300.0,0,0,0,928.1244325477899,OPTIMAL,771739382.9963083
2026-01-11 13:45:00,ZONE_A,2,0.98621964,0.92571694,1401.2194999999997,2593.8385001389415,1192.619000138942,892.619000138942,0.7103365488661969,1.0510848358661116,300.0,0,0,0,892.619000138942,OPTIMAL,712738112.9593772
2026-01-11 14:00:00,ZONE_A,2,0.92472196,0.9177938,1468.8452000000002,2590.6128899490604,1121.76768994906,821.76768994906,0.7098669157950602,1.030371971187315,300.0,0,0,0,821.76768994906,OPTIMAL,639534573.8468618
2026-01-11 14:15:00,ZONE_A,2,0.83161414,0.92828286,1509.7009,2595.621691951762,1085.920791951762,785.9207919517621,0.7009327751940054,1.0111958597029385,300.0,0,0,0,785.9207919517621,OPTIMAL,572059714.8902003
2026-01-11 14:30:00,ZONE_A,1,0.66843086,0.7080987,1545.2417,2349.19494211043,803.9532421104299,503.95324211042987,0.6975009722058013,0.9272018993345825,300.0,0,0,0,503.95324211042987,OPTIMAL,275261179.1375242
2026-01-11 14:45:00,ZONE_A,2,0.7487197,0.7958149,1643.8971,2490.13236503781,846.23526503781,546.23526503781,0.7077620347550209,0.9495435398862361,300.0,0,0,0,546.23526503781,OPTIMAL,353879741.04942095
2026-01-11 15:00:00,ZONE_A,2,0.9165877,0.77759,1784.0464,2581.695966989,797.649566989,497.64956698900005,0.7303923109044094,0.9582921879724821,300.0,0,0,0,497.64956698900005,OPTIMAL,384014152.2672021
2026-01-11 15:15:00,ZONE_A,2,0.9360447,0.79812336,1797.0575399999998,2592.1202246141374,795.0626846141375,495.06268461413754,0.7180617406251669,0.9452225084173419,300.0,0,0,0,495.06268461413754,OPTIMAL,338244405.192444
2026-01-11 15:30:00,ZONE_A,2,0.87667054,0.4293211,1874.45596,1874.45596,0.0,0.0,0.7079506767995951,0.7079506767995951,0.0,0,0,0,0.0,OPTIMAL,0.0
2026-01-11 15:45:00,ZONE_A,2,0.88475966,0.552847,1931.8495,2421.7700723425005,489.9205723425,189.9205723425,0.7123870105964221,0.8523643174589776,300.0,0,0,0,189.9205723425,OPTIMAL,10189316.801529828
2026-01-11 16:00:00,ZONE_A,1,0.61954015,0.74934644,1955.4623,2575.0193138794602,619.55701387946,319.55701387946,0.6990478373077944,0.87606412764421,300.0,0,0,0,319.55701387946,OPTIMAL,94435016.55516997
2026-01-11 16:15:00,ZONE_A,1,0.5773647,0.37655556,2015.76297,2015.76297,0.0,0.0,0.702822751748471,0.702822751748471,0.0,0,0,0,0.0,OPTIMAL,0.0
2026-01-11 16:30:00,ZONE_A,1,0.8804268,0.7064894,2084.00575,2585.96841154585,501.96266154585004,201.96266154585004,0.6950172331179368,0.8384351369078253,300.0,0,0,0,201.96266154585004,OPTIMAL,2034626.6154585003
2026-01-11 16:45:00,ZONE_A,1,0.9556936,0.24584733,2117.7631,2117.7631,0.0,0.0,0.6850751971192076,0.6850751971192076,0.0,0,0,0,0.0,OPTIMAL,0.0
2026-01-11 17:00:00,ZONE_A,1,0.955725,0.19848497,2221.51897,2221.51897,0.0,0.0,0.6917383680283893,0.6917383680283893,0.0,0,0,0,0.0,OPTIMAL,0.0
2026-01-11 17:15:00,ZONE_A,1,0.9828242,0.7293598,2207.8595,2640.6495708833,432.7900708833,132.79007088330002,0.6776564845003911,0.8013107908831443,300.0,0,0,0,132.79007088330002,OPTIMAL,1342900.7088330002
2026-01-11 17:30:00,ZONE_A,1,0.9854189,0.35993364,2194.49886,2194.49886,0.0,0.0,0.6845495716455252,0.6845495716455252,0.0,0,0,0,0.0,OPTIMAL,0.0
2026-01-11 17:45:00,ZONE_A,1,0.9837204,0.8497065,2197.56306,2710.48306956231,512.92000956231,212.92000956231004,0.6835226899970729,0.8300712646230776,300.0,0,0,0,212.92000956231004,OPTIMAL,2144200.0956231006
2026-01-11 18:00:00,ZONE_A,1,0.98181045,0.2552205,2203.9207,2203.9207,0.0,0.0,0.6882674472659294,0.6882674472659294,0.0,0,0,0,0.0,OPTIMAL,0.0
2026-01-11 18:15:00,ZONE_A,1,0.9881853,0.5127945,2200.0478,2510.48379592505,310.43599592505,10.435995925050008,0.693280860393582,0.7819768595044706,300.0,0,0,0,10.435995925050008,OPTIMAL,119359.95925050008
2026-01-11 18:30:00,ZONE_A,1,0.9807942,0.3828581,2198.16595,2198.16595,0.0,0.0,0.6838960095907816,0.6838960095907816,0.0,0,0,0,0.0,OPTIMAL,0.0
2026-01-11 18:45:00,ZONE_A,1,0.9861545,0.35149762,2194.9459500000003,2194.9459500000003,0.0,0.0,0.6855599346480469,0.6855599346480469,0.0,0,0,0,0.0,OPTIMAL,0.0
2026-01-11 19:00:00,ZONE_A,1,0.96627563,0.33757335,2214.4151,2214.4151,0.0,0.0,0.692244313948594,0.692244313948594,0.0,0,0,0,0.0,OPTIMAL,0.0
2026-01-11 19:15:00,ZONE_A,1,0.96554446,0.60317075,2207.5471,2571.8714011954,364.32430119540004,64.32430119540004,0.6781442961917411,0.7822369540155156,300.0,0,0,0,64.32430119540004,OPTIMAL,658243.0119540005
2026-01-11 19:30:00,ZONE_A,1,0.9880823,0.71913,2201.5988,2631.4591889780004,429.860388978,129.860388978,0.692064884629448,0.8148821390116968,300.0,0,0,0,129.860388978,OPTIMAL,1313603.88978
2026-01-11 19:45:00,ZONE_A,1,0.9862124,0.6466857,2186.94964,2573.753930604952,386.80429060495203,86.80429060495203,0.6765625430781104,0.7870780550309929,300.0,0,0,0,86.80429060495203,OPTIMAL,883042.9060495202
2026-01-11 20:00:00,ZONE_A,1,0.81633073,0.8361575,2059.0761999999995,2559.5731552284997,500.49695522850004,200.49695522850004,0.6508789048530177,0.793878035382955,300.0,0,0,0,200.49695522850004,OPTIMAL,2019969.5522850004
2026-01-11 20:15:00,ZONE_A,0,0.90408814,0.44907674,2016.7507,2016.7507,0.0,0.0,0.6356006307407178,0.6356006307407178,0.0,0,0,0,0.0,OPTIMAL,0.0
2026-01-11 20:30:00,ZONE_A,0,0.89241004,0.7244914,2020.2377,2454.7815559922396,434.54385599224,134.54385599224003,0.6416498338369973,0.7658052216665384,300.0,0,0,0,134.54385599224003,OPTIMAL,1360438.5599224002
2026-01-11 20:45:00,ZONE_A,0,0.90395176,0.64952344,2008.3023,2401.47864869692,393.17634869692,93.17634869692,0.649832661354195,0.7621687613292057,300.0,0,0,0,93.17634869692,OPTIMAL,946763.4869692
2026-01-11 21:00:00,ZONE_A,0,0.99007577,0.5014666,1958.23784,2258.590989278036,300.353149278036,0.35314927803602814,0.6255337878650569,0.7113489736188707,300.0,0,0,0,0.35314927803602814,OPTIMAL,18531.49278036028
2026-01-11 21:15:00,ZONE_A,0,0.9890168,0.4614069,1896.3527,1896.3527,0.0,0.0,0.6130443039747444,0.6130443039747444,0.0,0,0,0,0.0,OPTIMAL,0.0
2026-01-11 21:30:00,ZONE_A,0,0.9901765,0.6514348,1889.20687,2275.183181125684,385.976311125684,85.97631112568399,0.6173349814926029,0.7276139278362533,300.0,0,0,0,85.97631112568399,OPTIMAL,874763.1112568399
2026-01-11 21:45:00,ZONE_A,0,0.98952943,0.3643529,1862.76814,1862.76814,0.0,0.0,0.6123141617454663,0.6123141617454663,0.0,0,0,0,0.0,OPTIMAL,0.0
2026-01-11 22:00:00,ZONE_A,0,0.9901714,0.8067504,1822.9888,2305.6381986054403,482.64939860544,182.64939860544,0.5957657211236929,0.7336655496649328,300.0,0,0,0,182.64939860544,OPTIMAL,1841493.9860544002
2026-01-11 22:15:00,ZONE_A,0,0.9933397,0.7051238,1797.27235,2217.67220119517,420.39985119516996,120.39985119516996,0.5866875328427208,0.706801776351749,300.0,0,0,0,120.39985119516996,OPTIMAL,1218998.5119516996
2026-01-11 22:30:00,ZONE_A,0,0.9908715,0.7511701,1773.7909,2225.07917314604,451.28827314603996,151.28827314603996,0.5859613455129336,0.7149008524630391,300.0,0,0,0,151.28827314603996,OPTIMAL,1527882.7314603995
2026-01-11 22:45:00,ZONE_A,0,0.99314606,0.73337555,1734.3504,2173.67212949733,439.32172949733,139.32172949733,0.5850185265811414,0.7105390210470043,300.0,0,0,0,139.32172949733,OPTIMAL,1408217.2949733
2026-01-11 23:00:00,ZONE_A,0,0.99585706,0.7432101,1705.8012,2149.73486236392,443.93366236392,143.93366236392,0.571263017580034,0.6981012071406423,300.0,0,0,0,143.93366236392,OPTIMAL,1454336.6236392
2026-01-11 23:15:00,ZONE_A,0,0.9963825,0.6870829,1697.435,2110.05129872715,412.61629872715,112.61629872715002,0.5664435732420263,0.6843339445921593,300.0,0,0,0,112.61629872715002,OPTIMAL,1141162.9872715003
2026-01-11 23:30:00,ZONE_A,0,0.9960188,0.579799,1698.72777,2048.73261456817,350.00484456817,50.00484456816997,0.5633873231060318,0.6633887075098928,300.0,0,0,0,50.00484456816997,OPTIMAL,515048.4456816997
2026-01-11 23:45:00,ZONE_A,0,0.98021555,0.46244597,1694.4163999999996,1694.4163999999996,0.0,0.0,0.5710746022335332,0.5710746022335332,0.0,0,0,0,0.0,OPTIMAL,0.0
2026-01-12 00:00:00,ZONE_A,0,0.9964644,0.6325433,1696.28807,2072.123684855439,375.835614855439,75.83561485543902,0.5596889753265682,0.6670705798214397,300.0,0,0,0,75.83561485543902,OPTIMAL,773356.1485543902
2026-01-12 00:15:00,ZONE_A,0,0.9963865,0.74519765,1731.8991500000002,2180.1588239015628,448.2596739015625,148.2596739015625,0.6006353625123567,0.7287095553510641,300.0,0,0,0,148.2596739015625,OPTIMAL,1497596.739015625
2026-01-12 00:30:00,ZONE_A,0,0.99495256,0.5147597,1691.30147,2001.9070766150312,310.60560661503104,10.605606615031036,0.5663893149269105,0.6551337741630331,300.0,0,0,0,10.605606615031036,OPTIMAL,121056.06615031036
2026-01-12 00:45:00,ZONE_A,0,0.99662244,0.6553512,1733.4372000000003,2124.5059046028005,391.0687046028,91.06870460279998,0.5896566492154124,0.7013905650767097,300.0,0,0,0,91.06870460279998,OPTIMAL,925687.0460279998
2026-01-12 01:00:00,ZONE_A,0,0.9970245,0.3750646,1686.3336,1686.3336,0.0,0.0,0.5662109956912217,0.5662109956912217,0.0,0,0,0,0.0,OPTIMAL,0.0
2026-01-12 01:15:00,ZONE_A,0,0.9956613,0.4301793,1717.1946,1717.1946,0.0,0.0,0.5804493890465601,0.5804493890465601,0.0,0,0,0,0.0,OPTIMAL,0.0
2026-01-12 01:30:00,ZONE_A,0,0.9963644,0.768752,1706.96015,2170.3422152312,463.3820652312,163.3820652312,0.5772444204831568,0.709639296568831,300.0,0,0,0,163.3820652312,OPTIMAL,1648820.6523119998
2026-01-12 01:45:00,ZONE_A,0,0.9944733,0.54494786,1690.5242000000003,2020.3798317831363,329.85563178313595,29.855631783135948,0.5701547518393466,0.6643992182927718,300.0,0,0,0,29.855631783135948,OPTIMAL,313556.31783135945
2026-01-12 02:00:00,ZONE_A,0,0.99495256,0.5147597,1684.97514,1995.629097993652,310.653957993652,10.653957993652,0.5704419878298288,0.6592002617469124,300.0,0,0,0,10.653957993652,OPTIMAL,121539.57993652
2026-01-12 02:15:00,ZONE_A,0,0.9949892,0.46268588,1682.2662,1682.2662,0.0,0.0,0.5660088643337128,0.5660088643337128,0.0,0,0,0,0.0,OPTIMAL,0.0
2026-01-12 02:30:00,ZONE_A,0,0.9944602,0.64610237,1681.5302699999995,2071.948824026572,390.4185540265721,90.41855402657211,0.5691550823904603,0.6807032409476264,300.0,0,0,0,90.41855402657211,OPTIMAL,919185.5402657212
2026-01-12 02:45:00,ZONE_A,0,0.99632627,0.7850578,1685.9944,2157.53293009604,471.53853009604,171.53853009604,0.5710149878567564,0.7057402824833382,300.0,0,0,0,171.53853009604,OPTIMAL,1730385.3009604001
2026-01-12 03:00:00,ZONE_A,0,0.99500954,0.5147597,1683.2962,1994.09539229541,310.79919229541,10.799192295410023,0.5658850591649637,0.6546848285989474,300.0,0,0,0,10.799192295410023,OPTIMAL,122991.92295410023
2026-01-12 03:15:00,ZONE_A,0,0.9950001,0.5147597,1685.64485,1996.2782639340248,310.63341393402504,10.633413934025043,0.5624143515587617,0.6511667557444146,300.0,0,0,0,10.633413934025043,OPTIMAL,121334.13934025043
2026-01-12 03:30:00,ZONE_A,0,0.99632627,0.72448707,1685.7494000000002,2121.169896402764,435.42049640276394,135.42049640276394,0.5718850584408721,0.6962909148446962,300.0,0,0,0,135.42049640276394,OPTIMAL,1369204.9640276395
2026-01-12 03:45:00,ZONE_A,0,0.9965791,0.64533544,1691.15744,2077.9323695949183,386.77492959491843,86.77492959491843,0.5684635257168733,0.67897064871588,300.0,0,0,0,86.77492959491843,OPTIMAL,882749.2959491843
2026-01-12 04:00:00,ZONE_A,0,0.99632627,0.7174319,1683.3862,2115.11146381712,431.72526381712004,131.72526381712004,0.5643120506924625,0.6876621263529239,300.0,0,0,0,131.72526381712004,OPTIMAL,1332252.6381712004
2026-01-12 04:15:00,ZONE_A,0,0.9966472,0.6794147,1724.4314999999997,2104.85671650276,380.42521650276,80.42521650276001,0.5661218689173914,0.6748147881665724,300.0,0,0,0,80.42521650276001,OPTIMAL,819252.1650276001
2026-01-12 04:30:00,ZONE_A,0,0.9957736,0.7524908,1687.4204600000005,2141.6366540741524,454.216194074152,154.21619407415199,0.5746351421069068,0.7044111978597981,300.0,0,0,0,154.21619407415199,OPTIMAL,1557161.94074152
2026-01-12 04:45:00,ZONE_A,0,0.9843746,0.58989125,1710.87116,2059.6296378769,348.75847787690003,48.75847787690003,0.5663562987245543,0.6660015783488625,300.0,0,0,0,48.75847787690003,OPTIMAL,502584.7787690003
2026-01-12 05:00:00,ZONE_A,0,0.99282527,0.65874517,1899.2551,2297.1785518766765,397.92345187667604,97.92345187667604,0.6270227326604286,0.7407151477432853,300.0,0,0,0,97.92345187667604,OPTIMAL,994234.5187667604
2026-01-12 05:15:00,ZONE_A,0,0.9727078,0.60359365,2006.885,2364.136569078195,357.25156907819496,57.25156907819496,0.6379438056653755,0.7400156827801143,300.0,0,0,0,57.25156907819496,OPTIMAL,587515.6907819497
2026-01-12 05:30:00,ZONE_A,0,0.99516463,0.6591965,2009.47675,2392.5676423811246,383.09089238112495,83.09089238112495,0.6373129736211531,0.7467675145587938,300.0,0,0,0,83.09089238112495,OPTIMAL,845908.9238112494
2026-01-12 05:45:00,ZONE_A,1,0.65354705,0.8035036,2049.807,2522.69956243752,472.89256243752,172.89256243751998,0.6560910739372117,0.7912032349452202,300.0,0,0,0,172.89256243751998,OPTIMAL,1743925.6243752
2026-01-12 06:00:00,ZONE_A,1,0.9778269,0.7168476,2086.87807,2519.3101696313083,432.432099631308,132.432099631308,0.6550637364954365,0.7786157652927833,300.0,0,0,0,132.432099631308,OPTIMAL,1339320.99631308
2026-01-12 06:15:00,ZONE_A,1,0.9899782,0.5734057,2087.1566300000004,2439.3375197893793,352.180889789379,52.18088978937902,0.6744811017393114,0.7751042133856266,300.0,0,0,0,52.18088978937902,OPTIMAL,536808.8978937902
2026-01-12 06:30:00,ZONE_A,1,0.99162877,0.7182424,2060.8982,2558.90248532448,498.00428532447995,198.00428532447995,0.6787211916106841,0.8210081306671346,300.0,0,0,0,198.00428532447995,OPTIMAL,1995042.8532447994
2026-01-12 06:45:00,ZONE_A,1,0.98571914,0.42200235,2137.56064,2137.56064,0.0,0.0,0.6894034639079822,0.6894034639079822,0.0,0,0,0,0.0,OPTIMAL,0.0
2026-01-12 07:00:00,ZONE_A,1,0.906969,0.5386604,2093.2544,2471.65503562984,378.40063562984005,78.40063562984005,0.6878882737629577,0.7960027413992022,300.0,0,0,0,78.40063562984005,OPTIMAL,799006.3562984006
2026-01-12 07:15:00,ZONE_A,2,0.8297775,0.4296817,2088.5862,2088.5862,0.0,0.0,0.705177577014364,0.705177577014364,0.0,0,0,0,0.0,OPTIMAL,0.0
2026-01-12 07:30:00,ZONE_A,2,0.9892435,0.7976712,2062.89796,2722.229873362048,659.331913362048,359.331913362048,0.7169291960684738,0.9053097433296907,300.0,0,0,0,359.331913362048,OPTIMAL,197192420.18499592
2026-01-12 07:45:00,ZONE_A,2,0.9856129,0.7251007,2036.2263,2667.6523282180506,631.4260282180501,331.4260282180501,0.726636097955412,0.9070435351699823,300.0,0,0,0,331.4260282180501,OPTIMAL,202981632.73431554
2026-01-12 08:00:00,ZONE_A,3,0.64746827,0.7191232,1985.43024,2679.4255207313918,693.995280731392,393.995280731392,0.7538814566819452,0.9521658232404994,300.0,0,0,0,393.995280731392,OPTIMAL,361535333.0033807
2026-01-12 08:15:00,ZONE_A,3,0.9499377,0.87978864,1915.1294,2835.9079206107835,920.778520610784,620.778520610784,0.7565498127304906,1.0196293909401897,300.0,0,0,0,620.778520610784,OPTIMAL,599925651.4830079
2026-01-12 08:30:00,ZONE_A,3,0.9756648,0.89946514,1908.4131,2895.2040723680957,986.7909723680959,686.7909723680959,0.7827012086016321,1.0646414874170942,300.0,0,0,0,686.7909723680959,OPTIMAL,758128113.0295981
2026-01-12 08:45:00,ZONE_A,3,0.97914815,0.86258054,1877.98,2879.630605109824,1001.6506051098239,701.6506051098239,0.7866844771108007,1.0728703653319407,300.0,0,0,0,701.6506051098239,OPTIMAL,787077781.8593812
2026-01-12 09:00:00,ZONE_A,2,0.82133883,0.64553595,1555.62,2294.902165391685,739.2821653916849,439.2821653916849,0.7090892138521973,0.9203126905366115,300.0,0,0,0,439.2821653916849,OPTIMAL,250502237.53215495
2026-01-12 09:15:00,ZONE_A,2,0.8363987,0.85917836,1523.7589,2532.372949305096,1008.614049305096,708.614049305096,0.7084292674944471,0.9966047113367603,300.0,0,0,0,708.614049305096,OPTIMAL,520217628.06402594
2026-01-12 09:30:00,ZONE_A,2,0.99071956,0.93199193,1362.5913,2611.079953894981,1248.4886538949809,948.4886538949809,0.732575915517411,1.0892869611289748,300.0,0,0,0,948.4886538949809,OPTIMAL,847004246.6362016
2026-01-12 09:45:00,ZONE_A,2,0.99022186,0.92474157,1339.8708,2609.9166056357335,1270.0458056357338,970.0458056357338,0.7214144281725169,1.0842846600552511,300.0,0,0,0,970.0458056357338,OPTIMAL,829711764.4056834
2026-01-12 10:00:00,ZONE_A,2,0.98593265,0.8758765,1347.9369000000002,2540.61626588465,1192.67936588465,892.67936588465,0.7387743889734073,1.079539923254682,300.0,0,0,0,892.67936588465,OPTIMAL,812331522.2885976
2026-01-12 10:15:00,ZONE_A,2,0.9716106,0.88833755,1392.9615,2542.348143286875,1149.386643286875,849.3866432868749,0.71234349261172,1.0407396775342703,300.0,0,0,0,849.3866432868749,OPTIMAL,676097735.5131855
2026-01-12 10:30:00,ZONE_A,2,0.90350115,0.95808655,1644.3621,2731.0846076972703,1086.72250769727,786.72250769727,0.7495667719162343,1.060058918133645,300.0,0,0,0,786.72250769727,OPTIMAL,743088435.7955157
2026-01-12 10:45:00,ZONE_A,1,0.6347158,0.9595713,1534.5647,2646.3681484598,1111.8034484598,811.8034484597999,0.6952466963162918,1.0129048255879167,300.0,0,0,0,811.8034484597999,OPTIMAL,578299921.9956568
2026-01-12 11:00:00,ZONE_A,2,0.9835074,0.9106484,1434.6654,2598.2873722780005,1163.6219722780002,863.6219722780002,0.7268054601605619,1.0592688820841252,300.0,0,0,0,863.6219722780002,OPTIMAL,741092304.2133542
2026-01-12 11:15:00,ZONE_A,2,0.8580287,0.9377826,1449.1325,2608.74926203868,1159.61676203868,859.61676203868,0.6977159504151439,1.0290350264351253,300.0,0,0,0,859.61676203868,OPTIMAL,635233757.9649543
2026-01-12 11:30:00,ZONE_A,2,0.91639084,0.85343456,1619.1454,2568.498067602592,949.3526676025919,649.3526676025919,0.7215760279355448,0.9928196483336685,300.0,0,0,0,649.3526676025919,OPTIMAL,506377293.84784997
2026-01-12 11:45:00,ZONE_A,2,0.5169026,0.94017595,1599.4602000000002,2624.09817271458,1024.63797271458,724.63797271458,0.7025508725968154,0.9953045800473206,300.0,0,0,0,724.63797271458,OPTIMAL,515827408.22398835
2026-01-12 12:00:00,ZONE_A,1,0.6062624,0.92911214,1557.2189999999998,2617.45952365462,1060.2405236546201,760.2405236546201,0.6982167259382223,1.0011425909483707,300.0,0,0,0,760.2405236546201,OPTIMAL,536616471.6194984
2026-01-12 12:15:00,ZONE_A,2,0.9535998,0.93872887,1585.9379,2732.037234264672,1146.099334264672,846.099334264672,0.7470022887875322,1.074459242517857,300.0,0,0,0,846.099334264672,OPTIMAL,794083339.5562418
2026-01-12 12:30:00,ZONE_A,2,0.9488037,0.88278574,1499.3683999999998,2545.7677952015456,1046.399395201546,746.399395201546,0.7032191231404049,1.0021903799860739,300.0,0,0,0,746.399395201546,OPTIMAL,540145321.9901257
2026-01-12 12:45:00,ZONE_A,2,0.55223835,0.89737713,1549.7576,2571.5509540248586,1021.7933540248589,721.7933540248589,0.7084951569146145,1.0004361161889133,300.0,0,0,0,721.7933540248589,OPTIMAL,533759338.43130594
2026-01-12 13:00:00,ZONE_A,1,0.5332102,0.9214916,1639.1353,2610.98798247572,971.8526824757199,671.8526824757199,0.7041667387364481,0.9818389346496157,300.0,0,0,0,671.8526824757199,OPTIMAL,468169796.5693802
2026-01-12 13:15:00,ZONE_A,1,0.55010694,0.9237445,1600.4444,2607.51074627445,1007.06634627445,707.06634627445,0.6966771377218318,0.9844103806518276,300.0,0,0,0,707.06634627445,OPTIMAL,477521993.88469213
2026-01-12 13:30:00,ZONE_A,1,0.6712983,0.9440009,1632.5357,2629.22723743467,996.69153743467,696.69153743467,0.6987784815725923,0.9835474932277384,300.0,0,0,0,696.69153743467,OPTIMAL,474398140.0964773
2026-01-12 13:45:00,ZONE_A,2,0.63868,0.8854466,1690.7562000000005,2584.4160255722804,893.6598255722799,593.6598255722799,0.7054017595023893,0.9607331391132342,300.0,0,0,0,593.6598255722799,OPTIMAL,393517583.82250714
2026-01-12 14:00:00,ZONE_A,2,0.95401704,0.8964236,1660.4441999999997,2640.55234946968,980.10814946968,680.10814946968,0.7417140392513889,1.0217449400464524,300.0,0,0,0,680.10814946968,OPTIMAL,607923369.6253678
2026-01-12 14:15:00,ZONE_A,1,0.8892298,0.8979838,1743.14406,2591.574545682332,848.430485682332,548.430485682332,0.6896977212091181,0.9321064322032473,300.0,0,0,0,548.430485682332,OPTIMAL,292871816.62077445
2026-01-12 14:30:00,ZONE_A,1,0.76891404,0.89084595,1684.389,2585.843945333955,901.454945333955,601.454945333955,0.6901762060626945,0.947734762727443,300.0,0,0,0,601.454945333955,OPTIMAL,348101217.863775
2026-01-12 14:45:00,ZONE_A,1,0.9123487,0.8883058,1778.1265500000002,2588.19583821667,810.0692882166701,510.0692882166701,0.6870071381459218,0.9184555069934682,300.0,0,0,0,510.0692882166701,OPTIMAL,244709966.54601398
2026-01-12 15:00:00,ZONE_A,2,0.5773101,0.70962536,2041.48573,2579.910899222192,538.4251692221912,238.42516922219124,0.7014374286096974,0.8552731918402117,300.0,0,0,0,238.42516922219124,OPTIMAL,20855423.061506815
2026-01-12 15:15:00,ZONE_A,2,0.5165037,0.87990445,2008.3331,2710.369352945195,702.036252945195,402.036252945195,0.697450372734649,0.8980321599368267,300.0,0,0,0,402.036252945195,OPTIMAL,172147921.76657555
2026-01-12 15:30:00,ZONE_A,1,0.9432888,0.790548,2182.8602600000004,2675.2065501447205,492.34629014472006,192.34629014472006,0.6919938799077242,0.8326642489745348,300.0,0,0,0,192.34629014472006,OPTIMAL,1938462.9014472007
2026-01-12 15:45:00,ZONE_A,1,0.8876395,0.8235387,2166.8770000000004,2690.20224347104,523.3252434710399,223.32524347103993,0.6887967598857053,0.8383182584980035,300.0,0,0,0,223.32524347103993,OPTIMAL,2248252.4347103992
2026-01-12 16:00:00,ZONE_A,1,0.9287307,0.6770776,2228.61716,2618.573192319344,389.95603231934393,89.95603231934393,0.6928466158950026,0.8042626255022757,300.0,0,0,0,89.95603231934393,OPTIMAL,914560.3231934393
2026-01-12 16:15:00,ZONE_A,1,0.9758145,0.6122722,2298.6899300000005,2608.9252352380545,310.235305238054,10.235305238054025,0.6893086569638224,0.7779473158962387,300.0,0,0,0,10.235305238054025,OPTIMAL,117353.05238054025
2026-01-12 16:30:00,ZONE_A,1,0.9920774,0.21989018,2386.58128,2386.58128,0.0,0.0,0.6809093621483064,0.6809093621483064,0.0,0,0,0,0.0,OPTIMAL,0.0
2026-01-12 16:45:00,ZONE_A,1,0.9866513,0.049285762,2446.50614,2446.50614,0.0,0.0,0.6847967859930459,0.6847967859930459,0.0,0,0,0,0.0,OPTIMAL,0.0
2026-01-12 17:00:00,ZONE_A,1,0.98159605,0.021723492,2497.7983,2497.7983,0.0,0.0,0.6835887000383541,0.6835887000383541,0.0,0,0,0,0.0,OPTIMAL,0.0
2026-01-12 17:15:00,ZONE_A,1,0.9795292,0.0015685279,2614.36117,2614.36117,0.0,0.0,0.6807662957003567,0.6807662957003567,0.0,0,0,0,0.0,OPTIMAL,0.0
2026-01-12 17:30:00,ZONE_A,1,0.9657925,0.0012157295,2755.59823,2755.59823,0.0,0.0,0.6826515979836036,0.6826515979836036,0.0,0,0,0,0.0,OPTIMAL,0.0
2026-01-12 17:45:00,ZONE_A,1,0.9138382,0.0012157295,2750.521254,2750.521254,0.0,0.0,0.6816633181189814,0.6816633181189814,0.0,0,0,0,0.0,OPTIMAL,0.0
2026-01-12 18:00:00,ZONE_A,1,0.9491294,0.00093113416,2675.8114,2675.8114,0.0,0.0,0.6919593580922871,0.6919593580922871,0.0,0,0,0,0.0,OPTIMAL,0.0
2026-01-12 18:15:00,ZONE_A,1,0.9776873,0.0015008949,2767.231787,2767.231787,0.0,0.0,0.6899666526365684,0.6899666526365684,0.0,0,0,0,0.0,OPTIMAL,0.0
2026-01-12 18:30:00,ZONE_A,1,0.9790279,0.0015969147,2770.67796,2770.67796,0.0,0.0,0.6837670048994883,0.6837670048994883,0.0,0,0,0,0.0,OPTIMAL,0.0
2026-01-12 18:45:00,ZONE_A,1,0.9799141,0.0024534026,2719.4525,2719.4525,0.0,0.0,0.6811146475812762,0.6811146475812762,0.0,0,0,0,0.0,OPTIMAL,0.0
2026-01-12 19:00:00,ZONE_A,1,0.97932786,0.0019132576,2727.209956,2727.209956,0.0,0.0,0.6874288423246947,0.6874288423246947,0.0,0,0,0,0.0,OPTIMAL,0.0
2026-01-12 19:15:00,ZONE_A,1,0.970982,0.001734506,2747.5411,2747.5411,0.0,0.0,0.6991174153870099,0.6991174153870099,0.0,0,0,0,0.0,OPTIMAL,0.0
2026-01-12 19:30:00,ZONE_A,1,0.96665466,0.0027161194,2709.3343400000003,2709.3343400000003,0.0,0.0,0.6859802260105353,0.6859802260105353,0.0,0,0,0,0.0,OPTIMAL,0.0
2026-01-12 19:45:00,ZONE_A,1,0.96248233,0.002076139,2691.65463,2691.65463,0.0,0.0,0.6876141711395021,0.6876141711395021,0.0,0,0,0,0.0,OPTIMAL,0.0
2026-01-12 20:00:00,ZONE_A,0,0.8386705,0.0019864296,2547.3126,2547.3126,0.0,0.0,0.6498763783278355,0.6498763783278355,0.0,0,0,0,0.0,OPTIMAL,0.0
2026-01-12 20:15:00,ZONE_A,0,0.8537188,0.0014819757,2527.7332,2527.7332,0.0,0.0,0.639379667551444,0.639379667551444,0.0,0,0,0,0.0,OPTIMAL,0.0
2026-01-12 20:30:00,ZONE_A,0,0.9847912,0.001782774,2535.17557,2535.17557,0.0,0.0,0.6322028484183223,0.6322028484183223,0.0,0,0,0,0.0,OPTIMAL,0.0
2026-01-12 20:45:00,ZONE_A,0,0.98690957,0.001782774,2502.6838,2502.6838,0.0,0.0,0.6177813742619095,0.6177813742619095,0.0,0,0,0,0.0,OPTIMAL,0.0
2026-01-12 21:00:00,ZONE_A,0,0.9943175,0.0025743197,2491.612045,2491.612045,0.0,0.0,0.6096633534086434,0.6096633534086434,0.0,0,0,0,0.0,OPTIMAL,0.0
2026-01-12 21:15:00,ZONE_A,0,0.9945274,0.0020832415,2412.47404,2412.47404,0.0,0.0,0.6052780060614587,0.6052780060614587,0.0,0,0,0,0.0,OPTIMAL,0.0
2026-01-12 21:30:00,ZONE_A,0,0.99443346,0.002490983,2401.58876,2401.58876,0.0,0.0,0.6071430801203869,0.6071430801203869,0.0,0,0,0,0.0,OPTIMAL,0.0
2026-01-12 21:45:00,ZONE_A,0,0.9932774,0.0014844326,2405.8511,2405.8511,0.0,0.0,0.5978916028619774,0.5978916028619774,0.0,0,0,0,0.0,OPTIMAL,0.0
2026-01-12 22:00:00,ZONE_A,0,0.9946997,0.00184415,2349.6126900000004,2349.6126900000004,0.0,0.0,0.5746448150647723,0.5746448150647723,0.0,0,0,0,0.0,OPTIMAL,0.0
2026-01-12 22:15:00,ZONE_A,0,0.99663866,0.0020496957,2329.00763,2329.00763,0.0,0.0,0.5774717314213809,0.5774717314213809,0.0,0,0,0,0.0,OPTIMAL,0.0
2026-01-12 22:30:00,ZONE_A,0,0.9966144,0.0018395662,2301.5941,2301.5941,0.0,0.0,0.5712122432533963,0.5712122432533963,0.0,0,0,0,0.0,OPTIMAL,0.0
2026-01-12 22:45:00,ZONE_A,0,0.9974255,0.0018395662,2273.62801,2273.62801,0.0,0.0,0.581501620575955,0.581501620575955,0.0,0,0,0,0.0,OPTIMAL,0.0
2026-01-12 23:00:00,ZONE_A,0,0.9973385,0.002175377,2241.8546,2241.8546,0.0,0.0,0.5371559844366988,0.5371559844366988,0.0,0,0,0,0.0,OPTIMAL,0.0
2026-01-12 23:15:00,ZONE_A,0,0.99731416,0.0024237726,2250.30062,2250.30062,0.0,0.0,0.5643354721451688,0.5643354721451688,0.0,0,0,0,0.0,OPTIMAL,0.0
2026-01-12 23:30:00,ZONE_A,0,0.9972366,0.0014352936,2231.88791,2231.88791,0.0,0.0,0.5436772530914779,0.5436772530914779,0.0,0,0,0,0.0,OPTIMAL,0.0
2026-01-12 23:45:00,ZONE_A,0,0.99723035,0.00194212,2175.542294,2175.542294,0.0,0.0,0.5231825090187933,0.5231825090187933,0.0,0,0,0,0.0,OPTIMAL,0.0
2026-01-13 00:00:00,ZONE_A,0,0.9978701,0.0024678456,2228.4283600000003,2228.4283600000003,0.0,0.0,0.5565189618830683,0.5565189618830683,0.0,0,0,0,0.0,OPTIMAL,0.0
2026-01-13 00:15:00,ZONE_A,0,0.9972416,0.0015828905,2202.35612,2202.35612,0.0,0.0,0.529153956452063,0.529153956452063,0.0,0,0,0,0.0,OPTIMAL,0.0
2026-01-13 00:30:00,ZONE_A,0,0.9978509,0.001834803,2201.367165,2201.367165,0.0,0.0,0.5331992196496597,0.5331992196496597,0.0,0,0,0,0.0,OPTIMAL,0.0
2026-01-13 00:45:00,ZONE_A,0,0.99760026,0.0019627942,2197.41868,2197.41868,0.0,0.0,0.5306167256202209,0.5306167256202209,0.0,0,0,0,0.0,OPTIMAL,0.0
2026-01-13 01:00:00,ZONE_A,0,0.99775,0.0015912624,2217.13761,2217.13761,0.0,0.0,0.566278483728052,0.566278483728052,0.0,0,0,0,0.0,OPTIMAL,0.0
2026-01-13 01:15:00,ZONE_A,0,0.9977059,0.0027274329,2206.90183,2206.90183,0.0,0.0,0.5433150728876566,0.5433150728876566,0.0,0,0,0,0.0,OPTIMAL,0.0
2026-01-13 01:30:00,ZONE_A,0,0.9978441,0.0028941666,2141.44004,2141.44004,0.0,0.0,0.551315829368207,0.551315829368207,0.0,0,0,0,0.0,OPTIMAL,0.0
2026-01-13 01:45:00,ZONE_A,0,0.99774194,0.0031467914,2197.25124,2197.25124,0.0,0.0,0.5530558603674662,0.5530558603674662,0.0,0,0,0,0.0,OPTIMAL,0.0
2026-01-13 02:00:00,ZONE_A,0,0.99714476,0.0014556325,2141.91928,2141.91928,0.0,0.0,0.5463060007156606,0.5463060007156606,0.0,0,0,0,0.0,OPTIMAL,0.0
2026-01-13 02:15:00,ZONE_A,0,0.9979359,0.001184663,2182.3548600000004,2182.3548600000004,0.0,0.0,0.537034621200247,0.537034621200247,0.0,0,0,0,0.0,OPTIMAL,0.0
2026-01-13 02:30:00,ZONE_A,0,0.9979784,0.0023464286,2134.7974,2134.7974,0.0,0.0,0.5398747840502389,0.5398747840502389,0.0,0,0,0,0.0,OPTIMAL,0.0
2026-01-13 02:45:00,ZONE_A,0,0.9977144,0.001793739,2102.43732,2102.43732,0.0,0.0,0.5376254537202925,0.5376254537202925,0.0,0,0,0,0.0,OPTIMAL,0.0
2026-01-13 03:00:00,ZONE_A,0,0.9979645,0.001184663,2162.45927,2162.45927,0.0,0.0,0.5301791288685308,0.5301791288685308,0.0,0,0,0,0.0,OPTIMAL,0.0
2026-01-13 03:15:00,ZONE_A,0,0.9979564,0.0015853681,2172.41613,2172.41613,0.0,0.0,0.5314419579186757,0.5314419579186757,0.0,0,0,0,0.0,OPTIMAL,0.0
2026-01-13 03:30:00,ZONE_A,0,0.9979703,0.0016418619,2178.98528,2178.98528,0.0,0.0,0.539174123135888,0.539174123135888,0.0,0,0,0,0.0,OPTIMAL,0.0
2026-01-13 03:45:00,ZONE_A,0,0.99795794,0.0022032976,2149.37611,2149.37611,0.0,0.0,0.5447381328934475,0.5447381328934475,0.0,0,0,0,0.0,OPTIMAL,0.0
2026-01-13 04:00:00,ZONE_A,0,0.9977816,0.0019627942,2219.907694,2219.907694,0.0,0.0,0.5308084344026791,0.5308084344026791,0.0,0,0,0,0.0,OPTIMAL,0.0
2026-01-13 04:15:00,ZONE_A,0,0.9977763,0.0019627942,2202.05411,2202.05411,0.0,0.0,0.531752578616859,0.531752578616859,0.0,0,0,0,0.0,OPTIMAL,0.0
2026-01-13 04:30:00,ZONE_A,0,0.9947054,0.0016192665,2205.745235,2205.745235,0.0,0.0,0.5342213414661464,0.5342213414661464,0.0,0,0,0,0.0,OPTIMAL,0.0
2026-01-13 04:45:00,ZONE_A,0,0.99786574,0.0016267566,2160.85326,2160.85326,0.0,0.0,0.5367781082714846,0.5367781082714846,0.0,0,0,0,0.0,OPTIMAL,0.0
2026-01-13 05:00:00,ZONE_A,0,0.9973928,0.002812645,2426.36392,2426.36392,0.0,0.0,0.6129286899847243,0.6129286899847243,0.0,0,0,0,0.0,OPTIMAL,0.0
2026-01-13 05:15:00,ZONE_A,0,0.99104697,0.0026129023,2513.990106,2513.990106,0.0,0.0,0.6343008040017121,0.6343008040017121,0.0,0,0,0,0.0,OPTIMAL,0.0
2026-01-13 05:30:00,ZONE_A,0,0.99312806,0.0022047353,2524.20712,2524.20712,0.0,0.0,0.6289560394265955,0.6289560394265955,0.0,0,0,0,0.0,OPTIMAL,0.0
2026-01-13 05:45:00,ZONE_A,0,0.99110705,0.0020381361,2474.4042,2474.4042,0.0,0.0,0.6355739519732324,0.6355739519732324,0.0,0,0,0,0.0,OPTIMAL,0.0
2026-01-13 06:00:00,ZONE_A,1,0.92764515,0.001510927,2556.64113,2556.64113,0.0,0.0,0.6513578050769647,0.6513578050769647,0.0,0,0,0,0.0,OPTIMAL,0.0
2026-01-13 06:15:00,ZONE_A,1,0.995745,0.0024044367,2566.43043,2566.43043,0.0,0.0,0.658116226290072,0.658116226290072,0.0,0,0,0,0.0,OPTIMAL,0.0
2026-01-13 06:30:00,ZONE_A,1,0.9941057,0.0017300278,2564.44645,2564.44645,0.0,0.0,0.6643075675940089,0.6643075675940089,0.0,0,0,0,0.0,OPTIMAL,0.0
2026-01-13 06:45:00,ZONE_A,1,0.995745,0.008837455,2518.3338,2518.3338,0.0,0.0,0.6714098759816969,0.6714098759816969,0.0,0,0,0,0.0,OPTIMAL,0.0
2026-01-13 07:00:00,ZONE_A,1,0.9852651,0.32213253,2501.41068,2501.41068,0.0,0.0,0.6824995081096424,0.6824995081096424,0.0,0,0,0,0.0,OPTIMAL,0.0
2026-01-13 07:15:00,ZONE_A,2,0.9703217,0.42733493,2505.8992,2505.8992,0.0,0.0,0.7035395456552882,0.7035395456552882,0.0,0,0,0,0.0,OPTIMAL,0.0
2026-01-13 07:30:00,ZONE_A,2,0.9705739,0.6919914,2452.2019800000003,2742.0844572095284,289.882477209528,0.0,0.7074807406372068,0.7903043058009395,289.882477209528,0,0,0,0.0,OPTIMAL,14494.1238604764
2026-01-13 07:45:00,ZONE_A,2,0.9893194,0.80317056,2434.21697,2829.3092826539646,395.0923126539648,95.09231265396483,0.7192039485703213,0.832087466814993,300.0,0,0,0,95.09231265396483,OPTIMAL,965923.1265396483
2026-01-13 08:00:00,ZONE_A,2,0.9853522,0.8394972,2394.2159,2848.58964596372,454.37374596372,154.37374596372,0.7242561545627078,0.854077225246941,300.0,0,0,0,154.37374596372,OPTIMAL,15829025.7789846
2026-01-13 08:15:00,ZONE_A,2,0.9831146,0.9235753,2430.8879,2922.54683828543,491.65893828543005,191.65893828543005,0.7242415761142231,0.864715558955326,300.0,0,0,0,191.65893828543005,OPTIMAL,53436045.55276406
2026-01-13 08:30:00,ZONE_A,2,0.9494843,0.89857334,2366.59996,2939.0736126982115,572.4736526982116,272.4736526982116,0.7370527440825706,0.9006166454126442,300.0,0,0,0,272.4736526982116,OPTIMAL,179897994.86560753
2026-01-13 08:45:00,ZONE_A,3,0.64578176,0.89176434,2339.4944,2939.08642222844,599.59202222844,299.59202222844,0.7533560348468882,0.924668041807965,300.0,0,0,0,299.59202222844,OPTIMAL,264349065.61945784
2026-01-13 09:00:00,ZONE_A,1,0.9791838,0.85775465,1949.2337,2589.39229263335,640.1585926333499,340.15859263334994,0.6724021587243354,0.8553046144257411,300.0,0,0,0,340.15859263334994,OPTIMAL,21982736.349096186
2026-01-13 09:15:00,ZONE_A,1,0.9751703,0.91682804,1928.4499,2642.717895202972,714.267995202972,414.267995202972,0.679589787672741,0.8836663584707888,300.0,0,0,0,414.267995202972,OPTIMAL,121989934.17248785
2026-01-13 09:30:00,ZONE_A,1,0.9676551,0.9120665,1889.1408,2637.3647684198004,748.2239684198,448.22396841980003,0.6957016373219201,0.9094799148262999,300.0,0,0,0,448.22396841980003,OPTIMAL,212676940.78453052
2026-01-13 09:45:00,ZONE_A,1,0.938449,0.7790079,1816.6352,2512.64977955612,696.01457955612,396.01457955612,0.6971516242673969,0.8960129335182712,300.0,0,0,0,396.01457955612,OPTIMAL,165020412.45656452
2026-01-13 10:00:00,ZONE_A,1,0.91570336,0.9653072,1768.3939,2668.14380600352,899.74990600352,599.74990600352,0.6919825750505586,0.9490539775505663,300.0,0,0,0,599.74990600352,OPTIMAL,352701419.42874193
2026-01-13 10:15:00,ZONE_A,1,0.92873657,0.94742566,1801.6511,2662.956620189094,861.305520189094,561.305520189094,0.6990189824811439,0.9451062747317804,300.0,0,0,0,561.305520189094,OPTIMAL,338500015.7242293
2026-01-13 10:30:00,ZONE_A,1,0.958033,0.9553579,1891.9163,2681.17720407864,789.26090407864,489.26090407864,0.688642961047137,0.9141460772392362,300.0,0,0,0,489.26090407864,OPTIMAL,229418878.64031345
2026-01-13 10:45:00,ZONE_A,2,0.9404961,0.9284637,1892.5249,2700.34207704823,807.8171770482301,507.81717704823006,0.7137094800318989,0.9445143885220784,300.0,0,0,0,507.81717704823006,OPTIMAL,335893530.50546
2026-01-13 11:00:00,ZONE_A,1,0.9708556,0.9606472,1901.89724,2673.2699089877924,771.372668987792,471.37266898779205,0.6851305402796098,0.9055227321344975,300.0,0,0,0,471.37266898779205,OPTIMAL,199058288.5297148
2026-01-13 11:15:00,ZONE_A,1,0.9595795,0.9467053,1855.2401,2658.97339757082,803.73329757082,503.73329757082,0.6862335566932481,0.9158716424764477,300.0,0,0,0,503.73329757082,OPTIMAL,235603080.8772778
2026-01-13 11:30:00,ZONE_A,1,0.9797314,0.97283506,1893.3636,2668.61731856659,775.25371856659,475.25371856659,0.679755208460349,0.9012562716193515,300.0,0,0,0,475.25371856659,OPTIMAL,184164487.27721855
2026-01-13 11:45:00,ZONE_A,1,0.9770733,0.9376879,1906.9265,2659.34593094921,752.41943094921,452.41943094921,0.688840132301091,0.9038171133231988,300.0,0,0,0,452.41943094921,OPTIMAL,192899090.28275517
2026-01-13 12:00:00,ZONE_A,1,0.990121,0.92302155,1926.2842,2628.41672445226,702.13252445226,402.13252445226,0.6764952323614235,0.8771045256991881,300.0,0,0,0,402.13252445226,OPTIMAL,98902164.89039485
2026-01-13 12:15:00,ZONE_A,1,0.9863927,0.93167514,1911.0479,2619.819855922514,708.7719559225139,408.77195592251394,0.6729216156927549,0.8754278894588776,300.0,0,0,0,408.77195592251394,OPTIMAL,93100332.38165414
2026-01-13 12:30:00,ZONE_A,1,0.98732936,0.95460147,1897.0921,2654.683205001841,757.591105001841,457.591105001841,0.6798715979176537,0.8963262000226548,300.0,0,0,0,457.591105001841,OPTIMAL,166732610.62300462
2026-01-13 12:45:00,ZONE_A,1,0.9860226,0.89427793,1928.1839,2613.097147567913,684.913247567913,384.913247567913,0.6758629760701798,0.8715524760042012,300.0,0,0,0,384.913247567913,OPTIMAL,79297798.24795611
2026-01-13 13:00:00,ZONE_A,1,0.9886457,0.9351097,1959.06426,2641.8719557364184,682.807695736418,382.80769573641805,0.6782662029780252,0.8733541166486181,300.0,0,0,0,382.80769573641805,OPTIMAL,85582484.97485937
2026-01-13 13:15:00,ZONE_A,1,0.9814067,0.8899476,2038.4005,2640.567969457,602.167469457,302.16746945700004,0.6954102409620418,0.8674580899043417,300.0,0,0,0,302.16746945700004,OPTIMAL,64139989.17295041
2026-01-13 13:30:00,ZONE_A,1,0.9818157,0.9305768,1986.8688,2642.7192281811203,655.85042818112,355.85042818112004,0.670188723357747,0.8575745605662701,300.0,0,0,0,355.85042818112004,OPTIMAL,30084466.18094341
2026-01-13 13:45:00,ZONE_A,1,0.9826278,0.9333015,2016.1398,2652.8074710108,636.6676710108,336.66767101079995,0.6678315412151,0.8497365906365265,300.0,0,0,0,336.66767101079995,OPTIMAL,3381676.7101079994
2026-01-13 14:00:00,ZONE_A,1,0.97121453,0.90993154,2113.8235,2637.822318199948,523.998818199948,223.998818199948,0.6522737191468515,0.8019876676693143,300.0,0,0,0,223.998818199948,OPTIMAL,2254988.18199948
2026-01-13 14:15:00,ZONE_A,0,0.66342145,0.8854169,2155.27673,2620.255602014743,464.978872014743,164.978872014743,0.6423008944398002,0.7751520011658909,300.0,0,0,0,164.978872014743,OPTIMAL,1664788.72014743
2026-01-13 14:30:00,ZONE_A,0,0.71017355,0.91065216,2222.02197,2638.6993621926526,416.6773921926528,116.6773921926528,0.6435932194701555,0.7626439033147366,300.0,0,0,0,116.6773921926528,OPTIMAL,1181773.921926528
2026-01-13 14:45:00,ZONE_A,1,0.76893514,0.9195594,2300.98488,2658.864726951468,357.879846951468,57.87984695146798,0.6524951319501086,0.754746517101215,300.0,0,0,0,57.87984695146798,OPTIMAL,593798.4695146799
2026-01-13 15:00:00,ZONE_A,1,0.9713798,0.9297499,2426.91286,2765.366592137336,338.453732137336,38.453732137335976,0.6866123324840355,0.783313399087084,300.0,0,0,0,38.453732137335976,OPTIMAL,399537.32137335977
2026-01-13 15:15:00,ZONE_A,1,0.9805828,0.5732215,2489.88476,2666.23133305466,176.34657305466,0.0,0.6877732286371683,0.7381579639365003,176.34657305466,0,0,0,0.0,OPTIMAL,8817.328652733
2026-01-13 15:30:00,ZONE_A,1,0.97499394,0.26198855,2541.21643,2541.21643,0.0,0.0,0.6835311753213188,0.6835311753213188,0.0,0,0,0,0.0,OPTIMAL,0.0
2026-01-13 15:45:00,ZONE_A,1,0.98383015,0.12057907,2575.06816,2575.06816,0.0,0.0,0.6948987356826734,0.6948987356826734,0.0,0,0,0,0.0,OPTIMAL,0.0
2026-01-13 16:00:00,ZONE_A,1,0.9589165,0.001179592,2633.5213200000003,2633.5213200000003,0.0,0.0,0.6949106497761043,0.6949106497761043,0.0,0,0,0,0.0,OPTIMAL,0.0
2026-01-13 16:15:00,ZONE_A,1,0.9844498,0.00072876154,2669.53003,2669.53003,0.0,0.0,0.6830332308836425,0.6830332308836425,0.0,0,0,0,0.0,OPTIMAL,0.0
2026-01-13 16:30:00,ZONE_A,1,0.98315156,0.001274946,2700.98351,2700.98351,0.0,0.0,0.6900982115548367,0.6900982115548367,0.0,0,0,0,0.0,OPTIMAL,0.0
2026-01-13 16:45:00,ZONE_A,1,0.9905115,0.0017721216,2761.38883,2761.38883,0.0,0.0,0.690286309600342,0.690286309600342,0.0,0,0,0,0.0,OPTIMAL,0.0
2026-01-13 17:00:00,ZONE_A,1,0.98945844,0.0021919173,2795.002468,2795.002468,0.0,0.0,0.6896902105348377,0.6896902105348377,0.0,0,0,0,0.0,OPTIMAL,0.0
2026-01-13 17:15:00,ZONE_A,1,0.98568416,0.0015776904,2803.01956,2803.01956,0.0,0.0,0.6835552706930967,0.6835552706930967,0.0,0,0,0,0.0,OPTIMAL,0.0
2026-01-13 17:30:00,ZONE_A,1,0.9697874,0.0015776904,2805.880857,2805.880857,0.0,0.0,0.6884660766208482,0.6884660766208482,0.0,0,0,0,0.0,OPTIMAL,0.0
2026-01-13 17:45:00,ZONE_A,1,0.9879872,0.0012395674,2799.3166100000003,2799.3166100000003,0.0,0.0,0.6792463113078092,0.6792463113078092,0.0,0,0,0,0.0,OPTIMAL,0.0
2026-01-13 18:00:00,ZONE_A,1,0.973958,0.0024451995,2792.120217,2792.120217,0.0,0.0,0.6848768236488114,0.6848768236488114,0.0,0,0,0,0.0,OPTIMAL,0.0
2026-01-13 18:15:00,ZONE_A,1,0.9883405,0.0011105383,2790.402521,2790.402521,0.0,0.0,0.6880122327864493,0.6880122327864493,0.0,0,0,0,0.0,OPTIMAL,0.0
2026-01-13 18:30:00,ZONE_A,1,0.9763699,0.0015776904,2797.626024,2797.626024,0.0,0.0,0.6891292484366489,0.6891292484366489,0.0,0,0,0,0.0,OPTIMAL,0.0
2026-01-13 18:45:00,ZONE_A,1,0.97047925,0.002015253,2806.627125,2806.627125,0.0,0.0,0.6947124573153161,0.6947124573153161,0.0,0,0,0,0.0,OPTIMAL,0.0
2026-01-13 19:00:00,ZONE_A,1,0.9109563,0.0015776904,2806.133057,2806.133057,0.0,0.0,0.6834123985761008,0.6834123985761008,0.0,0,0,0,0.0,OPTIMAL,0.0
2026-01-13 19:15:00,ZONE_A,1,0.9825597,0.0017066094,2785.91691,2785.91691,0.0,0.0,0.6899373768733897,0.6899373768733897,0.0,0,0,0,0.0,OPTIMAL,0.0
2026-01-13 19:30:00,ZONE_A,1,0.9576908,0.0019047617,2790.538108,2790.538108,0.0,0.0,0.6903793792213841,0.6903793792213841,0.0,0,0,0,0.0,OPTIMAL,0.0
2026-01-13 19:45:00,ZONE_A,1,0.9685932,0.00089337624,2791.626881,2791.626881,0.0,0.0,0.6827675472584169,0.6827675472584169,0.0,0,0,0,0.0,OPTIMAL,0.0
2026-01-13 20:00:00,ZONE_A,1,0.7299823,0.0017093038,2647.717588,2647.717588,0.0,0.0,0.6526243211820136,0.6526243211820136,0.0,0,0,0,0.0,OPTIMAL,0.0
2026-01-13 20:15:00,ZONE_A,0,0.75391686,0.0017093038,2649.8005000000003,2649.8005000000003,0.0,0.0,0.6465330225061143,0.6465330225061143,0.0,0,0,0,0.0,OPTIMAL,0.0
2026-01-13 20:30:00,ZONE_A,0,0.9723646,0.0017093038,2617.23549,2617.23549,0.0,0.0,0.6303860255325169,0.6303860255325169,0.0,0,0,0,0.0,OPTIMAL,0.0
2026-01-13 20:45:00,ZONE_A,0,0.99150217,0.0017270754,2571.8805300000004,2571.8805300000004,0.0,0.0,0.6090501741476685,0.6090501741476685,0.0,0,0,0,0.0,OPTIMAL,0.0
2026-01-13 21:00:00,ZONE_A,0,0.9947403,0.0026028089,2508.65437,2508.65437,0.0,0.0,0.6082259099394359,0.6082259099394359,0.0,0,0,0,0.0,OPTIMAL,0.0
2026-01-13 21:15:00,ZONE_A,0,0.98775625,0.0030213215,2486.761067,2486.761067,0.0,0.0,0.61325584335521,0.61325584335521,0.0,0,0,0,0.0,OPTIMAL,0.0
2026-01-13 21:30:00,ZONE_A,0,0.9937494,0.0020270767,2479.23441,2479.23441,0.0,0.0,0.6041725155665508,0.6041725155665508,0.0,0,0,0,0.0,OPTIMAL,0.0
2026-01-13 21:45:00,ZONE_A,0,0.99384934,0.0018754578,2451.2573,2451.2573,0.0,0.0,0.6053332411456946,0.6053332411456946,0.0,0,0,0,0.0,OPTIMAL,0.0
2026-01-13 22:00:00,ZONE_A,0,0.9938735,0.001573871,2367.2399200000004,2367.2399200000004,0.0,0.0,0.5787005157595924,0.5787005157595924,0.0,0,0,0,0.0,OPTIMAL,0.0
2026-01-13 22:15:00,ZONE_A,0,0.99384934,0.0016102332,2380.288378,2380.288378,0.0,0.0,0.5862352244084732,0.5862352244084732,0.0,0,0,0,0.0,OPTIMAL,0.0
2026-01-13 22:30:00,ZONE_A,0,0.99661785,0.0018237525,2355.116595,2355.116595,0.0,0.0,0.5512512975563373,0.5512512975563373,0.0,0,0,0,0.0,OPTIMAL,0.0
2026-01-13 22:45:00,ZONE_A,0,0.9965305,0.0018237525,2353.90291,2353.90291,0.0,0.0,0.5590324238893931,0.5590324238893931,0.0,0,0,0,0.0,OPTIMAL,0.0
2026-01-13 23:00:00,ZONE_A,0,0.9966511,0.0021407553,2295.144764,2295.144764,0.0,0.0,0.5381412637710483,0.5381412637710483,0.0,0,0,0,0.0,OPTIMAL,0.0
2026-01-13 23:15:00,ZONE_A,0,0.99648845,0.0016187909,2326.364981,2326.364981,0.0,0.0,0.5672321619499616,0.5672321619499616,0.0,0,0,0,0.0,OPTIMAL,0.0
2026-01-13 23:30:00,ZONE_A,0,0.9980227,0.0013979231,2280.504913,2280.504913,0.0,0.0,0.5346342786961115,0.5346342786961115,0.0,0,0,0,0.0,OPTIMAL,0.0
2026-01-13 23:45:00,ZONE_A,0,0.99753904,0.0015659224,2296.17253,2296.17253,0.0,0.0,0.5390525090235753,0.5390525090235753,0.0,0,0,0,0.0,OPTIMAL,0.0
2026-01-14 00:00:00,ZONE_A,0,0.9974624,0.0024285805,2300.09583,2300.09583,0.0,0.0,0.5697502978439826,0.5697502978439826,0.0,0,0,0,0.0,OPTIMAL,0.0
2026-01-14 00:15:00,ZONE_A,0,0.99748456,0.0011261555,2265.3103140000003,2265.3103140000003,0.0,0.0,0.5263815232843886,0.5263815232843886,0.0,0,0,0,0.0,OPTIMAL,0.0
2026-01-14 00:30:00,ZONE_A,0,0.9980299,0.0021682323,2277.656937,2277.656937,0.0,0.0,0.540907564282624,0.540907564282624,0.0,0,0,0,0.0,OPTIMAL,0.0
2026-01-14 00:45:00,ZONE_A,0,0.9980203,0.0021682323,2263.085282,2263.085282,0.0,0.0,0.5574705648732861,0.5574705648732861,0.0,0,0,0,0.0,OPTIMAL,0.0
2026-01-14 01:00:00,ZONE_A,0,0.9974934,0.0013979231,2265.964278,2265.964278,0.0,0.0,0.5295281638447978,0.5295281638447978,0.0,0,0,0,0.0,OPTIMAL,0.0
2026-01-14 01:15:00,ZONE_A,0,0.9978435,0.0026840486,2283.998472,2283.998472,0.0,0.0,0.5470502288895246,0.5470502288895246,0.0,0,0,0,0.0,OPTIMAL,0.0
2026-01-14 01:30:00,ZONE_A,0,0.9980299,0.0021682323,2277.610246,2277.610246,0.0,0.0,0.5360727216318321,0.5360727216318321,0.0,0,0,0,0.0,OPTIMAL,0.0
2026-01-14 01:45:00,ZONE_A,0,0.9980227,0.0013979231,2277.24063,2277.24063,0.0,0.0,0.5428711698323052,0.5428711698323052,0.0,0,0,0,0.0,OPTIMAL,0.0
2026-01-14 02:00:00,ZONE_A,0,0.9979656,0.0026840486,2266.98806,2266.98806,0.0,0.0,0.5404495158458811,0.5404495158458811,0.0,0,0,0,0.0,OPTIMAL,0.0
2026-01-14 02:15:00,ZONE_A,0,0.998052,0.0011261555,2260.246429,2260.246429,0.0,0.0,0.5346406916000894,0.5346406916000894,0.0,0,0,0,0.0,OPTIMAL,0.0
2026-01-14 02:30:00,ZONE_A,0,0.998052,0.0017469722,2262.559411,2262.559411,0.0,0.0,0.5331291568657652,0.5331291568657652,0.0,0,0,0,0.0,OPTIMAL,0.0
2026-01-14 02:45:00,ZONE_A,0,0.9980253,0.0017469722,2248.0769370000003,2248.0769370000003,0.0,0.0,0.5392612634581471,0.5392612634581471,0.0,0,0,0,0.0,OPTIMAL,0.0
2026-01-14 03:00:00,ZONE_A,0,0.99800926,0.0015075951,2239.266123,2239.266123,0.0,0.0,0.5341988310120843,0.5341988310120843,0.0,0,0,0,0.0,OPTIMAL,0.0
2026-01-14 03:15:00,ZONE_A,0,0.99792373,0.0017665126,2225.880972,2225.880972,0.0,0.0,0.5455010493269318,0.5455010493269318,0.0,0,0,0,0.0,OPTIMAL,0.0
2026-01-14 03:30:00,ZONE_A,0,0.9980253,0.002162788,2245.494368,2245.494368,0.0,0.0,0.5285769913728509,0.5285769913728509,0.0,0,0,0,0.0,OPTIMAL,0.0
2026-01-14 03:45:00,ZONE_A,0,0.9980253,0.0017469722,2228.76427,2228.76427,0.0,0.0,0.5338864002518322,0.5338864002518322,0.0,0,0,0,0.0,OPTIMAL,0.0
2026-01-14 04:00:00,ZONE_A,0,0.9978265,0.003038673,2186.77089,2186.77089,0.0,0.0,0.5472188409036755,0.5472188409036755,0.0,0,0,0,0.0,OPTIMAL,0.0
2026-01-14 04:15:00,ZONE_A,0,0.9976745,0.0016318393,2195.91761,2195.91761,0.0,0.0,0.5438874265146392,0.5438874265146392,0.0,0,0,0,0.0,OPTIMAL,0.0
2026-01-14 04:30:00,ZONE_A,0,0.99775356,0.0018665405,2179.915254,2179.915254,0.0,0.0,0.5356897051345586,0.5356897051345586,0.0,0,0,0,0.0,OPTIMAL,0.0
2026-01-14 04:45:00,ZONE_A,0,0.9975827,0.0027947035,2097.4504,2097.4504,0.0,0.0,0.5386478284902217,0.5386478284902217,0.0,0,0,0,0.0,OPTIMAL,0.0
2026-01-14 05:00:00,ZONE_A,0,0.99755234,0.0011316723,2399.84298,2399.84298,0.0,0.0,0.6134841120525989,0.6134841120525989,0.0,0,0,0,0.0,OPTIMAL,0.0
2026-01-14 05:15:00,ZONE_A,0,0.9973717,0.20006572,2311.8042,2311.8042,0.0,0.0,0.6170512136042438,0.6170512136042438,0.0,0,0,0,0.0,OPTIMAL,0.0
2026-01-14 05:30:00,ZONE_A,0,0.99799526,0.28211388,2291.603,2291.603,0.0,0.0,0.6291238430778514,0.6291238430778514,0.0,0,0,0,0.0,OPTIMAL,0.0
2026-01-14 05:45:00,ZONE_A,0,0.99508154,0.11458229,2263.12743,2263.12743,0.0,0.0,0.6307344817567696,0.6307344817567696,0.0,0,0,0,0.0,OPTIMAL,0.0
2026-01-14 06:00:00,ZONE_A,1,0.83232623,0.06765354,2281.1577700000003,2281.1577700000003,0.0,0.0,0.6619773726575677,0.6619773726575677,0.0,0,0,0,0.0,OPTIMAL,0.0
2026-01-14 06:15:00,ZONE_A,1,0.9966181,0.21556064,2306.0019,2306.0019,0.0,0.0,0.6524333316388845,0.6524333316388845,0.0,0,0,0,0.0,OPTIMAL,0.0
2026-01-14 06:30:00,ZONE_A,1,0.9964007,0.16087978,2338.71054,2338.71054,0.0,0.0,0.6687049741427179,0.6687049741427179,0.0,0,0,0,0.0,OPTIMAL,0.0
2026-01-14 06:45:00,ZONE_A,1,0.99458534,0.64261526,2265.47938,2573.0820957253372,307.60271572533725,7.602715725337248,0.6706882456159469,0.7585747360611897,300.0,0,0,0,7.602715725337248,OPTIMAL,91027.15725337248
2026-01-14 07:00:00,ZONE_A,1,0.99495196,0.31489608,2321.6709,2321.6709,0.0,0.0,0.6774980834358905,0.6774980834358905,0.0,0,0,0,0.0,OPTIMAL,0.0
2026-01-14 07:15:00,ZONE_A,1,0.9602363,0.2389505,2335.75066,2335.75066,0.0,0.0,0.6949781291092331,0.6949781291092331,0.0,0,0,0,0.0,OPTIMAL,0.0
2026-01-14 07:30:00,ZONE_A,2,0.9527376,0.2914617,2362.4242000000004,2362.4242000000004,0.0,0.0,0.7010136323598818,0.7010136323598818,0.0,0,0,0,0.0,OPTIMAL,0.0
2026-01-14 07:45:00,ZONE_A,2,0.9847209,0.5969367,2340.71526,2684.520558386778,343.805298386778,43.80529838677802,0.7233953094493635,0.8216253950010176,300.0,0,0,0,43.80529838677802,OPTIMAL,453052.9838677802
2026-01-14 08:00:00,ZONE_A,2,0.9826729,0.6616214,2305.13124,2719.2912572915043,414.160017291504,114.160017291504,0.7134332110363966,0.8317646449151719,300.0,0,0,0,114.160017291504,OPTIMAL,1156600.17291504
2026-01-14 08:15:00,ZONE_A,2,0.9572114,0.56118494,2331.277,2684.801794342822,353.524794342822,53.52479434282202,0.7300807354393585,0.8310878198684547,300.0,0,0,0,53.52479434282202,OPTIMAL,550247.9434282202
2026-01-14 08:30:00,ZONE_A,2,0.90418303,0.4174461,2407.11333,2407.11333,0.0,0.0,0.7381206950119831,0.7381206950119831,0.0,0,0,0,0.0,OPTIMAL,0.0
2026-01-14 08:45:00,ZONE_A,3,0.9515098,0.49382156,2443.7744,2443.7744,0.0,0.0,0.7543698277172018,0.7543698277172018,0.0,0,0,0,0.0,OPTIMAL,0.0
2026-01-14 09:00:00,ZONE_A,1,0.9473007,0.78569466,2019.54715,2562.0595308314832,542.512380831483,242.51238083148303,0.6698259660438021,0.8248295039651242,300.0,0,0,0,242.51238083148303,OPTIMAL,2440123.80831483
2026-01-14 09:15:00,ZONE_A,1,0.9588202,0.877565,1929.78114,2608.8592430059,679.0781030059001,379.07810300590006,0.6793110601057277,0.8733333759690868,300.0,0,0,0,379.07810300590006,OPTIMAL,85472596.61930235
2026-01-14 09:30:00,ZONE_A,1,0.9449806,0.80193543,1993.877,2557.89342469217,564.01642469217,264.01642469216995,0.6771935027390912,0.8383410532664902,300.0,0,0,0,264.01642469216995,OPTIMAL,2655164.2469216995
2026-01-14 09:45:00,ZONE_A,1,0.5207712,0.8521629,2085.2354,2681.07179006192,595.8363900619199,295.83639006191993,0.7237505405294911,0.8939895098116812,300.0,0,0,0,295.83639006191993,OPTIMAL,156936647.61469468
2026-01-14 10:00:00,ZONE_A,1,0.9726237,0.830967,1934.4333,2563.4948467244994,629.0615467245,329.0615467245,0.6746530134596029,0.8543848844966722,300.0,0,0,0,329.0615467245,OPTIMAL,18652711.15911612
2026-01-14 10:15:00,ZONE_A,1,0.9578743,0.85126835,1959.2427,2594.10739868778,634.86469868778,334.86469868778,0.6869935423225235,0.8683834567989436,300.0,0,0,0,334.86469868778,OPTIMAL,67705745.58254303
2026-01-14 10:30:00,ZONE_A,1,0.96614534,0.91114724,1891.6099,2625.040422050272,733.4305220502721,433.4305220502721,0.6730042507920168,0.8825558291698213,300.0,0,0,0,433.4305220502721,OPTIMAL,118294706.96189421
2026-01-14 10:45:00,ZONE_A,1,0.97116625,0.9091402,1852.66984,2600.591081000152,747.921241000152,447.921241000152,0.672372682736935,0.886064466653382,300.0,0,0,0,447.921241000152,OPTIMAL,130719845.2399125
2026-01-14 11:00:00,ZONE_A,1,0.87607,0.87368774,1863.1582,2613.4878711388237,750.329671138824,450.329671138824,0.6992094383321447,0.9135893450307357,300.0,0,0,0,450.329671138824,OPTIMAL,227081003.63488534
2026-01-14 11:15:00,ZONE_A,1,0.9357515,0.8852464,1844.6396,2602.50090205744,757.86130205744,457.86130205743996,0.6844793579590213,0.9010111592386418,300.0,0,0,0,457.86130205743996,OPTIMAL,183132669.7854205
2026-01-14 11:30:00,ZONE_A,1,0.9531631,0.9006546,1944.5302,2640.4895165050602,695.95931650506,395.95931650506,0.6869903236666275,0.8858358432761715,300.0,0,0,0,395.95931650506,OPTIMAL,129400044.2480815
2026-01-14 11:45:00,ZONE_A,1,0.9727296,0.9003894,2005.2115,2627.07561351022,621.86411351022,321.86411351022,0.6669944046585305,0.8446698662037602,300.0,0,0,0,321.86411351022,OPTIMAL,3233641.1351022003
2026-01-14 12:00:00,ZONE_A,1,0.9740821,0.8708751,2077.00095,2622.230899538385,545.2299495383851,245.22994953838509,0.6564452869521104,0.812225273052408,300.0,0,0,0,245.22994953838509,OPTIMAL,2467299.4953838508
2026-01-14 12:15:00,ZONE_A,1,0.97415835,0.85886204,2010.0203,2597.8417126685563,587.821412668556,287.82141266855604,0.6730775904011932,0.8410265659816436,300.0,0,0,0,287.82141266855604,OPTIMAL,2893214.12668556
2026-01-14 12:30:00,ZONE_A,1,0.9797957,0.8459294,1959.4584,2572.68328077044,613.22488077044,313.22488077044,0.6629772568583029,0.838184366209607,300.0,0,0,0,313.22488077044,OPTIMAL,3147248.8077044
2026-01-14 12:45:00,ZONE_A,1,0.96264005,0.9240738,1849.8038,2624.2343825313196,774.43058253132,474.43058253132006,0.6798371278749634,0.9011030092626487,300.0,0,0,0,474.43058253132006,OPTIMAL,183619837.70747435
2026-01-14 13:00:00,ZONE_A,1,0.98069215,0.56609505,1914.21474,2357.202152413293,442.98741241329304,142.98741241329304,0.6835728138847534,0.8101406463712437,300.0,0,0,0,142.98741241329304,OPTIMAL,1444874.1241329305
2026-01-14 13:15:00,ZONE_A,1,0.97686356,0.67083806,2066.6203,2485.796346394658,419.176046394658,119.17604639465799,0.6681406935616322,0.7879052786121596,300.0,0,0,0,119.17604639465799,OPTIMAL,1206760.46394658
2026-01-14 13:30:00,ZONE_A,1,0.9749913,0.65369713,2092.98473,2479.0039785052963,386.0192485052961,86.0192485052961,0.6528360233907297,0.7631272375766374,300.0,0,0,0,86.0192485052961,OPTIMAL,875192.485052961
2026-01-14 13:45:00,ZONE_A,1,0.9695086,0.7116695,2132.72764,2537.86974233817,405.14210233816993,105.14210233816993,0.666959234517411,0.7827141212612952,300.0,0,0,0,105.14210233816993,OPTIMAL,1066421.0233816993
2026-01-14 14:00:00,ZONE_A,1,0.9428308,0.7555234,2206.19584,2573.357894238764,367.162054238764,67.16205423876397,0.6563270460057898,0.7612304904055329,300.0,0,0,0,67.16205423876397,OPTIMAL,686620.5423876398
2026-01-14 14:15:00,ZONE_A,1,0.9531229,0.71876913,2126.64897,2525.107787146525,398.45881714652495,98.45881714652495,0.6530180290352164,0.7668634057058481,300.0,0,0,0,98.45881714652495,OPTIMAL,999588.1714652495
2026-01-14 14:30:00,ZONE_A,1,0.88024884,0.77147365,2160.73234,2559.386920378749,398.6545803787491,98.65458037874907,0.6508975459346119,0.7647988549423453,300.0,0,0,0,98.65458037874907,OPTIMAL,1001545.8037874907
2026-01-14 14:45:00,ZONE_A,1,0.8873655,0.54923815,2166.7259,2451.67372795364,284.94782795364,0.0,0.6618363798238509,0.743250045197918,284.94782795364,0,0,0,0.0,OPTIMAL,14247.391397682
2026-01-14 15:00:00,ZONE_A,1,0.96591514,0.44637454,2297.27557,2297.27557,0.0,0.0,0.6786727763058003,0.6786727763058003,0.0,0,0,0,0.0,OPTIMAL,0.0
2026-01-14 15:15:00,ZONE_A,1,0.9785275,0.3530002,2381.21575,2381.21575,0.0,0.0,0.6933164681555236,0.6933164681555236,0.0,0,0,0,0.0,OPTIMAL,0.0
2026-01-14 15:30:00,ZONE_A,1,0.98412156,0.32129186,2389.99,2389.99,0.0,0.0,0.6828827313002719,0.6828827313002719,0.0,0,0,0,0.0,OPTIMAL,0.0
2026-01-14 15:45:00,ZONE_A,1,0.9883563,0.094153605,2430.1096,2430.1096,0.0,0.0,0.6839742820756812,0.6839742820756812,0.0,0,0,0,0.0,OPTIMAL,0.0
2026-01-14 16:00:00,ZONE_A,1,0.9757555,0.117267214,2495.35164,2495.35164,0.0,0.0,0.6912237805177585,0.6912237805177585,0.0,0,0,0,0.0,OPTIMAL,0.0
2026-01-14 16:15:00,ZONE_A,1,0.9860822,0.005811427,2563.46497,2563.46497,0.0,0.0,0.6914677227733431,0.6914677227733431,0.0,0,0,0,0.0,OPTIMAL,0.0
2026-01-14 16:30:00,ZONE_A,1,0.9911612,0.0066319117,2558.42219,2558.42219,0.0,0.0,0.6802927311921712,0.6802927311921712,0.0,0,0,0,0.0,OPTIMAL,0.0
2026-01-14 16:45:00,ZONE_A,1,0.9919084,0.0023341186,2608.24922,2608.24922,0.0,0.0,0.689796291970268,0.689796291970268,0.0,0,0,0,0.0,OPTIMAL,0.0
2026-01-14 17:00:00,ZONE_A,1,0.98438627,0.0018963,2665.71831,2665.71831,0.0,0.0,0.6819966152830014,0.6819966152830014,0.0,0,0,0,0.0,OPTIMAL,0.0
2026-01-14 17:15:00,ZONE_A,1,0.98617584,0.0016045651,2660.84482,2660.84482,0.0,0.0,0.6827414857202986,0.6827414857202986,0.0,0,0,0,0.0,OPTIMAL,0.0
2026-01-14 17:30:00,ZONE_A,1,0.9871157,0.0021686638,2646.70749,2646.70749,0.0,0.0,0.6828438001288777,0.6828438001288777,0.0,0,0,0,0.0,OPTIMAL,0.0
2026-01-14 17:45:00,ZONE_A,1,0.98485523,0.0009544261,2687.443565,2687.443565,0.0,0.0,0.6841021403222254,0.6841021403222254,0.0,0,0,0,0.0,OPTIMAL,0.0
2026-01-14 18:00:00,ZONE_A,1,0.9832835,0.0027612348,2621.40168,2621.40168,0.0,0.0,0.6913651164816013,0.6913651164816013,0.0,0,0,0,0.0,OPTIMAL,0.0
2026-01-14 18:15:00,ZONE_A,1,0.9865297,0.0021686638,2640.0425800000003,2640.0425800000003,0.0,0.0,0.6945065169458569,0.6945065169458569,0.0,0,0,0,0.0,OPTIMAL,0.0
2026-01-14 18:30:00,ZONE_A,1,0.9805597,0.0018541816,2615.76034,2615.76034,0.0,0.0,0.6706984778110834,0.6706984778110834,0.0,0,0,0,0.0,OPTIMAL,0.0
2026-01-14 18:45:00,ZONE_A,1,0.9814184,0.0027612348,2645.17523,2645.17523,0.0,0.0,0.6877484046521343,0.6877484046521343,0.0,0,0,0,0.0,OPTIMAL,0.0
2026-01-14 19:00:00,ZONE_A,1,0.97240686,0.0018351043,2617.66279,2617.66279,0.0,0.0,0.6740349396879014,0.6740349396879014,0.0,0,0,0,0.0,OPTIMAL,0.0
2026-01-14 19:15:00,ZONE_A,1,0.97926736,0.0025350896,2618.7043200000003,2618.7043200000003,0.0,0.0,0.6870764420696736,0.6870764420696736,0.0,0,0,0,0.0,OPTIMAL,0.0
2026-01-14 19:30:00,ZONE_A,1,0.98318636,0.0018298276,2685.437604,2685.437604,0.0,0.0,0.6823571431690264,0.6823571431690264,0.0,0,0,0,0.0,OPTIMAL,0.0
2026-01-14 19:45:00,ZONE_A,1,0.97601163,0.0018351043,2638.20775,2638.20775,0.0,0.0,0.6841281609201809,0.6841281609201809,0.0,0,0,0,0.0,OPTIMAL,0.0
2026-01-14 20:00:00,ZONE_A,0,0.9786567,0.0017814559,2445.34245,2445.34245,0.0,0.0,0.6437700607935185,0.6437700607935185,0.0,0,0,0,0.0,OPTIMAL,0.0
2026-01-14 20:15:00,ZONE_A,0,0.95994246,0.0018976993,2440.27439,2440.27439,0.0,0.0,0.6353626246620339,0.6353626246620339,0.0,0,0,0,0.0,OPTIMAL,0.0
2026-01-14 20:30:00,ZONE_A,0,0.9850701,0.0038840687,2389.8464400000003,2389.8464400000003,0.0,0.0,0.630318330483286,0.630318330483286,0.0,0,0,0,0.0,OPTIMAL,0.0
2026-01-14 20:45:00,ZONE_A,0,0.99378514,0.0017323375,2403.55073,2403.55073,0.0,0.0,0.6152205602088419,0.6152205602088419,0.0,0,0,0,0.0,OPTIMAL,0.0
2026-01-14 21:00:00,ZONE_A,0,0.99641645,0.2397399,2291.34432,2291.34432,0.0,0.0,0.6096051725726802,0.6096051725726802,0.0,0,0,0,0.0,OPTIMAL,0.0
2026-01-14 21:15:00,ZONE_A,0,0.9955165,0.56079274,2253.28777,2402.889008012458,149.6012380124582,0.0,0.5994468038271199,0.6421900148050433,149.6012380124582,0,0,0,0.0,OPTIMAL,7480.06190062291
2026-01-14 21:30:00,ZONE_A,0,0.9958324,0.004502704,2248.18943,2248.18943,0.0,0.0,0.6016396078033209,0.6016396078033209,0.0,0,0,0,0.0,OPTIMAL,0.0
2026-01-14 21:45:00,ZONE_A,0,0.9952642,0.0012326274,2278.8107,2278.8107,0.0,0.0,0.5865761438218875,0.5865761438218875,0.0,0,0,0,0.0,OPTIMAL,0.0
2026-01-14 22:00:00,ZONE_A,0,0.99620855,0.0014824619,2236.8968,2236.8968,0.0,0.0,0.5793094855355009,0.5793094855355009,0.0,0,0,0,0.0,OPTIMAL,0.0
2026-01-14 22:15:00,ZONE_A,0,0.99748576,0.0015257108,2229.76045,2229.76045,0.0,0.0,0.5620694908835595,0.5620694908835595,0.0,0,0,0,0.0,OPTIMAL,0.0
2026-01-14 22:30:00,ZONE_A,0,0.997412,0.0034244088,2172.42844,2172.42844,0.0,0.0,0.5528586205890262,0.5528586205890262,0.0,0,0,0,0.0,OPTIMAL,0.0
2026-01-14 22:45:00,ZONE_A,0,0.9973441,0.0016856028,2136.19291,2136.19291,0.0,0.0,0.541460971942295,0.541460971942295,0.0,0,0,0,0.0,OPTIMAL,0.0
2026-01-14 23:00:00,ZONE_A,0,0.9973441,0.00194212,2183.92567,2183.92567,0.0,0.0,0.5350421078900295,0.5350421078900295,0.0,0,0,0,0.0,OPTIMAL,0.0
2026-01-14 23:15:00,ZONE_A,0,0.9973441,0.0014205484,2169.88181,2169.88181,0.0,0.0,0.5668351958777836,0.5668351958777836,0.0,0,0,0,0.0,OPTIMAL,0.0
2026-01-14 23:30:00,ZONE_A,0,0.99797183,0.0019608103,2189.237385,2189.237385,0.0,0.0,0.5812836202531535,0.5812836202531535,0.0,0,0,0,0.0,OPTIMAL,0.0
2026-01-14 23:45:00,ZONE_A,0,0.99801874,0.0022032976,2228.8458100000003,2228.8458100000003,0.0,0.0,0.5329451594739143,0.5329451594739143,0.0,0,0,0,0.0,OPTIMAL,0.0
2026-01-15 00:00:00,ZONE_A,0,0.9981135,0.0022032976,2246.633728,2246.633728,0.0,0.0,0.5554398790782865,0.5554398790782865,0.0,0,0,0,0.0,OPTIMAL,0.0
2026-01-15 00:15:00,ZONE_A,0,0.99743986,0.0012685667,2255.697365,2255.697365,0.0,0.0,0.5376516271651065,0.5376516271651065,0.0,0,0,0,0.0,OPTIMAL,0.0
2026-01-15 00:30:00,ZONE_A,0,0.9972761,0.0019427948,2255.382684,2255.382684,0.0,0.0,0.5582749413867222,0.5582749413867222,0.0,0,0,0,0.0,OPTIMAL,0.0
2026-01-15 00:45:00,ZONE_A,0,0.99802846,0.0023990544,2254.918517,2254.918517,0.0,0.0,0.5661884495208807,0.5661884495208807,0.0,0,0,0,0.0,OPTIMAL,0.0
2026-01-15 01:00:00,ZONE_A,0,0.9980203,0.0015653783,2236.73684,2236.73684,0.0,0.0,0.5341717565213865,0.5341717565213865,0.0,0,0,0,0.0,OPTIMAL,0.0
2026-01-15 01:15:00,ZONE_A,0,0.9980469,0.0024277372,2249.412167,2249.412167,0.0,0.0,0.5450153902832592,0.5450153902832592,0.0,0,0,0,0.0,OPTIMAL,0.0
2026-01-15 01:30:00,ZONE_A,0,0.9980446,0.0016646587,2247.764686,2247.764686,0.0,0.0,0.5347182768605337,0.5347182768605337,0.0,0,0,0,0.0,OPTIMAL,0.0
2026-01-15 01:45:00,ZONE_A,0,0.997378,0.0013513197,2265.46374,2265.46374,0.0,0.0,0.5723423874062886,0.5723423874062886,0.0,0,0,0,0.0,OPTIMAL,0.0
2026-01-15 02:00:00,ZONE_A,0,0.9979188,0.003038673,2231.03793,2231.03793,0.0,0.0,0.532810090314286,0.532810090314286,0.0,0,0,0,0.0,OPTIMAL,0.0
2026-01-15 02:15:00,ZONE_A,0,0.9980203,0.0018145086,2245.880535,2245.880535,0.0,0.0,0.5334195648396395,0.5334195648396395,0.0,0,0,0,0.0,OPTIMAL,0.0
2026-01-15 02:30:00,ZONE_A,0,0.9980336,0.0015613218,2241.6514650000004,2241.6514650000004,0.0,0.0,0.5466239940281157,0.5466239940281157,0.0,0,0,0,0.0,OPTIMAL,0.0
2026-01-15 02:45:00,ZONE_A,0,0.99740726,0.001032533,2230.89963,2230.89963,0.0,0.0,0.5349220707956927,0.5349220707956927,0.0,0,0,0,0.0,OPTIMAL,0.0
2026-01-15 03:00:00,ZONE_A,0,0.99799156,0.002162788,2242.689578,2242.689578,0.0,0.0,0.5433616994381063,0.5433616994381063,0.0,0,0,0,0.0,OPTIMAL,0.0
2026-01-15 03:15:00,ZONE_A,0,0.9980253,0.002162788,2246.57891,2246.57891,0.0,0.0,0.5378778683117934,0.5378778683117934,0.0,0,0,0,0.0,OPTIMAL,0.0
2026-01-15 03:30:00,ZONE_A,0,0.99804974,0.0013878391,2238.04934,2238.04934,0.0,0.0,0.5431886509743178,0.5431886509743178,0.0,0,0,0,0.0,OPTIMAL,0.0
2026-01-15 03:45:00,ZONE_A,0,0.99802846,0.0019379015,2253.82335,2253.82335,0.0,0.0,0.5351731956890037,0.5351731956890037,0.0,0,0,0,0.0,OPTIMAL,0.0
2026-01-15 04:00:00,ZONE_A,0,0.9980203,0.0018145086,2242.71812,2242.71812,0.0,0.0,0.5344324264170278,0.5344324264170278,0.0,0,0,0,0.0,OPTIMAL,0.0
2026-01-15 04:15:00,ZONE_A,0,0.9980253,0.0017469722,2251.459166,2251.459166,0.0,0.0,0.5325592619363806,0.5325592619363806,0.0,0,0,0,0.0,OPTIMAL,0.0
2026-01-15 04:30:00,ZONE_A,0,0.99806994,0.0022357863,2253.096125,2253.096125,0.0,0.0,0.5442042455810274,0.5442042455810274,0.0,0,0,0,0.0,OPTIMAL,0.0
2026-01-15 04:45:00,ZONE_A,0,0.99810165,0.0018092145,2248.94,2248.94,0.0,0.0,0.5347539953747634,0.5347539953747634,0.0,0,0,0,0.0,OPTIMAL,0.0
2026-01-15 05:00:00,ZONE_A,0,0.99758995,0.0030544244,2429.940644,2429.940644,0.0,0.0,0.6101074117991003,0.6101074117991003,0.0,0,0,0,0.0,OPTIMAL,0.0
2026-01-15 05:15:00,ZONE_A,0,0.9974004,0.0027800049,2478.62288,2478.62288,0.0,0.0,0.6201012771909525,0.6201012771909525,0.0,0,0,0,0.0,OPTIMAL,0.0
2026-01-15 05:30:00,ZONE_A,0,0.9976042,0.0017848806,2558.25541,2558.25541,0.0,0.0,0.6297870613763678,0.6297870613763678,0.0,0,0,0,0.0,OPTIMAL,0.0
2026-01-15 05:45:00,ZONE_A,0,0.9969387,0.0027875314,2541.14185,2541.14185,0.0,0.0,0.6347255836958482,0.6347255836958482,0.0,0,0,0,0.0,OPTIMAL,0.0
2026-01-15 06:00:00,ZONE_A,1,0.7759618,0.0016443728,2637.25721,2637.25721,0.0,0.0,0.6514335545982418,0.6514335545982418,0.0,0,0,0,0.0,OPTIMAL,0.0
2026-01-15 06:15:00,ZONE_A,0,0.8370885,0.0025613995,2534.14803,2534.14803,0.0,0.0,0.6605297526234045,0.6605297526234045,0.0,0,0,0,0.0,OPTIMAL,0.0
2026-01-15 06:30:00,ZONE_A,1,0.9941216,0.0016451699,2614.1530500000003,2614.1530500000003,0.0,0.0,0.6589420724049417,0.6589420724049417,0.0,0,0,0,0.0,OPTIMAL,0.0
2026-01-15 06:45:00,ZONE_A,1,0.9942988,0.002678917,2564.20804,2564.20804,0.0,0.0,0.6652966221957268,0.6652966221957268,0.0,0,0,0,0.0,OPTIMAL,0.0
2026-01-15 07:00:00,ZONE_A,1,0.9949486,0.0025611876,2631.90946,2631.90946,0.0,0.0,0.6840768950216408,0.6840768950216408,0.0,0,0,0,0.0,OPTIMAL,0.0
2026-01-15 07:15:00,ZONE_A,1,0.97328496,0.011844684,2580.7739,2580.7739,0.0,0.0,0.6881913770764976,0.6881913770764976,0.0,0,0,0,0.0,OPTIMAL,0.0
2026-01-15 07:30:00,ZONE_A,2,0.95599735,0.25442103,2616.46616,2616.46616,0.0,0.0,0.706447761685241,0.706447761685241,0.0,0,0,0,0.0,OPTIMAL,0.0
2026-01-15 07:45:00,ZONE_A,2,0.97937554,0.3098105,2647.68404,2647.68404,0.0,0.0,0.7405833930546689,0.7405833930546689,0.0,0,0,0,0.0,OPTIMAL,0.0
2026-01-15 08:00:00,ZONE_A,2,0.98527837,0.74255234,2539.2328,2834.9003601051163,295.667560105116,0.0,0.7221448697119077,0.8066213157236223,295.667560105116,0,0,0,0.0,OPTIMAL,14783.378005255801
2026-01-15 08:15:00,ZONE_A,2,0.9816731,0.763922,2569.55147,2873.96531924586,304.41384924586,4.4138492458599785,0.740028585329926,0.8270039711076815,300.0,0,0,0,4.4138492458599785,OPTIMAL,59138.49245859979
2026-01-15 08:30:00,ZONE_A,3,0.718709,0.57756996,2543.47118,2834.362684709511,290.89150470951125,0.0,0.78806212550297,0.8711739842745263,290.89150470951125,0,0,0,0.0,OPTIMAL,74123489.28362203
2026-01-15 08:45:00,ZONE_A,2,0.77758145,0.85340416,2459.65913,2938.380947013171,478.7218170131712,178.72181701317118,0.7482657341201312,0.8850433966511454,300.0,0,0,0,178.72181701317118,OPTIMAL,124454105.97634214
2026-01-15 09:00:00,ZONE_A,1,0.9483963,0.7869182,2029.9647,2570.94625326852,540.9815532685201,240.9815532685201,0.678768310017904,0.8333344686509074,300.0,0,0,0,240.9815532685201,OPTIMAL,2424815.5326852007
2026-01-15 09:15:00,ZONE_A,1,0.9540875,0.8901618,1924.9898,2617.29052984028,692.30072984028,392.30072984028004,0.6714993779627517,0.8692995872493996,300.0,0,0,0,392.30072984028004,OPTIMAL,71486562.41147114
2026-01-15 09:30:00,ZONE_A,2,0.7273606,0.92924803,1927.527,2687.204641463161,759.677641463161,459.67764146316097,0.70124105649499,0.9182918122228747,300.0,0,0,0,459.67764146316097,OPTIMAL,243633118.0669037
2026-01-15 09:45:00,ZONE_A,2,0.8966039,0.89890957,1858.66134,2670.828168030628,812.1668280306283,512.1668280306283,0.7283716718747142,0.9604193379481183,300.0,0,0,0,512.1668280306283,OPTIMAL,391604349.56350005
2026-01-15 10:00:00,ZONE_A,1,0.935437,0.88742447,1771.6718,2579.8201573063843,808.148357306384,508.148357306384,0.6752793974746182,0.9061789288523795,300.0,0,0,0,508.148357306384,OPTIMAL,201722733.94429097
2026-01-15 10:15:00,ZONE_A,1,0.93063766,0.8986139,1826.2314,2604.9650836407695,778.73368364077,478.73368364077,0.6789740774759385,0.9014694163363213,300.0,0,0,0,478.73368364077,OPTIMAL,184945293.465153
2026-01-15 10:30:00,ZONE_A,1,0.8337337,0.87893176,1748.9875000000002,2580.653561994712,831.666061994712,531.666061994712,0.7026182181364338,0.9402370937874189,300.0,0,0,0,531.666061994712,OPTIMAL,321161487.8187745
2026-01-15 10:45:00,ZONE_A,1,0.7859246,0.9084859,1676.0832300000002,2581.025462643883,904.942232643883,604.942232643883,0.6846168319886877,0.943171756553096,300.0,0,0,0,604.942232643883,OPTIMAL,332165569.0617334
2026-01-15 11:00:00,ZONE_A,2,0.96418965,0.9063233,1696.5923,2652.49574422951,955.9034442295101,655.9034442295101,0.7362946369460758,1.0094099075670138,300.0,0,0,0,655.9034442295101,OPTIMAL,564508709.2086436
2026-01-15 11:15:00,ZONE_A,1,0.84072804,0.92641765,1687.676,2624.460911995855,936.7849119958549,636.7849119958549,0.697498286974894,0.9651511198074519,300.0,0,0,0,636.7849119958549,OPTIMAL,409411767.1905998
2026-01-15 11:30:00,ZONE_A,1,0.9248422,0.92641765,1737.09274,2621.850092356914,884.757352356914,584.757352356914,0.680608876611487,0.93339669242065,300.0,0,0,0,584.757352356914,OPTIMAL,297750996.01431656
2026-01-15 11:45:00,ZONE_A,1,0.8498377,0.89737713,1688.84555,2591.5166217718656,902.6710717718655,602.6710717718655,0.6919177925042047,0.9498238138282065,300.0,0,0,0,602.6710717718655,OPTIMAL,355425058.0086354
2026-01-15 12:00:00,ZONE_A,1,0.91102815,0.9187565,1755.9065,2615.212104398,859.305604398,559.305604398,0.6851325999079244,0.930648487809805,300.0,0,0,0,559.305604398,OPTIMAL,287877762.3078995
2026-01-15 12:15:00,ZONE_A,1,0.7480939,0.9169219,1760.1857999999995,2634.145140991119,873.95934099112,573.95934099112,0.6888265170743053,0.9385291867543697,300.0,0,0,0,573.95934099112,OPTIMAL,315606746.02590656
2026-01-15 12:30:00,ZONE_A,2,0.9311719,0.94308215,1800.6428,2699.331715494125,898.688915494125,598.688915494125,0.7124029429845143,0.9691712053581948,300.0,0,0,0,598.688915494125,OPTIMAL,423101106.6027032
2026-01-15 12:45:00,ZONE_A,1,0.80042565,0.9475047,1632.4169000000002,2621.34186271097,988.9249627109699,688.9249627109699,0.6916000098622652,0.974150000125382,300.0,0,0,0,688.9249627109699,OPTIMAL,441429248.65552765
2026-01-15 13:00:00,ZONE_A,1,0.94183683,0.9475047,1740.0362999999998,2627.07731407608,887.04101407608,587.04101407608,0.6947451321234999,0.9481854226644338,300.0,0,0,0,587.04101407608,OPTIMAL,349534388.3748708
2026-01-15 13:15:00,ZONE_A,1,0.9482939,0.9354248,1760.3257,2624.83978115368,864.51408115368,564.51408115368,0.6943908159681458,0.9413948399486939,300.0,0,0,0,564.51408115368,OPTIMAL,325542079.60397965
2026-01-15 13:30:00,ZONE_A,1,0.75494283,0.9327201,1772.7924999999998,2629.9825119261695,857.1900119261701,557.1900119261701,0.7078783308957646,0.9527897637262487,300.0,0,0,0,557.1900119261701,OPTIMAL,365351071.91020095
2026-01-15 13:45:00,ZONE_A,1,0.9470979,0.9349946,1803.938,2637.4955033433002,833.5575033433,533.5575033433,0.6873903078237769,0.9255495952655327,300.0,0,0,0,533.5575033433,OPTIMAL,269774157.6053931
2026-01-15 14:00:00,ZONE_A,1,0.95047885,0.9349946,1816.051,2635.45558358256,819.40458358256,519.40458358256,0.6891794144077118,0.9232950104839659,300.0,0,0,0,519.40458358256,OPTIMAL,261741581.68931797
2026-01-15 14:15:00,ZONE_A,1,0.9723537,0.9296027,1834.35205,2611.2908860329053,776.9388360329051,476.9388360329051,0.6720735091891883,0.8940560344963792,300.0,0,0,0,476.9388360329051,OPTIMAL,158980508.5931027
2026-01-15 14:30:00,ZONE_A,1,0.97494555,0.8640266,1921.9865600000005,2572.692457649824,650.705897649824,350.705897649824,0.6742312138424057,0.8601471852359315,300.0,0,0,0,350.705897649824,OPTIMAL,39037207.18068226
2026-01-15 14:45:00,ZONE_A,1,0.97995216,0.8752352,1932.5235,2585.2069566672003,652.6834566672,352.68345666719995,0.6763668262130826,0.8628478144288124,300.0,0,0,0,352.68345666719995,OPTIMAL,48509184.92367028
2026-01-15 15:00:00,ZONE_A,1,0.86491597,0.74896705,2117.7821,2618.86307608127,501.08097608126997,201.08097608126997,0.6925809704115583,0.835746964038242,300.0,0,0,0,201.08097608126997,OPTIMAL,2025809.7608126996
2026-01-15 15:15:00,ZONE_A,1,0.86928004,0.77912635,2129.0208,2641.9673587376196,512.94655873762,212.94655873761997,0.695962116378897,0.8425182764651347,300.0,0,0,0,212.94655873761997,OPTIMAL,2144465.5873761997
2026-01-15 15:30:00,ZONE_A,1,0.9183361,0.7776258,2260.1587,2664.1123631389,403.9536631389,103.95366313890003,0.6731476470392377,0.7885629797189238,300.0,0,0,0,103.95366313890003,OPTIMAL,1054536.6313890002
2026-01-15 15:45:00,ZONE_A,1,0.92276853,0.7539645,2246.1688,2651.8742323849,405.7054323849,105.7054323849,0.6847890790865224,0.8007049172689501,300.0,0,0,0,105.7054323849,OPTIMAL,1072054.323849
2026-01-15 16:00:00,ZONE_A,1,0.9703992,0.27960965,2359.78554,2359.78554,0.0,0.0,0.6877315564885009,0.6877315564885009,0.0,0,0,0,0.0,OPTIMAL,0.0
2026-01-15 16:15:00,ZONE_A,1,0.9758077,0.022839827,2463.55376,2463.55376,0.0,0.0,0.6987148971118792,0.6987148971118792,0.0,0,0,0,0.0,OPTIMAL,0.0
2026-01-15 16:30:00,ZONE_A,1,0.97950923,0.006841992,2572.74083,2572.74083,0.0,0.0,0.6805817243522188,0.6805817243522188,0.0,0,0,0,0.0,OPTIMAL,0.0
2026-01-15 16:45:00,ZONE_A,1,0.9827808,0.0048204097,2569.18829,2569.18829,0.0,0.0,0.6903861159954244,0.6903861159954244,0.0,0,0,0,0.0,OPTIMAL,0.0
2026-01-15 17:00:00,ZONE_A,1,0.98802525,0.0016694567,2681.28663,2681.28663,0.0,0.0,0.6910161329142471,0.6910161329142471,0.0,0,0,0,0.0,OPTIMAL,0.0
2026-01-15 17:15:00,ZONE_A,1,0.9792321,0.0024606956,2706.7838,2706.7838,0.0,0.0,0.6947064297810454,0.6947064297810454,0.0,0,0,0,0.0,OPTIMAL,0.0
2026-01-15 17:30:00,ZONE_A,1,0.98324615,0.0014537001,2704.86814,2704.86814,0.0,0.0,0.6791638520772585,0.6791638520772585,0.0,0,0,0,0.0,OPTIMAL,0.0
2026-01-15 17:45:00,ZONE_A,1,0.98531634,0.0025239992,2752.7057400000003,2752.7057400000003,0.0,0.0,0.6869397688230171,0.6869397688230171,0.0,0,0,0,0.0,OPTIMAL,0.0
2026-01-15 18:00:00,ZONE_A,1,0.9778152,0.0022019772,2734.33648,2734.33648,0.0,0.0,0.6881603055294241,0.6881603055294241,0.0,0,0,0,0.0,OPTIMAL,0.0
2026-01-15 18:15:00,ZONE_A,1,0.953282,0.0030287376,2750.011654,2750.011654,0.0,0.0,0.678695466410826,0.678695466410826,0.0,0,0,0,0.0,OPTIMAL,0.0
2026-01-15 18:30:00,ZONE_A,1,0.9774994,0.0024534026,2732.07452,2732.07452,0.0,0.0,0.6843949111549893,0.6843949111549893,0.0,0,0,0,0.0,OPTIMAL,0.0
2026-01-15 18:45:00,ZONE_A,1,0.9752371,0.0019132576,2724.48762,2724.48762,0.0,0.0,0.6836061087071685,0.6836061087071685,0.0,0,0,0,0.0,OPTIMAL,0.0
2026-01-15 19:00:00,ZONE_A,1,0.9673876,0.001734506,2751.43771,2751.43771,0.0,0.0,0.6955440683573847,0.6955440683573847,0.0,0,0,0,0.0,OPTIMAL,0.0
2026-01-15 19:15:00,ZONE_A,1,0.9824834,0.0022204733,2729.17473,2729.17473,0.0,0.0,0.6993985793507195,0.6993985793507195,0.0,0,0,0,0.0,OPTIMAL,0.0
2026-01-15 19:30:00,ZONE_A,1,0.95159155,0.0016267225,2739.7520400000003,2739.7520400000003,0.0,0.0,0.6937950332161161,0.6937950332161161,0.0,0,0,0,0.0,OPTIMAL,0.0
2026-01-15 19:45:00,ZONE_A,1,0.983052,0.0013505348,2675.96353,2675.96353,0.0,0.0,0.6942319526606539,0.6942319526606539,0.0,0,0,0,0.0,OPTIMAL,0.0
2026-01-15 20:00:00,ZONE_A,0,0.984082,0.0017285986,2560.986244,2560.986244,0.0,0.0,0.6442335740017643,0.6442335740017643,0.0,0,0,0,0.0,OPTIMAL,0.0
2026-01-15 20:15:00,ZONE_A,0,0.88342583,0.0017380285,2585.60951,2585.60951,0.0,0.0,0.6376120878124617,0.6376120878124617,0.0,0,0,0,0.0,OPTIMAL,0.0
2026-01-15 20:30:00,ZONE_A,0,0.9855526,0.0019260774,2531.6741,2531.6741,0.0,0.0,0.6289279998901673,0.6289279998901673,0.0,0,0,0,0.0,OPTIMAL,0.0
2026-01-15 20:45:00,ZONE_A,0,0.99210864,0.0017285986,2525.33857,2525.33857,0.0,0.0,0.6158252728760392,0.6158252728760392,0.0,0,0,0,0.0,OPTIMAL,0.0
2026-01-15 21:00:00,ZONE_A,0,0.9943884,0.002575765,2458.8757100000003,2458.8757100000003,0.0,0.0,0.610360902800454,0.610360902800454,0.0,0,0,0,0.0,OPTIMAL,0.0
2026-01-15 21:15:00,ZONE_A,0,0.9946128,0.002411223,2434.24446,2434.24446,0.0,0.0,0.6067183097182343,0.6067183097182343,0.0,0,0,0,0.0,OPTIMAL,0.0
2026-01-15 21:30:00,ZONE_A,0,0.9946128,0.0019943623,2383.0472,2383.0472,0.0,0.0,0.5893643619684277,0.5893643619684277,0.0,0,0,0,0.0,OPTIMAL,0.0
2026-01-15 21:45:00,ZONE_A,0,0.9937729,0.0014289797,2413.1792640000003,2413.1792640000003,0.0,0.0,0.5745703985154078,0.5745703985154078,0.0,0,0,0,0.0,OPTIMAL,0.0
2026-01-15 22:00:00,ZONE_A,0,0.9947389,0.00184415,2361.190656,2361.190656,0.0,0.0,0.5798205598669888,0.5798205598669888,0.0,0,0,0,0.0,OPTIMAL,0.0
2026-01-15 22:15:00,ZONE_A,0,0.9968111,0.0018395662,2331.34887,2331.34887,0.0,0.0,0.5663511102359098,0.5663511102359098,0.0,0,0,0,0.0,OPTIMAL,0.0
2026-01-15 22:30:00,ZONE_A,0,0.9972771,0.0014690267,2268.1434750000003,2268.1434750000003,0.0,0.0,0.5508296225844201,0.5508296225844201,0.0,0,0,0,0.0,OPTIMAL,0.0
2026-01-15 22:45:00,ZONE_A,0,0.9972518,0.0019427948,2267.65416,2267.65416,0.0,0.0,0.544626059196898,0.544626059196898,0.0,0,0,0,0.0,OPTIMAL,0.0
2026-01-15 23:00:00,ZONE_A,0,0.997378,0.00194212,2238.9725,2238.9725,0.0,0.0,0.5340157463990057,0.5340157463990057,0.0,0,0,0,0.0,OPTIMAL,0.0
2026-01-15 23:15:00,ZONE_A,0,0.9973537,0.0012063162,2254.044154,2254.044154,0.0,0.0,0.5443825161613128,0.5443825161613128,0.0,0,0,0,0.0,OPTIMAL,0.0
2026-01-15 23:30:00,ZONE_A,0,0.99800414,0.0014135649,2256.013663,2256.013663,0.0,0.0,0.5310835368484469,0.5310835368484469,0.0,0,0,0,0.0,OPTIMAL,0.0
2026-01-15 23:45:00,ZONE_A,0,0.9980446,0.0016204464,2255.48293,2255.48293,0.0,0.0,0.5455015581117261,0.5455015581117261,0.0,0,0,0,0.0,OPTIMAL,0.0
2026-01-16 00:00:00,ZONE_A,0,0.9978265,0.0027274329,2186.12073,2186.12073,0.0,0.0,0.5413064795006572,0.5413064795006572,0.0,0,0,0,0.0,OPTIMAL,0.0
2026-01-16 00:15:00,ZONE_A,0,0.99787927,0.0015658917,2229.35466,2229.35466,0.0,0.0,0.5516555793473642,0.5516555793473642,0.0,0,0,0,0.0,OPTIMAL,0.0
2026-01-16 00:30:00,ZONE_A,0,0.99790776,0.0031467914,2238.954745,2238.954745,0.0,0.0,0.5444267689428979,0.5444267689428979,0.0,0,0,0,0.0,OPTIMAL,0.0
2026-01-16 00:45:00,ZONE_A,0,0.99786913,0.002029056,2231.784334,2231.784334,0.0,0.0,0.5407014697316557,0.5407014697316557,0.0,0,0,0,0.0,OPTIMAL,0.0
2026-01-16 01:00:00,ZONE_A,0,0.9979291,0.0022032976,2192.9915100000003,2192.9915100000003,0.0,0.0,0.5342950553648271,0.5342950553648271,0.0,0,0,0,0.0,OPTIMAL,0.0
2026-01-16 01:15:00,ZONE_A,0,0.99793756,0.0014205484,2173.48797,2173.48797,0.0,0.0,0.5436997389581097,0.5436997389581097,0.0,0,0,0,0.0,OPTIMAL,0.0
2026-01-16 01:30:00,ZONE_A,0,0.9977743,0.002029056,2197.93702,2197.93702,0.0,0.0,0.5421185235905587,0.5421185235905587,0.0,0,0,0,0.0,OPTIMAL,0.0
2026-01-16 01:45:00,ZONE_A,0,0.9979431,0.002542273,2234.499427,2234.499427,0.0,0.0,0.5321531998841426,0.5321531998841426,0.0,0,0,0,0.0,OPTIMAL,0.0
2026-01-16 02:00:00,ZONE_A,0,0.99800414,0.0027140419,2253.713656,2253.713656,0.0,0.0,0.5264023120930487,0.5264023120930487,0.0,0,0,0,0.0,OPTIMAL,0.0
2026-01-16 02:15:00,ZONE_A,0,0.9981186,0.001184663,2242.633617,2242.633617,0.0,0.0,0.5436810986142443,0.5436810986142443,0.0,0,0,0,0.0,OPTIMAL,0.0
2026-01-16 02:30:00,ZONE_A,0,0.997954,0.0016418619,2231.241144,2231.241144,0.0,0.0,0.5286104165947554,0.5286104165947554,0.0,0,0,0,0.0,OPTIMAL,0.0
2026-01-16 02:45:00,ZONE_A,0,0.99790776,0.003038673,2237.7157850000003,2237.7157850000003,0.0,0.0,0.5531657917201385,0.5531657917201385,0.0,0,0,0,0.0,OPTIMAL,0.0
2026-01-16 03:00:00,ZONE_A,0,0.99789006,0.002162788,2244.021965,2244.021965,0.0,0.0,0.5395800268584974,0.5395800268584974,0.0,0,0,0,0.0,OPTIMAL,0.0
2026-01-16 03:15:00,ZONE_A,0,0.998075,0.0013054749,2251.2472500000003,2251.2472500000003,0.0,0.0,0.534513576031976,0.534513576031976,0.0,0,0,0,0.0,OPTIMAL,0.0
2026-01-16 03:30:00,ZONE_A,0,0.9979971,0.002239812,2262.822714,2262.822714,0.0,0.0,0.5375414716666685,0.5375414716666685,0.0,0,0,0,0.0,OPTIMAL,0.0
2026-01-16 03:45:00,ZONE_A,0,0.9980446,0.0019289267,2245.628793,2245.628793,0.0,0.0,0.5411761977448609,0.5411761977448609,0.0,0,0,0,0.0,OPTIMAL,0.0
2026-01-16 04:00:00,ZONE_A,0,0.99800414,0.0020952746,2253.502133,2253.502133,0.0,0.0,0.5336465474081992,0.5336465474081992,0.0,0,0,0,0.0,OPTIMAL,0.0
2026-01-16 04:15:00,ZONE_A,0,0.99800926,0.0018665405,2241.822725,2241.822725,0.0,0.0,0.5295737286185069,0.5295737286185069,0.0,0,0,0,0.0,OPTIMAL,0.0
2026-01-16 04:30:00,ZONE_A,0,0.9976768,0.0019602273,2289.291218,2289.291218,0.0,0.0,0.5440693475146934,0.5440693475146934,0.0,0,0,0,0.0,OPTIMAL,0.0
2026-01-16 04:45:00,ZONE_A,0,0.9980203,0.0021682323,2269.26985,2269.26985,0.0,0.0,0.5464426075567326,0.5464426075567326,0.0,0,0,0,0.0,OPTIMAL,0.0
2026-01-16 05:00:00,ZONE_A,0,0.99758995,0.0028110673,2522.0475,2522.0475,0.0,0.0,0.6084626663985058,0.6084626663985058,0.0,0,0,0,0.0,OPTIMAL,0.0
2026-01-16 05:15:00,ZONE_A,0,0.99507844,0.0028110673,2561.82296,2561.82296,0.0,0.0,0.6314549074726288,0.6314549074726288,0.0,0,0,0,0.0,OPTIMAL,0.0
2026-01-16 05:30:00,ZONE_A,0,0.99637103,0.0014676165,2560.51414,2560.51414,0.0,0.0,0.628046636627868,0.628046636627868,0.0,0,0,0,0.0,OPTIMAL,0.0
2026-01-16 05:45:00,ZONE_A,0,0.989922,0.0020681946,2597.480707,2597.480707,0.0,0.0,0.6442416090654379,0.6442416090654379,0.0,0,0,0,0.0,OPTIMAL,0.0
2026-01-16 06:00:00,ZONE_A,1,0.9019832,0.001751687,2637.235838,2637.235838,0.0,0.0,0.6501354107469882,0.6501354107469882,0.0,0,0,0,0.0,OPTIMAL,0.0
2026-01-16 06:15:00,ZONE_A,1,0.9961892,0.002761911,2657.464867,2657.464867,0.0,0.0,0.6617657273667792,0.6617657273667792,0.0,0,0,0,0.0,OPTIMAL,0.0
2026-01-16 06:30:00,ZONE_A,1,0.9966474,0.0016724038,2652.41284,2652.41284,0.0,0.0,0.6632470189815389,0.6632470189815389,0.0,0,0,0,0.0,OPTIMAL,0.0
2026-01-16 06:45:00,ZONE_A,1,0.9969607,0.0026263515,2636.4905500000004,2636.4905500000004,0.0,0.0,0.6704931251995212,0.6704931251995212,0.0,0,0,0,0.0,OPTIMAL,0.0
2026-01-16 07:00:00,ZONE_A,1,0.9834947,0.0022579879,2606.00042,2606.00042,0.0,0.0,0.6804890650807512,0.6804890650807512,0.0,0,0,0,0.0,OPTIMAL,0.0
2026-01-16 07:15:00,ZONE_A,1,0.89867526,0.015144292,2616.99906,2616.99906,0.0,0.0,0.6992906807870509,0.6992906807870509,0.0,0,0,0,0.0,OPTIMAL,0.0
2026-01-16 07:30:00,ZONE_A,2,0.9657073,0.5981635,2590.03022,2756.1884239648302,166.15820396483,0.0,0.7016938497972355,0.7491676224995906,166.15820396483,0,0,0,0.0,OPTIMAL,8307.9101982415
2026-01-16 07:45:00,ZONE_A,2,0.98750675,0.8929919,2594.12443,2897.206389865383,303.081959865383,3.0819598653829985,0.7316042570834433,0.8181991030220683,300.0,0,0,0,3.0819598653829985,OPTIMAL,45819.598653829984
2026-01-16 08:00:00,ZONE_A,2,0.9847648,0.6765319,2578.76784,2822.180540246034,243.412700246034,0.0,0.7229933188373993,0.7925398048396458,243.412700246034,0,0,0,0.0,OPTIMAL,12170.6350123017
2026-01-16 08:15:00,ZONE_A,2,0.9828895,0.69285864,2596.93852,2852.957187210275,256.01866721027517,0.0,0.7380510765630212,0.8111992674377805,256.01866721027517,0,0,0,0.0,OPTIMAL,12800.933360513758
2026-01-16 08:30:00,ZONE_A,2,0.7145746,0.7550578,2557.20098,2899.713636591476,342.512656591476,42.512656591476,0.7418833265042569,0.8397440858584477,300.0,0,0,0,42.512656591476,OPTIMAL,440126.56591476
2026-01-16 08:45:00,ZONE_A,2,0.6736334,0.7204485,2540.54408,2894.74222497557,354.19814497557,54.19814497557002,0.7488784013179648,0.8500778716880381,300.0,0,0,0,54.19814497557002,OPTIMAL,829532.3568736888
2026-01-16 09:00:00,ZONE_A,1,0.9611683,0.8902079,2179.93504,2666.988132242594,487.053092242594,187.053092242594,0.6660013801156287,0.8051594069730191,300.0,0,0,0,187.053092242594,OPTIMAL,1885530.92242594
2026-01-16 09:15:00,ZONE_A,1,0.9599385,0.90042704,2151.90255,2652.112416460056,500.20986646005605,200.20986646005605,0.6564419081514676,0.7993590133999323,300.0,0,0,0,200.20986646005605,OPTIMAL,2017098.6646005604
2026-01-16 09:30:00,ZONE_A,1,0.94300133,0.8676294,2107.10905,2649.03622973845,541.92717973845,241.92717973845004,0.6981803231736916,0.8530166608416898,300.0,0,0,0,241.92717973845004,OPTIMAL,12992584.702393802
2026-01-16 09:45:00,ZONE_A,1,0.952852,0.9186251,2076.96566,2668.297993678954,591.332333678954,291.332333678954,0.6714277101594416,0.8403798061690756,300.0,0,0,0,291.332333678954,OPTIMAL,2928323.33678954
2026-01-16 10:00:00,ZONE_A,1,0.9671182,0.8787579,2040.1358,2620.28376888311,580.14796888311,280.14796888311,0.6649246306398124,0.8306811936741231,300.0,0,0,0,280.14796888311,OPTIMAL,2816479.6888311002
2026-01-16 10:15:00,ZONE_A,1,0.98645043,0.94128674,2027.97446,2687.251542090122,659.2770820901217,359.27708209012167,0.6904689561896171,0.8788338373350716,300.0,0,0,0,359.27708209012167,OPTIMAL,104526201.1999067
2026-01-16 10:30:00,ZONE_A,1,0.97165155,0.9207023,1972.361,2630.80935202524,658.4483520252401,358.44835202524007,0.6703869859354209,0.8585150871373739,300.0,0,0,0,358.44835202524007,OPTIMAL,33402288.40231746
2026-01-16 10:45:00,ZONE_A,1,0.9727192,0.9440163,1907.63434,2621.117007296218,713.482667296218,413.482667296218,0.6623847437365561,0.8662369350130366,300.0,0,0,0,413.482667296218,OPTIMAL,60979099.04563156
2026-01-16 11:00:00,ZONE_A,1,0.98135686,0.94674003,1905.33334,2660.3373637527297,755.0040237527297,455.0040237527297,0.6750192948889258,0.8907347308906304,300.0,0,0,0,455.0040237527297,OPTIMAL,147136597.9292429
2026-01-16 11:15:00,ZONE_A,2,0.91065663,0.782484,1856.1706,2546.5679704599997,690.39737046,390.39737046000005,0.7065051116128142,0.9037615038100891,300.0,0,0,0,390.39737046000005,OPTIMAL,192084236.4320077
2026-01-16 11:30:00,ZONE_A,1,0.96947,0.94420743,1814.33885,2633.1029881525205,818.7641381525204,518.7641381525204,0.6744900358474922,0.9084226474579313,300.0,0,0,0,518.7641381525204,OPTIMAL,209681906.86392343
2026-01-16 11:45:00,ZONE_A,2,0.9257267,0.9693941,1922.4412,2758.88561348848,836.44441348848,536.44441348848,0.7381112426616149,0.97709536150904,300.0,0,0,0,536.44441348848,OPTIMAL,450213208.09894854
2026-01-16 12:00:00,ZONE_A,1,0.98682714,0.94321626,1845.3283,2638.190889109822,792.862589109822,492.862589109822,0.6770159667741921,0.9035481357883476,300.0,0,0,0,492.862589109822,OPTIMAL,192362100.57360837
2026-01-16 12:15:00,ZONE_A,1,0.98096186,0.9515101,1904.052,2645.5773323734197,741.52533237342,441.52533237342004,0.6712374078176014,0.8831017892175889,300.0,0,0,0,441.52533237342004,OPTIMAL,120286515.1905485
2026-01-16 12:30:00,ZONE_A,2,0.927222,0.93512,2021.13116,2720.8424053887998,699.7112453888,399.71124538879997,0.7043173723166686,0.9042348716133498,300.0,0,0,0,399.71124538879997,OPTIMAL,193834162.51745975
2026-01-16 12:45:00,ZONE_A,2,0.8554862,0.8962368,2122.7554,2731.98589797568,609.2304979756799,309.2304979756799,0.7047588501286984,0.8788247073578341,300.0,0,0,0,309.2304979756799,OPTIMAL,103993780.34694996
2026-01-16 13:00:00,ZONE_A,2,0.7290365,0.8821068,2128.56307,2711.2255116012043,582.662441601204,282.662441601204,0.7111267964355497,0.8776017802656073,300.0,0,0,0,282.662441601204,OPTIMAL,99447855.04653218
2026-01-16 13:15:00,ZONE_A,1,0.87021655,0.9381137,2095.3871,2699.63870489358,604.25160489358,304.25160489357995,0.6857063210021558,0.8583496372111664,300.0,0,0,0,304.25160489357995,OPTIMAL,32281246.199128095
2026-01-16 13:30:00,ZONE_A,1,0.9563219,0.9454572,2080.92645,2666.20184963226,585.27539963226,285.27539963226,0.6656572132935051,0.8328787566111234,300.0,0,0,0,285.27539963226,OPTIMAL,2867753.9963226
2026-01-16 13:45:00,ZONE_A,1,0.8081766,0.87080413,2182.1286,2624.334605989342,442.20600598934203,142.20600598934203,0.6523990857103241,0.7787436592780731,300.0,0,0,0,142.20600598934203,OPTIMAL,1437060.0598934204
2026-01-16 14:00:00,ZONE_A,1,0.7925722,0.77758163,2262.1747600000003,2602.3683093915256,340.1935493915252,40.19354939152521,0.6549462439059304,0.7521444012114111,300.0,0,0,0,40.19354939152521,OPTIMAL,416935.4939152521
2026-01-16 14:15:00,ZONE_A,0,0.76052254,0.81500053,2291.9708,2612.64498353645,320.67418353644996,20.67418353644996,0.6460518020203687,0.7376729976080119,300.0,0,0,0,20.67418353644996,OPTIMAL,221741.8353644996
2026-01-16 14:30:00,ZONE_A,1,0.7388001,0.90106684,2315.37624,2652.5579384724783,337.18169847247844,37.181698472478445,0.6589646736992579,0.755302302122392,300.0,0,0,0,37.181698472478445,OPTIMAL,386816.98472478444
2026-01-16 14:45:00,ZONE_A,0,0.66083497,0.5391124,2365.25517,2540.069983358212,174.81481335821204,0.0,0.6492299827368205,0.6991770724114292,174.81481335821204,0,0,0,0.0,OPTIMAL,8740.740667910602
2026-01-16 15:00:00,ZONE_A,1,0.9683017,0.40652207,2520.44662,2520.44662,0.0,0.0,0.6902871498702722,0.6902871498702722,0.0,0,0,0,0.0,OPTIMAL,0.0
2026-01-16 15:15:00,ZONE_A,1,0.9746459,0.23526931,2533.94799,2533.94799,0.0,0.0,0.6868858400755257,0.6868858400755257,0.0,0,0,0,0.0,OPTIMAL,0.0
2026-01-16 15:30:00,ZONE_A,1,0.98024803,0.85548127,2588.08178,2770.1403591996595,182.0585791996594,0.0,0.6899506107563783,0.7419673478230927,182.0585791996594,0,0,0,0.0,OPTIMAL,9102.92895998297
2026-01-16 15:45:00,ZONE_A,1,0.9909486,0.0028742822,2623.03292,2623.03292,0.0,0.0,0.6935225979626944,0.6935225979626944,0.0,0,0,0,0.0,OPTIMAL,0.0
2026-01-16 16:00:00,ZONE_A,1,0.98397833,0.003385131,2673.64615,2673.64615,0.0,0.0,0.6818108313550574,0.6818108313550574,0.0,0,0,0,0.0,OPTIMAL,0.0
2026-01-16 16:15:00,ZONE_A,1,0.98053074,0.001406511,2698.48609,2698.48609,0.0,0.0,0.6875073799192012,0.6875073799192012,0.0,0,0,0,0.0,OPTIMAL,0.0
2026-01-16 16:30:00,ZONE_A,1,0.9870487,0.0017308795,2742.17302,2742.17302,0.0,0.0,0.6796736046590623,0.6796736046590623,0.0,0,0,0,0.0,OPTIMAL,0.0
2026-01-16 16:45:00,ZONE_A,1,0.9888653,0.0020408593,2762.805733,2762.805733,0.0,0.0,0.6850281951795174,0.6850281951795174,0.0,0,0,0,0.0,OPTIMAL,0.0
2026-01-16 17:00:00,ZONE_A,1,0.97998,0.001414506,2799.5684734,2799.5684734,0.0,0.0,0.6799888673397394,0.6799888673397394,0.0,0,0,0,0.0,OPTIMAL,0.0
2026-01-16 17:15:00,ZONE_A,1,0.9747566,0.0028612006,2807.6108,2807.6108,0.0,0.0,0.6832073371329088,0.6832073371329088,0.0,0,0,0,0.0,OPTIMAL,0.0
2026-01-16 17:30:00,ZONE_A,1,0.9744274,0.0021023054,2811.0654498,2811.0654498,0.0,0.0,0.6731004951195709,0.6731004951195709,0.0,0,0,0,0.0,OPTIMAL,0.0
2026-01-16 17:45:00,ZONE_A,1,0.952523,0.0021023054,2815.6572498,2815.6572498,0.0,0.0,0.686706128311611,0.686706128311611,0.0,0,0,0,0.0,OPTIMAL,0.0
2026-01-16 18:00:00,ZONE_A,1,0.9504874,0.0024602858,2817.3117517,2817.3117517,0.0,0.0,0.6870841910466462,0.6870841910466462,0.0,0,0,0,0.0,OPTIMAL,0.0
2026-01-16 18:15:00,ZONE_A,1,0.96468705,0.0011715189,2813.03602,2813.03602,0.0,0.0,0.6983327133371436,0.6983327133371436,0.0,0,0,0,0.0,OPTIMAL,0.0
2026-01-16 18:30:00,ZONE_A,1,0.93737966,0.0037558367,2800.5322241,2800.5322241,0.0,0.0,0.6902318170081132,0.6902318170081132,0.0,0,0,0,0.0,OPTIMAL,0.0
2026-01-16 18:45:00,ZONE_A,1,0.8856333,0.0014373796,2798.2829517,2798.2829517,0.0,0.0,0.7006465403506358,0.7006465403506358,0.0,0,0,0,0.0,OPTIMAL,0.0
2026-01-16 19:00:00,ZONE_A,1,0.9492941,0.0017166766,2795.9433083,2795.9433083,0.0,0.0,0.6779875033513104,0.6779875033513104,0.0,0,0,0,0.0,OPTIMAL,0.0
2026-01-16 19:15:00,ZONE_A,1,0.9568838,0.0020937517,2793.3659673,2793.3659673,0.0,0.0,0.6873470002028382,0.6873470002028382,0.0,0,0,0,0.0,OPTIMAL,0.0
2026-01-16 19:30:00,ZONE_A,1,0.93301386,0.0014805151,2782.5786588,2782.5786588,0.0,0.0,0.6870446338252886,0.6870446338252886,0.0,0,0,0,0.0,OPTIMAL,0.0
2026-01-16 19:45:00,ZONE_A,1,0.9540066,0.0014433449,2782.7086942,2782.7086942,0.0,0.0,0.6836366502240562,0.6836366502240562,0.0,0,0,0,0.0,OPTIMAL,0.0
2026-01-16 20:00:00,ZONE_A,0,0.97400624,0.0016214611,2640.1712864,2640.1712864,0.0,0.0,0.6382629382145194,0.6382629382145194,0.0,0,0,0,0.0,OPTIMAL,0.0
2026-01-16 20:15:00,ZONE_A,0,0.9708331,0.001269292,2632.5372864,2632.5372864,0.0,0.0,0.6378604833246575,0.6378604833246575,0.0,0,0,0,0.0,OPTIMAL,0.0
2026-01-16 20:30:00,ZONE_A,0,0.9735112,0.001269292,2622.106533,2622.106533,0.0,0.0,0.6450498847253082,0.6450498847253082,0.0,0,0,0,0.0,OPTIMAL,0.0
2026-01-16 20:45:00,ZONE_A,0,0.9932788,0.0012824947,2591.0292495000003,2591.0292495000003,0.0,0.0,0.619392734132379,0.619392734132379,0.0,0,0,0,0.0,OPTIMAL,0.0
2026-01-16 21:00:00,ZONE_A,0,0.99538875,0.0017602971,2547.2592716,2547.2592716,0.0,0.0,0.6136988018717835,0.6136988018717835,0.0,0,0,0,0.0,OPTIMAL,0.0
2026-01-16 21:15:00,ZONE_A,0,0.9953993,0.0017602971,2537.7137864,2537.7137864,0.0,0.0,0.6206997698879344,0.6206997698879344,0.0,0,0,0,0.0,OPTIMAL,0.0
2026-01-16 21:30:00,ZONE_A,0,0.9955712,0.0018805034,2488.0558864,2488.0558864,0.0,0.0,0.5882768435945143,0.5882768435945143,0.0,0,0,0,0.0,OPTIMAL,0.0
2026-01-16 21:45:00,ZONE_A,0,0.9940247,0.0017859234,2501.7016470000003,2501.7016470000003,0.0,0.0,0.6171179054998339,0.6171179054998339,0.0,0,0,0,0.0,OPTIMAL,0.0
2026-01-16 22:00:00,ZONE_A,0,0.9958378,0.0011956937,2406.8099753,2406.8099753,0.0,0.0,0.5691425445596111,0.5691425445596111,0.0,0,0,0,0.0,OPTIMAL,0.0
2026-01-16 22:15:00,ZONE_A,0,0.9940247,0.0017869269,2421.5200979,2421.5200979,0.0,0.0,0.5804673107495193,0.5804673107495193,0.0,0,0,0,0.0,OPTIMAL,0.0
2026-01-16 22:30:00,ZONE_A,0,0.9972441,0.0010814159,2356.1082672,2356.1082672,0.0,0.0,0.5614237292976402,0.5614237292976402,0.0,0,0,0,0.0,OPTIMAL,0.0
2026-01-16 22:45:00,ZONE_A,0,0.9948232,0.0014060871,2381.9033911,2381.9033911,0.0,0.0,0.5736986602405492,0.5736986602405492,0.0,0,0,0,0.0,OPTIMAL,0.0
2026-01-16 23:00:00,ZONE_A,0,0.9972632,0.0010379842,2305.265676,2305.265676,0.0,0.0,0.5330645251285063,0.5330645251285063,0.0,0,0,0,0.0,OPTIMAL,0.0
2026-01-16 23:15:00,ZONE_A,0,0.9972441,0.0015898554,2330.7118692000004,2330.7118692000004,0.0,0.0,0.5480043586672971,0.5480043586672971,0.0,0,0,0,0.0,OPTIMAL,0.0
2026-01-16 23:30:00,ZONE_A,0,0.9978662,0.0014329582,2312.6705835,2312.6705835,0.0,0.0,0.5583689401227223,0.5583689401227223,0.0,0,0,0,0.0,OPTIMAL,0.0
2026-01-16 23:45:00,ZONE_A,0,0.9965797,0.0017508141,2374.42674579,2374.42674579,0.0,0.0,0.5968046436556628,0.5968046436556628,0.0,0,0,0,0.0,OPTIMAL,0.0
2026-01-17 00:00:00,ZONE_A,0,0.9978471,0.0019936175,2304.79615,2304.79615,0.0,0.0,0.5362387230372537,0.5362387230372537,0.0,0,0,0,0.0,OPTIMAL,0.0
2026-01-17 00:15:00,ZONE_A,0,0.99834585,0.0010379842,2289.5123670000003,2289.5123670000003,0.0,0.0,0.539437865734592,0.539437865734592,0.0,0,0,0,0.0,OPTIMAL,0.0
2026-01-17 00:30:00,ZONE_A,0,0.998365,0.0012792058,2293.1292533,2293.1292533,0.0,0.0,0.5470301682171799,0.5470301682171799,0.0,0,0,0,0.0,OPTIMAL,0.0
2026-01-17 00:45:00,ZONE_A,0,0.9972632,0.0015053515,2312.2468566,2312.2468566,0.0,0.0,0.5411707211761476,0.5411707211761476,0.0,0,0,0,0.0,OPTIMAL,0.0
2026-01-17 01:00:00,ZONE_A,0,0.99834585,0.001610273,2289.8272496,2289.8272496,0.0,0.0,0.5394633908472265,0.5394633908472265,0.0,0,0,0,0.0,OPTIMAL,0.0
2026-01-17 01:15:00,ZONE_A,0,0.99745315,0.0019709594,2299.8796,2299.8796,0.0,0.0,0.5428103259732723,0.5428103259732723,0.0,0,0,0,0.0,OPTIMAL,0.0
2026-01-17 01:30:00,ZONE_A,0,0.99747026,0.0015658522,2297.969985,2297.969985,0.0,0.0,0.5419407328087017,0.5419407328087017,0.0,0,0,0,0.0,OPTIMAL,0.0
2026-01-17 01:45:00,ZONE_A,0,0.9979087,0.0016676527,2297.8011267,2297.8011267,0.0,0.0,0.5369763502603746,0.5369763502603746,0.0,0,0,0,0.0,OPTIMAL,0.0
2026-01-17 02:00:00,ZONE_A,0,0.99837565,0.001610273,2290.732677,2290.732677,0.0,0.0,0.5436309480355019,0.5436309480355019,0.0,0,0,0,0.0,OPTIMAL,0.0
2026-01-17 02:15:00,ZONE_A,0,0.99831104,0.0021682323,2285.3764826,2285.3764826,0.0,0.0,0.538626078412845,0.538626078412845,0.0,0,0,0,0.0,OPTIMAL,0.0
2026-01-17 02:30:00,ZONE_A,0,0.99840313,0.0016676527,2287.3454016,2287.3454016,0.0,0.0,0.5492638687661605,0.5492638687661605,0.0,0,0,0,0.0,OPTIMAL,0.0
2026-01-17 02:45:00,ZONE_A,0,0.99816906,0.0016676527,2284.784232,2284.784232,0.0,0.0,0.5382237723453628,0.5382237723453628,0.0,0,0,0,0.0,OPTIMAL,0.0
2026-01-17 03:00:00,ZONE_A,0,0.99801695,0.0011866038,2287.88925983,2287.88925983,0.0,0.0,0.5336656552673105,0.5336656552673105,0.0,0,0,0,0.0,OPTIMAL,0.0
2026-01-17 03:15:00,ZONE_A,0,0.9983011,0.0021682323,2288.2759444000003,2288.2759444000003,0.0,0.0,0.5498930812644254,0.5498930812644254,0.0,0,0,0,0.0,OPTIMAL,0.0
2026-01-17 03:30:00,ZONE_A,0,0.99831104,0.0010379842,2285.693431,2285.693431,0.0,0.0,0.5339946104165904,0.5339946104165904,0.0,0,0,0,0.0,OPTIMAL,0.0
2026-01-17 03:45:00,ZONE_A,0,0.9954721,0.001406937,2282.4763420000004,2282.4763420000004,0.0,0.0,0.5454932551362905,0.5454932551362905,0.0,0,0,0,0.0,OPTIMAL,0.0
2026-01-17 04:00:00,ZONE_A,0,0.9980057,0.0026840486,2277.296557,2277.296557,0.0,0.0,0.5365541348010456,0.5365541348010456,0.0,0,0,0,0.0,OPTIMAL,0.0
2026-01-17 04:15:00,ZONE_A,0,0.9980469,0.0013979231,2270.649562,2270.649562,0.0,0.0,0.5300634712543123,0.5300634712543123,0.0,0,0,0,0.0,OPTIMAL,0.0
2026-01-17 04:30:00,ZONE_A,0,0.9980057,0.0019936175,2280.627278,2280.627278,0.0,0.0,0.5445117623926542,0.5445117623926542,0.0,0,0,0,0.0,OPTIMAL,0.0
2026-01-17 04:45:00,ZONE_A,0,0.9981792,0.0019967584,2280.344743,2280.344743,0.0,0.0,0.5394748604077366,0.5394748604077366,0.0,0,0,0,0.0,OPTIMAL,0.0
2026-01-17 05:00:00,ZONE_A,0,0.9975828,0.0022470506,2446.4967315,2446.4967315,0.0,0.0,0.6120076814795382,0.6120076814795382,0.0,0,0,0,0.0,OPTIMAL,0.0
2026-01-17 05:15:00,ZONE_A,0,0.99738103,0.0027800049,2490.084553,2490.084553,0.0,0.0,0.615828968687496,0.615828968687496,0.0,0,0,0,0.0,OPTIMAL,0.0
2026-01-17 05:30:00,ZONE_A,0,0.9930997,0.0020978516,2580.374943,2580.374943,0.0,0.0,0.6305002517930729,0.6305002517930729,0.0,0,0,0,0.0,OPTIMAL,0.0
2026-01-17 05:45:00,ZONE_A,0,0.99095976,0.0020072362,2569.676223,2569.676223,0.0,0.0,0.6351997184032835,0.6351997184032835,0.0,0,0,0,0.0,OPTIMAL,0.0
2026-01-17 06:00:00,ZONE_A,1,0.86038566,0.0017231641,2581.39143,2581.39143,0.0,0.0,0.6544180438039505,0.6544180438039505,0.0,0,0,0,0.0,OPTIMAL,0.0
2026-01-17 06:15:00,ZONE_A,1,0.6231326,0.0020481464,2567.39132,2567.39132,0.0,0.0,0.6513063782042585,0.6513063782042585,0.0,0,0,0,0.0,OPTIMAL,0.0
2026-01-17 06:30:00,ZONE_A,1,0.99426866,0.0019276694,2552.98281,2552.98281,0.0,0.0,0.6703388401826893,0.6703388401826893,0.0,0,0,0,0.0,OPTIMAL,0.0
2026-01-17 06:45:00,ZONE_A,1,0.9947088,0.0028901664,2597.20077,2597.20077,0.0,0.0,0.6754317002922673,0.6754317002922673,0.0,0,0,0,0.0,OPTIMAL,0.0
2026-01-17 07:00:00,ZONE_A,1,0.9803438,0.59406585,2541.0655,2695.770049426525,154.704549426525,0.0,0.6877505016398778,0.7319518016039318,154.704549426525,0,0,0,0.0,OPTIMAL,7735.22747132625
2026-01-17 07:15:00,ZONE_A,1,0.5686078,0.13992237,2522.9726,2522.9726,0.0,0.0,0.7005843067624249,0.7005843067624249,0.0,0,0,0,0.0,OPTIMAL,0.0
2026-01-17 07:30:00,ZONE_A,2,0.9755653,0.8210453,2463.77467,2794.4821352413487,330.707465241349,30.707465241348984,0.7060794091607406,0.8005672566591757,300.0,0,0,0,30.707465241348984,OPTIMAL,322074.6524134898
2026-01-17 07:45:00,ZONE_A,2,0.98984027,0.19364665,2518.25976,2518.25976,0.0,0.0,0.7084759081066861,0.7084759081066861,0.0,0,0,0,0.0,OPTIMAL,0.0
2026-01-17 08:00:00,ZONE_A,2,0.9717101,0.7442144,2525.9392000000003,2833.3117290518403,307.37252905184,7.37252905183999,0.7307276066872979,0.8185483295547896,300.0,0,0,0,7.37252905183999,OPTIMAL,88725.2905183999
2026-01-17 08:15:00,ZONE_A,2,0.98387885,0.7765123,2559.59466,2881.6598454912723,322.065185491272,22.06518549127202,0.7233801924726865,0.8153988172060915,300.0,0,0,0,22.06518549127202,OPTIMAL,235651.85491272018
2026-01-17 08:30:00,ZONE_A,2,0.97504425,0.68469894,2598.66436,2873.201342840252,274.5369828402516,0.0,0.7388502605888144,0.817289398810044,274.5369828402516,0,0,0,0.0,OPTIMAL,13726.84914201258
2026-01-17 08:45:00,ZONE_A,3,0.85556906,0.5520173,2519.6839,2792.72650584537,273.04260584537,0.0,0.7533107993482943,0.8313229727145726,273.04260584537,0,0,0,0.0,OPTIMAL,13652.1302922685
2026-01-17 09:00:00,ZONE_A,1,0.89072365,0.6702159,2242.99226,2550.153038037716,307.160778037716,7.160778037716,0.6520518468983365,0.739812069520743,300.0,0,0,0,7.160778037716,OPTIMAL,86607.78037716
2026-01-17 09:15:00,ZONE_A,1,0.94258916,0.72734666,2209.0785,2577.639672289866,368.561172289866,68.56117228986602,0.6777945288620228,0.7830977213255201,300.0,0,0,0,68.56117228986602,OPTIMAL,700611.7228986602
2026-01-17 09:30:00,ZONE_A,0,0.59746075,0.70904076,2229.59242,2559.745820156949,330.1534001569488,30.153400156948805,0.6481775272851907,0.7425070705483848,300.0,0,0,0,30.153400156948805,OPTIMAL,316534.001569488
2026-01-17 09:45:00,ZONE_A,1,0.68029284,0.70449865,2219.79765,2558.8596408953126,339.0619908953125,39.061990895312476,0.6527371255811137,0.7496119805153316,300.0,0,0,0,39.061990895312476,OPTIMAL,405619.9089531248
2026-01-17 10:00:00,ZONE_A,1,0.9850122,0.57550746,2223.85036,2504.5441328054944,280.6937728054944,0.0,0.6610349374465709,0.7412331584786298,280.6937728054944,0,0,0,0.0,OPTIMAL,14034.68864027472
2026-01-17 10:15:00,ZONE_A,1,0.97533876,0.93058985,2182.44823,2671.2738359114346,488.8256059114345,188.82560591143448,0.6777501537407904,0.8174146130060927,300.0,0,0,0,188.82560591143448,OPTIMAL,1903256.059114345
2026-01-17 10:30:00,ZONE_A,1,0.749828,0.88263184,2166.6893,2627.369368200944,460.680068200944,160.680068200944,0.6523568161277131,0.7839796931306715,300.0,0,0,0,160.680068200944,OPTIMAL,1621800.68200944
2026-01-17 10:45:00,ZONE_A,1,0.97348714,0.8901176,2123.0460000000003,2630.0053581392003,506.9593581392,206.9593581392,0.6571938627733356,0.8020393940873561,300.0,0,0,0,206.9593581392,OPTIMAL,2084593.581392
2026-01-17 11:00:00,ZONE_A,1,0.97783786,0.88705164,2075.55984,2622.018298477058,546.4584584770583,246.45845847705834,0.6620765451268006,0.8182075337237139,300.0,0,0,0,246.45845847705834,OPTIMAL,2479584.5847705835
2026-01-17 11:15:00,ZONE_A,1,0.97128266,0.8948422,2121.5749,2644.07961395962,522.5047139596201,222.50471395962006,0.6782927120017413,0.8275797735963264,300.0,0,0,0,222.50471395962006,OPTIMAL,2240047.1395962005
2026-01-17 11:30:00,ZONE_A,1,0.99042493,0.8483024,2105.5292,2612.68857127504,507.15937127504,207.15937127503997,0.6658405638231166,0.8107432417470853,300.0,0,0,0,207.15937127503997,OPTIMAL,2086593.7127503997
2026-01-17 11:45:00,ZONE_A,1,0.9879671,0.9002628,2033.7976,2638.9764006248797,605.1788006248801,305.17880062488007,0.6736071521571417,0.8465153814114982,300.0,0,0,0,305.17880062488007,OPTIMAL,3066788.0062488005
2026-01-17 12:00:00,ZONE_A,1,0.9836821,0.9534121,2046.8810000000003,2657.4419138267604,610.5609138267599,310.56091382675993,0.6735099369461229,0.8479559128414265,300.0,0,0,0,310.56091382675993,OPTIMAL,3120609.1382675995
2026-01-17 12:15:00,ZONE_A,1,0.97114086,0.93581223,2044.0062,2639.110065669729,595.103865669729,295.103865669729,0.6656539166648862,0.8356835930990459,300.0,0,0,0,295.103865669729,OPTIMAL,2966038.6566972896
2026-01-17 12:30:00,ZONE_A,1,0.9743611,0.94108707,1987.46003,2646.2213272022163,658.7612972022159,358.7612972022159,0.6693984954005664,0.8576160094501705,300.0,0,0,0,358.7612972022159,OPTIMAL,30258645.96784847
2026-01-17 12:45:00,ZONE_A,1,0.9733069,0.92403686,2003.2671,2628.722609135094,625.455509135094,325.45550913509396,0.6549730203410006,0.8336745949271035,300.0,0,0,0,325.45550913509396,OPTIMAL,3269555.0913509396
2026-01-17 13:00:00,ZONE_A,1,0.9675723,0.93987775,2065.0442,2659.1093458826,594.0651458826001,294.06514588260006,0.6608285877775332,0.8305614871210047,300.0,0,0,0,294.06514588260006,OPTIMAL,2955651.458826001
2026-01-17 13:15:00,ZONE_A,1,0.95960844,0.9598778,2129.41197,2676.0065410083744,546.594571008374,246.59457100837403,0.6697892333171823,0.8259591112152369,300.0,0,0,0,246.59457100837403,OPTIMAL,2480945.7100837403
2026-01-17 13:30:00,ZONE_A,1,0.9225846,0.9526738,2140.25724,2655.394028815168,515.136788815168,215.13678881516796,0.6521091257102086,0.7992910658168796,300.0,0,0,0,215.13678881516796,OPTIMAL,2166367.8881516797
2026-01-17 13:45:00,ZONE_A,0,0.66533995,0.93186045,2185.292,2634.78998419679,449.49798419678996,149.49798419678996,0.6470559823307974,0.7754839781878206,300.0,0,0,0,149.49798419678996,OPTIMAL,1509979.8419678996
2026-01-17 14:00:00,ZONE_A,0,0.71871525,0.9262914,2241.05086,2649.753078983536,408.702218983536,108.702218983536,0.6436388259714177,0.7604108888824287,300.0,0,0,0,108.702218983536,OPTIMAL,1102022.18983536
2026-01-17 14:15:00,ZONE_A,1,0.9867056,0.9290866,2299.0482,2688.88866356164,389.84046356164,89.84046356163998,0.6831537846977862,0.794536774624135,300.0,0,0,0,89.84046356163998,OPTIMAL,913404.6356163998
2026-01-17 14:30:00,ZONE_A,0,0.83841276,0.7907607,2285.98723,2607.5836522619293,321.596422261929,21.59642226192898,0.6484218720364456,0.7403065643754019,300.0,0,0,0,21.59642226192898,OPTIMAL,230964.2226192898
2026-01-17 14:45:00,ZONE_A,0,0.7370055,0.6302099,2363.59246,2573.926110690226,210.333650690226,0.0,0.6459401878636705,0.7060355168025751,210.333650690226,0,0,0,0.0,OPTIMAL,10516.6825345113
2026-01-17 15:00:00,ZONE_A,1,0.9814951,0.867796,2493.4327,2752.8703806336,259.4376806336,0.0,0.6839783339438057,0.758103385761411,259.4376806336,0,0,0,0.0,OPTIMAL,12971.88403168
2026-01-17 15:15:00,ZONE_A,1,0.9500194,0.34743118,2537.6318,2537.6318,0.0,0.0,0.6914004627996596,0.6914004627996596,0.0,0,0,0,0.0,OPTIMAL,0.0
2026-01-17 15:30:00,ZONE_A,1,0.97502047,0.12326452,2543.73403,2543.73403,0.0,0.0,0.6848458898173829,0.6848458898173829,0.0,0,0,0,0.0,OPTIMAL,0.0
2026-01-17 15:45:00,ZONE_A,1,0.99089104,0.0023031773,2603.12795,2603.12795,0.0,0.0,0.6861816672539967,0.6861816672539967,0.0,0,0,0,0.0,OPTIMAL,0.0
2026-01-17 16:00:00,ZONE_A,1,0.9870833,0.002345094,2652.30449,2652.30449,0.0,0.0,0.6857225066387131,0.6857225066387131,0.0,0,0,0,0.0,OPTIMAL,0.0
2026-01-17 16:15:00,ZONE_A,1,0.988133,0.0026771864,2688.197004,2688.197004,0.0,0.0,0.682326004349136,0.682326004349136,0.0,0,0,0,0.0,OPTIMAL,0.0
2026-01-17 16:30:00,ZONE_A,1,0.98462623,0.0017597425,2751.640593,2751.640593,0.0,0.0,0.6900286353629469,0.6900286353629469,0.0,0,0,0,0.0,OPTIMAL,0.0
2026-01-17 16:45:00,ZONE_A,1,0.9898838,0.0018276584,2748.88142,2748.88142,0.0,0.0,0.6910252248306121,0.6910252248306121,0.0,0,0,0,0.0,OPTIMAL,0.0
2026-01-17 17:00:00,ZONE_A,1,0.9816773,0.0021834134,2799.550525,2799.550525,0.0,0.0,0.6915202992049441,0.6915202992049441,0.0,0,0,0,0.0,OPTIMAL,0.0
2026-01-17 17:15:00,ZONE_A,1,0.9875557,0.0023559043,2801.3299562,2801.3299562,0.0,0.0,0.6843852867836465,0.6843852867836465,0.0,0,0,0,0.0,OPTIMAL,0.0
2026-01-17 17:30:00,ZONE_A,1,0.96900785,0.002112424,2794.1378567,2794.1378567,0.0,0.0,0.6862789743953845,0.6862789743953845,0.0,0,0,0,0.0,OPTIMAL,0.0
2026-01-17 17:45:00,ZONE_A,1,0.98337066,0.0012395674,2797.4274210000003,2797.4274210000003,0.0,0.0,0.6905894917284597,0.6905894917284597,0.0,0,0,0,0.0,OPTIMAL,0.0
2026-01-17 18:00:00,ZONE_A,1,0.97546583,0.0021834134,2798.482609,2798.482609,0.0,0.0,0.6929041899265579,0.6929041899265579,0.0,0,0,0,0.0,OPTIMAL,0.0
2026-01-17 18:15:00,ZONE_A,1,0.9820196,0.001715698,2798.179214,2798.179214,0.0,0.0,0.6880584415841597,0.6880584415841597,0.0,0,0,0,0.0,OPTIMAL,0.0
2026-01-17 18:30:00,ZONE_A,1,0.9600924,0.0024253987,2791.691709,2791.691709,0.0,0.0,0.6929377894789297,0.6929377894789297,0.0,0,0,0,0.0,OPTIMAL,0.0
2026-01-17 18:45:00,ZONE_A,1,0.9723281,0.00082546164,2785.284173,2785.284173,0.0,0.0,0.6854641969728965,0.6854641969728965,0.0,0,0,0,0.0,OPTIMAL,0.0
2026-01-17 19:00:00,ZONE_A,1,0.9540929,0.0010320294,2782.1643000000004,2782.1643000000004,0.0,0.0,0.6755849329623601,0.6755849329623601,0.0,0,0,0,0.0,OPTIMAL,0.0
2026-01-17 19:15:00,ZONE_A,1,0.98276603,0.0019047617,2794.031542,2794.031542,0.0,0.0,0.685176219272224,0.685176219272224,0.0,0,0,0,0.0,OPTIMAL,0.0
2026-01-17 19:30:00,ZONE_A,1,0.9744955,0.0016117272,2786.17244,2786.17244,0.0,0.0,0.6869116474914531,0.6869116474914531,0.0,0,0,0,0.0,OPTIMAL,0.0
2026-01-17 19:45:00,ZONE_A,1,0.9567942,0.002147636,2792.7928126,2792.7928126,0.0,0.0,0.6902399092787893,0.6902399092787893,0.0,0,0,0,0.0,OPTIMAL,0.0
2026-01-17 20:00:00,ZONE_A,0,0.5170895,0.0021832888,2654.5649496,2654.5649496,0.0,0.0,0.6616593956153052,0.6616593956153052,0.0,0,0,0,0.0,OPTIMAL,0.0
2026-01-17 20:15:00,ZONE_A,0,0.59971684,0.0017093038,2630.492642,2630.492642,0.0,0.0,0.6582313758548105,0.6582313758548105,0.0,0,0,0,0.0,OPTIMAL,0.0
2026-01-17 20:30:00,ZONE_A,0,0.9821077,0.0017270754,2605.284523,2605.284523,0.0,0.0,0.6295659623947634,0.6295659623947634,0.0,0,0,0,0.0,OPTIMAL,0.0
2026-01-17 20:45:00,ZONE_A,0,0.9810542,0.0017270754,2595.7992,2595.7992,0.0,0.0,0.6250130455320687,0.6250130455320687,0.0,0,0,0,0.0,OPTIMAL,0.0
2026-01-17 21:00:00,ZONE_A,0,0.9934002,0.00291788,2553.675797,2553.675797,0.0,0.0,0.6155402977913305,0.6155402977913305,0.0,0,0,0,0.0,OPTIMAL,0.0
2026-01-17 21:15:00,ZONE_A,0,0.99365646,0.00291788,2509.8015330000003,2509.8015330000003,0.0,0.0,0.6056369547256554,0.6056369547256554,0.0,0,0,0,0.0,OPTIMAL,0.0
2026-01-17 21:30:00,ZONE_A,0,0.993733,0.0020270767,2492.334733,2492.334733,0.0,0.0,0.5916528036719232,0.5916528036719232,0.0,0,0,0,0.0,OPTIMAL,0.0
2026-01-17 21:45:00,ZONE_A,0,0.9937204,0.0024059492,2451.409896,2451.409896,0.0,0.0,0.5840776732630791,0.5840776732630791,0.0,0,0,0,0.0,OPTIMAL,0.0
2026-01-17 22:00:00,ZONE_A,0,0.9922536,0.0016558951,2420.193599,2420.193599,0.0,0.0,0.5727230298186393,0.5727230298186393,0.0,0,0,0,0.0,OPTIMAL,0.0
2026-01-17 22:15:00,ZONE_A,0,0.9965912,0.0018237525,2404.416962,2404.416962,0.0,0.0,0.5750151141095545,0.5750151141095545,0.0,0,0,0,0.0,OPTIMAL,0.0
2026-01-17 22:30:00,ZONE_A,0,0.9965029,0.0020270294,2337.171847,2337.171847,0.0,0.0,0.5609518134354171,0.5609518134354171,0.0,0,0,0,0.0,OPTIMAL,0.0
2026-01-17 22:45:00,ZONE_A,0,0.99645907,0.0016187909,2344.7287,2344.7287,0.0,0.0,0.5616042839324905,0.5616042839324905,0.0,0,0,0,0.0,OPTIMAL,0.0
2026-01-17 23:00:00,ZONE_A,0,0.9977952,0.0014124338,2294.228763,2294.228763,0.0,0.0,0.5501749881201223,0.5501749881201223,0.0,0,0,0,0.0,OPTIMAL,0.0
2026-01-17 23:15:00,ZONE_A,0,0.9974934,0.0019112035,2276.5501710000003,2276.5501710000003,0.0,0.0,0.5354051907672377,0.5354051907672377,0.0,0,0,0,0.0,OPTIMAL,0.0
2026-01-17 23:30:00,ZONE_A,0,0.9980446,0.0013979231,2269.354782,2269.354782,0.0,0.0,0.5473335014862224,0.5473335014862224,0.0,0,0,0,0.0,OPTIMAL,0.0
2026-01-17 23:45:00,ZONE_A,0,0.9977816,0.0013979231,2289.29557,2289.29557,0.0,0.0,0.5459220318653929,0.5459220318653929,0.0,0,0,0,0.0,OPTIMAL,0.0
2026-01-18 00:00:00,ZONE_A,0,0.99800414,0.0012063162,2269.029103,2269.029103,0.0,0.0,0.5532358126980422,0.5532358126980422,0.0,0,0,0,0.0,OPTIMAL,0.0
2026-01-18 00:15:00,ZONE_A,0,0.9978265,0.0024548734,2222.66708,2222.66708,0.0,0.0,0.5330368392964248,0.5330368392964248,0.0,0,0,0,0.0,OPTIMAL,0.0
2026-01-18 00:30:00,ZONE_A,0,0.9979431,0.0015679008,2227.12736,2227.12736,0.0,0.0,0.5265308039002156,0.5265308039002156,0.0,0,0,0,0.0,OPTIMAL,0.0
2026-01-18 00:45:00,ZONE_A,0,0.99787927,0.001834803,2232.29247,2232.29247,0.0,0.0,0.5494912132987458,0.5494912132987458,0.0,0,0,0,0.0,OPTIMAL,0.0
2026-01-18 01:00:00,ZONE_A,0,0.9978265,0.0015828905,2205.36486,2205.36486,0.0,0.0,0.5416276505729483,0.5416276505729483,0.0,0,0,0,0.0,OPTIMAL,0.0
2026-01-18 01:15:00,ZONE_A,0,0.9978265,0.0027274329,2194.18526,2194.18526,0.0,0.0,0.5345454224917948,0.5345454224917948,0.0,0,0,0,0.0,OPTIMAL,0.0
2026-01-18 01:30:00,ZONE_A,0,0.9976768,0.0019627942,2184.86547,2184.86547,0.0,0.0,0.5381319980522986,0.5381319980522986,0.0,0,0,0,0.0,OPTIMAL,0.0
2026-01-18 01:45:00,ZONE_A,0,0.99794394,0.0010471705,2114.3636,2114.3636,0.0,0.0,0.5426026751041877,0.5426026751041877,0.0,0,0,0,0.0,OPTIMAL,0.0
2026-01-18 02:00:00,ZONE_A,0,0.99795794,0.00225767,2115.97063,2115.97063,0.0,0.0,0.53796371220576,0.53796371220576,0.0,0,0,0,0.0,OPTIMAL,0.0
2026-01-18 02:15:00,ZONE_A,0,0.9979645,0.0016245162,2116.63933,2116.63933,0.0,0.0,0.5421356629237443,0.5421356629237443,0.0,0,0,0,0.0,OPTIMAL,0.0
2026-01-18 02:30:00,ZONE_A,0,0.9977208,0.0016790167,2083.16961,2083.16961,0.0,0.0,0.5303209985016482,0.5303209985016482,0.0,0,0,0,0.0,OPTIMAL,0.0
2026-01-18 02:45:00,ZONE_A,0,0.9979645,0.0016245162,2109.17177,2109.17177,0.0,0.0,0.5368379737305321,0.5368379737305321,0.0,0,0,0,0.0,OPTIMAL,0.0
2026-01-18 03:00:00,ZONE_A,0,0.9977064,0.005405282,2074.2462,2074.2462,0.0,0.0,0.5328480285009931,0.5328480285009931,0.0,0,0,0,0.0,OPTIMAL,0.0
2026-01-18 03:15:00,ZONE_A,0,0.9979645,0.0029528837,2123.7150300000003,2123.7150300000003,0.0,0.0,0.5394481414409549,0.5394481414409549,0.0,0,0,0,0.0,OPTIMAL,0.0
2026-01-18 03:30:00,ZONE_A,0,0.9978544,0.0027274329,2176.872164,2176.872164,0.0,0.0,0.5440703772493124,0.5440703772493124,0.0,0,0,0,0.0,OPTIMAL,0.0
2026-01-18 03:45:00,ZONE_A,0,0.9979645,0.0028818168,2163.89746,2163.89746,0.0,0.0,0.5298624456955362,0.5298624456955362,0.0,0,0,0,0.0,OPTIMAL,0.0
2026-01-18 04:00:00,ZONE_A,0,0.9979564,0.0019627942,2198.088255,2198.088255,0.0,0.0,0.5376222243305564,0.5376222243305564,0.0,0,0,0,0.0,OPTIMAL,0.0
2026-01-18 04:15:00,ZONE_A,0,0.9979564,0.0015853681,2175.03056,2175.03056,0.0,0.0,0.532589553833227,0.532589553833227,0.0,0,0,0,0.0,OPTIMAL,0.0
2026-01-18 04:30:00,ZONE_A,0,0.9980252,0.001184663,2237.30355,2237.30355,0.0,0.0,0.5375135953406203,0.5375135953406203,0.0,0,0,0,0.0,OPTIMAL,0.0
2026-01-18 04:45:00,ZONE_A,0,0.9979557,0.0022648522,2238.83253,2238.83253,0.0,0.0,0.5358991031795288,0.5358991031795288,0.0,0,0,0,0.0,OPTIMAL,0.0
2026-01-18 05:00:00,ZONE_A,0,0.99758995,0.001938195,2540.12776,2540.12776,0.0,0.0,0.6078650384278287,0.6078650384278287,0.0,0,0,0,0.0,OPTIMAL,0.0
2026-01-18 05:15:00,ZONE_A,0,0.9940316,0.0017634922,2546.34535,2546.34535,0.0,0.0,0.6264807275865831,0.6264807275865831,0.0,0,0,0,0.0,OPTIMAL,0.0
2026-01-18 05:30:00,ZONE_A,0,0.99137175,0.001938195,2558.2718520000003,2558.2718520000003,0.0,0.0,0.6335432415151323,0.6335432415151323,0.0,0,0,0,0.0,OPTIMAL,0.0
2026-01-18 05:45:00,ZONE_A,0,0.99125916,0.001938195,2561.652957,2561.652957,0.0,0.0,0.6371633885679115,0.6371633885679115,0.0,0,0,0,0.0,OPTIMAL,0.0
2026-01-18 06:00:00,ZONE_A,1,0.5381244,0.0019967014,2591.7037,2591.7037,0.0,0.0,0.6543636145599322,0.6543636145599322,0.0,0,0,0,0.0,OPTIMAL,0.0
2026-01-18 06:15:00,ZONE_A,1,0.5561753,0.002419104,2610.523,2610.523,0.0,0.0,0.6468683582544797,0.6468683582544797,0.0,0,0,0,0.0,OPTIMAL,0.0
2026-01-18 06:30:00,ZONE_A,1,0.9945914,0.0022865748,2603.48052,2603.48052,0.0,0.0,0.6573272806540499,0.6573272806540499,0.0,0,0,0,0.0,OPTIMAL,0.0
2026-01-18 06:45:00,ZONE_A,1,0.99462503,0.0028901664,2583.38088,2583.38088,0.0,0.0,0.6808431678165363,0.6808431678165363,0.0,0,0,0,0.0,OPTIMAL,0.0
2026-01-18 07:00:00,ZONE_A,1,0.9909149,0.24562332,2516.43935,2516.43935,0.0,0.0,0.6955760177282402,0.6955760177282402,0.0,0,0,0,0.0,OPTIMAL,0.0
2026-01-18 07:15:00,ZONE_A,1,0.9932595,0.001833532,2640.99295,2640.99295,0.0,0.0,0.6907861835401223,0.6907861835401223,0.0,0,0,0,0.0,OPTIMAL,0.0
2026-01-18 07:30:00,ZONE_A,1,0.85271245,0.07328599,2509.66368,2509.66368,0.0,0.0,0.6946730989760849,0.6946730989760849,0.0,0,0,0,0.0,OPTIMAL,0.0
2026-01-18 07:45:00,ZONE_A,2,0.9759051,0.15285732,2545.00626,2545.00626,0.0,0.0,0.7095029133707716,0.7095029133707716,0.0,0,0,0,0.0,OPTIMAL,0.0
2026-01-18 08:00:00,ZONE_A,2,0.953375,0.18173885,2601.41918,2601.41918,0.0,0.0,0.7261274073807858,0.7261274073807858,0.0,0,0,0,0.0,OPTIMAL,0.0
2026-01-18 08:15:00,ZONE_A,2,0.9861748,0.73438287,2589.93696,2872.662937952543,282.7259779525428,0.0,0.7367825566953695,0.8175614078001927,282.7259779525428,0,0,0,0.0,OPTIMAL,14136.298897627139
2026-01-18 08:30:00,ZONE_A,2,0.6644259,0.8255978,2580.0722,2934.59941655864,354.52721655864,54.52721655864002,0.7359860105836175,0.8372795013606974,300.0,0,0,0,54.52721655864002,OPTIMAL,560272.1655864002
2026-01-18 08:45:00,ZONE_A,3,0.9385486,0.8398357,2563.1418000000003,2958.015749426,394.87394942599997,94.87394942599997,0.7544111508341681,0.8672322796299693,300.0,0,0,0,94.87394942599997,OPTIMAL,61276717.99153309
2026-01-18 09:00:00,ZONE_A,1,0.4969023,0.65224946,2193.21897,2524.9448465802875,331.7258765802878,31.725876580287775,0.6486796267479956,0.7434584489741468,300.0,0,0,0,31.725876580287775,OPTIMAL,332258.7658028777
2026-01-18 09:15:00,ZONE_A,1,0.96445715,0.5830751,2167.2365,2482.0859755731,314.8494755731,14.849475573099994,0.6603181219191345,0.7502751152817794,300.0,0,0,0,14.849475573099994,OPTIMAL,163494.75573099995
2026-01-18 09:30:00,ZONE_A,1,0.95096064,0.50815487,2204.07156,2471.794955389688,267.7233953896878,0.0,0.6882175373345324,0.764709936307029,267.7233953896878,0,0,0,0.0,OPTIMAL,13386.169769484392
2026-01-18 09:45:00,ZONE_A,1,0.9480711,0.86220616,2053.44945,2605.983878051772,552.534428051772,252.534428051772,0.6601802387169999,0.8180472188031733,300.0,0,0,0,252.534428051772,OPTIMAL,2540344.28051772
2026-01-18 10:00:00,ZONE_A,1,0.9661699,0.676564,2027.7163,2509.091247718,481.37494771800004,181.37494771800004,0.6956445287562322,0.8331802284957145,300.0,0,0,0,181.37494771800004,OPTIMAL,1828749.4771800004
2026-01-18 10:15:00,ZONE_A,1,0.9226174,0.8639128,2035.9131,2653.03270794552,617.1196079455201,317.1196079455201,0.6959307794711875,0.8722506679746954,300.0,0,0,0,317.1196079455201,OPTIMAL,81063533.76162364
2026-01-18 10:30:00,ZONE_A,1,0.9556767,0.9091491,1910.19576,2624.382599446284,714.186839446284,414.186839446284,0.6935386496918888,0.8975920330453008,300.0,0,0,0,414.186839446284,OPTIMAL,170728983.51875797
2026-01-18 10:45:00,ZONE_A,1,0.9742501,0.8999416,1879.82474,2611.746577323216,731.921837323216,431.921837323216,0.6831774890103391,0.8922980145752161,300.0,0,0,0,431.921837323216,OPTIMAL,152377268.9508369
2026-01-18 11:00:00,ZONE_A,1,0.9485575,0.8809566,1842.8651,2592.96149947922,750.0963994792199,450.09639947921994,0.6914748008414325,0.9057880585396499,300.0,0,0,0,450.09639947921994,OPTIMAL,199774168.24202022
2026-01-18 11:15:00,ZONE_A,1,0.9696624,0.8459294,1961.89054,2577.8876667629443,615.997126762944,315.99712676294405,0.6753954838328744,0.8513946634868141,300.0,0,0,0,315.99712676294405,OPTIMAL,8056293.45542584
2026-01-18 11:30:00,ZONE_A,1,0.97378427,0.9085092,1862.5201,2599.2843574283197,736.76425742832,436.76425742832,0.6764607146335181,0.8869647888713529,300.0,0,0,0,436.76425742832,OPTIMAL,133759403.20185511
2026-01-18 11:45:00,ZONE_A,1,0.94279003,0.8770746,1825.3439,2591.4472501872197,766.10335018722,466.10335018722003,0.6842901985547505,0.9031768707276944,300.0,0,0,0,466.10335018722003,OPTIMAL,190795080.4613473
2026-01-18 12:00:00,ZONE_A,1,0.9743016,0.9031034,1848.2042,2597.96136516272,749.75716516272,449.75716516271996,0.6794194731984701,0.893635806796428,300.0,0,0,0,449.75716516271996,OPTIMAL,157237894.94410765
2026-01-18 12:15:00,ZONE_A,1,0.95798564,0.82296294,1951.9044300000005,2577.5721028902744,625.6676728902738,325.6676728902738,0.6979565469719969,0.8767187397770686,300.0,0,0,0,325.6676728902738,OPTIMAL,96787265.66055192
2026-01-18 12:30:00,ZONE_A,1,0.9724203,0.9031034,1852.481,2593.4868222857,741.0058222857,441.0058222857,0.6682467509437476,0.8799627008226082,300.0,0,0,0,441.0058222857,OPTIMAL,109294510.77785365
2026-01-18 12:45:00,ZONE_A,1,0.97668433,0.8440568,1870.125,2556.47113741088,686.34613741088,386.34613741088003,0.6643154718091977,0.8604143688334429,300.0,0,0,0,386.34613741088003,OPTIMAL,40328752.17570388
2026-01-18 13:00:00,ZONE_A,1,0.9661303,0.83585256,1925.1637,2567.9525402258078,642.7888402258079,342.7888402258079,0.6705589028866612,0.8542128578097714,300.0,0,0,0,342.7888402258079,OPTIMAL,18187890.690463647
2026-01-18 13:15:00,ZONE_A,1,0.9772832,0.838407,1908.14587,2554.43679386281,646.29092386281,346.29092386281,0.675536592953075,0.8601911432395144,300.0,0,0,0,346.29092386281,OPTIMAL,39146910.45883664
2026-01-18 13:30:00,ZONE_A,1,0.98197365,0.7524939,1950.26994,2497.708243908174,547.438303908174,247.43830390817402,0.6726449622086208,0.8290559066538525,300.0,0,0,0,247.43830390817402,OPTIMAL,2489383.03908174
2026-01-18 13:45:00,ZONE_A,1,0.9867841,0.74405247,1935.3832,2485.0387924837814,549.655592483781,249.655592483781,0.6641376421483246,0.821182097611524,300.0,0,0,0,249.655592483781,OPTIMAL,2511555.92483781
2026-01-18 14:00:00,ZONE_A,1,0.9767736,0.6728941,1908.59893,2429.914395139007,521.3154651390071,221.31546513900707,0.6771905209237681,0.8261377971298913,300.0,0,0,0,221.31546513900707,OPTIMAL,2228154.6513900706
2026-01-18 14:15:00,ZONE_A,1,0.97574425,0.6389131,1903.9429,2401.53078625847,497.58788625847006,197.58788625847006,0.6779031318562402,0.8200710997968236,300.0,0,0,0,197.58788625847006,OPTIMAL,1990878.8625847006
2026-01-18 14:30:00,ZONE_A,1,0.97615004,0.6911594,1896.6524,2436.0757711790397,539.4233711790399,239.42337117903992,0.6699685263471916,0.8240894900120098,300.0,0,0,0,239.42337117903992,OPTIMAL,2409233.711790399
2026-01-18 14:45:00,ZONE_A,1,0.9792671,0.40632957,1922.251,1922.251,0.0,0.0,0.6914099280869901,0.6914099280869901,0.0,0,0,0,0.0,OPTIMAL,0.0
2026-01-18 15:00:00,ZONE_A,1,0.8816076,0.4758699,2098.31774,2098.31774,0.0,0.0,0.6880853378948588,0.6880853378948588,0.0,0,0,0,0.0,OPTIMAL,0.0
2026-01-18 15:15:00,ZONE_A,1,0.5030329,0.7061634,1976.6107,2544.69924149212,568.08854149212,268.08854149212004,0.6977468641602084,0.8600578765190197,300.0,0,0,0,268.08854149212004,OPTIMAL,37898453.12219833
2026-01-18 15:30:00,ZONE_A,2,0.59850144,0.5312139,2059.096,2447.51620391104,388.42020391104,88.42020391104,0.7016769056950295,0.812654107148732,300.0,0,0,0,88.42020391104,OPTIMAL,899202.0391104
2026-01-18 15:45:00,ZONE_A,1,0.94943255,0.5698027,2218.05093,2534.282978325959,316.232048325959,16.232048325959,0.6765904804751431,0.7669424945753498,300.0,0,0,0,16.232048325959,OPTIMAL,177320.48325959
2026-01-18 16:00:00,ZONE_A,1,0.942238,0.38899565,2283.45976,2283.45976,0.0,0.0,0.6789092773866914,0.6789092773866914,0.0,0,0,0,0.0,OPTIMAL,0.0
2026-01-18 16:15:00,ZONE_A,1,0.98327637,0.028951814,2458.2211,2458.2211,0.0,0.0,0.6887636487518143,0.6887636487518143,0.0,0,0,0,0.0,OPTIMAL,0.0
2026-01-18 16:30:00,ZONE_A,1,0.9831624,0.022287343,2490.92677,2490.92677,0.0,0.0,0.6879886944204803,0.6879886944204803,0.0,0,0,0,0.0,OPTIMAL,0.0
2026-01-18 16:45:00,ZONE_A,1,0.98614174,0.0062519033,2569.7914,2569.7914,0.0,0.0,0.6880271819497003,0.6880271819497003,0.0,0,0,0,0.0,OPTIMAL,0.0
2026-01-18 17:00:00,ZONE_A,1,0.9833634,0.007654685,2556.38194,2556.38194,0.0,0.0,0.6812501263776787,0.6812501263776787,0.0,0,0,0,0.0,OPTIMAL,0.0
2026-01-18 17:15:00,ZONE_A,1,0.9778796,0.0026124886,2678.2303,2678.2303,0.0,0.0,0.6845868537039875,0.6845868537039875,0.0,0,0,0,0.0,OPTIMAL,0.0
2026-01-18 17:30:00,ZONE_A,1,0.9808507,0.0021686638,2627.96289,2627.96289,0.0,0.0,0.6801718110287248,0.6801718110287248,0.0,0,0,0,0.0,OPTIMAL,0.0
2026-01-18 17:45:00,ZONE_A,1,0.988618,0.0954291,2531.56656,2531.56656,0.0,0.0,0.692720326173887,0.692720326173887,0.0,0,0,0,0.0,OPTIMAL,0.0
2026-01-18 18:00:00,ZONE_A,1,0.9836374,0.07452369,2508.77443,2508.77443,0.0,0.0,0.6844659392240271,0.6844659392240271,0.0,0,0,0,0.0,OPTIMAL,0.0
2026-01-18 18:15:00,ZONE_A,1,0.94465935,0.077195175,2519.4,2519.4,0.0,0.0,0.6824941325777361,0.6824941325777361,0.0,0,0,0,0.0,OPTIMAL,0.0
2026-01-18 18:30:00,ZONE_A,1,0.97142696,0.06641346,2528.58375,2528.58375,0.0,0.0,0.6904405092833694,0.6904405092833694,0.0,0,0,0,0.0,OPTIMAL,0.0
2026-01-18 18:45:00,ZONE_A,1,0.9766728,0.0069641448,2567.32074,2567.32074,0.0,0.0,0.6848402030948955,0.6848402030948955,0.0,0,0,0,0.0,OPTIMAL,0.0
2026-01-18 19:00:00,ZONE_A,1,0.7927791,0.0024441867,2571.21788,2571.21788,0.0,0.0,0.7086636523922606,0.7086636523922606,0.0,0,0,0,0.0,OPTIMAL,0.0
2026-01-18 19:15:00,ZONE_A,1,0.9840311,0.00092227245,2648.66374,2648.66374,0.0,0.0,0.6877182072363726,0.6877182072363726,0.0,0,0,0,0.0,OPTIMAL,0.0
2026-01-18 19:30:00,ZONE_A,1,0.9616173,0.004659615,2571.08874,2571.08874,0.0,0.0,0.6880556041953816,0.6880556041953816,0.0,0,0,0,0.0,OPTIMAL,0.0
2026-01-18 19:45:00,ZONE_A,1,0.95410514,0.057330683,2449.98142,2449.98142,0.0,0.0,0.6873380946586038,0.6873380946586038,0.0,0,0,0,0.0,OPTIMAL,0.0
2026-01-18 20:00:00,ZONE_A,0,0.98224336,0.09034562,2263.04847,2263.04847,0.0,0.0,0.6490902603221068,0.6490902603221068,0.0,0,0,0,0.0,OPTIMAL,0.0
2026-01-18 20:15:00,ZONE_A,0,0.9831306,0.0677174,2373.99243,2373.99243,0.0,0.0,0.6326765325585573,0.6326765325585573,0.0,0,0,0,0.0,OPTIMAL,0.0
2026-01-18 20:30:00,ZONE_A,0,0.98570365,0.0038840687,2375.82037,2375.82037,0.0,0.0,0.6297267118794553,0.6297267118794553,0.0,0,0,0,0.0,OPTIMAL,0.0
2026-01-18 20:45:00,ZONE_A,0,0.9862071,0.059693888,2348.3334,2348.3334,0.0,0.0,0.6259016771368118,0.6259016771368118,0.0,0,0,0,0.0,OPTIMAL,0.0
2026-01-18 21:00:00,ZONE_A,0,0.99412054,0.0065825023,2305.71013,2305.71013,0.0,0.0,0.6104625848357398,0.6104625848357398,0.0,0,0,0,0.0,OPTIMAL,0.0
2026-01-18 21:15:00,ZONE_A,0,0.9955165,0.022483515,2265.81745,2265.81745,0.0,0.0,0.6036833554461081,0.6036833554461081,0.0,0,0,0,0.0,OPTIMAL,0.0
2026-01-18 21:30:00,ZONE_A,0,0.9958324,0.008582669,2277.67552,2277.67552,0.0,0.0,0.5970079745065251,0.5970079745065251,0.0,0,0,0,0.0,OPTIMAL,0.0
2026-01-18 21:45:00,ZONE_A,0,0.9945234,0.0032362249,2305.29966,2305.29966,0.0,0.0,0.5798955350274423,0.5798955350274423,0.0,0,0,0,0.0,OPTIMAL,0.0
2026-01-18 22:00:00,ZONE_A,0,0.9962224,0.0034244088,2250.84266,2250.84266,0.0,0.0,0.5861189655994616,0.5861189655994616,0.0,0,0,0,0.0,OPTIMAL,0.0
2026-01-18 22:15:00,ZONE_A,0,0.997412,0.0034244088,2216.581,2216.581,0.0,0.0,0.5609370808276809,0.5609370808276809,0.0,0,0,0,0.0,OPTIMAL,0.0
2026-01-18 22:30:00,ZONE_A,0,0.9974255,0.002523128,2272.02615,2272.02615,0.0,0.0,0.5609903373516686,0.5609903373516686,0.0,0,0,0,0.0,OPTIMAL,0.0
2026-01-18 22:45:00,ZONE_A,0,0.9973441,0.002175377,2188.34632,2188.34632,0.0,0.0,0.553461049932878,0.553461049932878,0.0,0,0,0,0.0,OPTIMAL,0.0
2026-01-18 23:00:00,ZONE_A,0,0.9973912,0.0014685162,2225.87799,2225.87799,0.0,0.0,0.5431507549660318,0.5431507549660318,0.0,0,0,0,0.0,OPTIMAL,0.0
2026-01-18 23:15:00,ZONE_A,0,0.99795794,0.0014205484,2182.29223,2182.29223,0.0,0.0,0.5340384320604585,0.5340384320604585,0.0,0,0,0,0.0,OPTIMAL,0.0
2026-01-18 23:30:00,ZONE_A,0,0.99793756,0.0014205484,2172.27295,2172.27295,0.0,0.0,0.5329637648221991,0.5329637648221991,0.0,0,0,0,0.0,OPTIMAL,0.0
2026-01-18 23:45:00,ZONE_A,0,0.9979634,0.0014205484,2210.3202100000003,2210.3202100000003,0.0,0.0,0.546638882278686,0.546638882278686,0.0,0,0,0,0.0,OPTIMAL,0.0
2026-01-19 00:00:00,ZONE_A,0,0.9978265,0.0016466673,2203.13064,2203.13064,0.0,0.0,0.5502531186760937,0.5502531186760937,0.0,0,0,0,0.0,OPTIMAL,0.0
2026-01-19 00:15:00,ZONE_A,0,0.99795794,0.0027274329,2168.52491,2168.52491,0.0,0.0,0.5415750914457396,0.5415750914457396,0.0,0,0,0,0.0,OPTIMAL,0.0
2026-01-19 00:30:00,ZONE_A,0,0.99794406,0.0028245086,2203.11881,2203.11881,0.0,0.0,0.536444726612896,0.536444726612896,0.0,0,0,0,0.0,OPTIMAL,0.0
2026-01-19 00:45:00,ZONE_A,0,0.99795246,0.0017505201,2147.44956,2147.44956,0.0,0.0,0.5619791213223646,0.5619791213223646,0.0,0,0,0,0.0,OPTIMAL,0.0
2026-01-19 01:00:00,ZONE_A,0,0.99793756,0.0014556325,2134.6589,2134.6589,0.0,0.0,0.5427783949022994,0.5427783949022994,0.0,0,0,0,0.0,OPTIMAL,0.0
2026-01-19 01:15:00,ZONE_A,0,0.99782324,0.0022032976,2170.21129,2170.21129,0.0,0.0,0.5479781798664151,0.5479781798664151,0.0,0,0,0,0.0,OPTIMAL,0.0
2026-01-19 01:30:00,ZONE_A,0,0.99768054,0.002338065,2137.89265,2137.89265,0.0,0.0,0.5429824982053739,0.5429824982053739,0.0,0,0,0,0.0,OPTIMAL,0.0
2026-01-19 01:45:00,ZONE_A,0,0.9973579,0.001793739,2112.55822,2112.55822,0.0,0.0,0.5467844866912271,0.5467844866912271,0.0,0,0,0,0.0,OPTIMAL,0.0
2026-01-19 02:00:00,ZONE_A,0,0.9973334,0.12850045,2003.33296,2003.33296,0.0,0.0,0.5456516292444777,0.5456516292444777,0.0,0,0,0,0.0,OPTIMAL,0.0
2026-01-19 02:15:00,ZONE_A,0,0.9976799,0.065679155,1945.29815,1945.29815,0.0,0.0,0.5501079187323544,0.5501079187323544,0.0,0,0,0,0.0,OPTIMAL,0.0
2026-01-19 02:30:00,ZONE_A,0,0.9973584,0.10316228,2007.1633,2007.1633,0.0,0.0,0.5509532030671737,0.5509532030671737,0.0,0,0,0,0.0,OPTIMAL,0.0
2026-01-19 02:45:00,ZONE_A,0,0.9973584,0.0766045,2009.1666,2009.1666,0.0,0.0,0.5442178775488049,0.5442178775488049,0.0,0,0,0,0.0,OPTIMAL,0.0
2026-01-19 03:00:00,ZONE_A,0,0.9973449,0.0903628,1982.66748,1982.66748,0.0,0.0,0.5354194814368891,0.5354194814368891,0.0,0,0,0,0.0,OPTIMAL,0.0
2026-01-19 03:15:00,ZONE_A,0,0.9973449,0.06875696,1987.67497,1987.67497,0.0,0.0,0.5374462882931398,0.5374462882931398,0.0,0,0,0,0.0,OPTIMAL,0.0
2026-01-19 03:30:00,ZONE_A,0,0.9973469,0.07457382,1993.61247,1993.61247,0.0,0.0,0.5426478625409511,0.5426478625409511,0.0,0,0,0,0.0,OPTIMAL,0.0
2026-01-19 03:45:00,ZONE_A,0,0.9976737,0.008205851,2068.74064,2068.74064,0.0,0.0,0.5336286184038617,0.5336286184038617,0.0,0,0,0,0.0,OPTIMAL,0.0
2026-01-19 04:00:00,ZONE_A,0,0.9970408,0.16095509,1976.50982,1976.50982,0.0,0.0,0.5476167469627861,0.5476167469627861,0.0,0,0,0,0.0,OPTIMAL,0.0
2026-01-19 04:15:00,ZONE_A,0,0.9978255,0.15486118,1925.1322,1925.1322,0.0,0.0,0.5486286284209009,0.5486286284209009,0.0,0,0,0,0.0,OPTIMAL,0.0
2026-01-19 04:30:00,ZONE_A,0,0.9976673,0.014046645,2070.65,2070.65,0.0,0.0,0.5447936106453891,0.5447936106453891,0.0,0,0,0,0.0,OPTIMAL,0.0
2026-01-19 04:45:00,ZONE_A,0,0.99765307,0.38166147,2040.23303,2040.23303,0.0,0.0,0.5378473080589627,0.5378473080589627,0.0,0,0,0,0.0,OPTIMAL,0.0
2026-01-19 05:00:00,ZONE_A,0,0.9975776,0.05745639,2186.5481,2186.5481,0.0,0.0,0.5997181470158,0.5997181470158,0.0,0,0,0,0.0,OPTIMAL,0.0
2026-01-19 05:15:00,ZONE_A,0,0.998128,0.06124568,2291.6729,2291.6729,0.0,0.0,0.6159854386889063,0.6159854386889063,0.0,0,0,0,0.0,OPTIMAL,0.0
2026-01-19 05:30:00,ZONE_A,0,0.9593376,0.06269241,2227.44704,2227.44704,0.0,0.0,0.6154745315706228,0.6154745315706228,0.0,0,0,0,0.0,OPTIMAL,0.0
2026-01-19 05:45:00,ZONE_A,0,0.98836106,0.14301582,2310.75346,2310.75346,0.0,0.0,0.6371317826655043,0.6371317826655043,0.0,0,0,0,0.0,OPTIMAL,0.0
2026-01-19 06:00:00,ZONE_A,1,0.8452007,0.042272147,2340.57063,2340.57063,0.0,0.0,0.654888504956974,0.654888504956974,0.0,0,0,0,0.0,OPTIMAL,0.0
2026-01-19 06:15:00,ZONE_A,1,0.99491185,0.26274762,2273.38647,2273.38647,0.0,0.0,0.6621280839907198,0.6621280839907198,0.0,0,0,0,0.0,OPTIMAL,0.0
2026-01-19 06:30:00,ZONE_A,1,0.9946773,0.20616809,2314.50725,2314.50725,0.0,0.0,0.6718612639690573,0.6718612639690573,0.0,0,0,0,0.0,OPTIMAL,0.0
2026-01-19 06:45:00,ZONE_A,1,0.99628663,0.22472687,2384.00336,2384.00336,0.0,0.0,0.6807286460007829,0.6807286460007829,0.0,0,0,0,0.0,OPTIMAL,0.0
2026-01-19 07:00:00,ZONE_A,1,0.9932801,0.13810854,2366.4685,2366.4685,0.0,0.0,0.6917636423254456,0.6917636423254456,0.0,0,0,0,0.0,OPTIMAL,0.0
2026-01-19 07:15:00,ZONE_A,1,0.9068583,0.09928629,2367.0501000000004,2367.0501000000004,0.0,0.0,0.6913125303287307,0.6913125303287307,0.0,0,0,0,0.0,OPTIMAL,0.0
2026-01-19 07:30:00,ZONE_A,2,0.9785236,0.70764166,2267.4001,2696.1350605150697,428.73496051507,128.73496051507,0.7105583753216442,0.8330540786992545,300.0,0,0,0,128.73496051507,OPTIMAL,1302349.6051506998
2026-01-19 07:45:00,ZONE_A,2,0.9821661,0.6616214,2287.03843,2694.079473805858,407.04104380585807,107.04104380585807,0.7120381326844077,0.8283355741360547,300.0,0,0,0,107.04104380585807,OPTIMAL,1085410.4380585807
2026-01-19 08:00:00,ZONE_A,2,0.9643425,0.6616214,2297.3291,2722.65433569206,425.32523569206,125.32523569206,0.723060493852508,0.8445819901587731,300.0,0,0,0,125.32523569206,OPTIMAL,1268252.3569206
2026-01-19 08:15:00,ZONE_A,2,0.96010375,0.594485,2235.22223,2670.40800094095,435.18577094095,135.18577094095002,0.7389470376433354,0.863285829743548,300.0,0,0,0,135.18577094095002,OPTIMAL,47867261.66118838
2026-01-19 08:30:00,ZONE_A,3,0.93604755,0.87319326,2249.9973,2965.429947841866,715.432647841866,415.432647841866,0.7847754006884311,0.9891847293494695,300.0,0,0,0,415.432647841866,OPTIMAL,491315877.5185057
2026-01-19 08:45:00,ZONE_A,3,0.92828965,0.83863336,2277.6188,2890.555208580008,612.936408580008,312.936408580008,0.7546938762363046,0.9298185650101735,300.0,0,0,0,312.936408580008,OPTIMAL,282509340.6512614
2026-01-19 09:00:00,ZONE_A,1,0.9534107,0.877565,1885.99405,2606.6015915077505,720.60754150775,420.60754150775006,0.6964091226284992,0.9022969923741535,300.0,0,0,0,420.60754150775006,OPTIMAL,187260548.0636779
2026-01-19 09:15:00,ZONE_A,2,0.80050576,0.7647229,1601.1931,2442.68263184421,841.48953184421,541.48953184421,0.700162945425664,0.9405885268735652,300.0,0,0,0,541.48953184421,OPTIMAL,322489738.16137785
2026-01-19 09:30:00,ZONE_A,2,0.6848256,0.8976736,1682.2054999999998,2599.9237026512,917.7182026512,617.7182026512,0.7037756119636938,0.965980813939466,300.0,0,0,0,617.7182026512,OPTIMAL,412125028.9285536
2026-01-19 09:45:00,ZONE_A,2,0.93677443,0.88123304,1660.9822,2640.084805175792,979.1026051757921,679.1026051757921,0.7339026772133281,1.0136462798325117,300.0,0,0,0,679.1026051757921,OPTIMAL,579568003.1306621
2026-01-19 10:00:00,ZONE_A,1,0.59137696,0.88441396,1636.3965,2571.97690303486,935.58040303486,635.58040303486,0.6928717810610802,0.9601804685229586,300.0,0,0,0,635.58040303486,OPTIMAL,392002442.59046894
2026-01-19 10:15:00,ZONE_A,1,0.5583519,0.89237016,1649.4138,2578.4444893871523,929.030689387152,629.030689387152,0.6995577718632925,0.9649951125734652,300.0,0,0,0,629.030689387152,OPTIMAL,408788199.5586608
2026-01-19 10:30:00,ZONE_A,1,0.6891256,0.89237016,1600.9127,2576.234377541024,975.3216775410241,675.3216775410241,0.6938511358525434,0.9725144732335532,300.0,0,0,0,675.3216775410241,OPTIMAL,435568871.6452928
2026-01-19 10:45:00,ZONE_A,1,0.7213278,0.8993025,1539.214,2560.79295225025,1021.57895225025,721.57895225025,0.6984985875049118,0.9903782892447311,300.0,0,0,0,721.57895225025,OPTIMAL,498554800.0326542
2026-01-19 11:00:00,ZONE_A,2,0.95506215,0.89737713,1505.2093999999995,2577.243848451317,1072.034448451317,772.0344484513171,0.7101815711950473,1.0164771288927126,300.0,0,0,0,772.0344484513171,OPTIMAL,590405293.7118515
2026-01-19 11:15:00,ZONE_A,2,0.96569645,0.9467493,1444.7877999999998,2631.0390159939698,1186.25121599397,886.2512159939699,0.7247137927598244,1.0636427127433445,300.0,0,0,0,886.2512159939699,OPTIMAL,756627004.2728158
2026-01-19 11:30:00,ZONE_A,2,0.9820754,0.948806,1387.0654,2638.1368919276,1251.0714919276,951.0714919275999,0.7339247000098499,1.0913736988710159,300.0,0,0,0,951.0714919275999,OPTIMAL,854333658.2083634
2026-01-19 11:45:00,ZONE_A,2,0.99110854,0.9467617,1284.2859,2626.5239741631603,1342.23807416316,1042.23807416316,0.7242392089911589,1.1077358028811608,300.0,0,0,0,1042.23807416316,OPTIMAL,912512687.8337507
2026-01-19 12:00:00,ZONE_A,2,0.97705394,0.94462764,1277.2943,2619.128132955308,1341.833832955308,1041.833832955308,0.73710065263635,1.1204817490892702,300.0,0,0,0,1041.833832955308,OPTIMAL,957119456.8755188
2026-01-19 12:15:00,ZONE_A,2,0.9789079,0.94261193,1253.811,2605.345140771126,1351.534140771126,1051.534140771126,0.7401595266652704,1.126312139716895,300.0,0,0,0,1051.534140771126,OPTIMAL,977622826.9038
2026-01-19 12:30:00,ZONE_A,2,0.9805447,0.89472175,1199.9773000000002,2532.2263066622754,1332.249006662275,1032.249006662275,0.7300725934779289,1.1107151682405898,300.0,0,0,0,1032.249006662275,OPTIMAL,922840575.4791949
2026-01-19 12:45:00,ZONE_A,2,0.97959137,0.8693537,1296.0278000000003,2529.0818797416405,1233.05407974164,933.05407974164,0.7468141081738565,1.099115275091886,300.0,0,0,0,933.05407974164,OPTIMAL,881249000.4572061
2026-01-19 13:00:00,ZONE_A,2,0.97839034,0.80542225,1339.6643,2424.8250809899746,1085.160780989975,785.1607809899749,0.711595113866782,1.0216410524718222,300.0,0,0,0,785.1607809899749,OPTIMAL,608610289.1762067
2026-01-19 13:15:00,ZONE_A,2,0.9830468,0.9454487,1410.1486,2613.9056084038803,1203.75700840388,903.75700840388,0.7226245770419534,1.0665551521952557,300.0,0,0,0,903.75700840388,OPTIMAL,766995599.850478
2026-01-19 13:30:00,ZONE_A,2,0.9693989,0.9572334,1447.5635,2623.22205469892,1175.65855469892,875.6585546989199,0.7110811715767755,1.0469836170208846,300.0,0,0,0,875.6585546989199,OPTIMAL,698214242.5659076
2026-01-19 13:45:00,ZONE_A,2,0.9741823,0.9594573,1473.0494,2638.1654127977,1165.1160127976998,865.1160127976998,0.7085888095580882,1.0414791002436654,300.0,0,0,0,865.1160127976998,OPTIMAL,678843008.3338305
2026-01-19 14:00:00,ZONE_A,2,0.94850355,0.94160974,1483.4001999999998,2628.618545485004,1145.218345485004,845.218345485004,0.7155404146418569,1.0427456573435354,300.0,0,0,0,845.218345485004,OPTIMAL,683076981.818117
2026-01-19 14:15:00,ZONE_A,1,0.5543118,0.87702525,1642.3895999999995,2559.3087991669495,916.9191991669501,616.9191991669501,0.706915927849354,0.9688928428415389,300.0,0,0,0,616.9191991669501,OPTIMAL,422309140.43683285
2026-01-19 14:30:00,ZONE_A,1,0.8299951,0.88389814,1695.9683000000002,2563.0364890755163,867.068189075516,567.068189075516,0.6895259650199039,0.9372597341846454,300.0,0,0,0,567.068189075516,OPTIMAL,311094750.47993815
2026-01-19 14:45:00,ZONE_A,1,0.8770293,0.7520427,1710.95563,2444.687120553499,733.7314905534989,433.73149055349893,0.6898487445880518,0.8994863140370105,300.0,0,0,0,433.73149055349893,OPTIMAL,177554413.4407154
2026-01-19 15:00:00,ZONE_A,2,0.89473444,0.7727294,1821.8548,2571.97197411368,750.11717411368,450.11717411368,0.7154015511952515,0.9297207445525859,300.0,0,0,0,450.11717411368,OPTIMAL,283538776.69430065
2026-01-19 15:15:00,ZONE_A,2,0.8756584,0.81031805,1873.37135,2621.3032159100126,747.9318659100126,447.93186591001256,0.7216052935250014,0.9353001130855583,300.0,0,0,0,447.93186591001256,OPTIMAL,303044713.4399029
2026-01-19 15:30:00,ZONE_A,2,0.88449776,0.8100819,1890.60757,2618.135181988117,727.527611988117,427.527611988117,0.7102459046392618,0.9181109373053752,300.0,0,0,0,427.527611988117,OPTIMAL,242678555.92087442
2026-01-19 15:45:00,ZONE_A,2,0.632227,0.6919188,1984.93246,2547.012724856752,562.080264856752,262.080264856752,0.7064328453628457,0.8670272072682829,300.0,0,0,0,262.080264856752,OPTIMAL,62231027.895408615
2026-01-19 16:00:00,ZONE_A,1,0.78145176,0.6548829,2076.45786,2547.988178083986,471.530318083986,171.530318083986,0.6906759198834721,0.8253988683808472,300.0,0,0,0,171.530318083986,OPTIMAL,1730303.18083986
2026-01-19 16:15:00,ZONE_A,1,0.89215827,0.598631,2117.2689,2526.9871616274,409.7182616274,109.71826162740001,0.6904502740768057,0.8075126349622677,300.0,0,0,0,109.71826162740001,OPTIMAL,1112182.6162740001
2026-01-19 16:30:00,ZONE_A,1,0.94269985,0.601632,2119.3326,2533.4749515168,414.1423515168,114.14235151679998,0.6922788905928575,0.810605277148883,300.0,0,0,0,114.14235151679998,OPTIMAL,1156423.5151679998
2026-01-19 16:45:00,ZONE_A,1,0.9576663,0.44563273,2176.65257,2176.65257,0.0,0.0,0.6908032688634749,0.6908032688634749,0.0,0,0,0,0.0,OPTIMAL,0.0
2026-01-19 17:00:00,ZONE_A,1,0.87447923,0.332424,2342.05826,2342.05826,0.0,0.0,0.6882324296729176,0.6882324296729176,0.0,0,0,0,0.0,OPTIMAL,0.0
2026-01-19 17:15:00,ZONE_A,1,0.98224443,0.38899565,2298.5166,2298.5166,0.0,0.0,0.6831464239556615,0.6831464239556615,0.0,0,0,0,0.0,OPTIMAL,0.0
2026-01-19 17:30:00,ZONE_A,1,0.95994115,0.41059273,2299.5057,2299.5057,0.0,0.0,0.6812000756576561,0.6812000756576561,0.0,0,0,0,0.0,OPTIMAL,0.0
2026-01-19 17:45:00,ZONE_A,1,0.96217936,0.11443398,2417.38356,2417.38356,0.0,0.0,0.6877107158009139,0.6877107158009139,0.0,0,0,0,0.0,OPTIMAL,0.0
2026-01-19 18:00:00,ZONE_A,1,0.96631306,0.07960458,2379.6963,2379.6963,0.0,0.0,0.6882829253808042,0.6882829253808042,0.0,0,0,0,0.0,OPTIMAL,0.0
2026-01-19 18:15:00,ZONE_A,1,0.97335714,0.45752642,2303.99227,2303.99227,0.0,0.0,0.6801022659526664,0.6801022659526664,0.0,0,0,0,0.0,OPTIMAL,0.0
2026-01-19 18:30:00,ZONE_A,1,0.97335714,0.45752642,2316.2559,2316.2559,0.0,0.0,0.6887737116180875,0.6887737116180875,0.0,0,0,0,0.0,OPTIMAL,0.0
2026-01-19 18:45:00,ZONE_A,1,0.75179976,0.11443398,2436.5636400000003,2436.5636400000003,0.0,0.0,0.7024259154789757,0.7024259154789757,0.0,0,0,0,0.0,OPTIMAL,0.0
2026-01-19 19:00:00,ZONE_A,1,0.90210336,0.11120901,2360.4085,2360.4085,0.0,0.0,0.694077650793123,0.694077650793123,0.0,0,0,0,0.0,OPTIMAL,0.0
2026-01-19 19:15:00,ZONE_A,1,0.97311336,0.11443398,2413.80686,2413.80686,0.0,0.0,0.6887477824808378,0.6887477824808378,0.0,0,0,0,0.0,OPTIMAL,0.0
2026-01-19 19:30:00,ZONE_A,1,0.97018087,0.5586292,2293.61608,2579.2726408914236,285.656560891424,0.0,0.6828672330680352,0.7644833935849683,285.656560891424,0,0,0,0.0,OPTIMAL,14282.8280445712
2026-01-19 19:45:00,ZONE_A,1,0.9825883,0.02623489,2424.18147,2424.18147,0.0,0.0,0.6886994763957173,0.6886994763957173,0.0,0,0,0,0.0,OPTIMAL,0.0
2026-01-19 20:00:00,ZONE_A,0,0.86178464,0.33002478,2249.28083,2249.28083,0.0,0.0,0.6467721532468449,0.6467721532468449,0.0,0,0,0,0.0,OPTIMAL,0.0
2026-01-19 20:15:00,ZONE_A,0,0.9085517,0.5888126,2159.0011400000003,2445.573794735836,286.572654735836,0.0,0.6497468513727643,0.7316247529889199,286.572654735836,0,0,0,0.0,OPTIMAL,14328.6327367918
2026-01-19 20:30:00,ZONE_A,0,0.99002165,0.5758663,2140.67973,2417.037892507381,276.35816250738105,0.0,0.6296318354209611,0.7085913106720493,276.35816250738105,0,0,0,0.0,OPTIMAL,13817.908125369053
2026-01-19 20:45:00,ZONE_A,0,0.98982704,0.5439407,2146.94437,2400.497992097621,253.553622097621,0.0,0.6326508042164533,0.7050946964770587,253.553622097621,0,0,0,0.0,OPTIMAL,12677.68110488105
2026-01-19 21:00:00,ZONE_A,0,0.99548894,0.049459547,2203.2396,2203.2396,0.0,0.0,0.6427602065715419,0.6427602065715419,0.0,0,0,0,0.0,OPTIMAL,0.0
2026-01-19 21:15:00,ZONE_A,0,0.9900328,0.52896076,1938.1234,2243.6406615529518,305.517261552952,5.517261552951993,0.6250288543272094,0.7123195007344173,300.0,0,0,0,5.517261552951993,OPTIMAL,70172.61552951993
2026-01-19 21:30:00,ZONE_A,0,0.99019194,0.6359862,1932.43143,2279.965243128354,347.533813128354,47.533813128353984,0.6108747431766639,0.7101701186242927,300.0,0,0,0,47.533813128353984,OPTIMAL,490338.1312835398
2026-01-19 21:45:00,ZONE_A,0,0.9901866,0.74749094,1898.3832,2326.5523641049904,428.16916410499,128.16916410499,0.616439785446216,0.7387738326663745,300.0,0,0,0,128.16916410499,OPTIMAL,1296691.6410498999
2026-01-19 22:00:00,ZONE_A,0,0.9901765,0.54220057,1842.4308,2159.362594321359,316.93179432135895,16.93179432135895,0.5951875101392969,0.6857394516274475,300.0,0,0,0,16.93179432135895,OPTIMAL,184317.9432135895
2026-01-19 22:15:00,ZONE_A,0,0.99058527,0.74836034,1855.8848000000005,2247.8300716031586,391.94527160315795,91.94527160315795,0.5795584034315077,0.6915427670453435,300.0,0,0,0,91.94527160315795,OPTIMAL,934452.7160315795
2026-01-19 22:30:00,ZONE_A,0,0.99651235,0.5677945,1935.16788,2181.50854449174,246.34066449174,0.0,0.5746221729012541,0.6450052200797691,246.34066449174,0,0,0,0.0,OPTIMAL,12317.033224587
2026-01-19 22:45:00,ZONE_A,0,0.99548376,0.63904554,1892.09636,2195.109605749584,303.01324574958363,3.013245749583632,0.5697519576793154,0.6563271709763399,300.0,0,0,0,3.013245749583632,OPTIMAL,45132.45749583632
2026-01-19 23:00:00,ZONE_A,0,0.9973289,0.092572816,1938.78463,1938.78463,0.0,0.0,0.5466396283513625,0.5466396283513625,0.0,0,0,0,0.0,OPTIMAL,0.0
2026-01-19 23:15:00,ZONE_A,0,0.9973279,0.5811655,1877.4719,2125.8930689377,248.4211689377,0.0,0.5444298839971078,0.6154073610052672,248.4211689377,0,0,0,0.0,OPTIMAL,12421.058446885
2026-01-19 23:30:00,ZONE_A,0,0.99663985,0.121756785,2023.22955,2023.22955,0.0,0.0,0.548745485781694,0.548745485781694,0.0,0,0,0,0.0,OPTIMAL,0.0
2026-01-19 23:45:00,ZONE_A,0,0.9964496,0.06953575,1960.40663,1960.40663,0.0,0.0,0.5478272125603817,0.5478272125603817,0.0,0,0,0,0.0,OPTIMAL,0.0
2026-01-20 00:00:00,ZONE_A,0,0.9986228,0.6158224,1820.63418,2106.991669898688,286.35748989868796,0.0,0.553105139994884,0.63492156586069,286.35748989868796,0,0,0,0.0,OPTIMAL,14317.874494934398
2026-01-20 00:15:00,ZONE_A,0,0.998618,0.6708194,1812.6544,2133.50550780762,320.85110780762,20.851107807619996,0.5532457387515737,0.6449174840406894,300.0,0,0,0,20.851107807619996,OPTIMAL,223511.07807619998
2026-01-20 00:30:00,ZONE_A,0,0.9974057,0.6432003,1753.5634,2101.41371200354,347.85031200353995,47.850312003539955,0.5619003444856983,0.6612861481355243,300.0,0,0,0,47.850312003539955,OPTIMAL,493503.12003539957
2026-01-20 00:45:00,ZONE_A,0,0.9975236,0.70263976,1775.3683299999998,2139.038487982327,363.67015798232717,63.67015798232717,0.5621447433042082,0.6660505029575223,300.0,0,0,0,63.67015798232717,OPTIMAL,651701.5798232717
2026-01-20 01:00:00,ZONE_A,0,0.9980551,0.58278155,1843.17843,2106.0381260076683,262.8596960076685,0.0,0.5662041624015458,0.6413069328575057,262.8596960076685,0,0,0,0.0,OPTIMAL,13142.984800383425
2026-01-20 01:15:00,ZONE_A,0,0.9985422,0.64990205,1800.84257,2118.625454846381,317.78288484638153,17.782884846381535,0.5455669228811876,0.6363620330405293,300.0,0,0,0,17.782884846381535,OPTIMAL,192828.84846381535
2026-01-20 01:30:00,ZONE_A,0,0.9967744,0.6578391,1785.75755,2117.223496480235,331.465946480235,31.465946480235004,0.5562496092130388,0.65095416556642,300.0,0,0,0,31.465946480235004,OPTIMAL,329659.46480235003
2026-01-20 01:45:00,ZONE_A,0,0.9973363,0.5912834,1863.92506,2117.659277034636,253.73421703463603,0.0,0.5567296078917503,0.6292250986386444,253.73421703463603,0,0,0,0.0,OPTIMAL,12686.710851731801
2026-01-20 02:00:00,ZONE_A,0,0.99657804,0.049832728,1957.09323,1957.09323,0.0,0.0,0.5497988458106507,0.5497988458106507,0.0,0,0,0,0.0,OPTIMAL,0.0
2026-01-20 02:15:00,ZONE_A,0,0.9977245,0.10046942,1916.33302,1916.33302,0.0,0.0,0.5463946558530658,0.5463946558530658,0.0,0,0,0,0.0,OPTIMAL,0.0
2026-01-20 02:30:00,ZONE_A,0,0.99747247,0.67309946,1724.3796,2100.612447143868,376.23284714386796,76.23284714386796,0.569907575152779,0.6774026745789835,300.0,0,0,0,76.23284714386796,OPTIMAL,777328.4714386796
2026-01-20 02:45:00,ZONE_A,0,0.99747247,0.5938927,1734.4775,2060.44020014733,325.96270014733,25.962700147329997,0.565253363754454,0.6583855640066507,300.0,0,0,0,25.962700147329997,OPTIMAL,274627.0014733
2026-01-20 03:00:00,ZONE_A,0,0.99746203,0.5938927,1749.5820399999998,2068.0851271332717,318.50308713327206,18.50308713327206,0.5653655235315647,0.6563664057717762,300.0,0,0,0,18.50308713327206,OPTIMAL,200030.87133272062
2026-01-20 03:15:00,ZONE_A,0,0.99707806,0.695258,1714.00996,2109.5396220299203,395.5296620299201,95.52966202992008,0.5728775424286274,0.6858860175434528,300.0,0,0,0,95.52966202992008,OPTIMAL,970296.6202992008
2026-01-20 03:30:00,ZONE_A,0,0.9963928,0.6467097,1716.5451399999995,2083.9716134123614,367.42647341236204,67.42647341236204,0.561106924336974,0.6660859169845906,300.0,0,0,0,67.42647341236204,OPTIMAL,689264.7341236204
2026-01-20 03:45:00,ZONE_A,0,0.9982096,0.72152615,1804.62095,2150.2748705796175,345.65392057961753,45.653920579617534,0.5660498549577178,0.6648081182076285,300.0,0,0,0,45.653920579617534,OPTIMAL,471539.20579617535
2026-01-20 04:00:00,ZONE_A,0,0.9965708,0.73473996,1687.5248,2126.270285200244,438.745485200244,138.745485200244,0.5684865228028997,0.6938423760056719,300.0,0,0,0,138.745485200244,OPTIMAL,1402454.85200244
2026-01-20 04:15:00,ZONE_A,0,0.9964735,0.60862166,1720.18997,2063.666961047302,343.47699104730174,43.47699104730174,0.57426772986068,0.6724040132468134,300.0,0,0,0,43.47699104730174,OPTIMAL,449769.9104730174
2026-01-20 04:30:00,ZONE_A,0,0.9971372,0.5610319,1700.0102700000002,2020.9474631621572,320.93719316215703,20.93719316215703,0.5625611511061824,0.6542574922185822,300.0,0,0,0,20.93719316215703,OPTIMAL,224371.9316215703
2026-01-20 04:45:00,ZONE_A,0,0.9958448,0.6342919,1688.38213,2053.6978370161833,365.31570701618307,65.31570701618307,0.5631021548784477,0.667478071409311,300.0,0,0,0,65.31570701618307,OPTIMAL,668157.0701618306
2026-01-20 05:00:00,ZONE_A,0,0.9952447,0.7460297,2024.6131,2450.03959514677,425.42649514677,125.42649514676998,0.6284413028119427,0.749991730278418,300.0,0,0,0,125.42649514676998,OPTIMAL,1269264.9514676998
2026-01-20 05:15:00,ZONE_A,0,0.87039936,0.7032616,1999.4861,2416.58978137224,417.10368137224,117.10368137223998,0.6358126287983771,0.7549851094703692,300.0,0,0,0,117.10368137223998,OPTIMAL,1186036.8137223998
2026-01-20 05:30:00,ZONE_A,0,0.9321965,0.5743286,2051.19016,2369.927106533804,318.736946533804,18.736946533803973,0.6275341408069894,0.7186018400248314,300.0,0,0,0,18.736946533803973,OPTIMAL,202369.46533803974
2026-01-20 05:45:00,ZONE_A,0,0.96029466,0.44022575,2088.1231,2088.1231,0.0,0.0,0.6402177385866529,0.6402177385866529,0.0,0,0,0,0.0,OPTIMAL,0.0
2026-01-20 06:00:00,ZONE_A,1,0.5649687,0.41363594,2241.3463500000003,2241.3463500000003,0.0,0.0,0.6495506835959782,0.6495506835959782,0.0,0,0,0,0.0,OPTIMAL,0.0
2026-01-20 06:15:00,ZONE_A,1,0.934733,0.31577402,2268.9988200000003,2268.9988200000003,0.0,0.0,0.657066450297043,0.657066450297043,0.0,0,0,0,0.0,OPTIMAL,0.0
2026-01-20 06:30:00,ZONE_A,1,0.9311795,0.47874653,2219.4028500000004,2219.4028500000004,0.0,0.0,0.6634910529846677,0.6634910529846677,0.0,0,0,0,0.0,OPTIMAL,0.0
2026-01-20 06:45:00,ZONE_A,1,0.9915822,0.47177094,2276.9964600000003,2276.9964600000003,0.0,0.0,0.6750678901171704,0.6750678901171704,0.0,0,0,0,0.0,OPTIMAL,0.0
2026-01-20 07:00:00,ZONE_A,1,0.9813818,0.5161864,2302.34414,2561.819614913104,259.47547491310405,0.0,0.6848900990545795,0.7590259492412972,259.47547491310405,0,0,0,0.0,OPTIMAL,12973.773745655202
2026-01-20 07:15:00,ZONE_A,2,0.97100914,0.5470111,2339.2593,2623.81485712777,284.55555712777,0.0,0.7069217117026759,0.7882232996905442,284.55555712777,0,0,0,0.0,OPTIMAL,14227.777856388499
2026-01-20 07:30:00,ZONE_A,2,0.9802612,0.66149664,2184.4416,2641.654318437888,457.212718437888,157.212718437888,0.7109030798606654,0.8415352855168315,300.0,0,0,0,157.212718437888,OPTIMAL,1587127.1843788798
2026-01-20 07:45:00,ZONE_A,2,0.9859244,0.57043326,2178.91515,2607.719899689039,428.80474968903906,128.80474968903906,0.7256731123906827,0.8481887555360295,300.0,0,0,0,128.80474968903906,OPTIMAL,1303047.4968903905
2026-01-20 08:00:00,ZONE_A,2,0.9792169,0.8965132,2044.64143,2844.5653467524435,799.923916752444,499.92391675244403,0.7389293659199151,0.967479057145915,300.0,0,0,0,499.92391675244403,OPTIMAL,416190937.8733592
2026-01-20 08:15:00,ZONE_A,3,0.9589921,0.90169775,2005.5654,2909.43678259615,903.87138259615,603.87138259615,0.7727463789008128,1.030995346238016,300.0,0,0,0,603.87138259615,OPTIMAL,639537423.4975344
2026-01-20 08:30:00,ZONE_A,3,0.97807205,0.8923102,1917.66,2907.64104679568,989.9810467956801,689.9810467956801,0.7900906320697011,1.0729423607040072,300.0,0,0,0,689.9810467956801,OPTIMAL,787213070.2328935
2026-01-20 08:45:00,ZONE_A,3,0.9641421,0.8099826,1798.9467999999997,2781.86619298168,982.9193929816801,682.9193929816801,0.7961618560992065,1.0769959694034072,300.0,0,0,0,682.9193929816801,OPTIMAL,801330083.9456141
2026-01-20 09:00:00,ZONE_A,2,0.9598994,0.89187795,1494.1948000000002,2620.6183673520254,1126.423567352025,826.423567352025,0.7398686914048938,1.061703997595367,300.0,0,0,0,826.423567352025,OPTIMAL,749243224.4191306
2026-01-20 09:15:00,ZONE_A,2,0.98766035,0.92323536,1431.2328999999995,2604.2423854121917,1173.0094854121921,873.0094854121921,0.72004237398514,1.0551879427205308,300.0,0,0,0,873.0094854121921,OPTIMAL,726902891.2158202
2026-01-20 09:30:00,ZONE_A,2,0.99184227,0.92547363,1450.0041,2626.8441418864923,1176.8400418864921,876.8400418864921,0.7287925393390481,1.0650325529084514,300.0,0,0,0,876.8400418864921,OPTIMAL,761397332.0130223
2026-01-20 09:45:00,ZONE_A,2,0.97526896,0.9491622,1503.8568,2686.0046248419003,1182.1478248419,882.1478248419,0.727854177662191,1.0656107007025748,300.0,0,0,0,882.1478248419,OPTIMAL,763473927.0052907
2026-01-20 10:00:00,ZONE_A,2,0.9697446,0.87723714,1342.4114,2519.01536363354,1176.60396363354,876.6039636335399,0.7119707659855684,1.0481433283160415,300.0,0,0,0,876.6039636335399,OPTIMAL,702282686.0765128
2026-01-20 10:15:00,ZONE_A,2,0.9864798,0.893858,1369.3135,2561.0985725326,1191.7850725326,891.7850725326,0.7116363771144856,1.052146399054377,300.0,0,0,0,891.7850725326,OPTIMAL,716445244.8884325
2026-01-20 10:30:00,ZONE_A,2,0.72375345,0.8977142,1555.7166,2584.88147442044,1029.1648744204401,729.1648744204401,0.7084882544154394,1.0025353624769229,300.0,0,0,0,729.1648744204401,OPTIMAL,541180415.4449267
2026-01-20 10:45:00,ZONE_A,1,0.559957,0.92911214,1566.5095,2613.2761323115537,1046.766632311554,746.7666323115541,0.7055677964104704,1.00464397816987,300.0,0,0,0,746.7666323115541,OPTIMAL,548736587.9288226
2026-01-20 11:00:00,ZONE_A,2,0.9167168,0.94615775,1477.317,2635.23261294355,1157.91561294355,857.9156129435501,0.7004396987870274,1.0312727322052224,300.0,0,0,0,857.9156129435501,OPTIMAL,643048716.6449704
2026-01-20 11:15:00,ZONE_A,2,0.79091465,0.948806,1578.1498,2649.2094531,1071.0596530999999,771.0596530999999,0.7019826324171197,1.007999677221196,300.0,0,0,0,771.0596530999999,OPTIMAL,560724464.8874732
2026-01-20 11:30:00,ZONE_A,2,0.8078585,0.943239,1713.4524,2669.9469263148,956.4945263148,656.4945263148,0.7215772330827691,0.9948613843958986,300.0,0,0,0,656.4945263148,OPTIMAL,513594788.90953255
2026-01-20 11:45:00,ZONE_A,2,0.9795008,0.9334687,1691.562,2676.81655637616,985.2545563761599,685.2545563761599,0.7278466407524259,1.009347943530268,300.0,0,0,0,685.2545563761599,OPTIMAL,564585346.0254841
2026-01-20 12:00:00,ZONE_A,1,0.7927379,0.9467493,1630.7607000000005,2641.1911981659005,1010.4304981659,710.4304981659,0.6931019241520251,0.9817963531631524,300.0,0,0,0,710.4304981659,OPTIMAL,468406539.5128113
2026-01-20 12:15:00,ZONE_A,1,0.61054033,0.92718554,1602.7701000000002,2609.09973410163,1006.32963410163,706.32963410163,0.7046860918734128,0.9922088454386637,300.0,0,0,0,706.32963410163,OPTIMAL,504809253.70619875
2026-01-20 12:30:00,ZONE_A,1,0.7894971,0.9325391,1672.8606,2621.02224778057,948.16164778057,648.16164778057,0.6879525212277977,0.9588558501380963,300.0,0,0,0,648.16164778057,OPTIMAL,387492090.59273595
2026-01-20 12:45:00,ZONE_A,1,0.6668975,0.9325391,1567.2368,2613.7077454955797,1046.47094549558,746.47094549558,0.6948688204793442,0.9938605202909818,300.0,0,0,0,746.47094549558,OPTIMAL,510991528.62328905
2026-01-20 13:00:00,ZONE_A,2,0.89600235,0.943239,1654.6911000000002,2665.1140899291004,1010.4229899290999,710.4229899290999,0.716872448075569,1.0055647318531329,300.0,0,0,0,710.4229899290999,OPTIMAL,551595789.6111277
2026-01-20 13:15:00,ZONE_A,2,0.96068144,0.9516235,1706.2555,2700.27487371085,994.0193737108499,694.0193737108499,0.7329451580116193,1.0169506943192836,300.0,0,0,0,694.0193737108499,OPTIMAL,591282621.8759362
2026-01-20 13:30:00,ZONE_A,1,0.87262565,0.948806,1727.35935,2653.1665297615,925.8071797615,625.8071797615,0.6931089757970078,0.957625313719402,300.0,0,0,0,625.8071797615,OPTIMAL,382961668.6083701
2026-01-20 13:45:00,ZONE_A,1,0.93876415,0.94342226,1780.4454500000002,2637.1623456813613,856.7168956813609,556.7168956813609,0.6885218106128359,0.9332980673239962,300.0,0,0,0,556.7168956813609,OPTIMAL,297125403.6353321
2026-01-20 14:00:00,ZONE_A,1,0.91474205,0.91481096,1843.53306,2632.55315849983,789.0200984998303,489.0200984998303,0.6859043841179305,0.9113386987712536,300.0,0,0,0,489.0200984998303,OPTIMAL,219590645.9261225
2026-01-20 14:15:00,ZONE_A,1,0.859502,0.9396878,1761.36886,2635.686470061492,874.3176100614919,574.3176100614919,0.6795580931941617,0.9293631255757095,300.0,0,0,0,574.3176100614919,OPTIMAL,283529114.5754713
2026-01-20 14:30:00,ZONE_A,1,0.97681385,0.9578514,1884.22254,2655.221710326924,770.9991703269241,470.99917032692406,0.6735249373487077,0.8938104153027687,300.0,0,0,0,470.99917032692406,OPTIMAL,158061444.76331556
2026-01-20 14:45:00,ZONE_A,1,0.95647466,0.9037459,1980.6403,2632.64298970173,652.00268970173,352.00268970173,0.6670768328036235,0.8533633161736188,300.0,0,0,0,352.00268970173,OPTIMAL,15306633.466890443
2026-01-20 15:00:00,ZONE_A,1,0.88207376,0.8536605,2122.29784,2708.31456832318,586.01672832318,286.01672832318,0.6991998396806631,0.866633191163208,300.0,0,0,0,286.01672832318,OPTIMAL,61091336.169114694
2026-01-20 15:15:00,ZONE_A,1,0.66910774,0.76532024,2105.9021,2645.5591721813357,539.657072181336,239.65707218133605,0.6897595396000628,0.8439472749901881,300.0,0,0,0,239.65707218133605,OPTIMAL,2411570.7218133607
2026-01-20 15:30:00,ZONE_A,1,0.8789122,0.7326465,2147.3747300000005,2632.8017352628553,485.42700526285495,185.42700526285495,0.696538370968282,0.8352318014682043,300.0,0,0,0,185.42700526285495,OPTIMAL,1869270.0526285495
2026-01-20 15:45:00,ZONE_A,1,0.9519422,0.82970804,2246.8743000000004,2711.0268337002685,464.152533700268,164.152533700268,0.6880837522640318,0.8206987622910151,300.0,0,0,0,164.152533700268,OPTIMAL,1656525.3370026802
2026-01-20 16:00:00,ZONE_A,1,0.9479855,0.7635677,2337.91435,2691.345900482605,353.43155048260496,53.43155048260496,0.6828198077037322,0.7838002510344683,300.0,0,0,0,53.43155048260496,OPTIMAL,549315.5048260497
2026-01-20 16:15:00,ZONE_A,1,0.9425897,0.39420736,2340.1685,2340.1685,0.0,0.0,0.6858597674586625,0.6858597674586625,0.0,0,0,0,0.0,OPTIMAL,0.0
2026-01-20 16:30:00,ZONE_A,1,0.9618272,0.022937143,2458.52015,2458.52015,0.0,0.0,0.6972273415996249,0.6972273415996249,0.0,0,0,0,0.0,OPTIMAL,0.0
2026-01-20 16:45:00,ZONE_A,1,0.98084384,0.0015762466,2635.2273800000003,2635.2273800000003,0.0,0.0,0.685352006315766,0.685352006315766,0.0,0,0,0,0.0,OPTIMAL,0.0
2026-01-20 17:00:00,ZONE_A,1,0.9786522,0.0015149724,2680.79638,2680.79638,0.0,0.0,0.6851452736023408,0.6851452736023408,0.0,0,0,0,0.0,OPTIMAL,0.0
2026-01-20 17:15:00,ZONE_A,1,0.9660248,0.002164155,2695.1919700000003,2695.1919700000003,0.0,0.0,0.6863794140718061,0.6863794140718061,0.0,0,0,0,0.0,OPTIMAL,0.0
2026-01-20 17:30:00,ZONE_A,3,0.91943866,0.0021346982,2879.89141,2879.89141,0.0,0.0,0.7802584293342636,0.7802584293342636,0.0,0,0,0,0.0,OPTIMAL,0.0
2026-01-20 17:45:00,ZONE_A,3,0.9630352,0.0018570988,2877.07169,2877.07169,0.0,0.0,0.7773027513995411,0.7773027513995411,0.0,0,0,0,0.0,OPTIMAL,0.0
2026-01-20 18:00:00,ZONE_A,3,0.9032632,0.001459182,2867.11892,2867.11892,0.0,0.0,0.774063432174302,0.774063432174302,0.0,0,0,0,0.0,OPTIMAL,0.0
2026-01-20 18:15:00,ZONE_A,3,0.90204793,0.0015544293,2857.32449,2857.32449,0.0,0.0,0.78047740345761,0.78047740345761,0.0,0,0,0,0.0,OPTIMAL,0.0
2026-01-20 18:30:00,ZONE_A,3,0.9634209,0.0016651168,3014.31578,3014.31578,0.0,0.0,0.7722133309595707,0.7722133309595707,0.0,0,0,0,0.0,OPTIMAL,0.0
2026-01-20 18:45:00,ZONE_A,3,0.9840008,0.0016918296,3075.512063,3075.512063,0.0,0.0,0.7765064271857252,0.7765064271857252,0.0,0,0,0,0.0,OPTIMAL,0.0
2026-01-20 19:00:00,ZONE_A,3,0.96306056,0.0017019648,3033.48929,3033.48929,0.0,0.0,0.775411722651998,0.775411722651998,0.0,0,0,0,0.0,OPTIMAL,0.0
2026-01-20 19:15:00,ZONE_A,3,0.98039997,0.001667903,3108.13121,3108.13121,0.0,0.0,0.7844901692553328,0.7844901692553328,0.0,0,0,0,0.0,OPTIMAL,0.0
2026-01-20 19:30:00,ZONE_A,3,0.98087674,0.0012660675,3042.532647,3042.532647,0.0,0.0,0.7868021788050894,0.7868021788050894,0.0,0,0,0,0.0,OPTIMAL,0.0
2026-01-20 19:45:00,ZONE_A,1,0.91757226,0.0009356831,2798.56667,2798.56667,0.0,0.0,0.6954937977903108,0.6954937977903108,0.0,0,0,0,0.0,OPTIMAL,0.0
2026-01-20 20:00:00,ZONE_A,1,0.6631962,0.0011164417,2658.801283,2658.801283,0.0,0.0,0.6588924626996983,0.6588924626996983,0.0,0,0,0,0.0,OPTIMAL,0.0
2026-01-20 20:15:00,ZONE_A,0,0.8780005,0.0009731863,2607.72718,2607.72718,0.0,0.0,0.636006470620909,0.636006470620909,0.0,0,0,0,0.0,OPTIMAL,0.0
2026-01-20 20:30:00,ZONE_A,0,0.9225223,0.0009731863,2580.817827,2580.817827,0.0,0.0,0.6319808075970863,0.6319808075970863,0.0,0,0,0,0.0,OPTIMAL,0.0
2026-01-20 20:45:00,ZONE_A,0,0.9925113,0.0016438108,2549.37561,2549.37561,0.0,0.0,0.6150498621870621,0.6150498621870621,0.0,0,0,0,0.0,OPTIMAL,0.0
2026-01-20 21:00:00,ZONE_A,0,0.9891311,0.0020095645,2489.10399,2489.10399,0.0,0.0,0.6033947952448422,0.6033947952448422,0.0,0,0,0,0.0,OPTIMAL,0.0
2026-01-20 21:15:00,ZONE_A,0,0.9949398,0.0030976331,2468.835463,2468.835463,0.0,0.0,0.5957098445709821,0.5957098445709821,0.0,0,0,0,0.0,OPTIMAL,0.0
2026-01-20 21:30:00,ZONE_A,0,0.99492186,0.0032963427,2497.136754,2497.136754,0.0,0.0,0.6144531666474593,0.6144531666474593,0.0,0,0,0,0.0,OPTIMAL,0.0
2026-01-20 21:45:00,ZONE_A,0,0.9923362,0.0016549652,2481.536498,2481.536498,0.0,0.0,0.5942214561204985,0.5942214561204985,0.0,0,0,0,0.0,OPTIMAL,0.0
2026-01-20 22:00:00,ZONE_A,0,0.99659926,0.0018744048,2473.762852,2473.762852,0.0,0.0,0.5908181867662358,0.5908181867662358,0.0,0,0,0,0.0,OPTIMAL,0.0
2026-01-20 22:15:00,ZONE_A,0,0.9966614,0.0013543192,2392.297009,2392.297009,0.0,0.0,0.578226121156137,0.578226121156137,0.0,0,0,0,0.0,OPTIMAL,0.0
2026-01-20 22:30:00,ZONE_A,0,0.9939908,0.0016102332,2370.039957,2370.039957,0.0,0.0,0.5626237633371264,0.5626237633371264,0.0,0,0,0,0.0,OPTIMAL,0.0
2026-01-20 22:45:00,ZONE_A,0,0.9973519,0.0015053515,2334.5986110000003,2334.5986110000003,0.0,0.0,0.557732449573152,0.557732449573152,0.0,0,0,0,0.0,OPTIMAL,0.0
2026-01-20 23:00:00,ZONE_A,0,0.99697506,0.0010814159,2361.905466,2361.905466,0.0,0.0,0.5770511071264675,0.5770511071264675,0.0,0,0,0,0.0,OPTIMAL,0.0
2026-01-20 23:15:00,ZONE_A,0,0.99659926,0.0019459771,2314.2768665000003,2314.2768665000003,0.0,0.0,0.540374692632736,0.540374692632736,0.0,0,0,0,0.0,OPTIMAL,0.0
2026-01-20 23:30:00,ZONE_A,0,0.9972632,0.001162777,2313.6886996000003,2313.6886996000003,0.0,0.0,0.5531507423791523,0.5531507423791523,0.0,0,0,0,0.0,OPTIMAL,0.0
2026-01-20 23:45:00,ZONE_A,0,0.9935255,0.0013692107,2310.4841757,2310.4841757,0.0,0.0,0.5392803100039865,0.5392803100039865,0.0,0,0,0,0.0,OPTIMAL,0.0
2026-01-21 00:00:00,ZONE_A,0,0.9979221,0.0014192922,2289.644839,2289.644839,0.0,0.0,0.5301306675876608,0.5301306675876608,0.0,0,0,0,0.0,OPTIMAL,0.0
2026-01-21 00:15:00,ZONE_A,0,0.99742115,0.0024285805,2303.240819,2303.240819,0.0,0.0,0.5501323340907358,0.5501323340907358,0.0,0,0,0,0.0,OPTIMAL,0.0
2026-01-21 00:30:00,ZONE_A,0,0.99757856,0.0015659224,2316.428347,2316.428347,0.0,0.0,0.5755707303213793,0.5755707303213793,0.0,0,0,0,0.0,OPTIMAL,0.0
2026-01-21 00:45:00,ZONE_A,0,0.99806994,0.0021682323,2277.4581470000003,2277.4581470000003,0.0,0.0,0.5447782117838433,0.5447782117838433,0.0,0,0,0,0.0,OPTIMAL,0.0
2026-01-21 01:00:00,ZONE_A,0,0.9979475,0.002162788,2259.689588,2259.689588,0.0,0.0,0.533896848308072,0.533896848308072,0.0,0,0,0,0.0,OPTIMAL,0.0
2026-01-21 01:15:00,ZONE_A,0,0.998052,0.0011261555,2255.3581950000003,2255.3581950000003,0.0,0.0,0.5337274635879784,0.5337274635879784,0.0,0,0,0,0.0,OPTIMAL,0.0
2026-01-21 01:30:00,ZONE_A,0,0.9975177,0.0019112035,2255.63866,2255.63866,0.0,0.0,0.5415054934559349,0.5415054934559349,0.0,0,0,0,0.0,OPTIMAL,0.0
2026-01-21 01:45:00,ZONE_A,0,0.9980446,0.0016204464,2267.218774,2267.218774,0.0,0.0,0.5264519796794355,0.5264519796794355,0.0,0,0,0,0.0,OPTIMAL,0.0
2026-01-21 02:00:00,ZONE_A,0,0.9980203,0.0026840486,2274.753478,2274.753478,0.0,0.0,0.5382759695780723,0.5382759695780723,0.0,0,0,0,0.0,OPTIMAL,0.0
2026-01-21 02:15:00,ZONE_A,0,0.99800414,0.0027140419,2259.00884,2259.00884,0.0,0.0,0.5517356599171707,0.5517356599171707,0.0,0,0,0,0.0,OPTIMAL,0.0
2026-01-21 02:30:00,ZONE_A,0,0.99803334,0.0017469722,2267.291118,2267.291118,0.0,0.0,0.5338206343471831,0.5338206343471831,0.0,0,0,0,0.0,OPTIMAL,0.0
2026-01-21 02:45:00,ZONE_A,0,0.9789411,0.0018898156,2235.240542,2235.240542,0.0,0.0,0.531443981548374,0.531443981548374,0.0,0,0,0,0.0,OPTIMAL,0.0
2026-01-21 03:00:00,ZONE_A,0,0.99817324,0.0017469722,2276.815562,2276.815562,0.0,0.0,0.5377024521796091,0.5377024521796091,0.0,0,0,0,0.0,OPTIMAL,0.0
2026-01-21 03:15:00,ZONE_A,0,0.99801147,0.0011261555,2275.465845,2275.465845,0.0,0.0,0.5368915939962868,0.5368915939962868,0.0,0,0,0,0.0,OPTIMAL,0.0
2026-01-21 03:30:00,ZONE_A,0,0.9974891,0.0011802753,2273.5794963000003,2273.5794963000003,0.0,0.0,0.5307502110440675,0.5307502110440675,0.0,0,0,0,0.0,OPTIMAL,0.0
2026-01-21 03:45:00,ZONE_A,0,0.9981516,0.002239812,2278.543321,2278.543321,0.0,0.0,0.5366966143697572,0.5366966143697572,0.0,0,0,0,0.0,OPTIMAL,0.0
2026-01-21 04:00:00,ZONE_A,0,0.99815136,0.0017469722,2281.0106566,2281.0106566,0.0,0.0,0.5356789564968834,0.5356789564968834,0.0,0,0,0,0.0,OPTIMAL,0.0
2026-01-21 04:15:00,ZONE_A,0,0.9983011,0.001610273,2290.4698974,2290.4698974,0.0,0.0,0.539453927335187,0.539453927335187,0.0,0,0,0,0.0,OPTIMAL,0.0
2026-01-21 04:30:00,ZONE_A,0,0.9981463,0.0016634634,2275.744021,2275.744021,0.0,0.0,0.5377714169643799,0.5377714169643799,0.0,0,0,0,0.0,OPTIMAL,0.0
2026-01-21 04:45:00,ZONE_A,0,0.9983011,0.001610273,2285.3184974,2285.3184974,0.0,0.0,0.5377908834433027,0.5377908834433027,0.0,0,0,0,0.0,OPTIMAL,0.0
2026-01-21 05:00:00,ZONE_A,0,0.9978471,0.0016679054,2477.7966449,2477.7966449,0.0,0.0,0.6092410262212355,0.6092410262212355,0.0,0,0,0,0.0,OPTIMAL,0.0
2026-01-21 05:15:00,ZONE_A,0,0.9945511,0.0022457894,2595.1031487,2595.1031487,0.0,0.0,0.6245740384983827,0.6245740384983827,0.0,0,0,0,0.0,OPTIMAL,0.0
2026-01-21 05:30:00,ZONE_A,0,0.9898254,0.0022457894,2599.5994010000004,2599.5994010000004,0.0,0.0,0.6346054923970442,0.6346054923970442,0.0,0,0,0,0.0,OPTIMAL,0.0
2026-01-21 05:45:00,ZONE_A,0,0.9915937,0.0016679054,2611.238107,2611.238107,0.0,0.0,0.6373540571519912,0.6373540571519912,0.0,0,0,0,0.0,OPTIMAL,0.0
2026-01-21 06:00:00,ZONE_A,0,0.8585491,0.0023560636,2642.585226,2642.585226,0.0,0.0,0.648989863596644,0.648989863596644,0.0,0,0,0,0.0,OPTIMAL,0.0
2026-01-21 06:15:00,ZONE_A,1,0.9934191,0.0014733823,2662.63036,2662.63036,0.0,0.0,0.6637407160145112,0.6637407160145112,0.0,0,0,0,0.0,OPTIMAL,0.0
2026-01-21 06:30:00,ZONE_A,1,0.99310714,0.002828293,2679.955533,2679.955533,0.0,0.0,0.6643865598517574,0.6643865598517574,0.0,0,0,0,0.0,OPTIMAL,0.0
2026-01-21 06:45:00,ZONE_A,1,0.9927065,0.0020523584,2657.7521500000003,2657.7521500000003,0.0,0.0,0.6701948263609516,0.6701948263609516,0.0,0,0,0,0.0,OPTIMAL,0.0
2026-01-21 07:00:00,ZONE_A,1,0.988482,0.0023361405,2637.78745,2637.78745,0.0,0.0,0.6888354040453633,0.6888354040453633,0.0,0,0,0,0.0,OPTIMAL,0.0
2026-01-21 07:15:00,ZONE_A,1,0.8299083,0.7439662,2583.87175,2776.29358585815,192.42183585815002,0.0,0.6946559054247271,0.7496335729762678,192.42183585815002,0,0,0,0.0,OPTIMAL,9621.0917929075
2026-01-21 07:30:00,ZONE_A,2,0.9673922,0.71375155,2576.60015,2786.765257462093,210.1651074620925,0.0,0.7043438881313149,0.7643910618708305,210.1651074620925,0,0,0,0.0,OPTIMAL,10508.255373104625
2026-01-21 07:45:00,ZONE_A,2,0.9757355,0.9409822,2609.68643,2930.4378751058944,320.751445105894,20.751445105893993,0.7234176894476884,0.8150609597558148,300.0,0,0,0,20.751445105893993,OPTIMAL,222514.4510589399
2026-01-21 08:00:00,ZONE_A,2,0.9682712,0.8949859,2529.49553,2909.2353355627233,379.739805562723,79.739805562723,0.719746022379722,0.8282431100320379,300.0,0,0,0,79.739805562723,OPTIMAL,812398.0556272301
2026-01-21 08:15:00,ZONE_A,3,0.7856147,0.64117175,2633.95076,2922.83238465592,288.88162465592,0.0,0.8099359177535721,0.8924735250684308,288.88162465592,0,0,0,0.0,OPTIMAL,148671781.33388874
2026-01-21 08:30:00,ZONE_A,3,0.8632018,0.90541846,2564.58285,3011.558834498511,446.975984498511,146.97598449851102,0.7673349422178488,0.8950423667922264,300.0,0,0,0,146.97598449851102,OPTIMAL,159133043.08456236
2026-01-21 08:45:00,ZONE_A,2,0.6197324,0.9317753,2483.3100400000003,2993.8667742559282,510.55673425592795,210.55673425592795,0.7492841957795634,0.8951575489515281,300.0,0,0,0,210.55673425592795,OPTIMAL,160171988.10146326
2026-01-21 09:00:00,ZONE_A,1,0.9620067,0.8460563,2120.0102,2609.84337847615,489.83317847615,189.83317847615,0.6591915355068236,0.7991438727136718,300.0,0,0,0,189.83317847615,OPTIMAL,1913331.7847615
2026-01-21 09:15:00,ZONE_A,1,0.90912634,0.9553146,2080.3422,2643.20983659306,562.86763659306,262.86763659305996,0.6638834024781451,0.8247027280651517,300.0,0,0,0,262.86763659305996,OPTIMAL,2643676.3659305996
2026-01-21 09:30:00,ZONE_A,1,0.9593555,0.85485,2063.2351,2607.3604606599997,544.12536066,244.12536065999996,0.6673401874600994,0.822804576888289,300.0,0,0,0,244.12536065999996,OPTIMAL,2456253.6065999996
2026-01-21 09:45:00,ZONE_A,1,0.94766927,0.9088525,2031.4256,2633.0359681125,601.6103681125,301.61036811250005,0.6719463490959274,0.8438350263850907,300.0,0,0,0,301.61036811250005,OPTIMAL,3031103.6811250006
2026-01-21 10:00:00,ZONE_A,1,0.9860939,0.95150924,2048.2539,2655.227638704212,606.973738704212,306.973738704212,0.6696431712178207,0.843064239927876,300.0,0,0,0,306.973738704212,OPTIMAL,3084737.38704212
2026-01-21 10:15:00,ZONE_A,1,0.98652446,0.94863236,2008.28396,2677.492901777854,669.2089417778544,369.2089417778544,0.678425283544507,0.8696278389070374,300.0,0,0,0,369.2089417778544,OPTIMAL,72404525.388024
2026-01-21 10:30:00,ZONE_A,1,0.9838892,0.93780255,1933.6241,2639.04686809091,705.42276809091,405.42276809091004,0.66918021845975,0.8707295813773109,300.0,0,0,0,405.42276809091004,OPTIMAL,76622762.28339604
2026-01-21 10:45:00,ZONE_A,1,0.9859955,0.93156946,1912.01177,2626.124067329824,714.1122973298237,414.1122973298237,0.6755857421333966,0.8796178277067221,300.0,0,0,0,414.1122973298237,OPTIMAL,107818519.63083386
2026-01-21 11:00:00,ZONE_A,1,0.97521484,0.96584153,1916.92764,2682.1135252416257,765.1858852416257,465.18588524162567,0.6870730576168746,0.9056975969191222,300.0,0,0,0,465.18588524162567,OPTIMAL,199608447.47925
2026-01-21 11:15:00,ZONE_A,2,0.7988432,0.9571237,1979.3946,2725.7765066371203,746.38190663712,446.38190663712,0.7097688814999584,0.923020855487999,300.0,0,0,0,446.38190663712,OPTIMAL,260051812.47961286
2026-01-21 11:30:00,ZONE_A,1,0.9208899,0.9504986,1962.4977,2682.5840333768,720.0863333768,420.0863333768,0.6820568951006835,0.8877958481159614,300.0,0,0,0,420.0863333768,OPTIMAL,136501331.33976093
2026-01-21 11:45:00,ZONE_A,1,0.96883047,0.92760426,1954.333,2663.60797292806,709.2749729280599,409.2749729280599,0.6789540875625192,0.8816040804523434,300.0,0,0,0,409.2749729280599,OPTIMAL,114722030.97151646
2026-01-21 12:00:00,ZONE_A,1,0.97529775,0.9599264,1923.91446,2678.387371041856,754.472911041856,454.47291104185604,0.690762999077086,0.9063266886350505,300.0,0,0,0,454.47291104185604,OPTIMAL,201703138.70309684
2026-01-21 12:15:00,ZONE_A,1,0.97719437,0.91796446,1945.6264,2638.522405971834,692.896005971834,392.89600597183403,0.6800255558510353,0.8779958439536719,300.0,0,0,0,392.89600597183403,OPTIMAL,101929413.55995817
2026-01-21 12:30:00,ZONE_A,1,0.9790285,0.96244586,1914.70934,2659.85355776385,745.1442177638496,445.1442177638496,0.676402898023072,0.8893012466252119,300.0,0,0,0,445.1442177638496,OPTIMAL,142020804.933242
2026-01-21 12:45:00,ZONE_A,1,0.98896384,0.96197593,1885.583,2643.330189492291,757.7471894922911,457.7471894922911,0.6703776720449994,0.8868768697171526,300.0,0,0,0,457.7471894922911,OPTIMAL,133661515.50293066
2026-01-21 13:00:00,ZONE_A,1,0.97255254,0.88200986,2064.5866,2652.3786097347243,587.792009734724,287.79200973472405,0.6912618421853922,0.8592024169383939,300.0,0,0,0,287.79200973472405,OPTIMAL,35101379.27757118
2026-01-21 13:15:00,ZONE_A,1,0.9808146,0.95428574,2059.6861,2671.490998200046,611.804898200046,311.80489820004595,0.6787984885801854,0.8535998886122109,300.0,0,0,0,311.80489820004595,OPTIMAL,15732659.08536156
2026-01-21 13:30:00,ZONE_A,1,0.9794908,0.94560164,2062.9597000000003,2652.2594930894766,589.2997930894761,289.2997930894761,0.663399293852328,0.8317706638267758,300.0,0,0,0,289.2997930894761,OPTIMAL,2907997.930894761
2026-01-21 13:45:00,ZONE_A,1,0.97167563,0.95920366,2106.23163,2669.8140137456744,563.5823837456742,263.5823837456742,0.6610571096245347,0.8220806483260936,300.0,0,0,0,263.5823837456742,OPTIMAL,2650823.837456742
2026-01-21 14:00:00,ZONE_A,0,0.66254336,0.9251607,2162.6489599999995,2641.4853456661276,478.836385666128,178.83638566612802,0.6481209025091261,0.7849312988568617,300.0,0,0,0,178.83638566612802,OPTIMAL,1803363.8566612802
2026-01-21 14:15:00,ZONE_A,0,0.7095657,0.89406776,2185.1626,2620.7232660630243,435.560666063024,135.56066606302397,0.6458714269645617,0.7703173319414359,300.0,0,0,0,135.56066606302397,OPTIMAL,1370606.6606302396
2026-01-21 14:30:00,ZONE_A,0,0.7186756,0.93385196,2224.04233,2653.9613163579734,429.9189863579732,129.9189863579732,0.6488669692056062,0.7717009656728091,300.0,0,0,0,129.9189863579732,OPTIMAL,1314189.8635797321
2026-01-21 14:45:00,ZONE_A,0,0.7212614,0.93536526,2286.46503,2657.069064772474,370.60403477247417,70.60403477247417,0.6498695120719182,0.7557563794621712,300.0,0,0,0,70.60403477247417,OPTIMAL,721040.3477247417
2026-01-21 15:00:00,ZONE_A,1,0.9744037,0.8979278,2433.92775,2750.51432981027,316.58657981027005,16.586579810270052,0.6853307331305533,0.7757840419048311,300.0,0,0,0,16.586579810270052,OPTIMAL,180865.79810270053
2026-01-21 15:15:00,ZONE_A,1,0.98009723,0.9127442,2467.5382,2765.27608823536,297.73788823536,0.0,0.6842259396869457,0.7692939079944091,297.73788823536,0,0,0,0.0,OPTIMAL,14886.894411768
2026-01-21 15:30:00,ZONE_A,1,0.9775179,0.8619056,2508.21282,2751.4329097391683,243.22008973916803,0.0,0.6894457850840138,0.758937239493111,243.22008973916803,0,0,0,0.0,OPTIMAL,12161.004486958402
2026-01-21 15:45:00,ZONE_A,1,0.97942644,0.16653797,2543.9605,2543.9605,0.0,0.0,0.6858015157641648,0.6858015157641648,0.0,0,0,0,0.0,OPTIMAL,0.0
2026-01-21 16:00:00,ZONE_A,1,0.9603777,0.001887324,2605.0281,2605.0281,0.0,0.0,0.6844691687127648,0.6844691687127648,0.0,0,0,0,0.0,OPTIMAL,0.0
2026-01-21 16:15:00,ZONE_A,1,0.97744566,0.0019428643,2615.3972000000003,2615.3972000000003,0.0,0.0,0.6815969403911071,0.6815969403911071,0.0,0,0,0,0.0,OPTIMAL,0.0
2026-01-21 16:30:00,ZONE_A,1,0.97873324,0.002190638,2630.03504,2630.03504,0.0,0.0,0.6832308645299956,0.6832308645299956,0.0,0,0,0,0.0,OPTIMAL,0.0
2026-01-21 16:45:00,ZONE_A,1,0.9842904,0.00200927,2688.57204,2688.57204,0.0,0.0,0.6870744449453126,0.6870744449453126,0.0,0,0,0,0.0,OPTIMAL,0.0
2026-01-21 17:00:00,ZONE_A,1,0.95612645,0.0024885696,2718.3355,2718.3355,0.0,0.0,0.6850120511707162,0.6850120511707162,0.0,0,0,0,0.0,OPTIMAL,0.0
2026-01-21 17:15:00,ZONE_A,1,0.9788739,0.0018239635,2703.92097,2703.92097,0.0,0.0,0.6873912891375701,0.6873912891375701,0.0,0,0,0,0.0,OPTIMAL,0.0
2026-01-21 17:30:00,ZONE_A,1,0.988974,0.0013505348,2657.45485,2657.45485,0.0,0.0,0.6813119693407528,0.6813119693407528,0.0,0,0,0,0.0,OPTIMAL,0.0
2026-01-21 17:45:00,ZONE_A,1,0.98547596,0.001984877,2667.01648,2667.01648,0.0,0.0,0.6815760081267048,0.6815760081267048,0.0,0,0,0,0.0,OPTIMAL,0.0
2026-01-21 18:00:00,ZONE_A,1,0.97116816,0.0018239635,2727.11356,2727.11356,0.0,0.0,0.6839543515195211,0.6839543515195211,0.0,0,0,0,0.0,OPTIMAL,0.0
2026-01-21 18:15:00,ZONE_A,1,0.9639217,0.0018239635,2768.14673,2768.14673,0.0,0.0,0.688027491844702,0.688027491844702,0.0,0,0,0,0.0,OPTIMAL,0.0
2026-01-21 18:30:00,ZONE_A,1,0.9773996,0.0014253306,2767.615196,2767.615196,0.0,0.0,0.6830427784482691,0.6830427784482691,0.0,0,0,0,0.0,OPTIMAL,0.0
2026-01-21 18:45:00,ZONE_A,1,0.97984195,0.0022100024,2778.611543,2778.611543,0.0,0.0,0.691566679666246,0.691566679666246,0.0,0,0,0,0.0,OPTIMAL,0.0
2026-01-21 19:00:00,ZONE_A,1,0.97798353,0.0020130773,2775.276865,2775.276865,0.0,0.0,0.6851106269244756,0.6851106269244756,0.0,0,0,0,0.0,OPTIMAL,0.0
2026-01-21 19:15:00,ZONE_A,1,0.9565222,0.0010320294,2772.20857,2772.20857,0.0,0.0,0.6784655358296539,0.6784655358296539,0.0,0,0,0,0.0,OPTIMAL,0.0
2026-01-21 19:30:00,ZONE_A,1,0.96865094,0.0027161194,2768.734207,2768.734207,0.0,0.0,0.6878970327470267,0.6878970327470267,0.0,0,0,0,0.0,OPTIMAL,0.0
2026-01-21 19:45:00,ZONE_A,1,0.90458703,0.0021332095,2786.455284,2786.455284,0.0,0.0,0.7005946240203266,0.7005946240203266,0.0,0,0,0,0.0,OPTIMAL,0.0
2026-01-21 20:00:00,ZONE_A,1,0.65757936,0.0017897368,2655.653203,2655.653203,0.0,0.0,0.6742657903953733,0.6742657903953733,0.0,0,0,0,0.0,OPTIMAL,0.0
2026-01-21 20:15:00,ZONE_A,0,0.7153373,0.0021832888,2641.964086,2641.964086,0.0,0.0,0.6450600175207262,0.6450600175207262,0.0,0,0,0,0.0,OPTIMAL,0.0
2026-01-21 20:30:00,ZONE_A,0,0.9820483,0.0017270754,2570.073173,2570.073173,0.0,0.0,0.622564150750375,0.622564150750375,0.0,0,0,0,0.0,OPTIMAL,0.0
2026-01-21 20:45:00,ZONE_A,0,0.98388785,0.0016837254,2573.67652,2573.67652,0.0,0.0,0.6262442002244892,0.6262442002244892,0.0,0,0,0,0.0,OPTIMAL,0.0
2026-01-21 21:00:00,ZONE_A,0,0.9898839,0.0022059777,2545.981118,2545.981118,0.0,0.0,0.6197171336715565,0.6197171336715565,0.0,0,0,0,0.0,OPTIMAL,0.0
2026-01-21 21:15:00,ZONE_A,0,0.9936731,0.0028364463,2522.65833,2522.65833,0.0,0.0,0.5994293471584218,0.5994293471584218,0.0,0,0,0,0.0,OPTIMAL,0.0
2026-01-21 21:30:00,ZONE_A,0,0.9931502,0.0024314772,2478.80107,2478.80107,0.0,0.0,0.6110376801708073,0.6110376801708073,0.0,0,0,0,0.0,OPTIMAL,0.0
2026-01-21 21:45:00,ZONE_A,0,0.99492186,0.0024328423,2427.631132,2427.631132,0.0,0.0,0.5942789697659026,0.5942789697659026,0.0,0,0,0,0.0,OPTIMAL,0.0
2026-01-21 22:00:00,ZONE_A,0,0.99280375,0.0023658066,2410.15338,2410.15338,0.0,0.0,0.5867123517967265,0.5867123517967265,0.0,0,0,0,0.0,OPTIMAL,0.0
2026-01-21 22:15:00,ZONE_A,0,0.9965912,0.0018237525,2384.0454170000003,2384.0454170000003,0.0,0.0,0.5828374761781355,0.5828374761781355,0.0,0,0,0,0.0,OPTIMAL,0.0
2026-01-21 22:30:00,ZONE_A,0,0.99383223,0.0018237525,2354.35403,2354.35403,0.0,0.0,0.5537663868107109,0.5537663868107109,0.0,0,0,0,0.0,OPTIMAL,0.0
2026-01-21 22:45:00,ZONE_A,0,0.9965029,0.0020270294,2314.295956,2314.295956,0.0,0.0,0.5427889785617315,0.5427889785617315,0.0,0,0,0,0.0,OPTIMAL,0.0
2026-01-21 23:00:00,ZONE_A,0,0.9965029,0.0016187909,2304.806551,2304.806551,0.0,0.0,0.5412146019069404,0.5412146019069404,0.0,0,0,0,0.0,OPTIMAL,0.0
2026-01-21 23:15:00,ZONE_A,0,0.99648845,0.0021407553,2309.907849,2309.907849,0.0,0.0,0.5632972104304407,0.5632972104304407,0.0,0,0,0,0.0,OPTIMAL,0.0
2026-01-21 23:30:00,ZONE_A,0,0.9982374,0.0010379842,2291.364498,2291.364498,0.0,0.0,0.5428179419016314,0.5428179419016314,0.0,0,0,0,0.0,OPTIMAL,0.0
2026-01-21 23:45:00,ZONE_A,0,0.9982132,0.0021682323,2294.433728,2294.433728,0.0,0.0,0.5528041747797674,0.5528041747797674,0.0,0,0,0,0.0,OPTIMAL,0.0
2026-01-22 00:00:00,ZONE_A,0,0.9980253,0.0017469722,2254.762835,2254.762835,0.0,0.0,0.5287926712206478,0.5287926712206478,0.0,0,0,0,0.0,OPTIMAL,0.0
2026-01-22 00:15:00,ZONE_A,0,0.99752516,0.0011261555,2250.38003,2250.38003,0.0,0.0,0.5323584302397352,0.5323584302397352,0.0,0,0,0,0.0,OPTIMAL,0.0
2026-01-22 00:30:00,ZONE_A,0,0.9980446,0.0021682323,2266.31078,2266.31078,0.0,0.0,0.5313888582344143,0.5313888582344143,0.0,0,0,0,0.0,OPTIMAL,0.0
2026-01-22 00:45:00,ZONE_A,0,0.99753904,0.0015659224,2296.0473890000003,2296.0473890000003,0.0,0.0,0.5556742282909464,0.5556742282909464,0.0,0,0,0,0.0,OPTIMAL,0.0
2026-01-22 01:00:00,ZONE_A,0,0.9973544,0.003006146,2325.669036,2325.669036,0.0,0.0,0.5888719635652834,0.5888719635652834,0.0,0,0,0,0.0,OPTIMAL,0.0
2026-01-22 01:15:00,ZONE_A,0,0.9979849,0.0026840486,2256.132905,2256.132905,0.0,0.0,0.5400925765294022,0.5400925765294022,0.0,0,0,0,0.0,OPTIMAL,0.0
2026-01-22 01:30:00,ZONE_A,0,0.9979931,0.0025937792,2249.22465,2249.22465,0.0,0.0,0.5394268646028427,0.5394268646028427,0.0,0,0,0,0.0,OPTIMAL,0.0
2026-01-22 01:45:00,ZONE_A,0,0.99808013,0.0011261555,2253.074873,2253.074873,0.0,0.0,0.5426420074309071,0.5426420074309071,0.0,0,0,0,0.0,OPTIMAL,0.0
2026-01-22 02:00:00,ZONE_A,0,0.9974934,0.0016182285,2238.164945,2238.164945,0.0,0.0,0.5338844806562997,0.5338844806562997,0.0,0,0,0,0.0,OPTIMAL,0.0
2026-01-22 02:15:00,ZONE_A,0,0.9980203,0.0024277372,2247.05932,2247.05932,0.0,0.0,0.5357255464483932,0.5357255464483932,0.0,0,0,0,0.0,OPTIMAL,0.0
2026-01-22 02:30:00,ZONE_A,0,0.99802846,0.0020952746,2248.3259700000003,2248.3259700000003,0.0,0.0,0.5360676656693406,0.5360676656693406,0.0,0,0,0,0.0,OPTIMAL,0.0
2026-01-22 02:45:00,ZONE_A,0,0.99800926,0.0017665126,2248.550665,2248.550665,0.0,0.0,0.5332068378630841,0.5332068378630841,0.0,0,0,0,0.0,OPTIMAL,0.0
2026-01-22 03:00:00,ZONE_A,0,0.99800414,0.003038673,2247.306873,2247.306873,0.0,0.0,0.5312386598406756,0.5312386598406756,0.0,0,0,0,0.0,OPTIMAL,0.0
2026-01-22 03:15:00,ZONE_A,0,0.99794143,0.0017497869,2234.82012,2234.82012,0.0,0.0,0.5342911991681963,0.5342911991681963,0.0,0,0,0,0.0,OPTIMAL,0.0
2026-01-22 03:30:00,ZONE_A,0,0.9979481,0.0017665126,2227.071502,2227.071502,0.0,0.0,0.5438970529010443,0.5438970529010443,0.0,0,0,0,0.0,OPTIMAL,0.0
2026-01-22 03:45:00,ZONE_A,0,0.99800926,0.0021869692,2238.577577,2238.577577,0.0,0.0,0.5412017889073691,0.5412017889073691,0.0,0,0,0,0.0,OPTIMAL,0.0
2026-01-22 04:00:00,ZONE_A,0,0.9979754,0.0018665405,2245.779964,2245.779964,0.0,0.0,0.5371011140717988,0.5371011140717988,0.0,0,0,0,0.0,OPTIMAL,0.0
2026-01-22 04:15:00,ZONE_A,0,0.9980203,0.003005103,2250.8831600000003,2250.8831600000003,0.0,0.0,0.5347443426006194,0.5347443426006194,0.0,0,0,0,0.0,OPTIMAL,0.0
2026-01-22 04:30:00,ZONE_A,0,0.9980469,0.0016204464,2267.835243,2267.835243,0.0,0.0,0.53085518967972,0.53085518967972,0.0,0,0,0,0.0,OPTIMAL,0.0
2026-01-22 04:45:00,ZONE_A,0,0.99536335,0.0018945743,2265.40797,2265.40797,0.0,0.0,0.5413097812744676,0.5413097812744676,0.0,0,0,0,0.0,OPTIMAL,0.0
2026-01-22 05:00:00,ZONE_A,0,0.9974517,0.0022457894,2464.10187,2464.10187,0.0,0.0,0.6201777453320535,0.6201777453320535,0.0,0,0,0,0.0,OPTIMAL,0.0
2026-01-22 05:15:00,ZONE_A,0,0.990262,0.0022457894,2590.997502,2590.997502,0.0,0.0,0.6126412146177966,0.6126412146177966,0.0,0,0,0,0.0,OPTIMAL,0.0
2026-01-22 05:30:00,ZONE_A,0,0.99723935,0.002878946,2579.271132,2579.271132,0.0,0.0,0.6425653166664883,0.6425653166664883,0.0,0,0,0,0.0,OPTIMAL,0.0
2026-01-22 05:45:00,ZONE_A,0,0.98988485,0.0023257623,2593.033226,2593.033226,0.0,0.0,0.6421815126582718,0.6421815126582718,0.0,0,0,0,0.0,OPTIMAL,0.0
2026-01-22 06:00:00,ZONE_A,1,0.74474293,0.001992389,2666.724798,2666.724798,0.0,0.0,0.6415071802635853,0.6415071802635853,0.0,0,0,0,0.0,OPTIMAL,0.0
2026-01-22 06:15:00,ZONE_A,1,0.53683776,0.0020448528,2583.477524,2583.477524,0.0,0.0,0.655389259920518,0.655389259920518,0.0,0,0,0,0.0,OPTIMAL,0.0
2026-01-22 06:30:00,ZONE_A,1,0.99569017,0.0026263515,2713.89607,2713.89607,0.0,0.0,0.666969268746683,0.666969268746683,0.0,0,0,0,0.0,OPTIMAL,0.0
2026-01-22 06:45:00,ZONE_A,1,0.99457574,0.0026263515,2728.375155,2728.375155,0.0,0.0,0.6906682550632729,0.6906682550632729,0.0,0,0,0,0.0,OPTIMAL,0.0
2026-01-22 07:00:00,ZONE_A,1,0.9948319,0.0020203816,2689.18497,2689.18497,0.0,0.0,0.6972702288309565,0.6972702288309565,0.0,0,0,0,0.0,OPTIMAL,0.0
2026-01-22 07:15:00,ZONE_A,1,0.961195,0.0018293704,2658.66784,2658.66784,0.0,0.0,0.690321311920281,0.690321311920281,0.0,0,0,0,0.0,OPTIMAL,0.0
2026-01-22 07:30:00,ZONE_A,2,0.91984403,0.0014894394,2689.77801,2689.77801,0.0,0.0,0.7008571113408715,0.7008571113408715,0.0,0,0,0,0.0,OPTIMAL,0.0
2026-01-22 07:45:00,ZONE_A,2,0.9310062,0.0014637909,2743.76218,2743.76218,0.0,0.0,0.7191277832048736,0.7191277832048736,0.0,0,0,0,0.0,OPTIMAL,0.0
2026-01-22 08:00:00,ZONE_A,3,0.5441644,0.008690101,2778.7658,2778.7658,0.0,0.0,0.7103704642351626,0.7103704642351626,0.0,0,0,0,0.0,OPTIMAL,0.0
2026-01-22 08:15:00,ZONE_A,2,0.5280257,0.4245984,2700.9541,2700.9541,0.0,0.0,0.7262452598155029,0.7262452598155029,0.0,0,0,0,0.0,OPTIMAL,0.0
2026-01-22 08:30:00,ZONE_A,3,0.64711875,0.38924024,2716.2557500000003,2716.2557500000003,0.0,0.0,0.7424003800862164,0.7424003800862164,0.0,0,0,0,0.0,OPTIMAL,0.0
2026-01-22 08:45:00,ZONE_A,3,0.63329464,0.47981057,2690.39907,2690.39907,0.0,0.0,0.755440872721474,0.755440872721474,0.0,0,0,0,0.0,OPTIMAL,0.0
2026-01-22 09:00:00,ZONE_A,1,0.9064641,0.59728163,2363.2955300000003,2587.8453327249413,224.5498027249411,0.0,0.6420294895151223,0.7061865762294769,224.5498027249411,0,0,0,0.0,OPTIMAL,11227.490136247054
2026-01-22 09:15:00,ZONE_A,1,0.97922015,0.6587468,2324.74875,2589.5624274248203,264.81367742482,0.0,0.6674761505934079,0.7431372015625963,264.81367742482,0,0,0,0.0,OPTIMAL,13240.683871241
2026-01-22 09:30:00,ZONE_A,1,0.97632784,0.67368275,2317.69445,2591.0832299319623,273.38877993196246,0.0,0.6481803589879543,0.7262914392717417,273.38877993196246,0,0,0,0.0,OPTIMAL,13669.438996598123
2026-01-22 09:45:00,ZONE_A,1,0.8923247,0.57440645,2316.81977,2565.4276089250834,248.60783892508348,0.0,0.6493114749236136,0.7203422863355103,248.60783892508348,0,0,0,0.0,OPTIMAL,12430.391946254174
2026-01-22 10:00:00,ZONE_A,0,0.57125676,0.6906917,2266.17578,2560.176727942554,294.00094794255403,0.0,0.6749934282581663,0.758993699333553,294.00094794255403,0,0,0,0.0,OPTIMAL,14700.047397127702
2026-01-22 10:15:00,ZONE_A,1,0.97127557,0.7369568,2203.98687,2571.2991316683842,367.31226166838394,67.31226166838394,0.6472748644144473,0.752221225206734,300.0,0,0,0,67.31226166838394,OPTIMAL,688122.6166838394
2026-01-22 10:30:00,ZONE_A,1,0.99037486,0.86080515,2163.92176,2641.704978659536,477.783218659536,177.78321865953598,0.6646618610008577,0.8011713524344493,300.0,0,0,0,177.78321865953598,OPTIMAL,1792832.1865953598
2026-01-22 10:45:00,ZONE_A,1,0.7767763,0.8972527,2199.33255,2648.823896465435,449.491346465435,149.49134646543502,0.6511042812994605,0.7795303806557962,300.0,0,0,0,149.49134646543502,OPTIMAL,1509913.4646543502
2026-01-22 11:00:00,ZONE_A,1,0.7115175,0.89428663,2192.29126,2643.950489966976,451.65922996697617,151.65922996697617,0.6559252049876694,0.7849706996610033,300.0,0,0,0,151.65922996697617,OPTIMAL,1531592.2996697617
2026-01-22 11:15:00,ZONE_A,1,0.9901361,0.89085567,2212.75446,2665.980079399304,453.22561939930375,153.22561939930375,0.6434282080979815,0.7729212425791899,300.0,0,0,0,153.22561939930375,OPTIMAL,1547256.1939930376
2026-01-22 11:30:00,ZONE_A,1,0.9746377,0.8824039,2145.56614,2634.454573306084,488.88843330608404,188.88843330608404,0.6525785991483886,0.7922610090809545,300.0,0,0,0,188.88843330608404,OPTIMAL,1903884.3330608404
2026-01-22 11:45:00,ZONE_A,1,0.989051,0.8462753,2173.141,2645.11660517029,471.97560517028995,171.97560517028995,0.6495881846226698,0.7844383579149726,300.0,0,0,0,171.97560517028995,OPTIMAL,1734756.0517028996
2026-01-22 12:00:00,ZONE_A,1,0.987237,0.6664296,2229.4018,2555.28447489784,325.88267489784,25.88267489783999,0.6755980920800628,0.7687074280357677,300.0,0,0,0,25.88267489783999,OPTIMAL,273826.7489783999
2026-01-22 12:15:00,ZONE_A,1,0.98970616,0.6275784,2235.5743,2533.11687589648,297.54257589647995,0.0,0.6706052459959903,0.755617410776257,297.54257589647995,0,0,0,0.0,OPTIMAL,14877.128794823997
2026-01-22 12:30:00,ZONE_A,1,0.7485975,0.7998444,2169.3195,2590.20490186404,420.88540186404003,120.88540186404003,0.6753006658142156,0.7955536381214999,300.0,0,0,0,120.88540186404003,OPTIMAL,1223854.0186404004
2026-01-22 12:45:00,ZONE_A,1,0.7265272,0.6527057,2228.7587200000003,2537.2316633529363,308.472943352936,8.472943352936,0.6850900976811446,0.7732252246049307,300.0,0,0,0,8.472943352936,OPTIMAL,99729.43352935999
2026-01-22 13:00:00,ZONE_A,1,0.5317414,0.71936655,2274.89745,2572.1591673251773,297.26171732517753,0.0,0.6504412414482904,0.7353731609458662,297.26171732517753,0,0,0,0.0,OPTIMAL,14863.085866258876
2026-01-22 13:15:00,ZONE_A,1,0.9777025,0.84115124,2250.63366,2632.322975935974,381.6893159359736,81.68931593597358,0.6462118537809282,0.7552659443794235,300.0,0,0,0,81.68931593597358,OPTIMAL,831893.1593597358
2026-01-22 13:30:00,ZONE_A,1,0.67507327,0.7303288,2237.44345,2565.79018588644,328.34673588644,28.34673588644,0.6572481340774304,0.7510614874767656,300.0,0,0,0,28.34673588644,OPTIMAL,298467.3588644
2026-01-22 13:45:00,ZONE_A,1,0.50062346,0.6902674,2250.6993,2556.52040784802,305.82110784802,5.821107848020006,0.647579049454717,0.7349565091173337,300.0,0,0,0,5.821107848020006,OPTIMAL,73211.07848020006
2026-01-22 14:00:00,ZONE_A,1,0.99091923,0.59571296,2376.68807,2583.086484690173,206.39841469017279,0.0,0.6500348849650017,0.7090058607594666,206.39841469017279,0,0,0,0.0,OPTIMAL,10319.92073450864
2026-01-22 14:15:00,ZONE_A,1,0.99256,0.6000472,2393.34987,2587.126310547576,193.77644054757602,0.0,0.6587554578567719,0.7141201553125704,193.77644054757602,0,0,0,0.0,OPTIMAL,9688.822027378801
2026-01-22 14:30:00,ZONE_A,1,0.7316676,0.46456638,2397.64552,2397.64552,0.0,0.0,0.6502208272899304,0.6502208272899304,0.0,0,0,0,0.0,OPTIMAL,0.0
2026-01-22 14:45:00,ZONE_A,1,0.991653,0.56974417,2420.41346,2584.002417089357,163.58895708935682,0.0,0.6428751309698391,0.6896148331279943,163.58895708935682,0,0,0,0.0,OPTIMAL,8179.447854467841
2026-01-22 15:00:00,ZONE_A,1,0.9837091,0.023434836,2584.50333,2584.50333,0.0,0.0,0.6858623261361714,0.6858623261361714,0.0,0,0,0,0.0,OPTIMAL,0.0
2026-01-22 15:15:00,ZONE_A,1,0.98168004,0.024743157,2561.78897,2561.78897,0.0,0.0,0.6807865724664734,0.6807865724664734,0.0,0,0,0,0.0,OPTIMAL,0.0
2026-01-22 15:30:00,ZONE_A,1,0.9849991,0.025434092,2588.19308,2588.19308,0.0,0.0,0.6834838674302858,0.6834838674302858,0.0,0,0,0,0.0,OPTIMAL,0.0
2026-01-22 15:45:00,ZONE_A,1,0.9916249,0.0020203816,2629.6948,2629.6948,0.0,0.0,0.6746803887896904,0.6746803887896904,0.0,0,0,0,0.0,OPTIMAL,0.0
2026-01-22 16:00:00,ZONE_A,1,0.99039596,0.0013204984,2683.85339,2683.85339,0.0,0.0,0.6807974778970287,0.6807974778970287,0.0,0,0,0,0.0,OPTIMAL,0.0
2026-01-22 16:15:00,ZONE_A,1,0.9907997,0.0017308795,2725.47369,2725.47369,0.0,0.0,0.6859087236335351,0.6859087236335351,0.0,0,0,0,0.0,OPTIMAL,0.0
2026-01-22 16:30:00,ZONE_A,1,0.99286723,0.0020595118,2747.44499,2747.44499,0.0,0.0,0.6834773203053454,0.6834773203053454,0.0,0,0,0,0.0,OPTIMAL,0.0
2026-01-22 16:45:00,ZONE_A,1,0.9771606,0.0015495326,2783.27116,2783.27116,0.0,0.0,0.691854101943133,0.691854101943133,0.0,0,0,0,0.0,OPTIMAL,0.0
2026-01-22 17:00:00,ZONE_A,1,0.9901003,0.0013392626,2806.825171,2806.825171,0.0,0.0,0.684107321179299,0.684107321179299,0.0,0,0,0,0.0,OPTIMAL,0.0
2026-01-22 17:15:00,ZONE_A,1,0.9673844,0.0017166766,2795.856809,2795.856809,0.0,0.0,0.6779403342055934,0.6779403342055934,0.0,0,0,0,0.0,OPTIMAL,0.0
2026-01-22 17:30:00,ZONE_A,1,0.9656881,0.0031780652,2801.8364,2801.8364,0.0,0.0,0.6742010046495303,0.6742010046495303,0.0,0,0,0,0.0,OPTIMAL,0.0
2026-01-22 17:45:00,ZONE_A,1,0.9749493,0.0023255022,2804.75860763,2804.75860763,0.0,0.0,0.6785549109305555,0.6785549109305555,0.0,0,0,0,0.0,OPTIMAL,0.0
2026-01-22 18:00:00,ZONE_A,1,0.9307538,0.0016804273,2821.2587213,2821.2587213,0.0,0.0,0.6859742027136123,0.6859742027136123,0.0,0,0,0,0.0,OPTIMAL,0.0
2026-01-22 18:15:00,ZONE_A,1,0.92004794,0.0024442622,2839.5770464,2839.5770464,0.0,0.0,0.6768860239472864,0.6768860239472864,0.0,0,0,0,0.0,OPTIMAL,0.0
2026-01-22 18:30:00,ZONE_A,1,0.96371347,0.0018512505,2808.4199926,2808.4199926,0.0,0.0,0.6792781015494819,0.6792781015494819,0.0,0,0,0,0.0,OPTIMAL,0.0
2026-01-22 18:45:00,ZONE_A,1,0.9689426,0.0033815615,2804.6254497,2804.6254497,0.0,0.0,0.6909415375128519,0.6909415375128519,0.0,0,0,0,0.0,OPTIMAL,0.0
2026-01-22 19:00:00,ZONE_A,1,0.9031291,0.0022280929,2799.9434065,2799.9434065,0.0,0.0,0.6865394970997281,0.6865394970997281,0.0,0,0,0,0.0,OPTIMAL,0.0
2026-01-22 19:15:00,ZONE_A,1,0.9660633,0.0020712565,2802.1514807,2802.1514807,0.0,0.0,0.6820666780991472,0.6820666780991472,0.0,0,0,0,0.0,OPTIMAL,0.0
2026-01-22 19:30:00,ZONE_A,1,0.94833606,0.0018911778,2793.81064,2793.81064,0.0,0.0,0.6958179147715113,0.6958179147715113,0.0,0,0,0,0.0,OPTIMAL,0.0
2026-01-22 19:45:00,ZONE_A,1,0.9246659,0.00084633986,2797.7261848,2797.7261848,0.0,0.0,0.6860458700293272,0.6860458700293272,0.0,0,0,0,0.0,OPTIMAL,0.0
2026-01-22 20:00:00,ZONE_A,0,0.56486624,0.0021850471,2678.99921432,2678.99921432,0.0,0.0,0.6578482936317981,0.6578482936317981,0.0,0,0,0,0.0,OPTIMAL,0.0
2026-01-22 20:15:00,ZONE_A,0,0.55726045,0.001269292,2662.2165196,2662.2165196,0.0,0.0,0.6484032284947234,0.6484032284947234,0.0,0,0,0,0.0,OPTIMAL,0.0
2026-01-22 20:30:00,ZONE_A,0,0.9802843,0.0012374182,2624.8566762,2624.8566762,0.0,0.0,0.6221863273267877,0.6221863273267877,0.0,0,0,0,0.0,OPTIMAL,0.0
2026-01-22 20:45:00,ZONE_A,0,0.97870755,0.0013131883,2628.3106111,2628.3106111,0.0,0.0,0.617021230546779,0.617021230546779,0.0,0,0,0,0.0,OPTIMAL,0.0
2026-01-22 21:00:00,ZONE_A,0,0.977102,0.0016971453,2622.9403847,2622.9403847,0.0,0.0,0.6295681628669706,0.6295681628669706,0.0,0,0,0,0.0,OPTIMAL,0.0
2026-01-22 21:15:00,ZONE_A,0,0.99535924,0.0027273668,2540.2606672,2540.2606672,0.0,0.0,0.6034142487395149,0.6034142487395149,0.0,0,0,0,0.0,OPTIMAL,0.0
2026-01-22 21:30:00,ZONE_A,0,0.99403507,0.0017859234,2473.426413,2473.426413,0.0,0.0,0.6060568968962956,0.6060568968962956,0.0,0,0,0,0.0,OPTIMAL,0.0
2026-01-22 21:45:00,ZONE_A,0,0.9948612,0.0024533514,2497.7717727000004,2497.7717727000004,0.0,0.0,0.5830956277270173,0.5830956277270173,0.0,0,0,0,0.0,OPTIMAL,0.0
2026-01-22 22:00:00,ZONE_A,0,0.9955712,0.0015062324,2446.236404,2446.236404,0.0,0.0,0.5762977894902779,0.5762977894902779,0.0,0,0,0,0.0,OPTIMAL,0.0
2026-01-22 22:15:00,ZONE_A,0,0.99666387,0.0017047769,2437.3672,2437.3672,0.0,0.0,0.5663184740903575,0.5663184740903575,0.0,0,0,0,0.0,OPTIMAL,0.0
2026-01-22 22:30:00,ZONE_A,0,0.9973116,0.0022992888,2391.7063002,2391.7063002,0.0,0.0,0.5618562715417177,0.5618562715417177,0.0,0,0,0,0.0,OPTIMAL,0.0
2026-01-22 22:45:00,ZONE_A,0,0.9965797,0.0017508141,2380.1172,2380.1172,0.0,0.0,0.5434795630358763,0.5434795630358763,0.0,0,0,0,0.0,OPTIMAL,0.0
2026-01-22 23:00:00,ZONE_A,0,0.9972441,0.0014303569,2352.309658,2352.309658,0.0,0.0,0.5405645719896357,0.5405645719896357,0.0,0,0,0,0.0,OPTIMAL,0.0
2026-01-22 23:15:00,ZONE_A,0,0.9965797,0.0011565628,2329.8283714000004,2329.8283714000004,0.0,0.0,0.5534496789500103,0.5534496789500103,0.0,0,0,0,0.0,OPTIMAL,0.0
2026-01-22 23:30:00,ZONE_A,0,0.99659675,0.0014233711,2330.10732314,2330.10732314,0.0,0.0,0.5299987361562764,0.5299987361562764,0.0,0,0,0,0.0,OPTIMAL,0.0
2026-01-22 23:45:00,ZONE_A,0,0.9978471,0.0022884347,2328.4072002000003,2328.4072002000003,0.0,0.0,0.5453420551563762,0.5453420551563762,0.0,0,0,0,0.0,OPTIMAL,0.0
2026-01-23 00:00:00,ZONE_A,0,0.9978471,0.001610273,2301.7057839,2301.7057839,0.0,0.0,0.53720332691231,0.53720332691231,0.0,0,0,0,0.0,OPTIMAL,0.0
2026-01-23 00:15:00,ZONE_A,0,0.99834585,0.0010379842,2287.735447,2287.735447,0.0,0.0,0.55435670062098,0.55435670062098,0.0,0,0,0,0.0,OPTIMAL,0.0
2026-01-23 00:30:00,ZONE_A,0,0.9982495,0.0019936175,2292.8053356,2292.8053356,0.0,0.0,0.5735277703400116,0.5735277703400116,0.0,0,0,0,0.0,OPTIMAL,0.0
2026-01-23 00:45:00,ZONE_A,0,0.99834585,0.0012032808,2289.262843,2289.262843,0.0,0.0,0.5429339508039567,0.5429339508039567,0.0,0,0,0,0.0,OPTIMAL,0.0
2026-01-23 01:00:00,ZONE_A,0,0.9978896,0.001610273,2299.7838577,2299.7838577,0.0,0.0,0.540469093641458,0.540469093641458,0.0,0,0,0,0.0,OPTIMAL,0.0
2026-01-23 01:15:00,ZONE_A,0,0.99801695,0.0010235957,2286.5923,2286.5923,0.0,0.0,0.530773793408639,0.530773793408639,0.0,0,0,0,0.0,OPTIMAL,0.0
2026-01-23 01:30:00,ZONE_A,0,0.9980457,0.0014192922,2287.2335415,2287.2335415,0.0,0.0,0.538737177819303,0.538737177819303,0.0,0,0,0,0.0,OPTIMAL,0.0
2026-01-23 01:45:00,ZONE_A,0,0.99834585,0.001610273,2291.9172326,2291.9172326,0.0,0.0,0.538737411250275,0.538737411250275,0.0,0,0,0,0.0,OPTIMAL,0.0
2026-01-23 02:00:00,ZONE_A,0,0.9982344,0.002335726,2295.0890384,2295.0890384,0.0,0.0,0.5322978649876322,0.5322978649876322,0.0,0,0,0,0.0,OPTIMAL,0.0
2026-01-23 02:15:00,ZONE_A,0,0.997797,0.0019936175,2301.3017216000003,2301.3017216000003,0.0,0.0,0.538720752527422,0.538720752527422,0.0,0,0,0,0.0,OPTIMAL,0.0
2026-01-23 02:30:00,ZONE_A,0,0.99817634,0.0012972764,2280.9452244,2280.9452244,0.0,0.0,0.5354106155265705,0.5354106155265705,0.0,0,0,0,0.0,OPTIMAL,0.0
2026-01-23 02:45:00,ZONE_A,0,0.99815,0.001610273,2284.3819245,2284.3819245,0.0,0.0,0.5311856284412936,0.5311856284412936,0.0,0,0,0,0.0,OPTIMAL,0.0
2026-01-23 03:00:00,ZONE_A,0,0.9981092,0.0016062275,2276.389783,2276.389783,0.0,0.0,0.5408611770586057,0.5408611770586057,0.0,0,0,0,0.0,OPTIMAL,0.0
2026-01-23 03:15:00,ZONE_A,0,0.9981572,0.0012972764,2281.142983,2281.142983,0.0,0.0,0.5387806515538501,0.5387806515538501,0.0,0,0,0,0.0,OPTIMAL,0.0
2026-01-23 03:30:00,ZONE_A,0,0.99817634,0.0012972764,2283.4360294000003,2283.4360294000003,0.0,0.0,0.5405167200801102,0.5405167200801102,0.0,0,0,0,0.0,OPTIMAL,0.0
2026-01-23 03:45:00,ZONE_A,0,0.9981092,0.002726485,2278.5917866,2278.5917866,0.0,0.0,0.5348447315248724,0.5348447315248724,0.0,0,0,0,0.0,OPTIMAL,0.0
2026-01-23 04:00:00,ZONE_A,0,0.9981572,0.0012972764,2283.152366,2283.152366,0.0,0.0,0.5457208137020286,0.5457208137020286,0.0,0,0,0,0.0,OPTIMAL,0.0
2026-01-23 04:15:00,ZONE_A,0,0.9982046,0.001610273,2283.0642174,2283.0642174,0.0,0.0,0.5416042841209746,0.5416042841209746,0.0,0,0,0,0.0,OPTIMAL,0.0
2026-01-23 04:30:00,ZONE_A,0,0.99810934,0.001610273,2276.81013,2276.81013,0.0,0.0,0.5414694849254913,0.5414694849254913,0.0,0,0,0,0.0,OPTIMAL,0.0
2026-01-23 04:45:00,ZONE_A,0,0.9980057,0.0021682323,2279.596095,2279.596095,0.0,0.0,0.5409483743758794,0.5409483743758794,0.0,0,0,0,0.0,OPTIMAL,0.0
2026-01-23 05:00:00,ZONE_A,0,0.9974522,0.0016784421,2576.530283,2576.530283,0.0,0.0,0.6052007280871463,0.6052007280871463,0.0,0,0,0,0.0,OPTIMAL,0.0
2026-01-23 05:15:00,ZONE_A,0,0.91180056,0.0019623619,2580.872085,2580.872085,0.0,0.0,0.6195268174057715,0.6195268174057715,0.0,0,0,0,0.0,OPTIMAL,0.0
2026-01-23 05:30:00,ZONE_A,0,0.9973611,0.0023517613,2509.408354,2509.408354,0.0,0.0,0.625057941306936,0.625057941306936,0.0,0,0,0,0.0,OPTIMAL,0.0
2026-01-23 05:45:00,ZONE_A,0,0.97537994,0.0014978189,2560.352846,2560.352846,0.0,0.0,0.6577200654905103,0.6577200654905103,0.0,0,0,0,0.0,OPTIMAL,0.0
2026-01-23 06:00:00,ZONE_A,0,0.81118035,0.0019986958,2596.8699,2596.8699,0.0,0.0,0.6499575011290767,0.6499575011290767,0.0,0,0,0,0.0,OPTIMAL,0.0
2026-01-23 06:15:00,ZONE_A,0,0.8004995,0.0025613995,2583.22583,2583.22583,0.0,0.0,0.6591059769075818,0.6591059769075818,0.0,0,0,0,0.0,OPTIMAL,0.0
2026-01-23 06:30:00,ZONE_A,1,0.995669,0.0017122028,2623.4814,2623.4814,0.0,0.0,0.6696837593859932,0.6696837593859932,0.0,0,0,0,0.0,OPTIMAL,0.0
2026-01-23 06:45:00,ZONE_A,1,0.99358314,0.0020765974,2662.83737,2662.83737,0.0,0.0,0.675916201245527,0.675916201245527,0.0,0,0,0,0.0,OPTIMAL,0.0
2026-01-23 07:00:00,ZONE_A,1,0.98104995,0.0023028925,2609.32318,2609.32318,0.0,0.0,0.6870031948796462,0.6870031948796462,0.0,0,0,0,0.0,OPTIMAL,0.0
2026-01-23 07:15:00,ZONE_A,1,0.9710287,0.0022119726,2634.7168,2634.7168,0.0,0.0,0.6969681573086097,0.6969681573086097,0.0,0,0,0,0.0,OPTIMAL,0.0
2026-01-23 07:30:00,ZONE_A,2,0.9488209,0.02664965,2613.76206,2613.76206,0.0,0.0,0.7003667019034302,0.7003667019034302,0.0,0,0,0,0.0,OPTIMAL,0.0
2026-01-23 07:45:00,ZONE_A,2,0.9741432,0.31377104,2636.76087,2636.76087,0.0,0.0,0.7088165907468483,0.7088165907468483,0.0,0,0,0,0.0,OPTIMAL,0.0
2026-01-23 08:00:00,ZONE_A,2,0.9733681,0.24208753,2700.481,2700.481,0.0,0.0,0.7256223588139142,0.7256223588139142,0.0,0,0,0,0.0,OPTIMAL,0.0
2026-01-23 08:15:00,ZONE_A,2,0.9706214,0.642841,2644.3826,2869.0921071529,224.7095071529,0.0,0.7239864438856317,0.7881891604268997,224.7095071529,0,0,0,0.0,OPTIMAL,11235.475357645
2026-01-23 08:30:00,ZONE_A,2,0.694096,0.7463896,2606.5373600000003,2915.627772669984,309.090412669984,9.090412669984005,0.7354661061515275,0.8237776529233979,300.0,0,0,0,9.090412669984005,OPTIMAL,105904.12669984005
2026-01-23 08:45:00,ZONE_A,3,0.5578942,0.6769273,2631.40726,2903.948981201162,272.54172120116203,0.0,0.790506487620561,0.8683755510883158,272.54172120116203,0,0,0,0.0,OPTIMAL,64328055.674292654
2026-01-23 09:00:00,ZONE_A,1,0.9701507,0.7254684,2305.1815,2601.02395872484,295.84245872484,0.0,0.6474871722739808,0.7320135893605725,295.84245872484,0,0,0,0.0,OPTIMAL,14792.122936242
2026-01-23 09:15:00,ZONE_A,1,0.9466776,0.85809886,2215.6821,2656.984409431826,441.30230943182596,141.30230943182596,0.6383027355604094,0.7643891101406005,300.0,0,0,0,141.30230943182596,OPTIMAL,1428023.0943182595
2026-01-23 09:30:00,ZONE_A,1,0.95774394,0.7770401,2246.77897,2601.385749778783,354.60677977878305,54.60677977878305,0.6472367314535583,0.7485529546304954,300.0,0,0,0,54.60677977878305,OPTIMAL,561067.7977878305
2026-01-23 09:45:00,ZONE_A,1,0.8775679,0.738857,2286.03408,2606.2369121234397,320.20283212344,20.202832123439975,0.6416104681065441,0.7330969920070876,300.0,0,0,0,20.202832123439975,OPTIMAL,217028.32123439974
2026-01-23 10:00:00,ZONE_A,1,0.99456656,0.676077,2296.86204,2581.14170944032,284.27966944032,0.0,0.6435885971622725,0.7248113600899175,284.27966944032,0,0,0,0.0,OPTIMAL,14213.983472016
2026-01-23 10:15:00,ZONE_A,1,0.9899275,0.73307073,2236.41928,2592.914742864554,356.4954628645536,56.49546286455359,0.6551544002721179,0.7570102470864528,300.0,0,0,0,56.49546286455359,OPTIMAL,579954.6286455359
2026-01-23 10:30:00,ZONE_A,1,0.9899552,0.6275784,2244.6958,2541.90287248384,297.20707248384,0.0,0.6828542066240977,0.7677705132887694,297.20707248384,0,0,0,0.0,OPTIMAL,14860.353624192001
2026-01-23 10:45:00,ZONE_A,1,0.9904721,0.7749264,2215.4466,2612.8415667129602,397.39496671296007,97.39496671296007,0.6702338645063504,0.7837752838840061,300.0,0,0,0,97.39496671296007,OPTIMAL,988949.6671296007
2026-01-23 11:00:00,ZONE_A,1,0.9923764,0.892222,2167.7259,2648.4543998224,480.7284998224,180.7284998224,0.6537190721708407,0.7910700725054699,300.0,0,0,0,180.7284998224,OPTIMAL,1822284.9982240002
2026-01-23 11:15:00,ZONE_A,1,0.990673,0.88270277,2200.545,2645.775422322765,445.230422322765,145.23042232276498,0.6597034746219688,0.7869121670830732,300.0,0,0,0,145.23042232276498,OPTIMAL,1467304.2232276497
2026-01-23 11:30:00,ZONE_A,1,0.9829995,0.86561763,2125.45113,2628.3508828913573,502.89975289135714,202.89975289135714,0.6684022654096612,0.8120879095459648,300.0,0,0,0,202.89975289135714,OPTIMAL,2043997.5289135715
2026-01-23 11:45:00,ZONE_A,1,0.8811251,0.90602744,2249.8165400000003,2701.7075651579985,451.8910251579984,151.8910251579984,0.6903827510926317,0.8194944729578706,300.0,0,0,0,151.8910251579984,OPTIMAL,1533910.251579984
2026-01-23 12:00:00,ZONE_A,1,0.990673,0.883767,2219.7177,2656.9196210709,437.20192107089997,137.20192107089997,0.6931488871953492,0.8180637221477676,300.0,0,0,0,137.20192107089997,OPTIMAL,1387019.2107089998
2026-01-23 12:15:00,ZONE_A,0,0.67291814,0.8190229,2238.84396,2605.111606956946,366.267646956946,66.26764695694601,0.6518404863145838,0.7564883857526596,300.0,0,0,0,66.26764695694601,OPTIMAL,677676.4695694601
2026-01-23 12:30:00,ZONE_A,0,0.65673655,0.9121192,2180.7303,2636.48032674352,455.75002674352,155.75002674351998,0.6662850671236332,0.7964993608716121,300.0,0,0,0,155.75002674351998,OPTIMAL,1572500.2674351998
2026-01-23 12:45:00,ZONE_A,0,0.6762004,0.7591175,2222.59346,2572.0570270772,349.46356707719997,49.46356707719997,0.6509344291603006,0.7507811629334137,300.0,0,0,0,49.46356707719997,OPTIMAL,509635.6707719997
2026-01-23 13:00:00,ZONE_A,0,0.6138152,0.72776437,2262.83656,2569.230264901854,306.3937049018538,6.393704901853823,0.6511852468055636,0.7387263056342388,300.0,0,0,0,6.393704901853823,OPTIMAL,78937.04901853824
2026-01-23 13:15:00,ZONE_A,1,0.9878442,0.66884446,2262.87736,2562.3526943721163,299.4753343721164,0.0,0.6423764317894504,0.7279408132843885,299.4753343721164,0,0,0,0.0,OPTIMAL,14973.766718605819
2026-01-23 13:30:00,ZONE_A,1,0.97337013,0.71863455,2289.17016,2587.9071460880223,298.73698608802204,0.0,0.6661962564289657,0.751549681281311,298.73698608802204,0,0,0,0.0,OPTIMAL,14936.849304401101
2026-01-23 13:45:00,ZONE_A,1,0.99391854,0.631515,2321.87568,2572.1466659178,250.27098591780003,0.0,0.6480191209817042,0.7195251171630682,250.27098591780003,0,0,0,0.0,OPTIMAL,12513.549295890001
2026-01-23 14:00:00,ZONE_A,1,0.59524214,0.6118719,2356.1168,2564.0646469488797,207.94784694888003,0.0,0.6433674330215937,0.7027811037487467,207.94784694888003,0,0,0,0.0,OPTIMAL,10397.392347444002
2026-01-23 14:15:00,ZONE_A,1,0.9934278,0.8003534,2348.8713,2631.6813761871,282.8100761871,0.0,0.6522371782308595,0.7330400573674034,282.8100761871,0,0,0,0.0,OPTIMAL,14140.503809355
2026-01-23 14:30:00,ZONE_A,1,0.52639705,0.5852921,2358.6528000000003,2547.0264285705503,188.37362857055,0.0,0.6549894277982429,0.7088104646939213,188.37362857055,0,0,0,0.0,OPTIMAL,9418.681428527501
2026-01-23 14:45:00,ZONE_A,1,0.7546323,0.41771156,2429.05115,2429.05115,0.0,0.0,0.676097367538704,0.676097367538704,0.0,0,0,0,0.0,OPTIMAL,0.0
2026-01-23 15:00:00,ZONE_A,1,0.98794216,0.02752094,2556.83536,2556.83536,0.0,0.0,0.683048883056112,0.683048883056112,0.0,0,0,0,0.0,OPTIMAL,0.0
2026-01-23 15:15:00,ZONE_A,1,0.9902327,0.0034482726,2609.0306,2609.0306,0.0,0.0,0.6948977688756898,0.6948977688756898,0.0,0,0,0,0.0,OPTIMAL,0.0
2026-01-23 15:30:00,ZONE_A,1,0.99384403,0.0019632007,2638.98079,2638.98079,0.0,0.0,0.6961220338500356,0.6961220338500356,0.0,0,0,0,0.0,OPTIMAL,0.0
2026-01-23 15:45:00,ZONE_A,1,0.989739,0.0021930053,2667.43154,2667.43154,0.0,0.0,0.6783111006169246,0.6783111006169246,0.0,0,0,0,0.0,OPTIMAL,0.0
2026-01-23 16:00:00,ZONE_A,1,0.9910863,0.0016334848,2699.60111,2699.60111,0.0,0.0,0.689141766931546,0.689141766931546,0.0,0,0,0,0.0,OPTIMAL,0.0
2026-01-23 16:15:00,ZONE_A,1,0.98978275,0.002095451,2732.03701,2732.03701,0.0,0.0,0.6906012822964754,0.6906012822964754,0.0,0,0,0,0.0,OPTIMAL,0.0
2026-01-23 16:30:00,ZONE_A,1,0.9831029,0.0021937632,2739.502018,2739.502018,0.0,0.0,0.6942092163334428,0.6942092163334428,0.0,0,0,0,0.0,OPTIMAL,0.0
2026-01-23 16:45:00,ZONE_A,1,0.9848418,0.00259145,2760.353476,2760.353476,0.0,0.0,0.6911829277016879,0.6911829277016879,0.0,0,0,0,0.0,OPTIMAL,0.0
2026-01-23 17:00:00,ZONE_A,1,0.9894872,0.0015371836,2797.7065620000003,2797.7065620000003,0.0,0.0,0.6953713367475018,0.6953713367475018,0.0,0,0,0,0.0,OPTIMAL,0.0
2026-01-23 17:15:00,ZONE_A,1,0.97587943,0.0013204984,2810.09337,2810.09337,0.0,0.0,0.68148429596983,0.68148429596983,0.0,0,0,0,0.0,OPTIMAL,0.0
2026-01-23 17:30:00,ZONE_A,1,0.9609819,0.0016569407,2825.8899663,2825.8899663,0.0,0.0,0.6840066802649053,0.6840066802649053,0.0,0,0,0,0.0,OPTIMAL,0.0
2026-01-23 17:45:00,ZONE_A,1,0.951031,0.0020678353,2834.251,2834.251,0.0,0.0,0.6959505376682644,0.6959505376682644,0.0,0,0,0,0.0,OPTIMAL,0.0
2026-01-23 18:00:00,ZONE_A,1,0.9298843,0.0016569407,2830.6233273,2830.6233273,0.0,0.0,0.687762967181656,0.687762967181656,0.0,0,0,0,0.0,OPTIMAL,0.0
2026-01-23 18:15:00,ZONE_A,1,0.95240307,0.0016481478,2826.0818605,2826.0818605,0.0,0.0,0.68483334244571,0.68483334244571,0.0,0,0,0,0.0,OPTIMAL,0.0
2026-01-23 18:30:00,ZONE_A,1,0.9615203,0.0011715189,2803.9410917,2803.9410917,0.0,0.0,0.6880086322660041,0.6880086322660041,0.0,0,0,0,0.0,OPTIMAL,0.0
2026-01-23 18:45:00,ZONE_A,1,0.95039207,0.0014433449,2795.0735599,2795.0735599,0.0,0.0,0.6801561863992202,0.6801561863992202,0.0,0,0,0,0.0,OPTIMAL,0.0
2026-01-23 19:00:00,ZONE_A,1,0.9659214,0.0007582114,2792.322979,2792.322979,0.0,0.0,0.6813328879206969,0.6813328879206969,0.0,0,0,0,0.0,OPTIMAL,0.0
2026-01-23 19:15:00,ZONE_A,1,0.8994444,0.0017497353,2799.956955,2799.956955,0.0,0.0,0.6924323595632005,0.6924323595632005,0.0,0,0,0,0.0,OPTIMAL,0.0
2026-01-23 19:30:00,ZONE_A,1,0.9490028,0.0011968035,2779.650935,2779.650935,0.0,0.0,0.6882530366807912,0.6882530366807912,0.0,0,0,0,0.0,OPTIMAL,0.0
2026-01-23 19:45:00,ZONE_A,1,0.97439665,0.0011715189,2801.5872003000004,2801.5872003000004,0.0,0.0,0.6846449512104094,0.6846449512104094,0.0,0,0,0,0.0,OPTIMAL,0.0
2026-01-23 20:00:00,ZONE_A,0,0.78794384,0.0021550623,2643.4146216,2643.4146216,0.0,0.0,0.651501231922613,0.651501231922613,0.0,0,0,0,0.0,OPTIMAL,0.0
2026-01-23 20:15:00,ZONE_A,0,0.7835627,0.0021550623,2643.8306117,2643.8306117,0.0,0.0,0.6416595851048872,0.6416595851048872,0.0,0,0,0,0.0,OPTIMAL,0.0
2026-01-23 20:30:00,ZONE_A,0,0.9823537,0.0012824947,2611.0653166,2611.0653166,0.0,0.0,0.6252192523969591,0.6252192523969591,0.0,0,0,0,0.0,OPTIMAL,0.0
2026-01-23 20:45:00,ZONE_A,0,0.99007446,0.0012824947,2597.7242373,2597.7242373,0.0,0.0,0.6379132520838154,0.6379132520838154,0.0,0,0,0,0.0,OPTIMAL,0.0
2026-01-23 21:00:00,ZONE_A,0,0.9953107,0.0029239445,2551.1079562,2551.1079562,0.0,0.0,0.6122568457570746,0.6122568457570746,0.0,0,0,0,0.0,OPTIMAL,0.0
2026-01-23 21:15:00,ZONE_A,0,0.9955712,0.0018805034,2515.655157,2515.655157,0.0,0.0,0.5956178568582301,0.5956178568582301,0.0,0,0,0,0.0,OPTIMAL,0.0
2026-01-23 21:30:00,ZONE_A,0,0.9955994,0.0025903042,2461.4342353,2461.4342353,0.0,0.0,0.5942276059977132,0.5942276059977132,0.0,0,0,0,0.0,OPTIMAL,0.0
2026-01-23 21:45:00,ZONE_A,0,0.9955712,0.0017602971,2473.3373513,2473.3373513,0.0,0.0,0.5969091939219338,0.5969091939219338,0.0,0,0,0,0.0,OPTIMAL,0.0
2026-01-23 22:00:00,ZONE_A,0,0.99482536,0.0015051657,2443.6814,2443.6814,0.0,0.0,0.5889610878510192,0.5889610878510192,0.0,0,0,0,0.0,OPTIMAL,0.0
2026-01-23 22:15:00,ZONE_A,0,0.9965797,0.0016577692,2404.53768622,2404.53768622,0.0,0.0,0.5677328000207092,0.5677328000207092,0.0,0,0,0,0.0,OPTIMAL,0.0
2026-01-23 22:30:00,ZONE_A,0,0.9965797,0.0013470826,2372.53592463,2372.53592463,0.0,0.0,0.5631041907749533,0.5631041907749533,0.0,0,0,0,0.0,OPTIMAL,0.0
2026-01-23 22:45:00,ZONE_A,0,0.99728227,0.0019646876,2370.2822173,2370.2822173,0.0,0.0,0.5477662952130573,0.5477662952130573,0.0,0,0,0,0.0,OPTIMAL,0.0
2026-01-23 23:00:00,ZONE_A,0,0.9972441,0.0012020511,2320.5929610000003,2320.5929610000003,0.0,0.0,0.5404455651833487,0.5404455651833487,0.0,0,0,0,0.0,OPTIMAL,0.0
2026-01-23 23:15:00,ZONE_A,0,0.9972441,0.0010379842,2305.3378942,2305.3378942,0.0,0.0,0.535433663904283,0.535433663904283,0.0,0,0,0,0.0,OPTIMAL,0.0
2026-01-23 23:30:00,ZONE_A,0,0.9972994,0.0019743633,2315.9949017,2315.9949017,0.0,0.0,0.5654657458917367,0.5654657458917367,0.0,0,0,0,0.0,OPTIMAL,0.0
2026-01-23 23:45:00,ZONE_A,0,0.9978471,0.001162777,2311.5810463000003,2311.5810463000003,0.0,0.0,0.5389274157395054,0.5389274157395054,0.0,0,0,0,0.0,OPTIMAL,0.0
2026-01-24 00:00:00,ZONE_A,0,0.9978574,0.001610273,2302.219112,2302.219112,0.0,0.0,0.5354214909151328,0.5354214909151328,0.0,0,0,0,0.0,OPTIMAL,0.0
2026-01-24 00:15:00,ZONE_A,0,0.99834585,0.001610273,2288.7703124,2288.7703124,0.0,0.0,0.5441081932421374,0.5441081932421374,0.0,0,0,0,0.0,OPTIMAL,0.0
2026-01-24 00:30:00,ZONE_A,0,0.99780124,0.00083613297,2283.1288552,2283.1288552,0.0,0.0,0.5396268956060747,0.5396268956060747,0.0,0,0,0,0.0,OPTIMAL,0.0
2026-01-24 00:45:00,ZONE_A,0,0.99834585,0.001610273,2290.5497646,2290.5497646,0.0,0.0,0.5324360861945526,0.5324360861945526,0.0,0,0,0,0.0,OPTIMAL,0.0
2026-01-24 01:00:00,ZONE_A,0,0.9978471,0.001610273,2302.9849964,2302.9849964,0.0,0.0,0.5394692539833358,0.5394692539833358,0.0,0,0,0,0.0,OPTIMAL,0.0
2026-01-24 01:15:00,ZONE_A,0,0.99834585,0.0012032808,2292.1402097,2292.1402097,0.0,0.0,0.537648837932787,0.537648837932787,0.0,0,0,0,0.0,OPTIMAL,0.0
2026-01-24 01:30:00,ZONE_A,0,0.99834585,0.001610273,2289.772801,2289.772801,0.0,0.0,0.5434139536771242,0.5434139536771242,0.0,0,0,0,0.0,OPTIMAL,0.0
2026-01-24 01:45:00,ZONE_A,0,0.9982957,0.0019936175,2294.1777384,2294.1777384,0.0,0.0,0.5189117408877726,0.5189117408877726,0.0,0,0,0,0.0,OPTIMAL,0.0
2026-01-24 02:00:00,ZONE_A,0,0.99834585,0.001610273,2288.575052,2288.575052,0.0,0.0,0.5377668937571527,0.5377668937571527,0.0,0,0,0,0.0,OPTIMAL,0.0
2026-01-24 02:15:00,ZONE_A,0,0.99834585,0.001610273,2286.0184502,2286.0184502,0.0,0.0,0.5191051518867873,0.5191051518867873,0.0,0,0,0,0.0,OPTIMAL,0.0
2026-01-24 02:30:00,ZONE_A,0,0.9982653,0.0017331096,2285.3354258,2285.3354258,0.0,0.0,0.5313715047853391,0.5313715047853391,0.0,0,0,0,0.0,OPTIMAL,0.0
2026-01-24 02:45:00,ZONE_A,0,0.99768925,0.0019936175,2298.371583,2298.371583,0.0,0.0,0.537786376911902,0.537786376911902,0.0,0,0,0,0.0,OPTIMAL,0.0
2026-01-24 03:00:00,ZONE_A,0,0.99834585,0.001610273,2285.860583,2285.860583,0.0,0.0,0.5374470700611191,0.5374470700611191,0.0,0,0,0,0.0,OPTIMAL,0.0
2026-01-24 03:15:00,ZONE_A,0,0.99768925,0.0019936175,2296.1048579,2296.1048579,0.0,0.0,0.5426778479029053,0.5426778479029053,0.0,0,0,0,0.0,OPTIMAL,0.0
2026-01-24 03:30:00,ZONE_A,0,0.99831486,0.0019936175,2290.4483464,2290.4483464,0.0,0.0,0.5386856479365979,0.5386856479365979,0.0,0,0,0,0.0,OPTIMAL,0.0
2026-01-24 03:45:00,ZONE_A,0,0.9981572,0.0012972764,2275.9332495,2275.9332495,0.0,0.0,0.5377016714265703,0.5377016714265703,0.0,0,0,0,0.0,OPTIMAL,0.0
2026-01-24 04:00:00,ZONE_A,0,0.99815,0.001610273,2284.596784,2284.596784,0.0,0.0,0.5267667992230978,0.5267667992230978,0.0,0,0,0,0.0,OPTIMAL,0.0
2026-01-24 04:15:00,ZONE_A,0,0.99819547,0.0022025325,2280.0658118,2280.0658118,0.0,0.0,0.5304963820737145,0.5304963820737145,0.0,0,0,0,0.0,OPTIMAL,0.0
2026-01-24 04:30:00,ZONE_A,0,0.9984012,0.002335726,2293.6481488,2293.6481488,0.0,0.0,0.5374564674992919,0.5374564674992919,0.0,0,0,0,0.0,OPTIMAL,0.0
2026-01-24 04:45:00,ZONE_A,0,0.9981572,0.0012972764,2271.151916,2271.151916,0.0,0.0,0.5423812148833979,0.5423812148833979,0.0,0,0,0,0.0,OPTIMAL,0.0
2026-01-24 05:00:00,ZONE_A,0,0.98721176,0.0018042962,2576.2067,2576.2067,0.0,0.0,0.6130665373773568,0.6130665373773568,0.0,0,0,0,0.0,OPTIMAL,0.0
2026-01-24 05:15:00,ZONE_A,0,0.9918247,0.0029946151,2613.178981,2613.178981,0.0,0.0,0.6199182047850434,0.6199182047850434,0.0,0,0,0,0.0,OPTIMAL,0.0
2026-01-24 05:30:00,ZONE_A,0,0.9790679,0.001225617,2595.663282,2595.663282,0.0,0.0,0.6306936773401688,0.6306936773401688,0.0,0,0,0,0.0,OPTIMAL,0.0
2026-01-24 05:45:00,ZONE_A,0,0.995223,0.001658996,2602.31673693,2602.31673693,0.0,0.0,0.6496722091934428,0.6496722091934428,0.0,0,0,0,0.0,OPTIMAL,0.0
2026-01-24 06:00:00,ZONE_A,1,0.7666372,0.0011484174,2630.1663470000003,2630.1663470000003,0.0,0.0,0.6426887070339568,0.6426887070339568,0.0,0,0,0,0.0,OPTIMAL,0.0
2026-01-24 06:15:00,ZONE_A,1,0.6805793,0.001892298,2609.6501,2609.6501,0.0,0.0,0.6592991087785449,0.6592991087785449,0.0,0,0,0,0.0,OPTIMAL,0.0
2026-01-24 06:30:00,ZONE_A,0,0.6721682,0.0018506849,2646.40076,2646.40076,0.0,0.0,0.6668070565259357,0.6668070565259357,0.0,0,0,0,0.0,OPTIMAL,0.0
2026-01-24 06:45:00,ZONE_A,1,0.9857486,0.0018652288,2717.7353,2717.7353,0.0,0.0,0.6761765490616212,0.6761765490616212,0.0,0,0,0,0.0,OPTIMAL,0.0
2026-01-24 07:00:00,ZONE_A,1,0.9940978,0.0024273898,2736.21241,2736.21241,0.0,0.0,0.6744133248626862,0.6744133248626862,0.0,0,0,0,0.0,OPTIMAL,0.0
2026-01-24 07:15:00,ZONE_A,1,0.9591649,0.001621865,2671.52336,2671.52336,0.0,0.0,0.6964303756169287,0.6964303756169287,0.0,0,0,0,0.0,OPTIMAL,0.0
2026-01-24 07:30:00,ZONE_A,1,0.9765578,0.0014628544,2701.06464,2701.06464,0.0,0.0,0.7398351778567963,0.7398351778567963,0.0,0,0,0,0.0,OPTIMAL,0.0
2026-01-24 07:45:00,ZONE_A,2,0.43681362,0.0016651936,2737.54318,2737.54318,0.0,0.0,0.7172802961069346,0.7172802961069346,0.0,0,0,0,0.0,OPTIMAL,0.0
2026-01-24 08:00:00,ZONE_A,3,0.65543985,0.0015776904,2802.55047,2802.55047,0.0,0.0,0.7450823439099613,0.7450823439099613,0.0,0,0,0,0.0,OPTIMAL,0.0
2026-01-24 08:15:00,ZONE_A,2,0.8484973,0.010205696,2770.28551,2770.28551,0.0,0.0,0.7211458783837646,0.7211458783837646,0.0,0,0,0,0.0,OPTIMAL,0.0
2026-01-24 08:30:00,ZONE_A,3,0.6938593,0.00993541,2802.7121,2802.7121,0.0,0.0,0.7280899416839328,0.7280899416839328,0.0,0,0,0,0.0,OPTIMAL,0.0
2026-01-24 08:45:00,ZONE_A,2,0.93407065,0.08237861,2746.01599,2746.01599,0.0,0.0,0.7554064670457361,0.7554064670457361,0.0,0,0,0,0.0,OPTIMAL,0.0
2026-01-24 09:00:00,ZONE_A,1,0.9518858,0.0118015865,2454.1915,2454.1915,0.0,0.0,0.6441392212638954,0.6441392212638954,0.0,0,0,0,0.0,OPTIMAL,0.0
2026-01-24 09:15:00,ZONE_A,1,0.9515145,0.2194144,2463.1552300000003,2463.1552300000003,0.0,0.0,0.6645548539056965,0.6645548539056965,0.0,0,0,0,0.0,OPTIMAL,0.0
2026-01-24 09:30:00,ZONE_A,1,0.80843663,0.24796297,2462.9159,2462.9159,0.0,0.0,0.649091162473783,0.649091162473783,0.0,0,0,0,0.0,OPTIMAL,0.0
2026-01-24 09:45:00,ZONE_A,1,0.92958486,0.3379025,2423.76195,2423.76195,0.0,0.0,0.6831657945510468,0.6831657945510468,0.0,0,0,0,0.0,OPTIMAL,0.0
2026-01-24 10:00:00,ZONE_A,1,0.98779035,0.6926462,2432.29504,2630.620398740152,198.325358740152,0.0,0.6502451897823847,0.7069095781530885,198.325358740152,0,0,0,0.0,OPTIMAL,9916.2679370076
2026-01-24 10:15:00,ZONE_A,1,0.9813017,0.39126617,2426.54865,2426.54865,0.0,0.0,0.6418349970929543,0.6418349970929543,0.0,0,0,0,0.0,OPTIMAL,0.0
2026-01-24 10:30:00,ZONE_A,1,0.9857174,0.7487943,2421.48506,2652.200519611142,230.71545961114202,0.0,0.6465132030618516,0.7124319059957436,230.71545961114202,0,0,0,0.0,OPTIMAL,11535.772980557102
2026-01-24 10:45:00,ZONE_A,1,0.7061905,0.31648585,2399.5399,2399.5399,0.0,0.0,0.6626114381365628,0.6626114381365628,0.0,0,0,0,0.0,OPTIMAL,0.0
2026-01-24 11:00:00,ZONE_A,1,0.9612963,0.57821053,2409.70958,2599.371896772691,189.66231677269062,0.0,0.6768280523908871,0.7310172859094479,189.66231677269062,0,0,0,0.0,OPTIMAL,9483.11583863453
2026-01-24 11:15:00,ZONE_A,1,0.9738618,0.7087571,2415.47384,2654.3591164419363,238.885276441936,0.0,0.6468821642178352,0.7151351005346654,238.885276441936,0,0,0,0.0,OPTIMAL,11944.2638220968
2026-01-24 11:30:00,ZONE_A,1,0.9738618,0.6783546,2427.31517,2663.430143808098,236.11497380809803,0.0,0.6427813235384184,0.7102427448172921,236.11497380809803,0,0,0,0.0,OPTIMAL,11805.748690404902
2026-01-24 11:45:00,ZONE_A,1,0.9695593,0.71632516,2420.5616,2661.449000720152,240.887400720152,0.0,0.6451175642532752,0.7139425360915975,240.887400720152,0,0,0,0.0,OPTIMAL,12044.3700360076
2026-01-24 12:00:00,ZONE_A,1,0.9676578,0.51953024,2385.80494,2554.5340540891902,168.72911408919043,0.0,0.6667445944721648,0.7149529129325344,168.72911408919043,0,0,0,0.0,OPTIMAL,8436.455704459522
2026-01-24 12:15:00,ZONE_A,1,0.98809296,0.6204902,2326.38473,2574.197266392674,247.812536392674,0.0,0.6617429395938066,0.7325465216207946,247.812536392674,0,0,0,0.0,OPTIMAL,12390.626819633699
2026-01-24 12:30:00,ZONE_A,1,0.98795414,0.8234233,2341.02955,2658.721204272895,317.691654272895,17.691654272894993,0.6870757992847413,0.7778448436168106,300.0,0,0,0,17.691654272894993,OPTIMAL,191916.54272894992
2026-01-24 12:45:00,ZONE_A,1,0.97350085,0.6435094,2366.8694,2602.8587115905602,235.98931159056,0.0,0.6544539970421737,0.7218795148294705,235.98931159056,0,0,0,0.0,OPTIMAL,11799.465579528
2026-01-24 13:00:00,ZONE_A,1,0.93997127,0.68219787,2302.66896,2597.947010832773,295.2780508327728,0.0,0.6614499301416334,0.7458150877755804,295.2780508327728,0,0,0,0.0,OPTIMAL,14763.90254163864
2026-01-24 13:15:00,ZONE_A,1,0.96569407,0.70348126,2304.86763,2612.2858945461444,307.4182645461442,7.418264546144201,0.6688144982725361,0.7566482884025288,300.0,0,0,0,7.418264546144201,OPTIMAL,89182.645461442
2026-01-24 13:30:00,ZONE_A,1,0.97992814,0.73901063,2248.19662,2588.0853302119076,339.8887102119074,39.88871021190738,0.6626605791126187,0.7597716394834978,300.0,0,0,0,39.88871021190738,OPTIMAL,413887.1021190738
2026-01-24 13:45:00,ZONE_A,1,0.98715615,0.7167879,2249.0443,2584.78180302043,335.73750302043004,35.73750302043004,0.661245617178112,0.7571706183186963,300.0,0,0,0,35.73750302043004,OPTIMAL,372375.0302043004
2026-01-24 14:00:00,ZONE_A,0,0.70830446,0.8639033,2236.26492,2624.669865469164,388.40494546916403,88.40494546916403,0.6561113220490318,0.7670841639394386,300.0,0,0,0,88.40494546916403,OPTIMAL,899049.4546916403
2026-01-24 14:15:00,ZONE_A,1,0.5837778,0.90306747,2266.2647,2646.52112572784,380.25642572784,80.25642572784,0.6527025694625146,0.7613472628556597,300.0,0,0,0,80.25642572784,OPTIMAL,817564.2572784
2026-01-24 14:30:00,ZONE_A,1,0.97735757,0.89761174,2275.6953,2669.3509173214857,393.655617321486,93.65561732148598,0.6434070233944185,0.755880057248255,300.0,0,0,0,93.65561732148598,OPTIMAL,951556.1732148598
2026-01-24 14:45:00,ZONE_A,1,0.63847315,0.8963773,2304.22776,2656.6985886291923,352.470828629192,52.470828629192,0.646380431068459,0.7470863824026541,300.0,0,0,0,52.470828629192,OPTIMAL,539708.28629192
2026-01-24 15:00:00,ZONE_A,1,0.9613323,0.84162503,2446.65963,2756.320721939221,309.6610919392211,9.66109193922108,0.6958195030493475,0.7842941010035447,300.0,0,0,0,9.66109193922108,OPTIMAL,111610.91939221081
2026-01-24 15:15:00,ZONE_A,1,0.97248524,0.6280043,2477.29503,2685.822582966271,208.527552966271,0.0,0.6820977314075862,0.7416770324266434,208.527552966271,0,0,0,0.0,OPTIMAL,10426.37764831355
2026-01-24 15:30:00,ZONE_A,1,0.981089,0.6329958,2511.6169,2697.9369982447,186.3200982447,0.0,0.6830438282494327,0.7362781421829186,186.3200982447,0,0,0,0.0,OPTIMAL,9316.004912235001
2026-01-24 15:45:00,ZONE_A,1,0.9726179,0.283082,2546.15675,2546.15675,0.0,0.0,0.689575601342629,0.689575601342629,0.0,0,0,0,0.0,OPTIMAL,0.0
2026-01-24 16:00:00,ZONE_A,1,0.9765654,0.0018240398,2649.20973,2649.20973,0.0,0.0,0.6813682632044331,0.6813682632044331,0.0,0,0,0,0.0,OPTIMAL,0.0
2026-01-24 16:15:00,ZONE_A,1,0.9712223,0.0017308795,2705.33207,2705.33207,0.0,0.0,0.685047582350198,0.685047582350198,0.0,0,0,0,0.0,OPTIMAL,0.0
2026-01-24 16:30:00,ZONE_A,1,0.9830111,0.0017308795,2722.269285,2722.269285,0.0,0.0,0.6924246252021783,0.6924246252021783,0.0,0,0,0,0.0,OPTIMAL,0.0
2026-01-24 16:45:00,ZONE_A,1,0.9756114,0.0012129667,2781.17059,2781.17059,0.0,0.0,0.6888546390515623,0.6888546390515623,0.0,0,0,0,0.0,OPTIMAL,0.0
2026-01-24 17:00:00,ZONE_A,1,0.9679382,0.001624838,2841.7265949,2841.7265949,0.0,0.0,0.6863377485007462,0.6863377485007462,0.0,0,0,0,0.0,OPTIMAL,0.0
2026-01-24 17:15:00,ZONE_A,1,0.961307,0.0019611032,2823.4922953,2823.4922953,0.0,0.0,0.6838917590765077,0.6838917590765077,0.0,0,0,0,0.0,OPTIMAL,0.0
2026-01-24 17:30:00,ZONE_A,1,0.97409445,0.0016481478,2837.3465548,2837.3465548,0.0,0.0,0.6796573532572598,0.6796573532572598,0.0,0,0,0,0.0,OPTIMAL,0.0
2026-01-24 17:45:00,ZONE_A,1,0.85116464,0.0021053916,2853.4214,2853.4214,0.0,0.0,0.6898143434887131,0.6898143434887131,0.0,0,0,0,0.0,OPTIMAL,0.0
2026-01-24 18:00:00,ZONE_A,2,0.5015405,0.001159318,2878.8846096,2878.8846096,0.0,0.0,0.6851186332946635,0.6851186332946635,0.0,0,0,0,0.0,OPTIMAL,0.0
2026-01-24 18:15:00,ZONE_A,1,0.75603247,0.0021053916,2864.3105,2864.3105,0.0,0.0,0.6864865794427423,0.6864865794427423,0.0,0,0,0,0.0,OPTIMAL,0.0
2026-01-24 18:30:00,ZONE_A,2,0.41555914,0.0017109596,2877.9718612700003,2877.9718612700003,0.0,0.0,0.6914991122822682,0.6914991122822682,0.0,0,0,0,0.0,OPTIMAL,0.0
2026-01-24 18:45:00,ZONE_A,1,0.90794045,0.0014492453,2848.5326014,2848.5326014,0.0,0.0,0.6882932340133757,0.6882932340133757,0.0,0,0,0,0.0,OPTIMAL,0.0
2026-01-24 19:00:00,ZONE_A,1,0.88328797,0.0014492453,2838.630943,2838.630943,0.0,0.0,0.6826728377804071,0.6826728377804071,0.0,0,0,0,0.0,OPTIMAL,0.0
2026-01-24 19:15:00,ZONE_A,1,0.9217797,0.0014492453,2811.6383044,2811.6383044,0.0,0.0,0.6839728393729986,0.6839728393729986,0.0,0,0,0,0.0,OPTIMAL,0.0
2026-01-24 19:30:00,ZONE_A,1,0.9483011,0.0013203154,2814.1656001,2814.1656001,0.0,0.0,0.6816306269581042,0.6816306269581042,0.0,0,0,0,0.0,OPTIMAL,0.0
2026-01-24 19:45:00,ZONE_A,1,0.946028,0.0014492453,2815.0675749,2815.0675749,0.0,0.0,0.6823437562089605,0.6823437562089605,0.0,0,0,0,0.0,OPTIMAL,0.0
2026-01-24 20:00:00,ZONE_A,1,0.5309587,0.0014679157,2694.7476638000003,2694.7476638000003,0.0,0.0,0.646474281959758,0.646474281959758,0.0,0,0,0,0.0,OPTIMAL,0.0
2026-01-24 20:15:00,ZONE_A,1,0.6495503,0.0018131437,2677.890901,2677.890901,0.0,0.0,0.6495188000946124,0.6495188000946124,0.0,0,0,0,0.0,OPTIMAL,0.0
2026-01-24 20:30:00,ZONE_A,0,0.97448325,0.001841411,2640.9609486,2640.9609486,0.0,0.0,0.6335053105820686,0.6335053105820686,0.0,0,0,0,0.0,OPTIMAL,0.0
2026-01-24 20:45:00,ZONE_A,0,0.9699153,0.0013131883,2638.2107594,2638.2107594,0.0,0.0,0.6180160400084415,0.6180160400084415,0.0,0,0,0,0.0,OPTIMAL,0.0
2026-01-24 21:00:00,ZONE_A,0,0.9954028,0.0031914422,2573.9033509,2573.9033509,0.0,0.0,0.6222335808080206,0.6222335808080206,0.0,0,0,0,0.0,OPTIMAL,0.0
2026-01-24 21:15:00,ZONE_A,0,0.99542135,0.0018805034,2539.1428375,2539.1428375,0.0,0.0,0.599133423478664,0.599133423478664,0.0,0,0,0,0.0,OPTIMAL,0.0
2026-01-24 21:30:00,ZONE_A,0,0.9955712,0.0022756194,2490.9413543,2490.9413543,0.0,0.0,0.5917736129241538,0.5917736129241538,0.0,0,0,0,0.0,OPTIMAL,0.0
2026-01-24 21:45:00,ZONE_A,0,0.9948232,0.0014451562,2520.960252,2520.960252,0.0,0.0,0.6004866004386903,0.6004866004386903,0.0,0,0,0,0.0,OPTIMAL,0.0
2026-01-24 22:00:00,ZONE_A,0,0.99404365,0.0017869269,2443.5934824,2443.5934824,0.0,0.0,0.5622999500649795,0.5622999500649795,0.0,0,0,0,0.0,OPTIMAL,0.0
2026-01-24 22:15:00,ZONE_A,0,0.9972441,0.0013927341,2434.2606885,2434.2606885,0.0,0.0,0.5854532307977269,0.5854532307977269,0.0,0,0,0,0.0,OPTIMAL,0.0
2026-01-24 22:30:00,ZONE_A,0,0.9972441,0.0013543192,2406.5823453000003,2406.5823453000003,0.0,0.0,0.5651512426228505,0.5651512426228505,0.0,0,0,0,0.0,OPTIMAL,0.0
2026-01-24 22:45:00,ZONE_A,0,0.99734974,0.0022992888,2386.6786227,2386.6786227,0.0,0.0,0.5501345807112171,0.5501345807112171,0.0,0,0,0,0.0,OPTIMAL,0.0
2026-01-24 23:00:00,ZONE_A,0,0.99715,0.0011565628,2348.2513875,2348.2513875,0.0,0.0,0.5400405604224214,0.5400405604224214,0.0,0,0,0,0.0,OPTIMAL,0.0
2026-01-24 23:15:00,ZONE_A,0,0.9971329,0.0017439149,2321.3790106,2321.3790106,0.0,0.0,0.5449628171860703,0.5449628171860703,0.0,0,0,0,0.0,OPTIMAL,0.0
2026-01-24 23:30:00,ZONE_A,0,0.9965797,0.0011565628,2330.24000943,2330.24000943,0.0,0.0,0.5405990441087225,0.5405990441087225,0.0,0,0,0,0.0,OPTIMAL,0.0
2026-01-24 23:45:00,ZONE_A,0,0.9978853,0.0019743633,2329.3794014,2329.3794014,0.0,0.0,0.5436293393820042,0.5436293393820042,0.0,0,0,0,0.0,OPTIMAL,0.0
2026-01-25 00:00:00,ZONE_A,0,0.9978471,0.0018037457,2322.501092,2322.501092,0.0,0.0,0.5394863308460903,0.5394863308460903,0.0,0,0,0,0.0,OPTIMAL,0.0
2026-01-25 00:15:00,ZONE_A,0,0.9978896,0.0012032808,2298.671841,2298.671841,0.0,0.0,0.530208843617532,0.530208843617532,0.0,0,0,0,0.0,OPTIMAL,0.0
2026-01-25 00:30:00,ZONE_A,0,0.9978662,0.0018680068,2307.3313183,2307.3313183,0.0,0.0,0.5372372128777354,0.5372372128777354,0.0,0,0,0,0.0,OPTIMAL,0.0
2026-01-25 00:45:00,ZONE_A,0,0.9978662,0.0014828595,2302.1813207,2302.1813207,0.0,0.0,0.5245607297676323,0.5245607297676323,0.0,0,0,0,0.0,OPTIMAL,0.0
2026-01-25 01:00:00,ZONE_A,0,0.9978471,0.0018037457,2318.64704,2318.64704,0.0,0.0,0.5287827835597408,0.5287827835597408,0.0,0,0,0,0.0,OPTIMAL,0.0
2026-01-25 01:15:00,ZONE_A,0,0.99718237,0.002732844,2311.909,2311.909,0.0,0.0,0.5365367116991768,0.5365367116991768,0.0,0,0,0,0.0,OPTIMAL,0.0
2026-01-25 01:30:00,ZONE_A,0,0.99760807,0.0016676527,2301.1314846,2301.1314846,0.0,0.0,0.5284899528956996,0.5284899528956996,0.0,0,0,0,0.0,OPTIMAL,0.0
2026-01-25 01:45:00,ZONE_A,0,0.9976659,0.0023125657,2308.7038672,2308.7038672,0.0,0.0,0.5378834123076662,0.5378834123076662,0.0,0,0,0,0.0,OPTIMAL,0.0
2026-01-25 02:00:00,ZONE_A,0,0.9977742,0.0019936175,2300.0138122,2300.0138122,0.0,0.0,0.5322948364663892,0.5322948364663892,0.0,0,0,0,0.0,OPTIMAL,0.0
2026-01-25 02:15:00,ZONE_A,0,0.99834585,0.001610273,2293.467625,2293.467625,0.0,0.0,0.5323906211795502,0.5323906211795502,0.0,0,0,0,0.0,OPTIMAL,0.0
2026-01-25 02:30:00,ZONE_A,0,0.99766445,0.0023125657,2306.292621,2306.292621,0.0,0.0,0.533199339230847,0.533199339230847,0.0,0,0,0,0.0,OPTIMAL,0.0
2026-01-25 02:45:00,ZONE_A,0,0.998365,0.001610273,2292.1842963,2292.1842963,0.0,0.0,0.5375427699839554,0.5375427699839554,0.0,0,0,0,0.0,OPTIMAL,0.0
2026-01-25 03:00:00,ZONE_A,0,0.997797,0.0022330456,2310.9486933,2310.9486933,0.0,0.0,0.5473573589312621,0.5473573589312621,0.0,0,0,0,0.0,OPTIMAL,0.0
2026-01-25 03:15:00,ZONE_A,0,0.9982957,0.0019936175,2293.2727865,2293.2727865,0.0,0.0,0.5449946019239822,0.5449946019239822,0.0,0,0,0,0.0,OPTIMAL,0.0
2026-01-25 03:30:00,ZONE_A,0,0.998365,0.002064629,2293.405696,2293.405696,0.0,0.0,0.5373972423754071,0.5373972423754071,0.0,0,0,0,0.0,OPTIMAL,0.0
2026-01-25 03:45:00,ZONE_A,0,0.998365,0.0016676527,2293.6059457,2293.6059457,0.0,0.0,0.5316060144013306,0.5316060144013306,0.0,0,0,0,0.0,OPTIMAL,0.0
2026-01-25 04:00:00,ZONE_A,0,0.99834585,0.0010379842,2295.04435,2295.04435,0.0,0.0,0.5346413043480774,0.5346413043480774,0.0,0,0,0,0.0,OPTIMAL,0.0
2026-01-25 04:15:00,ZONE_A,0,0.9978896,0.0012032808,2299.11245,2299.11245,0.0,0.0,0.5355221475376141,0.5355221475376141,0.0,0,0,0,0.0,OPTIMAL,0.0
2026-01-25 04:30:00,ZONE_A,0,0.9978662,0.0016676527,2306.0649612,2306.0649612,0.0,0.0,0.5442824845753107,0.5442824845753107,0.0,0,0,0,0.0,OPTIMAL,0.0
2026-01-25 04:45:00,ZONE_A,0,0.9978656,0.001993999,2271.0528836,2271.0528836,0.0,0.0,0.541028279091915,0.541028279091915,0.0,0,0,0,0.0,OPTIMAL,0.0
2026-01-25 05:00:00,ZONE_A,0,0.99785185,0.0017273353,2576.238568,2576.238568,0.0,0.0,0.6149606277956887,0.6149606277956887,0.0,0,0,0,0.0,OPTIMAL,0.0
2026-01-25 05:15:00,ZONE_A,0,0.99533373,0.0016679054,2600.7751889,2600.7751889,0.0,0.0,0.6117821893938756,0.6117821893938756,0.0,0,0,0,0.0,OPTIMAL,0.0
2026-01-25 05:30:00,ZONE_A,0,0.9951407,0.0015359386,2601.8901535,2601.8901535,0.0,0.0,0.6324578323842023,0.6324578323842023,0.0,0,0,0,0.0,OPTIMAL,0.0
2026-01-25 05:45:00,ZONE_A,0,0.9790082,0.001225617,2610.80055,2610.80055,0.0,0.0,0.6387636602504617,0.6387636602504617,0.0,0,0,0,0.0,OPTIMAL,0.0
2026-01-25 06:00:00,ZONE_A,0,0.5673302,0.0013321704,2631.816424,2631.816424,0.0,0.0,0.6466182249470372,0.6466182249470372,0.0,0,0,0,0.0,OPTIMAL,0.0
2026-01-25 06:15:00,ZONE_A,0,0.62650096,0.0029193482,2601.88657,2601.88657,0.0,0.0,0.6477642406633527,0.6477642406633527,0.0,0,0,0,0.0,OPTIMAL,0.0
2026-01-25 06:30:00,ZONE_A,1,0.9931392,0.0019850319,2661.83819,2661.83819,0.0,0.0,0.6614523231123984,0.6614523231123984,0.0,0,0,0,0.0,OPTIMAL,0.0
2026-01-25 06:45:00,ZONE_A,1,0.9908415,0.002567371,2677.45743,2677.45743,0.0,0.0,0.6685330081727616,0.6685330081727616,0.0,0,0,0,0.0,OPTIMAL,0.0
2026-01-25 07:00:00,ZONE_A,1,0.9831177,0.0013113137,2634.26793,2634.26793,0.0,0.0,0.6896629040844733,0.6896629040844733,0.0,0,0,0,0.0,OPTIMAL,0.0
2026-01-25 07:15:00,ZONE_A,2,0.9367348,0.2544804,2596.91956,2596.91956,0.0,0.0,0.694638146937157,0.694638146937157,0.0,0,0,0,0.0,OPTIMAL,0.0
2026-01-25 07:30:00,ZONE_A,2,0.96581596,0.20492339,2628.83728,2628.83728,0.0,0.0,0.692761364385137,0.692761364385137,0.0,0,0,0,0.0,OPTIMAL,0.0
2026-01-25 07:45:00,ZONE_A,2,0.9818987,0.9253467,2591.2626,2901.4415898801,310.17898988009995,10.178989880099948,0.7163244360401486,0.8049470048446846,300.0,0,0,0,10.178989880099948,OPTIMAL,116789.89880099948
2026-01-25 08:00:00,ZONE_A,2,0.95677346,0.6300894,2619.7568,2834.90126669258,215.14446669258,0.0,0.7142090064253154,0.7756788542498413,215.14446669258,0,0,0,0.0,OPTIMAL,10757.223334629001
2026-01-25 08:15:00,ZONE_A,2,0.54537594,0.7126247,2621.7978700000003,2905.8532323474215,284.055362347421,0.0,0.7351103873581649,0.8162690625803496,284.055362347421,0,0,0,0.0,OPTIMAL,14202.76811737105
2026-01-25 08:30:00,ZONE_A,2,0.59255797,0.781213,2608.031,2928.0319377878,320.0009377878,20.000937787800012,0.7460806844087541,0.8375095240742795,300.0,0,0,0,20.000937787800012,OPTIMAL,215009.37787800012
2026-01-25 08:45:00,ZONE_A,3,0.64003354,0.8635038,2549.33763,2983.191185993706,433.85355599370604,133.85355599370604,0.755556540204826,0.879514699497142,300.0,0,0,0,133.85355599370604,OPTIMAL,104654983.43578091
2026-01-25 09:00:00,ZONE_A,1,0.7780145,0.84609604,2183.03055,2657.270637889754,474.2400878897541,174.24008788975408,0.6656984338314796,0.8011956022740936,300.0,0,0,0,174.24008788975408,OPTIMAL,1757400.8788975407
2026-01-25 09:15:00,ZONE_A,1,0.92274,0.88054776,2051.18274,2627.7920586232176,576.6093186232175,276.6093186232175,0.6947035553007411,0.859449075529315,300.0,0,0,0,276.6093186232175,OPTIMAL,35852857.41398366
2026-01-25 09:30:00,ZONE_A,1,0.9255306,0.881005,2041.5393,2643.694588234,602.1552882340001,302.15528823400007,0.6759842403271409,0.8480286090715533,300.0,0,0,0,302.15528823400007,OPTIMAL,3036552.8823400005
2026-01-25 09:45:00,ZONE_A,2,0.5642419,0.897088,1963.64716,2660.24634439552,696.59918439552,396.59918439551996,0.6701424981740619,0.869170837386992,300.0,0,0,0,396.59918439551996,OPTIMAL,71078922.42393453
2026-01-25 10:00:00,ZONE_A,1,0.90411603,0.94615006,1964.14303,2681.4857818357104,717.3427518357101,417.34275183571015,0.6939730780652678,0.8989281506314123,300.0,0,0,0,417.34275183571015,OPTIMAL,175436954.21604252
2026-01-25 10:15:00,ZONE_A,1,0.96232045,0.90320486,1988.1609,2643.952026866518,655.791126866518,355.79112686651797,0.6836304309634771,0.8709993249676385,300.0,0,0,0,355.79112686651797,OPTIMAL,77070548.41465811
2026-01-25 10:30:00,ZONE_A,2,0.5527623,0.9170275,1992.4255,2672.3597582015004,679.9342582015,379.93425820150003,0.7090707367607726,0.903337668275047,300.0,0,0,0,379.93425820150003,OPTIMAL,190496180.96852875
2026-01-25 10:45:00,ZONE_A,2,0.68208706,0.956525,2047.9107,2715.9034728925,667.9927728924999,367.99277289249994,0.6993651195366025,0.8902201980844868,300.0,0,0,0,367.99277289249994,OPTIMAL,144465620.59786674
2026-01-25 11:00:00,ZONE_A,1,0.55639976,0.8805167,2006.6382,2648.2923800008202,641.65418000082,341.65418000082,0.7164802111318344,0.8998099774454186,300.0,0,0,0,341.65418000082,OPTIMAL,177766462.2893017
2026-01-25 11:15:00,ZONE_A,1,0.8100455,0.9113512,2030.42415,2673.3595011173197,642.93535111732,342.93535111732,0.7029015461069112,0.8865973612924966,300.0,0,0,0,342.93535111732,OPTIMAL,131535117.63003431
2026-01-25 11:30:00,ZONE_A,1,0.65565085,0.9133443,2051.65036,2663.087094149032,611.4367341490321,311.4367341490321,0.7208745022272621,0.895570712584605,300.0,0,0,0,311.4367341490321,OPTIMAL,162626860.83937317
2026-01-25 11:45:00,ZONE_A,1,0.50353414,0.88042516,2051.53,2656.1521178682083,604.622117868208,304.62211786820797,0.7041757082958748,0.8769248854042632,300.0,0,0,0,304.62211786820797,OPTIMAL,97298319.7801427
2026-01-25 12:00:00,ZONE_A,1,0.63963175,0.8665714,2022.4377,2627.25626917302,604.81856917302,304.81856917302,0.697175575697619,0.8699808817851247,300.0,0,0,0,304.81856917302,OPTIMAL,72996271.69300623
2026-01-25 12:15:00,ZONE_A,1,0.681043,0.85170114,1973.196,2618.9738604121676,645.7778604121679,345.7778604121679,0.6892212335892751,0.8737291943280705,300.0,0,0,0,345.7778604121679,OPTIMAL,86524958.47282422
2026-01-25 12:30:00,ZONE_A,1,0.71050656,0.86833507,2019.4604,2618.510089930317,599.049689930317,299.04968993031696,0.6906869452506106,0.8618440001296057,300.0,0,0,0,299.04968993031696,OPTIMAL,44459497.2044096
2026-01-25 12:45:00,ZONE_A,1,0.6869783,0.8431037,2053.7708,2620.0747870115197,566.30398701152,266.30398701152,0.6923476838983845,0.8541488235914833,300.0,0,0,0,266.30398701152,OPTIMAL,17198922.391220562
2026-01-25 13:00:00,ZONE_A,1,0.78962445,0.84082025,1997.4774300000004,2608.433878502293,610.9564485022925,310.95644850229246,0.6855175713503555,0.8600765572131611,300.0,0,0,0,310.95644850229246,OPTIMAL,38392514.61462358
2026-01-25 13:15:00,ZONE_A,1,0.813209,0.84082025,1997.20865,2604.1901880360374,606.9815380360376,306.9815380360376,0.682624389840246,0.8560476869799992,300.0,0,0,0,306.9815380360376,OPTIMAL,24251719.74224825
2026-01-25 13:30:00,ZONE_A,1,0.85508734,0.84954375,1977.7587,2588.436828493125,610.678128493125,310.678128493125,0.6869171433838694,0.8613966092317064,300.0,0,0,0,310.678128493125,OPTIMAL,43009913.46694676
2026-01-25 13:45:00,ZONE_A,1,0.845135,0.9113512,2048.71153,2669.366732017464,620.655202017464,320.65520201746403,0.6837964823221441,0.8611265406178172,300.0,0,0,0,320.65520201746403,OPTIMAL,42164444.05595419
2026-01-25 14:00:00,ZONE_A,1,0.8211577,0.92410547,2011.47685,2664.7340761498454,653.2572261498455,353.25722614984545,0.6674849476215137,0.854129869972111,300.0,0,0,0,353.25722614984545,OPTIMAL,18002117.117924422
2026-01-25 14:15:00,ZONE_A,1,0.83607656,0.91131556,2078.5723500000004,2652.9962823441065,574.423932344106,274.423932344106,0.6824546982242199,0.8465758222682269,300.0,0,0,0,274.423932344106,OPTIMAL,2759239.32344106
2026-01-25 14:30:00,ZONE_A,1,0.7989716,0.94846386,2049.2225,2639.9237053875077,590.701205387508,290.701205387508,0.664863555522359,0.8336353290292827,300.0,0,0,0,290.701205387508,OPTIMAL,2922012.0538750803
2026-01-25 14:45:00,ZONE_A,1,0.9692422,0.9365896,2126.80866,2655.776614682224,528.967954682224,228.967954682224,0.6610960601079047,0.8122297619236463,300.0,0,0,0,228.967954682224,OPTIMAL,2304679.54682224
2026-01-25 15:00:00,ZONE_A,1,0.8936687,0.9681055,2272.8825,2799.84120170725,526.9587017072499,226.95870170724993,0.6885826929387112,0.839142322450716,300.0,0,0,0,226.95870170724993,OPTIMAL,2284587.0170724993
2026-01-25 15:15:00,ZONE_A,1,0.8964192,0.9020755,2239.07606,2740.52570394767,501.44964394767,201.44964394766998,0.6865676503847459,0.8298389776781213,300.0,0,0,0,201.44964394766998,OPTIMAL,2029496.4394766998
2026-01-25 15:30:00,ZONE_A,1,0.9444347,0.91813475,2400.9968,2782.320655976375,381.323855976375,81.323855976375,0.6856140805916916,0.7945637540528891,300.0,0,0,0,81.323855976375,OPTIMAL,828238.5597637501
2026-01-25 15:45:00,ZONE_A,1,0.9580574,0.8633221,2443.25975,2762.649430013925,319.389680013925,19.389680013924988,0.6794792898748445,0.7707334844338001,300.0,0,0,0,19.389680013924988,OPTIMAL,208896.80013924988
2026-01-25 16:00:00,ZONE_A,1,0.9557098,0.54664284,2508.20933,2672.851686623203,164.6423566232028,0.0,0.68167213557355,0.7287128090455186,164.6423566232028,0,0,0,0.0,OPTIMAL,8232.11783116014
2026-01-25 16:15:00,ZONE_A,1,0.97738624,0.30362278,2632.1564500000004,2632.1564500000004,0.0,0.0,0.6943065289449943,0.6943065289449943,0.0,0,0,0,0.0,OPTIMAL,0.0
2026-01-25 16:30:00,ZONE_A,1,0.97718745,0.17756458,2660.01058,2660.01058,0.0,0.0,0.6905022026684149,0.6905022026684149,0.0,0,0,0,0.0,OPTIMAL,0.0
2026-01-25 16:45:00,ZONE_A,1,0.98295456,0.001406511,2739.09957,2739.09957,0.0,0.0,0.6839560936523308,0.6839560936523308,0.0,0,0,0,0.0,OPTIMAL,0.0
2026-01-25 17:00:00,ZONE_A,1,0.98609316,0.0017308795,2795.811188,2795.811188,0.0,0.0,0.6727187939485768,0.6727187939485768,0.0,0,0,0,0.0,OPTIMAL,0.0
2026-01-25 17:15:00,ZONE_A,1,0.979391,0.00242046,2803.3937533400003,2803.3937533400003,0.0,0.0,0.6760674559246367,0.6760674559246367,0.0,0,0,0,0.0,OPTIMAL,0.0
2026-01-25 17:30:00,ZONE_A,1,0.956991,0.0020678353,2833.58,2833.58,0.0,0.0,0.6752733780437222,0.6752733780437222,0.0,0,0,0,0.0,OPTIMAL,0.0
2026-01-25 17:45:00,ZONE_A,1,0.9711745,0.0020678353,2830.0579,2830.0579,0.0,0.0,0.679844305157207,0.679844305157207,0.0,0,0,0,0.0,OPTIMAL,0.0
2026-01-25 18:00:00,ZONE_A,1,0.6254399,0.0015022698,2860.3942166,2860.3942166,0.0,0.0,0.6843794550388949,0.6843794550388949,0.0,0,0,0,0.0,OPTIMAL,0.0
2026-01-25 18:15:00,ZONE_A,1,0.9665813,0.0013032033,2810.5686594,2810.5686594,0.0,0.0,0.6858596361747182,0.6858596361747182,0.0,0,0,0,0.0,OPTIMAL,0.0
2026-01-25 18:30:00,ZONE_A,1,0.923686,0.0019538966,2827.78754024,2827.78754024,0.0,0.0,0.6934203693324641,0.6934203693324641,0.0,0,0,0,0.0,OPTIMAL,0.0
2026-01-25 18:45:00,ZONE_A,1,0.9201613,0.0021023054,2823.170376,2823.170376,0.0,0.0,0.6883607862629936,0.6883607862629936,0.0,0,0,0,0.0,OPTIMAL,0.0
2026-01-25 19:00:00,ZONE_A,1,0.92442566,0.0011715189,2820.9979665,2820.9979665,0.0,0.0,0.6820810870304324,0.6820810870304324,0.0,0,0,0,0.0,OPTIMAL,0.0
2026-01-25 19:15:00,ZONE_A,1,0.9272428,0.0012129667,2812.098513,2812.098513,0.0,0.0,0.6819875181079181,0.6819875181079181,0.0,0,0,0,0.0,OPTIMAL,0.0
2026-01-25 19:30:00,ZONE_A,1,0.92978656,0.0014492453,2827.5810434,2827.5810434,0.0,0.0,0.6861416119132132,0.6861416119132132,0.0,0,0,0,0.0,OPTIMAL,0.0
2026-01-25 19:45:00,ZONE_A,1,0.92965543,0.0011715189,2829.55178,2829.55178,0.0,0.0,0.6889435259627611,0.6889435259627611,0.0,0,0,0,0.0,OPTIMAL,0.0
2026-01-25 20:00:00,ZONE_A,1,0.7197592,0.0014679157,2687.7613005000003,2687.7613005000003,0.0,0.0,0.6485405715858908,0.6485405715858908,0.0,0,0,0,0.0,OPTIMAL,0.0
2026-01-25 20:15:00,ZONE_A,1,0.5694541,0.0017093038,2654.64996,2654.64996,0.0,0.0,0.6416166241954291,0.6416166241954291,0.0,0,0,0,0.0,OPTIMAL,0.0
2026-01-25 20:30:00,ZONE_A,0,0.70608354,0.0017093038,2633.70546,2633.70546,0.0,0.0,0.6518204653319755,0.6518204653319755,0.0,0,0,0,0.0,OPTIMAL,0.0
2026-01-25 20:45:00,ZONE_A,0,0.96662647,0.001269292,2623.4243707,2623.4243707,0.0,0.0,0.622148847242347,0.622148847242347,0.0,0,0,0,0.0,OPTIMAL,0.0
2026-01-25 21:00:00,ZONE_A,0,0.99294794,0.0028364463,2587.0892154,2587.0892154,0.0,0.0,0.6308779964131945,0.6308779964131945,0.0,0,0,0,0.0,OPTIMAL,0.0
2026-01-25 21:15:00,ZONE_A,0,0.99353164,0.0028364463,2554.2264726000003,2554.2264726000003,0.0,0.0,0.6086919219005145,0.6086919219005145,0.0,0,0,0,0.0,OPTIMAL,0.0
2026-01-25 21:30:00,ZONE_A,0,0.9927772,0.0019301258,2526.6425334,2526.6425334,0.0,0.0,0.5903351292219948,0.5903351292219948,0.0,0,0,0,0.0,OPTIMAL,0.0
2026-01-25 21:45:00,ZONE_A,0,0.9916957,0.002404599,2468.8064087,2468.8064087,0.0,0.0,0.6156192838566488,0.6156192838566488,0.0,0,0,0,0.0,OPTIMAL,0.0
2026-01-25 22:00:00,ZONE_A,0,0.9956404,0.0024265007,2456.1670555,2456.1670555,0.0,0.0,0.5867889754627996,0.5867889754627996,0.0,0,0,0,0.0,OPTIMAL,0.0
2026-01-25 22:15:00,ZONE_A,0,0.99394023,0.0013927341,2428.0144707,2428.0144707,0.0,0.0,0.5816861130971704,0.5816861130971704,0.0,0,0,0,0.0,OPTIMAL,0.0
2026-01-25 22:30:00,ZONE_A,0,0.99727064,0.0010814159,2394.6647515,2394.6647515,0.0,0.0,0.554774282037134,0.554774282037134,0.0,0,0,0,0.0,OPTIMAL,0.0
2026-01-25 22:45:00,ZONE_A,0,0.99484223,0.0011956937,2404.2287092,2404.2287092,0.0,0.0,0.552647228092376,0.552647228092376,0.0,0,0,0,0.0,OPTIMAL,0.0
2026-01-25 23:00:00,ZONE_A,0,0.9972632,0.0010814159,2364.1835957,2364.1835957,0.0,0.0,0.5522537478089908,0.5522537478089908,0.0,0,0,0,0.0,OPTIMAL,0.0
2026-01-25 23:15:00,ZONE_A,0,0.9972441,0.0014303569,2355.9088647000003,2355.9088647000003,0.0,0.0,0.5369631649413366,0.5369631649413366,0.0,0,0,0,0.0,OPTIMAL,0.0
2026-01-25 23:30:00,ZONE_A,0,0.9978662,0.0014329582,2327.872101,2327.872101,0.0,0.0,0.5458007154978289,0.5458007154978289,0.0,0,0,0,0.0,OPTIMAL,0.0
2026-01-25 23:45:00,ZONE_A,0,0.99469745,0.0010166571,2317.902052,2317.902052,0.0,0.0,0.5342275526126924,0.5342275526126924,0.0,0,0,0,0.0,OPTIMAL,0.0
2026-01-26 00:00:00,ZONE_A,0,0.99775785,0.001162777,2307.21885,2307.21885,0.0,0.0,0.5345472037418025,0.5345472037418025,0.0,0,0,0,0.0,OPTIMAL,0.0
2026-01-26 00:15:00,ZONE_A,0,0.99775785,0.0018037457,2309.215149,2309.215149,0.0,0.0,0.5412265607932557,0.5412265607932557,0.0,0,0,0,0.0,OPTIMAL,0.0
2026-01-26 00:30:00,ZONE_A,0,0.9978255,0.0012032808,2295.383157,2295.383157,0.0,0.0,0.5548117869908218,0.5548117869908218,0.0,0,0,0,0.0,OPTIMAL,0.0
2026-01-26 00:45:00,ZONE_A,0,0.9977829,0.0022330456,2306.3816370000004,2306.3816370000004,0.0,0.0,0.54638972087819,0.54638972087819,0.0,0,0,0,0.0,OPTIMAL,0.0
2026-01-26 01:00:00,ZONE_A,0,0.9809872,0.001406937,2260.171757,2260.171757,0.0,0.0,0.5414509357742225,0.5414509357742225,0.0,0,0,0,0.0,OPTIMAL,0.0
2026-01-26 01:15:00,ZONE_A,0,0.99796236,0.001610273,2297.177066,2297.177066,0.0,0.0,0.5526445625140997,0.5526445625140997,0.0,0,0,0,0.0,OPTIMAL,0.0
2026-01-26 01:30:00,ZONE_A,0,0.9983235,0.0014329582,2294.975603,2294.975603,0.0,0.0,0.5496734683082043,0.5496734683082043,0.0,0,0,0,0.0,OPTIMAL,0.0
2026-01-26 01:45:00,ZONE_A,0,0.9973742,0.0016848777,2308.129448,2308.129448,0.0,0.0,0.5314137557980971,0.5314137557980971,0.0,0,0,0,0.0,OPTIMAL,0.0
2026-01-26 02:00:00,ZONE_A,0,0.99775785,0.0018037457,2309.752947,2309.752947,0.0,0.0,0.5364852153271936,0.5364852153271936,0.0,0,0,0,0.0,OPTIMAL,0.0
2026-01-26 02:15:00,ZONE_A,0,0.9980227,0.0013979231,2284.053064,2284.053064,0.0,0.0,0.5413127263861688,0.5413127263861688,0.0,0,0,0,0.0,OPTIMAL,0.0
2026-01-26 02:30:00,ZONE_A,0,0.99806994,0.0017226484,2276.157047,2276.157047,0.0,0.0,0.54363468073754,0.54363468073754,0.0,0,0,0,0.0,OPTIMAL,0.0
2026-01-26 02:45:00,ZONE_A,0,0.9976549,0.0027795844,2298.306745,2298.306745,0.0,0.0,0.5378627216922548,0.5378627216922548,0.0,0,0,0,0.0,OPTIMAL,0.0
2026-01-26 03:00:00,ZONE_A,0,0.9980227,0.0021682323,2282.311335,2282.311335,0.0,0.0,0.5323099420273978,0.5323099420273978,0.0,0,0,0,0.0,OPTIMAL,0.0
2026-01-26 03:15:00,ZONE_A,0,0.9980227,0.0021682323,2280.009184,2280.009184,0.0,0.0,0.5432266642639377,0.5432266642639377,0.0,0,0,0,0.0,OPTIMAL,0.0
2026-01-26 03:30:00,ZONE_A,0,0.9980469,0.0016204464,2282.213919,2282.213919,0.0,0.0,0.5291608524466674,0.5291608524466674,0.0,0,0,0,0.0,OPTIMAL,0.0
2026-01-26 03:45:00,ZONE_A,0,0.99756324,0.0024285805,2298.78362,2298.78362,0.0,0.0,0.5299553153252682,0.5299553153252682,0.0,0,0,0,0.0,OPTIMAL,0.0
2026-01-26 04:00:00,ZONE_A,0,0.9973807,0.0022330456,2302.496721,2302.496721,0.0,0.0,0.5387418381285579,0.5387418381285579,0.0,0,0,0,0.0,OPTIMAL,0.0
2026-01-26 04:15:00,ZONE_A,0,0.9982667,0.0012032808,2286.874374,2286.874374,0.0,0.0,0.5405968661846339,0.5405968661846339,0.0,0,0,0,0.0,OPTIMAL,0.0
2026-01-26 04:30:00,ZONE_A,0,0.99779713,0.002064629,2298.799371,2298.799371,0.0,0.0,0.5400731464561132,0.5400731464561132,0.0,0,0,0,0.0,OPTIMAL,0.0
2026-01-26 04:45:00,ZONE_A,0,0.99814606,0.002064629,2294.3375615,2294.3375615,0.0,0.0,0.5380777581553865,0.5380777581553865,0.0,0,0,0,0.0,OPTIMAL,0.0
2026-01-26 05:00:00,ZONE_A,0,0.9954249,0.0016679054,2596.515954,2596.515954,0.0,0.0,0.6035119419165875,0.6035119419165875,0.0,0,0,0,0.0,OPTIMAL,0.0
2026-01-26 05:15:00,ZONE_A,0,0.9917116,0.0016679054,2601.814754,2601.814754,0.0,0.0,0.6154102171430137,0.6154102171430137,0.0,0,0,0,0.0,OPTIMAL,0.0
2026-01-26 05:30:00,ZONE_A,0,0.99132663,0.0017273353,2605.7244875,2605.7244875,0.0,0.0,0.6271720730529335,0.6271720730529335,0.0,0,0,0,0.0,OPTIMAL,0.0
2026-01-26 05:45:00,ZONE_A,0,0.98639584,0.0014631783,2617.7995530000003,2617.7995530000003,0.0,0.0,0.6466018563334937,0.6466018563334937,0.0,0,0,0,0.0,OPTIMAL,0.0
2026-01-26 06:00:00,ZONE_A,0,0.8363764,0.001482817,2602.43948,2602.43948,0.0,0.0,0.6482196491319666,0.6482196491319666,0.0,0,0,0,0.0,OPTIMAL,0.0
2026-01-26 06:15:00,ZONE_A,0,0.5475235,0.0011484174,2644.309182,2644.309182,0.0,0.0,0.6548913790420318,0.6548913790420318,0.0,0,0,0,0.0,OPTIMAL,0.0
2026-01-26 06:30:00,ZONE_A,1,0.99049217,0.0015897191,2709.852225,2709.852225,0.0,0.0,0.6612011796384553,0.6612011796384553,0.0,0,0,0,0.0,OPTIMAL,0.0
2026-01-26 06:45:00,ZONE_A,1,0.99208915,0.0017410915,2672.60298,2672.60298,0.0,0.0,0.6817455472684986,0.6817455472684986,0.0,0,0,0,0.0,OPTIMAL,0.0
2026-01-26 07:00:00,ZONE_A,1,0.9945269,0.0013391005,2640.44477,2640.44477,0.0,0.0,0.6872413734122786,0.6872413734122786,0.0,0,0,0,0.0,OPTIMAL,0.0
2026-01-26 07:15:00,ZONE_A,1,0.8812591,0.020383434,2599.16745,2599.16745,0.0,0.0,0.6894830456613007,0.6894830456613007,0.0,0,0,0,0.0,OPTIMAL,0.0
2026-01-26 07:30:00,ZONE_A,2,0.9694706,0.55477333,2611.64688,2759.7125087551535,148.06562875515357,0.0,0.7098243414264258,0.7521288069099072,148.06562875515357,0,0,0,0.0,OPTIMAL,7403.281437757679
2026-01-26 07:45:00,ZONE_A,2,0.9787255,0.23055004,2634.24827,2634.24827,0.0,0.0,0.7163486112141977,0.7163486112141977,0.0,0,0,0,0.0,OPTIMAL,0.0
2026-01-26 08:00:00,ZONE_A,2,0.96918935,0.54537463,2623.25964,2810.626399106758,187.3667591067578,0.0,0.7174377782608469,0.7709711381768,187.3667591067578,0,0,0,0.0,OPTIMAL,9368.337955337889
2026-01-26 08:15:00,ZONE_A,2,0.95442235,0.77633065,2616.57935,2913.3495577509175,296.7702077509175,0.0,0.7341900069623217,0.8189814951642208,296.7702077509175,0,0,0,0.0,OPTIMAL,14838.510387545875
2026-01-26 08:30:00,ZONE_A,3,0.66995937,0.50885326,2677.9002,2862.678863055976,184.77866305597598,0.0,0.7465593931079799,0.7993532970201964,184.77866305597598,0,0,0,0.0,OPTIMAL,9238.9331527988
2026-01-26 08:45:00,ZONE_A,3,0.6339848,0.73333967,2665.4460000000004,2948.32297762646,282.87697762646,0.0,0.754674354157086,0.8354963480495801,282.87697762646,0,0,0,0.0,OPTIMAL,14143.848881323001
2026-01-26 09:00:00,ZONE_A,1,0.93514645,0.8641774,2173.0805,2642.5396874856,469.4591874856,169.4591874856,0.6960818037898149,0.8302130006889682,300.0,0,0,0,169.4591874856,OPTIMAL,1709591.874856
2026-01-26 09:15:00,ZONE_A,1,0.9397818,0.85223866,2212.1566000000003,2643.1668424458744,431.01024244587404,131.01024244587404,0.6843240875386026,0.8074698715578517,300.0,0,0,0,131.01024244587404,OPTIMAL,1325102.4244587405
2026-01-26 09:30:00,ZONE_A,1,0.782133,0.66774863,2283.0862,2590.218918514938,307.132718514938,7.132718514938006,0.6436726772797767,0.7314248829160027,300.0,0,0,0,7.132718514938006,OPTIMAL,86327.18514938006
2026-01-26 09:45:00,ZONE_A,1,0.7338257,0.87310976,2195.6177,2684.0951077625596,488.47740776255995,188.47740776255995,0.6755084729394434,0.8150734471547859,300.0,0,0,0,188.47740776255995,OPTIMAL,1899774.0776255995
2026-01-26 10:00:00,ZONE_A,1,0.9746323,0.85592103,2154.7832000000003,2641.558414168553,486.77521416855296,186.77521416855296,0.6677378165366701,0.8068164496138752,300.0,0,0,0,186.77521416855296,OPTIMAL,1882752.1416855296
2026-01-26 10:15:00,ZONE_A,1,0.9624395,0.8550632,2137.46113,2643.032697992024,505.571567992024,205.57156799202397,0.6751022249443914,0.8195512448282705,300.0,0,0,0,205.57156799202397,OPTIMAL,2070715.6799202396
2026-01-26 10:30:00,ZONE_A,1,0.9531509,0.86912614,2056.9608,2645.1426974585256,588.181897458526,288.181897458526,0.6734083269570292,0.8414602981310877,300.0,0,0,0,288.181897458526,OPTIMAL,2896818.9745852603
2026-01-26 10:45:00,ZONE_A,1,0.96717995,0.8737599,2090.36906,2639.4841157373257,549.115055737326,249.11505573732597,0.670610380491061,0.8275003968995063,300.0,0,0,0,249.11505573732597,OPTIMAL,2506150.5573732597
2026-01-26 11:00:00,ZONE_A,1,0.9586628,0.9358568,2024.58683,2677.2722385516563,652.685408551656,352.685408551656,0.6769346464561862,0.8634161923179076,300.0,0,0,0,352.685408551656,OPTIMAL,50498527.05686886
2026-01-26 11:15:00,ZONE_A,1,0.9642456,0.8947377,2061.7446,2647.73596712493,585.99136712493,285.99136712493,0.6698937592244298,0.8373198646325863,300.0,0,0,0,285.99136712493,OPTIMAL,2874913.6712493
2026-01-26 11:30:00,ZONE_A,1,0.97101665,0.8947377,2087.5882,2652.20150978506,564.61330978506,264.61330978506,0.6704529695725497,0.8317710585765111,300.0,0,0,0,264.61330978506,OPTIMAL,2661133.0978506
2026-01-26 11:45:00,ZONE_A,1,0.6705805,0.9238677,2028.034,2688.27817670071,660.2441767007099,360.2441767007099,0.6646704113139785,0.8533116052297378,300.0,0,0,0,360.2441767007099,OPTIMAL,15208060.035901204
2026-01-26 12:00:00,ZONE_A,1,0.924188,0.9541144,1951.4131,2684.9719345985595,733.55883459856,433.55883459856,0.6614080509529925,0.8709962900584727,300.0,0,0,0,433.55883459856,OPTIMAL,77837603.32317176
2026-01-26 12:15:00,ZONE_A,2,0.78241074,0.970008,1905.09976,2711.8947377243203,806.79497772432,506.79497772432,0.6774718430111182,0.9079846944877943,300.0,0,0,0,506.79497772432,OPTIMAL,208029379.86973217
2026-01-26 12:30:00,ZONE_A,1,0.9435755,0.9706315,1924.2548,2689.9660924042496,765.71129240425,465.71129240425,0.6843122829039193,0.9030869385404269,300.0,0,0,0,465.71129240425,OPTIMAL,190476397.25171927
2026-01-26 12:45:00,ZONE_A,1,0.9456348,0.92221636,1972.2122,2667.732193255516,695.5199932555159,395.51999325551594,0.6980868607110939,0.8968068593767095,300.0,0,0,0,395.51999325551594,OPTIMAL,167794207.26249215
2026-01-26 13:00:00,ZONE_A,1,0.9106831,0.935044,2030.3956000000005,2690.858038622801,660.4624386228,360.46243862280005,0.6624472265648367,0.8511507810143837,300.0,0,0,0,360.46243862280005,OPTIMAL,7647357.924675479
2026-01-26 13:15:00,ZONE_A,1,0.94729406,0.9290286,1986.5945,2657.86142074706,671.26692074706,371.26692074706,0.6629366497361029,0.8547271991156246,300.0,0,0,0,371.26692074706,OPTIMAL,20272866.060858265
2026-01-26 13:30:00,ZONE_A,1,0.95298994,0.8972069,1976.4028,2636.69629648946,660.29349648946,360.29349648946004,0.6688872092833329,0.8575424945922082,300.0,0,0,0,360.29349648946004,OPTIMAL,30016665.954000216
2026-01-26 13:45:00,ZONE_A,1,0.97298676,0.86873376,2005.5639,2615.261928631488,609.698028631488,309.698028631488,0.6674614325406233,0.8416608698694622,300.0,0,0,0,309.698028631488,OPTIMAL,3111980.28631488
2026-01-26 14:00:00,ZONE_A,1,0.9802194,0.9400315,2159.50034,2687.28390217139,527.78356217139,227.78356217139003,0.6643597924324615,0.8151550963567327,300.0,0,0,0,227.78356217139003,OPTIMAL,2292835.6217139005
2026-01-26 14:15:00,ZONE_A,1,0.9589112,0.9437284,2136.5286,2668.7580096146403,532.2294096146401,232.22940961464008,0.6711768531021048,0.8232423991574359,300.0,0,0,0,232.22940961464008,OPTIMAL,2337294.0961464006
2026-01-26 14:30:00,ZONE_A,1,0.9650333,0.93849564,2197.997,2693.67144947894,495.67444947894,195.67444947894,0.6531942484312363,0.7948155201386465,300.0,0,0,0,195.67444947894,OPTIMAL,1971744.4947894001
2026-01-26 14:45:00,ZONE_A,1,0.96762216,0.9409668,2170.56266,2671.401027929912,500.83836792991195,200.83836792991195,0.6462581053185842,0.7893547823003035,300.0,0,0,0,200.83836792991195,OPTIMAL,2023383.6792991196
2026-01-26 15:00:00,ZONE_A,1,0.6932019,0.9428443,2282.4705,2797.21238563894,514.74188563894,214.74188563893995,0.6814352003785586,0.8285043109992879,300.0,0,0,0,214.74188563893995,OPTIMAL,2162418.8563893996
2026-01-26 15:15:00,ZONE_A,1,0.89120376,0.9020217,2387.6507,2772.53442937517,384.88372937517,84.88372937516999,0.6906505145124686,0.8006172946683711,300.0,0,0,0,84.88372937516999,OPTIMAL,863837.2937517
2026-01-26 15:30:00,ZONE_A,1,0.945066,0.9182717,2414.87874,2786.630532716752,371.751792716752,71.75179271675199,0.688817380254365,0.7950321784797029,300.0,0,0,0,71.75179271675199,OPTIMAL,732517.9271675199
2026-01-26 15:45:00,ZONE_A,1,0.96999556,0.77655196,2474.9583500000003,2734.4659792340262,259.507629234026,0.0,0.6920528050220544,0.7661978421556639,259.507629234026,0,0,0,0.0,OPTIMAL,12975.381461701301
2026-01-26 16:00:00,ZONE_A,1,0.9590146,0.5611764,2598.79083,2722.865456146068,124.07462614606801,0.0,0.6937931720183511,0.729243065314222,124.07462614606801,0,0,0,0.0,OPTIMAL,6203.731307303401
2026-01-26 16:15:00,ZONE_A,1,0.96415687,0.20547833,2609.58577,2609.58577,0.0,0.0,0.6771015627528433,0.6771015627528433,0.0,0,0,0,0.0,OPTIMAL,0.0
2026-01-26 16:30:00,ZONE_A,1,0.98672044,0.0009804752,2678.1136,2678.1136,0.0,0.0,0.6887639380788114,0.6887639380788114,0.0,0,0,0,0.0,OPTIMAL,0.0
2026-01-26 16:45:00,ZONE_A,1,0.97712475,0.0009804752,2740.287574,2740.287574,0.0,0.0,0.6910795780785077,0.6910795780785077,0.0,0,0,0,0.0,OPTIMAL,0.0
2026-01-26 17:00:00,ZONE_A,1,0.9871881,0.0019788567,2795.866432,2795.866432,0.0,0.0,0.6851599090937943,0.6851599090937943,0.0,0,0,0,0.0,OPTIMAL,0.0
2026-01-26 17:15:00,ZONE_A,1,0.9825262,0.0016927335,2812.9754283,2812.9754283,0.0,0.0,0.6903625467831284,0.6903625467831284,0.0,0,0,0,0.0,OPTIMAL,0.0
2026-01-26 17:30:00,ZONE_A,1,0.97623205,0.0020678353,2815.8015,2815.8015,0.0,0.0,0.678068155287321,0.678068155287321,0.0,0,0,0,0.0,OPTIMAL,0.0
2026-01-26 17:45:00,ZONE_A,1,0.9671282,0.0016481478,2819.6869465,2819.6869465,0.0,0.0,0.6844612308685719,0.6844612308685719,0.0,0,0,0,0.0,OPTIMAL,0.0
2026-01-26 18:00:00,ZONE_A,1,0.9249571,0.0016756336,2841.2584057,2841.2584057,0.0,0.0,0.6949230688438242,0.6949230688438242,0.0,0,0,0,0.0,OPTIMAL,0.0
2026-01-26 18:15:00,ZONE_A,1,0.9057488,0.0014492453,2819.9992076,2819.9992076,0.0,0.0,0.6835373760303315,0.6835373760303315,0.0,0,0,0,0.0,OPTIMAL,0.0
2026-01-26 18:30:00,ZONE_A,1,0.774266,0.001723489,2856.2174962,2856.2174962,0.0,0.0,0.6919162943293944,0.6919162943293944,0.0,0,0,0,0.0,OPTIMAL,0.0
2026-01-26 18:45:00,ZONE_A,1,0.94391274,0.0024602858,2819.8589894,2819.8589894,0.0,0.0,0.6796706704434674,0.6796706704434674,0.0,0,0,0,0.0,OPTIMAL,0.0
2026-01-26 19:00:00,ZONE_A,1,0.9416761,0.0023639728,2821.8267,2821.8267,0.0,0.0,0.6888386192752283,0.6888386192752283,0.0,0,0,0,0.0,OPTIMAL,0.0
2026-01-26 19:15:00,ZONE_A,1,0.9270969,0.0016804273,2838.0234396,2838.0234396,0.0,0.0,0.6914271100445186,0.6914271100445186,0.0,0,0,0,0.0,OPTIMAL,0.0
2026-01-26 19:30:00,ZONE_A,1,0.96609634,0.0014492453,2807.7169266,2807.7169266,0.0,0.0,0.6836723255326191,0.6836723255326191,0.0,0,0,0,0.0,OPTIMAL,0.0
2026-01-26 19:45:00,ZONE_A,1,0.92907965,0.0016804273,2821.5812864,2821.5812864,0.0,0.0,0.6957888923431987,0.6957888923431987,0.0,0,0,0,0.0,OPTIMAL,0.0
2026-01-26 20:00:00,ZONE_A,0,0.537187,0.001269292,2667.2936483,2667.2936483,0.0,0.0,0.650139736953632,0.650139736953632,0.0,0,0,0,0.0,OPTIMAL,0.0
2026-01-26 20:15:00,ZONE_A,0,0.70511585,0.0016160698,2659.5736946,2659.5736946,0.0,0.0,0.6387534195301272,0.6387534195301272,0.0,0,0,0,0.0,OPTIMAL,0.0
2026-01-26 20:30:00,ZONE_A,0,0.7111973,0.0016160698,2661.3894,2661.3894,0.0,0.0,0.632602428599346,0.632602428599346,0.0,0,0,0,0.0,OPTIMAL,0.0
2026-01-26 20:45:00,ZONE_A,0,0.9805557,0.0021009922,2619.8544225,2619.8544225,0.0,0.0,0.6135380489087928,0.6135380489087928,0.0,0,0,0,0.0,OPTIMAL,0.0
2026-01-26 21:00:00,ZONE_A,0,0.9948173,0.0027273668,2579.2418597,2579.2418597,0.0,0.0,0.6036602746904579,0.6036602746904579,0.0,0,0,0,0.0,OPTIMAL,0.0
2026-01-26 21:15:00,ZONE_A,0,0.99343216,0.0024138144,2545.546,2545.546,0.0,0.0,0.6257156267186034,0.6257156267186034,0.0,0,0,0,0.0,OPTIMAL,0.0
2026-01-26 21:30:00,ZONE_A,0,0.9954892,0.0022180122,2527.0993595,2527.0993595,0.0,0.0,0.5976437250221048,0.5976437250221048,0.0,0,0,0,0.0,OPTIMAL,0.0
2026-01-26 21:45:00,ZONE_A,0,0.9958759,0.0017828802,2486.3343274000003,2486.3343274000003,0.0,0.0,0.5817883216629915,0.5817883216629915,0.0,0,0,0,0.0,OPTIMAL,0.0
2026-01-26 22:00:00,ZONE_A,0,0.9966809,0.0013845144,2476.4384648,2476.4384648,0.0,0.0,0.5766526916678694,0.5766526916678694,0.0,0,0,0,0.0,OPTIMAL,0.0
2026-01-26 22:15:00,ZONE_A,0,0.9944876,0.0021870942,2417.0664,2417.0664,0.0,0.0,0.5764439474099721,0.5764439474099721,0.0,0,0,0,0.0,OPTIMAL,0.0
2026-01-26 22:30:00,ZONE_A,0,0.99659675,0.0016577692,2403.3267049,2403.3267049,0.0,0.0,0.5694119035437397,0.5694119035437397,0.0,0,0,0,0.0,OPTIMAL,0.0
2026-01-26 22:45:00,ZONE_A,0,0.9965797,0.0014227146,2360.1036454,2360.1036454,0.0,0.0,0.5546888127971332,0.5546888127971332,0.0,0,0,0,0.0,OPTIMAL,0.0
2026-01-26 23:00:00,ZONE_A,0,0.99728227,0.0026987253,2334.2458367,2334.2458367,0.0,0.0,0.5364601630364425,0.5364601630364425,0.0,0,0,0,0.0,OPTIMAL,0.0
2026-01-26 23:15:00,ZONE_A,0,0.9964489,0.0017508141,2353.9052192000004,2353.9052192000004,0.0,0.0,0.5590426728975688,0.5590426728975688,0.0,0,0,0,0.0,OPTIMAL,0.0
2026-01-26 23:30:00,ZONE_A,0,0.99659675,0.0014253021,2339.3869539,2339.3869539,0.0,0.0,0.5377412375586849,0.5377412375586849,0.0,0,0,0,0.0,OPTIMAL,0.0
2026-01-26 23:45:00,ZONE_A,0,0.99775285,0.0011565628,2331.9372496,2331.9372496,0.0,0.0,0.5397580840932528,0.5397580840932528,0.0,0,0,0,0.0,OPTIMAL,0.0
2026-01-27 00:00:00,ZONE_A,0,0.9978471,0.0018037457,2307.9631347,2307.9631347,0.0,0.0,0.5443573093351112,0.5443573093351112,0.0,0,0,0,0.0,OPTIMAL,0.0
2026-01-27 00:15:00,ZONE_A,0,0.99834585,0.0010379842,2287.567219,2287.567219,0.0,0.0,0.5449919139922903,0.5449919139922903,0.0,0,0,0,0.0,OPTIMAL,0.0
2026-01-27 00:30:00,ZONE_A,0,0.9977798,0.0018680068,2306.6788194,2306.6788194,0.0,0.0,0.544515141688966,0.544515141688966,0.0,0,0,0,0.0,OPTIMAL,0.0
2026-01-27 00:45:00,ZONE_A,0,0.998365,0.001610273,2294.9385865,2294.9385865,0.0,0.0,0.5382518384415675,0.5382518384415675,0.0,0,0,0,0.0,OPTIMAL,0.0
2026-01-27 01:00:00,ZONE_A,0,0.9978896,0.0012032808,2298.0066323,2298.0066323,0.0,0.0,0.5493851501621206,0.5493851501621206,0.0,0,0,0,0.0,OPTIMAL,0.0
2026-01-27 01:15:00,ZONE_A,0,0.9978896,0.0012032808,2298.9784842,2298.9784842,0.0,0.0,0.5325780455391211,0.5325780455391211,0.0,0,0,0,0.0,OPTIMAL,0.0
2026-01-27 01:30:00,ZONE_A,0,0.998365,0.0012032808,2294.639466,2294.639466,0.0,0.0,0.5393249935200634,0.5393249935200634,0.0,0,0,0,0.0,OPTIMAL,0.0
2026-01-27 01:45:00,ZONE_A,0,0.9978662,0.0018680068,2309.0560887,2309.0560887,0.0,0.0,0.5371315546348804,0.5371315546348804,0.0,0,0,0,0.0,OPTIMAL,0.0
2026-01-27 02:00:00,ZONE_A,0,0.9978896,0.0010379842,2296.068553,2296.068553,0.0,0.0,0.5566849519931916,0.5566849519931916,0.0,0,0,0,0.0,OPTIMAL,0.0
2026-01-27 02:15:00,ZONE_A,0,0.9978352,0.0033831433,2302.1330734,2302.1330734,0.0,0.0,0.5411269377843271,0.5411269377843271,0.0,0,0,0,0.0,OPTIMAL,0.0
2026-01-27 02:30:00,ZONE_A,0,0.9981774,0.0033922973,2290.4562434,2290.4562434,0.0,0.0,0.5419856938050891,0.5419856938050891,0.0,0,0,0,0.0,OPTIMAL,0.0
2026-01-27 02:45:00,ZONE_A,0,0.9980203,0.0016587449,2290.5765975000004,2290.5765975000004,0.0,0.0,0.5270820017351177,0.5270820017351177,0.0,0,0,0,0.0,OPTIMAL,0.0
2026-01-27 03:00:00,ZONE_A,0,0.99815,0.0010379842,2284.5806846,2284.5806846,0.0,0.0,0.5347360070029097,0.5347360070029097,0.0,0,0,0,0.0,OPTIMAL,0.0
2026-01-27 03:15:00,ZONE_A,0,0.99827445,0.001610273,2291.320698,2291.320698,0.0,0.0,0.5472143889689516,0.5472143889689516,0.0,0,0,0,0.0,OPTIMAL,0.0
2026-01-27 03:30:00,ZONE_A,0,0.9979087,0.001610273,2296.930844,2296.930844,0.0,0.0,0.5448543751925736,0.5448543751925736,0.0,0,0,0,0.0,OPTIMAL,0.0
2026-01-27 03:45:00,ZONE_A,0,0.9976387,0.0025268279,2291.604868,2291.604868,0.0,0.0,0.5369875324889868,0.5369875324889868,0.0,0,0,0,0.0,OPTIMAL,0.0
2026-01-27 04:00:00,ZONE_A,0,0.9983841,0.002335726,2293.0730991,2293.0730991,0.0,0.0,0.5364805413118309,0.5364805413118309,0.0,0,0,0,0.0,OPTIMAL,0.0
2026-01-27 04:15:00,ZONE_A,0,0.99834585,0.0010379842,2291.5248288000003,2291.5248288000003,0.0,0.0,0.5440913491584617,0.5440913491584617,0.0,0,0,0,0.0,OPTIMAL,0.0
2026-01-27 04:30:00,ZONE_A,0,0.99834585,0.0012032808,2287.525654,2287.525654,0.0,0.0,0.53206943890986,0.53206943890986,0.0,0,0,0,0.0,OPTIMAL,0.0
2026-01-27 04:45:00,ZONE_A,0,0.9978853,0.0030613395,2324.8447945000003,2324.8447945000003,0.0,0.0,0.5300431543854403,0.5300431543854403,0.0,0,0,0,0.0,OPTIMAL,0.0
2026-01-27 05:00:00,ZONE_A,0,0.9978471,0.0016679054,2499.4920692,2499.4920692,0.0,0.0,0.6072847247579676,0.6072847247579676,0.0,0,0,0,0.0,OPTIMAL,0.0
2026-01-27 05:15:00,ZONE_A,0,0.92107284,0.0012957877,2588.566557,2588.566557,0.0,0.0,0.6339401128106235,0.6339401128106235,0.0,0,0,0,0.0,OPTIMAL,0.0
2026-01-27 05:30:00,ZONE_A,0,0.9207781,0.0018042962,2608.340683,2608.340683,0.0,0.0,0.6244807605336901,0.6244807605336901,0.0,0,0,0,0.0,OPTIMAL,0.0
2026-01-27 05:45:00,ZONE_A,0,0.9865458,0.0018115685,2620.437225,2620.437225,0.0,0.0,0.6366502456154239,0.6366502456154239,0.0,0,0,0,0.0,OPTIMAL,0.0
2026-01-27 06:00:00,ZONE_A,0,0.8217899,0.001592252,2624.025555,2624.025555,0.0,0.0,0.6443359280968904,0.6443359280968904,0.0,0,0,0,0.0,OPTIMAL,0.0
2026-01-27 06:15:00,ZONE_A,1,0.99407554,0.0031016825,2645.06331,2645.06331,0.0,0.0,0.6504498724034501,0.6504498724034501,0.0,0,0,0,0.0,OPTIMAL,0.0
2026-01-27 06:30:00,ZONE_A,1,0.9940899,0.0023747075,2632.67062,2632.67062,0.0,0.0,0.6547788990543956,0.6547788990543956,0.0,0,0,0,0.0,OPTIMAL,0.0
2026-01-27 06:45:00,ZONE_A,1,0.9934635,0.0024394372,2679.23181,2679.23181,0.0,0.0,0.6724811856980458,0.6724811856980458,0.0,0,0,0,0.0,OPTIMAL,0.0
2026-01-27 07:00:00,ZONE_A,1,0.987961,0.0024782184,2610.42894,2610.42894,0.0,0.0,0.7070754719633572,0.7070754719633572,0.0,0,0,0,0.0,OPTIMAL,0.0
2026-01-27 07:15:00,ZONE_A,1,0.8555076,0.49172106,2565.0619,2565.0619,0.0,0.0,0.6891975071131876,0.6891975071131876,0.0,0,0,0,0.0,OPTIMAL,0.0
2026-01-27 07:30:00,ZONE_A,2,0.9665551,0.74949336,2584.049,2805.485164326608,221.43616432660798,0.0,0.7057239041250519,0.7689913798302065,221.43616432660798,0,0,0,0.0,OPTIMAL,11071.808216330399
2026-01-27 07:45:00,ZONE_A,2,0.9763756,0.4256844,2631.2818,2631.2818,0.0,0.0,0.7098335062876795,0.7098335062876795,0.0,0,0,0,0.0,OPTIMAL,0.0
2026-01-27 08:00:00,ZONE_A,2,0.93732166,0.8361901,2599.26003,2920.452161747677,321.192131747677,21.192131747677024,0.7258105592681727,0.8175797400807951,300.0,0,0,0,21.192131747677024,OPTIMAL,226921.31747677023
2026-01-27 08:15:00,ZONE_A,3,0.53926873,0.93985254,2482.2745,2981.82351228199,499.54901228199,199.54901228198997,0.7343453623117904,0.8770736519944412,300.0,0,0,0,199.54901228198997,OPTIMAL,96768271.79848269
2026-01-27 08:30:00,ZONE_A,3,0.7325538,0.87179804,2432.4932,2953.474652275368,520.981452275368,220.98145227536804,0.7471720764390828,0.8960239204521546,300.0,0,0,0,220.98145227536804,OPTIMAL,163308535.55790505
2026-01-27 08:45:00,ZONE_A,3,0.6087461,0.932194,2496.2299000000003,3001.3323206644,505.1024206643999,205.10242066439992,0.7452056187480903,0.8895205965781284,300.0,0,0,0,205.10242066439992,OPTIMAL,140388111.75339425
2026-01-27 09:00:00,ZONE_A,1,0.9492454,0.8686276,2188.7787,2654.1027659082797,465.32406590828,165.32406590827998,0.6725487074882563,0.8054984410897905,300.0,0,0,0,165.32406590827998,OPTIMAL,1668240.6590827997
2026-01-27 09:15:00,ZONE_A,1,0.9604173,0.8127347,2139.9791,2616.7690177468303,476.78991774683004,176.78991774683004,0.6666536538952098,0.8028793451928109,300.0,0,0,0,176.78991774683004,OPTIMAL,1782899.1774683003
2026-01-27 09:30:00,ZONE_A,1,0.8230469,0.7967037,2149.2486,2614.38620908212,465.13760908212,165.13760908211998,0.6517851726327798,0.7846816328961683,300.0,0,0,0,165.13760908211998,OPTIMAL,1666376.0908211998
2026-01-27 09:45:00,ZONE_A,1,0.8155744,0.7967037,2132.30543,2610.697216945319,478.39178694531904,178.39178694531904,0.6495957063721381,0.7862790746072464,300.0,0,0,0,178.39178694531904,OPTIMAL,1798917.8694531904
2026-01-27 10:00:00,ZONE_A,1,0.89626944,0.81049836,2233.0683,2644.967700093636,411.899400093636,111.89940009363602,0.6514154196474675,0.7691009628907621,300.0,0,0,0,111.89940009363602,OPTIMAL,1133994.00093636
2026-01-27 10:15:00,ZONE_A,1,0.9696153,0.84004855,2237.67394,2652.027937690413,414.353997690413,114.353997690413,0.6556868681555139,0.7740737249936357,300.0,0,0,0,114.353997690413,OPTIMAL,1158539.9769041298
2026-01-27 10:30:00,ZONE_A,1,0.9856236,0.81978345,2151.7621,2607.067614714685,455.305514714685,155.305514714685,0.6609564868850325,0.7910437771770975,300.0,0,0,0,155.305514714685,OPTIMAL,1568055.14714685
2026-01-27 10:45:00,ZONE_A,1,0.98321635,0.86270714,2178.4462000000003,2635.4855810327904,457.03938103279,157.03938103279,0.655525044056012,0.7861077247237577,300.0,0,0,0,157.03938103279,OPTIMAL,1585393.8103279
2026-01-27 11:00:00,ZONE_A,1,0.9858512,0.7985979,2187.4452,2610.23618498514,422.79098498513997,122.79098498513997,0.7194110198616132,0.8402084444896186,300.0,0,0,0,122.79098498513997,OPTIMAL,1242909.8498513997
2026-01-27 11:15:00,ZONE_A,1,0.98648053,0.7899521,2201.1398000000004,2618.8725531111704,417.73275311117,117.73275311116998,0.6606569724674668,0.7800091879887253,300.0,0,0,0,117.73275311116998,OPTIMAL,1192327.5311116998
2026-01-27 11:30:00,ZONE_A,1,0.96232384,0.8925203,2136.0918,2671.4024489162603,535.31064891626,235.31064891626,0.6626247901870789,0.8155706903285488,300.0,0,0,0,235.31064891626,OPTIMAL,2368106.4891626
2026-01-27 11:45:00,ZONE_A,1,0.961454,0.87900054,2192.3588,2682.566677351412,490.20787735141204,190.20787735141204,0.6555465144422015,0.7956059083777645,300.0,0,0,0,190.20787735141204,OPTIMAL,1917078.7735141204
2026-01-27 12:00:00,ZONE_A,1,0.8498278,0.77695507,2278.33026,2644.277682958343,365.9474229583428,65.94742295834283,0.6683620351883509,0.7729184421205093,300.0,0,0,0,65.94742295834283,OPTIMAL,674474.2295834282
2026-01-27 12:15:00,ZONE_A,1,0.9431712,0.8532089,2229.24317,2664.370178656587,435.127008656587,135.127008656587,0.7120271021153787,0.8363491049550501,300.0,0,0,0,135.127008656587,OPTIMAL,1366270.08656587
2026-01-27 12:30:00,ZONE_A,1,0.9784429,0.9169934,2200.6103000000003,2679.3491708083,478.7388708082999,178.7388708082999,0.6512733164616024,0.788055851383691,300.0,0,0,0,178.7388708082999,OPTIMAL,1802388.708082999
2026-01-27 12:45:00,ZONE_A,1,0.7349005,0.7767769,2226.4425,2595.77552515534,369.33302515533995,69.33302515533995,0.651026281437075,0.7565500032163803,300.0,0,0,0,69.33302515533995,OPTIMAL,708330.2515533995
2026-01-27 13:00:00,ZONE_A,1,0.5541636,0.83556086,2235.65802,2619.2711799381786,383.6131599381788,83.6131599381788,0.6916715526525419,0.8012753129653708,300.0,0,0,0,83.6131599381788,OPTIMAL,851131.5993817879
2026-01-27 13:15:00,ZONE_A,1,0.9590026,0.73520756,2277.18765,2605.7007013574457,328.513051357446,28.51305135744599,0.6440490655024435,0.737909937644793,300.0,0,0,0,28.51305135744599,OPTIMAL,300130.5135744599
2026-01-27 13:30:00,ZONE_A,1,0.9666922,0.7515307,2249.6862,2613.95666248429,364.27046248429,64.27046248429002,0.6471744357723284,0.7512517110662892,300.0,0,0,0,64.27046248429002,OPTIMAL,657704.6248429002
2026-01-27 13:45:00,ZONE_A,1,0.99049276,0.5745325,2298.77224,2534.7214539316997,235.9492139317,0.0,0.6413315616186536,0.7087456229351744,235.9492139317,0,0,0,0.0,OPTIMAL,11797.460696585
2026-01-27 14:00:00,ZONE_A,1,0.66261053,0.45226327,2389.97347,2389.97347,0.0,0.0,0.643035797472731,0.643035797472731,0.0,0,0,0,0.0,OPTIMAL,0.0
2026-01-27 14:15:00,ZONE_A,1,0.9904164,0.556358,2383.3139,2562.7034142732,179.3895142732,0.0,0.6579564845561602,0.7092106316353523,179.3895142732,0,0,0,0.0,OPTIMAL,8969.47571366
2026-01-27 14:30:00,ZONE_A,0,0.6197405,0.5460778,2386.916,2551.32408010824,164.40808010824,0.0,0.645096797296574,0.6920705346034928,164.40808010824,0,0,0,0.0,OPTIMAL,8220.404005412
2026-01-27 14:45:00,ZONE_A,1,0.9912049,0.47023332,2443.81737,2443.81737,0.0,0.0,0.6531477926819945,0.6531477926819945,0.0,0,0,0,0.0,OPTIMAL,0.0
2026-01-27 15:00:00,ZONE_A,1,0.9873778,0.015959803,2541.00165,2541.00165,0.0,0.0,0.6805334694652362,0.6805334694652362,0.0,0,0,0,0.0,OPTIMAL,0.0
2026-01-27 15:15:00,ZONE_A,1,0.9835653,0.01857556,2580.39783,2580.39783,0.0,0.0,0.6910814091244869,0.6910814091244869,0.0,0,0,0,0.0,OPTIMAL,0.0
2026-01-27 15:30:00,ZONE_A,1,0.9912924,0.0038811439,2610.27493,2610.27493,0.0,0.0,0.6849068447687178,0.6849068447687178,0.0,0,0,0,0.0,OPTIMAL,0.0
2026-01-27 15:45:00,ZONE_A,1,0.98922133,0.002277946,2634.86535,2634.86535,0.0,0.0,0.6838160649857664,0.6838160649857664,0.0,0,0,0,0.0,OPTIMAL,0.0
2026-01-27 16:00:00,ZONE_A,1,0.97066104,0.0017308795,2713.41524,2713.41524,0.0,0.0,0.6940107462777841,0.6940107462777841,0.0,0,0,0,0.0,OPTIMAL,0.0
2026-01-27 16:15:00,ZONE_A,1,0.9775104,0.0017308795,2719.101,2719.101,0.0,0.0,0.6786856776030348,0.6786856776030348,0.0,0,0,0,0.0,OPTIMAL,0.0
2026-01-27 16:30:00,ZONE_A,1,0.9567926,0.0017597425,2762.495235,2762.495235,0.0,0.0,0.6928818262154406,0.6928818262154406,0.0,0,0,0,0.0,OPTIMAL,0.0
2026-01-27 16:45:00,ZONE_A,1,0.9880386,0.0017308795,2774.94278,2774.94278,0.0,0.0,0.6855368760485528,0.6855368760485528,0.0,0,0,0,0.0,OPTIMAL,0.0
2026-01-27 17:00:00,ZONE_A,1,0.9762433,0.0013868475,2819.4535060000003,2819.4535060000003,0.0,0.0,0.689752753698361,0.689752753698361,0.0,0,0,0,0.0,OPTIMAL,0.0
2026-01-27 17:15:00,ZONE_A,1,0.9672269,0.0019163743,2828.818899,2828.818899,0.0,0.0,0.6879112974691671,0.6879112974691671,0.0,0,0,0,0.0,OPTIMAL,0.0
2026-01-27 17:30:00,ZONE_A,1,0.978238,0.0020678353,2813.9534,2813.9534,0.0,0.0,0.6858754154444612,0.6858754154444612,0.0,0,0,0,0.0,OPTIMAL,0.0
2026-01-27 17:45:00,ZONE_A,1,0.7478193,0.001235016,2842.39859,2842.39859,0.0,0.0,0.6901010126803896,0.6901010126803896,0.0,0,0,0,0.0,OPTIMAL,0.0
2026-01-27 18:00:00,ZONE_A,1,0.91489875,0.0016804273,2835.5044396,2835.5044396,0.0,0.0,0.6795672332135627,0.6795672332135627,0.0,0,0,0,0.0,OPTIMAL,0.0
2026-01-27 18:15:00,ZONE_A,1,0.9243566,0.0020678353,2838.0107,2838.0107,0.0,0.0,0.6718034407056632,0.6718034407056632,0.0,0,0,0,0.0,OPTIMAL,0.0
2026-01-27 18:30:00,ZONE_A,1,0.9339426,0.001406511,2820.770433,2820.770433,0.0,0.0,0.6889836899264017,0.6889836899264017,0.0,0,0,0,0.0,OPTIMAL,0.0
2026-01-27 18:45:00,ZONE_A,1,0.9632169,0.0020057533,2803.572075,2803.572075,0.0,0.0,0.672166283498397,0.672166283498397,0.0,0,0,0,0.0,OPTIMAL,0.0
2026-01-27 19:00:00,ZONE_A,1,0.93764824,0.0016197036,2798.84068693,2798.84068693,0.0,0.0,0.68090205462085,0.68090205462085,0.0,0,0,0,0.0,OPTIMAL,0.0
2026-01-27 19:15:00,ZONE_A,1,0.9741786,0.0017744284,2794.449594,2794.449594,0.0,0.0,0.6846431821909679,0.6846431821909679,0.0,0,0,0,0.0,OPTIMAL,0.0
2026-01-27 19:30:00,ZONE_A,1,0.9316536,0.00068407226,2795.7339144,2795.7339144,0.0,0.0,0.6832747911142644,0.6832747911142644,0.0,0,0,0,0.0,OPTIMAL,0.0
2026-01-27 19:45:00,ZONE_A,1,0.9809399,0.0018838394,2779.6060536,2779.6060536,0.0,0.0,0.6807977519536277,0.6807977519536277,0.0,0,0,0,0.0,OPTIMAL,0.0
2026-01-27 20:00:00,ZONE_A,0,0.6462656,0.0017093038,2645.2212445,2645.2212445,0.0,0.0,0.6407403675222728,0.6407403675222728,0.0,0,0,0,0.0,OPTIMAL,0.0
2026-01-27 20:15:00,ZONE_A,0,0.59556407,0.0017093038,2638.157944,2638.157944,0.0,0.0,0.6391408288209504,0.6391408288209504,0.0,0,0,0,0.0,OPTIMAL,0.0
2026-01-27 20:30:00,ZONE_A,0,0.9634343,0.0017093038,2622.8825326,2622.8825326,0.0,0.0,0.6256410193533902,0.6256410193533902,0.0,0,0,0,0.0,OPTIMAL,0.0
2026-01-27 20:45:00,ZONE_A,0,0.9811406,0.0017270754,2611.398885,2611.398885,0.0,0.0,0.6210293925911914,0.6210293925911914,0.0,0,0,0,0.0,OPTIMAL,0.0
2026-01-27 21:00:00,ZONE_A,0,0.99351925,0.002552954,2563.0489913,2563.0489913,0.0,0.0,0.6126297854909643,0.6126297854909643,0.0,0,0,0,0.0,OPTIMAL,0.0
2026-01-27 21:15:00,ZONE_A,0,0.99377865,0.0019722467,2523.349805,2523.349805,0.0,0.0,0.6084126767626344,0.6084126767626344,0.0,0,0,0,0.0,OPTIMAL,0.0
2026-01-27 21:30:00,ZONE_A,0,0.99377865,0.0017859234,2502.2634579,2502.2634579,0.0,0.0,0.6074923903737489,0.6074923903737489,0.0,0,0,0,0.0,OPTIMAL,0.0
2026-01-27 21:45:00,ZONE_A,0,0.9925654,0.0017763848,2479.8960435,2479.8960435,0.0,0.0,0.585041189179778,0.585041189179778,0.0,0,0,0,0.0,OPTIMAL,0.0
2026-01-27 22:00:00,ZONE_A,0,0.99438816,0.0017838818,2435.1812081,2435.1812081,0.0,0.0,0.5875683849634245,0.5875683849634245,0.0,0,0,0,0.0,OPTIMAL,0.0
2026-01-27 22:15:00,ZONE_A,0,0.99482536,0.0017047769,2440.0208,2440.0208,0.0,0.0,0.5675846629023826,0.5675846629023826,0.0,0,0,0,0.0,OPTIMAL,0.0
2026-01-27 22:30:00,ZONE_A,0,0.9957337,0.0022992888,2394.6013919,2394.6013919,0.0,0.0,0.5558992792320803,0.5558992792320803,0.0,0,0,0,0.0,OPTIMAL,0.0
2026-01-27 22:45:00,ZONE_A,0,0.99658585,0.0014563937,2356.245526,2356.245526,0.0,0.0,0.5593022709375015,0.5593022709375015,0.0,0,0,0,0.0,OPTIMAL,0.0
2026-01-27 23:00:00,ZONE_A,0,0.9965759,0.0016187909,2337.9595102000003,2337.9595102000003,0.0,0.0,0.5294624146467737,0.5294624146467737,0.0,0,0,0,0.0,OPTIMAL,0.0
2026-01-27 23:15:00,ZONE_A,0,0.9965759,0.0013979231,2307.0025593,2307.0025593,0.0,0.0,0.5423751471570615,0.5423751471570615,0.0,0,0,0,0.0,OPTIMAL,0.0
2026-01-27 23:30:00,ZONE_A,0,0.9975782,0.0015659224,2319.4121905,2319.4121905,0.0,0.0,0.5365945130358871,0.5365945130358871,0.0,0,0,0,0.0,OPTIMAL,0.0
2026-01-27 23:45:00,ZONE_A,0,0.99737656,0.0016869666,2321.8210516000004,2321.8210516000004,0.0,0.0,0.5746253251247235,0.5746253251247235,0.0,0,0,0,0.0,OPTIMAL,0.0
2026-01-28 00:00:00,ZONE_A,0,0.99747086,0.003006146,2305.184579,2305.184579,0.0,0.0,0.5501342934894548,0.5501342934894548,0.0,0,0,0,0.0,OPTIMAL,0.0
2026-01-28 00:15:00,ZONE_A,0,0.9983011,0.0021682323,2289.0491777,2289.0491777,0.0,0.0,0.5372460403872331,0.5372460403872331,0.0,0,0,0,0.0,OPTIMAL,0.0
2026-01-28 00:30:00,ZONE_A,0,0.997638,0.001610273,2295.5285223,2295.5285223,0.0,0.0,0.533854507300596,0.533854507300596,0.0,0,0,0,0.0,OPTIMAL,0.0
2026-01-28 00:45:00,ZONE_A,0,0.99762434,0.0015398037,2277.3431296,2277.3431296,0.0,0.0,0.5429947976535291,0.5429947976535291,0.0,0,0,0,0.0,OPTIMAL,0.0
2026-01-28 01:00:00,ZONE_A,0,0.9978694,0.0010379842,2302.0415491000003,2302.0415491000003,0.0,0.0,0.5670435397936041,0.5670435397936041,0.0,0,0,0,0.0,OPTIMAL,0.0
2026-01-28 01:15:00,ZONE_A,0,0.9979119,0.001610273,2299.2845977,2299.2845977,0.0,0.0,0.5398472040938048,0.5398472040938048,0.0,0,0,0,0.0,OPTIMAL,0.0
2026-01-28 01:30:00,ZONE_A,0,0.997922,0.002064629,2295.170074,2295.170074,0.0,0.0,0.5367522510675801,0.5367522510675801,0.0,0,0,0,0.0,OPTIMAL,0.0
2026-01-28 01:45:00,ZONE_A,0,0.99774325,0.001610273,2295.4529253,2295.4529253,0.0,0.0,0.5383099642596555,0.5383099642596555,0.0,0,0,0,0.0,OPTIMAL,0.0
2026-01-28 02:00:00,ZONE_A,0,0.9980489,0.0010379842,2288.4720895,2288.4720895,0.0,0.0,0.5406022121587826,0.5406022121587826,0.0,0,0,0,0.0,OPTIMAL,0.0
2026-01-28 02:15:00,ZONE_A,0,0.9980057,0.0021682323,2283.369182,2283.369182,0.0,0.0,0.5412663347845715,0.5412663347845715,0.0,0,0,0,0.0,OPTIMAL,0.0
2026-01-28 02:30:00,ZONE_A,0,0.99762803,0.001610273,2296.1870004,2296.1870004,0.0,0.0,0.536957560291918,0.536957560291918,0.0,0,0,0,0.0,OPTIMAL,0.0
2026-01-28 02:45:00,ZONE_A,0,0.99831104,0.001610273,2289.06977,2289.06977,0.0,0.0,0.5613552446277373,0.5613552446277373,0.0,0,0,0,0.0,OPTIMAL,0.0
2026-01-28 03:00:00,ZONE_A,0,0.9980227,0.0021682323,2285.133159,2285.133159,0.0,0.0,0.5363447626496914,0.5363447626496914,0.0,0,0,0,0.0,OPTIMAL,0.0
2026-01-28 03:15:00,ZONE_A,0,0.9980057,0.0021682323,2285.181977,2285.181977,0.0,0.0,0.520022141053943,0.520022141053943,0.0,0,0,0,0.0,OPTIMAL,0.0
2026-01-28 03:30:00,ZONE_A,0,0.998052,0.0017469722,2265.865127,2265.865127,0.0,0.0,0.5283593906217117,0.5283593906217117,0.0,0,0,0,0.0,OPTIMAL,0.0
2026-01-28 03:45:00,ZONE_A,0,0.99817324,0.0011261555,2272.017439,2272.017439,0.0,0.0,0.5366081341494755,0.5366081341494755,0.0,0,0,0,0.0,OPTIMAL,0.0
2026-01-28 04:00:00,ZONE_A,0,0.9980253,0.0017469722,2264.087844,2264.087844,0.0,0.0,0.5311050661988072,0.5311050661988072,0.0,0,0,0,0.0,OPTIMAL,0.0
2026-01-28 04:15:00,ZONE_A,0,0.9978728,0.002162788,2255.114735,2255.114735,0.0,0.0,0.5389555690460156,0.5389555690460156,0.0,0,0,0,0.0,OPTIMAL,0.0
2026-01-28 04:30:00,ZONE_A,0,0.9979227,0.002316567,2256.767325,2256.767325,0.0,0.0,0.5310275044770731,0.5310275044770731,0.0,0,0,0,0.0,OPTIMAL,0.0
2026-01-28 04:45:00,ZONE_A,0,0.99800414,0.0020952746,2248.091602,2248.091602,0.0,0.0,0.5369770870664897,0.5369770870664897,0.0,0,0,0,0.0,OPTIMAL,0.0
2026-01-28 05:00:00,ZONE_A,0,0.994787,0.0027800049,2578.521686,2578.521686,0.0,0.0,0.608027182266675,0.608027182266675,0.0,0,0,0,0.0,OPTIMAL,0.0
2026-01-28 05:15:00,ZONE_A,0,0.99743575,0.001938195,2494.36172,2494.36172,0.0,0.0,0.624625123087003,0.624625123087003,0.0,0,0,0,0.0,OPTIMAL,0.0
2026-01-28 05:30:00,ZONE_A,0,0.99026674,0.002878946,2588.7413140000003,2588.7413140000003,0.0,0.0,0.6346968353981556,0.6346968353981556,0.0,0,0,0,0.0,OPTIMAL,0.0
2026-01-28 05:45:00,ZONE_A,0,0.92513216,0.0021550346,2546.875645,2546.875645,0.0,0.0,0.6313353029277693,0.6313353029277693,0.0,0,0,0,0.0,OPTIMAL,0.0
2026-01-28 06:00:00,ZONE_A,1,0.85387534,0.0019967014,2613.94892,2613.94892,0.0,0.0,0.6529841537855339,0.6529841537855339,0.0,0,0,0,0.0,OPTIMAL,0.0
2026-01-28 06:15:00,ZONE_A,1,0.9962823,0.0019840035,2672.267432,2672.267432,0.0,0.0,0.6608428576088745,0.6608428576088745,0.0,0,0,0,0.0,OPTIMAL,0.0
2026-01-28 06:30:00,ZONE_A,1,0.5380523,0.0030005646,2583.55084,2583.55084,0.0,0.0,0.6727046308523431,0.6727046308523431,0.0,0,0,0,0.0,OPTIMAL,0.0
2026-01-28 06:45:00,ZONE_A,1,0.99630785,0.0038045412,2646.85949,2646.85949,0.0,0.0,0.6770125138563864,0.6770125138563864,0.0,0,0,0,0.0,OPTIMAL,0.0
2026-01-28 07:00:00,ZONE_A,1,0.9917252,0.0034082101,2663.94849,2663.94849,0.0,0.0,0.6830112209027656,0.6830112209027656,0.0,0,0,0,0.0,OPTIMAL,0.0
2026-01-28 07:15:00,ZONE_A,1,0.98788446,0.0017118141,2718.932664,2718.932664,0.0,0.0,0.6927956873416252,0.6927956873416252,0.0,0,0,0,0.0,OPTIMAL,0.0
2026-01-28 07:30:00,ZONE_A,1,0.8373854,0.008233617,2642.16083,2642.16083,0.0,0.0,0.7054535199594894,0.7054535199594894,0.0,0,0,0,0.0,OPTIMAL,0.0
2026-01-28 07:45:00,ZONE_A,3,0.6784529,0.0015776904,2775.3993600000003,2775.3993600000003,0.0,0.0,0.705904773961188,0.705904773961188,0.0,0,0,0,0.0,OPTIMAL,0.0
2026-01-28 08:00:00,ZONE_A,2,0.92030627,0.018558186,2731.74285,2731.74285,0.0,0.0,0.7275343874981826,0.7275343874981826,0.0,0,0,0,0.0,OPTIMAL,0.0
2026-01-28 08:15:00,ZONE_A,2,0.95993096,0.23055004,2674.50222,2674.50222,0.0,0.0,0.7288521813366191,0.7288521813366191,0.0,0,0,0,0.0,OPTIMAL,0.0
2026-01-28 08:30:00,ZONE_A,2,0.48434594,0.24254616,2747.3242600000003,2747.3242600000003,0.0,0.0,0.7338978145984718,0.7338978145984718,0.0,0,0,0,0.0,OPTIMAL,0.0
2026-01-28 08:45:00,ZONE_A,3,0.73827,0.3173179,2775.77353,2775.77353,0.0,0.0,0.7485592771821378,0.7485592771821378,0.0,0,0,0,0.0,OPTIMAL,0.0
2026-01-28 09:00:00,ZONE_A,1,0.9470438,0.3473364,2391.3835000000004,2391.3835000000004,0.0,0.0,0.648751547289333,0.648751547289333,0.0,0,0,0,0.0,OPTIMAL,0.0
2026-01-28 09:15:00,ZONE_A,1,0.9538937,0.41765976,2385.64234,2385.64234,0.0,0.0,0.655149965993272,0.655149965993272,0.0,0,0,0,0.0,OPTIMAL,0.0
2026-01-28 09:30:00,ZONE_A,1,0.8553592,0.4519501,2319.4612800000004,2319.4612800000004,0.0,0.0,0.6899053270852972,0.6899053270852972,0.0,0,0,0,0.0,OPTIMAL,0.0
2026-01-28 09:45:00,ZONE_A,1,0.9595105,0.54192954,2312.69576,2538.6588310614898,225.96307106148961,0.0,0.6651591917541995,0.7297200694571032,225.96307106148961,0,0,0,0.0,OPTIMAL,11298.15355307448
2026-01-28 10:00:00,ZONE_A,1,0.9836912,0.6777676,2371.94134,2628.8170632618157,256.875723261816,0.0,0.6432118477577712,0.7166049117558105,256.875723261816,0,0,0,0.0,OPTIMAL,12843.786163090801
2026-01-28 10:15:00,ZONE_A,1,0.9916455,0.5111905,2303.504,2513.1404636213,209.6364636213,0.0,0.6637058764380693,0.7236020090749855,209.6364636213,0,0,0,0.0,OPTIMAL,10481.823181065001
2026-01-28 10:30:00,ZONE_A,0,0.60557324,0.61126566,2222.53143,2503.1122521057223,280.58082210572223,0.0,0.6513108516784,0.7314768011099844,280.58082210572223,0,0,0,0.0,OPTIMAL,14029.04110528611
2026-01-28 10:45:00,ZONE_A,1,0.9817032,0.62594754,2226.98733,2526.8534893549577,299.8661593549578,0.0,0.6602136776279934,0.7458897234138524,299.8661593549578,0,0,0,0.0,OPTIMAL,14993.30796774789
2026-01-28 11:00:00,ZONE_A,1,0.9847081,0.54315853,2192.91584,2488.357449708737,295.4416097087368,0.0,0.7036490829158389,0.7880609716406377,295.4416097087368,0,0,0,0.0,OPTIMAL,14772.08048543684
2026-01-28 11:15:00,ZONE_A,1,0.9755317,0.573668,2092.5625,2425.3204591375998,332.7579591375999,32.757959137599926,0.6480870354375703,0.743160738331023,300.0,0,0,0,32.757959137599926,OPTIMAL,342579.59137599927
2026-01-28 11:30:00,ZONE_A,1,0.97566223,0.53812855,2141.00416,2435.661204608882,294.657044608882,0.0,0.6477644439907954,0.7319521712633452,294.657044608882,0,0,0,0.0,OPTIMAL,14732.852230444101
2026-01-28 11:45:00,ZONE_A,1,0.87090856,0.5320505,2194.3909000000003,2453.4584192014004,259.0675192014,0.0,0.6404093926318022,0.7144286840500429,259.0675192014,0,0,0,0.0,OPTIMAL,12953.37596007
2026-01-28 12:00:00,ZONE_A,1,0.9324635,0.5265083,2209.70244,2490.924454439618,281.222014439618,0.0,0.649333387147327,0.7296825344012033,281.222014439618,0,0,0,0.0,OPTIMAL,14061.100721980902
2026-01-28 12:15:00,ZONE_A,1,0.9847081,0.56482977,2179.1539999999995,2493.1900324287944,314.036032428795,14.03603242879501,0.6377926268200813,0.7275172077689851,300.0,0,0,0,14.03603242879501,OPTIMAL,155360.32428795012
2026-01-28 12:30:00,ZONE_A,1,0.9899054,0.48983538,2285.40267,2285.40267,0.0,0.0,0.6395728701841283,0.6395728701841283,0.0,0,0,0,0.0,OPTIMAL,0.0
2026-01-28 12:45:00,ZONE_A,1,0.99319685,0.5361371,2172.027,2458.2850733917003,286.2580733917,0.0,0.651697422216967,0.7334854434134718,286.2580733917,0,0,0,0.0,OPTIMAL,14312.903669585
2026-01-28 13:00:00,ZONE_A,1,0.99277955,0.5640817,2217.99756,2494.133850960348,276.136290960348,0.0,0.64569568752632,0.7245917708828369,276.136290960348,0,0,0,0.0,OPTIMAL,13806.814548017399
2026-01-28 13:15:00,ZONE_A,1,0.982312,0.5661273,2229.81614,2516.996928144158,287.180788144158,0.0,0.6687445232617395,0.7507961772437456,287.180788144158,0,0,0,0.0,OPTIMAL,14359.0394072079
2026-01-28 13:30:00,ZONE_A,1,0.9719153,0.52673596,2301.32516,2512.184696792898,210.85953679289838,0.0,0.6392521099348394,0.699497692042818,210.85953679289838,0,0,0,0.0,OPTIMAL,10542.97683964492
2026-01-28 13:45:00,ZONE_A,1,0.9859167,0.5510214,2272.0023,2509.7546442799803,237.75234427998,0.0,0.6733779730165053,0.7413072144343862,237.75234427998,0,0,0,0.0,OPTIMAL,11887.617213999001
2026-01-28 14:00:00,ZONE_A,1,0.9806323,0.49759525,2377.0082,2377.0082,0.0,0.0,0.6476359189513111,0.6476359189513111,0.0,0,0,0,0.0,OPTIMAL,0.0
2026-01-28 14:15:00,ZONE_A,1,0.8272864,0.19945125,2319.3043,2319.3043,0.0,0.0,0.6599483696126925,0.6599483696126925,0.0,0,0,0,0.0,OPTIMAL,0.0
2026-01-28 14:30:00,ZONE_A,1,0.9841075,0.10892537,2362.16215,2362.16215,0.0,0.0,0.6539794041833062,0.6539794041833062,0.0,0,0,0,0.0,OPTIMAL,0.0
2026-01-28 14:45:00,ZONE_A,1,0.9360023,0.10156762,2323.72136,2323.72136,0.0,0.0,0.6443766032563871,0.6443766032563871,0.0,0,0,0,0.0,OPTIMAL,0.0
2026-01-28 15:00:00,ZONE_A,1,0.9916636,0.25842807,2385.42372,2385.42372,0.0,0.0,0.6876745029644453,0.6876745029644453,0.0,0,0,0,0.0,OPTIMAL,0.0
2026-01-28 15:15:00,ZONE_A,1,0.99010676,0.05974931,2458.61852,2458.61852,0.0,0.0,0.6836190889586358,0.6836190889586358,0.0,0,0,0,0.0,OPTIMAL,0.0
2026-01-28 15:30:00,ZONE_A,1,0.99003804,0.12203276,2466.61435,2466.61435,0.0,0.0,0.672373591558012,0.672373591558012,0.0,0,0,0,0.0,OPTIMAL,0.0
2026-01-28 15:45:00,ZONE_A,1,0.9958235,0.0040860106,2600.18707,2600.18707,0.0,0.0,0.6874342956640339,0.6874342956640339,0.0,0,0,0,0.0,OPTIMAL,0.0
2026-01-28 16:00:00,ZONE_A,1,0.9821086,0.0037720466,2572.9355,2572.9355,0.0,0.0,0.6843622881593486,0.6843622881593486,0.0,0,0,0,0.0,OPTIMAL,0.0
2026-01-28 16:15:00,ZONE_A,1,0.9795918,0.0037720466,2587.98657,2587.98657,0.0,0.0,0.6809167968805555,0.6809167968805555,0.0,0,0,0,0.0,OPTIMAL,0.0
2026-01-28 16:30:00,ZONE_A,1,0.94968075,0.0014992488,2676.73144,2676.73144,0.0,0.0,0.6912603603693673,0.6912603603693673,0.0,0,0,0,0.0,OPTIMAL,0.0
2026-01-28 16:45:00,ZONE_A,1,0.9798441,0.0023541432,2659.8308,2659.8308,0.0,0.0,0.6745715808406492,0.6745715808406492,0.0,0,0,0,0.0,OPTIMAL,0.0
2026-01-28 17:00:00,ZONE_A,1,0.9771071,0.0012839839,2751.12366,2751.12366,0.0,0.0,0.690701549107434,0.690701549107434,0.0,0,0,0,0.0,OPTIMAL,0.0
2026-01-28 17:15:00,ZONE_A,1,0.9828469,0.0014537001,2740.17881,2740.17881,0.0,0.0,0.6818122143423657,0.6818122143423657,0.0,0,0,0,0.0,OPTIMAL,0.0
2026-01-28 17:30:00,ZONE_A,1,0.97123766,0.0020323144,2744.76226,2744.76226,0.0,0.0,0.6763991156567865,0.6763991156567865,0.0,0,0,0,0.0,OPTIMAL,0.0
2026-01-28 17:45:00,ZONE_A,1,0.9795759,0.0022569227,2761.750993,2761.750993,0.0,0.0,0.6815657569816505,0.6815657569816505,0.0,0,0,0,0.0,OPTIMAL,0.0
2026-01-28 18:00:00,ZONE_A,1,0.977376,0.0017669802,2758.930557,2758.930557,0.0,0.0,0.6826046493955615,0.6826046493955615,0.0,0,0,0,0.0,OPTIMAL,0.0
2026-01-28 18:15:00,ZONE_A,1,0.951163,0.0017669802,2783.7388400000004,2783.7388400000004,0.0,0.0,0.6901231708816304,0.6901231708816304,0.0,0,0,0,0.0,OPTIMAL,0.0
2026-01-28 18:30:00,ZONE_A,1,0.9730665,0.0022569227,2781.303693,2781.303693,0.0,0.0,0.6934503031004625,0.6934503031004625,0.0,0,0,0,0.0,OPTIMAL,0.0
2026-01-28 18:45:00,ZONE_A,1,0.9750031,0.0013121408,2781.504707,2781.504707,0.0,0.0,0.6843149824413762,0.6843149824413762,0.0,0,0,0,0.0,OPTIMAL,0.0
2026-01-28 19:00:00,ZONE_A,1,0.9682045,0.0015842484,2772.322324,2772.322324,0.0,0.0,0.6874946049733871,0.6874946049733871,0.0,0,0,0,0.0,OPTIMAL,0.0
2026-01-28 19:15:00,ZONE_A,1,0.94665766,0.0007662289,2766.11943,2766.11943,0.0,0.0,0.685685260132948,0.685685260132948,0.0,0,0,0,0.0,OPTIMAL,0.0
2026-01-28 19:30:00,ZONE_A,1,0.9772709,0.0014269529,2770.725993,2770.725993,0.0,0.0,0.6889511091271986,0.6889511091271986,0.0,0,0,0,0.0,OPTIMAL,0.0
2026-01-28 19:45:00,ZONE_A,1,0.93887776,0.0013404563,2761.54584,2761.54584,0.0,0.0,0.7068013318593585,0.7068013318593585,0.0,0,0,0,0.0,OPTIMAL,0.0
2026-01-28 20:00:00,ZONE_A,0,0.772788,0.001269292,2640.2240285000003,2640.2240285000003,0.0,0.0,0.6454869076878104,0.6454869076878104,0.0,0,0,0,0.0,OPTIMAL,0.0
2026-01-28 20:15:00,ZONE_A,0,0.97308415,0.001269292,2629.410515,2629.410515,0.0,0.0,0.6534533124525048,0.6534533124525048,0.0,0,0,0,0.0,OPTIMAL,0.0
2026-01-28 20:30:00,ZONE_A,0,0.97578806,0.001269292,2617.4101137,2617.4101137,0.0,0.0,0.6336027426355644,0.6336027426355644,0.0,0,0,0,0.0,OPTIMAL,0.0
2026-01-28 20:45:00,ZONE_A,0,0.97840106,0.0011078259,2607.9029735000004,2607.9029735000004,0.0,0.0,0.6039190502497503,0.6039190502497503,0.0,0,0,0,0.0,OPTIMAL,0.0
2026-01-28 21:00:00,ZONE_A,0,0.99427325,0.0019454967,2574.7736289,2574.7736289,0.0,0.0,0.6083550715751651,0.6083550715751651,0.0,0,0,0,0.0,OPTIMAL,0.0
2026-01-28 21:15:00,ZONE_A,0,0.99543816,0.0019345457,2528.723034,2528.723034,0.0,0.0,0.6114922055495384,0.6114922055495384,0.0,0,0,0,0.0,OPTIMAL,0.0
2026-01-28 21:30:00,ZONE_A,0,0.9955712,0.0022756194,2512.4790954,2512.4790954,0.0,0.0,0.596636759430774,0.596636759430774,0.0,0,0,0,0.0,OPTIMAL,0.0
2026-01-28 21:45:00,ZONE_A,0,0.99666387,0.0013845144,2475.8230935,2475.8230935,0.0,0.0,0.5874035970485575,0.5874035970485575,0.0,0,0,0,0.0,OPTIMAL,0.0
2026-01-28 22:00:00,ZONE_A,0,0.99572694,0.0013852925,2431.27682706,2431.27682706,0.0,0.0,0.5729987146598805,0.5729987146598805,0.0,0,0,0,0.0,OPTIMAL,0.0
2026-01-28 22:15:00,ZONE_A,0,0.9958378,0.0013543192,2409.3311473000003,2409.3311473000003,0.0,0.0,0.5550982794278811,0.5550982794278811,0.0,0,0,0,0.0,OPTIMAL,0.0
2026-01-28 22:30:00,ZONE_A,0,0.9965797,0.0013470826,2402.0298391700003,2402.0298391700003,0.0,0.0,0.5624212422654017,0.5624212422654017,0.0,0,0,0,0.0,OPTIMAL,0.0
2026-01-28 22:45:00,ZONE_A,0,0.9965797,0.0013238001,2367.5996,2367.5996,0.0,0.0,0.5779327758378602,0.5779327758378602,0.0,0,0,0,0.0,OPTIMAL,0.0
2026-01-28 23:00:00,ZONE_A,0,0.9965797,0.0014381455,2333.58584754,2333.58584754,0.0,0.0,0.5390790390428982,0.5390790390428982,0.0,0,0,0,0.0,OPTIMAL,0.0
2026-01-28 23:15:00,ZONE_A,0,0.99773574,0.0016869666,2334.3076628,2334.3076628,0.0,0.0,0.5436259654571454,0.5436259654571454,0.0,0,0,0,0.0,OPTIMAL,0.0
2026-01-28 23:30:00,ZONE_A,0,0.99715,0.0020786943,2320.7096026,2320.7096026,0.0,0.0,0.5506887531993352,0.5506887531993352,0.0,0,0,0,0.0,OPTIMAL,0.0
2026-01-28 23:45:00,ZONE_A,0,0.9972664,0.0015898554,2331.6230874,2331.6230874,0.0,0.0,0.5385556676969054,0.5385556676969054,0.0,0,0,0,0.0,OPTIMAL,0.0
2026-01-29 00:00:00,ZONE_A,0,0.9979017,0.0018037457,2317.812123,2317.812123,0.0,0.0,0.5282907957992012,0.5282907957992012,0.0,0,0,0,0.0,OPTIMAL,0.0
2026-01-29 00:15:00,ZONE_A,0,0.9978471,0.0012032808,2304.2080765,2304.2080765,0.0,0.0,0.536775611172102,0.536775611172102,0.0,0,0,0,0.0,OPTIMAL,0.0
2026-01-29 00:30:00,ZONE_A,0,0.9977798,0.0012792058,2302.0595427,2302.0595427,0.0,0.0,0.5312487078043063,0.5312487078043063,0.0,0,0,0,0.0,OPTIMAL,0.0
2026-01-29 00:45:00,ZONE_A,0,0.9978662,0.0018037457,2309.5107535,2309.5107535,0.0,0.0,0.5321425093200175,0.5321425093200175,0.0,0,0,0,0.0,OPTIMAL,0.0
2026-01-29 01:00:00,ZONE_A,0,0.99773175,0.0022330456,2315.4767972,2315.4767972,0.0,0.0,0.5316577789094603,0.5316577789094603,0.0,0,0,0,0.0,OPTIMAL,0.0
2026-01-29 01:15:00,ZONE_A,0,0.99760973,0.001610273,2299.4227636,2299.4227636,0.0,0.0,0.5595160805088608,0.5595160805088608,0.0,0,0,0,0.0,OPTIMAL,0.0
2026-01-29 01:30:00,ZONE_A,0,0.99787843,0.0023125657,2310.147285,2310.147285,0.0,0.0,0.5419775980894732,0.5419775980894732,0.0,0,0,0,0.0,OPTIMAL,0.0
2026-01-29 01:45:00,ZONE_A,0,0.99792093,0.002064629,2298.276644,2298.276644,0.0,0.0,0.5391587558048108,0.5391587558048108,0.0,0,0,0,0.0,OPTIMAL,0.0
2026-01-29 02:00:00,ZONE_A,0,0.9979259,0.0019936175,2299.816013,2299.816013,0.0,0.0,0.5386699018400849,0.5386699018400849,0.0,0,0,0,0.0,OPTIMAL,0.0
2026-01-29 02:15:00,ZONE_A,0,0.99834585,0.0010379842,2291.8697016,2291.8697016,0.0,0.0,0.5338678980286863,0.5338678980286863,0.0,0,0,0,0.0,OPTIMAL,0.0
2026-01-29 02:30:00,ZONE_A,0,0.9974216,0.0025150462,2307.091055,2307.091055,0.0,0.0,0.5440426761010446,0.5440426761010446,0.0,0,0,0,0.0,OPTIMAL,0.0
2026-01-29 02:45:00,ZONE_A,0,0.9983911,0.0022454497,2289.9250255,2289.9250255,0.0,0.0,0.5364984279754297,0.5364984279754297,0.0,0,0,0,0.0,OPTIMAL,0.0
2026-01-29 03:00:00,ZONE_A,0,0.9983752,0.0021682323,2287.452555,2287.452555,0.0,0.0,0.5382004145920781,0.5382004145920781,0.0,0,0,0,0.0,OPTIMAL,0.0
2026-01-29 03:15:00,ZONE_A,0,0.9975089,0.0026840486,2305.057718,2305.057718,0.0,0.0,0.5188111312186054,0.5188111312186054,0.0,0,0,0,0.0,OPTIMAL,0.0
2026-01-29 03:30:00,ZONE_A,0,0.99831945,0.0014828595,2287.5495763,2287.5495763,0.0,0.0,0.5310265285934949,0.5310265285934949,0.0,0,0,0,0.0,OPTIMAL,0.0
2026-01-29 03:45:00,ZONE_A,0,0.9975272,0.0018037457,2309.5041646,2309.5041646,0.0,0.0,0.5393166181436354,0.5393166181436354,0.0,0,0,0,0.0,OPTIMAL,0.0
2026-01-29 04:00:00,ZONE_A,0,0.9983011,0.001610273,2290.2565383,2290.2565383,0.0,0.0,0.5450193678898048,0.5450193678898048,0.0,0,0,0,0.0,OPTIMAL,0.0
2026-01-29 04:15:00,ZONE_A,0,0.99731773,0.0019936175,2305.4027656000003,2305.4027656000003,0.0,0.0,0.5389584169565366,0.5389584169565366,0.0,0,0,0,0.0,OPTIMAL,0.0
2026-01-29 04:30:00,ZONE_A,0,0.99756503,0.0023125657,2325.2171474,2325.2171474,0.0,0.0,0.532159518036032,0.532159518036032,0.0,0,0,0,0.0,OPTIMAL,0.0
2026-01-29 04:45:00,ZONE_A,0,0.97958606,0.0018945743,2261.972758,2261.972758,0.0,0.0,0.5291748483338309,0.5291748483338309,0.0,0,0,0,0.0,OPTIMAL,0.0
2026-01-29 05:00:00,ZONE_A,0,0.997428,0.0016784421,2557.782327,2557.782327,0.0,0.0,0.6091299973651023,0.6091299973651023,0.0,0,0,0,0.0,OPTIMAL,0.0
2026-01-29 05:15:00,ZONE_A,0,0.9969387,0.0027875314,2518.846658,2518.846658,0.0,0.0,0.6115787690639953,0.6115787690639953,0.0,0,0,0,0.0,OPTIMAL,0.0
2026-01-29 05:30:00,ZONE_A,0,0.97381616,0.0020434181,2602.966532,2602.966532,0.0,0.0,0.6284340256621819,0.6284340256621819,0.0,0,0,0,0.0,OPTIMAL,0.0
2026-01-29 05:45:00,ZONE_A,0,0.9114985,0.0024293212,2588.45127,2588.45127,0.0,0.0,0.6354411686273822,0.6354411686273822,0.0,0,0,0,0.0,OPTIMAL,0.0
2026-01-29 06:00:00,ZONE_A,1,0.5304691,0.0019967014,2610.08569,2610.08569,0.0,0.0,0.6458768293799029,0.6458768293799029,0.0,0,0,0,0.0,OPTIMAL,0.0
2026-01-29 06:15:00,ZONE_A,1,0.6596989,0.0020190293,2552.59885,2552.59885,0.0,0.0,0.6581474499885135,0.6581474499885135,0.0,0,0,0,0.0,OPTIMAL,0.0
2026-01-29 06:30:00,ZONE_A,1,0.9957235,0.0018246087,2652.381476,2652.381476,0.0,0.0,0.6729490896603223,0.6729490896603223,0.0,0,0,0,0.0,OPTIMAL,0.0
2026-01-29 06:45:00,ZONE_A,1,0.99609864,0.24372095,2493.89376,2493.89376,0.0,0.0,0.667801743922213,0.667801743922213,0.0,0,0,0,0.0,OPTIMAL,0.0
2026-01-29 07:00:00,ZONE_A,1,0.9962132,0.07955784,2485.277,2485.277,0.0,0.0,0.7017199792255145,0.7017199792255145,0.0,0,0,0,0.0,OPTIMAL,0.0
2026-01-29 07:15:00,ZONE_A,1,0.8754302,0.07328599,2500.33647,2500.33647,0.0,0.0,0.6855789930241806,0.6855789930241806,0.0,0,0,0,0.0,OPTIMAL,0.0
2026-01-29 07:30:00,ZONE_A,2,0.9693689,0.7396023,2469.46582,2764.547819287924,295.081999287924,0.0,0.7029269626209321,0.7872361055324107,295.081999287924,0,0,0,0.0,OPTIMAL,14754.0999643962
2026-01-29 07:45:00,ZONE_A,2,0.95620024,0.8577907,2464.5073,2883.95674459067,419.44944459067,119.44944459067,0.7244236174065528,0.8442663162217865,300.0,0,0,0,119.44944459067,OPTIMAL,1209494.4459066999
2026-01-29 08:00:00,ZONE_A,2,0.954034,0.750747,2470.2733,2829.188924266,358.915624266,58.91562426600001,0.7611699882083681,0.8637173097710208,300.0,0,0,0,58.91562426600001,OPTIMAL,48614740.280274875
2026-01-29 08:15:00,ZONE_A,2,0.92938805,0.65847677,2446.9362,2805.538895624411,358.602695624411,58.60269562441101,0.7352373559147033,0.8376952692761115,300.0,0,0,0,58.60269562441101,OPTIMAL,601026.9562441101
2026-01-29 08:30:00,ZONE_A,3,0.9525443,0.7040257,2536.1705300000003,2886.4225202009593,350.25199020095897,50.25199020095897,0.7591542680683258,0.8592262656054597,300.0,0,0,0,50.25199020095897,OPTIMAL,32809449.412418455
2026-01-29 08:45:00,ZONE_A,3,0.9224671,0.804711,2464.4341400000003,2916.83176841306,452.39762841306,152.39762841305998,0.7760407909765029,0.9052972567064176,300.0,0,0,0,152.39762841305998,OPTIMAL,195079374.05428144
2026-01-29 09:00:00,ZONE_A,1,0.95651,0.4892238,2091.1308,2091.1308,0.0,0.0,0.6529240436347833,0.6529240436347833,0.0,0,0,0,0.0,OPTIMAL,0.0
2026-01-29 09:15:00,ZONE_A,1,0.869258,0.5563342,2205.9478,2505.58044313938,299.63264313938,0.0,0.6606018020860708,0.7462111290206659,299.63264313938,0,0,0,0.0,OPTIMAL,14981.632156968999
2026-01-29 09:30:00,ZONE_A,1,0.94773614,0.5327223,2089.4146,2416.24905369025,326.83445369025003,26.83445369025003,0.6860907768242995,0.7794720496949505,300.0,0,0,0,26.83445369025003,OPTIMAL,283344.5369025003
2026-01-29 09:45:00,ZONE_A,1,0.9492388,0.584822,2052.3105,2441.4737498936,389.1632498936,89.16324989359998,0.6952758544876371,0.8064653549537092,300.0,0,0,0,89.16324989359998,OPTIMAL,906632.4989359998
2026-01-29 10:00:00,ZONE_A,1,0.97445655,0.5878663,2104.6624,2473.90486780106,369.24246780105995,69.24246780105995,0.6812682856759465,0.7867661339230683,300.0,0,0,0,69.24246780105995,OPTIMAL,707424.6780105995
2026-01-29 10:15:00,ZONE_A,1,0.9785902,0.7326861,1970.0602,2520.14890782796,550.08870782796,250.08870782795998,0.6622695806658158,0.8194377833654549,300.0,0,0,0,250.08870782795998,OPTIMAL,2515887.0782796
2026-01-29 10:30:00,ZONE_A,1,0.9732175,0.8154686,2041.5441,2579.7921107585,538.2480107585,238.24801075849996,0.7102320099620536,0.8640171563829567,300.0,0,0,0,238.24801075849996,OPTIMAL,51457527.29164643
2026-01-29 10:45:00,ZONE_A,1,0.9676494,0.9161802,2083.32107,2648.883624228386,565.562554228386,265.56255422838603,0.6683098236943286,0.8298991254327195,300.0,0,0,0,265.56255422838603,OPTIMAL,2670625.5422838605
2026-01-29 11:00:00,ZONE_A,1,0.971981,0.9183794,2061.3739400000004,2666.0315940589844,604.6576540589839,304.6576540589839,0.6605588192677029,0.8333181495408624,300.0,0,0,0,304.6576540589839,OPTIMAL,3061576.5405898388
2026-01-29 11:15:00,ZONE_A,1,0.9876714,0.9135724,2030.1234,2651.08239728408,620.9589972840799,320.95899728407994,0.6629269978814776,0.8403438547736786,300.0,0,0,0,320.95899728407994,OPTIMAL,3224589.9728407995
2026-01-29 11:30:00,ZONE_A,1,0.9447156,0.89149624,2090.1063000000004,2639.1869468317846,549.080646831784,249.08064683178395,0.6953070267786946,0.852187212129175,300.0,0,0,0,249.08064683178395,OPTIMAL,10161048.894012336
2026-01-29 11:45:00,ZONE_A,1,0.9046407,0.9478759,2146.7742,2733.66180054472,586.88760054472,286.88760054472004,0.6772050722525131,0.8448872443422575,300.0,0,0,0,286.88760054472004,OPTIMAL,2883876.0054472005
2026-01-29 12:00:00,ZONE_A,1,0.98838264,0.9516,2127.26346,2677.825856904,550.562396904,250.56239690400002,0.6637898964706452,0.8210934389066358,300.0,0,0,0,250.56239690400002,OPTIMAL,2520623.9690400003
2026-01-29 12:15:00,ZONE_A,1,0.70319843,0.9494197,2133.1432000000004,2652.1413902816603,518.99819028166,218.99819028165996,0.6584421554221696,0.8067273530854211,300.0,0,0,0,218.99819028165996,OPTIMAL,2204981.9028165997
2026-01-29 12:30:00,ZONE_A,1,0.7680224,0.8827253,2090.55235,2598.315406652865,507.763056652865,207.76305665286498,0.6391465211250167,0.784221680644828,300.0,0,0,0,207.76305665286498,OPTIMAL,2092630.5665286498
2026-01-29 12:45:00,ZONE_A,1,0.87723994,0.93035406,2161.0814,2663.761839477254,502.68043947725397,202.68043947725397,0.6593756358259961,0.8029986189787187,300.0,0,0,0,202.68043947725397,OPTIMAL,2041804.3947725396
2026-01-29 13:00:00,ZONE_A,1,0.98224777,0.73899955,2241.9067000000005,2583.3124464073353,341.40574640733496,41.40574640733496,0.6510259921659133,0.7485704914295672,300.0,0,0,0,41.40574640733496,OPTIMAL,429057.4640733496
2026-01-29 13:15:00,ZONE_A,0,0.5560219,0.6512545,2157.5964,2495.1938379609,337.5974379608999,37.597437960899924,0.6397476243135727,0.7362040354419455,300.0,0,0,0,37.597437960899924,OPTIMAL,390974.37960899924
2026-01-29 13:30:00,ZONE_A,1,0.5782047,0.63773984,2274.58732,2545.687515851955,271.10019585195516,0.0,0.6482206988952507,0.7256778979247449,271.10019585195516,0,0,0,0.0,OPTIMAL,13555.009792597759
2026-01-29 13:45:00,ZONE_A,0,0.568372,0.7257526,2280.8405,2574.4199096447196,293.57940964472,0.0,0.6564077490338437,0.7402875806071597,293.57940964472,0,0,0,0.0,OPTIMAL,14678.970482236
2026-01-29 14:00:00,ZONE_A,1,0.99188167,0.65622693,2328.5347,2578.361145346009,249.826445346009,0.0,0.6498664418416824,0.721245426430796,249.826445346009,0,0,0,0.0,OPTIMAL,12491.32226730045
2026-01-29 14:15:00,ZONE_A,1,0.9937723,0.6765276,2337.1586,2584.99041448592,247.83181448592,0.0,0.6462497287070309,0.717058818756705,247.83181448592,0,0,0,0.0,OPTIMAL,12391.590724296
2026-01-29 14:30:00,ZONE_A,1,0.595002,0.7069952,2345.1896,2581.40510956288,236.21550956288002,0.0,0.6754619790827471,0.742952124863995,236.21550956288002,0,0,0,0.0,OPTIMAL,11810.775478144002
2026-01-29 14:45:00,ZONE_A,1,0.6841364,0.5486549,2364.0719,2547.33092128899,183.25902128899,0.0,0.6597543269880085,0.7121140475086805,183.25902128899,0,0,0,0.0,OPTIMAL,9162.9510644495
2026-01-29 15:00:00,ZONE_A,1,0.9476474,0.29637462,2483.7010600000003,2483.7010600000003,0.0,0.0,0.6810413816282505,0.6810413816282505,0.0,0,0,0,0.0,OPTIMAL,0.0
2026-01-29 15:15:00,ZONE_A,1,0.9541338,0.56767553,2537.37892,2693.1863135932576,155.80739359325742,0.0,0.6817279888815053,0.7262443871768488,155.80739359325742,0,0,0,0.0,OPTIMAL,7790.369679662871
2026-01-29 15:30:00,ZONE_A,1,0.93927693,0.015895678,2546.2535,2546.2535,0.0,0.0,0.6841111522746283,0.6841111522746283,0.0,0,0,0,0.0,OPTIMAL,0.0
2026-01-29 15:45:00,ZONE_A,1,0.98579955,0.00463038,2616.17719,2616.17719,0.0,0.0,0.6963271866391382,0.6963271866391382,0.0,0,0,0,0.0,OPTIMAL,0.0
2026-01-29 16:00:00,ZONE_A,1,0.9895695,0.0018475465,2667.1359,2667.1359,0.0,0.0,0.6880706067457275,0.6880706067457275,0.0,0,0,0,0.0,OPTIMAL,0.0
2026-01-29 16:15:00,ZONE_A,1,0.9893622,0.0013204984,2705.2734,2705.2734,0.0,0.0,0.6830384089731237,0.6830384089731237,0.0,0,0,0,0.0,OPTIMAL,0.0
2026-01-29 16:30:00,ZONE_A,1,0.99286723,0.0013204984,2746.328382,2746.328382,0.0,0.0,0.6873122829755015,0.6873122829755015,0.0,0,0,0,0.0,OPTIMAL,0.0
2026-01-29 16:45:00,ZONE_A,1,0.9879538,0.0013944156,2754.810367,2754.810367,0.0,0.0,0.6957896783295183,0.6957896783295183,0.0,0,0,0,0.0,OPTIMAL,0.0
2026-01-29 17:00:00,ZONE_A,1,0.9694002,0.0013392626,2833.5081674000003,2833.5081674000003,0.0,0.0,0.6886744060758414,0.6886744060758414,0.0,0,0,0,0.0,OPTIMAL,0.0
2026-01-29 17:15:00,ZONE_A,1,0.9735918,0.0014557636,2836.5540826,2836.5540826,0.0,0.0,0.6853876446687106,0.6853876446687106,0.0,0,0,0,0.0,OPTIMAL,0.0
2026-01-29 17:30:00,ZONE_A,1,0.95979166,0.0011715189,2836.562896,2836.562896,0.0,0.0,0.6888777127500537,0.6888777127500537,0.0,0,0,0,0.0,OPTIMAL,0.0
2026-01-29 17:45:00,ZONE_A,1,0.9788461,0.0024336549,2803.9556,2803.9556,0.0,0.0,0.689751066847494,0.689751066847494,0.0,0,0,0,0.0,OPTIMAL,0.0
2026-01-29 18:00:00,ZONE_A,1,0.93128693,0.001624838,2851.9434441000003,2851.9434441000003,0.0,0.0,0.69407495536396,0.69407495536396,0.0,0,0,0,0.0,OPTIMAL,0.0
2026-01-29 18:15:00,ZONE_A,1,0.9038169,0.0020678353,2841.478,2841.478,0.0,0.0,0.6734095783298605,0.6734095783298605,0.0,0,0,0,0.0,OPTIMAL,0.0
2026-01-29 18:30:00,ZONE_A,1,0.9243566,0.0020678353,2843.4172,2843.4172,0.0,0.0,0.6875039530465195,0.6875039530465195,0.0,0,0,0,0.0,OPTIMAL,0.0
2026-01-29 18:45:00,ZONE_A,1,0.91489875,0.0016804273,2839.4282761,2839.4282761,0.0,0.0,0.6898560711569226,0.6898560711569226,0.0,0,0,0,0.0,OPTIMAL,0.0
2026-01-29 19:00:00,ZONE_A,1,0.93603414,0.0028124684,2826.0615281,2826.0615281,0.0,0.0,0.6835298564132857,0.6835298564132857,0.0,0,0,0,0.0,OPTIMAL,0.0
2026-01-29 19:15:00,ZONE_A,1,0.923686,0.0024041987,2829.4326,2829.4326,0.0,0.0,0.6829044705758178,0.6829044705758178,0.0,0,0,0,0.0,OPTIMAL,0.0
2026-01-29 19:30:00,ZONE_A,1,0.96544504,0.0028612006,2805.98,2805.98,0.0,0.0,0.678552984513662,0.678552984513662,0.0,0,0,0,0.0,OPTIMAL,0.0
2026-01-29 19:45:00,ZONE_A,1,0.94679195,0.0014805151,2780.3359917,2780.3359917,0.0,0.0,0.6857565214665077,0.6857565214665077,0.0,0,0,0,0.0,OPTIMAL,0.0
2026-01-29 20:00:00,ZONE_A,0,0.55726045,0.001269292,2660.3181326,2660.3181326,0.0,0.0,0.6560122431986183,0.6560122431986183,0.0,0,0,0,0.0,OPTIMAL,0.0
2026-01-29 20:15:00,ZONE_A,0,0.97451836,0.001269292,2638.808126,2638.808126,0.0,0.0,0.6565629746580307,0.6565629746580307,0.0,0,0,0,0.0,OPTIMAL,0.0
2026-01-29 20:30:00,ZONE_A,0,0.9764405,0.0016214611,2622.9139815,2622.9139815,0.0,0.0,0.633188277502835,0.633188277502835,0.0,0,0,0,0.0,OPTIMAL,0.0
2026-01-29 20:45:00,ZONE_A,0,0.98663074,0.0012824947,2609.4835266,2609.4835266,0.0,0.0,0.6212663528078367,0.6212663528078367,0.0,0,0,0,0.0,OPTIMAL,0.0
2026-01-29 21:00:00,ZONE_A,0,0.9952577,0.0019345457,2576.1571525,2576.1571525,0.0,0.0,0.6135673959297858,0.6135673959297858,0.0,0,0,0,0.0,OPTIMAL,0.0
2026-01-29 21:15:00,ZONE_A,0,0.99543816,0.0019345457,2528.3947446,2528.3947446,0.0,0.0,0.5980721249376167,0.5980721249376167,0.0,0,0,0,0.0,OPTIMAL,0.0
2026-01-29 21:30:00,ZONE_A,0,0.9955712,0.0022756194,2512.9337266,2512.9337266,0.0,0.0,0.5951376422433596,0.5951376422433596,0.0,0,0,0,0.0,OPTIMAL,0.0
2026-01-29 21:45:00,ZONE_A,0,0.9940247,0.0017869269,2452.4947266,2452.4947266,0.0,0.0,0.5854406990040375,0.5854406990040375,0.0,0,0,0,0.0,OPTIMAL,0.0
2026-01-29 22:00:00,ZONE_A,0,0.9958378,0.0012289241,2459.8052998000003,2459.8052998000003,0.0,0.0,0.5769523638689992,0.5769523638689992,0.0,0,0,0,0.0,OPTIMAL,0.0
2026-01-29 22:15:00,ZONE_A,0,0.9972441,0.0013927341,2425.6677954,2425.6677954,0.0,0.0,0.5682134334303602,0.5682134334303602,0.0,0,0,0,0.0,OPTIMAL,0.0
2026-01-29 22:30:00,ZONE_A,0,0.9972441,0.0013543192,2399.4616698,2399.4616698,0.0,0.0,0.5739983496850036,0.5739983496850036,0.0,0,0,0,0.0,OPTIMAL,0.0
2026-01-29 22:45:00,ZONE_A,0,0.9972441,0.0012020511,2349.478821,2349.478821,0.0,0.0,0.5643589861269918,0.5643589861269918,0.0,0,0,0,0.0,OPTIMAL,0.0
2026-01-29 23:00:00,ZONE_A,0,0.9972441,0.0015898554,2332.2062338,2332.2062338,0.0,0.0,0.5429570786937934,0.5429570786937934,0.0,0,0,0,0.0,OPTIMAL,0.0
2026-01-29 23:15:00,ZONE_A,0,0.9972441,0.001162777,2329.7207056,2329.7207056,0.0,0.0,0.5459911050519051,0.5459911050519051,0.0,0,0,0,0.0,OPTIMAL,0.0
2026-01-29 23:30:00,ZONE_A,0,0.9972632,0.0015898554,2314.2586696,2314.2586696,0.0,0.0,0.5510056255155666,0.5510056255155666,0.0,0,0,0,0.0,OPTIMAL,0.0
2026-01-29 23:45:00,ZONE_A,0,0.9972441,0.001162777,2322.7524483,2322.7524483,0.0,0.0,0.553776478035901,0.553776478035901,0.0,0,0,0,0.0,OPTIMAL,0.0
2026-01-30 00:00:00,ZONE_A,0,0.9978471,0.0018037457,2321.5150803,2321.5150803,0.0,0.0,0.5414112507542684,0.5414112507542684,0.0,0,0,0,0.0,OPTIMAL,0.0
2026-01-30 00:15:00,ZONE_A,0,0.9978471,0.0012032808,2303.9746697,2303.9746697,0.0,0.0,0.5457389111223376,0.5457389111223376,0.0,0,0,0,0.0,OPTIMAL,0.0
2026-01-30 00:30:00,ZONE_A,0,0.9978765,0.0010379842,2300.1441895000003,2300.1441895000003,0.0,0.0,0.5388918464158213,0.5388918464158213,0.0,0,0,0,0.0,OPTIMAL,0.0
2026-01-30 00:45:00,ZONE_A,0,0.9979017,0.0010379842,2302.219086,2302.219086,0.0,0.0,0.5425222415099683,0.5425222415099683,0.0,0,0,0,0.0,OPTIMAL,0.0
2026-01-30 01:00:00,ZONE_A,0,0.9978471,0.001610273,2304.3309803,2304.3309803,0.0,0.0,0.5423673956084174,0.5423673956084174,0.0,0,0,0,0.0,OPTIMAL,0.0
2026-01-30 01:15:00,ZONE_A,0,0.9978471,0.0012032808,2304.0551106,2304.0551106,0.0,0.0,0.5469721338613315,0.5469721338613315,0.0,0,0,0,0.0,OPTIMAL,0.0
2026-01-30 01:30:00,ZONE_A,0,0.9978662,0.0018680068,2319.1495777,2319.1495777,0.0,0.0,0.5317111174033117,0.5317111174033117,0.0,0,0,0,0.0,OPTIMAL,0.0
2026-01-30 01:45:00,ZONE_A,0,0.9978471,0.001610273,2306.202724,2306.202724,0.0,0.0,0.5420629979273636,0.5420629979273636,0.0,0,0,0,0.0,OPTIMAL,0.0
2026-01-30 02:00:00,ZONE_A,0,0.9978471,0.001610273,2301.383379,2301.383379,0.0,0.0,0.538223838783787,0.538223838783787,0.0,0,0,0,0.0,OPTIMAL,0.0
2026-01-30 02:15:00,ZONE_A,0,0.99835616,0.0010379842,2287.8072473,2287.8072473,0.0,0.0,0.5527681916655006,0.5527681916655006,0.0,0,0,0,0.0,OPTIMAL,0.0
2026-01-30 02:30:00,ZONE_A,0,0.9978161,0.0019936175,2304.920963,2304.920963,0.0,0.0,0.5364994376186708,0.5364994376186708,0.0,0,0,0,0.0,OPTIMAL,0.0
2026-01-30 02:45:00,ZONE_A,0,0.99834585,0.001610273,2291.3887544,2291.3887544,0.0,0.0,0.5295130513098552,0.5295130513098552,0.0,0,0,0,0.0,OPTIMAL,0.0
2026-01-30 03:00:00,ZONE_A,0,0.9978471,0.0018037457,2308.1277216000003,2308.1277216000003,0.0,0.0,0.5401004593575582,0.5401004593575582,0.0,0,0,0,0.0,OPTIMAL,0.0
2026-01-30 03:15:00,ZONE_A,0,0.9981572,0.00083613297,2280.9664558,2280.9664558,0.0,0.0,0.5350997209490336,0.5350997209490336,0.0,0,0,0,0.0,OPTIMAL,0.0
2026-01-30 03:30:00,ZONE_A,0,0.99816906,0.001610273,2284.7782892,2284.7782892,0.0,0.0,0.5364900406041343,0.5364900406041343,0.0,0,0,0,0.0,OPTIMAL,0.0
2026-01-30 03:45:00,ZONE_A,0,0.99804676,0.002726485,2284.2773497,2284.2773497,0.0,0.0,0.544659337140552,0.544659337140552,0.0,0,0,0,0.0,OPTIMAL,0.0
2026-01-30 04:00:00,ZONE_A,0,0.9981572,0.0012972764,2281.697556,2281.697556,0.0,0.0,0.5413704153290831,0.5413704153290831,0.0,0,0,0,0.0,OPTIMAL,0.0
2026-01-30 04:15:00,ZONE_A,0,0.99778074,0.0015879644,2278.635,2278.635,0.0,0.0,0.5453418914097737,0.5453418914097737,0.0,0,0,0,0.0,OPTIMAL,0.0
2026-01-30 04:30:00,ZONE_A,0,0.99817634,0.0012972764,2277.8720518,2277.8720518,0.0,0.0,0.5363488199274171,0.5363488199274171,0.0,0,0,0,0.0,OPTIMAL,0.0
2026-01-30 04:45:00,ZONE_A,0,0.9978662,0.0012032808,2303.9225823,2303.9225823,0.0,0.0,0.5406272567132057,0.5406272567132057,0.0,0,0,0,0.0,OPTIMAL,0.0
2026-01-30 05:00:00,ZONE_A,0,0.9978471,0.0016679054,2510.1907823,2510.1907823,0.0,0.0,0.6144461373812282,0.6144461373812282,0.0,0,0,0,0.0,OPTIMAL,0.0
2026-01-30 05:15:00,ZONE_A,0,0.9915937,0.0012463649,2603.795574,2603.795574,0.0,0.0,0.6197155799705552,0.6197155799705552,0.0,0,0,0,0.0,OPTIMAL,0.0
2026-01-30 05:30:00,ZONE_A,0,0.99785185,0.0017273353,2573.2558787,2573.2558787,0.0,0.0,0.6292260000773013,0.6292260000773013,0.0,0,0,0,0.0,OPTIMAL,0.0
2026-01-30 05:45:00,ZONE_A,0,0.9790082,0.001225617,2606.9026780000004,2606.9026780000004,0.0,0.0,0.6396959409345911,0.6396959409345911,0.0,0,0,0,0.0,OPTIMAL,0.0
2026-01-30 06:00:00,ZONE_A,0,0.5688447,0.0019008848,2635.1224,2635.1224,0.0,0.0,0.6495578138799245,0.6495578138799245,0.0,0,0,0,0.0,OPTIMAL,0.0
2026-01-30 06:15:00,ZONE_A,0,0.5008931,0.0016689887,2636.388489,2636.388489,0.0,0.0,0.6549563322032801,0.6549563322032801,0.0,0,0,0,0.0,OPTIMAL,0.0
2026-01-30 06:30:00,ZONE_A,1,0.9912725,0.002159844,2695.2630400000003,2695.2630400000003,0.0,0.0,0.6656223617827701,0.6656223617827701,0.0,0,0,0,0.0,OPTIMAL,0.0
2026-01-30 06:45:00,ZONE_A,1,0.9926474,0.001770099,2680.22328,2680.22328,0.0,0.0,0.6755823272577143,0.6755823272577143,0.0,0,0,0,0.0,OPTIMAL,0.0
2026-01-30 07:00:00,ZONE_A,1,0.9916578,0.0026323737,2687.648126,2687.648126,0.0,0.0,0.6767501987553807,0.6767501987553807,0.0,0,0,0,0.0,OPTIMAL,0.0
2026-01-30 07:15:00,ZONE_A,1,0.63344055,0.0018138041,2702.38976,2702.38976,0.0,0.0,0.6919176977374127,0.6919176977374127,0.0,0,0,0,0.0,OPTIMAL,0.0
2026-01-30 07:30:00,ZONE_A,1,0.749695,0.0018931988,2759.94702,2759.94702,0.0,0.0,0.6976189872886178,0.6976189872886178,0.0,0,0,0,0.0,OPTIMAL,0.0
2026-01-30 07:45:00,ZONE_A,2,0.95603645,0.0019734972,2695.8337,2695.8337,0.0,0.0,0.7119208826411337,0.7119208826411337,0.0,0,0,0,0.0,OPTIMAL,0.0
2026-01-30 08:00:00,ZONE_A,3,0.8802604,0.0020490969,2819.33618,2819.33618,0.0,0.0,0.726147565709303,0.726147565709303,0.0,0,0,0,0.0,OPTIMAL,0.0
2026-01-30 08:15:00,ZONE_A,2,0.947399,0.00891223,2737.54125,2737.54125,0.0,0.0,0.7513989357542988,0.7513989357542988,0.0,0,0,0,0.0,OPTIMAL,0.0
2026-01-30 08:30:00,ZONE_A,3,0.7499158,0.47373834,2728.46627,2728.46627,0.0,0.0,0.7526137889799824,0.7526137889799824,0.0,0,0,0,0.0,OPTIMAL,0.0
2026-01-30 08:45:00,ZONE_A,3,0.6260658,0.38924024,2719.33634,2719.33634,0.0,0.0,0.7491451224523756,0.7491451224523756,0.0,0,0,0,0.0,OPTIMAL,0.0
2026-01-30 09:00:00,ZONE_A,1,0.86462605,0.43613362,2462.99595,2462.99595,0.0,0.0,0.6395027544905169,0.6395027544905169,0.0,0,0,0,0.0,OPTIMAL,0.0
2026-01-30 09:15:00,ZONE_A,1,0.9292546,0.3181464,2396.712,2396.712,0.0,0.0,0.6832531117834186,0.6832531117834186,0.0,0,0,0,0.0,OPTIMAL,0.0
2026-01-30 09:30:00,ZONE_A,1,0.7629179,0.44510224,2353.69178,2353.69178,0.0,0.0,0.6857600176138988,0.6857600176138988,0.0,0,0,0,0.0,OPTIMAL,0.0
2026-01-30 09:45:00,ZONE_A,1,0.83281183,0.63492763,2381.47077,2626.869619622436,245.39884962243588,0.0,0.6527164969925562,0.7228304543070381,245.39884962243588,0,0,0,0.0,OPTIMAL,12269.942481121794
2026-01-30 10:00:00,ZONE_A,1,0.9748663,0.6778777,2311.20233,2598.253146692709,287.050816692709,0.0,0.6674567852573389,0.7494713045399024,287.050816692709,0,0,0,0.0,OPTIMAL,14352.54083463545
2026-01-30 10:15:00,ZONE_A,0,0.6851744,0.6895449,2259.3083,2550.1028304555502,290.79453045555,0.0,0.6568678955007863,0.7399520473218194,290.79453045555,0,0,0,0.0,OPTIMAL,14539.726522777499
2026-01-30 10:30:00,ZONE_A,1,0.9659008,0.61199653,2374.53832,2580.3081262520327,205.7698062520324,0.0,0.6398247353502975,0.6986161087522547,205.7698062520324,0,0,0,0.0,OPTIMAL,10288.49031260162
2026-01-30 10:45:00,ZONE_A,1,0.9502559,0.5448052,2284.08316,2529.939876019608,245.856716019608,0.0,0.6417975086427229,0.7120422848505944,245.856716019608,0,0,0,0.0,OPTIMAL,12292.8358009804
2026-01-30 11:00:00,ZONE_A,1,0.95879835,0.69200444,2269.84792,2583.5005794005674,313.65265940056725,13.652659400567245,0.6970248147152813,0.7866398605277845,300.0,0,0,0,13.652659400567245,OPTIMAL,151526.59400567244
2026-01-30 11:15:00,ZONE_A,1,0.9687339,0.8220736,2230.0917,2644.19869827392,414.10699827391994,114.10699827391994,0.6481155058109918,0.7664317913769244,300.0,0,0,0,114.10699827391994,OPTIMAL,1156069.9827391994
2026-01-30 11:30:00,ZONE_A,1,0.98525375,0.61282414,2285.43464,2556.8681543537705,271.4335143537704,0.0,0.6403014359390788,0.7178538688269033,271.4335143537704,0,0,0,0.0,OPTIMAL,13571.67571768852
2026-01-30 11:45:00,ZONE_A,1,0.9852952,0.8339825,2199.7191,2630.36139255125,430.64229255125,130.64229255125002,0.6524604820567066,0.7755011374148443,300.0,0,0,0,130.64229255125002,OPTIMAL,1321422.9255125003
2026-01-30 12:00:00,ZONE_A,1,0.9706791,0.696393,2280.76294,2579.70325669708,298.94031669708005,0.0,0.7029421605574153,0.7883536798956332,298.94031669708005,0,0,0,0.0,OPTIMAL,14947.015834854003
2026-01-30 12:15:00,ZONE_A,1,0.9829754,0.5664817,2263.54224,2525.9745517028023,262.432311702802,0.0,0.6886515562160754,0.7636322169156735,262.432311702802,0,0,0,0.0,OPTIMAL,13121.6155851401
2026-01-30 12:30:00,ZONE_A,1,0.9876221,0.71133465,2244.12668,2585.538872840693,341.41219284069297,41.41219284069297,0.7102099188231646,0.8077562599059803,300.0,0,0,0,41.41219284069297,OPTIMAL,429121.92840692966
2026-01-30 12:45:00,ZONE_A,1,0.9867379,0.5009946,2251.4459,2479.2441867626603,227.79828676265998,0.0,0.6556073015847758,0.7206925265613816,227.79828676265998,0,0,0,0.0,OPTIMAL,11389.914338133
2026-01-30 13:00:00,ZONE_A,1,0.5546288,0.64860135,2275.38513,2550.0699226514143,274.68479265141445,0.0,0.6434722640315794,0.7219536336247504,274.68479265141445,0,0,0,0.0,OPTIMAL,13734.239632570723
2026-01-30 13:15:00,ZONE_A,1,0.5516893,0.6895449,2280.01068,2566.1721720633477,286.161492063348,0.0,0.6443081643716648,0.7260685909380796,286.161492063348,0,0,0,0.0,OPTIMAL,14308.0746031674
2026-01-30 13:30:00,ZONE_A,1,0.8583284,0.6054223,2365.1312500000004,2592.5383094146755,227.407059414675,0.0,0.6704475365537673,0.7354209823250261,227.407059414675,0,0,0,0.0,OPTIMAL,11370.35297073375
2026-01-30 13:45:00,ZONE_A,1,0.9877753,0.77611953,2334.75138,2630.652088723789,295.9007087237886,0.0,0.6479701014809967,0.7325131613618493,295.9007087237886,0,0,0,0.0,OPTIMAL,14795.035436189431
2026-01-30 14:00:00,ZONE_A,1,0.9905173,0.56473863,2401.44078,2576.4898313211334,175.04905132113362,0.0,0.644203083754725,0.6942170985581869,175.04905132113362,0,0,0,0.0,OPTIMAL,8752.452566056681
2026-01-30 14:15:00,ZONE_A,0,0.7404104,0.6332665,2377.76382,2574.61051930077,196.84669930077,0.0,0.6494868365117331,0.7057287507557872,196.84669930077,0,0,0,0.0,OPTIMAL,9842.3349650385
2026-01-30 14:30:00,ZONE_A,1,0.7048777,0.17766868,2435.8572,2435.8572,0.0,0.0,0.645856490901728,0.645856490901728,0.0,0,0,0,0.0,OPTIMAL,0.0
2026-01-30 14:45:00,ZONE_A,0,0.6146405,0.009276056,2452.31529,2452.31529,0.0,0.0,0.6521374260700431,0.6521374260700431,0.0,0,0,0,0.0,OPTIMAL,0.0
2026-01-30 15:00:00,ZONE_A,1,0.9839829,0.0026702136,2591.45653,2591.45653,0.0,0.0,0.6745685497025448,0.6745685497025448,0.0,0,0,0,0.0,OPTIMAL,0.0
2026-01-30 15:15:00,ZONE_A,1,0.99256986,0.0027724286,2609.1669,2609.1669,0.0,0.0,0.6878456791868015,0.6878456791868015,0.0,0,0,0,0.0,OPTIMAL,0.0
2026-01-30 15:30:00,ZONE_A,1,0.9883228,0.0013391005,2637.83956,2637.83956,0.0,0.0,0.6906342944706708,0.6906342944706708,0.0,0,0,0,0.0,OPTIMAL,0.0
2026-01-30 15:45:00,ZONE_A,1,0.9911712,0.0018109919,2671.259455,2671.259455,0.0,0.0,0.6804787556097226,0.6804787556097226,0.0,0,0,0,0.0,OPTIMAL,0.0
2026-01-30 16:00:00,ZONE_A,1,0.98594904,0.0016354767,2705.15335,2705.15335,0.0,0.0,0.688149111548979,0.688149111548979,0.0,0,0,0,0.0,OPTIMAL,0.0
2026-01-30 16:15:00,ZONE_A,1,0.9870487,0.001406511,2728.54112,2728.54112,0.0,0.0,0.6791780889779807,0.6791780889779807,0.0,0,0,0,0.0,OPTIMAL,0.0
2026-01-30 16:30:00,ZONE_A,1,0.98678696,0.0017308795,2758.380133,2758.380133,0.0,0.0,0.6912733265426879,0.6912733265426879,0.0,0,0,0,0.0,OPTIMAL,0.0
2026-01-30 16:45:00,ZONE_A,1,0.9882494,0.0017308795,2783.47234,2783.47234,0.0,0.0,0.689951807519733,0.689951807519733,0.0,0,0,0,0.0,OPTIMAL,0.0
2026-01-30 17:00:00,ZONE_A,1,0.9875836,0.0019466414,2794.078666,2794.078666,0.0,0.0,0.6868781022580289,0.6868781022580289,0.0,0,0,0,0.0,OPTIMAL,0.0
2026-01-30 17:15:00,ZONE_A,1,0.98064625,0.0016927335,2814.7063323,2814.7063323,0.0,0.0,0.6917260502089843,0.6917260502089843,0.0,0,0,0,0.0,OPTIMAL,0.0
2026-01-30 17:30:00,ZONE_A,1,0.97480744,0.0020678353,2809.9087,2809.9087,0.0,0.0,0.6863469066699495,0.6863469066699495,0.0,0,0,0,0.0,OPTIMAL,0.0
2026-01-30 17:45:00,ZONE_A,1,0.97315854,0.0021023054,2810.0901793,2810.0901793,0.0,0.0,0.6884054964680932,0.6884054964680932,0.0,0,0,0,0.0,OPTIMAL,0.0
2026-01-30 18:00:00,ZONE_A,1,0.8870469,0.0016519356,2829.9565525,2829.9565525,0.0,0.0,0.6973380721815967,0.6973380721815967,0.0,0,0,0,0.0,OPTIMAL,0.0
2026-01-30 18:15:00,ZONE_A,1,0.9018248,0.0024602858,2828.5570639,2828.5570639,0.0,0.0,0.6837595680910306,0.6837595680910306,0.0,0,0,0,0.0,OPTIMAL,0.0
2026-01-30 18:30:00,ZONE_A,1,0.87047124,0.0014492453,2823.9190434,2823.9190434,0.0,0.0,0.6789881047532855,0.6789881047532855,0.0,0,0,0,0.0,OPTIMAL,0.0
2026-01-30 18:45:00,ZONE_A,1,0.96999264,0.0020287537,2803.3000222,2803.3000222,0.0,0.0,0.6791114470722885,0.6791114470722885,0.0,0,0,0,0.0,OPTIMAL,0.0
2026-01-30 19:00:00,ZONE_A,1,0.95039207,0.0014433449,2795.559096,2795.559096,0.0,0.0,0.6883270361072735,0.6883270361072735,0.0,0,0,0,0.0,OPTIMAL,0.0
2026-01-30 19:15:00,ZONE_A,1,0.9485209,0.0011163912,2796.0610293,2796.0610293,0.0,0.0,0.6844332229812463,0.6844332229812463,0.0,0,0,0,0.0,OPTIMAL,0.0
2026-01-30 19:30:00,ZONE_A,1,0.96628165,0.0020712565,2802.7844882000004,2802.7844882000004,0.0,0.0,0.6796375601335,0.6796375601335,0.0,0,0,0,0.0,OPTIMAL,0.0
2026-01-30 19:45:00,ZONE_A,1,0.9384289,0.0018911778,2788.3821704,2788.3821704,0.0,0.0,0.6897911408124103,0.6897911408124103,0.0,0,0,0,0.0,OPTIMAL,0.0
2026-01-30 20:00:00,ZONE_A,0,0.7734992,0.001841411,2648.4696923,2648.4696923,0.0,0.0,0.6539708260966826,0.6539708260966826,0.0,0,0,0,0.0,OPTIMAL,0.0
2026-01-30 20:15:00,ZONE_A,0,0.97505254,0.001269292,2633.247035,2633.247035,0.0,0.0,0.6439569679231767,0.6439569679231767,0.0,0,0,0,0.0,OPTIMAL,0.0
2026-01-30 20:30:00,ZONE_A,0,0.9808225,0.0012824947,2615.2534370000003,2615.2534370000003,0.0,0.0,0.6273764619815988,0.6273764619815988,0.0,0,0,0,0.0,OPTIMAL,0.0
2026-01-30 20:45:00,ZONE_A,0,0.9803509,0.0012824947,2608.560674,2608.560674,0.0,0.0,0.6160109887816043,0.6160109887816043,0.0,0,0,0,0.0,OPTIMAL,0.0
2026-01-30 21:00:00,ZONE_A,0,0.99340516,0.00291788,2563.5238641,2563.5238641,0.0,0.0,0.6395210071749585,0.6395210071749585,0.0,0,0,0,0.0,OPTIMAL,0.0
2026-01-30 21:15:00,ZONE_A,0,0.9938305,0.0028364463,2506.15957,2506.15957,0.0,0.0,0.6120921761204138,0.6120921761204138,0.0,0,0,0,0.0,OPTIMAL,0.0
2026-01-30 21:30:00,ZONE_A,0,0.9936731,0.002404599,2478.394998,2478.394998,0.0,0.0,0.5928781534566724,0.5928781534566724,0.0,0,0,0,0.0,OPTIMAL,0.0
2026-01-30 21:45:00,ZONE_A,0,0.9922536,0.0019460142,2471.853329,2471.853329,0.0,0.0,0.5895806815740372,0.5895806815740372,0.0,0,0,0,0.0,OPTIMAL,0.0
2026-01-30 22:00:00,ZONE_A,0,0.993733,0.0026567867,2419.8213880000003,2419.8213880000003,0.0,0.0,0.589826628789563,0.589826628789563,0.0,0,0,0,0.0,OPTIMAL,0.0
2026-01-30 22:15:00,ZONE_A,0,0.99383485,0.0016102332,2386.981143,2386.981143,0.0,0.0,0.576811566877435,0.576811566877435,0.0,0,0,0,0.0,OPTIMAL,0.0
2026-01-30 22:30:00,ZONE_A,0,0.9966455,0.0018237525,2369.551222,2369.551222,0.0,0.0,0.5544992044281271,0.5544992044281271,0.0,0,0,0,0.0,OPTIMAL,0.0
2026-01-30 22:45:00,ZONE_A,0,0.9965054,0.0016187909,2339.5750900000003,2339.5750900000003,0.0,0.0,0.5522558767757703,0.5522558767757703,0.0,0,0,0,0.0,OPTIMAL,0.0
2026-01-02 00:00:00,ZONE_B,0,0.99976164,0.0012784908,1403.75966,1403.75966,0.0,0.0,0.4893666760033633,0.4893666760033633,0.0,0,0,0,0.0,OPTIMAL,0.0
2026-01-02 00:15:00,ZONE_B,0,0.9997664,0.0007634589,1433.13313,1433.13313,0.0,0.0,0.501326590625742,0.501326590625742,0.0,0,0,0,0.0,OPTIMAL,0.0
2026-01-02 00:30:00,ZONE_B,0,0.9997905,0.03724326,1347.66552,1347.66552,0.0,0.0,0.48870478512631915,0.48870478512631915,0.0,0,0,0,0.0,OPTIMAL,0.0
2026-01-02 00:45:00,ZONE_B,0,0.99976164,0.0018019695,1391.3255,1391.3255,0.0,0.0,0.5042222856891484,0.5042222856891484,0.0,0,0,0,0.0,OPTIMAL,0.0
2026-01-02 01:00:00,ZONE_B,0,0.9998086,0.030703023,1351.1936500000002,1351.1936500000002,0.0,0.0,0.5005606110602444,0.5005606110602444,0.0,0,0,0,0.0,OPTIMAL,0.0
2026-01-02 01:15:00,ZONE_B,0,0.9997905,0.026325157,1348.90279,1348.90279,0.0,0.0,0.5099886587232934,0.5099886587232934,0.0,0,0,0,0.0,OPTIMAL,0.0
2026-01-02 01:30:00,ZONE_B,0,0.9997638,0.0036679737,1380.19827,1380.19827,0.0,0.0,0.5083907579130283,0.5083907579130283,0.0,0,0,0,0.0,OPTIMAL,0.0
2026-01-02 01:45:00,ZONE_B,0,0.99972445,0.09606082,1334.29314,1334.29314,0.0,0.0,0.5107204228377122,0.5107204228377122,0.0,0,0,0,0.0,OPTIMAL,0.0
2026-01-02 02:00:00,ZONE_B,0,0.99956435,0.00383769,1368.44371,1368.44371,0.0,0.0,0.49940635131098,0.49940635131098,0.0,0,0,0,0.0,OPTIMAL,0.0
2026-01-02 02:15:00,ZONE_B,0,0.99966073,0.0016113996,1383.92422,1383.92422,0.0,0.0,0.49358299734736544,0.49358299734736544,0.0,0,0,0,0.0,OPTIMAL,0.0
2026-01-02 02:30:00,ZONE_B,0,0.99970144,0.00644503,1361.59544,1361.59544,0.0,0.0,0.5103524162611427,0.5103524162611427,0.0,0,0,0,0.0,OPTIMAL,0.0
2026-01-02 02:45:00,ZONE_B,0,0.99906534,0.065597735,1324.2272199999998,1324.2272199999998,0.0,0.0,0.5061784530624203,0.5061784530624203,0.0,0,0,0,0.0,OPTIMAL,0.0
2026-01-02 03:00:00,ZONE_B,0,0.99972206,0.08262061,1341.84605,1341.84605,0.0,0.0,0.5107919055533664,0.5107919055533664,0.0,0,0,0,0.0,OPTIMAL,0.0
2026-01-02 03:15:00,ZONE_B,0,0.9997905,0.09106282,1332.90656,1332.90656,0.0,0.0,0.4996297848808815,0.4996297848808815,0.0,0,0,0,0.0,OPTIMAL,0.0
2026-01-02 03:30:00,ZONE_B,0,0.9997625,0.0025115209,1362.0600399999998,1362.0600399999998,0.0,0.0,0.4987433296865913,0.4987433296865913,0.0,0,0,0,0.0,OPTIMAL,0.0
2026-01-02 03:45:00,ZONE_B,0,0.99972445,0.08239894,1331.21593,1331.21593,0.0,0.0,0.49782268382774325,0.49782268382774325,0.0,0,0,0,0.0,OPTIMAL,0.0
2026-01-02 04:00:00,ZONE_B,0,0.9997905,0.048830394,1337.5819,1337.5819,0.0,0.0,0.5094563463032908,0.5094563463032908,0.0,0,0,0,0.0,OPTIMAL,0.0
2026-01-02 04:15:00,ZONE_B,0,0.9996117,0.08683076,1333.2052,1333.2052,0.0,0.0,0.5022050445817701,0.5022050445817701,0.0,0,0,0,0.0,OPTIMAL,0.0
2026-01-02 04:30:00,ZONE_B,0,0.99972206,0.09171197,1335.6871,1335.6871,0.0,0.0,0.505186267463782,0.505186267463782,0.0,0,0,0,0.0,OPTIMAL,0.0
2026-01-02 04:45:00,ZONE_B,0,0.99895823,0.21820283,1328.2925699999998,1328.2925699999998,0.0,0.0,0.501785209445516,0.501785209445516,0.0,0,0,0,0.0,OPTIMAL,0.0
2026-01-02 05:00:00,ZONE_B,0,0.9994217,0.6268724,1562.2087,1735.28929801032,173.08059801032002,0.0,0.5636257948226492,0.6254402942380615,173.08059801032002,0,0,0,0.0,OPTIMAL,9519.432890567601
2026-01-02 05:15:00,ZONE_B,0,0.9995509,0.078627855,1575.70286,1575.70286,0.0,0.0,0.5666075838049777,0.5666075838049777,0.0,0,0,0,0.0,OPTIMAL,0.0
2026-01-02 05:30:00,ZONE_B,0,0.99947923,0.09327154,1579.81553,1579.81553,0.0,0.0,0.5853735871808342,0.5853735871808342,0.0,0,0,0,0.0,OPTIMAL,0.0
2026-01-02 05:45:00,ZONE_B,0,0.99903584,0.106596805,1600.55705,1600.55705,0.0,0.0,0.5924254528661176,0.5924254528661176,0.0,0,0,0,0.0,OPTIMAL,0.0
2026-01-02 06:00:00,ZONE_B,0,0.99907625,0.025548374,1572.24375,1572.24375,0.0,0.0,0.5827131352556343,0.5827131352556343,0.0,0,0,0,0.0,OPTIMAL,0.0
2026-01-02 06:15:00,ZONE_B,0,0.7478283,0.044817124,1668.4026,1668.4026,0.0,0.0,0.6534861932085384,0.6534861932085384,0.0,0,0,0,0.0,OPTIMAL,0.0
2026-01-02 06:30:00,ZONE_B,0,0.99537414,0.025267398,1572.2982000000002,1572.2982000000002,0.0,0.0,0.6153416810273155,0.6153416810273155,0.0,0,0,0,0.0,OPTIMAL,0.0
2026-01-02 06:45:00,ZONE_B,0,0.9807066,0.3361593,1582.9296,1582.9296,0.0,0.0,0.6375709259441358,0.6375709259441358,0.0,0,0,0,0.0,OPTIMAL,0.0
2026-01-02 07:00:00,ZONE_B,0,0.9410148,0.11949192,1529.78256,1529.78256,0.0,0.0,0.6328934754695655,0.6328934754695655,0.0,0,0,0,0.0,OPTIMAL,0.0
2026-01-02 07:15:00,ZONE_B,1,0.769894,0.42612353,1493.1069000000002,1493.1069000000002,0.0,0.0,0.6501449293106396,0.6501449293106396,0.0,0,0,0,0.0,OPTIMAL,0.0
2026-01-02 07:30:00,ZONE_B,1,0.9556677,0.36388952,1467.5292000000002,1467.5292000000002,0.0,0.0,0.6705413917188101,0.6705413917188101,0.0,0,0,0,0.0,OPTIMAL,0.0
2026-01-02 07:45:00,ZONE_B,1,0.82280296,0.6152092,1491.9659499999998,1890.8272067960197,398.86125679602,198.86125679601997,0.6873104366791124,0.8297608859278774,200.0,0,0,0,198.86125679601997,OPTIMAL,1999612.5679601997
2026-01-02 08:00:00,ZONE_B,1,0.8062688,0.41555604,1449.7171999999998,1449.7171999999998,0.0,0.0,0.6784818356422757,0.6784818356422757,0.0,0,0,0,0.0,OPTIMAL,0.0
2026-01-02 08:15:00,ZONE_B,2,0.77426594,0.41083837,1461.93486,1461.93486,0.0,0.0,0.721316458844245,0.721316458844245,0.0,0,0,0,0.0,OPTIMAL,0.0
2026-01-02 08:30:00,ZONE_B,2,0.7075977,0.49666604,1416.0297999999998,1416.0297999999998,0.0,0.0,0.7133603021444818,0.7133603021444818,0.0,0,0,0,0.0,OPTIMAL,0.0
2026-01-02 08:45:00,ZONE_B,3,0.72974867,0.43920776,1452.14,1452.14,0.0,0.0,0.7768744170719589,0.7768744170719589,0.0,0,0,0,0.0,OPTIMAL,0.0
2026-01-02 09:00:00,ZONE_B,1,0.81144255,0.34182164,1109.54624,1109.54624,0.0,0.0,0.6529590245454832,0.6529590245454832,0.0,0,0,0,0.0,OPTIMAL,0.0
2026-01-02 09:15:00,ZONE_B,1,0.9051887,0.2451484,1078.03665,1078.03665,0.0,0.0,0.6628618761072745,0.6628618761072745,0.0,0,0,0,0.0,OPTIMAL,0.0
2026-01-02 09:30:00,ZONE_B,2,0.8953228,0.65280443,1131.4806000000003,1732.0171988249622,600.536598824962,400.53659882496197,0.7124073865093458,0.9268847439807938,200.0,0,0,0,400.53659882496197,OPTIMAL,219293648.3834341
2026-01-02 09:45:00,ZONE_B,0,0.8491647,0.24599203,1026.60674,1026.60674,0.0,0.0,0.6450513569332146,0.6450513569332146,0.0,0,0,0,0.0,OPTIMAL,0.0
2026-01-02 10:00:00,ZONE_B,1,0.90246576,0.5871367,1077.8514300000002,1625.5345811243492,547.6831511243489,347.6831511243489,0.6811714009900153,0.876772526955194,200.0,0,0,0,347.6831511243489,OPTIMAL,78450906.76977988
2026-01-02 10:15:00,ZONE_B,2,0.88808185,0.58363616,1153.9086,1726.300659195904,572.392059195904,372.39205919590404,0.7297682368508986,0.9341939728843633,200.0,0,0,0,372.39205919590404,OPTIMAL,239478043.9689282
2026-01-02 10:30:00,ZONE_B,1,0.94204795,0.8085306,982.1724,1796.6485297671,814.4761297671,614.4761297671,0.660846606331593,0.9517309394027172,200.0,0,0,0,614.4761297671,OPTIMAL,291002390.63482785
2026-01-02 10:45:00,ZONE_B,2,0.87421656,0.3278821,1021.47655,1021.47655,0.0,0.0,0.7010841214179908,0.7010841214179908,0.0,0,0,0,0.0,OPTIMAL,0.0
2026-01-02 11:00:00,ZONE_B,2,0.88662213,0.44262445,997.9471,997.9471,0.0,0.0,0.7161487154631685,0.7161487154631685,0.0,0,0,0,0.0,OPTIMAL,0.0
2026-01-02 11:15:00,ZONE_B,2,0.89747804,0.64214504,1019.7944999999996,1682.5776320840714,662.783132084072,462.783132084072,0.713143836350746,0.9498520986852885,200.0,0,0,0,462.783132084072,OPTIMAL,284224706.60503334
2026-01-02 11:30:00,ZONE_B,1,0.92037886,0.23318721,893.2006999999999,893.2006999999999,0.0,0.0,0.6612953490896459,0.6612953490896459,0.0,0,0,0,0.0,OPTIMAL,0.0
2026-01-02 11:45:00,ZONE_B,1,0.85279936,0.4042222,873.1912,873.1912,0.0,0.0,0.664090701890989,0.664090701890989,0.0,0,0,0,0.0,OPTIMAL,0.0
2026-01-02 12:00:00,ZONE_B,1,0.92017806,0.16462405,1053.36415,1053.36415,0.0,0.0,0.6978617532064966,0.6978617532064966,0.0,0,0,0,0.0,OPTIMAL,0.0
2026-01-02 12:15:00,ZONE_B,1,0.8355634,0.19139972,1001.61056,1001.61056,0.0,0.0,0.6990428274020188,0.6990428274020188,0.0,0,0,0,0.0,OPTIMAL,0.0
2026-01-02 12:30:00,ZONE_B,1,0.9505118,0.2145637,973.7707,973.7707,0.0,0.0,0.6849506946990741,0.6849506946990741,0.0,0,0,0,0.0,OPTIMAL,0.0
2026-01-02 12:45:00,ZONE_B,1,0.9468546,0.2145637,976.4327,976.4327,0.0,0.0,0.6862182388737695,0.6862182388737695,0.0,0,0,0,0.0,OPTIMAL,0.0
2026-01-02 13:00:00,ZONE_B,0,0.68142766,0.4314055,1015.4822,1015.4822,0.0,0.0,0.64918141015203,0.64918141015203,0.0,0,0,0,0.0,OPTIMAL,0.0
2026-01-02 13:15:00,ZONE_B,1,0.9327773,0.22526464,1053.8033999999998,1053.8033999999998,0.0,0.0,0.6654711287992017,0.6654711287992017,0.0,0,0,0,0.0,OPTIMAL,0.0
2026-01-02 13:30:00,ZONE_B,1,0.82496446,0.7551631,1107.51345,1764.6680468898949,657.1545968898951,457.15459688989506,0.6707981766016501,0.9054962476644265,200.0,0,0,0,457.15459688989506,OPTIMAL,159972038.9360703
2026-01-02 13:45:00,ZONE_B,0,0.85638285,0.49677134,1091.36296,1091.36296,0.0,0.0,0.6406849682429198,0.6406849682429198,0.0,0,0,0,0.0,OPTIMAL,0.0
2026-01-02 14:00:00,ZONE_B,1,0.937774,0.66297805,1258.0920499999995,1775.997276247902,517.9052262479025,317.90522624790253,0.6977537777359201,0.8827199304945553,200.0,0,0,0,317.90522624790253,OPTIMAL,94805857.38608575
2026-01-02 14:15:00,ZONE_B,1,0.7260874,0.6151216,1183.95167,1667.872157024848,483.92048702484806,283.92048702484806,0.6663752957397223,0.8392040416223728,200.0,0,0,0,283.92048702484806,OPTIMAL,2850204.8702484807
2026-01-02 14:30:00,ZONE_B,0,0.9498084,0.6661082,1174.5465,1675.7169841651998,501.1704841652,301.1704841652,0.6261524974251942,0.8051419565993301,200.0,0,0,0,301.1704841652,OPTIMAL,3022704.841652
2026-01-02 14:45:00,ZONE_B,0,0.71056104,0.25158376,1212.1886,1212.1886,0.0,0.0,0.6530304823034965,0.6530304823034965,0.0,0,0,0,0.0,OPTIMAL,0.0
2026-01-02 15:00:00,ZONE_B,1,0.9359176,0.47115836,1368.6315,1368.6315,0.0,0.0,0.66986580196973,0.66986580196973,0.0,0,0,0,0.0,OPTIMAL,0.0
2026-01-02 15:15:00,ZONE_B,1,0.86253893,0.4909475,1434.85356,1434.85356,0.0,0.0,0.6669357038068645,0.6669357038068645,0.0,0,0,0,0.0,OPTIMAL,0.0
2026-01-02 15:30:00,ZONE_B,1,0.8167624,0.28943798,1465.3299,1465.3299,0.0,0.0,0.6685516082288531,0.6685516082288531,0.0,0,0,0,0.0,OPTIMAL,0.0
2026-01-02 15:45:00,ZONE_B,0,0.7031202,0.38221756,1487.0153,1487.0153,0.0,0.0,0.6417142538703832,0.6417142538703832,0.0,0,0,0,0.0,OPTIMAL,0.0
2026-01-02 16:00:00,ZONE_B,0,0.9035061,0.28864998,1550.08885,1550.08885,0.0,0.0,0.6400106446610019,0.6400106446610019,0.0,0,0,0,0.0,OPTIMAL,0.0
2026-01-02 16:15:00,ZONE_B,0,0.97461945,0.3414342,1588.691,1588.691,0.0,0.0,0.6373684518470809,0.6373684518470809,0.0,0,0,0,0.0,OPTIMAL,0.0
2026-01-02 16:30:00,ZONE_B,0,0.97901195,0.1681263,1652.88393,1652.88393,0.0,0.0,0.624413999098378,0.624413999098378,0.0,0,0,0,0.0,OPTIMAL,0.0
2026-01-02 16:45:00,ZONE_B,0,0.98818845,0.07007776,1727.11234,1727.11234,0.0,0.0,0.6292423086822233,0.6292423086822233,0.0,0,0,0,0.0,OPTIMAL,0.0
2026-01-02 17:00:00,ZONE_B,0,0.99435633,0.050123136,1749.80386,1749.80386,0.0,0.0,0.6190882380296501,0.6190882380296501,0.0,0,0,0,0.0,OPTIMAL,0.0
2026-01-02 17:15:00,ZONE_B,0,0.9969007,0.114532605,1743.47032,1743.47032,0.0,0.0,0.626841361744553,0.626841361744553,0.0,0,0,0,0.0,OPTIMAL,0.0
2026-01-02 17:30:00,ZONE_B,0,0.9969104,0.18688242,1749.68074,1749.68074,0.0,0.0,0.6146339427181183,0.6146339427181183,0.0,0,0,0,0.0,OPTIMAL,0.0
2026-01-02 17:45:00,ZONE_B,0,0.9973495,0.08519896,1743.83985,1743.83985,0.0,0.0,0.6304391489246021,0.6304391489246021,0.0,0,0,0,0.0,OPTIMAL,0.0
2026-01-02 18:00:00,ZONE_B,0,0.997528,0.58065826,1750.47378,1895.2964650296772,144.8226850296772,0.0,0.6194551395853339,0.6711775272317186,144.8226850296772,0,0,0,0.0,OPTIMAL,7965.247676632245
2026-01-02 18:15:00,ZONE_B,0,0.99710137,0.15147845,1745.82563,1745.82563,0.0,0.0,0.6256351110958192,0.6256351110958192,0.0,0,0,0,0.0,OPTIMAL,0.0
2026-01-02 18:30:00,ZONE_B,0,0.99461067,0.03377042,1746.0076800000002,1746.0076800000002,0.0,0.0,0.6170850695185082,0.6170850695185082,0.0,0,0,0,0.0,OPTIMAL,0.0
2026-01-02 18:45:00,ZONE_B,0,0.99572915,0.064124815,1733.928,1733.928,0.0,0.0,0.6217614559279345,0.6217614559279345,0.0,0,0,0,0.0,OPTIMAL,0.0
2026-01-02 19:00:00,ZONE_B,0,0.9957272,0.09401635,1725.9777,1725.9777,0.0,0.0,0.6232794701258955,0.6232794701258955,0.0,0,0,0,0.0,OPTIMAL,0.0
2026-01-02 19:15:00,ZONE_B,0,0.9895957,0.08845849,1717.60723,1717.60723,0.0,0.0,0.6152149995154341,0.6152149995154341,0.0,0,0,0,0.0,OPTIMAL,0.0
2026-01-02 19:30:00,ZONE_B,0,0.9959372,0.096164756,1731.44574,1731.44574,0.0,0.0,0.6169250557711813,0.6169250557711813,0.0,0,0,0,0.0,OPTIMAL,0.0
2026-01-02 19:45:00,ZONE_B,0,0.98429835,0.06678841,1715.38035,1715.38035,0.0,0.0,0.6127868251391374,0.6127868251391374,0.0,0,0,0,0.0,OPTIMAL,0.0
2026-01-02 20:00:00,ZONE_B,0,0.99922323,0.04585534,1614.91012,1614.91012,0.0,0.0,0.5964963171826023,0.5964963171826023,0.0,0,0,0,0.0,OPTIMAL,0.0
2026-01-02 20:15:00,ZONE_B,0,0.9993494,0.04034121,1585.0784199999998,1585.0784199999998,0.0,0.0,0.5834989602677297,0.5834989602677297,0.0,0,0,0,0.0,OPTIMAL,0.0
2026-01-02 20:30:00,ZONE_B,0,0.9988493,0.041052748,1582.4811,1582.4811,0.0,0.0,0.571301909864983,0.571301909864983,0.0,0,0,0,0.0,OPTIMAL,0.0
2026-01-02 20:45:00,ZONE_B,0,0.9993824,0.062703885,1568.0922,1568.0922,0.0,0.0,0.5676351986984468,0.5676351986984468,0.0,0,0,0,0.0,OPTIMAL,0.0
2026-01-02 21:00:00,ZONE_B,0,0.9993581,0.08984813,1518.23048,1518.23048,0.0,0.0,0.5530229480646073,0.5530229480646073,0.0,0,0,0,0.0,OPTIMAL,0.0
2026-01-02 21:15:00,ZONE_B,0,0.99933285,0.020724786,1507.9887,1507.9887,0.0,0.0,0.5655595143464203,0.5655595143464203,0.0,0,0,0,0.0,OPTIMAL,0.0
2026-01-02 21:30:00,ZONE_B,0,0.999345,0.031729214,1468.93425,1468.93425,0.0,0.0,0.5391379437976849,0.5391379437976849,0.0,0,0,0,0.0,OPTIMAL,0.0
2026-01-02 21:45:00,ZONE_B,0,0.9993493,0.04796148,1442.66052,1442.66052,0.0,0.0,0.5360881561309118,0.5360881561309118,0.0,0,0,0,0.0,OPTIMAL,0.0
2026-01-02 22:00:00,ZONE_B,0,0.9990709,0.056202456,1417.80864,1417.80864,0.0,0.0,0.5326354814566171,0.5326354814566171,0.0,0,0,0,0.0,OPTIMAL,0.0
2026-01-02 22:15:00,ZONE_B,0,0.9993493,0.03930266,1403.86318,1403.86318,0.0,0.0,0.5340409300816145,0.5340409300816145,0.0,0,0,0,0.0,OPTIMAL,0.0
2026-01-02 22:30:00,ZONE_B,0,0.99972445,0.05059974,1377.28848,1377.28848,0.0,0.0,0.5263730845981893,0.5263730845981893,0.0,0,0,0,0.0,OPTIMAL,0.0
2026-01-02 22:45:00,ZONE_B,0,0.9996481,0.05059974,1353.00307,1353.00307,0.0,0.0,0.5154461432623313,0.5154461432623313,0.0,0,0,0,0.0,OPTIMAL,0.0
2026-01-02 23:00:00,ZONE_B,0,0.99949443,0.05664106,1333.74656,1333.74656,0.0,0.0,0.5115348217752259,0.5115348217752259,0.0,0,0,0,0.0,OPTIMAL,0.0
2026-01-02 23:15:00,ZONE_B,0,0.9996722,0.050456315,1335.2262,1335.2262,0.0,0.0,0.507099487741802,0.507099487741802,0.0,0,0,0,0.0,OPTIMAL,0.0
2026-01-02 23:30:00,ZONE_B,0,0.99949014,0.05664106,1328.8502,1328.8502,0.0,0.0,0.5083342270610474,0.5083342270610474,0.0,0,0,0,0.0,OPTIMAL,0.0
2026-01-02 23:45:00,ZONE_B,0,0.99949443,0.05664106,1326.3719999999998,1326.3719999999998,0.0,0.0,0.5084088149388287,0.5084088149388287,0.0,0,0,0,0.0,OPTIMAL,0.0
2026-01-03 00:00:00,ZONE_B,0,0.9992736,0.069973394,1326.47154,1326.47154,0.0,0.0,0.510708611294571,0.510708611294571,0.0,0,0,0,0.0,OPTIMAL,0.0
2026-01-03 00:15:00,ZONE_B,0,0.99946624,0.1064595,1326.5894,1326.5894,0.0,0.0,0.5054343873307596,0.5054343873307596,0.0,0,0,0,0.0,OPTIMAL,0.0
2026-01-03 00:30:00,ZONE_B,0,0.9991818,0.21071005,1323.34733,1323.34733,0.0,0.0,0.5019839814293393,0.5019839814293393,0.0,0,0,0,0.0,OPTIMAL,0.0
2026-01-03 00:45:00,ZONE_B,0,0.99972445,0.2082148,1331.53706,1331.53706,0.0,0.0,0.5088696314519023,0.5088696314519023,0.0,0,0,0,0.0,OPTIMAL,0.0
2026-01-03 01:00:00,ZONE_B,0,0.99949014,0.056801014,1340.14352,1340.14352,0.0,0.0,0.5159151226635522,0.5159151226635522,0.0,0,0,0,0.0,OPTIMAL,0.0
2026-01-03 01:15:00,ZONE_B,0,0.9996039,0.1310547,1323.41312,1323.41312,0.0,0.0,0.5018864667919797,0.5018864667919797,0.0,0,0,0,0.0,OPTIMAL,0.0
2026-01-03 01:30:00,ZONE_B,0,0.9990048,0.14560391,1318.92816,1318.92816,0.0,0.0,0.5097136959600063,0.5097136959600063,0.0,0,0,0,0.0,OPTIMAL,0.0
2026-01-03 01:45:00,ZONE_B,0,0.9996511,0.110998936,1325.55974,1325.55974,0.0,0.0,0.5028017240650289,0.5028017240650289,0.0,0,0,0,0.0,OPTIMAL,0.0
2026-01-03 02:00:00,ZONE_B,0,0.99972206,0.045380183,1341.42607,1341.42607,0.0,0.0,0.5028233989004917,0.5028233989004917,0.0,0,0,0,0.0,OPTIMAL,0.0
2026-01-03 02:15:00,ZONE_B,0,0.99972206,0.19054031,1332.30785,1332.30785,0.0,0.0,0.5128151497961768,0.5128151497961768,0.0,0,0,0,0.0,OPTIMAL,0.0
2026-01-03 02:30:00,ZONE_B,0,0.99972445,0.05059974,1337.34176,1337.34176,0.0,0.0,0.5066137019062992,0.5066137019062992,0.0,0,0,0,0.0,OPTIMAL,0.0
2026-01-03 02:45:00,ZONE_B,0,0.9996836,0.19054031,1326.47836,1326.47836,0.0,0.0,0.5077920289398422,0.5077920289398422,0.0,0,0,0,0.0,OPTIMAL,0.0
2026-01-03 03:00:00,ZONE_B,0,0.9992736,0.3425578,1323.41732,1323.41732,0.0,0.0,0.4979833620004008,0.4979833620004008,0.0,0,0,0,0.0,OPTIMAL,0.0
2026-01-03 03:15:00,ZONE_B,0,0.99949443,0.07432234,1345.1149,1345.1149,0.0,0.0,0.5423893435055194,0.5423893435055194,0.0,0,0,0,0.0,OPTIMAL,0.0
2026-01-03 03:30:00,ZONE_B,0,0.9992779,0.14560391,1323.2563799999998,1323.2563799999998,0.0,0.0,0.5093473074196128,0.5093473074196128,0.0,0,0,0,0.0,OPTIMAL,0.0
2026-01-03 03:45:00,ZONE_B,0,0.99955386,0.27326837,1333.4065500000002,1333.4065500000002,0.0,0.0,0.5069965340789828,0.5069965340789828,0.0,0,0,0,0.0,OPTIMAL,0.0
2026-01-03 04:00:00,ZONE_B,0,0.99969923,0.5348641,1334.87028,1479.8653158924421,144.995035892442,0.0,0.4987605426798286,0.5505444841731383,144.995035892442,0,0,0,0.0,OPTIMAL,7974.726974084309
2026-01-03 04:15:00,ZONE_B,0,0.99970144,0.001698381,1359.69465,1359.69465,0.0,0.0,0.4943363258099528,0.4943363258099528,0.0,0,0,0,0.0,OPTIMAL,0.0
2026-01-03 04:30:00,ZONE_B,0,0.99950004,0.09075713,1352.51396,1352.51396,0.0,0.0,0.49658481199361026,0.49658481199361026,0.0,0,0,0,0.0,OPTIMAL,0.0
2026-01-03 04:45:00,ZONE_B,0,0.9997335,0.03582255,1336.4476,1336.4476,0.0,0.0,0.4769963560032825,0.4769963560032825,0.0,0,0,0,0.0,OPTIMAL,0.0
2026-01-03 05:00:00,ZONE_B,0,0.9997429,0.09494025,1479.79086,1479.79086,0.0,0.0,0.5468002948327875,0.5468002948327875,0.0,0,0,0,0.0,OPTIMAL,0.0
2026-01-03 05:15:00,ZONE_B,0,0.9997422,0.0031261873,1570.94679,1570.94679,0.0,0.0,0.5545345811647298,0.5545345811647298,0.0,0,0,0,0.0,OPTIMAL,0.0
2026-01-03 05:30:00,ZONE_B,0,0.99961025,0.0029159635,1626.25972,1626.25972,0.0,0.0,0.5553223378379065,0.5553223378379065,0.0,0,0,0,0.0,OPTIMAL,0.0
2026-01-03 05:45:00,ZONE_B,0,0.99977285,0.0010765895,1730.15622,1730.15622,0.0,0.0,0.5673491028952177,0.5673491028952177,0.0,0,0,0,0.0,OPTIMAL,0.0
2026-01-03 06:00:00,ZONE_B,0,0.9953121,0.0009611237,1847.86583,1847.86583,0.0,0.0,0.62930988896896,0.62930988896896,0.0,0,0,0,0.0,OPTIMAL,0.0
2026-01-03 06:15:00,ZONE_B,0,0.9995516,0.0007384638,1773.5826000000002,1773.5826000000002,0.0,0.0,0.577776380798755,0.577776380798755,0.0,0,0,0,0.0,OPTIMAL,0.0
2026-01-03 06:30:00,ZONE_B,0,0.99792445,0.0004553402,1777.2498300000002,1777.2498300000002,0.0,0.0,0.6047477830118054,0.6047477830118054,0.0,0,0,0,0.0,OPTIMAL,0.0
2026-01-03 06:45:00,ZONE_B,0,0.99659145,0.0015823955,1769.27186,1769.27186,0.0,0.0,0.5887477577867243,0.5887477577867243,0.0,0,0,0,0.0,OPTIMAL,0.0
2026-01-03 07:00:00,ZONE_B,0,0.9925101,0.0051682726,1788.5135,1788.5135,0.0,0.0,0.6049803241784841,0.6049803241784841,0.0,0,0,0,0.0,OPTIMAL,0.0
2026-01-03 07:15:00,ZONE_B,1,0.64296854,0.0032982607,1822.67969,1822.67969,0.0,0.0,0.6508196899595516,0.6508196899595516,0.0,0,0,0,0.0,OPTIMAL,0.0
2026-01-03 07:30:00,ZONE_B,0,0.6687531,0.027879192,1837.67642,1837.67642,0.0,0.0,0.6330092360793148,0.6330092360793148,0.0,0,0,0,0.0,OPTIMAL,0.0
2026-01-03 07:45:00,ZONE_B,0,0.69414073,0.033097077,1810.931,1810.931,0.0,0.0,0.628375218142409,0.628375218142409,0.0,0,0,0,0.0,OPTIMAL,0.0
2026-01-03 08:00:00,ZONE_B,1,0.7032092,0.047286432,1894.54945,1894.54945,0.0,0.0,0.6548990770757039,0.6548990770757039,0.0,0,0,0,0.0,OPTIMAL,0.0
2026-01-03 08:15:00,ZONE_B,1,0.75094676,0.056507353,1857.8176,1857.8176,0.0,0.0,0.6840196307800309,0.6840196307800309,0.0,0,0,0,0.0,OPTIMAL,0.0
2026-01-03 08:30:00,ZONE_B,1,0.722847,0.11940187,1837.65676,1837.65676,0.0,0.0,0.6558360088244571,0.6558360088244571,0.0,0,0,0,0.0,OPTIMAL,0.0
2026-01-03 08:45:00,ZONE_B,1,0.68646556,0.11940187,1851.76643,1851.76643,0.0,0.0,0.6939352236076657,0.6939352236076657,0.0,0,0,0,0.0,OPTIMAL,0.0
2026-01-03 09:00:00,ZONE_B,0,0.99097437,0.49412262,1585.93776,1585.93776,0.0,0.0,0.597168683236878,0.597168683236878,0.0,0,0,0,0.0,OPTIMAL,0.0
2026-01-03 09:15:00,ZONE_B,0,0.9961282,0.14262632,1566.97632,1566.97632,0.0,0.0,0.5867185606550721,0.5867185606550721,0.0,0,0,0,0.0,OPTIMAL,0.0
2026-01-03 09:30:00,ZONE_B,1,0.5789744,0.25174943,1685.9164999999998,1685.9164999999998,0.0,0.0,0.67854090923578,0.67854090923578,0.0,0,0,0,0.0,OPTIMAL,0.0
2026-01-03 09:45:00,ZONE_B,0,0.99439794,0.5386134,1587.43553,1801.634360849978,214.198830849978,14.198830849978009,0.622470609429501,0.6989701921258675,200.0,0,0,0,14.198830849978009,OPTIMAL,152988.30849978008
2026-01-03 10:00:00,ZONE_B,0,0.99868447,0.160371,1623.5636,1623.5636,0.0,0.0,0.5834389415787165,0.5834389415787165,0.0,0,0,0,0.0,OPTIMAL,0.0
2026-01-03 10:15:00,ZONE_B,0,0.9958222,0.15071419,1638.02206,1638.02206,0.0,0.0,0.6177023498171076,0.6177023498171076,0.0,0,0,0,0.0,OPTIMAL,0.0
2026-01-03 10:30:00,ZONE_B,0,0.9957783,0.38125402,1600.76806,1600.76806,0.0,0.0,0.5924536282178801,0.5924536282178801,0.0,0,0,0,0.0,OPTIMAL,0.0
2026-01-03 10:45:00,ZONE_B,0,0.548079,0.36321786,1678.9419200000002,1678.9419200000002,0.0,0.0,0.6400511292259667,0.6400511292259667,0.0,0,0,0,0.0,OPTIMAL,0.0
2026-01-03 11:00:00,ZONE_B,0,0.9988612,0.4203919,1556.6463,1556.6463,0.0,0.0,0.5912551592673068,0.5912551592673068,0.0,0,0,0,0.0,OPTIMAL,0.0
2026-01-03 11:15:00,ZONE_B,0,0.99521047,0.5571621,1557.49212,1798.150254817518,240.658134817518,40.658134817518004,0.6135417251863486,0.699491059274571,200.0,0,0,0,40.658134817518004,OPTIMAL,417581.34817518
2026-01-03 11:30:00,ZONE_B,0,0.9652394,0.2781,1560.8655,1560.8655,0.0,0.0,0.6257181724746337,0.6257181724746337,0.0,0,0,0,0.0,OPTIMAL,0.0
2026-01-03 11:45:00,ZONE_B,1,0.5843604,0.3703123,1604.76682,1604.76682,0.0,0.0,0.64693562663459,0.64693562663459,0.0,0,0,0,0.0,OPTIMAL,0.0
2026-01-03 12:00:00,ZONE_B,0,0.9988965,0.17648096,1479.9868,1479.9868,0.0,0.0,0.5946949264043273,0.5946949264043273,0.0,0,0,0,0.0,OPTIMAL,0.0
2026-01-03 12:15:00,ZONE_B,0,0.9962608,0.19810696,1511.6018800000002,1511.6018800000002,0.0,0.0,0.6027097344712266,0.6027097344712266,0.0,0,0,0,0.0,OPTIMAL,0.0
2026-01-03 12:30:00,ZONE_B,0,0.9927867,0.42722818,1464.8611,1464.8611,0.0,0.0,0.6010706407216999,0.6010706407216999,0.0,0,0,0,0.0,OPTIMAL,0.0
2026-01-03 12:45:00,ZONE_B,0,0.9990814,0.39265943,1424.65643,1424.65643,0.0,0.0,0.5735504508762999,0.5735504508762999,0.0,0,0,0,0.0,OPTIMAL,0.0
2026-01-03 13:00:00,ZONE_B,0,0.69090545,0.2600974,1561.39866,1561.39866,0.0,0.0,0.6514971995675388,0.6514971995675388,0.0,0,0,0,0.0,OPTIMAL,0.0
2026-01-03 13:15:00,ZONE_B,0,0.99218446,0.2298009,1542.9241000000002,1542.9241000000002,0.0,0.0,0.6128154895709051,0.6128154895709051,0.0,0,0,0,0.0,OPTIMAL,0.0
2026-01-03 13:30:00,ZONE_B,0,0.9988519,0.091610014,1500.35757,1500.35757,0.0,0.0,0.5880117247566107,0.5880117247566107,0.0,0,0,0,0.0,OPTIMAL,0.0
2026-01-03 13:45:00,ZONE_B,0,0.9720614,0.1861596,1606.76355,1606.76355,0.0,0.0,0.6319844900757634,0.6319844900757634,0.0,0,0,0,0.0,OPTIMAL,0.0
2026-01-03 14:00:00,ZONE_B,0,0.6916548,0.36060706,1693.8045700000002,1693.8045700000002,0.0,0.0,0.6457809227413748,0.6457809227413748,0.0,0,0,0,0.0,OPTIMAL,0.0
2026-01-03 14:15:00,ZONE_B,0,0.9977982,0.16803326,1637.17857,1637.17857,0.0,0.0,0.6112995595740015,0.6112995595740015,0.0,0,0,0,0.0,OPTIMAL,0.0
2026-01-03 14:30:00,ZONE_B,0,0.99929094,0.05919548,1619.75715,1619.75715,0.0,0.0,0.577460147151231,0.577460147151231,0.0,0,0,0,0.0,OPTIMAL,0.0
2026-01-03 14:45:00,ZONE_B,0,0.9989919,0.071704045,1649.07334,1649.07334,0.0,0.0,0.5659672501547788,0.5659672501547788,0.0,0,0,0,0.0,OPTIMAL,0.0
2026-01-03 15:00:00,ZONE_B,1,0.65405345,0.040143922,1816.83853,1816.83853,0.0,0.0,0.652408851131053,0.652408851131053,0.0,0,0,0,0.0,OPTIMAL,0.0
2026-01-03 15:15:00,ZONE_B,0,0.9834245,0.004742669,1781.1953600000002,1781.1953600000002,0.0,0.0,0.6001428523460722,0.6001428523460722,0.0,0,0,0,0.0,OPTIMAL,0.0
2026-01-03 15:30:00,ZONE_B,0,0.9961074,0.0039553507,1799.52273,1799.52273,0.0,0.0,0.6242675824375093,0.6242675824375093,0.0,0,0,0,0.0,OPTIMAL,0.0
2026-01-03 15:45:00,ZONE_B,0,0.9962437,0.0006847786,1829.6114,1829.6114,0.0,0.0,0.6226410075868235,0.6226410075868235,0.0,0,0,0,0.0,OPTIMAL,0.0
2026-01-03 16:00:00,ZONE_B,0,0.9961731,0.001483584,1875.44521,1875.44521,0.0,0.0,0.6173439181408,0.6173439181408,0.0,0,0,0,0.0,OPTIMAL,0.0
2026-01-03 16:15:00,ZONE_B,0,0.990767,0.0011672843,1885.8525,1885.8525,0.0,0.0,0.6024394871899168,0.6024394871899168,0.0,0,0,0,0.0,OPTIMAL,0.0
2026-01-03 16:30:00,ZONE_B,0,0.9890526,0.0016688274,1918.405374,1918.405374,0.0,0.0,0.6066181320972132,0.6066181320972132,0.0,0,0,0,0.0,OPTIMAL,0.0
2026-01-03 16:45:00,ZONE_B,0,0.99630165,0.0018593081,1947.991175,1947.991175,0.0,0.0,0.6029479523379386,0.6029479523379386,0.0,0,0,0,0.0,OPTIMAL,0.0
2026-01-03 17:00:00,ZONE_B,0,0.9944107,0.0018272585,1983.242196,1983.242196,0.0,0.0,0.6125352534738251,0.6125352534738251,0.0,0,0,0,0.0,OPTIMAL,0.0
2026-01-03 17:15:00,ZONE_B,0,0.99904436,0.0010957333,1981.827726,1981.827726,0.0,0.0,0.6095707011772997,0.6095707011772997,0.0,0,0,0,0.0,OPTIMAL,0.0
2026-01-03 17:30:00,ZONE_B,0,0.99890566,0.0014203171,1954.53398,1954.53398,0.0,0.0,0.6026180438657086,0.6026180438657086,0.0,0,0,0,0.0,OPTIMAL,0.0
2026-01-03 17:45:00,ZONE_B,0,0.99921584,0.0013332766,1965.693012,1965.693012,0.0,0.0,0.6048609004398768,0.6048609004398768,0.0,0,0,0,0.0,OPTIMAL,0.0
2026-01-03 18:00:00,ZONE_B,0,0.998818,0.0014559722,1962.151863,1962.151863,0.0,0.0,0.5919806536217048,0.5919806536217048,0.0,0,0,0,0.0,OPTIMAL,0.0
2026-01-03 18:15:00,ZONE_B,0,0.9988004,0.0013446413,1962.38018,1962.38018,0.0,0.0,0.6048535988662319,0.6048535988662319,0.0,0,0,0,0.0,OPTIMAL,0.0
2026-01-03 18:30:00,ZONE_B,0,0.9985863,0.0014203171,1969.296894,1969.296894,0.0,0.0,0.6107666023479523,0.6107666023479523,0.0,0,0,0,0.0,OPTIMAL,0.0
2026-01-03 18:45:00,ZONE_B,0,0.99928814,0.0013332766,1980.102517,1980.102517,0.0,0.0,0.6152647066045986,0.6152647066045986,0.0,0,0,0,0.0,OPTIMAL,0.0
2026-01-03 19:00:00,ZONE_B,0,0.99926907,0.0013332766,1981.112578,1981.112578,0.0,0.0,0.6072695338458064,0.6072695338458064,0.0,0,0,0,0.0,OPTIMAL,0.0
2026-01-03 19:15:00,ZONE_B,0,0.99927837,0.0013332766,1985.865764,1985.865764,0.0,0.0,0.6134159708971378,0.6134159708971378,0.0,0,0,0,0.0,OPTIMAL,0.0
2026-01-03 19:30:00,ZONE_B,0,0.99882,0.0014559722,1982.567054,1982.567054,0.0,0.0,0.6015132177832014,0.6015132177832014,0.0,0,0,0,0.0,OPTIMAL,0.0
2026-01-03 19:45:00,ZONE_B,0,0.99850357,0.0016258988,1974.521156,1974.521156,0.0,0.0,0.6186081300132619,0.6186081300132619,0.0,0,0,0,0.0,OPTIMAL,0.0
2026-01-03 20:00:00,ZONE_B,0,0.99978954,0.0012757344,1864.791209,1864.791209,0.0,0.0,0.5615287348774028,0.5615287348774028,0.0,0,0,0,0.0,OPTIMAL,0.0
2026-01-03 20:15:00,ZONE_B,0,0.99979645,0.0012209581,1838.782956,1838.782956,0.0,0.0,0.5500750730728912,0.5500750730728912,0.0,0,0,0,0.0,OPTIMAL,0.0
2026-01-03 20:30:00,ZONE_B,0,0.99982893,0.0012757344,1833.313188,1833.313188,0.0,0.0,0.5446800256636384,0.5446800256636384,0.0,0,0,0,0.0,OPTIMAL,0.0
2026-01-03 20:45:00,ZONE_B,0,0.9998022,0.001709976,1832.046235,1832.046235,0.0,0.0,0.5440380252683135,0.5440380252683135,0.0,0,0,0,0.0,OPTIMAL,0.0
2026-01-03 21:00:00,ZONE_B,0,0.99985313,0.0006330168,1750.086463,1750.086463,0.0,0.0,0.52371739419117,0.52371739419117,0.0,0,0,0,0.0,OPTIMAL,0.0
2026-01-03 21:15:00,ZONE_B,0,0.99985313,0.0006330168,1728.52721,1728.52721,0.0,0.0,0.5288343849642342,0.5288343849642342,0.0,0,0,0,0.0,OPTIMAL,0.0
2026-01-03 21:30:00,ZONE_B,0,0.99985635,0.0006207864,1723.258484,1723.258484,0.0,0.0,0.5280487717489044,0.5280487717489044,0.0,0,0,0,0.0,OPTIMAL,0.0
2026-01-03 21:45:00,ZONE_B,0,0.9998467,0.0006207864,1713.115098,1713.115098,0.0,0.0,0.5179615614681037,0.5179615614681037,0.0,0,0,0,0.0,OPTIMAL,0.0
2026-01-03 22:00:00,ZONE_B,0,0.99984217,0.0006207864,1651.450003,1651.450003,0.0,0.0,0.4971444062824767,0.4971444062824767,0.0,0,0,0,0.0,OPTIMAL,0.0
2026-01-03 22:15:00,ZONE_B,0,0.9998479,0.0006207864,1673.689094,1673.689094,0.0,0.0,0.5168329679301703,0.5168329679301703,0.0,0,0,0,0.0,OPTIMAL,0.0
2026-01-03 22:30:00,ZONE_B,0,0.9998479,0.0006207864,1626.511754,1626.511754,0.0,0.0,0.48491029958537213,0.48491029958537213,0.0,0,0,0,0.0,OPTIMAL,0.0
2026-01-03 22:45:00,ZONE_B,0,0.9998419,0.0006207864,1614.27036,1614.27036,0.0,0.0,0.47975595935848886,0.47975595935848886,0.0,0,0,0,0.0,OPTIMAL,0.0
2026-01-03 23:00:00,ZONE_B,0,0.9998379,0.0006207864,1609.830598,1609.830598,0.0,0.0,0.4754838068242126,0.4754838068242126,0.0,0,0,0,0.0,OPTIMAL,0.0
2026-01-03 23:15:00,ZONE_B,0,0.9998399,0.0006207864,1609.293215,1609.293215,0.0,0.0,0.4612111702552648,0.4612111702552648,0.0,0,0,0,0.0,OPTIMAL,0.0
2026-01-03 23:30:00,ZONE_B,0,0.99984086,0.00049562095,1598.653797,1598.653797,0.0,0.0,0.46404189438267046,0.46404189438267046,0.0,0,0,0,0.0,OPTIMAL,0.0
2026-01-03 23:45:00,ZONE_B,0,0.99971,0.00053690444,1587.588417,1587.588417,0.0,0.0,0.46784857040840044,0.46784857040840044,0.0,0,0,0,0.0,OPTIMAL,0.0
2026-01-04 00:00:00,ZONE_B,0,0.9998229,0.0006650615,1598.480786,1598.480786,0.0,0.0,0.472800959015365,0.472800959015365,0.0,0,0,0,0.0,OPTIMAL,0.0
2026-01-04 00:15:00,ZONE_B,0,0.9998461,0.0007420834,1593.522897,1593.522897,0.0,0.0,0.4699022642975551,0.4699022642975551,0.0,0,0,0,0.0,OPTIMAL,0.0
2026-01-04 00:30:00,ZONE_B,0,0.9998461,0.00056016166,1599.062181,1599.062181,0.0,0.0,0.4716803874585743,0.4716803874585743,0.0,0,0,0,0.0,OPTIMAL,0.0
2026-01-04 00:45:00,ZONE_B,0,0.9998461,0.0007581988,1592.6205905,1592.6205905,0.0,0.0,0.4640832324602677,0.4640832324602677,0.0,0,0,0,0.0,OPTIMAL,0.0
2026-01-04 01:00:00,ZONE_B,0,0.9998229,0.0006650615,1598.0372475,1598.0372475,0.0,0.0,0.4435153355719892,0.4435153355719892,0.0,0,0,0,0.0,OPTIMAL,0.0
2026-01-04 01:15:00,ZONE_B,0,0.9998388,0.00049372733,1587.722475,1587.722475,0.0,0.0,0.46668115608564203,0.46668115608564203,0.0,0,0,0,0.0,OPTIMAL,0.0
2026-01-04 01:30:00,ZONE_B,0,0.9998461,0.000655667,1608.9374497,1608.9374497,0.0,0.0,0.4743019647781049,0.4743019647781049,0.0,0,0,0,0.0,OPTIMAL,0.0
2026-01-04 01:45:00,ZONE_B,0,0.9998379,0.00057175825,1581.9903,1581.9903,0.0,0.0,0.4610032338340362,0.4610032338340362,0.0,0,0,0,0.0,OPTIMAL,0.0
2026-01-04 02:00:00,ZONE_B,0,0.999838,0.0005623231,1587.990912,1587.990912,0.0,0.0,0.4632023248644429,0.4632023248644429,0.0,0,0,0,0.0,OPTIMAL,0.0
2026-01-04 02:15:00,ZONE_B,0,0.99984086,0.0007738453,1582.180592,1582.180592,0.0,0.0,0.4716633891715991,0.4716633891715991,0.0,0,0,0,0.0,OPTIMAL,0.0
2026-01-04 02:30:00,ZONE_B,0,0.9998429,0.0007665415,1570.598414,1570.598414,0.0,0.0,0.45514095625374285,0.45514095625374285,0.0,0,0,0,0.0,OPTIMAL,0.0
2026-01-04 02:45:00,ZONE_B,0,0.99984086,0.0007420834,1585.5246539999998,1585.5246539999998,0.0,0.0,0.45447223850846885,0.45447223850846885,0.0,0,0,0,0.0,OPTIMAL,0.0
2026-01-04 03:00:00,ZONE_B,0,0.99984086,0.00091399695,1566.0344249999998,1566.0344249999998,0.0,0.0,0.4595427233183318,0.4595427233183318,0.0,0,0,0,0.0,OPTIMAL,0.0
2026-01-04 03:15:00,ZONE_B,0,0.99984217,0.0009441157,1566.98807,1566.98807,0.0,0.0,0.471978942522256,0.471978942522256,0.0,0,0,0,0.0,OPTIMAL,0.0
2026-01-04 03:30:00,ZONE_B,0,0.9998441,0.000932912,1566.38882,1566.38882,0.0,0.0,0.457301043650495,0.457301043650495,0.0,0,0,0,0.0,OPTIMAL,0.0
2026-01-04 03:45:00,ZONE_B,0,0.99984217,0.0007420834,1578.083553,1578.083553,0.0,0.0,0.47680220799729933,0.47680220799729933,0.0,0,0,0,0.0,OPTIMAL,0.0
2026-01-04 04:00:00,ZONE_B,0,0.99984217,0.00075739756,1580.523624,1580.523624,0.0,0.0,0.4682527499572608,0.4682527499572608,0.0,0,0,0,0.0,OPTIMAL,0.0
2026-01-04 04:15:00,ZONE_B,0,0.99984217,0.000655667,1572.9182500000002,1572.9182500000002,0.0,0.0,0.4760553565780203,0.4760553565780203,0.0,0,0,0,0.0,OPTIMAL,0.0
2026-01-04 04:30:00,ZONE_B,0,0.99984217,0.00091399695,1561.865085,1561.865085,0.0,0.0,0.46062992294997107,0.46062992294997107,0.0,0,0,0,0.0,OPTIMAL,0.0
2026-01-04 04:45:00,ZONE_B,0,0.99984217,0.0006650615,1581.076897,1581.076897,0.0,0.0,0.46341017490950864,0.46341017490950864,0.0,0,0,0,0.0,OPTIMAL,0.0
2026-01-04 05:00:00,ZONE_B,0,0.9998473,0.000655667,1752.966835,1752.966835,0.0,0.0,0.5361772186396968,0.5361772186396968,0.0,0,0,0,0.0,OPTIMAL,0.0
2026-01-04 05:15:00,ZONE_B,0,0.9998473,0.000655667,1790.256008,1790.256008,0.0,0.0,0.5474562440379043,0.5474562440379043,0.0,0,0,0,0.0,OPTIMAL,0.0
2026-01-04 05:30:00,ZONE_B,0,0.9998473,0.00075739756,1830.24098,1830.24098,0.0,0.0,0.5502690880110387,0.5502690880110387,0.0,0,0,0,0.0,OPTIMAL,0.0
2026-01-04 05:45:00,ZONE_B,0,0.99977654,0.00092469563,1825.077897,1825.077897,0.0,0.0,0.5639593377113987,0.5639593377113987,0.0,0,0,0,0.0,OPTIMAL,0.0
2026-01-04 06:00:00,ZONE_B,0,0.99983776,0.00074429275,1891.29028,1891.29028,0.0,0.0,0.5829463690204043,0.5829463690204043,0.0,0,0,0,0.0,OPTIMAL,0.0
2026-01-04 06:15:00,ZONE_B,0,0.9997203,0.0006197864,1837.122628,1837.122628,0.0,0.0,0.569884587229364,0.569884587229364,0.0,0,0,0,0.0,OPTIMAL,0.0
2026-01-04 06:30:00,ZONE_B,0,0.99950194,0.000612559,1875.76467,1875.76467,0.0,0.0,0.598417330978111,0.598417330978111,0.0,0,0,0,0.0,OPTIMAL,0.0
2026-01-04 06:45:00,ZONE_B,0,0.9982126,0.00053698634,1873.81715,1873.81715,0.0,0.0,0.5926042859918895,0.5926042859918895,0.0,0,0,0,0.0,OPTIMAL,0.0
2026-01-04 07:00:00,ZONE_B,0,0.9977684,0.0010229952,1900.72159,1900.72159,0.0,0.0,0.6113606330389015,0.6113606330389015,0.0,0,0,0,0.0,OPTIMAL,0.0
2026-01-04 07:15:00,ZONE_B,0,0.80905557,0.0017205848,1905.56258,1905.56258,0.0,0.0,0.6357663507918208,0.6357663507918208,0.0,0,0,0,0.0,OPTIMAL,0.0
2026-01-04 07:30:00,ZONE_B,0,0.885714,0.0014522701,1885.88845,1885.88845,0.0,0.0,0.6220141997544723,0.6220141997544723,0.0,0,0,0,0.0,OPTIMAL,0.0
2026-01-04 07:45:00,ZONE_B,2,0.71218777,0.001054701,1994.31002,1994.31002,0.0,0.0,0.7218527032109601,0.7218527032109601,0.0,0,0,0,0.0,OPTIMAL,0.0
2026-01-04 08:00:00,ZONE_B,0,0.69357127,0.0013899243,1939.99303,1939.99303,0.0,0.0,0.6380351444082669,0.6380351444082669,0.0,0,0,0,0.0,OPTIMAL,0.0
2026-01-04 08:15:00,ZONE_B,1,0.48497036,0.005231315,1952.71175,1952.71175,0.0,0.0,0.6508431114082965,0.6508431114082965,0.0,0,0,0,0.0,OPTIMAL,0.0
2026-01-04 08:30:00,ZONE_B,2,0.6558526,0.0016688274,2062.27214,2062.27214,0.0,0.0,0.7239800734155918,0.7239800734155918,0.0,0,0,0,0.0,OPTIMAL,0.0
2026-01-04 08:45:00,ZONE_B,2,0.7403685,0.00329759,2043.3447300000005,2043.3447300000005,0.0,0.0,0.7131737710287043,0.7131737710287043,0.0,0,0,0,0.0,OPTIMAL,0.0
2026-01-04 09:00:00,ZONE_B,0,0.98634964,0.007288377,1779.61002,1779.61002,0.0,0.0,0.621201530131916,0.621201530131916,0.0,0,0,0,0.0,OPTIMAL,0.0
2026-01-04 09:15:00,ZONE_B,0,0.90501064,0.09567711,1769.1105000000002,1769.1105000000002,0.0,0.0,0.6331674493452636,0.6331674493452636,0.0,0,0,0,0.0,OPTIMAL,0.0
2026-01-04 09:30:00,ZONE_B,0,0.9866109,0.046765085,1739.28284,1739.28284,0.0,0.0,0.6112937507469299,0.6112937507469299,0.0,0,0,0,0.0,OPTIMAL,0.0
2026-01-04 09:45:00,ZONE_B,0,0.9950212,0.03105299,1685.4699999999998,1685.4699999999998,0.0,0.0,0.5712071509783399,0.5712071509783399,0.0,0,0,0,0.0,OPTIMAL,0.0
2026-01-04 10:00:00,ZONE_B,0,0.9945015,0.0921078,1696.40818,1696.40818,0.0,0.0,0.5986126990496787,0.5986126990496787,0.0,0,0,0,0.0,OPTIMAL,0.0
2026-01-04 10:15:00,ZONE_B,0,0.9981377,0.07011785,1669.1908,1669.1908,0.0,0.0,0.5756136642304903,0.5756136642304903,0.0,0,0,0,0.0,OPTIMAL,0.0
2026-01-04 10:30:00,ZONE_B,0,0.9476158,0.06516076,1716.3665,1716.3665,0.0,0.0,0.6312799291354045,0.6312799291354045,0.0,0,0,0,0.0,OPTIMAL,0.0
2026-01-04 10:45:00,ZONE_B,0,0.9968875,0.06075355,1695.06366,1695.06366,0.0,0.0,0.604064319920705,0.604064319920705,0.0,0,0,0,0.0,OPTIMAL,0.0
2026-01-04 11:00:00,ZONE_B,0,0.998895,0.08617224,1630.70855,1630.70855,0.0,0.0,0.5778952811578668,0.5778952811578668,0.0,0,0,0,0.0,OPTIMAL,0.0
2026-01-04 11:15:00,ZONE_B,0,0.9980217,0.1371128,1627.53977,1627.53977,0.0,0.0,0.5967422031823381,0.5967422031823381,0.0,0,0,0,0.0,OPTIMAL,0.0
2026-01-04 11:30:00,ZONE_B,0,0.99081564,0.28038508,1676.58174,1676.58174,0.0,0.0,0.6304971852332842,0.6304971852332842,0.0,0,0,0,0.0,OPTIMAL,0.0
2026-01-04 11:45:00,ZONE_B,0,0.9984092,0.09743725,1631.3741,1631.3741,0.0,0.0,0.5887666790745371,0.5887666790745371,0.0,0,0,0,0.0,OPTIMAL,0.0
2026-01-04 12:00:00,ZONE_B,0,0.9989126,0.1034004,1585.7519,1585.7519,0.0,0.0,0.5926344703232698,0.5926344703232698,0.0,0,0,0,0.0,OPTIMAL,0.0
2026-01-04 12:15:00,ZONE_B,0,0.9986563,0.37139022,1572.37822,1572.37822,0.0,0.0,0.6121340726203851,0.6121340726203851,0.0,0,0,0,0.0,OPTIMAL,0.0
2026-01-04 12:30:00,ZONE_B,0,0.99554306,0.51737124,1590.01063,1791.0035466609747,200.9929166609748,0.9929166609747995,0.6130276465016794,0.6848108312177257,200.0,0,0,0,0.9929166609747995,OPTIMAL,20929.166609747994
2026-01-04 12:45:00,ZONE_B,0,0.9989159,0.08249181,1529.32372,1529.32372,0.0,0.0,0.5965397891988407,0.5965397891988407,0.0,0,0,0,0.0,OPTIMAL,0.0
2026-01-04 13:00:00,ZONE_B,0,0.99908316,0.061474256,1563.57974,1563.57974,0.0,0.0,0.6042752849240137,0.6042752849240137,0.0,0,0,0,0.0,OPTIMAL,0.0
2026-01-04 13:15:00,ZONE_B,0,0.99882036,0.08516541,1574.4362,1574.4362,0.0,0.0,0.6023838461130402,0.6023838461130402,0.0,0,0,0,0.0,OPTIMAL,0.0
2026-01-04 13:30:00,ZONE_B,0,0.9987565,0.06892391,1574.4185,1574.4185,0.0,0.0,0.5756179632397337,0.5756179632397337,0.0,0,0,0,0.0,OPTIMAL,0.0
2026-01-04 13:45:00,ZONE_B,0,0.99948645,0.07421181,1575.18034,1575.18034,0.0,0.0,0.5782409886927545,0.5782409886927545,0.0,0,0,0,0.0,OPTIMAL,0.0
2026-01-04 14:00:00,ZONE_B,0,0.99876875,0.05192069,1614.3608,1614.3608,0.0,0.0,0.5846958401964025,0.5846958401964025,0.0,0,0,0,0.0,OPTIMAL,0.0
2026-01-04 14:15:00,ZONE_B,0,0.99945635,0.0637882,1598.03594,1598.03594,0.0,0.0,0.5731988014053775,0.5731988014053775,0.0,0,0,0,0.0,OPTIMAL,0.0
2026-01-04 14:30:00,ZONE_B,0,0.9974026,0.02211855,1614.3715499999998,1614.3715499999998,0.0,0.0,0.5934839090098668,0.5934839090098668,0.0,0,0,0,0.0,OPTIMAL,0.0
2026-01-04 14:45:00,ZONE_B,0,0.99763715,0.08368019,1649.46498,1649.46498,0.0,0.0,0.6201433135434041,0.6201433135434041,0.0,0,0,0,0.0,OPTIMAL,0.0
2026-01-04 15:00:00,ZONE_B,0,0.9900226,0.032264784,1707.2218,1707.2218,0.0,0.0,0.6283604369060137,0.6283604369060137,0.0,0,0,0,0.0,OPTIMAL,0.0
2026-01-04 15:15:00,ZONE_B,0,0.9945035,0.0019512149,1753.2962,1753.2962,0.0,0.0,0.6131106492114884,0.6131106492114884,0.0,0,0,0,0.0,OPTIMAL,0.0
2026-01-04 15:30:00,ZONE_B,0,0.99636626,0.033124465,1752.50582,1752.50582,0.0,0.0,0.6148288238964466,0.6148288238964466,0.0,0,0,0,0.0,OPTIMAL,0.0
2026-01-04 15:45:00,ZONE_B,0,0.9849887,0.0063277255,1783.46147,1783.46147,0.0,0.0,0.6178644068984307,0.6178644068984307,0.0,0,0,0,0.0,OPTIMAL,0.0
2026-01-04 16:00:00,ZONE_B,0,0.99059325,0.030485,1747.71674,1747.71674,0.0,0.0,0.6114451119165591,0.6114451119165591,0.0,0,0,0,0.0,OPTIMAL,0.0
2026-01-04 16:15:00,ZONE_B,0,0.99520785,0.004413104,1771.60816,1771.60816,0.0,0.0,0.616830041422236,0.616830041422236,0.0,0,0,0,0.0,OPTIMAL,0.0
2026-01-04 16:30:00,ZONE_B,0,0.9939977,0.0014111921,1848.19302,1848.19302,0.0,0.0,0.6237783284428181,0.6237783284428181,0.0,0,0,0,0.0,OPTIMAL,0.0
2026-01-04 16:45:00,ZONE_B,0,0.99395174,0.0067021074,1794.19812,1794.19812,0.0,0.0,0.602596996501773,0.602596996501773,0.0,0,0,0,0.0,OPTIMAL,0.0
2026-01-04 17:00:00,ZONE_B,0,0.9981476,0.0014548344,1798.99542,1798.99542,0.0,0.0,0.6059110370295769,0.6059110370295769,0.0,0,0,0,0.0,OPTIMAL,0.0
2026-01-04 17:15:00,ZONE_B,0,0.9978371,0.0056772274,1781.6766300000002,1781.6766300000002,0.0,0.0,0.6139645507852041,0.6139645507852041,0.0,0,0,0,0.0,OPTIMAL,0.0
2026-01-04 17:30:00,ZONE_B,0,0.99748033,0.006197453,1785.82844,1785.82844,0.0,0.0,0.6200983181486304,0.6200983181486304,0.0,0,0,0,0.0,OPTIMAL,0.0
2026-01-04 17:45:00,ZONE_B,0,0.99885595,0.0011547646,1813.18367,1813.18367,0.0,0.0,0.6037962728726879,0.6037962728726879,0.0,0,0,0,0.0,OPTIMAL,0.0
2026-01-04 18:00:00,ZONE_B,0,0.9988354,0.002099824,1826.11625,1826.11625,0.0,0.0,0.6031016960637458,0.6031016960637458,0.0,0,0,0,0.0,OPTIMAL,0.0
2026-01-04 18:15:00,ZONE_B,0,0.9977843,0.0026813948,1809.68408,1809.68408,0.0,0.0,0.6009437168214286,0.6009437168214286,0.0,0,0,0,0.0,OPTIMAL,0.0
2026-01-04 18:30:00,ZONE_B,0,0.9976381,0.0033708708,1843.12494,1843.12494,0.0,0.0,0.5973360338780977,0.5973360338780977,0.0,0,0,0,0.0,OPTIMAL,0.0
2026-01-04 18:45:00,ZONE_B,0,0.99906534,0.004059426,1774.89598,1774.89598,0.0,0.0,0.5962836234010833,0.5962836234010833,0.0,0,0,0,0.0,OPTIMAL,0.0
2026-01-04 19:00:00,ZONE_B,0,0.9990821,0.0011547646,1810.18552,1810.18552,0.0,0.0,0.6012379850207913,0.6012379850207913,0.0,0,0,0,0.0,OPTIMAL,0.0
2026-01-04 19:15:00,ZONE_B,0,0.9987704,0.004059426,1747.98385,1747.98385,0.0,0.0,0.6165939577849612,0.6165939577849612,0.0,0,0,0,0.0,OPTIMAL,0.0
2026-01-04 19:30:00,ZONE_B,0,0.999065,0.004059426,1759.7912,1759.7912,0.0,0.0,0.6146308564755594,0.6146308564755594,0.0,0,0,0,0.0,OPTIMAL,0.0
2026-01-04 19:45:00,ZONE_B,0,0.9993687,0.0011547646,1795.0176299999998,1795.0176299999998,0.0,0.0,0.5971583209315027,0.5971583209315027,0.0,0,0,0,0.0,OPTIMAL,0.0
2026-01-04 20:00:00,ZONE_B,0,0.99978465,0.0009992841,1730.06068,1730.06068,0.0,0.0,0.5735504219960157,0.5735504219960157,0.0,0,0,0,0.0,OPTIMAL,0.0
2026-01-04 20:15:00,ZONE_B,0,0.9997398,0.0025980226,1697.57334,1697.57334,0.0,0.0,0.5556479895666049,0.5556479895666049,0.0,0,0,0,0.0,OPTIMAL,0.0
2026-01-04 20:30:00,ZONE_B,0,0.9997451,0.0018621953,1688.75388,1688.75388,0.0,0.0,0.5457246682520508,0.5457246682520508,0.0,0,0,0,0.0,OPTIMAL,0.0
2026-01-04 20:45:00,ZONE_B,0,0.99977976,0.0009992841,1714.56611,1714.56611,0.0,0.0,0.5476667096325741,0.5476667096325741,0.0,0,0,0,0.0,OPTIMAL,0.0
2026-01-04 21:00:00,ZONE_B,0,0.999808,0.0011317541,1694.32731,1694.32731,0.0,0.0,0.5346307586200102,0.5346307586200102,0.0,0,0,0,0.0,OPTIMAL,0.0
2026-01-04 21:15:00,ZONE_B,0,0.9998306,0.0004957734,1658.88599,1658.88599,0.0,0.0,0.5200791560401783,0.5200791560401783,0.0,0,0,0,0.0,OPTIMAL,0.0
2026-01-04 21:30:00,ZONE_B,0,0.99983656,0.00048619328,1636.332315,1636.332315,0.0,0.0,0.5161472397143074,0.5161472397143074,0.0,0,0,0,0.0,OPTIMAL,0.0
2026-01-04 21:45:00,ZONE_B,0,0.9998217,0.0004957734,1628.355774,1628.355774,0.0,0.0,0.5189937979696934,0.5189937979696934,0.0,0,0,0,0.0,OPTIMAL,0.0
2026-01-04 22:00:00,ZONE_B,0,0.9998344,0.00054181425,1600.55877,1600.55877,0.0,0.0,0.5014531913087492,0.5014531913087492,0.0,0,0,0,0.0,OPTIMAL,0.0
2026-01-04 22:15:00,ZONE_B,0,0.9998135,0.00054181425,1577.32088,1577.32088,0.0,0.0,0.493811811082835,0.493811811082835,0.0,0,0,0,0.0,OPTIMAL,0.0
2026-01-04 22:30:00,ZONE_B,0,0.9998281,0.00054181425,1580.7889300000002,1580.7889300000002,0.0,0.0,0.50772335463475,0.50772335463475,0.0,0,0,0,0.0,OPTIMAL,0.0
2026-01-04 22:45:00,ZONE_B,0,0.9998135,0.0005950587,1536.358556,1536.358556,0.0,0.0,0.484925987406418,0.484925987406418,0.0,0,0,0,0.0,OPTIMAL,0.0
2026-01-04 23:00:00,ZONE_B,0,0.9998135,0.0005950587,1515.26085,1515.26085,0.0,0.0,0.4831399326005957,0.4831399326005957,0.0,0,0,0,0.0,OPTIMAL,0.0
2026-01-04 23:15:00,ZONE_B,0,0.9997918,0.00053397525,1497.68322,1497.68322,0.0,0.0,0.472353042786623,0.472353042786623,0.0,0,0,0,0.0,OPTIMAL,0.0
2026-01-04 23:30:00,ZONE_B,0,0.9998159,0.00053397525,1508.96396,1508.96396,0.0,0.0,0.4752225054506409,0.4752225054506409,0.0,0,0,0,0.0,OPTIMAL,0.0
2026-01-04 23:45:00,ZONE_B,0,0.9998171,0.0004263056,1500.70633,1500.70633,0.0,0.0,0.47860556926984704,0.47860556926984704,0.0,0,0,0,0.0,OPTIMAL,0.0
2026-01-05 00:00:00,ZONE_B,0,0.99979275,0.000432415,1481.0450199999998,1481.0450199999998,0.0,0.0,0.48204346341453763,0.48204346341453763,0.0,0,0,0,0.0,OPTIMAL,0.0
2026-01-05 00:15:00,ZONE_B,0,0.99982256,0.00065218436,1494.96016,1494.96016,0.0,0.0,0.4782419650970172,0.4782419650970172,0.0,0,0,0,0.0,OPTIMAL,0.0
2026-01-05 00:30:00,ZONE_B,0,0.9998171,0.0006656849,1487.51703,1487.51703,0.0,0.0,0.4759974748881179,0.4759974748881179,0.0,0,0,0,0.0,OPTIMAL,0.0
2026-01-05 00:45:00,ZONE_B,0,0.99982554,0.00065218436,1498.29513,1498.29513,0.0,0.0,0.47969238084197385,0.47969238084197385,0.0,0,0,0,0.0,OPTIMAL,0.0
2026-01-05 01:00:00,ZONE_B,0,0.9998029,0.0004929878,1482.59155,1482.59155,0.0,0.0,0.48349669727126116,0.48349669727126116,0.0,0,0,0,0.0,OPTIMAL,0.0
2026-01-05 01:15:00,ZONE_B,0,0.99978894,0.00065218436,1469.42278,1469.42278,0.0,0.0,0.4723430884864087,0.4723430884864087,0.0,0,0,0,0.0,OPTIMAL,0.0
2026-01-05 01:30:00,ZONE_B,0,0.99982435,0.00065218436,1496.629005,1496.629005,0.0,0.0,0.479512956393653,0.479512956393653,0.0,0,0,0,0.0,OPTIMAL,0.0
2026-01-05 01:45:00,ZONE_B,0,0.99982256,0.0005031945,1494.29674,1494.29674,0.0,0.0,0.4783023226325747,0.4783023226325747,0.0,0,0,0,0.0,OPTIMAL,0.0
2026-01-05 02:00:00,ZONE_B,0,0.99982387,0.00049841375,1489.069904,1489.069904,0.0,0.0,0.4733978825286868,0.4733978825286868,0.0,0,0,0,0.0,OPTIMAL,0.0
2026-01-05 02:15:00,ZONE_B,0,0.99979514,0.0006656849,1474.41181,1474.41181,0.0,0.0,0.48409657589007565,0.48409657589007565,0.0,0,0,0,0.0,OPTIMAL,0.0
2026-01-05 02:30:00,ZONE_B,0,0.9997788,0.00058620336,1442.36654,1442.36654,0.0,0.0,0.4908341797671816,0.4908341797671816,0.0,0,0,0,0.0,OPTIMAL,0.0
2026-01-05 02:45:00,ZONE_B,0,0.99979085,0.00065218436,1473.24282,1473.24282,0.0,0.0,0.48700154020443864,0.48700154020443864,0.0,0,0,0,0.0,OPTIMAL,0.0
2026-01-05 03:00:00,ZONE_B,0,0.99978894,0.00065218436,1459.4046199999998,1459.4046199999998,0.0,0.0,0.4898066619696507,0.4898066619696507,0.0,0,0,0,0.0,OPTIMAL,0.0
2026-01-05 03:15:00,ZONE_B,0,0.99978834,0.00050517503,1450.77581,1450.77581,0.0,0.0,0.4881744561539864,0.4881744561539864,0.0,0,0,0,0.0,OPTIMAL,0.0
2026-01-05 03:30:00,ZONE_B,0,0.99978644,0.0006039824,1419.8307,1419.8307,0.0,0.0,0.4812433126647265,0.4812433126647265,0.0,0,0,0,0.0,OPTIMAL,0.0
2026-01-05 03:45:00,ZONE_B,0,0.9997737,0.0008987893,1470.6090399999998,1470.6090399999998,0.0,0.0,0.4908474504221098,0.4908474504221098,0.0,0,0,0,0.0,OPTIMAL,0.0
2026-01-05 04:00:00,ZONE_B,0,0.99978644,0.0006560945,1434.38389,1434.38389,0.0,0.0,0.47856949808110094,0.47856949808110094,0.0,0,0,0,0.0,OPTIMAL,0.0
2026-01-05 04:15:00,ZONE_B,0,0.9998029,0.0005031945,1475.55223,1475.55223,0.0,0.0,0.47060064930389006,0.47060064930389006,0.0,0,0,0,0.0,OPTIMAL,0.0
2026-01-05 04:30:00,ZONE_B,0,0.99975234,0.00059108384,1474.03055,1474.03055,0.0,0.0,0.4714193663742791,0.4714193663742791,0.0,0,0,0,0.0,OPTIMAL,0.0
2026-01-05 04:45:00,ZONE_B,0,0.99982554,0.0005416268,1493.0097460000002,1493.0097460000002,0.0,0.0,0.4811665520089248,0.4811665520089248,0.0,0,0,0,0.0,OPTIMAL,0.0
2026-01-05 05:00:00,ZONE_B,0,0.99982387,0.00060608785,1711.15648,1711.15648,0.0,0.0,0.527790994836927,0.527790994836927,0.0,0,0,0,0.0,OPTIMAL,0.0
2026-01-05 05:15:00,ZONE_B,0,0.9997727,0.0011048843,1713.249336,1713.249336,0.0,0.0,0.5493810206887579,0.5493810206887579,0.0,0,0,0,0.0,OPTIMAL,0.0
2026-01-05 05:30:00,ZONE_B,0,0.9998067,0.00060608785,1723.47358,1723.47358,0.0,0.0,0.5613219978524142,0.5613219978524142,0.0,0,0,0,0.0,OPTIMAL,0.0
2026-01-05 05:45:00,ZONE_B,0,0.99968493,0.00062412873,1745.6128400000002,1745.6128400000002,0.0,0.0,0.5485104122795967,0.5485104122795967,0.0,0,0,0,0.0,OPTIMAL,0.0
2026-01-05 06:00:00,ZONE_B,0,0.9996761,0.0005266924,1787.63554,1787.63554,0.0,0.0,0.5619214702933789,0.5619214702933789,0.0,0,0,0,0.0,OPTIMAL,0.0
2026-01-05 06:15:00,ZONE_B,0,0.99965537,0.00048541048,1774.9980999999998,1774.9980999999998,0.0,0.0,0.5871716298373962,0.5871716298373962,0.0,0,0,0,0.0,OPTIMAL,0.0
2026-01-05 06:30:00,ZONE_B,0,0.99882275,0.0004954507,1836.91374,1836.91374,0.0,0.0,0.5938663804433962,0.5938663804433962,0.0,0,0,0,0.0,OPTIMAL,0.0
2026-01-05 06:45:00,ZONE_B,0,0.9966799,0.0007468733,1799.20081,1799.20081,0.0,0.0,0.6040977608842275,0.6040977608842275,0.0,0,0,0,0.0,OPTIMAL,0.0
2026-01-05 07:00:00,ZONE_B,0,0.6844966,0.00063181797,1859.47576,1859.47576,0.0,0.0,0.6550571575930443,0.6550571575930443,0.0,0,0,0,0.0,OPTIMAL,0.0
2026-01-05 07:15:00,ZONE_B,0,0.98629355,0.029349916,1761.0939199999998,1761.0939199999998,0.0,0.0,0.6079469347381188,0.6079469347381188,0.0,0,0,0,0.0,OPTIMAL,0.0
2026-01-05 07:30:00,ZONE_B,0,0.6711353,0.036269017,1842.21183,1842.21183,0.0,0.0,0.667748745364321,0.667748745364321,0.0,0,0,0,0.0,OPTIMAL,0.0
2026-01-05 07:45:00,ZONE_B,0,0.6736289,0.0451367,1855.4904,1855.4904,0.0,0.0,0.6452897080934034,0.6452897080934034,0.0,0,0,0,0.0,OPTIMAL,0.0
2026-01-05 08:00:00,ZONE_B,2,0.6227714,0.050854694,1925.09137,1925.09137,0.0,0.0,0.7276697321937297,0.7276697321937297,0.0,0,0,0,0.0,OPTIMAL,0.0
2026-01-05 08:15:00,ZONE_B,2,0.779535,0.029314375,1926.60387,1926.60387,0.0,0.0,0.7287948725969772,0.7287948725969772,0.0,0,0,0,0.0,OPTIMAL,0.0
2026-01-05 08:30:00,ZONE_B,1,0.6475145,0.20626748,1846.22923,1846.22923,0.0,0.0,0.6782720481786227,0.6782720481786227,0.0,0,0,0,0.0,OPTIMAL,0.0
2026-01-05 08:45:00,ZONE_B,2,0.6935034,0.04244505,1947.1179,1947.1179,0.0,0.0,0.7217685055705407,0.7217685055705407,0.0,0,0,0,0.0,OPTIMAL,0.0
2026-01-05 09:00:00,ZONE_B,0,0.9924142,0.035737455,1692.94387,1692.94387,0.0,0.0,0.6200251191082913,0.6200251191082913,0.0,0,0,0,0.0,OPTIMAL,0.0
2026-01-05 09:15:00,ZONE_B,0,0.62021106,0.19113751,1689.1754,1689.1754,0.0,0.0,0.6412803160740376,0.6412803160740376,0.0,0,0,0,0.0,OPTIMAL,0.0
2026-01-05 09:30:00,ZONE_B,0,0.999153,0.2504836,1516.77823,1516.77823,0.0,0.0,0.5705674630198077,0.5705674630198077,0.0,0,0,0,0.0,OPTIMAL,0.0
2026-01-05 09:45:00,ZONE_B,0,0.97062063,0.37874028,1630.33873,1630.33873,0.0,0.0,0.6169697473226115,0.6169697473226115,0.0,0,0,0,0.0,OPTIMAL,0.0
2026-01-05 10:00:00,ZONE_B,0,0.59270495,0.1484352,1694.54647,1694.54647,0.0,0.0,0.6431289207985181,0.6431289207985181,0.0,0,0,0,0.0,OPTIMAL,0.0
2026-01-05 10:15:00,ZONE_B,0,0.9984713,0.08738394,1569.9212,1569.9212,0.0,0.0,0.5838861185679911,0.5838861185679911,0.0,0,0,0,0.0,OPTIMAL,0.0
2026-01-05 10:30:00,ZONE_B,0,0.99875903,0.021931387,1556.3691,1556.3691,0.0,0.0,0.5857420740619699,0.5857420740619699,0.0,0,0,0,0.0,OPTIMAL,0.0
2026-01-05 10:45:00,ZONE_B,0,0.99880326,0.07932654,1537.4347699999998,1537.4347699999998,0.0,0.0,0.5890121856645697,0.5890121856645697,0.0,0,0,0,0.0,OPTIMAL,0.0
2026-01-05 11:00:00,ZONE_B,0,0.98993766,0.28423813,1582.9540000000002,1582.9540000000002,0.0,0.0,0.6077181830098636,0.6077181830098636,0.0,0,0,0,0.0,OPTIMAL,0.0
2026-01-05 11:15:00,ZONE_B,0,0.85023713,0.45948625,1618.7858,1618.7858,0.0,0.0,0.6319243888116409,0.6319243888116409,0.0,0,0,0,0.0,OPTIMAL,0.0
2026-01-05 11:30:00,ZONE_B,1,0.8168988,0.31820357,1598.9831,1598.9831,0.0,0.0,0.6706889081451357,0.6706889081451357,0.0,0,0,0,0.0,OPTIMAL,0.0
2026-01-05 11:45:00,ZONE_B,0,0.9694439,0.50834054,1483.7213499999998,1745.3689789220489,261.64762892204897,61.647628922048966,0.6341982181362174,0.7276438001214602,200.0,0,0,0,61.647628922048966,OPTIMAL,627476.2892204897
2026-01-05 12:00:00,ZONE_B,0,0.5577737,0.46405038,1484.1786000000002,1484.1786000000002,0.0,0.0,0.6826132746109087,0.6826132746109087,0.0,0,0,0,0.0,OPTIMAL,0.0
2026-01-05 12:15:00,ZONE_B,0,0.9962094,0.11745511,1430.52806,1430.52806,0.0,0.0,0.6128459121605402,0.6128459121605402,0.0,0,0,0,0.0,OPTIMAL,0.0
2026-01-05 12:30:00,ZONE_B,0,0.99419796,0.12809923,1411.0478,1411.0478,0.0,0.0,0.5939059464240359,0.5939059464240359,0.0,0,0,0,0.0,OPTIMAL,0.0
2026-01-05 12:45:00,ZONE_B,0,0.9815068,0.4370141,1429.0954000000002,1429.0954000000002,0.0,0.0,0.6131420162560445,0.6131420162560445,0.0,0,0,0,0.0,OPTIMAL,0.0
2026-01-05 13:00:00,ZONE_B,0,0.9884722,0.50262266,1460.9321,1723.960971548048,263.028871548048,63.028871548048016,0.6307637329258189,0.7247026159175264,200.0,0,0,0,63.028871548048016,OPTIMAL,641288.7154804801
2026-01-05 13:15:00,ZONE_B,0,0.9928518,0.117773235,1396.40463,1396.40463,0.0,0.0,0.6190465758063551,0.6190465758063551,0.0,0,0,0,0.0,OPTIMAL,0.0
2026-01-05 13:30:00,ZONE_B,0,0.9980439,0.04222393,1458.3198,1458.3198,0.0,0.0,0.6100736698747742,0.6100736698747742,0.0,0,0,0,0.0,OPTIMAL,0.0
2026-01-05 13:45:00,ZONE_B,0,0.99793905,0.06867407,1511.37703,1511.37703,0.0,0.0,0.6092744313453103,0.6092744313453103,0.0,0,0,0,0.0,OPTIMAL,0.0
2026-01-05 14:00:00,ZONE_B,0,0.9993333,0.16839497,1521.2389,1521.2389,0.0,0.0,0.60080093846023,0.60080093846023,0.0,0,0,0,0.0,OPTIMAL,0.0
2026-01-05 14:15:00,ZONE_B,0,0.9973048,0.06809075,1560.0829,1560.0829,0.0,0.0,0.6112759806355025,0.6112759806355025,0.0,0,0,0,0.0,OPTIMAL,0.0
2026-01-05 14:30:00,ZONE_B,0,0.9947771,0.059604544,1535.1990999999998,1535.1990999999998,0.0,0.0,0.616717097500882,0.616717097500882,0.0,0,0,0,0.0,OPTIMAL,0.0
2026-01-05 14:45:00,ZONE_B,0,0.99427646,0.10907488,1481.96808,1481.96808,0.0,0.0,0.6089514308031984,0.6089514308031984,0.0,0,0,0,0.0,OPTIMAL,0.0
2026-01-05 15:00:00,ZONE_B,0,0.9933304,0.372348,1570.1291,1570.1291,0.0,0.0,0.6318046412949816,0.6318046412949816,0.0,0,0,0,0.0,OPTIMAL,0.0
2026-01-05 15:15:00,ZONE_B,0,0.9815506,0.13686353,1635.8381599999998,1635.8381599999998,0.0,0.0,0.629976087285248,0.629976087285248,0.0,0,0,0,0.0,OPTIMAL,0.0
2026-01-05 15:30:00,ZONE_B,0,0.98798996,0.4526768,1597.4745,1597.4745,0.0,0.0,0.6270241350878659,0.6270241350878659,0.0,0,0,0,0.0,OPTIMAL,0.0
2026-01-05 15:45:00,ZONE_B,0,0.986038,0.40441567,1604.06643,1604.06643,0.0,0.0,0.633754068949268,0.633754068949268,0.0,0,0,0,0.0,OPTIMAL,0.0
2026-01-05 16:00:00,ZONE_B,0,0.98895824,0.1903896,1646.0175399999998,1646.0175399999998,0.0,0.0,0.6123839620436775,0.6123839620436775,0.0,0,0,0,0.0,OPTIMAL,0.0
2026-01-05 16:15:00,ZONE_B,0,0.9913906,0.13969731,1674.04444,1674.04444,0.0,0.0,0.6177054500478715,0.6177054500478715,0.0,0,0,0,0.0,OPTIMAL,0.0
2026-01-05 16:30:00,ZONE_B,0,0.990207,0.14484245,1674.4993800000002,1674.4993800000002,0.0,0.0,0.6306491639209421,0.6306491639209421,0.0,0,0,0,0.0,OPTIMAL,0.0
2026-01-05 16:45:00,ZONE_B,0,0.99030274,0.053021587,1761.414,1761.414,0.0,0.0,0.6271921535594787,0.6271921535594787,0.0,0,0,0,0.0,OPTIMAL,0.0
2026-01-05 17:00:00,ZONE_B,0,0.99380046,0.024846043,1747.82318,1747.82318,0.0,0.0,0.6168432502908237,0.6168432502908237,0.0,0,0,0,0.0,OPTIMAL,0.0
2026-01-05 17:15:00,ZONE_B,0,0.99687445,0.07589836,1751.89068,1751.89068,0.0,0.0,0.6163149545204729,0.6163149545204729,0.0,0,0,0,0.0,OPTIMAL,0.0
2026-01-05 17:30:00,ZONE_B,0,0.9972475,0.005563236,1767.68522,1767.68522,0.0,0.0,0.6162395282450753,0.6162395282450753,0.0,0,0,0,0.0,OPTIMAL,0.0
2026-01-05 17:45:00,ZONE_B,0,0.997241,0.001637957,1805.20833,1805.20833,0.0,0.0,0.6108643608997195,0.6108643608997195,0.0,0,0,0,0.0,OPTIMAL,0.0
2026-01-05 18:00:00,ZONE_B,0,0.99783343,0.0033014743,1813.04556,1813.04556,0.0,0.0,0.5959971247094458,0.5959971247094458,0.0,0,0,0,0.0,OPTIMAL,0.0
2026-01-05 18:15:00,ZONE_B,0,0.99784124,0.010932784,1772.01496,1772.01496,0.0,0.0,0.6047152700187909,0.6047152700187909,0.0,0,0,0,0.0,OPTIMAL,0.0
2026-01-05 18:30:00,ZONE_B,0,0.99778616,0.010932784,1759.7829700000002,1759.7829700000002,0.0,0.0,0.6177694110445054,0.6177694110445054,0.0,0,0,0,0.0,OPTIMAL,0.0
2026-01-05 18:45:00,ZONE_B,0,0.9982942,0.004184614,1768.83893,1768.83893,0.0,0.0,0.6157819174042226,0.6157819174042226,0.0,0,0,0,0.0,OPTIMAL,0.0
2026-01-05 19:00:00,ZONE_B,0,0.9989704,0.036177866,1745.00054,1745.00054,0.0,0.0,0.620332959502399,0.620332959502399,0.0,0,0,0,0.0,OPTIMAL,0.0
2026-01-05 19:15:00,ZONE_B,0,0.99876815,0.007388403,1774.37474,1774.37474,0.0,0.0,0.6098612702911048,0.6098612702911048,0.0,0,0,0,0.0,OPTIMAL,0.0
2026-01-05 19:30:00,ZONE_B,0,0.9977818,0.009505317,1756.74993,1756.74993,0.0,0.0,0.6253199982281902,0.6253199982281902,0.0,0,0,0,0.0,OPTIMAL,0.0
2026-01-05 19:45:00,ZONE_B,0,0.9959474,0.08420583,1733.02372,1733.02372,0.0,0.0,0.6178417319631361,0.6178417319631361,0.0,0,0,0,0.0,OPTIMAL,0.0
2026-01-05 20:00:00,ZONE_B,0,0.99959356,0.07948352,1611.57423,1611.57423,0.0,0.0,0.5861454686917307,0.5861454686917307,0.0,0,0,0,0.0,OPTIMAL,0.0
2026-01-05 20:15:00,ZONE_B,0,0.999721,0.047962636,1609.4654,1609.4654,0.0,0.0,0.5885668095495611,0.5885668095495611,0.0,0,0,0,0.0,OPTIMAL,0.0
2026-01-05 20:30:00,ZONE_B,0,0.9995964,0.07328287,1580.8155,1580.8155,0.0,0.0,0.5746106212467417,0.5746106212467417,0.0,0,0,0,0.0,OPTIMAL,0.0
2026-01-05 20:45:00,ZONE_B,0,0.9989843,0.045872074,1576.05177,1576.05177,0.0,0.0,0.5798405757011468,0.5798405757011468,0.0,0,0,0,0.0,OPTIMAL,0.0
2026-01-05 21:00:00,ZONE_B,0,0.9995875,0.016733527,1539.89713,1539.89713,0.0,0.0,0.5745701728042122,0.5745701728042122,0.0,0,0,0,0.0,OPTIMAL,0.0
2026-01-05 21:15:00,ZONE_B,0,0.99902296,0.028524121,1501.75183,1501.75183,0.0,0.0,0.5576269203724665,0.5576269203724665,0.0,0,0,0,0.0,OPTIMAL,0.0
2026-01-05 21:30:00,ZONE_B,0,0.9995927,0.024244595,1461.0950400000002,1461.0950400000002,0.0,0.0,0.5459393673311602,0.5459393673311602,0.0,0,0,0,0.0,OPTIMAL,0.0
2026-01-05 21:45:00,ZONE_B,0,0.99964297,0.023652708,1454.8780700000002,1454.8780700000002,0.0,0.0,0.5381671632847508,0.5381671632847508,0.0,0,0,0,0.0,OPTIMAL,0.0
2026-01-05 22:00:00,ZONE_B,0,0.9993493,0.031729214,1443.31284,1443.31284,0.0,0.0,0.5337973748025931,0.5337973748025931,0.0,0,0,0,0.0,OPTIMAL,0.0
2026-01-05 22:15:00,ZONE_B,0,0.9992442,0.0484929,1408.109,1408.109,0.0,0.0,0.5328423312138721,0.5328423312138721,0.0,0,0,0,0.0,OPTIMAL,0.0
2026-01-05 22:30:00,ZONE_B,0,0.9995408,0.03630477,1350.58895,1350.58895,0.0,0.0,0.5141434954701677,0.5141434954701677,0.0,0,0,0,0.0,OPTIMAL,0.0
2026-01-05 22:45:00,ZONE_B,0,0.99972206,0.05059974,1346.06588,1346.06588,0.0,0.0,0.5069100418844085,0.5069100418844085,0.0,0,0,0,0.0,OPTIMAL,0.0
2026-01-05 23:00:00,ZONE_B,0,0.9996481,0.05059974,1339.43925,1339.43925,0.0,0.0,0.5100628480399705,0.5100628480399705,0.0,0,0,0,0.0,OPTIMAL,0.0
2026-01-05 23:15:00,ZONE_B,0,0.9995479,0.05059974,1337.48506,1337.48506,0.0,0.0,0.5226043914432364,0.5226043914432364,0.0,0,0,0,0.0,OPTIMAL,0.0
2026-01-05 23:30:00,ZONE_B,0,0.99972445,0.05059974,1339.80503,1339.80503,0.0,0.0,0.5194925621123303,0.5194925621123303,0.0,0,0,0,0.0,OPTIMAL,0.0
2026-01-05 23:45:00,ZONE_B,0,0.9995016,0.19371311,1332.69686,1332.69686,0.0,0.0,0.5009384487696625,0.5009384487696625,0.0,0,0,0,0.0,OPTIMAL,0.0
2026-01-06 00:00:00,ZONE_B,0,0.99949014,0.056801014,1337.0721,1337.0721,0.0,0.0,0.5037869654635824,0.5037869654635824,0.0,0,0,0,0.0,OPTIMAL,0.0
2026-01-06 00:15:00,ZONE_B,0,0.99949014,0.057406537,1325.74705,1325.74705,0.0,0.0,0.5051403895089247,0.5051403895089247,0.0,0,0,0,0.0,OPTIMAL,0.0
2026-01-06 00:30:00,ZONE_B,0,0.999418,0.051142737,1329.1759,1329.1759,0.0,0.0,0.5014476094358612,0.5014476094358612,0.0,0,0,0,0.0,OPTIMAL,0.0
2026-01-06 00:45:00,ZONE_B,0,0.99949443,0.12665726,1326.6214,1326.6214,0.0,0.0,0.5175749350060354,0.5175749350060354,0.0,0,0,0,0.0,OPTIMAL,0.0
2026-01-06 01:00:00,ZONE_B,0,0.99949014,0.18984431,1323.13466,1323.13466,0.0,0.0,0.5105263175263305,0.5105263175263305,0.0,0,0,0,0.0,OPTIMAL,0.0
2026-01-06 01:15:00,ZONE_B,0,0.99949014,0.6356415,1319.53007,1498.780801376795,179.250731376795,0.0,0.5059218636084546,0.5699399820866762,179.250731376795,0,0,0,0.0,OPTIMAL,9858.790225723724
2026-01-06 01:30:00,ZONE_B,0,0.99949443,0.12665726,1322.09205,1322.09205,0.0,0.0,0.5154248905628454,0.5154248905628454,0.0,0,0,0,0.0,OPTIMAL,0.0
2026-01-06 01:45:00,ZONE_B,0,0.99949443,0.05664106,1329.3263000000002,1329.3263000000002,0.0,0.0,0.5099493321570672,0.5099493321570672,0.0,0,0,0,0.0,OPTIMAL,0.0
2026-01-06 02:00:00,ZONE_B,0,0.99906534,0.057406537,1324.8436,1324.8436,0.0,0.0,0.5068622024959323,0.5068622024959323,0.0,0,0,0,0.0,OPTIMAL,0.0
2026-01-06 02:15:00,ZONE_B,0,0.99946624,0.22807707,1330.75708,1330.75708,0.0,0.0,0.5063542171057724,0.5063542171057724,0.0,0,0,0,0.0,OPTIMAL,0.0
2026-01-06 02:30:00,ZONE_B,0,0.9991818,0.05664106,1329.9403,1329.9403,0.0,0.0,0.5087453222470939,0.5087453222470939,0.0,0,0,0,0.0,OPTIMAL,0.0
2026-01-06 02:45:00,ZONE_B,0,0.99949443,0.065597735,1322.563,1322.563,0.0,0.0,0.5044829941288739,0.5044829941288739,0.0,0,0,0,0.0,OPTIMAL,0.0
2026-01-06 03:00:00,ZONE_B,0,0.9992736,0.14560391,1323.3807399999998,1323.3807399999998,0.0,0.0,0.4926681483384423,0.4926681483384423,0.0,0,0,0,0.0,OPTIMAL,0.0
2026-01-06 03:15:00,ZONE_B,0,0.99949014,0.34717622,1326.99808,1326.99808,0.0,0.0,0.5168952315150805,0.5168952315150805,0.0,0,0,0,0.0,OPTIMAL,0.0
2026-01-06 03:30:00,ZONE_B,0,0.99959403,0.09587841,1326.3446199999998,1326.3446199999998,0.0,0.0,0.5079608218760384,0.5079608218760384,0.0,0,0,0,0.0,OPTIMAL,0.0
2026-01-06 03:45:00,ZONE_B,0,0.99949443,0.1208119,1316.59825,1316.59825,0.0,0.0,0.499887929901735,0.499887929901735,0.0,0,0,0,0.0,OPTIMAL,0.0
2026-01-06 04:00:00,ZONE_B,0,0.99949014,0.16885455,1310.96923,1310.96923,0.0,0.0,0.49899178745877454,0.49899178745877454,0.0,0,0,0,0.0,OPTIMAL,0.0
2026-01-06 04:15:00,ZONE_B,0,0.99949014,0.05664106,1328.417,1328.417,0.0,0.0,0.511186263267385,0.511186263267385,0.0,0,0,0,0.0,OPTIMAL,0.0
2026-01-06 04:30:00,ZONE_B,0,0.99949443,0.10213938,1320.50895,1320.50895,0.0,0.0,0.506847396032143,0.506847396032143,0.0,0,0,0,0.0,OPTIMAL,0.0
2026-01-06 04:45:00,ZONE_B,0,0.99949014,0.2971748,1315.35512,1315.35512,0.0,0.0,0.5051471879741506,0.5051471879741506,0.0,0,0,0,0.0,OPTIMAL,0.0
2026-01-06 05:00:00,ZONE_B,0,0.99942255,0.20108311,1552.6606000000002,1552.6606000000002,0.0,0.0,0.5634723410901634,0.5634723410901634,0.0,0,0,0,0.0,OPTIMAL,0.0
2026-01-06 05:15:00,ZONE_B,0,0.99950755,0.020488765,1558.19993,1558.19993,0.0,0.0,0.5697931527714915,0.5697931527714915,0.0,0,0,0,0.0,OPTIMAL,0.0
2026-01-06 05:30:00,ZONE_B,0,0.9994267,0.27990955,1576.76325,1576.76325,0.0,0.0,0.5832257094545332,0.5832257094545332,0.0,0,0,0,0.0,OPTIMAL,0.0
2026-01-06 05:45:00,ZONE_B,0,0.9995683,0.20672159,1601.5261,1601.5261,0.0,0.0,0.5882298921962249,0.5882298921962249,0.0,0,0,0,0.0,OPTIMAL,0.0
2026-01-06 06:00:00,ZONE_B,0,0.9986926,0.01756396,1616.46558,1616.46558,0.0,0.0,0.5856808861338313,0.5856808861338313,0.0,0,0,0,0.0,OPTIMAL,0.0
2026-01-06 06:15:00,ZONE_B,0,0.9982566,0.025548374,1612.90548,1612.90548,0.0,0.0,0.600112883990917,0.600112883990917,0.0,0,0,0,0.0,OPTIMAL,0.0
2026-01-06 06:30:00,ZONE_B,0,0.9902802,0.048484046,1635.49565,1635.49565,0.0,0.0,0.6094947645208912,0.6094947645208912,0.0,0,0,0,0.0,OPTIMAL,0.0
2026-01-06 06:45:00,ZONE_B,0,0.9944066,0.04973616,1614.9860199999998,1614.9860199999998,0.0,0.0,0.621932151758009,0.621932151758009,0.0,0,0,0,0.0,OPTIMAL,0.0
2026-01-06 07:00:00,ZONE_B,0,0.97334045,0.1768953,1610.9234,1610.9234,0.0,0.0,0.6418716475608629,0.6418716475608629,0.0,0,0,0,0.0,OPTIMAL,0.0
2026-01-06 07:15:00,ZONE_B,0,0.6250494,0.25773388,1590.6702,1590.6702,0.0,0.0,0.6481820832102911,0.6481820832102911,0.0,0,0,0,0.0,OPTIMAL,0.0
2026-01-06 07:30:00,ZONE_B,1,0.64216185,0.25773388,1621.158,1621.158,0.0,0.0,0.6653557262587408,0.6653557262587408,0.0,0,0,0,0.0,OPTIMAL,0.0
2026-01-06 07:45:00,ZONE_B,1,0.77592385,0.45155472,1631.9718200000002,1631.9718200000002,0.0,0.0,0.6908722375307235,0.6908722375307235,0.0,0,0,0,0.0,OPTIMAL,0.0
2026-01-06 08:00:00,ZONE_B,1,0.8735453,0.44618917,1628.9095599999998,1628.9095599999998,0.0,0.0,0.6938653212807014,0.6938653212807014,0.0,0,0,0,0.0,OPTIMAL,0.0
2026-01-06 08:15:00,ZONE_B,1,0.73395693,0.48625055,1591.1714000000002,1591.1714000000002,0.0,0.0,0.6852764824496961,0.6852764824496961,0.0,0,0,0,0.0,OPTIMAL,0.0
2026-01-06 08:30:00,ZONE_B,2,0.60250694,0.34663436,1631.5683599999998,1631.5683599999998,0.0,0.0,0.710078731649096,0.710078731649096,0.0,0,0,0,0.0,OPTIMAL,0.0
2026-01-06 08:45:00,ZONE_B,2,0.80091625,0.42772833,1655.3103999999998,1655.3103999999998,0.0,0.0,0.7326185772280208,0.7326185772280208,0.0,0,0,0,0.0,OPTIMAL,0.0
2026-01-06 09:00:00,ZONE_B,0,0.9889903,0.27164567,1343.56246,1343.56246,0.0,0.0,0.6146592875069942,0.6146592875069942,0.0,0,0,0,0.0,OPTIMAL,0.0
2026-01-06 09:15:00,ZONE_B,1,0.63445926,0.5462867,1400.00315,1735.534216571775,335.531066571775,135.531066571775,0.6604879072133074,0.7803204313696964,200.0,0,0,0,135.531066571775,OPTIMAL,1366310.66571775
2026-01-06 09:30:00,ZONE_B,0,0.9681218,0.06030252,1321.06435,1321.06435,0.0,0.0,0.6277744561240932,0.6277744561240932,0.0,0,0,0,0.0,OPTIMAL,0.0
2026-01-06 09:45:00,ZONE_B,1,0.8912888,0.68010324,1355.2885,1793.4433801222242,438.15488012222403,238.15488012222403,0.6571776486967973,0.8136615350399805,200.0,0,0,0,238.15488012222403,OPTIMAL,2392548.80122224
2026-01-06 10:00:00,ZONE_B,0,0.850395,0.045275,1310.0782600000002,1310.0782600000002,0.0,0.0,0.640594500605436,0.640594500605436,0.0,0,0,0,0.0,OPTIMAL,0.0
2026-01-06 10:15:00,ZONE_B,0,0.9744648,0.21755743,1224.95753,1224.95753,0.0,0.0,0.6225829516963678,0.6225829516963678,0.0,0,0,0,0.0,OPTIMAL,0.0
2026-01-06 10:30:00,ZONE_B,0,0.7981669,0.03771628,1268.2222,1268.2222,0.0,0.0,0.6353361240807234,0.6353361240807234,0.0,0,0,0,0.0,OPTIMAL,0.0
2026-01-06 10:45:00,ZONE_B,1,0.8836323,0.5869709,1353.8406599999998,1737.2123331299658,383.371673129966,183.37167312996598,0.6653050095369176,0.8022234646255771,200.0,0,0,0,183.37167312996598,OPTIMAL,1844716.73129966
2026-01-06 11:00:00,ZONE_B,1,0.8999293,0.1896937,1311.0766,1311.0766,0.0,0.0,0.6696021342711529,0.6696021342711529,0.0,0,0,0,0.0,OPTIMAL,0.0
2026-01-06 11:15:00,ZONE_B,0,0.933418,0.017194275,1270.8058999999998,1270.8058999999998,0.0,0.0,0.6376952406350372,0.6376952406350372,0.0,0,0,0,0.0,OPTIMAL,0.0
2026-01-06 11:30:00,ZONE_B,1,0.9685001,0.3783088,1342.2723,1342.2723,0.0,0.0,0.677281882743776,0.677281882743776,0.0,0,0,0,0.0,OPTIMAL,0.0
2026-01-06 11:45:00,ZONE_B,0,0.94016707,0.05576962,1304.5744,1304.5744,0.0,0.0,0.6228059335265861,0.6228059335265861,0.0,0,0,0,0.0,OPTIMAL,0.0
2026-01-06 12:00:00,ZONE_B,1,0.8730844,0.44150913,1329.0006,1329.0006,0.0,0.0,0.6578453334637197,0.6578453334637197,0.0,0,0,0,0.0,OPTIMAL,0.0
2026-01-06 12:15:00,ZONE_B,0,0.91611993,0.03662085,1286.6403999999998,1286.6403999999998,0.0,0.0,0.6256835340207594,0.6256835340207594,0.0,0,0,0,0.0,OPTIMAL,0.0
2026-01-06 12:30:00,ZONE_B,0,0.9748717,0.08213829,1286.3876,1286.3876,0.0,0.0,0.6347838209123325,0.6347838209123325,0.0,0,0,0,0.0,OPTIMAL,0.0
2026-01-06 12:45:00,ZONE_B,0,0.79750395,0.27265805,1355.2433,1355.2433,0.0,0.0,0.641844636609909,0.641844636609909,0.0,0,0,0,0.0,OPTIMAL,0.0
2026-01-06 13:00:00,ZONE_B,0,0.97714365,0.31162995,1280.3269300000002,1280.3269300000002,0.0,0.0,0.6214980305173842,0.6214980305173842,0.0,0,0,0,0.0,OPTIMAL,0.0
2026-01-06 13:15:00,ZONE_B,0,0.787972,0.6206684,1324.0019,1733.95219893004,409.95029893004,209.95029893004,0.6402934387458376,0.7867042601834222,200.0,0,0,0,209.95029893004,OPTIMAL,2110502.9893004
2026-01-06 13:30:00,ZONE_B,1,0.89711523,0.43169084,1361.8643,1361.8643,0.0,0.0,0.6690334144900953,0.6690334144900953,0.0,0,0,0,0.0,OPTIMAL,0.0
2026-01-06 13:45:00,ZONE_B,0,0.9626978,0.14361352,1344.6832,1344.6832,0.0,0.0,0.6253694660916151,0.6253694660916151,0.0,0,0,0,0.0,OPTIMAL,0.0
2026-01-06 14:00:00,ZONE_B,1,0.5250492,0.4090813,1432.9109600000002,1432.9109600000002,0.0,0.0,0.6597803247423496,0.6597803247423496,0.0,0,0,0,0.0,OPTIMAL,0.0
2026-01-06 14:15:00,ZONE_B,0,0.9856698,0.21730745,1357.95765,1357.95765,0.0,0.0,0.6145788794090958,0.6145788794090958,0.0,0,0,0,0.0,OPTIMAL,0.0
2026-01-06 14:30:00,ZONE_B,0,0.97376484,0.09340093,1394.7127,1394.7127,0.0,0.0,0.6339427544744084,0.6339427544744084,0.0,0,0,0,0.0,OPTIMAL,0.0
2026-01-06 14:45:00,ZONE_B,0,0.60815275,0.4521563,1454.1389399999998,1454.1389399999998,0.0,0.0,0.6655566774331709,0.6655566774331709,0.0,0,0,0,0.0,OPTIMAL,0.0
2026-01-06 15:00:00,ZONE_B,0,0.6127604,0.45919618,1514.56913,1514.56913,0.0,0.0,0.6501546495517232,0.6501546495517232,0.0,0,0,0,0.0,OPTIMAL,0.0
2026-01-06 15:15:00,ZONE_B,0,0.82391787,0.22063082,1496.8866,1496.8866,0.0,0.0,0.643513280937256,0.643513280937256,0.0,0,0,0,0.0,OPTIMAL,0.0
2026-01-06 15:30:00,ZONE_B,0,0.90456194,0.54466873,1516.87462,1776.2326773493594,259.3580573493594,59.3580573493594,0.638768051134644,0.7313959290124572,200.0,0,0,0,59.3580573493594,OPTIMAL,604580.573493594
2026-01-06 15:45:00,ZONE_B,0,0.9605232,0.4171238,1561.3775,1561.3775,0.0,0.0,0.6319345638108487,0.6319345638108487,0.0,0,0,0,0.0,OPTIMAL,0.0
2026-01-06 16:00:00,ZONE_B,0,0.96000224,0.4839486,1625.3497,1625.3497,0.0,0.0,0.6355296061030008,0.6355296061030008,0.0,0,0,0,0.0,OPTIMAL,0.0
2026-01-06 16:15:00,ZONE_B,0,0.981679,0.25830355,1646.53625,1646.53625,0.0,0.0,0.6422295016051381,0.6422295016051381,0.0,0,0,0,0.0,OPTIMAL,0.0
2026-01-06 16:30:00,ZONE_B,0,0.98849267,0.12777527,1681.3165,1681.3165,0.0,0.0,0.6226388008908338,0.6226388008908338,0.0,0,0,0,0.0,OPTIMAL,0.0
2026-01-06 16:45:00,ZONE_B,0,0.98506445,0.069738045,1699.40844,1699.40844,0.0,0.0,0.6251263492442397,0.6251263492442397,0.0,0,0,0,0.0,OPTIMAL,0.0
2026-01-06 17:00:00,ZONE_B,0,0.9915005,0.06201221,1726.97236,1726.97236,0.0,0.0,0.6268205650943152,0.6268205650943152,0.0,0,0,0,0.0,OPTIMAL,0.0
2026-01-06 17:15:00,ZONE_B,0,0.98936045,0.08253574,1737.14196,1737.14196,0.0,0.0,0.6252793421474929,0.6252793421474929,0.0,0,0,0,0.0,OPTIMAL,0.0
2026-01-06 17:30:00,ZONE_B,0,0.9951551,0.04746889,1731.90974,1731.90974,0.0,0.0,0.6208961950048298,0.6208961950048298,0.0,0,0,0,0.0,OPTIMAL,0.0
2026-01-06 17:45:00,ZONE_B,0,0.99616206,0.10061669,1729.27464,1729.27464,0.0,0.0,0.6233463952962437,0.6233463952962437,0.0,0,0,0,0.0,OPTIMAL,0.0
2026-01-06 18:00:00,ZONE_B,0,0.9921842,0.050850388,1720.09827,1720.09827,0.0,0.0,0.6214916301100765,0.6214916301100765,0.0,0,0,0,0.0,OPTIMAL,0.0
2026-01-06 18:15:00,ZONE_B,0,0.9948453,0.060338587,1727.74252,1727.74252,0.0,0.0,0.6238851424186711,0.6238851424186711,0.0,0,0,0,0.0,OPTIMAL,0.0
2026-01-06 18:30:00,ZONE_B,0,0.9917139,0.089879446,1724.29536,1724.29536,0.0,0.0,0.6309258039042437,0.6309258039042437,0.0,0,0,0,0.0,OPTIMAL,0.0
2026-01-06 18:45:00,ZONE_B,0,0.9924967,0.10355911,1714.50453,1714.50453,0.0,0.0,0.614499608729333,0.614499608729333,0.0,0,0,0,0.0,OPTIMAL,0.0
2026-01-06 19:00:00,ZONE_B,0,0.9915318,0.053954937,1722.75083,1722.75083,0.0,0.0,0.6254649720137351,0.6254649720137351,0.0,0,0,0,0.0,OPTIMAL,0.0
2026-01-06 19:15:00,ZONE_B,0,0.99251926,0.06930532,1720.86133,1720.86133,0.0,0.0,0.6182579427908106,0.6182579427908106,0.0,0,0,0,0.0,OPTIMAL,0.0
2026-01-06 19:30:00,ZONE_B,0,0.9889866,0.04910051,1736.2259,1736.2259,0.0,0.0,0.6283206326241351,0.6283206326241351,0.0,0,0,0,0.0,OPTIMAL,0.0
2026-01-06 19:45:00,ZONE_B,0,0.99207604,0.049687807,1717.5831,1717.5831,0.0,0.0,0.6198998043488314,0.6198998043488314,0.0,0,0,0,0.0,OPTIMAL,0.0
2026-01-06 20:00:00,ZONE_B,0,0.99917334,0.052075908,1593.79826,1593.79826,0.0,0.0,0.5845003046838848,0.5845003046838848,0.0,0,0,0,0.0,OPTIMAL,0.0
2026-01-06 20:15:00,ZONE_B,0,0.99922657,0.07475103,1587.02865,1587.02865,0.0,0.0,0.5895311954252991,0.5895311954252991,0.0,0,0,0,0.0,OPTIMAL,0.0
2026-01-06 20:30:00,ZONE_B,0,0.9988129,0.04230747,1588.27814,1588.27814,0.0,0.0,0.5912961482460807,0.5912961482460807,0.0,0,0,0,0.0,OPTIMAL,0.0
2026-01-06 20:45:00,ZONE_B,0,0.99855214,0.042718522,1570.1848,1570.1848,0.0,0.0,0.5717909143300736,0.5717909143300736,0.0,0,0,0,0.0,OPTIMAL,0.0
2026-01-06 21:00:00,ZONE_B,0,0.9990345,0.020724786,1527.70107,1527.70107,0.0,0.0,0.5671511973241449,0.5671511973241449,0.0,0,0,0,0.0,OPTIMAL,0.0
2026-01-06 21:15:00,ZONE_B,0,0.99902296,0.050133456,1509.59386,1509.59386,0.0,0.0,0.5656653875270671,0.5656653875270671,0.0,0,0,0,0.0,OPTIMAL,0.0
2026-01-06 21:30:00,ZONE_B,0,0.99932134,0.053468052,1500.4578,1500.4578,0.0,0.0,0.5474978364917158,0.5474978364917158,0.0,0,0,0,0.0,OPTIMAL,0.0
2026-01-06 21:45:00,ZONE_B,0,0.99868625,0.024389874,1472.42708,1472.42708,0.0,0.0,0.5468900748830042,0.5468900748830042,0.0,0,0,0,0.0,OPTIMAL,0.0
2026-01-06 22:00:00,ZONE_B,0,0.9987735,0.032255296,1454.47684,1454.47684,0.0,0.0,0.5276756874243763,0.5276756874243763,0.0,0,0,0,0.0,OPTIMAL,0.0
2026-01-06 22:15:00,ZONE_B,0,0.999345,0.051722273,1422.71996,1422.71996,0.0,0.0,0.532304059861429,0.532304059861429,0.0,0,0,0,0.0,OPTIMAL,0.0
2026-01-06 22:30:00,ZONE_B,0,0.9991769,0.042755555,1388.07032,1388.07032,0.0,0.0,0.5295766860111009,0.5295766860111009,0.0,0,0,0,0.0,OPTIMAL,0.0
2026-01-06 22:45:00,ZONE_B,0,0.99949014,0.05229309,1372.42018,1372.42018,0.0,0.0,0.5198440303314302,0.5198440303314302,0.0,0,0,0,0.0,OPTIMAL,0.0
2026-01-06 23:00:00,ZONE_B,0,0.9992736,0.07411694,1328.81126,1328.81126,0.0,0.0,0.506102199246887,0.506102199246887,0.0,0,0,0,0.0,OPTIMAL,0.0
2026-01-06 23:15:00,ZONE_B,0,0.99949014,0.05664106,1331.63068,1331.63068,0.0,0.0,0.49083819118721017,0.49083819118721017,0.0,0,0,0,0.0,OPTIMAL,0.0
2026-01-06 23:30:00,ZONE_B,0,0.9990048,0.056801014,1345.6674,1345.6674,0.0,0.0,0.5186180087696322,0.5186180087696322,0.0,0,0,0,0.0,OPTIMAL,0.0
2026-01-06 23:45:00,ZONE_B,0,0.99949014,0.07411694,1328.92793,1328.92793,0.0,0.0,0.5107144551799604,0.5107144551799604,0.0,0,0,0,0.0,OPTIMAL,0.0
2026-01-07 00:00:00,ZONE_B,0,0.9997019,0.1064595,1327.92034,1327.92034,0.0,0.0,0.4983158516357173,0.4983158516357173,0.0,0,0,0,0.0,OPTIMAL,0.0
2026-01-07 00:15:00,ZONE_B,0,0.9994541,0.21820283,1330.3606,1330.3606,0.0,0.0,0.5130536075312516,0.5130536075312516,0.0,0,0,0,0.0,OPTIMAL,0.0
2026-01-07 00:30:00,ZONE_B,0,0.9992779,0.065597735,1317.5652999999998,1317.5652999999998,0.0,0.0,0.5032130546102345,0.5032130546102345,0.0,0,0,0,0.0,OPTIMAL,0.0
2026-01-07 00:45:00,ZONE_B,0,0.99946624,0.05059974,1340.1129500000002,1340.1129500000002,0.0,0.0,0.5168608074025681,0.5168608074025681,0.0,0,0,0,0.0,OPTIMAL,0.0
2026-01-07 01:00:00,ZONE_B,0,0.99972206,0.23819931,1337.05587,1337.05587,0.0,0.0,0.507583222862888,0.507583222862888,0.0,0,0,0,0.0,OPTIMAL,0.0
2026-01-07 01:15:00,ZONE_B,0,0.99955124,0.05059974,1339.6606499999998,1339.6606499999998,0.0,0.0,0.5205553412036437,0.5205553412036437,0.0,0,0,0,0.0,OPTIMAL,0.0
2026-01-07 01:30:00,ZONE_B,0,0.99955386,0.19054031,1332.7182,1332.7182,0.0,0.0,0.5017909516048228,0.5017909516048228,0.0,0,0,0,0.0,OPTIMAL,0.0
2026-01-07 01:45:00,ZONE_B,0,0.99972445,0.052506667,1328.66975,1328.66975,0.0,0.0,0.5017206118529687,0.5017206118529687,0.0,0,0,0,0.0,OPTIMAL,0.0
2026-01-07 02:00:00,ZONE_B,0,0.99902165,0.50696516,1332.14246,1471.9356897158384,139.7932297158384,0.0,0.515887910945085,0.5658140645164174,139.7932297158384,0,0,0,0.0,OPTIMAL,7688.627634371112
2026-01-07 02:15:00,ZONE_B,0,0.99972206,0.051142737,1330.9818,1330.9818,0.0,0.0,0.5159504824223397,0.5159504824223397,0.0,0,0,0,0.0,OPTIMAL,0.0
2026-01-07 02:30:00,ZONE_B,0,0.99972445,0.08262061,1338.4901,1338.4901,0.0,0.0,0.5087334138622929,0.5087334138622929,0.0,0,0,0,0.0,OPTIMAL,0.0
2026-01-07 02:45:00,ZONE_B,0,0.9997019,0.24107279,1328.73207,1328.73207,0.0,0.0,0.5156185328594208,0.5156185328594208,0.0,0,0,0,0.0,OPTIMAL,0.0
2026-01-07 03:00:00,ZONE_B,0,0.99972206,0.050456315,1334.67095,1334.67095,0.0,0.0,0.5123681669587804,0.5123681669587804,0.0,0,0,0,0.0,OPTIMAL,0.0
2026-01-07 03:15:00,ZONE_B,0,0.9996693,0.051142737,1327.53812,1327.53812,0.0,0.0,0.5047659876264209,0.5047659876264209,0.0,0,0,0,0.0,OPTIMAL,0.0
2026-01-07 03:30:00,ZONE_B,0,0.9997019,0.13611494,1333.47915,1333.47915,0.0,0.0,0.5213865750201266,0.5213865750201266,0.0,0,0,0,0.0,OPTIMAL,0.0
2026-01-07 03:45:00,ZONE_B,0,0.9997019,0.050456315,1335.46025,1335.46025,0.0,0.0,0.5069553208455856,0.5069553208455856,0.0,0,0,0,0.0,OPTIMAL,0.0
2026-01-07 04:00:00,ZONE_B,0,0.9997905,0.025174437,1350.22307,1350.22307,0.0,0.0,0.5115953877347678,0.5115953877347678,0.0,0,0,0,0.0,OPTIMAL,0.0
2026-01-07 04:15:00,ZONE_B,0,0.99972206,0.1510566,1336.52022,1336.52022,0.0,0.0,0.5129167614338033,0.5129167614338033,0.0,0,0,0,0.0,OPTIMAL,0.0
2026-01-07 04:30:00,ZONE_B,0,0.9995003,0.0012210913,1357.46682,1357.46682,0.0,0.0,0.5017717068429626,0.5017717068429626,0.0,0,0,0,0.0,OPTIMAL,0.0
2026-01-07 04:45:00,ZONE_B,0,0.99965715,0.025397684,1343.4412,1343.4412,0.0,0.0,0.4944933953604801,0.4944933953604801,0.0,0,0,0,0.0,OPTIMAL,0.0
2026-01-07 05:00:00,ZONE_B,0,0.99964213,0.0667136,1496.44684,1496.44684,0.0,0.0,0.5575107865087724,0.5575107865087724,0.0,0,0,0,0.0,OPTIMAL,0.0
2026-01-07 05:15:00,ZONE_B,0,0.9996075,0.03360928,1557.15624,1557.15624,0.0,0.0,0.5698131881521183,0.5698131881521183,0.0,0,0,0,0.0,OPTIMAL,0.0
2026-01-07 05:30:00,ZONE_B,0,0.9997638,0.06998593,1575.56416,1575.56416,0.0,0.0,0.5666048230356671,0.5666048230356671,0.0,0,0,0,0.0,OPTIMAL,0.0
2026-01-07 05:45:00,ZONE_B,0,0.99961025,0.0025765905,1633.85816,1633.85816,0.0,0.0,0.5909325262791469,0.5909325262791469,0.0,0,0,0,0.0,OPTIMAL,0.0
2026-01-07 06:00:00,ZONE_B,0,0.9994678,0.011514844,1665.22984,1665.22984,0.0,0.0,0.5767387888966744,0.5767387888966744,0.0,0,0,0,0.0,OPTIMAL,0.0
2026-01-07 06:15:00,ZONE_B,0,0.9333011,0.003007321,1789.8539,1789.8539,0.0,0.0,0.6294797470988258,0.6294797470988258,0.0,0,0,0,0.0,OPTIMAL,0.0
2026-01-07 06:30:00,ZONE_B,0,0.99706155,0.020236919,1693.47388,1693.47388,0.0,0.0,0.5940604120997366,0.5940604120997366,0.0,0,0,0,0.0,OPTIMAL,0.0
2026-01-07 06:45:00,ZONE_B,0,0.9969494,0.066793956,1744.5223500000002,1744.5223500000002,0.0,0.0,0.6003586661577412,0.6003586661577412,0.0,0,0,0,0.0,OPTIMAL,0.0
2026-01-07 07:00:00,ZONE_B,0,0.98238707,0.08262546,1680.12245,1680.12245,0.0,0.0,0.6139807505558612,0.6139807505558612,0.0,0,0,0,0.0,OPTIMAL,0.0
2026-01-07 07:15:00,ZONE_B,0,0.6603981,0.052515104,1803.50115,1803.50115,0.0,0.0,0.6650275107786816,0.6650275107786816,0.0,0,0,0,0.0,OPTIMAL,0.0
2026-01-07 07:30:00,ZONE_B,0,0.7362855,0.040085506,1770.19165,1770.19165,0.0,0.0,0.6377117874028537,0.6377117874028537,0.0,0,0,0,0.0,OPTIMAL,0.0
2026-01-07 07:45:00,ZONE_B,0,0.59484893,0.07194563,1772.2881200000002,1772.2881200000002,0.0,0.0,0.6503922552713607,0.6503922552713607,0.0,0,0,0,0.0,OPTIMAL,0.0
2026-01-07 08:00:00,ZONE_B,1,0.7694247,0.13233785,1781.59235,1781.59235,0.0,0.0,0.6592320707516854,0.6592320707516854,0.0,0,0,0,0.0,OPTIMAL,0.0
2026-01-07 08:15:00,ZONE_B,1,0.5110959,0.10422099,1804.3107,1804.3107,0.0,0.0,0.6467686855274145,0.6467686855274145,0.0,0,0,0,0.0,OPTIMAL,0.0
2026-01-07 08:30:00,ZONE_B,3,0.65563744,0.13079853,2011.9785,2011.9785,0.0,0.0,0.761230565586179,0.761230565586179,0.0,0,0,0,0.0,OPTIMAL,0.0
2026-01-07 08:45:00,ZONE_B,1,0.6689383,0.29203796,1815.35874,1815.35874,0.0,0.0,0.690468546344595,0.690468546344595,0.0,0,0,0,0.0,OPTIMAL,0.0
2026-01-07 09:00:00,ZONE_B,0,0.99201435,0.19098164,1581.50342,1581.50342,0.0,0.0,0.5957171789560743,0.5957171789560743,0.0,0,0,0,0.0,OPTIMAL,0.0
2026-01-07 09:15:00,ZONE_B,0,0.8483401,0.17648074,1667.3702,1667.3702,0.0,0.0,0.6235121772627408,0.6235121772627408,0.0,0,0,0,0.0,OPTIMAL,0.0
2026-01-07 09:30:00,ZONE_B,0,0.98820925,0.3417573,1609.61033,1609.61033,0.0,0.0,0.6124310706811981,0.6124310706811981,0.0,0,0,0,0.0,OPTIMAL,0.0
2026-01-07 09:45:00,ZONE_B,0,0.98067456,0.1633019,1623.75046,1623.75046,0.0,0.0,0.6246775469801049,0.6246775469801049,0.0,0,0,0,0.0,OPTIMAL,0.0
2026-01-07 10:00:00,ZONE_B,0,0.9977691,0.11247452,1630.01048,1630.01048,0.0,0.0,0.5834277554967389,0.5834277554967389,0.0,0,0,0,0.0,OPTIMAL,0.0
2026-01-07 10:15:00,ZONE_B,0,0.96670145,0.1428327,1663.7781,1663.7781,0.0,0.0,0.6236827035630764,0.6236827035630764,0.0,0,0,0,0.0,OPTIMAL,0.0
2026-01-07 10:30:00,ZONE_B,1,0.70826536,0.13233785,1736.67178,1736.67178,0.0,0.0,0.674591798874285,0.674591798874285,0.0,0,0,0,0.0,OPTIMAL,0.0
2026-01-07 10:45:00,ZONE_B,1,0.6458544,0.42019048,1667.8655,1667.8655,0.0,0.0,0.655314054524921,0.655314054524921,0.0,0,0,0,0.0,OPTIMAL,0.0
2026-01-07 11:00:00,ZONE_B,1,0.7346949,0.072027385,1712.58574,1712.58574,0.0,0.0,0.6570955254738238,0.6570955254738238,0.0,0,0,0,0.0,OPTIMAL,0.0
2026-01-07 11:15:00,ZONE_B,0,0.99766314,0.07888185,1563.2211,1563.2211,0.0,0.0,0.5962223625556421,0.5962223625556421,0.0,0,0,0,0.0,OPTIMAL,0.0
2026-01-07 11:30:00,ZONE_B,0,0.9918099,0.183264,1610.33858,1610.33858,0.0,0.0,0.5909688996006333,0.5909688996006333,0.0,0,0,0,0.0,OPTIMAL,0.0
2026-01-07 11:45:00,ZONE_B,0,0.9857943,0.26164347,1647.9191500000002,1647.9191500000002,0.0,0.0,0.6123814038671809,0.6123814038671809,0.0,0,0,0,0.0,OPTIMAL,0.0
2026-01-07 12:00:00,ZONE_B,0,0.99503005,0.091480635,1601.8251,1601.8251,0.0,0.0,0.6073045258494557,0.6073045258494557,0.0,0,0,0,0.0,OPTIMAL,0.0
2026-01-07 12:15:00,ZONE_B,0,0.9304397,0.09968648,1670.72967,1670.72967,0.0,0.0,0.6424288688222874,0.6424288688222874,0.0,0,0,0,0.0,OPTIMAL,0.0
2026-01-07 12:30:00,ZONE_B,0,0.9992361,0.11387994,1542.3319,1542.3319,0.0,0.0,0.5938702158227227,0.5938702158227227,0.0,0,0,0,0.0,OPTIMAL,0.0
2026-01-07 12:45:00,ZONE_B,0,0.55768913,0.3757133,1599.16865,1599.16865,0.0,0.0,0.672836641809371,0.672836641809371,0.0,0,0,0,0.0,OPTIMAL,0.0
2026-01-07 13:00:00,ZONE_B,0,0.9958055,0.060709238,1529.5223,1529.5223,0.0,0.0,0.6191825176884498,0.6191825176884498,0.0,0,0,0,0.0,OPTIMAL,0.0
2026-01-07 13:15:00,ZONE_B,0,0.999193,0.18352528,1514.32463,1514.32463,0.0,0.0,0.6034031059697506,0.6034031059697506,0.0,0,0,0,0.0,OPTIMAL,0.0
2026-01-07 13:30:00,ZONE_B,0,0.99575317,0.08269468,1484.9033,1484.9033,0.0,0.0,0.6014431062191945,0.6014431062191945,0.0,0,0,0,0.0,OPTIMAL,0.0
2026-01-07 13:45:00,ZONE_B,0,0.9975932,0.14107858,1537.9683,1537.9683,0.0,0.0,0.5890085681010053,0.5890085681010053,0.0,0,0,0,0.0,OPTIMAL,0.0
2026-01-07 14:00:00,ZONE_B,0,0.98917913,0.14731123,1641.61016,1641.61016,0.0,0.0,0.6144747245339947,0.6144747245339947,0.0,0,0,0,0.0,OPTIMAL,0.0
2026-01-07 14:15:00,ZONE_B,0,0.9992495,0.07878566,1545.8092,1545.8092,0.0,0.0,0.5813198876054688,0.5813198876054688,0.0,0,0,0,0.0,OPTIMAL,0.0
2026-01-07 14:30:00,ZONE_B,0,0.99926215,0.07878566,1553.47735,1553.47735,0.0,0.0,0.5791689633581879,0.5791689633581879,0.0,0,0,0,0.0,OPTIMAL,0.0
2026-01-07 14:45:00,ZONE_B,0,0.99862826,0.0598692,1592.52592,1592.52592,0.0,0.0,0.5827052385978885,0.5827052385978885,0.0,0,0,0,0.0,OPTIMAL,0.0
2026-01-07 15:00:00,ZONE_B,0,0.9689052,0.051757786,1712.53886,1712.53886,0.0,0.0,0.607597301486968,0.607597301486968,0.0,0,0,0,0.0,OPTIMAL,0.0
2026-01-07 15:15:00,ZONE_B,1,0.5638257,0.01709404,1749.03498,1749.03498,0.0,0.0,0.6561523208913783,0.6561523208913783,0.0,0,0,0,0.0,OPTIMAL,0.0
2026-01-07 15:30:00,ZONE_B,0,0.9933021,0.0050680926,1772.53643,1772.53643,0.0,0.0,0.6150574932299833,0.6150574932299833,0.0,0,0,0,0.0,OPTIMAL,0.0
2026-01-07 15:45:00,ZONE_B,0,0.9958793,0.004118862,1755.382,1755.382,0.0,0.0,0.6040570726060369,0.6040570726060369,0.0,0,0,0,0.0,OPTIMAL,0.0
2026-01-07 16:00:00,ZONE_B,0,0.99556386,0.001471947,1801.27378,1801.27378,0.0,0.0,0.602499156301233,0.602499156301233,0.0,0,0,0,0.0,OPTIMAL,0.0
2026-01-07 16:15:00,ZONE_B,0,0.99628335,0.0017160109,1831.83597,1831.83597,0.0,0.0,0.6089697224959761,0.6089697224959761,0.0,0,0,0,0.0,OPTIMAL,0.0
2026-01-07 16:30:00,ZONE_B,0,0.9953389,0.001549315,1874.04997,1874.04997,0.0,0.0,0.6109082780439685,0.6109082780439685,0.0,0,0,0,0.0,OPTIMAL,0.0
2026-01-07 16:45:00,ZONE_B,0,0.98878294,0.0012275232,1916.83004,1916.83004,0.0,0.0,0.6249697061352513,0.6249697061352513,0.0,0,0,0,0.0,OPTIMAL,0.0
2026-01-07 17:00:00,ZONE_B,0,0.9989184,0.001169004,1929.52086,1929.52086,0.0,0.0,0.6061726021022675,0.6061726021022675,0.0,0,0,0,0.0,OPTIMAL,0.0
2026-01-07 17:15:00,ZONE_B,0,0.9986375,0.0012361271,1937.28738,1937.28738,0.0,0.0,0.6021239057796492,0.6021239057796492,0.0,0,0,0,0.0,OPTIMAL,0.0
2026-01-07 17:30:00,ZONE_B,0,0.99887294,0.0013384854,1935.87566,1935.87566,0.0,0.0,0.6062152033202872,0.6062152033202872,0.0,0,0,0,0.0,OPTIMAL,0.0
2026-01-07 17:45:00,ZONE_B,0,0.99836475,0.0016070832,1910.61092,1910.61092,0.0,0.0,0.6142991111214509,0.6142991111214509,0.0,0,0,0,0.0,OPTIMAL,0.0
2026-01-07 18:00:00,ZONE_B,0,0.99917847,0.0013026369,1918.298825,1918.298825,0.0,0.0,0.6149854554118401,0.6149854554118401,0.0,0,0,0,0.0,OPTIMAL,0.0
2026-01-07 18:15:00,ZONE_B,0,0.99857223,0.0010473123,1927.229444,1927.229444,0.0,0.0,0.6008066090741178,0.6008066090741178,0.0,0,0,0,0.0,OPTIMAL,0.0
2026-01-07 18:30:00,ZONE_B,0,0.9987569,0.0012005091,1897.77074,1897.77074,0.0,0.0,0.6121930059850569,0.6121930059850569,0.0,0,0,0,0.0,OPTIMAL,0.0
2026-01-07 18:45:00,ZONE_B,0,0.9987098,0.0014571124,1939.38652,1939.38652,0.0,0.0,0.6013947037785509,0.6013947037785509,0.0,0,0,0,0.0,OPTIMAL,0.0
2026-01-07 19:00:00,ZONE_B,0,0.998326,0.001476116,1955.92806,1955.92806,0.0,0.0,0.6117779645016491,0.6117779645016491,0.0,0,0,0,0.0,OPTIMAL,0.0
2026-01-07 19:15:00,ZONE_B,0,0.9991441,0.0012557523,1925.010165,1925.010165,0.0,0.0,0.5988916022259992,0.5988916022259992,0.0,0,0,0,0.0,OPTIMAL,0.0
2026-01-07 19:30:00,ZONE_B,0,0.99856037,0.0014399902,1915.68611,1915.68611,0.0,0.0,0.6012253219322371,0.6012253219322371,0.0,0,0,0,0.0,OPTIMAL,0.0
2026-01-07 19:45:00,ZONE_B,0,0.9991441,0.0011269238,1931.60327,1931.60327,0.0,0.0,0.6178920351399546,0.6178920351399546,0.0,0,0,0,0.0,OPTIMAL,0.0
2026-01-07 20:00:00,ZONE_B,0,0.9997955,0.0011441878,1777.636625,1777.636625,0.0,0.0,0.5669501116149434,0.5669501116149434,0.0,0,0,0,0.0,OPTIMAL,0.0
2026-01-07 20:15:00,ZONE_B,0,0.999828,0.0011135372,1808.547092,1808.547092,0.0,0.0,0.5566900592367249,0.5566900592367249,0.0,0,0,0,0.0,OPTIMAL,0.0
2026-01-07 20:30:00,ZONE_B,0,0.9998252,0.0011135372,1773.68057,1773.68057,0.0,0.0,0.5491705983079582,0.5491705983079582,0.0,0,0,0,0.0,OPTIMAL,0.0
2026-01-07 20:45:00,ZONE_B,0,0.99980944,0.0014970781,1780.17681,1780.17681,0.0,0.0,0.5436326188635854,0.5436326188635854,0.0,0,0,0,0.0,OPTIMAL,0.0
2026-01-07 21:00:00,ZONE_B,0,0.9998388,0.0006343455,1749.289902,1749.289902,0.0,0.0,0.5342441547265023,0.5342441547265023,0.0,0,0,0,0.0,OPTIMAL,0.0
2026-01-07 21:15:00,ZONE_B,0,0.9998344,0.0005524897,1711.616306,1711.616306,0.0,0.0,0.5294991487788806,0.5294991487788806,0.0,0,0,0,0.0,OPTIMAL,0.0
2026-01-07 21:30:00,ZONE_B,0,0.99980026,0.0005524897,1647.42153,1647.42153,0.0,0.0,0.5083785266878762,0.5083785266878762,0.0,0,0,0,0.0,OPTIMAL,0.0
2026-01-07 21:45:00,ZONE_B,0,0.9998344,0.0005061327,1665.6749,1665.6749,0.0,0.0,0.5198668553199101,0.5198668553199101,0.0,0,0,0,0.0,OPTIMAL,0.0
2026-01-07 22:00:00,ZONE_B,0,0.9998344,0.00054181425,1659.19472,1659.19472,0.0,0.0,0.5307089488956708,0.5307089488956708,0.0,0,0,0,0.0,OPTIMAL,0.0
2026-01-07 22:15:00,ZONE_B,0,0.99982005,0.00054181425,1614.60448,1614.60448,0.0,0.0,0.510893209375014,0.510893209375014,0.0,0,0,0,0.0,OPTIMAL,0.0
2026-01-07 22:30:00,ZONE_B,0,0.9997873,0.00053397525,1511.35897,1511.35897,0.0,0.0,0.5050147569029206,0.5050147569029206,0.0,0,0,0,0.0,OPTIMAL,0.0
2026-01-07 22:45:00,ZONE_B,0,0.9997749,0.00053397525,1513.83647,1513.83647,0.0,0.0,0.5043696063102895,0.5043696063102895,0.0,0,0,0,0.0,OPTIMAL,0.0
2026-01-07 23:00:00,ZONE_B,0,0.9997764,0.0006468265,1455.52311,1455.52311,0.0,0.0,0.4832555211935485,0.4832555211935485,0.0,0,0,0,0.0,OPTIMAL,0.0
2026-01-07 23:15:00,ZONE_B,0,0.99980336,0.00053397525,1487.0062400000002,1487.0062400000002,0.0,0.0,0.48858989587550844,0.48858989587550844,0.0,0,0,0,0.0,OPTIMAL,0.0
2026-01-07 23:30:00,ZONE_B,0,0.99978834,0.00059545017,1426.41789,1426.41789,0.0,0.0,0.4915095959011374,0.4915095959011374,0.0,0,0,0,0.0,OPTIMAL,0.0
2026-01-07 23:45:00,ZONE_B,0,0.9997923,0.00053397525,1463.42686,1463.42686,0.0,0.0,0.4891632541308078,0.4891632541308078,0.0,0,0,0,0.0,OPTIMAL,0.0
2026-01-08 00:00:00,ZONE_B,0,0.9997707,0.0004929878,1454.96232,1454.96232,0.0,0.0,0.47908456770770275,0.47908456770770275,0.0,0,0,0,0.0,OPTIMAL,0.0
2026-01-08 00:15:00,ZONE_B,0,0.9997707,0.0006174887,1470.00762,1470.00762,0.0,0.0,0.47024688154660094,0.47024688154660094,0.0,0,0,0,0.0,OPTIMAL,0.0
2026-01-08 00:30:00,ZONE_B,0,0.9998047,0.0005416268,1475.74139,1475.74139,0.0,0.0,0.47147922947295445,0.47147922947295445,0.0,0,0,0,0.0,OPTIMAL,0.0
2026-01-08 00:45:00,ZONE_B,0,0.99982554,0.0005416268,1501.504284,1501.504284,0.0,0.0,0.4632517391428532,0.4632517391428532,0.0,0,0,0,0.0,OPTIMAL,0.0
2026-01-08 01:00:00,ZONE_B,0,0.99983,0.00065218436,1527.209944,1527.209944,0.0,0.0,0.4640445771803569,0.4640445771803569,0.0,0,0,0,0.0,OPTIMAL,0.0
2026-01-08 01:15:00,ZONE_B,0,0.9998286,0.00065218436,1533.655945,1533.655945,0.0,0.0,0.4798084065908727,0.4798084065908727,0.0,0,0,0,0.0,OPTIMAL,0.0
2026-01-08 01:30:00,ZONE_B,0,0.9998267,0.00065218436,1529.459515,1529.459515,0.0,0.0,0.4596935673811047,0.4596935673811047,0.0,0,0,0,0.0,OPTIMAL,0.0
2026-01-08 01:45:00,ZONE_B,0,0.99983,0.0008093436,1528.98116,1528.98116,0.0,0.0,0.47963969448322047,0.47963969448322047,0.0,0,0,0,0.0,OPTIMAL,0.0
2026-01-08 02:00:00,ZONE_B,0,0.99985266,0.0005794123,1557.5609,1557.5609,0.0,0.0,0.46394357207715486,0.46394357207715486,0.0,0,0,0,0.0,OPTIMAL,0.0
2026-01-08 02:15:00,ZONE_B,0,0.99985266,0.00059935986,1544.211983,1544.211983,0.0,0.0,0.445512581587035,0.445512581587035,0.0,0,0,0,0.0,OPTIMAL,0.0
2026-01-08 02:30:00,ZONE_B,0,0.99984276,0.0024558092,1566.86436,1566.86436,0.0,0.0,0.4640051745667964,0.4640051745667964,0.0,0,0,0,0.0,OPTIMAL,0.0
2026-01-08 02:45:00,ZONE_B,0,0.99985456,0.00053709,1566.462325,1566.462325,0.0,0.0,0.45773729854239126,0.45773729854239126,0.0,0,0,0,0.0,OPTIMAL,0.0
2026-01-08 03:00:00,ZONE_B,0,0.99984217,0.00061520824,1556.487485,1556.487485,0.0,0.0,0.46740738266061976,0.46740738266061976,0.0,0,0,0,0.0,OPTIMAL,0.0
2026-01-08 03:15:00,ZONE_B,0,0.99984217,0.00083186064,1556.03609,1556.03609,0.0,0.0,0.454103224049851,0.454103224049851,0.0,0,0,0,0.0,OPTIMAL,0.0
2026-01-08 03:30:00,ZONE_B,0,0.99983096,0.0007528279,1559.94211,1559.94211,0.0,0.0,0.48274974595541864,0.48274974595541864,0.0,0,0,0,0.0,OPTIMAL,0.0
2026-01-08 03:45:00,ZONE_B,0,0.9998441,0.00081499276,1553.282073,1553.282073,0.0,0.0,0.469575204150281,0.469575204150281,0.0,0,0,0,0.0,OPTIMAL,0.0
2026-01-08 04:00:00,ZONE_B,0,0.99984217,0.000849924,1557.231666,1557.231666,0.0,0.0,0.4613468539928381,0.4613468539928381,0.0,0,0,0,0.0,OPTIMAL,0.0
2026-01-08 04:15:00,ZONE_B,0,0.9998312,0.0006782502,1542.058867,1542.058867,0.0,0.0,0.4551387446515105,0.4551387446515105,0.0,0,0,0,0.0,OPTIMAL,0.0
2026-01-08 04:30:00,ZONE_B,0,0.99983,0.00047507818,1543.22206,1543.22206,0.0,0.0,0.4708811872348571,0.4708811872348571,0.0,0,0,0,0.0,OPTIMAL,0.0
2026-01-08 04:45:00,ZONE_B,0,0.99983,0.000734778,1533.06963,1533.06963,0.0,0.0,0.4622127613961948,0.4622127613961948,0.0,0,0,0,0.0,OPTIMAL,0.0
2026-01-08 05:00:00,ZONE_B,0,0.9998281,0.000617529,1689.89462,1689.89462,0.0,0.0,0.530195031520046,0.530195031520046,0.0,0,0,0,0.0,OPTIMAL,0.0
2026-01-08 05:15:00,ZONE_B,0,0.9997905,0.001094079,1743.018676,1743.018676,0.0,0.0,0.5415945860277254,0.5415945860277254,0.0,0,0,0,0.0,OPTIMAL,0.0
2026-01-08 05:30:00,ZONE_B,0,0.9997589,0.0010055213,1778.901685,1778.901685,0.0,0.0,0.5544524411861501,0.5544524411861501,0.0,0,0,0,0.0,OPTIMAL,0.0
2026-01-08 05:45:00,ZONE_B,0,0.9997905,0.00073848164,1805.44043,1805.44043,0.0,0.0,0.5662620573967079,0.5662620573967079,0.0,0,0,0,0.0,OPTIMAL,0.0
2026-01-08 06:00:00,ZONE_B,0,0.9996904,0.0005266924,1771.8106,1771.8106,0.0,0.0,0.5689289036714166,0.5689289036714166,0.0,0,0,0,0.0,OPTIMAL,0.0
2026-01-08 06:15:00,ZONE_B,0,0.99887854,0.0005266924,1788.29443,1788.29443,0.0,0.0,0.5931157752094738,0.5931157752094738,0.0,0,0,0,0.0,OPTIMAL,0.0
2026-01-08 06:30:00,ZONE_B,0,0.9995703,0.0013542017,1718.54856,1718.54856,0.0,0.0,0.5777371543686532,0.5777371543686532,0.0,0,0,0,0.0,OPTIMAL,0.0
2026-01-08 06:45:00,ZONE_B,0,0.9958478,0.0015823955,1759.9116,1759.9116,0.0,0.0,0.5982177800550629,0.5982177800550629,0.0,0,0,0,0.0,OPTIMAL,0.0
2026-01-08 07:00:00,ZONE_B,0,0.9939593,0.067660816,1707.3483700000002,1707.3483700000002,0.0,0.0,0.6168266773722065,0.6168266773722065,0.0,0,0,0,0.0,OPTIMAL,0.0
2026-01-08 07:15:00,ZONE_B,0,0.87147033,0.072199166,1697.82906,1697.82906,0.0,0.0,0.6373404326774402,0.6373404326774402,0.0,0,0,0,0.0,OPTIMAL,0.0
2026-01-08 07:30:00,ZONE_B,0,0.76555103,0.2581171,1599.9452,1599.9452,0.0,0.0,0.6406895676335598,0.6406895676335598,0.0,0,0,0,0.0,OPTIMAL,0.0
2026-01-08 07:45:00,ZONE_B,2,0.44037,0.49484965,1682.98293,1682.98293,0.0,0.0,0.7059209439119775,0.7059209439119775,0.0,0,0,0,0.0,OPTIMAL,0.0
2026-01-08 08:00:00,ZONE_B,1,0.7228459,0.5183317,1579.8973999999998,1878.1174702681997,298.22007026819995,98.22007026819995,0.6593575794597061,0.7658647476905955,200.0,0,0,0,98.22007026819995,OPTIMAL,993200.7026819994
2026-01-08 08:15:00,ZONE_B,2,0.7503366,0.37450394,1671.2523700000002,1671.2523700000002,0.0,0.0,0.723807191103645,0.723807191103645,0.0,0,0,0,0.0,OPTIMAL,0.0
2026-01-08 08:30:00,ZONE_B,2,0.7046516,0.43674606,1542.65414,1542.65414,0.0,0.0,0.7064202801747166,0.7064202801747166,0.0,0,0,0,0.0,OPTIMAL,0.0
2026-01-08 08:45:00,ZONE_B,2,0.66414356,0.66223,1539.3886,1977.125543812,437.736943812,237.736943812,0.7007149364686651,0.8570495597902726,200.0,0,0,0,237.736943812,OPTIMAL,22127136.783762883
2026-01-08 09:00:00,ZONE_B,0,0.7433909,0.34662104,1194.1981,1194.1981,0.0,0.0,0.6212918029646752,0.6212918029646752,0.0,0,0,0,0.0,OPTIMAL,0.0
2026-01-08 09:15:00,ZONE_B,1,0.81563425,0.6812607,1259.8075,1764.23438199205,504.4268819920501,304.4268819920501,0.6570840534853186,0.837236511991893,200.0,0,0,0,304.4268819920501,OPTIMAL,3055268.8199205007
2026-01-08 09:30:00,ZONE_B,0,0.9271129,0.44892484,1205.9245,1205.9245,0.0,0.0,0.6363956884484996,0.6363956884484996,0.0,0,0,0,0.0,OPTIMAL,0.0
2026-01-08 09:45:00,ZONE_B,1,0.8207284,0.70321304,1283.5277,1829.367709280144,545.840009280144,345.84000928014405,0.6789756662611252,0.8739185273696812,200.0,0,0,0,345.84000928014405,OPTIMAL,70441276.50413606
2026-01-08 10:00:00,ZONE_B,0,0.91173565,0.7919537,1212.84973,1820.9136577902689,608.063927790269,408.06392779026896,0.646188417408292,0.8633541064782547,200.0,0,0,0,408.06392779026896,OPTIMAL,41483137.31828149
2026-01-08 10:15:00,ZONE_B,1,0.4961634,0.6860067,1158.5326,1729.27089761173,570.73829761173,370.73829761173,0.6488583195041694,0.85269342638849,200.0,0,0,0,370.73829761173,OPTIMAL,11259976.841897173
2026-01-08 10:30:00,ZONE_B,0,0.87628216,0.75296545,1174.77966,1781.964402902658,607.1847429026581,407.18474290265806,0.6484860629635423,0.8653377574537435,200.0,0,0,0,407.18474290265806,OPTIMAL,47028568.18139703
2026-01-08 10:45:00,ZONE_B,0,0.53123736,0.59252924,1168.2651,1654.823507325124,486.55840732512394,286.55840732512394,0.65321403611705,0.8269848964173241,200.0,0,0,0,286.55840732512394,OPTIMAL,2876584.0732512395
2026-01-08 11:00:00,ZONE_B,1,0.90691274,0.6749526,1157.65335,1726.69289422245,569.03954422245,369.03954422245,0.6693687014765631,0.8725971107018353,200.0,0,0,0,369.03954422245,OPTIMAL,66973305.22853422
2026-01-08 11:15:00,ZONE_B,1,0.8371276,0.7483717,1068.1931,1747.98656187578,679.7934618757799,479.79346187577994,0.6554491147029664,0.8982324946357277,200.0,0,0,0,479.79346187577994,OPTIMAL,139859919.21419054
2026-01-08 11:30:00,ZONE_B,1,0.8788466,0.43476427,1039.9705,1039.9705,0.0,0.0,0.6513864910038243,0.6513864910038243,0.0,0,0,0,0.0,OPTIMAL,0.0
2026-01-08 11:45:00,ZONE_B,1,0.62157154,0.39538857,1084.9406,1084.9406,0.0,0.0,0.7019487821932717,0.7019487821932717,0.0,0,0,0,0.0,OPTIMAL,0.0
2026-01-08 12:00:00,ZONE_B,1,0.8459704,0.39493015,1033.7843000000005,1033.7843000000005,0.0,0.0,0.6838650857319447,0.6838650857319447,0.0,0,0,0,0.0,OPTIMAL,0.0
2026-01-08 12:15:00,ZONE_B,1,0.8536509,0.8302975,1114.49296,1826.6119252039,712.1189652039,512.1189652039,0.6613826125979422,0.9157108151946222,200.0,0,0,0,512.1189652039,OPTIMAL,189122471.6629804
2026-01-08 12:30:00,ZONE_B,1,0.7679357,0.85310096,1171.8545,1858.6813908407198,686.82689084072,486.82689084072,0.6531248214043284,0.8984201402653595,200.0,0,0,0,486.82689084072,OPTIMAL,140455661.2625122
2026-01-08 12:45:00,ZONE_B,1,0.8756609,0.53739095,1138.35185,1606.9829024697176,468.63105246971753,268.63105246971753,0.680830534555015,0.8481987681414559,200.0,0,0,0,268.63105246971753,OPTIMAL,2697310.5246971752
2026-01-08 13:00:00,ZONE_B,0,0.76701677,0.20861131,1068.5387,1068.5387,0.0,0.0,0.6484598749457983,0.6484598749457983,0.0,0,0,0,0.0,OPTIMAL,0.0
2026-01-08 13:15:00,ZONE_B,0,0.90418696,0.5055286,1094.4386,1509.54638304246,415.10778304246,215.10778304246003,0.6447226729107136,0.792975453006553,200.0,0,0,0,215.10778304246003,OPTIMAL,2162077.8304246003
2026-01-08 13:30:00,ZONE_B,1,0.56952155,0.420996,1120.3011,1120.3011,0.0,0.0,0.6535982597818488,0.6535982597818488,0.0,0,0,0,0.0,OPTIMAL,0.0
2026-01-08 13:45:00,ZONE_B,0,0.89589566,0.48221666,1095.3580000000002,1095.3580000000002,0.0,0.0,0.6271525774880402,0.6271525774880402,0.0,0,0,0,0.0,OPTIMAL,0.0
2026-01-08 14:00:00,ZONE_B,0,0.92218846,0.46442667,1175.0548,1175.0548,0.0,0.0,0.6392211022894377,0.6392211022894377,0.0,0,0,0,0.0,OPTIMAL,0.0
2026-01-08 14:15:00,ZONE_B,0,0.9735545,0.56148756,1259.4884,1639.254890808968,379.766490808968,179.766490808968,0.6200881518016738,0.7557190417580659,200.0,0,0,0,179.766490808968,OPTIMAL,1808664.90808968
2026-01-08 14:30:00,ZONE_B,0,0.84212446,0.49723977,1308.2742,1308.2742,0.0,0.0,0.6421577058546429,0.6421577058546429,0.0,0,0,0,0.0,OPTIMAL,0.0
2026-01-08 14:45:00,ZONE_B,0,0.97016865,0.119598374,1346.3637,1346.3637,0.0,0.0,0.6138514206604345,0.6138514206604345,0.0,0,0,0,0.0,OPTIMAL,0.0
2026-01-08 15:00:00,ZONE_B,0,0.84530693,0.3867581,1533.6822499999998,1533.6822499999998,0.0,0.0,0.6302057269799055,0.6302057269799055,0.0,0,0,0,0.0,OPTIMAL,0.0
2026-01-08 15:15:00,ZONE_B,0,0.8490929,0.18876055,1581.38955,1581.38955,0.0,0.0,0.637565525306058,0.637565525306058,0.0,0,0,0,0.0,OPTIMAL,0.0
2026-01-08 15:30:00,ZONE_B,0,0.82791823,0.38877487,1630.36,1630.36,0.0,0.0,0.6420071531246151,0.6420071531246151,0.0,0,0,0,0.0,OPTIMAL,0.0
2026-01-08 15:45:00,ZONE_B,0,0.9907673,0.056575857,1677.16652,1677.16652,0.0,0.0,0.6258193958876175,0.6258193958876175,0.0,0,0,0,0.0,OPTIMAL,0.0
2026-01-08 16:00:00,ZONE_B,0,0.98721296,0.039910447,1723.8185400000002,1723.8185400000002,0.0,0.0,0.6158404488934587,0.6158404488934587,0.0,0,0,0,0.0,OPTIMAL,0.0
2026-01-08 16:15:00,ZONE_B,0,0.99264044,0.0051682726,1789.03017,1789.03017,0.0,0.0,0.6108404512519707,0.6108404512519707,0.0,0,0,0,0.0,OPTIMAL,0.0
2026-01-08 16:30:00,ZONE_B,0,0.9935202,0.0015364082,1828.36624,1828.36624,0.0,0.0,0.6082506956200705,0.6082506956200705,0.0,0,0,0,0.0,OPTIMAL,0.0
2026-01-08 16:45:00,ZONE_B,0,0.99569255,0.0015364082,1870.04644,1870.04644,0.0,0.0,0.6056386555496901,0.6056386555496901,0.0,0,0,0,0.0,OPTIMAL,0.0
2026-01-08 17:00:00,ZONE_B,0,0.99818975,0.0014754778,1935.40233,1935.40233,0.0,0.0,0.6128902237095786,0.6128902237095786,0.0,0,0,0,0.0,OPTIMAL,0.0
2026-01-08 17:15:00,ZONE_B,0,0.9981279,0.0010761418,1901.559505,1901.559505,0.0,0.0,0.6035684664437179,0.6035684664437179,0.0,0,0,0,0.0,OPTIMAL,0.0
2026-01-08 17:30:00,ZONE_B,0,0.9988661,0.0010693759,1941.852367,1941.852367,0.0,0.0,0.611218165331937,0.611218165331937,0.0,0,0,0,0.0,OPTIMAL,0.0
2026-01-08 17:45:00,ZONE_B,0,0.9991856,0.0012557523,1913.265405,1913.265405,0.0,0.0,0.6018862457366402,0.6018862457366402,0.0,0,0,0,0.0,OPTIMAL,0.0
2026-01-08 18:00:00,ZONE_B,0,0.9988669,0.0014583187,1930.33756,1930.33756,0.0,0.0,0.5943263208204072,0.5943263208204072,0.0,0,0,0,0.0,OPTIMAL,0.0
2026-01-08 18:15:00,ZONE_B,0,0.9992149,0.0012557523,1915.308446,1915.308446,0.0,0.0,0.6134083067915441,0.6134083067915441,0.0,0,0,0,0.0,OPTIMAL,0.0
2026-01-08 18:30:00,ZONE_B,0,0.9988669,0.0013753906,1919.67799,1919.67799,0.0,0.0,0.6121738113448054,0.6121738113448054,0.0,0,0,0,0.0,OPTIMAL,0.0
2026-01-08 18:45:00,ZONE_B,0,0.99913484,0.0013026369,1896.41415,1896.41415,0.0,0.0,0.607975836907118,0.607975836907118,0.0,0,0,0,0.0,OPTIMAL,0.0
2026-01-08 19:00:00,ZONE_B,0,0.99894255,0.0011269238,1879.74874,1879.74874,0.0,0.0,0.6120205320094932,0.6120205320094932,0.0,0,0,0,0.0,OPTIMAL,0.0
2026-01-08 19:15:00,ZONE_B,0,0.9985121,0.0012011795,1856.87459,1856.87459,0.0,0.0,0.6030046420124837,0.6030046420124837,0.0,0,0,0,0.0,OPTIMAL,0.0
2026-01-08 19:30:00,ZONE_B,0,0.9985108,0.0013212513,1881.94948,1881.94948,0.0,0.0,0.6007202424932792,0.6007202424932792,0.0,0,0,0,0.0,OPTIMAL,0.0
2026-01-08 19:45:00,ZONE_B,0,0.99642414,0.0012109396,1839.06995,1839.06995,0.0,0.0,0.6138419385148323,0.6138419385148323,0.0,0,0,0,0.0,OPTIMAL,0.0
2026-01-08 20:00:00,ZONE_B,0,0.99978346,0.0010267929,1741.21874,1741.21874,0.0,0.0,0.5709292388433236,0.5709292388433236,0.0,0,0,0,0.0,OPTIMAL,0.0
2026-01-08 20:15:00,ZONE_B,0,0.99982435,0.0009992841,1749.988605,1749.988605,0.0,0.0,0.5523590819678941,0.5523590819678941,0.0,0,0,0,0.0,OPTIMAL,0.0
2026-01-08 20:30:00,ZONE_B,0,0.99980325,0.0009992841,1718.4768399999998,1718.4768399999998,0.0,0.0,0.5495116618124853,0.5495116618124853,0.0,0,0,0,0.0,OPTIMAL,0.0
2026-01-08 20:45:00,ZONE_B,0,0.9997662,0.0013575669,1720.26612,1720.26612,0.0,0.0,0.5478483964743621,0.5478483964743621,0.0,0,0,0,0.0,OPTIMAL,0.0
2026-01-08 21:00:00,ZONE_B,0,0.9997434,0.0013707685,1625.43159,1625.43159,0.0,0.0,0.5524082029494825,0.5524082029494825,0.0,0,0,0,0.0,OPTIMAL,0.0
2026-01-08 21:15:00,ZONE_B,0,0.99978644,0.0006737785,1565.06072,1565.06072,0.0,0.0,0.5449500648348173,0.5449500648348173,0.0,0,0,0,0.0,OPTIMAL,0.0
2026-01-08 21:30:00,ZONE_B,0,0.9998104,0.0004957734,1606.72025,1606.72025,0.0,0.0,0.5160377794793717,0.5160377794793717,0.0,0,0,0,0.0,OPTIMAL,0.0
2026-01-08 21:45:00,ZONE_B,0,0.9998104,0.0004957734,1590.35087,1590.35087,0.0,0.0,0.5185908758852309,0.5185908758852309,0.0,0,0,0,0.0,OPTIMAL,0.0
2026-01-08 22:00:00,ZONE_B,0,0.99979264,0.0004957734,1571.724576,1571.724576,0.0,0.0,0.5116532876153936,0.5116532876153936,0.0,0,0,0,0.0,OPTIMAL,0.0
2026-01-08 22:15:00,ZONE_B,0,0.9997987,0.0005471749,1529.41131,1529.41131,0.0,0.0,0.5138066436548532,0.5138066436548532,0.0,0,0,0,0.0,OPTIMAL,0.0
2026-01-08 22:30:00,ZONE_B,0,0.99978834,0.0006468265,1477.90308,1477.90308,0.0,0.0,0.5008827201959253,0.5008827201959253,0.0,0,0,0,0.0,OPTIMAL,0.0
2026-01-08 22:45:00,ZONE_B,0,0.99980193,0.00053397525,1522.8509600000002,1522.8509600000002,0.0,0.0,0.4894011038329151,0.4894011038329151,0.0,0,0,0,0.0,OPTIMAL,0.0
2026-01-08 23:00:00,ZONE_B,0,0.9998047,0.00053397525,1488.54931,1488.54931,0.0,0.0,0.4730952111836031,0.4730952111836031,0.0,0,0,0,0.0,OPTIMAL,0.0
2026-01-08 23:15:00,ZONE_B,0,0.9997664,0.00059545017,1425.86921,1425.86921,0.0,0.0,0.4917780163813937,0.4917780163813937,0.0,0,0,0,0.0,OPTIMAL,0.0
2026-01-08 23:30:00,ZONE_B,0,0.99978644,0.0005471749,1451.75742,1451.75742,0.0,0.0,0.4938164949616744,0.4938164949616744,0.0,0,0,0,0.0,OPTIMAL,0.0
2026-01-08 23:45:00,ZONE_B,0,0.9997923,0.00053397525,1461.27508,1461.27508,0.0,0.0,0.4880335241087911,0.4880335241087911,0.0,0,0,0,0.0,OPTIMAL,0.0
2026-01-09 00:00:00,ZONE_B,0,0.9998029,0.0006656849,1472.12758,1472.12758,0.0,0.0,0.48246053728773425,0.48246053728773425,0.0,0,0,0,0.0,OPTIMAL,0.0
2026-01-09 00:15:00,ZONE_B,0,0.99978644,0.0006560945,1430.88993,1430.88993,0.0,0.0,0.48586469385788755,0.48586469385788755,0.0,0,0,0,0.0,OPTIMAL,0.0
2026-01-09 00:30:00,ZONE_B,0,0.9997923,0.0005416268,1455.0950799999998,1455.0950799999998,0.0,0.0,0.4781672717733104,0.4781672717733104,0.0,0,0,0,0.0,OPTIMAL,0.0
2026-01-09 00:45:00,ZONE_B,0,0.99982554,0.000432415,1495.231835,1495.231835,0.0,0.0,0.4810313455242528,0.4810313455242528,0.0,0,0,0,0.0,OPTIMAL,0.0
2026-01-09 01:00:00,ZONE_B,0,0.9997904,0.0004929878,1468.7705600000002,1468.7705600000002,0.0,0.0,0.4777113131662999,0.4777113131662999,0.0,0,0,0,0.0,OPTIMAL,0.0
2026-01-09 01:15:00,ZONE_B,0,0.99978644,0.0005497469,1426.5191,1426.5191,0.0,0.0,0.4835558693198683,0.4835558693198683,0.0,0,0,0,0.0,OPTIMAL,0.0
2026-01-09 01:30:00,ZONE_B,0,0.99980336,0.00065218436,1473.46856,1473.46856,0.0,0.0,0.4747994066738203,0.4747994066738203,0.0,0,0,0,0.0,OPTIMAL,0.0
2026-01-09 01:45:00,ZONE_B,0,0.9997775,0.000432415,1461.9414399999998,1461.9414399999998,0.0,0.0,0.48248436709909814,0.48248436709909814,0.0,0,0,0,0.0,OPTIMAL,0.0
2026-01-09 02:00:00,ZONE_B,0,0.9997904,0.00065218436,1460.16525,1460.16525,0.0,0.0,0.4829866095467957,0.4829866095467957,0.0,0,0,0,0.0,OPTIMAL,0.0
2026-01-09 02:15:00,ZONE_B,0,0.9997904,0.0004929878,1473.0978699999998,1473.0978699999998,0.0,0.0,0.49175993009802094,0.49175993009802094,0.0,0,0,0,0.0,OPTIMAL,0.0
2026-01-09 02:30:00,ZONE_B,0,0.9997923,0.0006656849,1460.46541,1460.46541,0.0,0.0,0.4883544570144441,0.4883544570144441,0.0,0,0,0,0.0,OPTIMAL,0.0
2026-01-09 02:45:00,ZONE_B,0,0.9998047,0.0005031945,1475.2034600000002,1475.2034600000002,0.0,0.0,0.4939568117498332,0.4939568117498332,0.0,0,0,0,0.0,OPTIMAL,0.0
2026-01-09 03:00:00,ZONE_B,0,0.99978644,0.0005497469,1413.36414,1413.36414,0.0,0.0,0.49261244423182393,0.49261244423182393,0.0,0,0,0,0.0,OPTIMAL,0.0
2026-01-09 03:15:00,ZONE_B,0,0.99978215,0.0006039824,1410.33056,1410.33056,0.0,0.0,0.4886813715579809,0.4886813715579809,0.0,0,0,0,0.0,OPTIMAL,0.0
2026-01-09 03:30:00,ZONE_B,0,0.9997923,0.0004929878,1471.96732,1471.96732,0.0,0.0,0.4792218683208294,0.4792218683208294,0.0,0,0,0,0.0,OPTIMAL,0.0
2026-01-09 03:45:00,ZONE_B,0,0.9997923,0.0005416268,1466.38296,1466.38296,0.0,0.0,0.4857333763678101,0.4857333763678101,0.0,0,0,0,0.0,OPTIMAL,0.0
2026-01-09 04:00:00,ZONE_B,0,0.9997707,0.0006174887,1470.4365,1470.4365,0.0,0.0,0.4770321777333888,0.4770321777333888,0.0,0,0,0,0.0,OPTIMAL,0.0
2026-01-09 04:15:00,ZONE_B,0,0.9997664,0.00068857195,1424.32605,1424.32605,0.0,0.0,0.48537003254479255,0.48537003254479255,0.0,0,0,0,0.0,OPTIMAL,0.0
2026-01-09 04:30:00,ZONE_B,0,0.9997737,0.0007981171,1464.84494,1464.84494,0.0,0.0,0.4944724533048358,0.4944724533048358,0.0,0,0,0,0.0,OPTIMAL,0.0
2026-01-09 04:45:00,ZONE_B,0,0.9998029,0.0004929878,1478.52053,1478.52053,0.0,0.0,0.4860491410590693,0.4860491410590693,0.0,0,0,0,0.0,OPTIMAL,0.0
2026-01-09 05:00:00,ZONE_B,0,0.9997904,0.00060608785,1715.10466,1715.10466,0.0,0.0,0.5367304572408099,0.5367304572408099,0.0,0,0,0,0.0,OPTIMAL,0.0
2026-01-09 05:15:00,ZONE_B,0,0.9997904,0.00046946426,1687.33716,1687.33716,0.0,0.0,0.5494752847202972,0.5494752847202972,0.0,0,0,0,0.0,OPTIMAL,0.0
2026-01-09 05:30:00,ZONE_B,0,0.9997863,0.00048619328,1710.8581800000002,1710.8581800000002,0.0,0.0,0.5578264947746546,0.5578264947746546,0.0,0,0,0,0.0,OPTIMAL,0.0
2026-01-09 05:45:00,ZONE_B,0,0.9997563,0.00062412873,1744.2253500000002,1744.2253500000002,0.0,0.0,0.5627745633494461,0.5627745633494461,0.0,0,0,0,0.0,OPTIMAL,0.0
2026-01-09 06:00:00,ZONE_B,0,0.999524,0.00063800556,1679.08637,1679.08637,0.0,0.0,0.56309765129522,0.56309765129522,0.0,0,0,0,0.0,OPTIMAL,0.0
2026-01-09 06:15:00,ZONE_B,0,0.9995907,0.00048541048,1764.15191,1764.15191,0.0,0.0,0.5816329748361381,0.5816329748361381,0.0,0,0,0,0.0,OPTIMAL,0.0
2026-01-09 06:30:00,ZONE_B,0,0.9983961,0.014046712,1658.57342,1658.57342,0.0,0.0,0.5871854429652696,0.5871854429652696,0.0,0,0,0,0.0,OPTIMAL,0.0
2026-01-09 06:45:00,ZONE_B,0,0.99414474,0.012229629,1736.3540799999998,1736.3540799999998,0.0,0.0,0.5993654363986277,0.5993654363986277,0.0,0,0,0,0.0,OPTIMAL,0.0
2026-01-09 07:00:00,ZONE_B,0,0.9921634,0.02363737,1714.43246,1714.43246,0.0,0.0,0.629077465835496,0.629077465835496,0.0,0,0,0,0.0,OPTIMAL,0.0
2026-01-09 07:15:00,ZONE_B,0,0.9968586,0.036595214,1704.9918,1704.9918,0.0,0.0,0.6122911364711469,0.6122911364711469,0.0,0,0,0,0.0,OPTIMAL,0.0
2026-01-09 07:30:00,ZONE_B,0,0.8499847,0.286664,1657.9550399999998,1657.9550399999998,0.0,0.0,0.6148963748069954,0.6148963748069954,0.0,0,0,0,0.0,OPTIMAL,0.0
2026-01-09 07:45:00,ZONE_B,0,0.6922532,0.2753288,1705.2174299999997,1705.2174299999997,0.0,0.0,0.6367533835086859,0.6367533835086859,0.0,0,0,0,0.0,OPTIMAL,0.0
2026-01-09 08:00:00,ZONE_B,1,0.73663527,0.42019048,1728.6890200000005,1728.6890200000005,0.0,0.0,0.64281903470542,0.64281903470542,0.0,0,0,0,0.0,OPTIMAL,0.0
2026-01-09 08:15:00,ZONE_B,1,0.7922339,0.27892366,1778.07345,1778.07345,0.0,0.0,0.6643916361322671,0.6643916361322671,0.0,0,0,0,0.0,OPTIMAL,0.0
2026-01-09 08:30:00,ZONE_B,1,0.7883616,0.23625505,1814.71422,1814.71422,0.0,0.0,0.6903061892213662,0.6903061892213662,0.0,0,0,0,0.0,OPTIMAL,0.0
2026-01-09 08:45:00,ZONE_B,1,0.7664428,0.37122235,1748.3986199999997,1748.3986199999997,0.0,0.0,0.6771890601586166,0.6771890601586166,0.0,0,0,0,0.0,OPTIMAL,0.0
2026-01-09 09:00:00,ZONE_B,0,0.6961158,0.3209088,1584.77543,1584.77543,0.0,0.0,0.6404457226533139,0.6404457226533139,0.0,0,0,0,0.0,OPTIMAL,0.0
2026-01-09 09:15:00,ZONE_B,0,0.9979231,0.061772145,1512.21096,1512.21096,0.0,0.0,0.5875890677596236,0.5875890677596236,0.0,0,0,0,0.0,OPTIMAL,0.0
2026-01-09 09:30:00,ZONE_B,0,0.9942257,0.25435147,1534.20662,1534.20662,0.0,0.0,0.608552375182744,0.608552375182744,0.0,0,0,0,0.0,OPTIMAL,0.0
2026-01-09 09:45:00,ZONE_B,0,0.9584088,0.6252216,1446.24664,1786.502775956176,340.256135956176,140.25613595617602,0.6067442195570443,0.7282642684892648,200.0,0,0,0,140.25613595617602,OPTIMAL,1413561.3595617602
2026-01-09 10:00:00,ZONE_B,1,0.6677962,0.39690006,1576.71625,1576.71625,0.0,0.0,0.6512919683965188,0.6512919683965188,0.0,0,0,0,0.0,OPTIMAL,0.0
2026-01-09 10:15:00,ZONE_B,0,0.98889554,0.3504312,1523.8310299999998,1523.8310299999998,0.0,0.0,0.6255802510373207,0.6255802510373207,0.0,0,0,0,0.0,OPTIMAL,0.0
2026-01-09 10:30:00,ZONE_B,1,0.8962367,0.4000678,1527.2281000000005,1527.2281000000005,0.0,0.0,0.6557222963266542,0.6557222963266542,0.0,0,0,0,0.0,OPTIMAL,0.0
2026-01-09 10:45:00,ZONE_B,0,0.99931586,0.10934501,1473.42586,1473.42586,0.0,0.0,0.5846819359583085,0.5846819359583085,0.0,0,0,0,0.0,OPTIMAL,0.0
2026-01-09 11:00:00,ZONE_B,0,0.79773486,0.52311647,1558.43933,1810.2758482047318,251.83651820473187,51.836518204731874,0.6374529419088879,0.7273945558113633,200.0,0,0,0,51.836518204731874,OPTIMAL,529365.1820473187
2026-01-09 11:15:00,ZONE_B,1,0.7066435,0.43597952,1534.1170000000002,1534.1170000000002,0.0,0.0,0.6516645307547853,0.6516645307547853,0.0,0,0,0,0.0,OPTIMAL,0.0
2026-01-09 11:30:00,ZONE_B,0,0.87817854,0.54713756,1437.0209,1747.549971166876,310.529071166876,110.52907116687601,0.6255615377685589,0.7364647777931478,200.0,0,0,0,110.52907116687601,OPTIMAL,1116290.71166876
2026-01-09 11:45:00,ZONE_B,1,0.65720904,0.3338499,1474.6909,1474.6909,0.0,0.0,0.6580044355200709,0.6580044355200709,0.0,0,0,0,0.0,OPTIMAL,0.0
2026-01-09 12:00:00,ZONE_B,0,0.9877944,0.66668576,1392.1768,1787.200046475104,395.02324647510403,195.02324647510403,0.611493568011686,0.7525732992847866,200.0,0,0,0,195.02324647510403,OPTIMAL,1961232.4647510403
2026-01-09 12:15:00,ZONE_B,1,0.86021405,0.53539824,1530.5344999999998,1841.9468517826876,311.412351782688,111.412351782688,0.6777591461809925,0.7889778435655243,200.0,0,0,0,111.412351782688,OPTIMAL,1125123.51782688
2026-01-09 12:30:00,ZONE_B,1,0.900866,0.58452404,1537.0936000000002,1878.6422194335682,341.54861943356804,141.54861943356804,0.6908165354237797,0.8127981855472548,200.0,0,0,0,141.54861943356804,OPTIMAL,1426486.1943356805
2026-01-09 12:45:00,ZONE_B,0,0.97948027,0.43515444,1340.00735,1340.00735,0.0,0.0,0.6184100224485183,0.6184100224485183,0.0,0,0,0,0.0,OPTIMAL,0.0
2026-01-09 13:00:00,ZONE_B,0,0.99015194,0.741136,1396.8094,1830.7167354,433.90733539999997,233.90733539999997,0.6202108073903609,0.7751777132892396,200.0,0,0,0,233.90733539999997,OPTIMAL,2350073.354
2026-01-09 13:15:00,ZONE_B,1,0.84679127,0.48501948,1566.05243,1566.05243,0.0,0.0,0.6693306681231953,0.6693306681231953,0.0,0,0,0,0.0,OPTIMAL,0.0
2026-01-09 13:30:00,ZONE_B,1,0.54138297,0.5430981,1496.82096,1785.438518810724,288.617558810724,88.617558810724,0.6541664042216457,0.7572441041302912,200.0,0,0,0,88.617558810724,OPTIMAL,897175.58810724
2026-01-09 13:45:00,ZONE_B,0,0.9989304,0.60258055,1456.4399400000002,1743.2491558933432,286.809215893343,86.80921589334298,0.5927823721430903,0.6952142352305757,200.0,0,0,0,86.80921589334298,OPTIMAL,879092.1589334297
2026-01-09 14:00:00,ZONE_B,0,0.9959786,0.18477261,1487.35172,1487.35172,0.0,0.0,0.5865488767153516,0.5865488767153516,0.0,0,0,0,0.0,OPTIMAL,0.0
2026-01-09 14:15:00,ZONE_B,0,0.99851125,0.066159934,1535.16534,1535.16534,0.0,0.0,0.5933065836920208,0.5933065836920208,0.0,0,0,0,0.0,OPTIMAL,0.0
2026-01-09 14:30:00,ZONE_B,0,0.999348,0.088010296,1546.72937,1546.72937,0.0,0.0,0.5753500580206876,0.5753500580206876,0.0,0,0,0,0.0,OPTIMAL,0.0
2026-01-09 14:45:00,ZONE_B,0,0.99935323,0.090398885,1541.50494,1541.50494,0.0,0.0,0.5855350253814583,0.5855350253814583,0.0,0,0,0,0.0,OPTIMAL,0.0
2026-01-09 15:00:00,ZONE_B,0,0.99719703,0.08105882,1641.33858,1641.33858,0.0,0.0,0.6092519726866443,0.6092519726866443,0.0,0,0,0,0.0,OPTIMAL,0.0
2026-01-09 15:15:00,ZONE_B,0,0.9985304,0.03641137,1687.88758,1687.88758,0.0,0.0,0.598986864244703,0.598986864244703,0.0,0,0,0,0.0,OPTIMAL,0.0
2026-01-09 15:30:00,ZONE_B,0,0.99778867,0.015715417,1742.5857,1742.5857,0.0,0.0,0.601808577829413,0.601808577829413,0.0,0,0,0,0.0,OPTIMAL,0.0
2026-01-09 15:45:00,ZONE_B,0,0.9931717,0.014275223,1732.3249,1732.3249,0.0,0.0,0.610145547317929,0.610145547317929,0.0,0,0,0,0.0,OPTIMAL,0.0
2026-01-09 16:00:00,ZONE_B,0,0.96171665,0.0012980019,1837.48134,1837.48134,0.0,0.0,0.6312909703444199,0.6312909703444199,0.0,0,0,0,0.0,OPTIMAL,0.0
2026-01-09 16:15:00,ZONE_B,0,0.99652785,0.0013678364,1844.63303,1844.63303,0.0,0.0,0.5953108591613356,0.5953108591613356,0.0,0,0,0,0.0,OPTIMAL,0.0
2026-01-09 16:30:00,ZONE_B,0,0.9976889,0.0014733368,1857.50178,1857.50178,0.0,0.0,0.6135348492853981,0.6135348492853981,0.0,0,0,0,0.0,OPTIMAL,0.0
2026-01-09 16:45:00,ZONE_B,0,0.9973967,0.001302261,1911.73789,1911.73789,0.0,0.0,0.6068971591499264,0.6068971591499264,0.0,0,0,0,0.0,OPTIMAL,0.0
2026-01-09 17:00:00,ZONE_B,0,0.9970552,0.0014239217,1937.54345,1937.54345,0.0,0.0,0.6116502603417477,0.6116502603417477,0.0,0,0,0,0.0,OPTIMAL,0.0
2026-01-09 17:15:00,ZONE_B,0,0.9982383,0.001007775,1926.55435,1926.55435,0.0,0.0,0.6144734004823839,0.6144734004823839,0.0,0,0,0,0.0,OPTIMAL,0.0
2026-01-09 17:30:00,ZONE_B,0,0.9988776,0.0013384854,1939.014975,1939.014975,0.0,0.0,0.6132344945293174,0.6132344945293174,0.0,0,0,0,0.0,OPTIMAL,0.0
2026-01-09 17:45:00,ZONE_B,0,0.9991973,0.0013026369,1942.365078,1942.365078,0.0,0.0,0.6084565898140459,0.6084565898140459,0.0,0,0,0,0.0,OPTIMAL,0.0
2026-01-09 18:00:00,ZONE_B,0,0.99874026,0.0012011795,1941.96057,1941.96057,0.0,0.0,0.617835459167179,0.617835459167179,0.0,0,0,0,0.0,OPTIMAL,0.0
2026-01-09 18:15:00,ZONE_B,0,0.99858606,0.0014571124,1916.5977,1916.5977,0.0,0.0,0.6087674933880456,0.6087674933880456,0.0,0,0,0,0.0,OPTIMAL,0.0
2026-01-09 18:30:00,ZONE_B,0,0.9988715,0.0013384854,1947.997504,1947.997504,0.0,0.0,0.6129840030539062,0.6129840030539062,0.0,0,0,0,0.0,OPTIMAL,0.0
2026-01-09 18:45:00,ZONE_B,0,0.99885976,0.0011916335,1944.38663,1944.38663,0.0,0.0,0.5976490889530651,0.5976490889530651,0.0,0,0,0,0.0,OPTIMAL,0.0
2026-01-09 19:00:00,ZONE_B,0,0.998579,0.0019261424,1931.23025,1931.23025,0.0,0.0,0.6056692757603046,0.6056692757603046,0.0,0,0,0,0.0,OPTIMAL,0.0
2026-01-09 19:15:00,ZONE_B,0,0.9988551,0.0013596875,1923.09859,1923.09859,0.0,0.0,0.6092493888546954,0.6092493888546954,0.0,0,0,0,0.0,OPTIMAL,0.0
2026-01-09 19:30:00,ZONE_B,0,0.9988669,0.0014722624,1920.22372,1920.22372,0.0,0.0,0.6083219278687693,0.6083219278687693,0.0,0,0,0,0.0,OPTIMAL,0.0
2026-01-09 19:45:00,ZONE_B,0,0.99919015,0.0012557523,1895.209004,1895.209004,0.0,0.0,0.6153451886214011,0.6153451886214011,0.0,0,0,0,0.0,OPTIMAL,0.0
2026-01-09 20:00:00,ZONE_B,0,0.99983394,0.0012015519,1827.518096,1827.518096,0.0,0.0,0.56323405862374,0.56323405862374,0.0,0,0,0,0.0,OPTIMAL,0.0
2026-01-09 20:15:00,ZONE_B,0,0.99980956,0.0010566722,1792.58005,1792.58005,0.0,0.0,0.5607578033402991,0.5607578033402991,0.0,0,0,0,0.0,OPTIMAL,0.0
2026-01-09 20:30:00,ZONE_B,0,0.99981004,0.0010566722,1799.52692,1799.52692,0.0,0.0,0.5672723731793672,0.5672723731793672,0.0,0,0,0,0.0,OPTIMAL,0.0
2026-01-09 20:45:00,ZONE_B,0,0.99981374,0.0014054901,1766.82444,1766.82444,0.0,0.0,0.5474876515031941,0.5474876515031941,0.0,0,0,0,0.0,OPTIMAL,0.0
2026-01-09 21:00:00,ZONE_B,0,0.9998018,0.0005460956,1748.851194,1748.851194,0.0,0.0,0.5347524399690853,0.5347524399690853,0.0,0,0,0,0.0,OPTIMAL,0.0
2026-01-09 21:15:00,ZONE_B,0,0.99983764,0.0005524897,1706.582404,1706.582404,0.0,0.0,0.5331174856876787,0.5331174856876787,0.0,0,0,0,0.0,OPTIMAL,0.0
2026-01-09 21:30:00,ZONE_B,0,0.9998079,0.0005460956,1700.082227,1700.082227,0.0,0.0,0.526287947542589,0.526287947542589,0.0,0,0,0,0.0,OPTIMAL,0.0
2026-01-09 21:45:00,ZONE_B,0,0.99983764,0.0005161055,1665.941065,1665.941065,0.0,0.0,0.5059601459201818,0.5059601459201818,0.0,0,0,0,0.0,OPTIMAL,0.0
2026-01-09 22:00:00,ZONE_B,0,0.99983954,0.00054181425,1654.009145,1654.009145,0.0,0.0,0.4907785156347048,0.4907785156347048,0.0,0,0,0,0.0,OPTIMAL,0.0
2026-01-09 22:15:00,ZONE_B,0,0.99982005,0.00054181425,1628.38797,1628.38797,0.0,0.0,0.5120148882617624,0.5120148882617624,0.0,0,0,0,0.0,OPTIMAL,0.0
2026-01-09 22:30:00,ZONE_B,0,0.9998159,0.00066736346,1565.636196,1565.636196,0.0,0.0,0.4904327426555148,0.4904327426555148,0.0,0,0,0,0.0,OPTIMAL,0.0
2026-01-09 22:45:00,ZONE_B,0,0.9998149,0.00053397525,1531.377644,1531.377644,0.0,0.0,0.4787166123946892,0.4787166123946892,0.0,0,0,0,0.0,OPTIMAL,0.0
2026-01-09 23:00:00,ZONE_B,0,0.9997899,0.00053397525,1486.97377,1486.97377,0.0,0.0,0.4837168606790957,0.4837168606790957,0.0,0,0,0,0.0,OPTIMAL,0.0
2026-01-09 23:15:00,ZONE_B,0,0.99978644,0.0006468265,1445.38531,1445.38531,0.0,0.0,0.4895003080533648,0.4895003080533648,0.0,0,0,0,0.0,OPTIMAL,0.0
2026-01-09 23:30:00,ZONE_B,0,0.9997923,0.00053397525,1476.98033,1476.98033,0.0,0.0,0.4903324517290184,0.4903324517290184,0.0,0,0,0,0.0,OPTIMAL,0.0
2026-01-09 23:45:00,ZONE_B,0,0.99980336,0.00056398084,1479.25902,1479.25902,0.0,0.0,0.492016182009129,0.492016182009129,0.0,0,0,0,0.0,OPTIMAL,0.0
2026-01-10 00:00:00,ZONE_B,0,0.9997904,0.0004929878,1456.1771199999998,1456.1771199999998,0.0,0.0,0.4978925276734344,0.4978925276734344,0.0,0,0,0,0.0,OPTIMAL,0.0
2026-01-10 00:15:00,ZONE_B,0,0.9997664,0.00068857195,1419.24883,1419.24883,0.0,0.0,0.4930493667904649,0.4930493667904649,0.0,0,0,0,0.0,OPTIMAL,0.0
2026-01-10 00:30:00,ZONE_B,0,0.9997923,0.0006174887,1454.57562,1454.57562,0.0,0.0,0.4751189539020595,0.4751189539020595,0.0,0,0,0,0.0,OPTIMAL,0.0
2026-01-10 00:45:00,ZONE_B,0,0.99976844,0.0006458502,1439.91882,1439.91882,0.0,0.0,0.4756013177549311,0.4756013177549311,0.0,0,0,0,0.0,OPTIMAL,0.0
2026-01-10 01:00:00,ZONE_B,0,0.9997707,0.00053397525,1462.88521,1462.88521,0.0,0.0,0.4868214088358684,0.4868214088358684,0.0,0,0,0,0.0,OPTIMAL,0.0
2026-01-10 01:15:00,ZONE_B,0,0.9997707,0.0011465783,1459.16191,1459.16191,0.0,0.0,0.476456373728896,0.476456373728896,0.0,0,0,0,0.0,OPTIMAL,0.0
2026-01-10 01:30:00,ZONE_B,0,0.99978834,0.00065218436,1452.8249,1452.8249,0.0,0.0,0.48392433572016813,0.48392433572016813,0.0,0,0,0,0.0,OPTIMAL,0.0
2026-01-10 01:45:00,ZONE_B,0,0.99982435,0.00065218436,1492.563866,1492.563866,0.0,0.0,0.4840281550605803,0.4840281550605803,0.0,0,0,0,0.0,OPTIMAL,0.0
2026-01-10 02:00:00,ZONE_B,0,0.9997904,0.000432415,1466.71145,1466.71145,0.0,0.0,0.48235330609450183,0.48235330609450183,0.0,0,0,0,0.0,OPTIMAL,0.0
2026-01-10 02:15:00,ZONE_B,0,0.9997904,0.0006656849,1452.0710800000002,1452.0710800000002,0.0,0.0,0.4919248201530486,0.4919248201530486,0.0,0,0,0,0.0,OPTIMAL,0.0
2026-01-10 02:30:00,ZONE_B,0,0.99978405,0.00050517503,1449.52384,1449.52384,0.0,0.0,0.4957145867222359,0.4957145867222359,0.0,0,0,0,0.0,OPTIMAL,0.0
2026-01-10 02:45:00,ZONE_B,0,0.99980897,0.0005184643,1493.47172,1493.47172,0.0,0.0,0.4856419910785721,0.4856419910785721,0.0,0,0,0,0.0,OPTIMAL,0.0
2026-01-10 03:00:00,ZONE_B,0,0.9997904,0.0005031945,1461.37193,1461.37193,0.0,0.0,0.4995570951445164,0.4995570951445164,0.0,0,0,0,0.0,OPTIMAL,0.0
2026-01-10 03:15:00,ZONE_B,0,0.9997905,0.030703023,1354.13217,1354.13217,0.0,0.0,0.5100372152089296,0.5100372152089296,0.0,0,0,0,0.0,OPTIMAL,0.0
2026-01-10 03:30:00,ZONE_B,0,0.99981016,0.046000894,1339.112,1339.112,0.0,0.0,0.5028858630870712,0.5028858630870712,0.0,0,0,0,0.0,OPTIMAL,0.0
2026-01-10 03:45:00,ZONE_B,0,0.9997929,0.0794704,1339.65302,1339.65302,0.0,0.0,0.5063485091600362,0.5063485091600362,0.0,0,0,0,0.0,OPTIMAL,0.0
2026-01-10 04:00:00,ZONE_B,0,0.99965715,0.018987369,1349.89568,1349.89568,0.0,0.0,0.5102111017402251,0.5102111017402251,0.0,0,0,0,0.0,OPTIMAL,0.0
2026-01-10 04:15:00,ZONE_B,0,0.9996039,0.051142737,1331.2563300000002,1331.2563300000002,0.0,0.0,0.5052768323005837,0.5052768323005837,0.0,0,0,0,0.0,OPTIMAL,0.0
2026-01-10 04:30:00,ZONE_B,0,0.9996039,0.1510566,1343.10932,1343.10932,0.0,0.0,0.5211787907801195,0.5211787907801195,0.0,0,0,0,0.0,OPTIMAL,0.0
2026-01-10 04:45:00,ZONE_B,0,0.9994573,0.1510566,1364.15757,1364.15757,0.0,0.0,0.5067207285764505,0.5067207285764505,0.0,0,0,0,0.0,OPTIMAL,0.0
2026-01-10 05:00:00,ZONE_B,0,0.9996848,0.04664846,1567.21293,1567.21293,0.0,0.0,0.5582834619776353,0.5582834619776353,0.0,0,0,0,0.0,OPTIMAL,0.0
2026-01-10 05:15:00,ZONE_B,0,0.99966073,0.044386216,1586.34997,1586.34997,0.0,0.0,0.5802919369377435,0.5802919369377435,0.0,0,0,0,0.0,OPTIMAL,0.0
2026-01-10 05:30:00,ZONE_B,0,0.99961025,0.035346467,1600.90494,1600.90494,0.0,0.0,0.5818298907411449,0.5818298907411449,0.0,0,0,0,0.0,OPTIMAL,0.0
2026-01-10 05:45:00,ZONE_B,0,0.99913764,0.13935696,1599.01667,1599.01667,0.0,0.0,0.5870900017809411,0.5870900017809411,0.0,0,0,0,0.0,OPTIMAL,0.0
2026-01-10 06:00:00,ZONE_B,0,0.99929404,0.030722313,1590.6332,1590.6332,0.0,0.0,0.6010369725891467,0.6010369725891467,0.0,0,0,0,0.0,OPTIMAL,0.0
2026-01-10 06:15:00,ZONE_B,0,0.99374604,0.04437106,1607.34766,1607.34766,0.0,0.0,0.6215715662882835,0.6215715662882835,0.0,0,0,0,0.0,OPTIMAL,0.0
2026-01-10 06:30:00,ZONE_B,0,0.98900896,0.048484046,1621.71763,1621.71763,0.0,0.0,0.6447905001164597,0.6447905001164597,0.0,0,0,0,0.0,OPTIMAL,0.0
2026-01-10 06:45:00,ZONE_B,0,0.9900747,0.13258094,1577.56686,1577.56686,0.0,0.0,0.6310174138861488,0.6310174138861488,0.0,0,0,0,0.0,OPTIMAL,0.0
2026-01-10 07:00:00,ZONE_B,0,0.9735006,0.24013767,1527.35198,1527.35198,0.0,0.0,0.6322057289228386,0.6322057289228386,0.0,0,0,0,0.0,OPTIMAL,0.0
2026-01-10 07:15:00,ZONE_B,1,0.7170907,0.42483443,1573.9600999999998,1573.9600999999998,0.0,0.0,0.6596141781400372,0.6596141781400372,0.0,0,0,0,0.0,OPTIMAL,0.0
2026-01-10 07:30:00,ZONE_B,1,0.76357013,0.44618917,1620.3869000000002,1620.3869000000002,0.0,0.0,0.6983581461411009,0.6983581461411009,0.0,0,0,0,0.0,OPTIMAL,0.0
2026-01-10 07:45:00,ZONE_B,1,0.8934906,0.39337358,1538.3297000000002,1538.3297000000002,0.0,0.0,0.6571812309920443,0.6571812309920443,0.0,0,0,0,0.0,OPTIMAL,0.0
2026-01-10 08:00:00,ZONE_B,2,0.7500772,0.45023978,1524.3248399999998,1524.3248399999998,0.0,0.0,0.7066697793643121,0.7066697793643121,0.0,0,0,0,0.0,OPTIMAL,0.0
2026-01-10 08:15:00,ZONE_B,2,0.55980855,0.30838585,1512.6929999999998,1512.6929999999998,0.0,0.0,0.6846601352715952,0.6846601352715952,0.0,0,0,0,0.0,OPTIMAL,0.0
2026-01-10 08:30:00,ZONE_B,2,0.68205774,0.36050975,1524.89117,1524.89117,0.0,0.0,0.7087527787276596,0.7087527787276596,0.0,0,0,0,0.0,OPTIMAL,0.0
2026-01-10 08:45:00,ZONE_B,3,0.75300556,0.45673475,1511.4564499999997,1511.4564499999997,0.0,0.0,0.7570298008975977,0.7570298008975977,0.0,0,0,0,0.0,OPTIMAL,0.0
2026-01-10 09:00:00,ZONE_B,1,0.75880325,0.7545314,1190.73826,1790.207979402036,599.4697194020359,399.46971940203593,0.6690246491987208,0.8831209782864724,200.0,0,0,0,399.46971940203593,OPTIMAL,96744436.07998508
2026-01-10 09:15:00,ZONE_B,1,0.9221247,0.6170426,1179.7355,1693.84977923234,514.11427923234,314.11427923234,0.6713458942302025,0.8549581373954488,200.0,0,0,0,314.11427923234,OPTIMAL,17034927.455555372
2026-01-10 09:30:00,ZONE_B,1,0.9056759,0.7581819,1097.43706,1770.019647271756,672.582587271756,472.582587271756,0.6602814600201485,0.9004895277276751,200.0,0,0,0,472.582587271756,OPTIMAL,146107503.02481064
2026-01-10 09:45:00,ZONE_B,2,0.9579698,0.767757,1139.8221999999998,1839.2663318595999,699.4441318596,499.4441318596,0.70689591713778,0.9566973938300385,200.0,0,0,0,499.4441318596,OPTIMAL,303758142.8131184
2026-01-10 10:00:00,ZONE_B,1,0.90487504,0.54096156,1052.4908,1572.989731646816,520.4989316468159,320.4989316468159,0.692819944404838,0.878712420554637,200.0,0,0,0,320.4989316468159,OPTIMAL,83610766.62654945
2026-01-10 10:15:00,ZONE_B,2,0.92659867,0.65880805,1112.5614,1745.663616339465,633.102216339465,433.10221633946503,0.7340119135125636,0.9601198486074968,200.0,0,0,0,433.10221633946503,OPTIMAL,312677597.32620925
2026-01-10 10:30:00,ZONE_B,1,0.9484421,0.64842415,1022.6031,1647.25031452848,624.6472145284799,424.64721452847994,0.6741608864908796,0.8972491780505937,200.0,0,0,0,424.64721452847994,OPTIMAL,136555170.2975143
2026-01-10 10:45:00,ZONE_B,1,0.95457536,0.4609116,1010.5771,1010.5771,0.0,0.0,0.6925257932189229,0.6925257932189229,0.0,0,0,0,0.0,OPTIMAL,0.0
2026-01-10 11:00:00,ZONE_B,1,0.96298915,0.7107988,1023.51685,1715.50091238382,691.98406238382,491.98406238381995,0.6868030189433472,0.933940184884961,200.0,0,0,0,491.98406238381995,OPTIMAL,239963357.53659955
2026-01-10 11:15:00,ZONE_B,2,0.93425465,0.64214504,1085.3549,1715.3840115997841,630.029111599784,430.02911159978396,0.7328423572104396,0.9578527550563041,200.0,0,0,0,430.02911159978396,OPTIMAL,306299004.138306
2026-01-10 11:30:00,ZONE_B,1,0.94276786,0.6642409,991.92923,1652.2547420877231,660.325512087723,460.32551208772304,0.6854117147243939,0.9212422554794872,200.0,0,0,0,460.32551208772304,OPTIMAL,204092569.85124317
2026-01-10 11:45:00,ZONE_B,1,0.92130345,0.49333307,1058.476,1058.476,0.0,0.0,0.6890951707582607,0.6890951707582607,0.0,0,0,0,0.0,OPTIMAL,0.0
2026-01-10 12:00:00,ZONE_B,1,0.915477,0.5073841,1063.15557,1545.9535261030528,482.79795610305297,282.79795610305297,0.6971215368116362,0.8695493788275535,200.0,0,0,0,282.79795610305297,OPTIMAL,57577240.10340784
2026-01-10 12:15:00,ZONE_B,1,0.9471713,0.8085306,1052.3724,1817.75875609422,765.38635609422,565.38635609422,0.6912382533012018,0.9645905243580389,200.0,0,0,0,565.38635609422,OPTIMAL,326518330.56246185
2026-01-10 12:30:00,ZONE_B,1,0.9080337,0.49480328,1016.00295,1016.00295,0.0,0.0,0.67063960716211,0.67063960716211,0.0,0,0,0,0.0,OPTIMAL,0.0
2026-01-10 12:45:00,ZONE_B,1,0.8949713,0.54585487,1007.2425,1535.447480291472,528.204980291472,328.204980291472,0.6811428351885015,0.8697874716136444,200.0,0,0,0,328.204980291472,OPTIMAL,58697970.14291391
2026-01-10 13:00:00,ZONE_B,1,0.9355662,0.5597998,1135.9245999999998,1630.2798847813997,494.3552847813999,294.3552847813999,0.6979874343392916,0.8745428937727165,200.0,0,0,0,294.3552847813999,OPTIMAL,71674655.18453081
2026-01-10 13:15:00,ZONE_B,0,0.84043795,0.47206482,1053.13196,1053.13196,0.0,0.0,0.6486697362307189,0.6486697362307189,0.0,0,0,0,0.0,OPTIMAL,0.0
2026-01-10 13:30:00,ZONE_B,1,0.65031904,0.6876269,1056.46876,1659.5977561016161,603.128996101616,403.12899610161605,0.6548290034844877,0.8702322170319267,200.0,0,0,0,403.12899610161605,OPTIMAL,60692497.47840999
2026-01-10 13:45:00,ZONE_B,0,0.76953685,0.5181453,1068.78757,1517.278094720059,448.490524720059,248.490524720059,0.6413707051935221,0.8015458930958846,200.0,0,0,0,248.490524720059,OPTIMAL,2495905.24720059
2026-01-10 14:00:00,ZONE_B,1,0.95480204,0.72497433,1183.2103000000002,1776.321079044424,593.110779044424,393.110779044424,0.6859490591204325,0.8977743380519628,200.0,0,0,0,393.110779044424,OPTIMAL,137710253.8930182
2026-01-10 14:15:00,ZONE_B,0,0.8144098,0.70227516,1105.9923399999998,1668.3613381740493,562.3689981740496,362.3689981740496,0.6397837362303787,0.8406298075784981,200.0,0,0,0,362.3689981740496,OPTIMAL,3634689.9817404957
2026-01-10 14:30:00,ZONE_B,0,0.9168079,0.6935928,1150.5055000000002,1686.5104091574403,536.00490915744,336.00490915744,0.6327182998232037,0.824148625076885,200.0,0,0,0,336.00490915744,OPTIMAL,3371049.0915744
2026-01-10 14:45:00,ZONE_B,0,0.7742439,0.11878022,1208.70386,1208.70386,0.0,0.0,0.6370248313811772,0.6370248313811772,0.0,0,0,0,0.0,OPTIMAL,0.0
2026-01-10 15:00:00,ZONE_B,1,0.94779956,0.4986773,1404.1144000000002,1404.1144000000002,0.0,0.0,0.6988290136277322,0.6988290136277322,0.0,0,0,0,0.0,OPTIMAL,0.0
2026-01-10 15:15:00,ZONE_B,1,0.7758376,0.41551548,1395.80966,1395.80966,0.0,0.0,0.6677655344185395,0.6677655344185395,0.0,0,0,0,0.0,OPTIMAL,0.0
2026-01-10 15:30:00,ZONE_B,1,0.5744399,0.28943798,1435.9756000000002,1435.9756000000002,0.0,0.0,0.6472900504831198,0.6472900504831198,0.0,0,0,0,0.0,OPTIMAL,0.0
2026-01-10 15:45:00,ZONE_B,1,0.907036,0.33755767,1502.33385,1502.33385,0.0,0.0,0.6835555886043568,0.6835555886043568,0.0,0,0,0,0.0,OPTIMAL,0.0
2026-01-10 16:00:00,ZONE_B,0,0.8767222,0.26381356,1552.1401999999998,1552.1401999999998,0.0,0.0,0.6442581610670721,0.6442581610670721,0.0,0,0,0,0.0,OPTIMAL,0.0
2026-01-10 16:15:00,ZONE_B,0,0.981045,0.32059172,1580.85348,1580.85348,0.0,0.0,0.6290900507198497,0.6290900507198497,0.0,0,0,0,0.0,OPTIMAL,0.0
2026-01-10 16:30:00,ZONE_B,0,0.9843301,0.20086418,1643.04796,1643.04796,0.0,0.0,0.6233802314042606,0.6233802314042606,0.0,0,0,0,0.0,OPTIMAL,0.0
2026-01-10 16:45:00,ZONE_B,0,0.9931465,0.064324155,1689.4754,1689.4754,0.0,0.0,0.5969787773819719,0.5969787773819719,0.0,0,0,0,0.0,OPTIMAL,0.0
2026-01-10 17:00:00,ZONE_B,0,0.99609333,0.013123525,1791.55482,1791.55482,0.0,0.0,0.601598428316715,0.601598428316715,0.0,0,0,0,0.0,OPTIMAL,0.0
2026-01-10 17:15:00,ZONE_B,0,0.99671113,0.012514359,1767.62411,1767.62411,0.0,0.0,0.602827589294248,0.602827589294248,0.0,0,0,0,0.0,OPTIMAL,0.0
2026-01-10 17:30:00,ZONE_B,0,0.99727005,0.0027454176,1826.82046,1826.82046,0.0,0.0,0.6002995645101223,0.6002995645101223,0.0,0,0,0,0.0,OPTIMAL,0.0
2026-01-10 17:45:00,ZONE_B,0,0.99882764,0.0015821839,1841.86158,1841.86158,0.0,0.0,0.6131729656414605,0.6131729656414605,0.0,0,0,0,0.0,OPTIMAL,0.0
2026-01-10 18:00:00,ZONE_B,0,0.9987288,0.0013843601,1831.50004,1831.50004,0.0,0.0,0.6039113388311376,0.6039113388311376,0.0,0,0,0,0.0,OPTIMAL,0.0
2026-01-10 18:15:00,ZONE_B,0,0.99710816,0.001276096,1818.34798,1818.34798,0.0,0.0,0.5911881801294461,0.5911881801294461,0.0,0,0,0,0.0,OPTIMAL,0.0
2026-01-10 18:30:00,ZONE_B,0,0.99878377,0.0014014269,1851.47526,1851.47526,0.0,0.0,0.6177137776157897,0.6177137776157897,0.0,0,0,0,0.0,OPTIMAL,0.0
2026-01-10 18:45:00,ZONE_B,0,0.9986015,0.0015838962,1893.330776,1893.330776,0.0,0.0,0.6035684378000015,0.6035684378000015,0.0,0,0,0,0.0,OPTIMAL,0.0
2026-01-10 19:00:00,ZONE_B,0,0.9988427,0.0013843601,1830.01425,1830.01425,0.0,0.0,0.6026114237195741,0.6026114237195741,0.0,0,0,0,0.0,OPTIMAL,0.0
2026-01-10 19:15:00,ZONE_B,0,0.9981845,0.00090436364,1855.89823,1855.89823,0.0,0.0,0.615503618295452,0.615503618295452,0.0,0,0,0,0.0,OPTIMAL,0.0
2026-01-10 19:30:00,ZONE_B,0,0.99839824,0.001682289,1894.76204,1894.76204,0.0,0.0,0.6003648986736565,0.6003648986736565,0.0,0,0,0,0.0,OPTIMAL,0.0
2026-01-10 19:45:00,ZONE_B,0,0.9991358,0.0011269238,1886.24439,1886.24439,0.0,0.0,0.6015459302461692,0.6015459302461692,0.0,0,0,0,0.0,OPTIMAL,0.0
2026-01-10 20:00:00,ZONE_B,0,0.9996965,0.0009784064,1769.678,1769.678,0.0,0.0,0.5763223851062301,0.5763223851062301,0.0,0,0,0,0.0,OPTIMAL,0.0
2026-01-10 20:15:00,ZONE_B,0,0.999775,0.0012613192,1742.94595,1742.94595,0.0,0.0,0.5568224967599968,0.5568224967599968,0.0,0,0,0,0.0,OPTIMAL,0.0
2026-01-10 20:30:00,ZONE_B,0,0.9997844,0.0010239746,1708.8415,1708.8415,0.0,0.0,0.5520288032247831,0.5520288032247831,0.0,0,0,0,0.0,OPTIMAL,0.0
2026-01-10 20:45:00,ZONE_B,0,0.99980325,0.0009992841,1734.12374,1734.12374,0.0,0.0,0.5457479453402592,0.5457479453402592,0.0,0,0,0,0.0,OPTIMAL,0.0
2026-01-10 21:00:00,ZONE_B,0,0.99980193,0.0010976718,1706.904774,1706.904774,0.0,0.0,0.5462737820170525,0.5462737820170525,0.0,0,0,0,0.0,OPTIMAL,0.0
2026-01-10 21:15:00,ZONE_B,0,0.99978584,0.0004957734,1624.39209,1624.39209,0.0,0.0,0.5305389693927566,0.5305389693927566,0.0,0,0,0,0.0,OPTIMAL,0.0
2026-01-10 21:30:00,ZONE_B,0,0.9997992,0.0004957734,1608.10863,1608.10863,0.0,0.0,0.5339717543377809,0.5339717543377809,0.0,0,0,0,0.0,OPTIMAL,0.0
2026-01-10 21:45:00,ZONE_B,0,0.9998109,0.00048619328,1592.999714,1592.999714,0.0,0.0,0.5249635211902222,0.5249635211902222,0.0,0,0,0,0.0,OPTIMAL,0.0
2026-01-10 22:00:00,ZONE_B,0,0.9998104,0.00048619328,1582.70343,1582.70343,0.0,0.0,0.5086611602451541,0.5086611602451541,0.0,0,0,0,0.0,OPTIMAL,0.0
2026-01-10 22:15:00,ZONE_B,0,0.9998104,0.00053397525,1550.8993799999998,1550.8993799999998,0.0,0.0,0.5072263992132625,0.5072263992132625,0.0,0,0,0,0.0,OPTIMAL,0.0
2026-01-10 22:30:00,ZONE_B,0,0.99978834,0.0005471749,1490.0900700000002,1490.0900700000002,0.0,0.0,0.4997246093689344,0.4997246093689344,0.0,0,0,0,0.0,OPTIMAL,0.0
2026-01-10 22:45:00,ZONE_B,0,0.9997923,0.00053397525,1470.38894,1470.38894,0.0,0.0,0.486214143823045,0.486214143823045,0.0,0,0,0,0.0,OPTIMAL,0.0
2026-01-10 23:00:00,ZONE_B,0,0.99982387,0.00053397525,1511.64211,1511.64211,0.0,0.0,0.4794315990483966,0.4794315990483966,0.0,0,0,0,0.0,OPTIMAL,0.0
2026-01-10 23:15:00,ZONE_B,0,0.9997904,0.00053397525,1470.41295,1470.41295,0.0,0.0,0.4758734291809875,0.4758734291809875,0.0,0,0,0,0.0,OPTIMAL,0.0
2026-01-10 23:30:00,ZONE_B,0,0.99980193,0.00053397525,1494.36082,1494.36082,0.0,0.0,0.483378245932053,0.483378245932053,0.0,0,0,0,0.0,OPTIMAL,0.0
2026-01-10 23:45:00,ZONE_B,0,0.9997923,0.0004263056,1476.1665199999998,1476.1665199999998,0.0,0.0,0.4844259060662723,0.4844259060662723,0.0,0,0,0,0.0,OPTIMAL,0.0
2026-01-11 00:00:00,ZONE_B,0,0.9997873,0.0005720625,1487.07268,1487.07268,0.0,0.0,0.48363818401866,0.48363818401866,0.0,0,0,0,0.0,OPTIMAL,0.0
2026-01-11 00:15:00,ZONE_B,0,0.999785,0.00066830445,1451.30658,1451.30658,0.0,0.0,0.4907212498577496,0.4907212498577496,0.0,0,0,0,0.0,OPTIMAL,0.0
2026-01-11 00:30:00,ZONE_B,0,0.9997851,0.0005184643,1488.91082,1488.91082,0.0,0.0,0.46811539178956546,0.46811539178956546,0.0,0,0,0,0.0,OPTIMAL,0.0
2026-01-11 00:45:00,ZONE_B,0,0.99980336,0.00049841375,1475.15165,1475.15165,0.0,0.0,0.47154706915262706,0.47154706915262706,0.0,0,0,0,0.0,OPTIMAL,0.0
2026-01-11 01:00:00,ZONE_B,0,0.9998029,0.0005031945,1475.22884,1475.22884,0.0,0.0,0.4641912347302341,0.4641912347302341,0.0,0,0,0,0.0,OPTIMAL,0.0
2026-01-11 01:15:00,ZONE_B,0,0.9997843,0.0006174887,1475.7795150000002,1475.7795150000002,0.0,0.0,0.4768027582251142,0.4768027582251142,0.0,0,0,0,0.0,OPTIMAL,0.0
2026-01-11 01:30:00,ZONE_B,0,0.99979514,0.0006656849,1469.65639,1469.65639,0.0,0.0,0.46904299891093676,0.46904299891093676,0.0,0,0,0,0.0,OPTIMAL,0.0
2026-01-11 01:45:00,ZONE_B,0,0.99982435,0.0006656849,1490.6290700000002,1490.6290700000002,0.0,0.0,0.4700547546451505,0.4700547546451505,0.0,0,0,0,0.0,OPTIMAL,0.0
2026-01-11 02:00:00,ZONE_B,0,0.9997873,0.0004818242,1480.3588,1480.3588,0.0,0.0,0.4759351689192946,0.4759351689192946,0.0,0,0,0,0.0,OPTIMAL,0.0
2026-01-11 02:15:00,ZONE_B,0,0.99981004,0.0005720625,1491.563994,1491.563994,0.0,0.0,0.457626545928672,0.457626545928672,0.0,0,0,0,0.0,OPTIMAL,0.0
2026-01-11 02:30:00,ZONE_B,0,0.9998267,0.00065218436,1524.4764899999998,1524.4764899999998,0.0,0.0,0.46155629886234256,0.46155629886234256,0.0,0,0,0,0.0,OPTIMAL,0.0
2026-01-11 02:45:00,ZONE_B,0,0.99982435,0.00065218436,1511.10779,1511.10779,0.0,0.0,0.4733005035721239,0.4733005035721239,0.0,0,0,0,0.0,OPTIMAL,0.0
2026-01-11 03:00:00,ZONE_B,0,0.9998149,0.00065218436,1493.797864,1493.797864,0.0,0.0,0.47011214015842323,0.47011214015842323,0.0,0,0,0,0.0,OPTIMAL,0.0
2026-01-11 03:15:00,ZONE_B,0,0.9998281,0.0007113327,1535.249085,1535.249085,0.0,0.0,0.4638150047531616,0.4638150047531616,0.0,0,0,0,0.0,OPTIMAL,0.0
2026-01-11 03:30:00,ZONE_B,0,0.99983,0.0007367037,1520.45853,1520.45853,0.0,0.0,0.4643435109869582,0.4643435109869582,0.0,0,0,0,0.0,OPTIMAL,0.0
2026-01-11 03:45:00,ZONE_B,0,0.99983,0.0006375004,1525.3253,1525.3253,0.0,0.0,0.4661515693580784,0.4661515693580784,0.0,0,0,0,0.0,OPTIMAL,0.0
2026-01-11 04:00:00,ZONE_B,0,0.9998281,0.00065218436,1526.93849,1526.93849,0.0,0.0,0.46465797271257464,0.46465797271257464,0.0,0,0,0,0.0,OPTIMAL,0.0
2026-01-11 04:15:00,ZONE_B,0,0.9998281,0.0005369454,1533.55208,1533.55208,0.0,0.0,0.4740754208384609,0.4740754208384609,0.0,0,0,0,0.0,OPTIMAL,0.0
2026-01-11 04:30:00,ZONE_B,0,0.99983,0.0004818242,1517.85884,1517.85884,0.0,0.0,0.4803130948950053,0.4803130948950053,0.0,0,0,0,0.0,OPTIMAL,0.0
2026-01-11 04:45:00,ZONE_B,0,0.99972445,0.0008159256,1537.84085,1537.84085,0.0,0.0,0.4736172985733896,0.4736172985733896,0.0,0,0,0,0.0,OPTIMAL,0.0
2026-01-11 05:00:00,ZONE_B,0,0.99982065,0.00090972753,1753.15492,1753.15492,0.0,0.0,0.533592977971406,0.533592977971406,0.0,0,0,0,0.0,OPTIMAL,0.0
2026-01-11 05:15:00,ZONE_B,0,0.99971944,0.00061992405,1771.94805,1771.94805,0.0,0.0,0.54955500200253,0.54955500200253,0.0,0,0,0,0.0,OPTIMAL,0.0
2026-01-11 05:30:00,ZONE_B,0,0.9998073,0.0005186435,1776.3746099999998,1776.3746099999998,0.0,0.0,0.5606613557036493,0.5606613557036493,0.0,0,0,0,0.0,OPTIMAL,0.0
2026-01-11 05:45:00,ZONE_B,0,0.9998073,0.0011048843,1776.36971,1776.36971,0.0,0.0,0.5676908371458153,0.5676908371458153,0.0,0,0,0,0.0,OPTIMAL,0.0
2026-01-11 06:00:00,ZONE_B,0,0.9996971,0.00058694324,1792.181205,1792.181205,0.0,0.0,0.5711833508685796,0.5711833508685796,0.0,0,0,0,0.0,OPTIMAL,0.0
2026-01-11 06:15:00,ZONE_B,0,0.99827945,0.0005074334,1779.3104999999998,1779.3104999999998,0.0,0.0,0.5847389048154291,0.5847389048154291,0.0,0,0,0,0.0,OPTIMAL,0.0
2026-01-11 06:30:00,ZONE_B,0,0.99812835,0.0016875635,1741.79834,1741.79834,0.0,0.0,0.5968176905572895,0.5968176905572895,0.0,0,0,0,0.0,OPTIMAL,0.0
2026-01-11 06:45:00,ZONE_B,0,0.9939161,0.0040280046,1745.1992300000002,1745.1992300000002,0.0,0.0,0.611151130452299,0.611151130452299,0.0,0,0,0,0.0,OPTIMAL,0.0
2026-01-11 07:00:00,ZONE_B,0,0.98272747,0.080792256,1681.32738,1681.32738,0.0,0.0,0.6180308835081879,0.6180308835081879,0.0,0,0,0,0.0,OPTIMAL,0.0
2026-01-11 07:15:00,ZONE_B,0,0.83373237,0.286664,1633.7272,1633.7272,0.0,0.0,0.630740957250173,0.630740957250173,0.0,0,0,0,0.0,OPTIMAL,0.0
2026-01-11 07:30:00,ZONE_B,0,0.6911365,0.27974242,1634.7267000000002,1634.7267000000002,0.0,0.0,0.6396544109790118,0.6396544109790118,0.0,0,0,0,0.0,OPTIMAL,0.0
2026-01-11 07:45:00,ZONE_B,1,0.8325958,0.4070657,1604.8179000000002,1604.8179000000002,0.0,0.0,0.6504920138765349,0.6504920138765349,0.0,0,0,0,0.0,OPTIMAL,0.0
2026-01-11 08:00:00,ZONE_B,2,0.6475162,0.45136675,1629.5160999999998,1629.5160999999998,0.0,0.0,0.7299955834054515,0.7299955834054515,0.0,0,0,0,0.0,OPTIMAL,0.0
2026-01-11 08:15:00,ZONE_B,2,0.7656525,0.412623,1652.75005,1652.75005,0.0,0.0,0.7090268999308331,0.7090268999308331,0.0,0,0,0,0.0,OPTIMAL,0.0
2026-01-11 08:30:00,ZONE_B,2,0.58092165,0.5137844,1565.2743,1889.78807967068,324.51377967068,124.51377967067998,0.6769123370029041,0.7928101157783478,200.0,0,0,0,124.51377967067998,OPTIMAL,1256137.7967067999
2026-01-11 08:45:00,ZONE_B,2,0.7069078,0.42062262,1582.256,1582.256,0.0,0.0,0.717561140098452,0.717561140098452,0.0,0,0,0,0.0,OPTIMAL,0.0
2026-01-11 09:00:00,ZONE_B,1,0.82827854,0.7473548,1428.88116,1893.8029879552319,464.921827955232,264.921827955232,0.6552930862592061,0.8213365968581835,200.0,0,0,0,264.921827955232,OPTIMAL,2660218.27955232
2026-01-11 09:15:00,ZONE_B,1,0.93684775,0.7805196,1387.8583000000003,1911.4388089799204,523.58050897992,323.58050897991995,0.6593929128894533,0.8463859524535006,200.0,0,0,0,323.58050897991995,OPTIMAL,3246805.0897991997
2026-01-11 09:30:00,ZONE_B,1,0.62065285,0.58768564,1339.507,1739.601796960772,400.094796960772,200.094796960772,0.6371164219476925,0.7800074213045208,200.0,0,0,0,200.094796960772,OPTIMAL,2011947.96960772
2026-01-11 09:45:00,ZONE_B,0,0.96312654,0.40740007,1299.7681699999998,1299.7681699999998,0.0,0.0,0.6169895375042945,0.6169895375042945,0.0,0,0,0,0.0,OPTIMAL,0.0
2026-01-11 10:00:00,ZONE_B,1,0.8745569,0.49283376,1321.95055,1321.95055,0.0,0.0,0.6535335024561275,0.6535335024561275,0.0,0,0,0,0.0,OPTIMAL,0.0
2026-01-11 10:15:00,ZONE_B,1,0.9231885,0.5385756,1331.2986,1717.8323692478402,386.53376924784004,186.53376924784004,0.6605852177089147,0.7986329928455852,200.0,0,0,0,186.53376924784004,OPTIMAL,1876337.6924784004
2026-01-11 10:30:00,ZONE_B,1,0.94970495,0.59422284,1393.292,1789.7940235526598,396.50202355266,196.50202355265998,0.6693281475362167,0.8109360134809676,200.0,0,0,0,196.50202355265998,OPTIMAL,1976020.2355265997
2026-01-11 10:45:00,ZONE_B,1,0.8687595,0.37331614,1308.11934,1308.11934,0.0,0.0,0.6585193281795286,0.6585193281795286,0.0,0,0,0,0.0,OPTIMAL,0.0
2026-01-11 11:00:00,ZONE_B,1,0.9468437,0.55260724,1350.63105,1745.245642024678,394.6145920246781,194.61459202467807,0.6716598247947165,0.8125936080674476,200.0,0,0,0,194.61459202467807,OPTIMAL,1957145.9202467808
2026-01-11 11:15:00,ZONE_B,0,0.7128565,0.521522,1266.46043,1643.77688765634,377.31645765634,177.31645765634,0.6343794576632136,0.7691353357946449,200.0,0,0,0,177.31645765634,OPTIMAL,1784164.5765634
2026-01-11 11:30:00,ZONE_B,1,0.9519906,0.4741297,1397.0239,1397.0239,0.0,0.0,0.6837699491224632,0.6837699491224632,0.0,0,0,0,0.0,OPTIMAL,0.0
2026-01-11 11:45:00,ZONE_B,1,0.82569873,0.4942425,1295.0969,1295.0969,0.0,0.0,0.6561440825236318,0.6561440825236318,0.0,0,0,0,0.0,OPTIMAL,0.0
2026-01-11 12:00:00,ZONE_B,2,0.7132174,0.43491215,1373.66746,1373.66746,0.0,0.0,0.7087020062957516,0.7087020062957516,0.0,0,0,0,0.0,OPTIMAL,0.0
2026-01-11 12:15:00,ZONE_B,0,0.62738264,0.79093385,1180.93856,1812.213981022659,631.275421022659,431.275421022659,0.6422128608070123,0.8676683689317429,200.0,0,0,0,431.275421022659,OPTIMAL,53795187.08379857
2026-01-11 12:30:00,ZONE_B,2,0.73112047,0.70056874,1220.3644,1794.5448646972059,574.180464697206,374.18046469720605,0.7145535706369239,0.9196180229629636,200.0,0,0,0,374.18046469720605,OPTIMAL,198683268.3268503
2026-01-11 12:45:00,ZONE_B,1,0.89315575,0.737672,1173.90294,1780.71492214832,606.81198214832,406.81198214832,0.6741560275815546,0.8908745932647859,200.0,0,0,0,406.81198214832,OPTIMAL,118527980.63004385
2026-01-11 13:00:00,ZONE_B,0,0.8392221,0.24319926,1136.45326,1136.45326,0.0,0.0,0.6449165120841548,0.6449165120841548,0.0,0,0,0,0.0,OPTIMAL,0.0
2026-01-11 13:15:00,ZONE_B,0,0.8773295,0.64042425,1134.37857,1644.0193054656525,509.6407354656525,309.6407354656525,0.6355767413920025,0.8175912902813158,200.0,0,0,0,309.6407354656525,OPTIMAL,3107407.354656525
2026-01-11 13:30:00,ZONE_B,0,0.8132365,0.30549338,1147.90943,1147.90943,0.0,0.0,0.6402764024387525,0.6402764024387525,0.0,0,0,0,0.0,OPTIMAL,0.0
2026-01-11 13:45:00,ZONE_B,1,0.7158149,0.7602888,1180.66414,1786.829444918848,606.1653049188479,406.16530491884794,0.6586959116705374,0.8751835212345164,200.0,0,0,0,406.16530491884794,OPTIMAL,74586512.28943062
2026-01-11 14:00:00,ZONE_B,1,0.5838266,0.23856567,1243.8021,1243.8021,0.0,0.0,0.652937254240156,0.652937254240156,0.0,0,0,0,0.0,OPTIMAL,0.0
2026-01-11 14:15:00,ZONE_B,0,0.9821147,0.5095258,1245.73637,1590.4970311500942,344.76066115009405,144.76066115009405,0.6259568886747825,0.7490856965662607,200.0,0,0,0,144.76066115009405,OPTIMAL,1458606.6115009405
2026-01-11 14:30:00,ZONE_B,0,0.9686592,0.6994953,1270.1659,1735.33845859501,465.17255859501006,265.17255859501006,0.6341482149453127,0.8002812720482231,200.0,0,0,0,265.17255859501006,OPTIMAL,2662725.585950101
2026-01-11 14:45:00,ZONE_B,1,0.95952547,0.57129973,1390.3152,1757.120933885204,366.805733885204,166.805733885204,0.677195545620301,0.8081975938202733,200.0,0,0,0,166.805733885204,OPTIMAL,1679057.33885204
2026-01-11 15:00:00,ZONE_B,1,0.9259683,0.29317123,1519.8535000000002,1519.8535000000002,0.0,0.0,0.6919783651702014,0.6919783651702014,0.0,0,0,0,0.0,OPTIMAL,0.0
2026-01-11 15:15:00,ZONE_B,0,0.5028658,0.2883535,1425.5856599999995,1425.5856599999995,0.0,0.0,0.6457121902330951,0.6457121902330951,0.0,0,0,0,0.0,OPTIMAL,0.0
2026-01-11 15:30:00,ZONE_B,1,0.80313927,0.36077526,1508.33424,1508.33424,0.0,0.0,0.6525448447388175,0.6525448447388175,0.0,0,0,0,0.0,OPTIMAL,0.0
2026-01-11 15:45:00,ZONE_B,0,0.5747872,0.3806085,1524.60794,1524.60794,0.0,0.0,0.640305183308099,0.640305183308099,0.0,0,0,0,0.0,OPTIMAL,0.0
2026-01-11 16:00:00,ZONE_B,0,0.9693552,0.3745827,1573.97777,1573.97777,0.0,0.0,0.633574581754585,0.633574581754585,0.0,0,0,0,0.0,OPTIMAL,0.0
2026-01-11 16:15:00,ZONE_B,0,0.9720363,0.16281925,1644.03774,1644.03774,0.0,0.0,0.6306226654429428,0.6306226654429428,0.0,0,0,0,0.0,OPTIMAL,0.0
2026-01-11 16:30:00,ZONE_B,0,0.976934,0.1681263,1652.73908,1652.73908,0.0,0.0,0.6347669753722893,0.6347669753722893,0.0,0,0,0,0.0,OPTIMAL,0.0
2026-01-11 16:45:00,ZONE_B,0,0.98821133,0.069738045,1678.9481,1678.9481,0.0,0.0,0.6252231848635597,0.6252231848635597,0.0,0,0,0,0.0,OPTIMAL,0.0
2026-01-11 17:00:00,ZONE_B,0,0.9951615,0.09608014,1743.52743,1743.52743,0.0,0.0,0.6156062863875037,0.6156062863875037,0.0,0,0,0,0.0,OPTIMAL,0.0
2026-01-11 17:15:00,ZONE_B,0,0.9967836,0.010374935,1775.3678,1775.3678,0.0,0.0,0.6114984107262094,0.6114984107262094,0.0,0,0,0,0.0,OPTIMAL,0.0
2026-01-11 17:30:00,ZONE_B,0,0.99602216,0.0044784583,1756.8037399999998,1756.8037399999998,0.0,0.0,0.6201300451331259,0.6201300451331259,0.0,0,0,0,0.0,OPTIMAL,0.0
2026-01-11 17:45:00,ZONE_B,0,0.9857955,0.04819351,1717.01024,1717.01024,0.0,0.0,0.6114193968772486,0.6114193968772486,0.0,0,0,0,0.0,OPTIMAL,0.0
2026-01-11 18:00:00,ZONE_B,0,0.99778616,0.050070852,1745.52133,1745.52133,0.0,0.0,0.6135801915265964,0.6135801915265964,0.0,0,0,0,0.0,OPTIMAL,0.0
2026-01-11 18:15:00,ZONE_B,0,0.997122,0.035329927,1728.5771,1728.5771,0.0,0.0,0.6199398423111433,0.6199398423111433,0.0,0,0,0,0.0,OPTIMAL,0.0
2026-01-11 18:30:00,ZONE_B,0,0.9973526,0.04732574,1757.63542,1757.63542,0.0,0.0,0.6224794039039668,0.6224794039039668,0.0,0,0,0,0.0,OPTIMAL,0.0
2026-01-11 18:45:00,ZONE_B,0,0.9954295,0.033119168,1740.06218,1740.06218,0.0,0.0,0.6245388252044202,0.6245388252044202,0.0,0,0,0,0.0,OPTIMAL,0.0
2026-01-11 19:00:00,ZONE_B,0,0.9982942,0.00701335,1775.38116,1775.38116,0.0,0.0,0.6147455267305285,0.6147455267305285,0.0,0,0,0,0.0,OPTIMAL,0.0
2026-01-11 19:15:00,ZONE_B,0,0.99724257,0.008985934,1774.7198,1774.7198,0.0,0.0,0.6194644971433769,0.6194644971433769,0.0,0,0,0,0.0,OPTIMAL,0.0
2026-01-11 19:30:00,ZONE_B,0,0.9971065,0.11302401,1749.32357,1749.32357,0.0,0.0,0.6259920399787625,0.6259920399787625,0.0,0,0,0,0.0,OPTIMAL,0.0
2026-01-11 19:45:00,ZONE_B,0,0.9971667,0.014612869,1761.1916,1761.1916,0.0,0.0,0.6176952387323561,0.6176952387323561,0.0,0,0,0,0.0,OPTIMAL,0.0
2026-01-11 20:00:00,ZONE_B,0,0.99972445,0.0029702939,1636.0804,1636.0804,0.0,0.0,0.5726482814639964,0.5726482814639964,0.0,0,0,0,0.0,OPTIMAL,0.0
2026-01-11 20:15:00,ZONE_B,0,0.9996921,0.0075185047,1633.77364,1633.77364,0.0,0.0,0.5890704827967308,0.5890704827967308,0.0,0,0,0,0.0,OPTIMAL,0.0
2026-01-11 20:30:00,ZONE_B,0,0.99968874,0.11204873,1599.73063,1599.73063,0.0,0.0,0.5531330662274972,0.5531330662274972,0.0,0,0,0,0.0,OPTIMAL,0.0
2026-01-11 20:45:00,ZONE_B,0,0.9997242,0.0025980226,1674.8419399999998,1674.8419399999998,0.0,0.0,0.5549257651845914,0.5549257651845914,0.0,0,0,0,0.0,OPTIMAL,0.0
2026-01-11 21:00:00,ZONE_B,0,0.9997366,0.00082623906,1673.03896,1673.03896,0.0,0.0,0.5480034164486458,0.5480034164486458,0.0,0,0,0,0.0,OPTIMAL,0.0
2026-01-11 21:15:00,ZONE_B,0,0.9997229,0.0028203172,1563.21729,1563.21729,0.0,0.0,0.5194892435363325,0.5194892435363325,0.0,0,0,0,0.0,OPTIMAL,0.0
2026-01-11 21:30:00,ZONE_B,0,0.9997664,0.0006526149,1554.0157000000002,1554.0157000000002,0.0,0.0,0.522479843596458,0.522479843596458,0.0,0,0,0,0.0,OPTIMAL,0.0
2026-01-11 21:45:00,ZONE_B,0,0.99978644,0.0006595697,1545.89457,1545.89457,0.0,0.0,0.5282612664233571,0.5282612664233571,0.0,0,0,0,0.0,OPTIMAL,0.0
2026-01-11 22:00:00,ZONE_B,0,0.99978644,0.0006595697,1532.49227,1532.49227,0.0,0.0,0.533795526113211,0.533795526113211,0.0,0,0,0,0.0,OPTIMAL,0.0
2026-01-11 22:15:00,ZONE_B,0,0.99978215,0.00059545017,1461.7388600000002,1461.7388600000002,0.0,0.0,0.5215974692661236,0.5215974692661236,0.0,0,0,0,0.0,OPTIMAL,0.0
2026-01-11 22:30:00,ZONE_B,0,0.99978644,0.0006468265,1465.70472,1465.70472,0.0,0.0,0.5032772681503476,0.5032772681503476,0.0,0,0,0,0.0,OPTIMAL,0.0
2026-01-11 22:45:00,ZONE_B,0,0.99978644,0.00059545017,1439.43604,1439.43604,0.0,0.0,0.5056537304231667,0.5056537304231667,0.0,0,0,0,0.0,OPTIMAL,0.0
2026-01-11 23:00:00,ZONE_B,0,0.9997422,0.003283033,1392.72223,1392.72223,0.0,0.0,0.484493818030072,0.484493818030072,0.0,0,0,0,0.0,OPTIMAL,0.0
2026-01-11 23:15:00,ZONE_B,0,0.9997638,0.0024761092,1395.17835,1395.17835,0.0,0.0,0.4941950695744546,0.4941950695744546,0.0,0,0,0,0.0,OPTIMAL,0.0
2026-01-11 23:30:00,ZONE_B,0,0.9997881,0.0026096436,1365.59819,1365.59819,0.0,0.0,0.4992382530481582,0.4992382530481582,0.0,0,0,0,0.0,OPTIMAL,0.0
2026-01-11 23:45:00,ZONE_B,0,0.9996112,0.001108292,1373.4756699999998,1373.4756699999998,0.0,0.0,0.5028687765699781,0.5028687765699781,0.0,0,0,0,0.0,OPTIMAL,0.0
2026-01-12 00:00:00,ZONE_B,0,0.99976164,0.001508081,1393.97369,1393.97369,0.0,0.0,0.4838999897567642,0.4838999897567642,0.0,0,0,0,0.0,OPTIMAL,0.0
2026-01-12 00:15:00,ZONE_B,0,0.9997664,0.0012784135,1482.42484,1482.42484,0.0,0.0,0.5275923227943823,0.5275923227943823,0.0,0,0,0,0.0,OPTIMAL,0.0
2026-01-12 00:30:00,ZONE_B,0,0.99976164,0.003385686,1385.81119,1385.81119,0.0,0.0,0.5037518772452475,0.5037518772452475,0.0,0,0,0,0.0,OPTIMAL,0.0
2026-01-12 00:45:00,ZONE_B,0,0.99976164,0.001563627,1385.41236,1385.41236,0.0,0.0,0.5007422871142707,0.5007422871142707,0.0,0,0,0,0.0,OPTIMAL,0.0
2026-01-12 01:00:00,ZONE_B,0,0.9997625,0.0017876311,1363.88659,1363.88659,0.0,0.0,0.509599788799659,0.509599788799659,0.0,0,0,0,0.0,OPTIMAL,0.0
2026-01-12 01:15:00,ZONE_B,0,0.9997625,0.0024761092,1391.8565,1391.8565,0.0,0.0,0.5076582760611236,0.5076582760611236,0.0,0,0,0,0.0,OPTIMAL,0.0
2026-01-12 01:30:00,ZONE_B,0,0.9997923,0.045380183,1341.9448000000002,1341.9448000000002,0.0,0.0,0.5124024463599864,0.5124024463599864,0.0,0,0,0,0.0,OPTIMAL,0.0
2026-01-12 01:45:00,ZONE_B,0,0.99972445,0.08262061,1339.95325,1339.95325,0.0,0.0,0.5122689745930833,0.5122689745930833,0.0,0,0,0,0.0,OPTIMAL,0.0
2026-01-12 02:00:00,ZONE_B,0,0.9997625,0.0025115209,1364.41092,1364.41092,0.0,0.0,0.5151961726313815,0.5151961726313815,0.0,0,0,0,0.0,OPTIMAL,0.0
2026-01-12 02:15:00,ZONE_B,0,0.9997905,0.022917645,1351.84548,1351.84548,0.0,0.0,0.4966333755115267,0.4966333755115267,0.0,0,0,0,0.0,OPTIMAL,0.0
2026-01-12 02:30:00,ZONE_B,0,0.9997923,0.002748636,1357.78916,1357.78916,0.0,0.0,0.4962463426720248,0.4962463426720248,0.0,0,0,0,0.0,OPTIMAL,0.0
2026-01-12 02:45:00,ZONE_B,0,0.9997923,0.019592628,1352.67206,1352.67206,0.0,0.0,0.4903546363220065,0.4903546363220065,0.0,0,0,0,0.0,OPTIMAL,0.0
2026-01-12 03:00:00,ZONE_B,0,0.9997625,0.0028040505,1365.50343,1365.50343,0.0,0.0,0.4885761586835602,0.4885761586835602,0.0,0,0,0,0.0,OPTIMAL,0.0
2026-01-12 03:15:00,ZONE_B,0,0.99976164,0.0012784135,1421.82054,1421.82054,0.0,0.0,0.5046719494712246,0.5046719494712246,0.0,0,0,0,0.0,OPTIMAL,0.0
2026-01-12 03:30:00,ZONE_B,0,0.9997638,0.0015415591,1397.2097199999998,1397.2097199999998,0.0,0.0,0.49310558998485254,0.49310558998485254,0.0,0,0,0,0.0,OPTIMAL,0.0
2026-01-12 03:45:00,ZONE_B,0,0.9997638,0.0030326622,1391.49751,1391.49751,0.0,0.0,0.4862990851263617,0.4862990851263617,0.0,0,0,0,0.0,OPTIMAL,0.0
2026-01-12 04:00:00,ZONE_B,0,0.99978215,0.0005610941,1418.16844,1418.16844,0.0,0.0,0.49271461322803195,0.49271461322803195,0.0,0,0,0,0.0,OPTIMAL,0.0
2026-01-12 04:15:00,ZONE_B,0,0.99978644,0.0005471749,1450.50189,1450.50189,0.0,0.0,0.4881354068734797,0.4881354068734797,0.0,0,0,0,0.0,OPTIMAL,0.0
2026-01-12 04:30:00,ZONE_B,0,0.99961025,0.0012956064,1385.96357,1385.96357,0.0,0.0,0.4810180447777725,0.4810180447777725,0.0,0,0,0,0.0,OPTIMAL,0.0
2026-01-12 04:45:00,ZONE_B,0,0.99965835,0.000685457,1474.18007,1474.18007,0.0,0.0,0.4896162635010289,0.4896162635010289,0.0,0,0,0,0.0,OPTIMAL,0.0
2026-01-12 05:00:00,ZONE_B,0,0.9997682,0.0005880279,1568.06323,1568.06323,0.0,0.0,0.5435023877757471,0.5435023877757471,0.0,0,0,0,0.0,OPTIMAL,0.0
2026-01-12 05:15:00,ZONE_B,0,0.99968016,0.00034772002,1673.15502,1673.15502,0.0,0.0,0.5499677337816039,0.5499677337816039,0.0,0,0,0,0.0,OPTIMAL,0.0
2026-01-12 05:30:00,ZONE_B,0,0.99968016,0.00062412873,1695.20797,1695.20797,0.0,0.0,0.5522199259219484,0.5522199259219484,0.0,0,0,0,0.0,OPTIMAL,0.0
2026-01-12 05:45:00,ZONE_B,0,0.99966455,0.0004463181,1742.91522,1742.91522,0.0,0.0,0.594685182907528,0.594685182907528,0.0,0,0,0,0.0,OPTIMAL,0.0
2026-01-12 06:00:00,ZONE_B,0,0.99953234,0.0005397121,1722.67664,1722.67664,0.0,0.0,0.5694356083563072,0.5694356083563072,0.0,0,0,0,0.0,OPTIMAL,0.0
2026-01-12 06:15:00,ZONE_B,0,0.99956185,0.00048541048,1744.5685,1744.5685,0.0,0.0,0.5818444968161115,0.5818444968161115,0.0,0,0,0,0.0,OPTIMAL,0.0
2026-01-12 06:30:00,ZONE_B,0,0.9974421,0.0010965222,1729.65672,1729.65672,0.0,0.0,0.5896572838916715,0.5896572838916715,0.0,0,0,0,0.0,OPTIMAL,0.0
2026-01-12 06:45:00,ZONE_B,0,0.9985618,0.024182532,1735.38478,1735.38478,0.0,0.0,0.5873873627272518,0.5873873627272518,0.0,0,0,0,0.0,OPTIMAL,0.0
2026-01-12 07:00:00,ZONE_B,0,0.9928947,0.057397496,1717.0856600000002,1717.0856600000002,0.0,0.0,0.6178572346458833,0.6178572346458833,0.0,0,0,0,0.0,OPTIMAL,0.0
2026-01-12 07:15:00,ZONE_B,0,0.9568479,0.072027385,1697.42667,1697.42667,0.0,0.0,0.6076262244470483,0.6076262244470483,0.0,0,0,0,0.0,OPTIMAL,0.0
2026-01-12 07:30:00,ZONE_B,0,0.8553042,0.104836695,1688.9021999999998,1688.9021999999998,0.0,0.0,0.6202581206397181,0.6202581206397181,0.0,0,0,0,0.0,OPTIMAL,0.0
2026-01-12 07:45:00,ZONE_B,0,0.6057826,0.29118633,1676.7999999999995,1676.7999999999995,0.0,0.0,0.6428269600882397,0.6428269600882397,0.0,0,0,0,0.0,OPTIMAL,0.0
2026-01-12 08:00:00,ZONE_B,1,0.7722559,0.3855156,1699.23458,1699.23458,0.0,0.0,0.6674968453887853,0.6674968453887853,0.0,0,0,0,0.0,OPTIMAL,0.0
2026-01-12 08:15:00,ZONE_B,1,0.8029063,0.37853685,1700.1535700000002,1700.1535700000002,0.0,0.0,0.6825197232229828,0.6825197232229828,0.0,0,0,0,0.0,OPTIMAL,0.0
2026-01-12 08:30:00,ZONE_B,2,0.63158846,0.412623,1674.9214699999998,1674.9214699999998,0.0,0.0,0.713853370470551,0.713853370470551,0.0,0,0,0,0.0,OPTIMAL,0.0
2026-01-12 08:45:00,ZONE_B,2,0.6440281,0.4163325,1630.1314999999995,1630.1314999999995,0.0,0.0,0.70433357676698,0.70433357676698,0.0,0,0,0,0.0,OPTIMAL,0.0
2026-01-12 09:00:00,ZONE_B,0,0.9711567,0.57236886,1335.64586,1698.4594565297564,362.81359652975635,162.81359652975635,0.6266877980778099,0.7562640829424223,200.0,0,0,0,162.81359652975635,OPTIMAL,1639135.9652975635
2026-01-12 09:15:00,ZONE_B,0,0.77257735,0.21109238,1245.5738,1245.5738,0.0,0.0,0.60994976242848,0.60994976242848,0.0,0,0,0,0.0,OPTIMAL,0.0
2026-01-12 09:30:00,ZONE_B,1,0.92268455,0.78990406,1373.76744,1912.6786634347777,538.9112234347776,338.91122343477764,0.6665552154865091,0.8590235102429794,200.0,0,0,0,338.91122343477764,OPTIMAL,28665940.82639341
2026-01-12 09:45:00,ZONE_B,1,0.8161225,0.6203318,1261.3136,1720.7294700846,459.4158700846,259.4158700846,0.65315317938052,0.8172302763942456,200.0,0,0,0,259.4158700846,OPTIMAL,2605158.7008459996
2026-01-12 10:00:00,ZONE_B,1,0.9259592,0.37331614,1273.2448,1273.2448,0.0,0.0,0.6781862110998124,0.6781862110998124,0.0,0,0,0,0.0,OPTIMAL,0.0
2026-01-12 10:15:00,ZONE_B,0,0.9533432,0.3900013,1237.5274,1237.5274,0.0,0.0,0.6202981247818731,0.6202981247818731,0.0,0,0,0,0.0,OPTIMAL,0.0
2026-01-12 10:30:00,ZONE_B,1,0.9345061,0.54126227,1445.07206,1798.6394811269158,353.5674211269158,153.5674211269158,0.693230875418366,0.8195049547709601,200.0,0,0,0,153.5674211269158,OPTIMAL,1546674.211269158
2026-01-12 10:45:00,ZONE_B,0,0.86278737,0.55105233,1294.41095,1678.3511779568164,383.9402279568165,183.9402279568165,0.618763510401863,0.7558850207817777,200.0,0,0,0,183.9402279568165,OPTIMAL,1850402.279568165
2026-01-12 11:00:00,ZONE_B,1,0.8707701,0.44781795,1389.0843,1389.0843,0.0,0.0,0.6651985200779121,0.6651985200779121,0.0,0,0,0,0.0,OPTIMAL,0.0
2026-01-12 11:15:00,ZONE_B,0,0.98487616,0.34652975,1290.1853,1290.1853,0.0,0.0,0.6103707006676593,0.6103707006676593,0.0,0,0,0,0.0,OPTIMAL,0.0
2026-01-12 11:30:00,ZONE_B,1,0.54016536,0.6392199,1403.50604,1802.447181106574,398.941141106574,198.94114110657398,0.6479426823380852,0.790421661769169,200.0,0,0,0,198.94114110657398,OPTIMAL,2000411.4110657398
2026-01-12 11:45:00,ZONE_B,0,0.98987234,0.38599035,1300.0119,1300.0119,0.0,0.0,0.6142749851299634,0.6142749851299634,0.0,0,0,0,0.0,OPTIMAL,0.0
2026-01-12 12:00:00,ZONE_B,0,0.9604596,0.5003274,1387.3878,1688.78212386108,301.39432386107995,101.39432386107995,0.6163632722222095,0.7240041024941017,200.0,0,0,0,101.39432386107995,OPTIMAL,1024943.2386107995
2026-01-12 12:15:00,ZONE_B,2,0.6111735,0.5148369,1500.1245,1838.28023897859,338.15573897859,138.15573897859002,0.7006383638342786,0.8214082709223075,200.0,0,0,0,138.15573897859002,OPTIMAL,1392557.3897859002
2026-01-12 12:30:00,ZONE_B,0,0.8568305,0.59956574,1392.81027,1758.046730561014,365.23646056101416,165.23646056101416,0.6352558199980647,0.7656974134260821,200.0,0,0,0,165.23646056101416,OPTIMAL,1663364.6056101415
2026-01-12 12:45:00,ZONE_B,0,0.98263264,0.5470957,1325.23823,1676.350720583339,351.11249058333897,151.11249058333897,0.6281803589371008,0.7535776773276742,200.0,0,0,0,151.11249058333897,OPTIMAL,1522124.9058333896
2026-01-12 13:00:00,ZONE_B,0,0.93632543,0.6347858,1411.3513000000005,1781.9366474182204,370.58534741821995,170.58534741821995,0.6492313801692858,0.7815832903065,200.0,0,0,0,170.58534741821995,OPTIMAL,1716853.4741821995
2026-01-12 13:15:00,ZONE_B,0,0.79465044,0.49679947,1402.04515,1402.04515,0.0,0.0,0.628322405739405,0.628322405739405,0.0,0,0,0,0.0,OPTIMAL,0.0
2026-01-12 13:30:00,ZONE_B,0,0.9959229,0.56818265,1336.0488999999998,1685.5132752514598,349.46437525146,149.46437525146,0.6102428283382496,0.7350515341273812,200.0,0,0,0,149.46437525146,OPTIMAL,1505643.7525146
2026-01-12 13:45:00,ZONE_B,0,0.9849193,0.757359,1390.18844,1831.19113328744,441.00269328744,241.00269328744002,0.6173091989508046,0.7748101612627711,200.0,0,0,0,241.00269328744002,OPTIMAL,2421026.9328744
2026-01-12 14:00:00,ZONE_B,1,0.7900558,0.4048411,1506.3222,1506.3222,0.0,0.0,0.6714797855144161,0.6714797855144161,0.0,0,0,0,0.0,OPTIMAL,0.0
2026-01-12 14:15:00,ZONE_B,0,0.9970452,0.40566933,1421.5234999999998,1421.5234999999998,0.0,0.0,0.6028766897959741,0.6028766897959741,0.0,0,0,0,0.0,OPTIMAL,0.0
2026-01-12 14:30:00,ZONE_B,0,0.99823475,0.6021464,1392.4644,1717.61189478912,325.14749478912,125.14749478912,0.6119388258631715,0.7280629314429398,200.0,0,0,0,125.14749478912,OPTIMAL,1262474.9478912
2026-01-12 14:45:00,ZONE_B,0,0.98517925,0.47258186,1520.2454,1520.2454,0.0,0.0,0.6242084813524896,0.6242084813524896,0.0,0,0,0,0.0,OPTIMAL,0.0
2026-01-12 15:00:00,ZONE_B,0,0.91286135,0.3472631,1604.4168,1604.4168,0.0,0.0,0.6376962319923636,0.6376962319923636,0.0,0,0,0,0.0,OPTIMAL,0.0
2026-01-12 15:15:00,ZONE_B,0,0.8717864,0.23120467,1635.65407,1635.65407,0.0,0.0,0.6269282881609398,0.6269282881609398,0.0,0,0,0,0.0,OPTIMAL,0.0
2026-01-12 15:30:00,ZONE_B,0,0.9070352,0.09325485,1668.0457,1668.0457,0.0,0.0,0.6182562046000111,0.6182562046000111,0.0,0,0,0,0.0,OPTIMAL,0.0
2026-01-12 15:45:00,ZONE_B,0,0.908602,0.13270241,1687.0217,1687.0217,0.0,0.0,0.600344460784203,0.600344460784203,0.0,0,0,0,0.0,OPTIMAL,0.0
2026-01-12 16:00:00,ZONE_B,2,0.7653686,0.045928594,1961.1112,1961.1112,0.0,0.0,0.7458550540455202,0.7458550540455202,0.0,0,0,0,0.0,OPTIMAL,0.0
2026-01-12 16:15:00,ZONE_B,2,0.5810469,0.0012452798,1973.92934,1973.92934,0.0,0.0,0.7094841122992152,0.7094841122992152,0.0,0,0,0,0.0,OPTIMAL,0.0
2026-01-12 16:30:00,ZONE_B,2,0.62926555,0.002377029,2119.93842,2119.93842,0.0,0.0,0.7214458061082434,0.7214458061082434,0.0,0,0,0,0.0,OPTIMAL,0.0
2026-01-12 16:45:00,ZONE_B,2,0.77985674,0.0011672843,2063.5083,2063.5083,0.0,0.0,0.7243614630807037,0.7243614630807037,0.0,0,0,0,0.0,OPTIMAL,0.0
2026-01-12 17:00:00,ZONE_B,2,0.9446934,0.0008532282,2252.52872,2252.52872,0.0,0.0,0.7216721433439978,0.7216721433439978,0.0,0,0,0,0.0,OPTIMAL,0.0
2026-01-12 17:15:00,ZONE_B,2,0.93979347,0.00075356284,2250.858358,2250.858358,0.0,0.0,0.7251175618081733,0.7251175618081733,0.0,0,0,0,0.0,OPTIMAL,0.0
2026-01-12 17:30:00,ZONE_B,2,0.9032411,0.0009860684,2298.183445,2298.183445,0.0,0.0,0.7245260997213065,0.7245260997213065,0.0,0,0,0,0.0,OPTIMAL,0.0
2026-01-12 17:45:00,ZONE_B,2,0.8820682,0.0009860684,2298.625863,2298.625863,0.0,0.0,0.7279013608457976,0.7279013608457976,0.0,0,0,0,0.0,OPTIMAL,0.0
2026-01-12 18:00:00,ZONE_B,2,0.91911405,0.0007192104,2210.545877,2210.545877,0.0,0.0,0.7190119415726353,0.7190119415726353,0.0,0,0,0,0.0,OPTIMAL,0.0
2026-01-12 18:15:00,ZONE_B,0,0.87385046,0.00080571347,2054.656262,2054.656262,0.0,0.0,0.6086738624819215,0.6086738624819215,0.0,0,0,0,0.0,OPTIMAL,0.0
2026-01-12 18:30:00,ZONE_B,0,0.95431864,0.0007670862,2008.400313,2008.400313,0.0,0.0,0.6095245749279047,0.6095245749279047,0.0,0,0,0,0.0,OPTIMAL,0.0
2026-01-12 18:45:00,ZONE_B,0,0.923262,0.00072004844,2031.826575,2031.826575,0.0,0.0,0.6097049502325581,0.6097049502325581,0.0,0,0,0,0.0,OPTIMAL,0.0
2026-01-12 19:00:00,ZONE_B,0,0.92516714,0.0007670862,2010.01625,2010.01625,0.0,0.0,0.6094140990180067,0.6094140990180067,0.0,0,0,0,0.0,OPTIMAL,0.0
2026-01-12 19:15:00,ZONE_B,0,0.9986551,0.0012224463,2003.3977724,2003.3977724,0.0,0.0,0.602872489688444,0.602872489688444,0.0,0,0,0,0.0,OPTIMAL,0.0
2026-01-12 19:30:00,ZONE_B,0,0.99854726,0.00090764824,1993.782327,1993.782327,0.0,0.0,0.6067701023551804,0.6067701023551804,0.0,0,0,0,0.0,OPTIMAL,0.0
2026-01-12 19:45:00,ZONE_B,0,0.99856263,0.0012224463,2001.720906,2001.720906,0.0,0.0,0.6179838701944289,0.6179838701944289,0.0,0,0,0,0.0,OPTIMAL,0.0
2026-01-12 20:00:00,ZONE_B,0,0.99978334,0.0011275773,1874.198407,1874.198407,0.0,0.0,0.5742444139193893,0.5742444139193893,0.0,0,0,0,0.0,OPTIMAL,0.0
2026-01-12 20:15:00,ZONE_B,0,0.99982136,0.0012757344,1848.4842,1848.4842,0.0,0.0,0.5590660642015177,0.5590660642015177,0.0,0,0,0,0.0,OPTIMAL,0.0
2026-01-12 20:30:00,ZONE_B,0,0.9998115,0.0012757344,1827.070575,1827.070575,0.0,0.0,0.5438689005951909,0.5438689005951909,0.0,0,0,0,0.0,OPTIMAL,0.0
2026-01-12 20:45:00,ZONE_B,0,0.9998053,0.001709976,1826.698611,1826.698611,0.0,0.0,0.5359610175315788,0.5359610175315788,0.0,0,0,0,0.0,OPTIMAL,0.0
2026-01-12 21:00:00,ZONE_B,0,0.9998331,0.0014447991,1796.609529,1796.609529,0.0,0.0,0.5374480114169954,0.5374480114169954,0.0,0,0,0,0.0,OPTIMAL,0.0
2026-01-12 21:15:00,ZONE_B,0,0.999859,0.0006330168,1778.646511,1778.646511,0.0,0.0,0.5329456940290167,0.5329456940290167,0.0,0,0,0,0.0,OPTIMAL,0.0
2026-01-12 21:30:00,ZONE_B,0,0.9998486,0.0006207864,1702.878696,1702.878696,0.0,0.0,0.5089994203426709,0.5089994203426709,0.0,0,0,0,0.0,OPTIMAL,0.0
2026-01-12 21:45:00,ZONE_B,0,0.9998498,0.0006207864,1715.611384,1715.611384,0.0,0.0,0.5162678701615461,0.5162678701615461,0.0,0,0,0,0.0,OPTIMAL,0.0
2026-01-12 22:00:00,ZONE_B,0,0.99984455,0.0006207864,1708.87333,1708.87333,0.0,0.0,0.4947801844375762,0.4947801844375762,0.0,0,0,0,0.0,OPTIMAL,0.0
2026-01-12 22:15:00,ZONE_B,0,0.9998467,0.0006207864,1675.109911,1675.109911,0.0,0.0,0.500403793404155,0.500403793404155,0.0,0,0,0,0.0,OPTIMAL,0.0
2026-01-12 22:30:00,ZONE_B,0,0.99984086,0.0006207864,1626.649896,1626.649896,0.0,0.0,0.4854667787981186,0.4854667787981186,0.0,0,0,0,0.0,OPTIMAL,0.0
2026-01-12 22:45:00,ZONE_B,0,0.9998399,0.0006207864,1644.434239,1644.434239,0.0,0.0,0.4944140429659411,0.4944140429659411,0.0,0,0,0,0.0,OPTIMAL,0.0
2026-01-12 23:00:00,ZONE_B,0,0.9998379,0.0006207864,1622.728736,1622.728736,0.0,0.0,0.46655597681840777,0.46655597681840777,0.0,0,0,0,0.0,OPTIMAL,0.0
2026-01-12 23:15:00,ZONE_B,0,0.99984086,0.0006207864,1620.905257,1620.905257,0.0,0.0,0.4845590425766135,0.4845590425766135,0.0,0,0,0,0.0,OPTIMAL,0.0
2026-01-12 23:30:00,ZONE_B,0,0.99984086,0.00049562095,1608.504671,1608.504671,0.0,0.0,0.4719993626342678,0.4719993626342678,0.0,0,0,0,0.0,OPTIMAL,0.0
2026-01-12 23:45:00,ZONE_B,0,0.9998481,0.0006207864,1619.3265814,1619.3265814,0.0,0.0,0.4644294379497571,0.4644294379497571,0.0,0,0,0,0.0,OPTIMAL,0.0
2026-01-13 00:00:00,ZONE_B,0,0.99984086,0.0005717237,1582.235128,1582.235128,0.0,0.0,0.4802794435114145,0.4802794435114145,0.0,0,0,0,0.0,OPTIMAL,0.0
2026-01-13 00:15:00,ZONE_B,0,0.99984086,0.00049562095,1583.838877,1583.838877,0.0,0.0,0.4582051829597106,0.4582051829597106,0.0,0,0,0,0.0,OPTIMAL,0.0
2026-01-13 00:30:00,ZONE_B,0,0.9998399,0.000655667,1596.792645,1596.792645,0.0,0.0,0.4643182312395307,0.4643182312395307,0.0,0,0,0,0.0,OPTIMAL,0.0
2026-01-13 00:45:00,ZONE_B,0,0.99984086,0.0005717237,1591.048061,1591.048061,0.0,0.0,0.469906159691601,0.469906159691601,0.0,0,0,0,0.0,OPTIMAL,0.0
2026-01-13 01:00:00,ZONE_B,0,0.99984086,0.00049562095,1580.49894,1580.49894,0.0,0.0,0.4884230250574938,0.4884230250574938,0.0,0,0,0,0.0,OPTIMAL,0.0
2026-01-13 01:15:00,ZONE_B,0,0.99984086,0.0007574434,1583.144036,1583.144036,0.0,0.0,0.4729641947052823,0.4729641947052823,0.0,0,0,0,0.0,OPTIMAL,0.0
2026-01-13 01:30:00,ZONE_B,0,0.9998429,0.00056016166,1574.385299,1574.385299,0.0,0.0,0.47252939178269066,0.47252939178269066,0.0,0,0,0,0.0,OPTIMAL,0.0
2026-01-13 01:45:00,ZONE_B,0,0.9998429,0.000655667,1583.503683,1583.503683,0.0,0.0,0.4750991404501162,0.4750991404501162,0.0,0,0,0,0.0,OPTIMAL,0.0
2026-01-13 02:00:00,ZONE_B,0,0.99984086,0.00050272327,1578.62201,1578.62201,0.0,0.0,0.4617504091990392,0.4617504091990392,0.0,0,0,0,0.0,OPTIMAL,0.0
2026-01-13 02:15:00,ZONE_B,0,0.99984086,0.0006650615,1570.579482,1570.579482,0.0,0.0,0.4706694066174283,0.4706694066174283,0.0,0,0,0,0.0,OPTIMAL,0.0
2026-01-13 02:30:00,ZONE_B,0,0.99983096,0.0007015363,1574.218608,1574.218608,0.0,0.0,0.4676453177678615,0.4676453177678615,0.0,0,0,0,0.0,OPTIMAL,0.0
2026-01-13 02:45:00,ZONE_B,0,0.9998441,0.000730409,1557.281427,1557.281427,0.0,0.0,0.4588326300109359,0.4588326300109359,0.0,0,0,0,0.0,OPTIMAL,0.0
2026-01-13 03:00:00,ZONE_B,0,0.99984217,0.0007574434,1573.156958,1573.156958,0.0,0.0,0.4635350440194764,0.4635350440194764,0.0,0,0,0,0.0,OPTIMAL,0.0
2026-01-13 03:15:00,ZONE_B,0,0.9997708,0.0005957982,1576.814229,1576.814229,0.0,0.0,0.464409488909115,0.464409488909115,0.0,0,0,0,0.0,OPTIMAL,0.0
2026-01-13 03:30:00,ZONE_B,0,0.99982893,0.0014105076,1589.4584229999998,1589.4584229999998,0.0,0.0,0.47075978574748356,0.47075978574748356,0.0,0,0,0,0.0,OPTIMAL,0.0
2026-01-13 03:45:00,ZONE_B,0,0.9998419,0.0007420834,1584.067374,1584.067374,0.0,0.0,0.4588155967798369,0.4588155967798369,0.0,0,0,0,0.0,OPTIMAL,0.0
2026-01-13 04:00:00,ZONE_B,0,0.99984086,0.0007420834,1583.085018,1583.085018,0.0,0.0,0.46009256845297175,0.46009256845297175,0.0,0,0,0,0.0,OPTIMAL,0.0
2026-01-13 04:15:00,ZONE_B,0,0.9998379,0.00056016166,1589.2021610000002,1589.2021610000002,0.0,0.0,0.4678688650113983,0.4678688650113983,0.0,0,0,0,0.0,OPTIMAL,0.0
2026-01-13 04:30:00,ZONE_B,0,0.9997694,0.0008458146,1563.027085,1563.027085,0.0,0.0,0.4548481441910085,0.4548481441910085,0.0,0,0,0,0.0,OPTIMAL,0.0
2026-01-13 04:45:00,ZONE_B,0,0.9998399,0.0007574434,1575.373491,1575.373491,0.0,0.0,0.45505147015499464,0.45505147015499464,0.0,0,0,0,0.0,OPTIMAL,0.0
2026-01-13 05:00:00,ZONE_B,0,0.9998462,0.00075739756,1764.160155,1764.160155,0.0,0.0,0.5378495769752755,0.5378495769752755,0.0,0,0,0,0.0,OPTIMAL,0.0
2026-01-13 05:15:00,ZONE_B,0,0.99984527,0.000655667,1815.515067,1815.515067,0.0,0.0,0.5545762329808489,0.5545762329808489,0.0,0,0,0,0.0,OPTIMAL,0.0
2026-01-13 05:30:00,ZONE_B,0,0.99977416,0.00092469563,1808.31381,1808.31381,0.0,0.0,0.5381583180953063,0.5381583180953063,0.0,0,0,0,0.0,OPTIMAL,0.0
2026-01-13 05:45:00,ZONE_B,0,0.9998424,0.00075739756,1842.66524,1842.66524,0.0,0.0,0.5622489969318892,0.5622489969318892,0.0,0,0,0,0.0,OPTIMAL,0.0
2026-01-13 06:00:00,ZONE_B,0,0.9997447,0.00067248865,1879.488324,1879.488324,0.0,0.0,0.5705259701397659,0.5705259701397659,0.0,0,0,0,0.0,OPTIMAL,0.0
2026-01-13 06:15:00,ZONE_B,0,0.99949217,0.000612559,1857.7442,1857.7442,0.0,0.0,0.6071291864265224,0.6071291864265224,0.0,0,0,0,0.0,OPTIMAL,0.0
2026-01-13 06:30:00,ZONE_B,0,0.9994351,0.00066464714,1851.54246,1851.54246,0.0,0.0,0.5997458059838747,0.5997458059838747,0.0,0,0,0,0.0,OPTIMAL,0.0
2026-01-13 06:45:00,ZONE_B,0,0.99804544,0.0005862411,1843.25562,1843.25562,0.0,0.0,0.5854982639268473,0.5854982639268473,0.0,0,0,0,0.0,OPTIMAL,0.0
2026-01-13 07:00:00,ZONE_B,0,0.9973182,0.0044923513,1795.25758,1795.25758,0.0,0.0,0.5911427124925697,0.5911427124925697,0.0,0,0,0,0.0,OPTIMAL,0.0
2026-01-13 07:15:00,ZONE_B,0,0.7934236,0.07105577,1787.0672,1787.0672,0.0,0.0,0.6356783276613474,0.6356783276613474,0.0,0,0,0,0.0,OPTIMAL,0.0
2026-01-13 07:30:00,ZONE_B,0,0.8404297,0.069439776,1759.15255,1759.15255,0.0,0.0,0.6243312380758254,0.6243312380758254,0.0,0,0,0,0.0,OPTIMAL,0.0
2026-01-13 07:45:00,ZONE_B,0,0.81518614,0.08685229,1740.9827,1740.9827,0.0,0.0,0.626242629823,0.626242629823,0.0,0,0,0,0.0,OPTIMAL,0.0
2026-01-13 08:00:00,ZONE_B,1,0.5261655,0.34440818,1752.7283599999998,1752.7283599999998,0.0,0.0,0.6797182948702,0.6797182948702,0.0,0,0,0,0.0,OPTIMAL,0.0
2026-01-13 08:15:00,ZONE_B,1,0.7976776,0.47809216,1752.6256399999995,1752.6256399999995,0.0,0.0,0.6540979535452615,0.6540979535452615,0.0,0,0,0,0.0,OPTIMAL,0.0
2026-01-13 08:30:00,ZONE_B,1,0.8247473,0.67403126,1726.0841,2057.618238181176,331.534138181176,131.534138181176,0.6908876571777608,0.8092927068433654,200.0,0,0,0,131.534138181176,OPTIMAL,1326341.38181176
2026-01-13 08:45:00,ZONE_B,1,0.85682833,0.63850313,1692.95496,2023.2734698911631,330.3185098911632,130.31850989116322,0.6752294691641547,0.7932003658694909,200.0,0,0,0,130.31850989116322,OPTIMAL,1314185.098911632
2026-01-13 09:00:00,ZONE_B,0,0.9962005,0.49871287,1397.9429,1397.9429,0.0,0.0,0.5904989707175359,0.5904989707175359,0.0,0,0,0,0.0,OPTIMAL,0.0
2026-01-13 09:15:00,ZONE_B,0,0.95598364,0.7775607,1402.8184,1871.7997818650801,468.98138186508004,268.98138186508004,0.6255364884394895,0.7930298395898115,200.0,0,0,0,268.98138186508004,OPTIMAL,2700813.8186508003
2026-01-13 09:30:00,ZONE_B,0,0.995893,0.82202786,1315.24825,1833.104223568675,517.855973568675,317.85597356867504,0.6042923793793066,0.7892409419664407,200.0,0,0,0,317.85597356867504,OPTIMAL,3189559.7356867506
2026-01-13 09:45:00,ZONE_B,1,0.71154,0.6189732,1349.71864,1771.0124488659521,421.29380886595203,221.29380886595203,0.6520966611565189,0.8025587362147891,200.0,0,0,0,221.29380886595203,OPTIMAL,2223938.0886595203
2026-01-13 10:00:00,ZONE_B,0,0.90673596,0.6555838,1325.5839,1780.51060955718,454.92670955718006,254.92670955718006,0.6453552446795757,0.8078290699181861,200.0,0,0,0,254.92670955718006,OPTIMAL,2560267.0955718006
2026-01-13 10:15:00,ZONE_B,1,0.6409303,0.7011509,1404.7945,1861.4188132797299,456.62431327972996,256.62431327972996,0.6465743762597157,0.809654488580837,200.0,0,0,0,256.62431327972996,OPTIMAL,2577243.1327972994
2026-01-13 10:30:00,ZONE_B,0,0.9631751,0.41129458,1308.9185000000002,1308.9185000000002,0.0,0.0,0.6266574423309443,0.6266574423309443,0.0,0,0,0,0.0,OPTIMAL,0.0
2026-01-13 10:45:00,ZONE_B,1,0.8641753,0.53383285,1408.0252,1749.1104927640251,341.08529276402504,141.08529276402504,0.6612722970284465,0.7830884733657418,200.0,0,0,0,141.08529276402504,OPTIMAL,1421852.9276402504
2026-01-13 11:00:00,ZONE_B,0,0.93616366,0.62052065,1340.6605,1743.14794048059,402.48744048059,202.48744048059,0.6239380880105009,0.767683602873177,200.0,0,0,0,202.48744048059,OPTIMAL,2035874.4048059
2026-01-13 11:15:00,ZONE_B,0,0.9829842,0.71353525,1338.5117999999998,1791.1099205089497,452.59812050895,252.59812050895,0.6031059962494144,0.7647481826028265,200.0,0,0,0,252.59812050895,OPTIMAL,2536981.2050894997
2026-01-13 11:30:00,ZONE_B,0,0.9822343,0.5390198,1406.4959399999998,1719.7478681309879,313.25192813098806,113.25192813098806,0.622990405550535,0.7348660944684047,200.0,0,0,0,113.25192813098806,OPTIMAL,1143519.2813098805
2026-01-13 11:45:00,ZONE_B,0,0.91845524,0.4823264,1456.7496,1456.7496,0.0,0.0,0.6399775471396416,0.6399775471396416,0.0,0,0,0,0.0,OPTIMAL,0.0
2026-01-13 12:00:00,ZONE_B,0,0.9866986,0.72923696,1380.44494,1823.5998049405537,443.1548649405536,243.15486494055358,0.6265475475277857,0.7848171425702726,200.0,0,0,0,243.15486494055358,OPTIMAL,2442548.649405536
2026-01-13 12:15:00,ZONE_B,0,0.9964265,0.5302549,1402.9428,1708.6193724579,305.67657245789997,105.67657245789997,0.620791781056732,0.7299619857810434,200.0,0,0,0,105.67657245789997,OPTIMAL,1067765.7245789997
2026-01-13 12:30:00,ZONE_B,0,0.98806053,0.8315348,1394.4674,1873.45905175536,478.99165175535995,278.99165175535995,0.607626627607576,0.7786950751168127,200.0,0,0,0,278.99165175535995,OPTIMAL,2800916.5175535996
2026-01-13 12:45:00,ZONE_B,0,0.99801266,0.4620162,1403.22153,1403.22153,0.0,0.0,0.5969477283759276,0.5969477283759276,0.0,0,0,0,0.0,OPTIMAL,0.0
2026-01-13 13:00:00,ZONE_B,0,0.9900653,0.38477412,1436.37685,1436.37685,0.0,0.0,0.6043241150583356,0.6043241150583356,0.0,0,0,0,0.0,OPTIMAL,0.0
2026-01-13 13:15:00,ZONE_B,0,0.58995646,0.4512406,1508.97136,1508.97136,0.0,0.0,0.6519739162352033,0.6519739162352033,0.0,0,0,0,0.0,OPTIMAL,0.0
2026-01-13 13:30:00,ZONE_B,0,0.99753845,0.61998135,1441.3697,1755.25559382578,313.88589382578,113.88589382577999,0.5943377019950951,0.7064398072185762,200.0,0,0,0,113.88589382577999,OPTIMAL,1149858.9382578
2026-01-13 13:45:00,ZONE_B,0,0.99921584,0.7510255,1436.173,1820.7102226131,384.5372226131,184.53722261310003,0.5840275362674898,0.7213622589700481,200.0,0,0,0,184.53722261310003,OPTIMAL,1856372.2261310003
2026-01-13 14:00:00,ZONE_B,0,0.999183,0.27141836,1500.71417,1500.71417,0.0,0.0,0.5809585431083678,0.5809585431083678,0.0,0,0,0,0.0,OPTIMAL,0.0
2026-01-13 14:15:00,ZONE_B,0,0.9940895,0.107384905,1618.4558499999998,1618.4558499999998,0.0,0.0,0.6004307459406906,0.6004307459406906,0.0,0,0,0,0.0,OPTIMAL,0.0
2026-01-13 14:30:00,ZONE_B,0,0.99919456,0.057096746,1582.50108,1582.50108,0.0,0.0,0.5726275957580524,0.5726275957580524,0.0,0,0,0,0.0,OPTIMAL,0.0
2026-01-13 14:45:00,ZONE_B,0,0.99854904,0.041377362,1660.83803,1660.83803,0.0,0.0,0.6008624506198704,0.6008624506198704,0.0,0,0,0,0.0,OPTIMAL,0.0
2026-01-13 15:00:00,ZONE_B,0,0.9975763,0.017074158,1711.47672,1711.47672,0.0,0.0,0.5933242786866804,0.5933242786866804,0.0,0,0,0,0.0,OPTIMAL,0.0
2026-01-13 15:15:00,ZONE_B,0,0.9926213,0.041401908,1774.78794,1774.78794,0.0,0.0,0.6155806360094322,0.6155806360094322,0.0,0,0,0,0.0,OPTIMAL,0.0
2026-01-13 15:30:00,ZONE_B,0,0.99484044,0.0009830217,1818.55302,1818.55302,0.0,0.0,0.6043026887134986,0.6043026887134986,0.0,0,0,0,0.0,OPTIMAL,0.0
2026-01-13 15:45:00,ZONE_B,0,0.683443,0.0010783528,1901.09987,1901.09987,0.0,0.0,0.6707426946431058,0.6707426946431058,0.0,0,0,0,0.0,OPTIMAL,0.0
2026-01-13 16:00:00,ZONE_B,0,0.9966767,0.0009725555,1881.37862,1881.37862,0.0,0.0,0.605250202460777,0.605250202460777,0.0,0,0,0,0.0,OPTIMAL,0.0
2026-01-13 16:15:00,ZONE_B,0,0.99583924,0.0015743611,1904.71149,1904.71149,0.0,0.0,0.6133168105607034,0.6133168105607034,0.0,0,0,0,0.0,OPTIMAL,0.0
2026-01-13 16:30:00,ZONE_B,0,0.99725777,0.0013392013,1941.10526,1941.10526,0.0,0.0,0.5986845116349331,0.5986845116349331,0.0,0,0,0,0.0,OPTIMAL,0.0
2026-01-13 16:45:00,ZONE_B,0,0.9978423,0.001326067,1945.760037,1945.760037,0.0,0.0,0.6004211171477711,0.6004211171477711,0.0,0,0,0,0.0,OPTIMAL,0.0
2026-01-13 17:00:00,ZONE_B,0,0.99885905,0.0008001416,1972.9709564,1972.9709564,0.0,0.0,0.592670006582662,0.592670006582662,0.0,0,0,0,0.0,OPTIMAL,0.0
2026-01-13 17:15:00,ZONE_B,0,0.9980773,0.0008547763,1996.1545,1996.1545,0.0,0.0,0.6123807239396968,0.6123807239396968,0.0,0,0,0,0.0,OPTIMAL,0.0
2026-01-13 17:30:00,ZONE_B,0,0.99917185,0.00072955096,1992.9603374,1992.9603374,0.0,0.0,0.5991260267049839,0.5991260267049839,0.0,0,0,0,0.0,OPTIMAL,0.0
2026-01-13 17:45:00,ZONE_B,0,0.99923325,0.0012311497,1991.8698305,1991.8698305,0.0,0.0,0.6004355701116391,0.6004355701116391,0.0,0,0,0,0.0,OPTIMAL,0.0
2026-01-13 18:00:00,ZONE_B,0,0.9992466,0.0007457194,1998.6717195,1998.6717195,0.0,0.0,0.6079635579800473,0.6079635579800473,0.0,0,0,0,0.0,OPTIMAL,0.0
2026-01-13 18:15:00,ZONE_B,0,0.9987532,0.00104702,1985.198057,1985.198057,0.0,0.0,0.6110007142950964,0.6110007142950964,0.0,0,0,0,0.0,OPTIMAL,0.0
2026-01-13 18:30:00,ZONE_B,0,0.99933475,0.0010269377,1990.606166,1990.606166,0.0,0.0,0.6089037808722065,0.6089037808722065,0.0,0,0,0,0.0,OPTIMAL,0.0
2026-01-13 18:45:00,ZONE_B,0,0.99910283,0.0010586457,1994.4813126,1994.4813126,0.0,0.0,0.6001776349248037,0.6001776349248037,0.0,0,0,0,0.0,OPTIMAL,0.0
2026-01-13 19:00:00,ZONE_B,0,0.99832433,0.0012571256,2004.75681098,2004.75681098,0.0,0.0,0.6039907026192566,0.6039907026192566,0.0,0,0,0,0.0,OPTIMAL,0.0
2026-01-13 19:15:00,ZONE_B,0,0.99803466,0.0012817035,1992.72703,1992.72703,0.0,0.0,0.6132703557010803,0.6132703557010803,0.0,0,0,0,0.0,OPTIMAL,0.0
2026-01-13 19:30:00,ZONE_B,0,0.9986551,0.00090764824,1997.6797061,1997.6797061,0.0,0.0,0.623457730034303,0.623457730034303,0.0,0,0,0,0.0,OPTIMAL,0.0
2026-01-13 19:45:00,ZONE_B,0,0.9992937,0.0010269377,1998.7301653,1998.7301653,0.0,0.0,0.613002056513576,0.613002056513576,0.0,0,0,0,0.0,OPTIMAL,0.0
2026-01-13 20:00:00,ZONE_B,0,0.9998356,0.00094722677,1897.163327,1897.163327,0.0,0.0,0.5841450127543593,0.5841450127543593,0.0,0,0,0,0.0,OPTIMAL,0.0
2026-01-13 20:15:00,ZONE_B,0,0.99961567,0.0010865906,1862.62409,1862.62409,0.0,0.0,0.551677799979682,0.551677799979682,0.0,0,0,0,0.0,OPTIMAL,0.0
2026-01-13 20:30:00,ZONE_B,0,0.9997893,0.001088556,1861.682992,1861.682992,0.0,0.0,0.5672274130963377,0.5672274130963377,0.0,0,0,0,0.0,OPTIMAL,0.0
2026-01-13 20:45:00,ZONE_B,0,0.99979764,0.0009065429,1841.630727,1841.630727,0.0,0.0,0.5418566075998257,0.5418566075998257,0.0,0,0,0,0.0,OPTIMAL,0.0
2026-01-13 21:00:00,ZONE_B,0,0.9998161,0.0012528015,1803.4373347,1803.4373347,0.0,0.0,0.5378127153835087,0.5378127153835087,0.0,0,0,0,0.0,OPTIMAL,0.0
2026-01-13 21:15:00,ZONE_B,0,0.9997898,0.00046011087,1773.95213,1773.95213,0.0,0.0,0.5401684889713145,0.5401684889713145,0.0,0,0,0,0.0,OPTIMAL,0.0
2026-01-13 21:30:00,ZONE_B,0,0.9998227,0.0003841247,1751.978283,1751.978283,0.0,0.0,0.5107240770146262,0.5107240770146262,0.0,0,0,0,0.0,OPTIMAL,0.0
2026-01-13 21:45:00,ZONE_B,0,0.9998294,0.0006207864,1715.2596549,1715.2596549,0.0,0.0,0.5050305150204681,0.5050305150204681,0.0,0,0,0,0.0,OPTIMAL,0.0
2026-01-13 22:00:00,ZONE_B,0,0.9998294,0.0006207864,1706.6242534,1706.6242534,0.0,0.0,0.4948233414075567,0.4948233414075567,0.0,0,0,0,0.0,OPTIMAL,0.0
2026-01-13 22:15:00,ZONE_B,0,0.99984455,0.00046085293,1687.358789,1687.358789,0.0,0.0,0.4926804682007457,0.4926804682007457,0.0,0,0,0,0.0,OPTIMAL,0.0
2026-01-13 22:30:00,ZONE_B,0,0.99977106,0.00070607406,1660.8458,1660.8458,0.0,0.0,0.4856129670677409,0.4856129670677409,0.0,0,0,0,0.0,OPTIMAL,0.0
2026-01-13 22:45:00,ZONE_B,0,0.9998229,0.00046085293,1631.4043893,1631.4043893,0.0,0.0,0.4641779395771384,0.4641779395771384,0.0,0,0,0,0.0,OPTIMAL,0.0
2026-01-13 23:00:00,ZONE_B,0,0.9998229,0.00046085293,1615.642287,1615.642287,0.0,0.0,0.47284197532253397,0.47284197532253397,0.0,0,0,0,0.0,OPTIMAL,0.0
2026-01-13 23:15:00,ZONE_B,0,0.9998147,0.00057364505,1611.9778232,1611.9778232,0.0,0.0,0.4623933644203682,0.4623933644203682,0.0,0,0,0,0.0,OPTIMAL,0.0
2026-01-13 23:30:00,ZONE_B,0,0.9997737,0.00056372234,1611.94970315,1611.94970315,0.0,0.0,0.4644520570740773,0.4644520570740773,0.0,0,0,0,0.0,OPTIMAL,0.0
2026-01-13 23:45:00,ZONE_B,0,0.99985266,0.00042442512,1605.782406,1605.782406,0.0,0.0,0.4719649396420374,0.4719649396420374,0.0,0,0,0,0.0,OPTIMAL,0.0
2026-01-14 00:00:00,ZONE_B,0,0.9998504,0.00048675205,1600.4431553000002,1600.4431553000002,0.0,0.0,0.4878261157751339,0.4878261157751339,0.0,0,0,0,0.0,OPTIMAL,0.0
2026-01-14 00:15:00,ZONE_B,0,0.999833,0.0007994968,1603.0538277,1603.0538277,0.0,0.0,0.4758487665609591,0.4758487665609591,0.0,0,0,0,0.0,OPTIMAL,0.0
2026-01-14 00:30:00,ZONE_B,0,0.9998481,0.00041584068,1595.997921,1595.997921,0.0,0.0,0.4673478949099891,0.4673478949099891,0.0,0,0,0,0.0,OPTIMAL,0.0
2026-01-14 00:45:00,ZONE_B,0,0.9998229,0.0005690788,1598.8813453,1598.8813453,0.0,0.0,0.4561634382152757,0.4561634382152757,0.0,0,0,0,0.0,OPTIMAL,0.0
2026-01-14 01:00:00,ZONE_B,0,0.9998229,0.00037319533,1596.9437526,1596.9437526,0.0,0.0,0.4553323835007043,0.4553323835007043,0.0,0,0,0,0.0,OPTIMAL,0.0
2026-01-14 01:15:00,ZONE_B,0,0.9998229,0.0007063992,1605.8208256,1605.8208256,0.0,0.0,0.4722787987282223,0.4722787987282223,0.0,0,0,0,0.0,OPTIMAL,0.0
2026-01-14 01:30:00,ZONE_B,0,0.99982506,0.000562884,1599.7825733,1599.7825733,0.0,0.0,0.4654320255892789,0.4654320255892789,0.0,0,0,0,0.0,OPTIMAL,0.0
2026-01-14 01:45:00,ZONE_B,0,0.99983025,0.0005509177,1599.4345828,1599.4345828,0.0,0.0,0.46687323567030364,0.46687323567030364,0.0,0,0,0,0.0,OPTIMAL,0.0
2026-01-14 02:00:00,ZONE_B,0,0.999833,0.00081604416,1599.4649304,1599.4649304,0.0,0.0,0.45195540110428983,0.45195540110428983,0.0,0,0,0,0.0,OPTIMAL,0.0
2026-01-14 02:15:00,ZONE_B,0,0.999843,0.001226754,1590.6681540000002,1590.6681540000002,0.0,0.0,0.4628145299238079,0.4628145299238079,0.0,0,0,0,0.0,OPTIMAL,0.0
2026-01-14 02:30:00,ZONE_B,0,0.999841,0.00041584068,1582.435572,1582.435572,0.0,0.0,0.453265731927629,0.453265731927629,0.0,0,0,0,0.0,OPTIMAL,0.0
2026-01-14 02:45:00,ZONE_B,0,0.99984086,0.000562884,1583.769907,1583.769907,0.0,0.0,0.4664617099251447,0.4664617099251447,0.0,0,0,0,0.0,OPTIMAL,0.0
2026-01-14 03:00:00,ZONE_B,0,0.9998379,0.0007420834,1591.391383,1591.391383,0.0,0.0,0.4721169900508228,0.4721169900508228,0.0,0,0,0,0.0,OPTIMAL,0.0
2026-01-14 03:15:00,ZONE_B,0,0.9998229,0.0007420834,1597.345865,1597.345865,0.0,0.0,0.4730796099784188,0.4730796099784188,0.0,0,0,0,0.0,OPTIMAL,0.0
2026-01-14 03:30:00,ZONE_B,0,0.99982506,0.0005509177,1596.921284,1596.921284,0.0,0.0,0.467759404364943,0.467759404364943,0.0,0,0,0,0.0,OPTIMAL,0.0
2026-01-14 03:45:00,ZONE_B,0,0.99984086,0.0005717237,1577.5575419999998,1577.5575419999998,0.0,0.0,0.4782371579699018,0.4782371579699018,0.0,0,0,0,0.0,OPTIMAL,0.0
2026-01-14 04:00:00,ZONE_B,0,0.99984086,0.000655667,1576.42359,1576.42359,0.0,0.0,0.4679023090088175,0.4679023090088175,0.0,0,0,0,0.0,OPTIMAL,0.0
2026-01-14 04:15:00,ZONE_B,0,0.99984086,0.00048675205,1576.892393,1576.892393,0.0,0.0,0.4667354764261411,0.4667354764261411,0.0,0,0,0,0.0,OPTIMAL,0.0
2026-01-14 04:30:00,ZONE_B,0,0.99984086,0.00077389216,1567.599013,1567.599013,0.0,0.0,0.4562099563584005,0.4562099563584005,0.0,0,0,0,0.0,OPTIMAL,0.0
2026-01-14 04:45:00,ZONE_B,0,0.9998429,0.000655667,1593.9586740000002,1593.9586740000002,0.0,0.0,0.4632740170928015,0.4632740170928015,0.0,0,0,0,0.0,OPTIMAL,0.0
2026-01-14 05:00:00,ZONE_B,0,0.9998473,0.000655667,1795.98722,1795.98722,0.0,0.0,0.5342659956229114,0.5342659956229114,0.0,0,0,0,0.0,OPTIMAL,0.0
2026-01-14 05:15:00,ZONE_B,0,0.9998472,0.0006808372,1813.77132,1813.77132,0.0,0.0,0.5426724222267721,0.5426724222267721,0.0,0,0,0,0.0,OPTIMAL,0.0
2026-01-14 05:30:00,ZONE_B,0,0.99985945,0.0006901332,1806.293042,1806.293042,0.0,0.0,0.5566644953181502,0.5566644953181502,0.0,0,0,0,0.0,OPTIMAL,0.0
2026-01-14 05:45:00,ZONE_B,0,0.99983644,0.0006610583,1806.505573,1806.505573,0.0,0.0,0.5566929100015887,0.5566929100015887,0.0,0,0,0,0.0,OPTIMAL,0.0
2026-01-14 06:00:00,ZONE_B,0,0.9992526,0.00052327366,1879.43535,1879.43535,0.0,0.0,0.6202774834777142,0.6202774834777142,0.0,0,0,0,0.0,OPTIMAL,0.0
2026-01-14 06:15:00,ZONE_B,0,0.9990963,0.00058694324,1834.518894,1834.518894,0.0,0.0,0.5886449582720734,0.5886449582720734,0.0,0,0,0,0.0,OPTIMAL,0.0
2026-01-14 06:30:00,ZONE_B,0,0.9991703,0.0005162585,1840.32669,1840.32669,0.0,0.0,0.5944126424094391,0.5944126424094391,0.0,0,0,0,0.0,OPTIMAL,0.0
2026-01-14 06:45:00,ZONE_B,0,0.9984413,0.00055212964,1797.6952,1797.6952,0.0,0.0,0.59286617921158,0.59286617921158,0.0,0,0,0,0.0,OPTIMAL,0.0
2026-01-14 07:00:00,ZONE_B,0,0.99549735,0.0016899334,1812.49941,1812.49941,0.0,0.0,0.5961786435343561,0.5961786435343561,0.0,0,0,0,0.0,OPTIMAL,0.0
2026-01-14 07:15:00,ZONE_B,0,0.9199112,0.0029493258,1819.86433,1819.86433,0.0,0.0,0.6113476974486357,0.6113476974486357,0.0,0,0,0,0.0,OPTIMAL,0.0
2026-01-14 07:30:00,ZONE_B,0,0.8206301,0.0030663193,1864.75863,1864.75863,0.0,0.0,0.64294181051195,0.64294181051195,0.0,0,0,0,0.0,OPTIMAL,0.0
2026-01-14 07:45:00,ZONE_B,1,0.70475173,0.029871799,1872.22507,1872.22507,0.0,0.0,0.688855813093408,0.688855813093408,0.0,0,0,0,0.0,OPTIMAL,0.0
2026-01-14 08:00:00,ZONE_B,1,0.73332536,0.046481673,1839.22147,1839.22147,0.0,0.0,0.6530806234402459,0.6530806234402459,0.0,0,0,0,0.0,OPTIMAL,0.0
2026-01-14 08:15:00,ZONE_B,1,0.77221644,0.08729517,1824.01536,1824.01536,0.0,0.0,0.6540559712140965,0.6540559712140965,0.0,0,0,0,0.0,OPTIMAL,0.0
2026-01-14 08:30:00,ZONE_B,1,0.6096498,0.23491257,1823.28245,1823.28245,0.0,0.0,0.6544211061369932,0.6544211061369932,0.0,0,0,0,0.0,OPTIMAL,0.0
2026-01-14 08:45:00,ZONE_B,1,0.53174436,0.22931568,1853.2096,1853.2096,0.0,0.0,0.7052326375343286,0.7052326375343286,0.0,0,0,0,0.0,OPTIMAL,0.0
2026-01-14 09:00:00,ZONE_B,0,0.99868244,0.13159469,1540.83777,1540.83777,0.0,0.0,0.5809196957559799,0.5809196957559799,0.0,0,0,0,0.0,OPTIMAL,0.0
2026-01-14 09:15:00,ZONE_B,0,0.9939154,0.5667769,1545.35813,1794.849110227633,249.490980227633,49.490980227633,0.5965272717747522,0.6856311935421886,200.0,0,0,0,49.490980227633,OPTIMAL,505909.80227633
2026-01-14 09:30:00,ZONE_B,0,0.97227794,0.6087042,1531.16516,1820.949471081668,289.784311081668,89.78431108166802,0.6177708411350293,0.721265238249392,200.0,0,0,0,89.78431108166802,OPTIMAL,908843.1108166802
2026-01-14 09:45:00,ZONE_B,1,0.65748864,0.8389181,1691.77404,2068.571050953116,376.797010953116,176.797010953116,0.6987031654465278,0.8332735269577429,200.0,0,0,0,176.797010953116,OPTIMAL,1778970.10953116
2026-01-14 10:00:00,ZONE_B,0,0.99572974,0.18968458,1515.7550199999998,1515.7550199999998,0.0,0.0,0.6050329080575423,0.6050329080575423,0.0,0,0,0,0.0,OPTIMAL,0.0
2026-01-14 10:15:00,ZONE_B,0,0.93812096,0.25266984,1577.5354200000002,1577.5354200000002,0.0,0.0,0.633287744487746,0.633287744487746,0.0,0,0,0,0.0,OPTIMAL,0.0
2026-01-14 10:30:00,ZONE_B,0,0.95322275,0.36722234,1567.01626,1567.01626,0.0,0.0,0.6206514100128687,0.6206514100128687,0.0,0,0,0,0.0,OPTIMAL,0.0
2026-01-14 10:45:00,ZONE_B,0,0.9939235,0.37767723,1490.09067,1490.09067,0.0,0.0,0.6068270704755855,0.6068270704755855,0.0,0,0,0,0.0,OPTIMAL,0.0
2026-01-14 11:00:00,ZONE_B,0,0.7126024,0.67489237,1502.34416,1865.425213820827,363.0810538208268,163.0810538208268,0.6407819826979574,0.7704537879622773,200.0,0,0,0,163.0810538208268,OPTIMAL,1641810.5382082681
2026-01-14 11:15:00,ZONE_B,0,0.9867033,0.7413019,1449.08115,1841.594760960275,392.513610960275,192.513610960275,0.612421704039491,0.7526051369075745,200.0,0,0,0,192.513610960275,OPTIMAL,1936136.10960275
2026-01-14 11:30:00,ZONE_B,0,0.9811174,0.4628677,1539.29406,1539.29406,0.0,0.0,0.6236954559146439,0.6236954559146439,0.0,0,0,0,0.0,OPTIMAL,0.0
2026-01-14 11:45:00,ZONE_B,0,0.995878,0.5086445,1535.4663,1767.8956768888002,232.42937688880002,32.42937688880002,0.6145236417592553,0.6975341337163852,200.0,0,0,0,32.42937688880002,OPTIMAL,335293.7688880002
2026-01-14 12:00:00,ZONE_B,0,0.99529725,0.7442374,1587.0671,1884.6507965087,297.58369650870003,97.58369650870003,0.592487039233542,0.6987669311396566,200.0,0,0,0,97.58369650870003,OPTIMAL,986836.9650870003
2026-01-14 12:15:00,ZONE_B,0,0.9354395,0.40415588,1617.85355,1617.85355,0.0,0.0,0.6364320698000366,0.6364320698000366,0.0,0,0,0,0.0,OPTIMAL,0.0
2026-01-14 12:30:00,ZONE_B,0,0.9955604,0.42058465,1565.5007500000002,1565.5007500000002,0.0,0.0,0.6020142469864238,0.6020142469864238,0.0,0,0,0,0.0,OPTIMAL,0.0
2026-01-14 12:45:00,ZONE_B,0,0.9985758,0.10657143,1525.7595,1525.7595,0.0,0.0,0.5881278513816149,0.5881278513816149,0.0,0,0,0,0.0,OPTIMAL,0.0
2026-01-14 13:00:00,ZONE_B,0,0.99892515,0.2895024,1579.81616,1579.81616,0.0,0.0,0.6187986712413694,0.6187986712413694,0.0,0,0,0,0.0,OPTIMAL,0.0
2026-01-14 13:15:00,ZONE_B,0,0.998228,0.14854239,1532.92077,1532.92077,0.0,0.0,0.5805888985009381,0.5805888985009381,0.0,0,0,0,0.0,OPTIMAL,0.0
2026-01-14 13:30:00,ZONE_B,0,0.9988304,0.08334668,1545.2443,1545.2443,0.0,0.0,0.5983687668675802,0.5983687668675802,0.0,0,0,0,0.0,OPTIMAL,0.0
2026-01-14 13:45:00,ZONE_B,0,0.9992673,0.0723971,1570.34132,1570.34132,0.0,0.0,0.5971063614020111,0.5971063614020111,0.0,0,0,0,0.0,OPTIMAL,0.0
2026-01-14 14:00:00,ZONE_B,0,0.9975138,0.1096726,1680.1928,1680.1928,0.0,0.0,0.621520786572684,0.621520786572684,0.0,0,0,0,0.0,OPTIMAL,0.0
2026-01-14 14:15:00,ZONE_B,0,0.9992605,0.03638885,1636.87253,1636.87253,0.0,0.0,0.6062959319774152,0.6062959319774152,0.0,0,0,0,0.0,OPTIMAL,0.0
2026-01-14 14:30:00,ZONE_B,0,0.999073,0.040397212,1674.62165,1674.62165,0.0,0.0,0.5688446692301412,0.5688446692301412,0.0,0,0,0,0.0,OPTIMAL,0.0
2026-01-14 14:45:00,ZONE_B,0,0.9986965,0.046070937,1708.83587,1708.83587,0.0,0.0,0.5957571637684518,0.5957571637684518,0.0,0,0,0,0.0,OPTIMAL,0.0
2026-01-14 15:00:00,ZONE_B,1,0.5282271,0.063526474,1806.29585,1806.29585,0.0,0.0,0.6569212143956953,0.6569212143956953,0.0,0,0,0,0.0,OPTIMAL,0.0
2026-01-14 15:15:00,ZONE_B,0,0.9721267,0.004954658,1802.78448,1802.78448,0.0,0.0,0.6112099494926501,0.6112099494926501,0.0,0,0,0,0.0,OPTIMAL,0.0
2026-01-14 15:30:00,ZONE_B,0,0.99633324,0.0006847786,1811.29755,1811.29755,0.0,0.0,0.6086159175940536,0.6086159175940536,0.0,0,0,0,0.0,OPTIMAL,0.0
2026-01-14 15:45:00,ZONE_B,0,0.99803776,0.0008599697,1818.2762,1818.2762,0.0,0.0,0.6162488991907903,0.6162488991907903,0.0,0,0,0,0.0,OPTIMAL,0.0
2026-01-14 16:00:00,ZONE_B,0,0.99050176,0.0019029794,1876.75984,1876.75984,0.0,0.0,0.6162150421462067,0.6162150421462067,0.0,0,0,0,0.0,OPTIMAL,0.0
2026-01-14 16:15:00,ZONE_B,0,0.99543947,0.0014100879,1910.40914,1910.40914,0.0,0.0,0.6119744274950092,0.6119744274950092,0.0,0,0,0,0.0,OPTIMAL,0.0
2026-01-14 16:30:00,ZONE_B,0,0.99643886,0.001302261,1949.652,1949.652,0.0,0.0,0.6068709297701669,0.6068709297701669,0.0,0,0,0,0.0,OPTIMAL,0.0
2026-01-14 16:45:00,ZONE_B,0,0.9967512,0.0020365792,1949.82092,1949.82092,0.0,0.0,0.611191745730089,0.611191745730089,0.0,0,0,0,0.0,OPTIMAL,0.0
2026-01-14 17:00:00,ZONE_B,0,0.9979582,0.0019118448,1981.594821,1981.594821,0.0,0.0,0.6060704672644132,0.6060704672644132,0.0,0,0,0,0.0,OPTIMAL,0.0
2026-01-14 17:15:00,ZONE_B,0,0.9988121,0.0013236735,1985.544886,1985.544886,0.0,0.0,0.6008906088947711,0.6008906088947711,0.0,0,0,0,0.0,OPTIMAL,0.0
2026-01-14 17:30:00,ZONE_B,0,0.99900585,0.0013830516,1975.583753,1975.583753,0.0,0.0,0.60877652939751,0.60877652939751,0.0,0,0,0,0.0,OPTIMAL,0.0
2026-01-14 17:45:00,ZONE_B,0,0.99881774,0.0013236735,1979.922937,1979.922937,0.0,0.0,0.600168926764737,0.600168926764737,0.0,0,0,0,0.0,OPTIMAL,0.0
2026-01-14 18:00:00,ZONE_B,0,0.999244,0.0013830516,1966.926722,1966.926722,0.0,0.0,0.6000959459936546,0.6000959459936546,0.0,0,0,0,0.0,OPTIMAL,0.0
2026-01-14 18:15:00,ZONE_B,0,0.9992238,0.0013830516,1973.406965,1973.406965,0.0,0.0,0.615714912681559,0.615714912681559,0.0,0,0,0,0.0,OPTIMAL,0.0
2026-01-14 18:30:00,ZONE_B,0,0.9988004,0.0013446413,1964.49251,1964.49251,0.0,0.0,0.6050191428972,0.6050191428972,0.0,0,0,0,0.0,OPTIMAL,0.0
2026-01-14 18:45:00,ZONE_B,0,0.999231,0.0013830516,1964.52053,1964.52053,0.0,0.0,0.6158107721850952,0.6158107721850952,0.0,0,0,0,0.0,OPTIMAL,0.0
2026-01-14 19:00:00,ZONE_B,0,0.99921584,0.0013332766,1961.12138,1961.12138,0.0,0.0,0.611297012448446,0.611297012448446,0.0,0,0,0,0.0,OPTIMAL,0.0
2026-01-14 19:15:00,ZONE_B,0,0.9987637,0.0014030881,1970.858757,1970.858757,0.0,0.0,0.6042398978684844,0.6042398978684844,0.0,0,0,0,0.0,OPTIMAL,0.0
2026-01-14 19:30:00,ZONE_B,0,0.9992803,0.0013332766,1971.815425,1971.815425,0.0,0.0,0.6040362370466418,0.6040362370466418,0.0,0,0,0,0.0,OPTIMAL,0.0
2026-01-14 19:45:00,ZONE_B,0,0.99851483,0.0016258988,1970.729576,1970.729576,0.0,0.0,0.6126918474291834,0.6126918474291834,0.0,0,0,0,0.0,OPTIMAL,0.0
2026-01-14 20:00:00,ZONE_B,0,0.9997949,0.0012209581,1850.485556,1850.485556,0.0,0.0,0.575869892376353,0.575869892376353,0.0,0,0,0,0.0,OPTIMAL,0.0
2026-01-14 20:15:00,ZONE_B,0,0.9997799,0.0012490882,1812.869795,1812.869795,0.0,0.0,0.5590609202714212,0.5590609202714212,0.0,0,0,0,0.0,OPTIMAL,0.0
2026-01-14 20:30:00,ZONE_B,0,0.99983954,0.0012757344,1805.722784,1805.722784,0.0,0.0,0.5425342218961666,0.5425342218961666,0.0,0,0,0,0.0,OPTIMAL,0.0
2026-01-14 20:45:00,ZONE_B,0,0.99980634,0.0012209581,1809.5414,1809.5414,0.0,0.0,0.54793570159733,0.54793570159733,0.0,0,0,0,0.0,OPTIMAL,0.0
2026-01-14 21:00:00,ZONE_B,0,0.99983406,0.0014447991,1795.01908,1795.01908,0.0,0.0,0.5458304764784192,0.5458304764784192,0.0,0,0,0,0.0,OPTIMAL,0.0
2026-01-14 21:15:00,ZONE_B,0,0.99983764,0.0005161055,1711.95022,1711.95022,0.0,0.0,0.5245348329108995,0.5245348329108995,0.0,0,0,0,0.0,OPTIMAL,0.0
2026-01-14 21:30:00,ZONE_B,0,0.99984515,0.00058466604,1692.660795,1692.660795,0.0,0.0,0.5188309933943145,0.5188309933943145,0.0,0,0,0,0.0,OPTIMAL,0.0
2026-01-14 21:45:00,ZONE_B,0,0.9998579,0.00059618533,1697.486122,1697.486122,0.0,0.0,0.4956756233738429,0.4956756233738429,0.0,0,0,0,0.0,OPTIMAL,0.0
2026-01-14 22:00:00,ZONE_B,0,0.9998344,0.00048619328,1646.0218149999998,1646.0218149999998,0.0,0.0,0.500194213004053,0.500194213004053,0.0,0,0,0,0.0,OPTIMAL,0.0
2026-01-14 22:15:00,ZONE_B,0,0.99985266,0.00058466604,1670.91601,1670.91601,0.0,0.0,0.4866776917974653,0.4866776917974653,0.0,0,0,0,0.0,OPTIMAL,0.0
2026-01-14 22:30:00,ZONE_B,0,0.99985266,0.0006791448,1599.80557,1599.80557,0.0,0.0,0.4701455205764584,0.4701455205764584,0.0,0,0,0,0.0,OPTIMAL,0.0
2026-01-14 22:45:00,ZONE_B,0,0.99984217,0.0006207864,1587.887433,1587.887433,0.0,0.0,0.4664535180055719,0.4664535180055719,0.0,0,0,0,0.0,OPTIMAL,0.0
2026-01-14 23:00:00,ZONE_B,0,0.99984217,0.0006207864,1592.8327829999998,1592.8327829999998,0.0,0.0,0.4557233698376717,0.4557233698376717,0.0,0,0,0,0.0,OPTIMAL,0.0
2026-01-14 23:15:00,ZONE_B,0,0.99984384,0.00049562095,1597.188313,1597.188313,0.0,0.0,0.49184851310400796,0.49184851310400796,0.0,0,0,0,0.0,OPTIMAL,0.0
2026-01-14 23:30:00,ZONE_B,0,0.9998419,0.000655667,1598.51098,1598.51098,0.0,0.0,0.5011030086079231,0.5011030086079231,0.0,0,0,0,0.0,OPTIMAL,0.0
2026-01-14 23:45:00,ZONE_B,0,0.9997023,0.00094174524,1582.900357,1582.900357,0.0,0.0,0.458314891586988,0.458314891586988,0.0,0,0,0,0.0,OPTIMAL,0.0
2026-01-15 00:00:00,ZONE_B,0,0.99984086,0.0007574434,1570.301326,1570.301326,0.0,0.0,0.46379141632803733,0.46379141632803733,0.0,0,0,0,0.0,OPTIMAL,0.0
2026-01-15 00:15:00,ZONE_B,0,0.99984086,0.00072576647,1573.9691839999998,1573.9691839999998,0.0,0.0,0.45174455120036794,0.45174455120036794,0.0,0,0,0,0.0,OPTIMAL,0.0
2026-01-15 00:30:00,ZONE_B,0,0.99984086,0.00072576647,1583.521261,1583.521261,0.0,0.0,0.45539721843094444,0.45539721843094444,0.0,0,0,0,0.0,OPTIMAL,0.0
2026-01-15 00:45:00,ZONE_B,0,0.9998481,0.0007685504,1596.8702805,1596.8702805,0.0,0.0,0.4728172976974622,0.4728172976974622,0.0,0,0,0,0.0,OPTIMAL,0.0
2026-01-15 01:00:00,ZONE_B,0,0.9998379,0.00041584068,1590.950062,1590.950062,0.0,0.0,0.4655979375649106,0.4655979375649106,0.0,0,0,0,0.0,OPTIMAL,0.0
2026-01-15 01:15:00,ZONE_B,0,0.9998461,0.0005509177,1592.852172,1592.852172,0.0,0.0,0.4529554509034691,0.4529554509034691,0.0,0,0,0,0.0,OPTIMAL,0.0
2026-01-15 01:30:00,ZONE_B,0,0.9998429,0.00075739756,1586.569628,1586.569628,0.0,0.0,0.4721928567353914,0.4721928567353914,0.0,0,0,0,0.0,OPTIMAL,0.0
2026-01-15 01:45:00,ZONE_B,0,0.9998429,0.0006650615,1579.887309,1579.887309,0.0,0.0,0.4851996198627902,0.4851996198627902,0.0,0,0,0,0.0,OPTIMAL,0.0
2026-01-15 02:00:00,ZONE_B,0,0.9998461,0.00056016166,1594.5713409999998,1594.5713409999998,0.0,0.0,0.46278968796722003,0.46278968796722003,0.0,0,0,0,0.0,OPTIMAL,0.0
2026-01-15 02:15:00,ZONE_B,0,0.9998443,0.0005509177,1595.0580155,1595.0580155,0.0,0.0,0.4716190410808474,0.4716190410808474,0.0,0,0,0,0.0,OPTIMAL,0.0
2026-01-15 02:30:00,ZONE_B,0,0.9998399,0.000655667,1597.588612,1597.588612,0.0,0.0,0.468980132643549,0.468980132643549,0.0,0,0,0,0.0,OPTIMAL,0.0
2026-01-15 02:45:00,ZONE_B,0,0.9998429,0.00049562095,1588.309087,1588.309087,0.0,0.0,0.46989501550512613,0.46989501550512613,0.0,0,0,0,0.0,OPTIMAL,0.0
2026-01-15 03:00:00,ZONE_B,0,0.9998461,0.0007420834,1596.322183,1596.322183,0.0,0.0,0.4709902381112623,0.4709902381112623,0.0,0,0,0,0.0,OPTIMAL,0.0
2026-01-15 03:15:00,ZONE_B,0,0.9998379,0.00048675205,1593.372361,1593.372361,0.0,0.0,0.4547152363920548,0.4547152363920548,0.0,0,0,0,0.0,OPTIMAL,0.0
2026-01-15 03:30:00,ZONE_B,0,0.9998429,0.00049372733,1584.360404,1584.360404,0.0,0.0,0.4676914592924553,0.4676914592924553,0.0,0,0,0,0.0,OPTIMAL,0.0
2026-01-15 03:45:00,ZONE_B,0,0.9998481,0.0006650615,1596.323079,1596.323079,0.0,0.0,0.4681365302331555,0.4681365302331555,0.0,0,0,0,0.0,OPTIMAL,0.0
2026-01-15 04:00:00,ZONE_B,0,0.9998229,0.00048675205,1608.6054524,1608.6054524,0.0,0.0,0.47338211159963783,0.47338211159963783,0.0,0,0,0,0.0,OPTIMAL,0.0
2026-01-15 04:15:00,ZONE_B,0,0.9998229,0.0005623231,1590.056373,1590.056373,0.0,0.0,0.46018253665048753,0.46018253665048753,0.0,0,0,0,0.0,OPTIMAL,0.0
2026-01-15 04:30:00,ZONE_B,0,0.99982506,0.00057450216,1603.7220474,1603.7220474,0.0,0.0,0.4650569485065484,0.4650569485065484,0.0,0,0,0,0.0,OPTIMAL,0.0
2026-01-15 04:45:00,ZONE_B,0,0.9998481,0.0005690788,1583.811116,1583.811116,0.0,0.0,0.4690388120804156,0.4690388120804156,0.0,0,0,0,0.0,OPTIMAL,0.0
2026-01-15 05:00:00,ZONE_B,0,0.9998305,0.000655667,1780.634161,1780.634161,0.0,0.0,0.5457397452104655,0.5457397452104655,0.0,0,0,0,0.0,OPTIMAL,0.0
2026-01-15 05:15:00,ZONE_B,0,0.9998435,0.00056228903,1815.077284,1815.077284,0.0,0.0,0.5343480940901904,0.5343480940901904,0.0,0,0,0,0.0,OPTIMAL,0.0
2026-01-15 05:30:00,ZONE_B,0,0.99984944,0.0005717237,1848.897319,1848.897319,0.0,0.0,0.5648335374829507,0.5648335374829507,0.0,0,0,0,0.0,OPTIMAL,0.0
2026-01-15 05:45:00,ZONE_B,0,0.99980754,0.0004360506,1830.911422,1830.911422,0.0,0.0,0.5783870594826527,0.5783870594826527,0.0,0,0,0,0.0,OPTIMAL,0.0
2026-01-15 06:00:00,ZONE_B,0,0.99983096,0.00046085293,1899.140062,1899.140062,0.0,0.0,0.5654475469044834,0.5654475469044834,0.0,0,0,0,0.0,OPTIMAL,0.0
2026-01-15 06:15:00,ZONE_B,0,0.9997242,0.0004992423,1875.36205,1875.36205,0.0,0.0,0.5769107846103196,0.5769107846103196,0.0,0,0,0,0.0,OPTIMAL,0.0
2026-01-15 06:30:00,ZONE_B,0,0.9984869,0.00053698634,1927.68392,1927.68392,0.0,0.0,0.6104985730069714,0.6104985730069714,0.0,0,0,0,0.0,OPTIMAL,0.0
2026-01-15 06:45:00,ZONE_B,0,0.9983954,0.0015600943,1893.71509,1893.71509,0.0,0.0,0.6063124625274527,0.6063124625274527,0.0,0,0,0,0.0,OPTIMAL,0.0
2026-01-15 07:00:00,ZONE_B,0,0.99746406,0.0006847786,1867.71426,1867.71426,0.0,0.0,0.6043519715543639,0.6043519715543639,0.0,0,0,0,0.0,OPTIMAL,0.0
2026-01-15 07:15:00,ZONE_B,0,0.79230607,0.0008601836,1870.8062,1870.8062,0.0,0.0,0.6305322572427081,0.6305322572427081,0.0,0,0,0,0.0,OPTIMAL,0.0
2026-01-15 07:30:00,ZONE_B,0,0.8113122,0.0013899243,1858.8522,1858.8522,0.0,0.0,0.6137101950976894,0.6137101950976894,0.0,0,0,0,0.0,OPTIMAL,0.0
2026-01-15 07:45:00,ZONE_B,2,0.5641028,0.035110153,1900.10949,1900.10949,0.0,0.0,0.7008090279893143,0.7008090279893143,0.0,0,0,0,0.0,OPTIMAL,0.0
2026-01-15 08:00:00,ZONE_B,1,0.6690786,0.053725194,1881.41127,1881.41127,0.0,0.0,0.6778047433641021,0.6778047433641021,0.0,0,0,0,0.0,OPTIMAL,0.0
2026-01-15 08:15:00,ZONE_B,1,0.70275766,0.16070768,1831.35507,1831.35507,0.0,0.0,0.6472555167863937,0.6472555167863937,0.0,0,0,0,0.0,OPTIMAL,0.0
2026-01-15 08:30:00,ZONE_B,2,0.6843353,0.029826883,1940.4521700000005,1940.4521700000005,0.0,0.0,0.7444828619932357,0.7444828619932357,0.0,0,0,0,0.0,OPTIMAL,0.0
2026-01-15 08:45:00,ZONE_B,1,0.7508269,0.63781154,1785.7593,2051.272654144674,265.513354144674,65.513354144674,0.667788380879198,0.7626145791049522,200.0,0,0,0,65.513354144674,OPTIMAL,666133.5414467399
2026-01-15 09:00:00,ZONE_B,0,0.9804319,0.7489034,1572.67152,1899.186272839632,326.51475283963197,126.51475283963197,0.6273516776844132,0.7439640897747841,200.0,0,0,0,126.51475283963197,OPTIMAL,1276147.5283963196
2026-01-15 09:15:00,ZONE_B,0,0.98353493,0.6323183,1587.4361,1857.3869461999197,269.95084619991997,69.95084619991997,0.6237885955367457,0.7201996123100339,200.0,0,0,0,69.95084619991997,OPTIMAL,710508.4619991997
2026-01-15 09:30:00,ZONE_B,1,0.7522036,0.8389181,1664.5309000000002,2047.10448287101,382.57358287101,182.57358287101,0.6697699419657668,0.8064033649544318,200.0,0,0,0,182.57358287101,OPTIMAL,1836735.8287101
2026-01-15 09:45:00,ZONE_B,1,0.7980598,0.83006525,1514.5486999999998,1962.924465046825,448.375765046825,248.375765046825,0.6618459435500222,0.8219801458344845,200.0,0,0,0,248.375765046825,OPTIMAL,2494757.65046825
2026-01-15 10:00:00,ZONE_B,0,0.97334284,0.7321631,1490.24173,1863.250472773137,373.008742773137,173.008742773137,0.6222484267421194,0.7554658352328709,200.0,0,0,0,173.008742773137,OPTIMAL,1741087.4277313699
2026-01-15 10:15:00,ZONE_B,0,0.98086447,0.73992246,1478.1743299999998,1859.362159311168,381.18782931116823,181.18782931116823,0.6135127480453377,0.7496512588754791,200.0,0,0,0,181.18782931116823,OPTIMAL,1822878.2931116824
2026-01-15 10:30:00,ZONE_B,0,0.98581636,0.7741096,1478.29614,1874.450102917856,396.153962917856,196.153962917856,0.6336429706836126,0.7751265292970007,200.0,0,0,0,196.153962917856,OPTIMAL,1972539.62917856
2026-01-15 10:45:00,ZONE_B,0,0.99571747,0.8124023,1426.2136,1859.35872220134,433.14512220134003,233.14512220134003,0.6153916815156297,0.7700863684735765,200.0,0,0,0,233.14512220134003,OPTIMAL,2342451.2220134004
2026-01-15 11:00:00,ZONE_B,1,0.87012833,0.78545624,1511.1027,1954.4740536214879,443.37135362148797,243.37135362148797,0.6925809239312779,0.850927836358135,200.0,0,0,0,243.37135362148797,OPTIMAL,5042655.332115049
2026-01-15 11:15:00,ZONE_B,0,0.9936888,0.8213584,1490.0214,1898.89295443328,408.87155443328,208.87155443327998,0.6216243826463069,0.7676499381788774,200.0,0,0,0,208.87155443327998,OPTIMAL,2099715.5443327995
2026-01-15 11:30:00,ZONE_B,0,0.97759503,0.86436224,1442.04985,1915.4141571964801,473.36430719648,273.36430719648,0.6251939242965681,0.7942526058996269,200.0,0,0,0,273.36430719648,OPTIMAL,2744643.0719648004
2026-01-15 11:45:00,ZONE_B,0,0.9581037,0.8638755,1429.351,1915.2376021999,485.8866021999,285.8866021999,0.6330175834188991,0.806548513227195,200.0,0,0,0,285.8866021999,OPTIMAL,2869866.0219989996
2026-01-15 12:00:00,ZONE_B,0,0.99641126,0.86101735,1416.7871,1882.7677955818301,465.98069558183005,265.98069558183005,0.6013190765204222,0.7677407540552841,200.0,0,0,0,265.98069558183005,OPTIMAL,2670806.9558183006
2026-01-15 12:15:00,ZONE_B,0,0.9983607,0.8460193,1366.3777300000002,1852.3932037541113,486.015473754111,286.015473754111,0.5995040678994993,0.7730810232704242,200.0,0,0,0,286.015473754111,OPTIMAL,2871154.73754111
2026-01-15 12:30:00,ZONE_B,1,0.88103575,0.77981246,1554.4077000000002,1978.1517862080582,423.744086208058,223.74408620805798,0.6659829695869042,0.8173201436364137,200.0,0,0,0,223.74408620805798,OPTIMAL,2248440.8620805796
2026-01-15 12:45:00,ZONE_B,0,0.99620265,0.83870566,1345.0194299999998,1857.09408102164,512.0746510216402,312.0746510216402,0.6102900838659902,0.7931738883006352,200.0,0,0,0,312.0746510216402,OPTIMAL,3131746.510216402
2026-01-15 13:00:00,ZONE_B,0,0.9970458,0.8522303,1368.707,1861.02459282642,492.31759282642,292.31759282642,0.6087534604937495,0.7845811726584945,200.0,0,0,0,292.31759282642,OPTIMAL,2934175.9282642
2026-01-15 13:15:00,ZONE_B,0,0.9971347,0.8522303,1415.9444,1868.09083929047,452.14643929046997,252.14643929046997,0.6277665444387035,0.7892474160170737,200.0,0,0,0,252.14643929046997,OPTIMAL,2532464.3929047
2026-01-15 13:30:00,ZONE_B,0,0.9909514,0.8671886,1480.12466,1920.476301696464,440.35164169646396,240.35164169646396,0.6452310724186711,0.8024995163525336,200.0,0,0,0,240.35164169646396,OPTIMAL,2414516.4169646394
2026-01-15 13:45:00,ZONE_B,0,0.991223,0.79097146,1402.0796999999998,1861.8680085207218,459.788308520722,259.788308520722,0.6331840423187598,0.7973941529260968,200.0,0,0,0,259.788308520722,OPTIMAL,2608883.08520722
2026-01-15 14:00:00,ZONE_B,0,0.9970066,0.79161525,1497.246,1878.1785411603,380.9325411603,180.9325411603,0.6251321607422737,0.7611794972186802,200.0,0,0,0,180.9325411603,OPTIMAL,1820325.411603
2026-01-15 14:15:00,ZONE_B,0,0.99926215,0.7809302,1480.98427,1835.420007255606,354.43573725560606,154.43573725560606,0.5952428776858297,0.7218270699028985,200.0,0,0,0,154.43573725560606,OPTIMAL,1555357.3725560606
2026-01-15 14:30:00,ZONE_B,0,0.9989421,0.82426846,1565.08722,1875.5090135023188,310.4217935023188,110.42179350231879,0.5897728744227597,0.7006378009860869,200.0,0,0,0,110.42179350231879,OPTIMAL,1115217.935023188
2026-01-15 14:45:00,ZONE_B,0,0.99699855,0.8127767,1611.94597,1904.5095190978209,292.563549097821,92.56354909782101,0.620069341077348,0.7245563231828469,200.0,0,0,0,92.56354909782101,OPTIMAL,936635.4909782101
2026-01-15 15:00:00,ZONE_B,0,0.92921567,0.73525757,1690.88668,1937.6350177547595,246.74833775475943,46.74833775475943,0.6230263379531701,0.7111507445292369,200.0,0,0,0,46.74833775475943,OPTIMAL,478483.3775475943
2026-01-15 15:15:00,ZONE_B,0,0.9962263,0.07705174,1640.40697,1640.40697,0.0,0.0,0.6037899192344697,0.6037899192344697,0.0,0,0,0,0.0,OPTIMAL,0.0
2026-01-15 15:30:00,ZONE_B,0,0.8835727,0.025571238,1781.35387,1781.35387,0.0,0.0,0.6404171823087108,0.6404171823087108,0.0,0,0,0,0.0,OPTIMAL,0.0
2026-01-15 15:45:00,ZONE_B,0,0.99021405,0.005018673,1770.60232,1770.60232,0.0,0.0,0.6075702936619992,0.6075702936619992,0.0,0,0,0,0.0,OPTIMAL,0.0
2026-01-15 16:00:00,ZONE_B,0,0.96860576,0.0016874952,1839.26404,1839.26404,0.0,0.0,0.6119906085754571,0.6119906085754571,0.0,0,0,0,0.0,OPTIMAL,0.0
2026-01-15 16:15:00,ZONE_B,0,0.98225325,0.0013678364,1875.1217,1875.1217,0.0,0.0,0.6397914692121806,0.6397914692121806,0.0,0,0,0,0.0,OPTIMAL,0.0
2026-01-15 16:30:00,ZONE_B,0,0.9957451,0.0018621767,1896.135256,1896.135256,0.0,0.0,0.5997662366911346,0.5997662366911346,0.0,0,0,0,0.0,OPTIMAL,0.0
2026-01-15 16:45:00,ZONE_B,0,0.9972657,0.0015071522,1939.43543,1939.43543,0.0,0.0,0.5993971638787091,0.5993971638787091,0.0,0,0,0,0.0,OPTIMAL,0.0
2026-01-15 17:00:00,ZONE_B,0,0.9970252,0.0014100879,1969.383577,1969.383577,0.0,0.0,0.615586582920224,0.615586582920224,0.0,0,0,0,0.0,OPTIMAL,0.0
2026-01-15 17:15:00,ZONE_B,0,0.99813974,0.0017481053,1984.8601175,1984.8601175,0.0,0.0,0.6045858008915012,0.6045858008915012,0.0,0,0,0,0.0,OPTIMAL,0.0
2026-01-15 17:30:00,ZONE_B,0,0.999148,0.0016579609,1972.18211,1972.18211,0.0,0.0,0.6058399313731879,0.6058399313731879,0.0,0,0,0,0.0,OPTIMAL,0.0
2026-01-15 17:45:00,ZONE_B,0,0.99914134,0.0013830516,1996.395297,1996.395297,0.0,0.0,0.6076432172175213,0.6076432172175213,0.0,0,0,0,0.0,OPTIMAL,0.0
2026-01-15 18:00:00,ZONE_B,0,0.9985384,0.0016258988,1995.4218096,1995.4218096,0.0,0.0,0.6050675896247667,0.6050675896247667,0.0,0,0,0,0.0,OPTIMAL,0.0
2026-01-15 18:15:00,ZONE_B,0,0.9991129,0.0012391054,1987.189038,1987.189038,0.0,0.0,0.6169245374440896,0.6169245374440896,0.0,0,0,0,0.0,OPTIMAL,0.0
2026-01-15 18:30:00,ZONE_B,0,0.9986519,0.0014733368,1975.123885,1975.123885,0.0,0.0,0.6085693473019802,0.6085693473019802,0.0,0,0,0,0.0,OPTIMAL,0.0
2026-01-15 18:45:00,ZONE_B,0,0.9986688,0.0016579609,1978.633405,1978.633405,0.0,0.0,0.6123742503131864,0.6123742503131864,0.0,0,0,0,0.0,OPTIMAL,0.0
2026-01-15 19:00:00,ZONE_B,0,0.99927074,0.0013830516,1977.568383,1977.568383,0.0,0.0,0.6081654908500084,0.6081654908500084,0.0,0,0,0,0.0,OPTIMAL,0.0
2026-01-15 19:15:00,ZONE_B,0,0.99836534,0.0024438843,1985.18929,1985.18929,0.0,0.0,0.6000108704043329,0.6000108704043329,0.0,0,0,0,0.0,OPTIMAL,0.0
2026-01-15 19:30:00,ZONE_B,0,0.99821657,0.0010951974,1977.99399,1977.99399,0.0,0.0,0.6040814006409664,0.6040814006409664,0.0,0,0,0,0.0,OPTIMAL,0.0
2026-01-15 19:45:00,ZONE_B,0,0.9988117,0.0014559722,1980.203314,1980.203314,0.0,0.0,0.6151592702523616,0.6151592702523616,0.0,0,0,0,0.0,OPTIMAL,0.0
2026-01-15 20:00:00,ZONE_B,0,0.9997868,0.0012105965,1865.774829,1865.774829,0.0,0.0,0.5728757840776009,0.5728757840776009,0.0,0,0,0,0.0,OPTIMAL,0.0
2026-01-15 20:15:00,ZONE_B,0,0.99982136,0.0012757344,1856.279437,1856.279437,0.0,0.0,0.5729599089937811,0.5729599089937811,0.0,0,0,0,0.0,OPTIMAL,0.0
2026-01-15 20:30:00,ZONE_B,0,0.9998179,0.0012757344,1844.473233,1844.473233,0.0,0.0,0.5532630582330819,0.5532630582330819,0.0,0,0,0,0.0,OPTIMAL,0.0
2026-01-15 20:45:00,ZONE_B,0,0.9998072,0.0014997663,1833.5206,1833.5206,0.0,0.0,0.546602862636244,0.546602862636244,0.0,0,0,0,0.0,OPTIMAL,0.0
2026-01-15 21:00:00,ZONE_B,0,0.9998331,0.0014447991,1788.0370979999998,1788.0370979999998,0.0,0.0,0.5269767633780231,0.5269767633780231,0.0,0,0,0,0.0,OPTIMAL,0.0
2026-01-15 21:15:00,ZONE_B,0,0.9998331,0.0014447991,1776.497636,1776.497636,0.0,0.0,0.537956253773806,0.537956253773806,0.0,0,0,0,0.0,OPTIMAL,0.0
2026-01-15 21:30:00,ZONE_B,0,0.99985206,0.0006330168,1722.323815,1722.323815,0.0,0.0,0.5200355222079596,0.5200355222079596,0.0,0,0,0,0.0,OPTIMAL,0.0
2026-01-15 21:45:00,ZONE_B,0,0.9998493,0.0006207864,1719.475862,1719.475862,0.0,0.0,0.506911584298354,0.506911584298354,0.0,0,0,0,0.0,OPTIMAL,0.0
2026-01-15 22:00:00,ZONE_B,0,0.99984086,0.0006207864,1684.996853,1684.996853,0.0,0.0,0.49666000084913486,0.49666000084913486,0.0,0,0,0,0.0,OPTIMAL,0.0
2026-01-15 22:15:00,ZONE_B,0,0.9998467,0.0006207864,1649.0113560000002,1649.0113560000002,0.0,0.0,0.4869439839749667,0.4869439839749667,0.0,0,0,0,0.0,OPTIMAL,0.0
2026-01-15 22:30:00,ZONE_B,0,0.9998379,0.0006207864,1651.704818,1651.704818,0.0,0.0,0.478941892452195,0.478941892452195,0.0,0,0,0,0.0,OPTIMAL,0.0
2026-01-15 22:45:00,ZONE_B,0,0.9998466,0.0006207864,1626.0981459999998,1626.0981459999998,0.0,0.0,0.4722711938559612,0.4722711938559612,0.0,0,0,0,0.0,OPTIMAL,0.0
2026-01-15 23:00:00,ZONE_B,0,0.9998399,0.0006207864,1601.98067,1601.98067,0.0,0.0,0.4689915940666834,0.4689915940666834,0.0,0,0,0,0.0,OPTIMAL,0.0
2026-01-15 23:15:00,ZONE_B,0,0.9998229,0.00049562095,1608.9963196,1608.9963196,0.0,0.0,0.4652382468860605,0.4652382468860605,0.0,0,0,0,0.0,OPTIMAL,0.0
2026-01-15 23:30:00,ZONE_B,0,0.9998399,0.000655667,1597.712923,1597.712923,0.0,0.0,0.4635707854806849,0.4635707854806849,0.0,0,0,0,0.0,OPTIMAL,0.0
2026-01-15 23:45:00,ZONE_B,0,0.9998399,0.000655667,1602.522642,1602.522642,0.0,0.0,0.4810248914818574,0.4810248914818574,0.0,0,0,0,0.0,OPTIMAL,0.0
2026-01-16 00:00:00,ZONE_B,0,0.9998379,0.0006650615,1590.90716,1590.90716,0.0,0.0,0.4703230262670883,0.4703230262670883,0.0,0,0,0,0.0,OPTIMAL,0.0
2026-01-16 00:15:00,ZONE_B,0,0.9998379,0.00056016166,1589.616079,1589.616079,0.0,0.0,0.4673440765002949,0.4673440765002949,0.0,0,0,0,0.0,OPTIMAL,0.0
2026-01-16 00:30:00,ZONE_B,0,0.9998399,0.0008443277,1591.668952,1591.668952,0.0,0.0,0.4598383237997325,0.4598383237997325,0.0,0,0,0,0.0,OPTIMAL,0.0
2026-01-16 00:45:00,ZONE_B,0,0.9998429,0.00050272327,1572.119948,1572.119948,0.0,0.0,0.4569355601614629,0.4569355601614629,0.0,0,0,0,0.0,OPTIMAL,0.0
2026-01-16 01:00:00,ZONE_B,0,0.99984086,0.0006650615,1585.375474,1585.375474,0.0,0.0,0.4609180826317298,0.4609180826317298,0.0,0,0,0,0.0,OPTIMAL,0.0
2026-01-16 01:15:00,ZONE_B,0,0.9998399,0.0007581988,1589.217015,1589.217015,0.0,0.0,0.46241807465494666,0.46241807465494666,0.0,0,0,0,0.0,OPTIMAL,0.0
2026-01-16 01:30:00,ZONE_B,0,0.99984086,0.0007685504,1585.762859,1585.762859,0.0,0.0,0.4739539309576712,0.4739539309576712,0.0,0,0,0,0.0,OPTIMAL,0.0
2026-01-16 01:45:00,ZONE_B,0,0.9998399,0.0007574434,1589.238169,1589.238169,0.0,0.0,0.46506027985760434,0.46506027985760434,0.0,0,0,0,0.0,OPTIMAL,0.0
2026-01-16 02:00:00,ZONE_B,0,0.9998461,0.0007420834,1593.534771,1593.534771,0.0,0.0,0.4688332964361968,0.4688332964361968,0.0,0,0,0,0.0,OPTIMAL,0.0
2026-01-16 02:15:00,ZONE_B,0,0.99983907,0.0007420834,1592.835966,1592.835966,0.0,0.0,0.4628624217865222,0.4628624217865222,0.0,0,0,0,0.0,OPTIMAL,0.0
2026-01-16 02:30:00,ZONE_B,0,0.9998481,0.0007665415,1587.277631,1587.277631,0.0,0.0,0.4586167206324523,0.4586167206324523,0.0,0,0,0,0.0,OPTIMAL,0.0
2026-01-16 02:45:00,ZONE_B,0,0.99982697,0.0010212006,1590.314588,1590.314588,0.0,0.0,0.4653692541336759,0.4653692541336759,0.0,0,0,0,0.0,OPTIMAL,0.0
2026-01-16 03:00:00,ZONE_B,0,0.9998229,0.00049372733,1601.652361,1601.652361,0.0,0.0,0.4620105635088622,0.4620105635088622,0.0,0,0,0,0.0,OPTIMAL,0.0
2026-01-16 03:15:00,ZONE_B,0,0.9997905,0.0006154493,1586.641264,1586.641264,0.0,0.0,0.4611329716172659,0.4611329716172659,0.0,0,0,0,0.0,OPTIMAL,0.0
2026-01-16 03:30:00,ZONE_B,0,0.9998543,0.00057057047,1591.574701,1591.574701,0.0,0.0,0.4605800035560305,0.4605800035560305,0.0,0,0,0,0.0,OPTIMAL,0.0
2026-01-16 03:45:00,ZONE_B,0,0.9998276,0.00041584068,1597.08219,1597.08219,0.0,0.0,0.4661854962430151,0.4661854962430151,0.0,0,0,0,0.0,OPTIMAL,0.0
2026-01-16 04:00:00,ZONE_B,0,0.9998379,0.0007574434,1583.114335,1583.114335,0.0,0.0,0.4424765478107503,0.4424765478107503,0.0,0,0,0,0.0,OPTIMAL,0.0
2026-01-16 04:15:00,ZONE_B,0,0.9998388,0.0007574434,1585.329711,1585.329711,0.0,0.0,0.4546066410880922,0.4546066410880922,0.0,0,0,0,0.0,OPTIMAL,0.0
2026-01-16 04:30:00,ZONE_B,0,0.99974865,0.0006081632,1574.125547,1574.125547,0.0,0.0,0.4552386797865874,0.4552386797865874,0.0,0,0,0,0.0,OPTIMAL,0.0
2026-01-16 04:45:00,ZONE_B,0,0.99982506,0.00042442512,1609.006996,1609.006996,0.0,0.0,0.4519433757443399,0.4519433757443399,0.0,0,0,0,0.0,OPTIMAL,0.0
2026-01-16 05:00:00,ZONE_B,0,0.9998491,0.0011220933,1808.506636,1808.506636,0.0,0.0,0.5388128261806862,0.5388128261806862,0.0,0,0,0,0.0,OPTIMAL,0.0
2026-01-16 05:15:00,ZONE_B,0,0.999851,0.00075739756,1833.1948237,1833.1948237,0.0,0.0,0.5437678604926931,0.5437678604926931,0.0,0,0,0,0.0,OPTIMAL,0.0
2026-01-16 05:30:00,ZONE_B,0,0.99978155,0.00062815176,1891.5064403,1891.5064403,0.0,0.0,0.5946571779913482,0.5946571779913482,0.0,0,0,0,0.0,OPTIMAL,0.0
2026-01-16 05:45:00,ZONE_B,0,0.999795,0.0009306721,1882.3505175,1882.3505175,0.0,0.0,0.5667111216059239,0.5667111216059239,0.0,0,0,0,0.0,OPTIMAL,0.0
2026-01-16 06:00:00,ZONE_B,0,0.9997496,0.0004992423,1904.873617,1904.873617,0.0,0.0,0.5807153869722476,0.5807153869722476,0.0,0,0,0,0.0,OPTIMAL,0.0
2026-01-16 06:15:00,ZONE_B,0,0.9996903,0.0024726326,1856.367558,1856.367558,0.0,0.0,0.5810195778742813,0.5810195778742813,0.0,0,0,0,0.0,OPTIMAL,0.0
2026-01-16 06:30:00,ZONE_B,0,0.99830425,0.0011527615,1914.650085,1914.650085,0.0,0.0,0.6164744764328677,0.6164744764328677,0.0,0,0,0,0.0,OPTIMAL,0.0
2026-01-16 06:45:00,ZONE_B,0,0.9982564,0.00065838994,1892.9441,1892.9441,0.0,0.0,0.5918099644281356,0.5918099644281356,0.0,0,0,0,0.0,OPTIMAL,0.0
2026-01-16 07:00:00,ZONE_B,0,0.9724885,0.000748652,1863.05931,1863.05931,0.0,0.0,0.6262252873441214,0.6262252873441214,0.0,0,0,0,0.0,OPTIMAL,0.0
2026-01-16 07:15:00,ZONE_B,0,0.97160834,0.000748652,1855.9113,1855.9113,0.0,0.0,0.6179219791217246,0.6179219791217246,0.0,0,0,0,0.0,OPTIMAL,0.0
2026-01-16 07:30:00,ZONE_B,0,0.66044796,0.0060405093,1858.33906,1858.33906,0.0,0.0,0.6306117890573552,0.6306117890573552,0.0,0,0,0,0.0,OPTIMAL,0.0
2026-01-16 07:45:00,ZONE_B,0,0.59882325,0.021763796,1880.24221,1880.24221,0.0,0.0,0.6575593435619971,0.6575593435619971,0.0,0,0,0,0.0,OPTIMAL,0.0
2026-01-16 08:00:00,ZONE_B,1,0.85073155,0.07167376,1863.792,1863.792,0.0,0.0,0.6536772399817073,0.6536772399817073,0.0,0,0,0,0.0,OPTIMAL,0.0
2026-01-16 08:15:00,ZONE_B,1,0.8273153,0.06698179,1890.398,1890.398,0.0,0.0,0.6777967062538462,0.6777967062538462,0.0,0,0,0,0.0,OPTIMAL,0.0
2026-01-16 08:30:00,ZONE_B,1,0.8131354,0.10731115,1881.3534,1881.3534,0.0,0.0,0.6606019845208332,0.6606019845208332,0.0,0,0,0,0.0,OPTIMAL,0.0
2026-01-16 08:45:00,ZONE_B,1,0.7520966,0.2312458,1816.39217,1816.39217,0.0,0.0,0.6695068996894314,0.6695068996894314,0.0,0,0,0,0.0,OPTIMAL,0.0
2026-01-16 09:00:00,ZONE_B,0,0.9873849,0.2827072,1644.7529,1644.7529,0.0,0.0,0.6263106450942473,0.6263106450942473,0.0,0,0,0,0.0,OPTIMAL,0.0
2026-01-16 09:15:00,ZONE_B,0,0.99380094,0.7506581,1546.3073599999998,1871.6327018794038,325.325341879404,125.325341879404,0.5944123972363541,0.7106000196967448,200.0,0,0,0,125.325341879404,OPTIMAL,1264253.4187940399
2026-01-16 09:30:00,ZONE_B,0,0.6376097,0.5449875,1593.2494000000002,1837.9657366112501,244.71633661124997,44.71633661124997,0.6559834474719068,0.7433821393762928,200.0,0,0,0,44.71633661124997,OPTIMAL,458163.36611249973
2026-01-16 09:45:00,ZONE_B,0,0.99576855,0.5848115,1519.3876,1793.37126141965,273.98366141965,73.98366141964999,0.591922306066545,0.6897736140124966,200.0,0,0,0,73.98366141964999,OPTIMAL,750836.6141964999
2026-01-16 10:00:00,ZONE_B,0,0.9818293,0.7286371,1514.22237,1870.363010503553,356.140640503553,156.14064050355302,0.6236896469332459,0.7508827331677431,200.0,0,0,0,156.14064050355302,OPTIMAL,1572406.4050355302
2026-01-16 10:15:00,ZONE_B,0,0.9374176,0.555559,1530.44375,1808.74400322865,278.30025322865,78.30025322864998,0.6409561851459159,0.7403491329726357,200.0,0,0,0,78.30025322864998,OPTIMAL,794002.5322864997
2026-01-16 10:30:00,ZONE_B,0,0.98611313,0.8674909,1408.64174,1895.0227729014941,486.381032901494,286.381032901494,0.5917708415584302,0.7654783538139033,200.0,0,0,0,286.381032901494,OPTIMAL,2874810.3290149397
2026-01-16 10:45:00,ZONE_B,0,0.9987832,0.77034897,1360.33445,1788.7443472493167,428.40989724931654,228.40989724931654,0.5875992376741563,0.7406027727809925,200.0,0,0,0,228.40989724931654,OPTIMAL,2295098.9724931656
2026-01-16 11:00:00,ZONE_B,0,0.9903418,0.54788905,1395.15855,1707.7960680946476,312.6375180946475,112.63751809464748,0.5958783196530912,0.7075345764121785,200.0,0,0,0,112.63751809464748,OPTIMAL,1137375.1809464747
2026-01-16 11:15:00,ZONE_B,1,0.8464012,0.36678135,1456.7717,1456.7717,0.0,0.0,0.6645791209093869,0.6645791209093869,0.0,0,0,0,0.0,OPTIMAL,0.0
2026-01-16 11:30:00,ZONE_B,0,0.99473155,0.6687284,1321.69605,1757.5014999991,435.8054499991,235.8054499991,0.6196069640692976,0.775251768021673,200.0,0,0,0,235.8054499991,OPTIMAL,2369054.499991
2026-01-16 11:45:00,ZONE_B,2,0.69364786,0.7919286,1505.08927,2014.183207632238,509.093937632238,309.093937632238,0.703715069259573,0.8855343331405379,200.0,0,0,0,309.093937632238,OPTIMAL,102598071.92856795
2026-01-16 12:00:00,ZONE_B,0,0.9960632,0.6112884,1315.4814,1713.0432028428,397.5618028427999,197.56180284279992,0.6146379931879562,0.7566243516974446,200.0,0,0,0,197.56180284279992,OPTIMAL,1986618.0284279992
2026-01-16 12:15:00,ZONE_B,0,0.7304534,0.34536186,1471.9423,1471.9423,0.0,0.0,0.6305010033577692,0.6305010033577692,0.0,0,0,0,0.0,OPTIMAL,0.0
2026-01-16 12:30:00,ZONE_B,1,0.8026268,0.28263542,1529.2051,1529.2051,0.0,0.0,0.6650235595501797,0.6650235595501797,0.0,0,0,0,0.0,OPTIMAL,0.0
2026-01-16 12:45:00,ZONE_B,1,0.74627966,0.6267642,1659.0617000000002,1985.37557503292,326.31387503292,126.31387503292001,0.6803269033411268,0.7968675733890809,200.0,0,0,0,126.31387503292001,OPTIMAL,1274138.7503292002
2026-01-16 13:00:00,ZONE_B,1,0.7390429,0.40181938,1593.87424,1593.87424,0.0,0.0,0.66477143765209,0.66477143765209,0.0,0,0,0,0.0,OPTIMAL,0.0
2026-01-16 13:15:00,ZONE_B,0,0.6006415,0.5609498,1562.2726000000002,1846.3652896401204,284.09268964012006,84.09268964012006,0.6426290671979341,0.7440907423439981,200.0,0,0,0,84.09268964012006,OPTIMAL,851926.8964012006
2026-01-16 13:30:00,ZONE_B,0,0.8750977,0.6283178,1566.17866,1867.0175619316121,300.83890193161204,100.83890193161204,0.6298701634739129,0.737312628770235,200.0,0,0,0,100.83890193161204,OPTIMAL,1019389.0193161204
2026-01-16 13:45:00,ZONE_B,0,0.9929789,0.14075749,1603.3917299999998,1603.3917299999998,0.0,0.0,0.6064679278902391,0.6064679278902391,0.0,0,0,0,0.0,OPTIMAL,0.0
2026-01-16 14:00:00,ZONE_B,0,0.89090914,0.08731696,1709.5547299999998,1709.5547299999998,0.0,0.0,0.61442124412641,0.61442124412641,0.0,0,0,0,0.0,OPTIMAL,0.0
2026-01-16 14:15:00,ZONE_B,0,0.9991715,0.06816975,1632.55074,1632.55074,0.0,0.0,0.5717734696386518,0.5717734696386518,0.0,0,0,0,0.0,OPTIMAL,0.0
2026-01-16 14:30:00,ZONE_B,0,0.9991603,0.07613805,1636.09312,1636.09312,0.0,0.0,0.5623623208990673,0.5623623208990673,0.0,0,0,0,0.0,OPTIMAL,0.0
2026-01-16 14:45:00,ZONE_B,0,0.9983456,0.012728849,1700.48925,1700.48925,0.0,0.0,0.5798745102563647,0.5798745102563647,0.0,0,0,0,0.0,OPTIMAL,0.0
2026-01-16 15:00:00,ZONE_B,0,0.9918528,0.0016706676,1797.01549,1797.01549,0.0,0.0,0.6118217201479055,0.6118217201479055,0.0,0,0,0,0.0,OPTIMAL,0.0
2026-01-16 15:15:00,ZONE_B,0,0.9948184,0.0009830217,1805.89084,1805.89084,0.0,0.0,0.6051899850348227,0.6051899850348227,0.0,0,0,0,0.0,OPTIMAL,0.0
2026-01-16 15:30:00,ZONE_B,0,0.9949432,0.0025894186,1833.3343,1833.3343,0.0,0.0,0.6131316361435311,0.6131316361435311,0.0,0,0,0,0.0,OPTIMAL,0.0
2026-01-16 15:45:00,ZONE_B,0,0.99635315,0.00092982163,1870.3803,1870.3803,0.0,0.0,0.616474760114841,0.616474760114841,0.0,0,0,0,0.0,OPTIMAL,0.0
2026-01-16 16:00:00,ZONE_B,0,0.9944337,0.0012817035,1906.813285,1906.813285,0.0,0.0,0.6028040554815338,0.6028040554815338,0.0,0,0,0,0.0,OPTIMAL,0.0
2026-01-16 16:15:00,ZONE_B,0,0.9972542,0.0013392013,1918.88945,1918.88945,0.0,0.0,0.6239342977787928,0.6239342977787928,0.0,0,0,0,0.0,OPTIMAL,0.0
2026-01-16 16:30:00,ZONE_B,0,0.9968637,0.0012817035,1945.067007,1945.067007,0.0,0.0,0.5995798627899912,0.5995798627899912,0.0,0,0,0,0.0,OPTIMAL,0.0
2026-01-16 16:45:00,ZONE_B,0,0.99467695,0.0018512609,1978.0954,1978.0954,0.0,0.0,0.6211378195872318,0.6211378195872318,0.0,0,0,0,0.0,OPTIMAL,0.0
2026-01-16 17:00:00,ZONE_B,0,0.99898845,0.0010269377,1997.8161374,1997.8161374,0.0,0.0,0.6009640002163652,0.6009640002163652,0.0,0,0,0,0.0,OPTIMAL,0.0
2026-01-16 17:15:00,ZONE_B,0,0.9977349,0.0014446265,2006.2235,2006.2235,0.0,0.0,0.6131023557599611,0.6131023557599611,0.0,0,0,0,0.0,OPTIMAL,0.0
2026-01-16 17:30:00,ZONE_B,0,0.99913365,0.0010214486,2001.72302656,2001.72302656,0.0,0.0,0.6035878994659599,0.6035878994659599,0.0,0,0,0,0.0,OPTIMAL,0.0
2026-01-16 17:45:00,ZONE_B,0,0.99785453,0.0014446265,2006.5819,2006.5819,0.0,0.0,0.6049648200914011,0.6049648200914011,0.0,0,0,0,0.0,OPTIMAL,0.0
2026-01-16 18:00:00,ZONE_B,0,0.99791354,0.0013392013,1991.441712,1991.441712,0.0,0.0,0.6112814211151792,0.6112814211151792,0.0,0,0,0,0.0,OPTIMAL,0.0
2026-01-16 18:15:00,ZONE_B,0,0.9990055,0.00069820974,1994.8941117,1994.8941117,0.0,0.0,0.6158078265836112,0.6158078265836112,0.0,0,0,0,0.0,OPTIMAL,0.0
2026-01-16 18:30:00,ZONE_B,0,0.99927276,0.0017438774,2002.0371752,2002.0371752,0.0,0.0,0.6066641514268953,0.6066641514268953,0.0,0,0,0,0.0,OPTIMAL,0.0
2026-01-16 18:45:00,ZONE_B,0,0.99911517,0.0010214486,2001.7007008,2001.7007008,0.0,0.0,0.6020164318629176,0.6020164318629176,0.0,0,0,0,0.0,OPTIMAL,0.0
2026-01-16 19:00:00,ZONE_B,0,0.99788266,0.0012817035,1995.0621495,1995.0621495,0.0,0.0,0.6084649040916154,0.6084649040916154,0.0,0,0,0,0.0,OPTIMAL,0.0
2026-01-16 19:15:00,ZONE_B,0,0.9985056,0.0012008791,2001.20426847,2001.20426847,0.0,0.0,0.6147429858948994,0.6147429858948994,0.0,0,0,0,0.0,OPTIMAL,0.0
2026-01-16 19:30:00,ZONE_B,0,0.99924743,0.0017438774,1999.5410265,1999.5410265,0.0,0.0,0.605418889871535,0.605418889871535,0.0,0,0,0,0.0,OPTIMAL,0.0
2026-01-16 19:45:00,ZONE_B,0,0.9990355,0.0012571256,1998.9571568,1998.9571568,0.0,0.0,0.616261750975127,0.616261750975127,0.0,0,0,0,0.0,OPTIMAL,0.0
2026-01-16 20:00:00,ZONE_B,0,0.9997503,0.0010248882,1879.5716186,1879.5716186,0.0,0.0,0.5630149136441213,0.5630149136441213,0.0,0,0,0,0.0,OPTIMAL,0.0
2026-01-16 20:15:00,ZONE_B,0,0.9997589,0.0012239162,1873.27083,1873.27083,0.0,0.0,0.5607645382893732,0.5607645382893732,0.0,0,0,0,0.0,OPTIMAL,0.0
2026-01-16 20:30:00,ZONE_B,0,0.99979216,0.00094722677,1853.9697973,1853.9697973,0.0,0.0,0.5529645241596247,0.5529645241596247,0.0,0,0,0,0.0,OPTIMAL,0.0
2026-01-16 20:45:00,ZONE_B,0,0.99981636,0.0018998618,1848.338188,1848.338188,0.0,0.0,0.543614807821028,0.543614807821028,0.0,0,0,0,0.0,OPTIMAL,0.0
2026-01-16 21:00:00,ZONE_B,0,0.9998024,0.0013120114,1794.9671014,1794.9671014,0.0,0.0,0.5249855725467859,0.5249855725467859,0.0,0,0,0,0.0,OPTIMAL,0.0
2026-01-16 21:15:00,ZONE_B,0,0.99983,0.0020776717,1781.99474326,1781.99474326,0.0,0.0,0.5192778467056817,0.5192778467056817,0.0,0,0,0,0.0,OPTIMAL,0.0
2026-01-16 21:30:00,ZONE_B,0,0.99983835,0.0020776717,1740.8405534,1740.8405534,0.0,0.0,0.506902906465202,0.506902906465202,0.0,0,0,0,0.0,OPTIMAL,0.0
2026-01-16 21:45:00,ZONE_B,0,0.9997366,0.0024097818,1724.4526,1724.4526,0.0,0.0,0.5303128024857102,0.5303128024857102,0.0,0,0,0,0.0,OPTIMAL,0.0
2026-01-16 22:00:00,ZONE_B,0,0.9997813,0.0024097818,1675.36227284,1675.36227284,0.0,0.0,0.491681415449081,0.491681415449081,0.0,0,0,0,0.0,OPTIMAL,0.0
2026-01-16 22:15:00,ZONE_B,0,0.9997813,0.0024097818,1682.9448342100002,1682.9448342100002,0.0,0.0,0.48698588538227305,0.48698588538227305,0.0,0,0,0,0.0,OPTIMAL,0.0
2026-01-16 22:30:00,ZONE_B,0,0.9997813,0.0024097818,1625.56077284,1625.56077284,0.0,0.0,0.473714232035093,0.473714232035093,0.0,0,0,0,0.0,OPTIMAL,0.0
2026-01-16 22:45:00,ZONE_B,0,0.999833,0.0022828465,1637.0992063,1637.0992063,0.0,0.0,0.4743063127160934,0.4743063127160934,0.0,0,0,0,0.0,OPTIMAL,0.0
2026-01-16 23:00:00,ZONE_B,0,0.99978334,0.0024097818,1613.3901425,1613.3901425,0.0,0.0,0.4619450016472358,0.4619450016472358,0.0,0,0,0,0.0,OPTIMAL,0.0
2026-01-16 23:15:00,ZONE_B,0,0.9997813,0.0015639911,1617.7045358,1617.7045358,0.0,0.0,0.46836492404064933,0.46836492404064933,0.0,0,0,0,0.0,OPTIMAL,0.0
2026-01-16 23:30:00,ZONE_B,0,0.99978334,0.0025449272,1611.8685069,1611.8685069,0.0,0.0,0.4690109186618942,0.4690109186618942,0.0,0,0,0,0.0,OPTIMAL,0.0
2026-01-16 23:45:00,ZONE_B,0,0.9997323,0.0025449272,1619.6890953,1619.6890953,0.0,0.0,0.5005038126635688,0.5005038126635688,0.0,0,0,0,0.0,OPTIMAL,0.0
2026-01-17 00:00:00,ZONE_B,0,0.99972993,0.0008440221,1603.8330066100002,1603.8330066100002,0.0,0.0,0.4716911925836058,0.4716911925836058,0.0,0,0,0,0.0,OPTIMAL,0.0
2026-01-17 00:15:00,ZONE_B,0,0.9998286,0.001226754,1601.003942,1601.003942,0.0,0.0,0.4556038183752953,0.4556038183752953,0.0,0,0,0,0.0,OPTIMAL,0.0
2026-01-17 00:30:00,ZONE_B,0,0.99983084,0.001226754,1600.738614,1600.738614,0.0,0.0,0.4782000787559705,0.4782000787559705,0.0,0,0,0,0.0,OPTIMAL,0.0
2026-01-17 00:45:00,ZONE_B,0,0.99983084,0.00053880183,1593.607408,1593.607408,0.0,0.0,0.45443239535278146,0.45443239535278146,0.0,0,0,0,0.0,OPTIMAL,0.0
2026-01-17 01:00:00,ZONE_B,0,0.9997813,0.0020683224,1608.43915516,1608.43915516,0.0,0.0,0.4720059935016227,0.4720059935016227,0.0,0,0,0,0.0,OPTIMAL,0.0
2026-01-17 01:15:00,ZONE_B,0,0.9998286,0.0005509177,1602.1540087,1602.1540087,0.0,0.0,0.4700072112625194,0.4700072112625194,0.0,0,0,0,0.0,OPTIMAL,0.0
2026-01-17 01:30:00,ZONE_B,0,0.99983084,0.001226754,1598.0448483,1598.0448483,0.0,0.0,0.4587505432330496,0.4587505432330496,0.0,0,0,0,0.0,OPTIMAL,0.0
2026-01-17 01:45:00,ZONE_B,0,0.99983084,0.00057057047,1598.2207168,1598.2207168,0.0,0.0,0.4639470082416234,0.4639470082416234,0.0,0,0,0,0.0,OPTIMAL,0.0
2026-01-17 02:00:00,ZONE_B,0,0.9998286,0.001662131,1605.495127,1605.495127,0.0,0.0,0.4548736271622538,0.4548736271622538,0.0,0,0,0,0.0,OPTIMAL,0.0
2026-01-17 02:15:00,ZONE_B,0,0.9998286,0.001662131,1604.8103979,1604.8103979,0.0,0.0,0.4738370747816974,0.4738370747816974,0.0,0,0,0,0.0,OPTIMAL,0.0
2026-01-17 02:30:00,ZONE_B,0,0.9998535,0.00057057047,1592.284015,1592.284015,0.0,0.0,0.4670299064867513,0.4670299064867513,0.0,0,0,0,0.0,OPTIMAL,0.0
2026-01-17 02:45:00,ZONE_B,0,0.99983084,0.00042442512,1603.2591875,1603.2591875,0.0,0.0,0.464421841172381,0.464421841172381,0.0,0,0,0,0.0,OPTIMAL,0.0
2026-01-17 03:00:00,ZONE_B,0,0.9998286,0.0005509177,1600.4420979,1600.4420979,0.0,0.0,0.4719901215525173,0.4719901215525173,0.0,0,0,0,0.0,OPTIMAL,0.0
2026-01-17 03:15:00,ZONE_B,0,0.9998286,0.001662131,1603.4279103,1603.4279103,0.0,0.0,0.4675076579500041,0.4675076579500041,0.0,0,0,0,0.0,OPTIMAL,0.0
2026-01-17 03:30:00,ZONE_B,0,0.99983084,0.000562884,1603.0655714,1603.0655714,0.0,0.0,0.4676932315818958,0.4676932315818958,0.0,0,0,0,0.0,OPTIMAL,0.0
2026-01-17 03:45:00,ZONE_B,0,0.9997638,0.0006319384,1595.998513,1595.998513,0.0,0.0,0.4709360381707239,0.4709360381707239,0.0,0,0,0,0.0,OPTIMAL,0.0
2026-01-17 04:00:00,ZONE_B,0,0.99983084,0.001662131,1600.989141,1600.989141,0.0,0.0,0.457320206251235,0.457320206251235,0.0,0,0,0,0.0,OPTIMAL,0.0
2026-01-17 04:15:00,ZONE_B,0,0.9998286,0.000562884,1602.6938172,1602.6938172,0.0,0.0,0.4573031265967919,0.4573031265967919,0.0,0,0,0,0.0,OPTIMAL,0.0
2026-01-17 04:30:00,ZONE_B,0,0.9998412,0.00068880693,1597.71582,1597.71582,0.0,0.0,0.4623370690115626,0.4623370690115626,0.0,0,0,0,0.0,OPTIMAL,0.0
2026-01-17 04:45:00,ZONE_B,0,0.99983346,0.001662131,1600.654508,1600.654508,0.0,0.0,0.4720988987499904,0.4720988987499904,0.0,0,0,0,0.0,OPTIMAL,0.0
2026-01-17 05:00:00,ZONE_B,0,0.9998264,0.0010616265,1798.842224,1798.842224,0.0,0.0,0.533526904495283,0.533526904495283,0.0,0,0,0,0.0,OPTIMAL,0.0
2026-01-17 05:15:00,ZONE_B,0,0.9998287,0.00056228903,1830.2095907,1830.2095907,0.0,0.0,0.5535357756455769,0.5535357756455769,0.0,0,0,0,0.0,OPTIMAL,0.0
2026-01-17 05:30:00,ZONE_B,0,0.999744,0.0007595664,1829.182463,1829.182463,0.0,0.0,0.5477522794822542,0.5477522794822542,0.0,0,0,0,0.0,OPTIMAL,0.0
2026-01-17 05:45:00,ZONE_B,0,0.99984574,0.000655667,1871.808892,1871.808892,0.0,0.0,0.5727093797648911,0.5727093797648911,0.0,0,0,0,0.0,OPTIMAL,0.0
2026-01-17 06:00:00,ZONE_B,0,0.99971515,0.00067248865,1864.31989,1864.31989,0.0,0.0,0.561282393476663,0.561282393476663,0.0,0,0,0,0.0,OPTIMAL,0.0
2026-01-17 06:15:00,ZONE_B,0,0.99971515,0.0006197864,1876.692536,1876.692536,0.0,0.0,0.5789233970360433,0.5789233970360433,0.0,0,0,0,0.0,OPTIMAL,0.0
2026-01-17 06:30:00,ZONE_B,0,0.99949217,0.00050997175,1849.241725,1849.241725,0.0,0.0,0.5844215778319211,0.5844215778319211,0.0,0,0,0,0.0,OPTIMAL,0.0
2026-01-17 06:45:00,ZONE_B,0,0.9990765,0.0013691208,1855.97866,1855.97866,0.0,0.0,0.6037592814139987,0.6037592814139987,0.0,0,0,0,0.0,OPTIMAL,0.0
2026-01-17 07:00:00,ZONE_B,0,0.97975016,0.0007475794,1836.62265,1836.62265,0.0,0.0,0.6067689826692689,0.6067689826692689,0.0,0,0,0,0.0,OPTIMAL,0.0
2026-01-17 07:15:00,ZONE_B,0,0.959908,0.005068482,1813.51659,1813.51659,0.0,0.0,0.622223727219994,0.622223727219994,0.0,0,0,0,0.0,OPTIMAL,0.0
2026-01-17 07:30:00,ZONE_B,0,0.875403,0.04025394,1795.59072,1795.59072,0.0,0.0,0.6475452954751261,0.6475452954751261,0.0,0,0,0,0.0,OPTIMAL,0.0
2026-01-17 07:45:00,ZONE_B,0,0.69509417,0.07105577,1834.11135,1834.11135,0.0,0.0,0.6247148883291792,0.6247148883291792,0.0,0,0,0,0.0,OPTIMAL,0.0
2026-01-17 08:00:00,ZONE_B,1,0.7418858,0.0821543,1882.08725,1882.08725,0.0,0.0,0.667234856014722,0.667234856014722,0.0,0,0,0,0.0,OPTIMAL,0.0
2026-01-17 08:15:00,ZONE_B,1,0.8466345,0.08081145,1898.71397,1898.71397,0.0,0.0,0.6577411635333598,0.6577411635333598,0.0,0,0,0,0.0,OPTIMAL,0.0
2026-01-17 08:30:00,ZONE_B,1,0.82511365,0.10743548,1886.89525,1886.89525,0.0,0.0,0.6946174331324002,0.6946174331324002,0.0,0,0,0,0.0,OPTIMAL,0.0
2026-01-17 08:45:00,ZONE_B,1,0.73546076,0.09576646,1910.8375,1910.8375,0.0,0.0,0.6889474367569087,0.6889474367569087,0.0,0,0,0,0.0,OPTIMAL,0.0
2026-01-17 09:00:00,ZONE_B,0,0.9955772,0.61362606,1640.25733,1842.1575895861101,201.9002595861102,1.9002595861101952,0.581592851480017,0.6537000872631761,200.0,0,0,0,1.9002595861101952,OPTIMAL,30002.595861101952
2026-01-17 09:15:00,ZONE_B,0,0.90446645,0.43300587,1682.06375,1682.06375,0.0,0.0,0.6350084062424705,0.6350084062424705,0.0,0,0,0,0.0,OPTIMAL,0.0
2026-01-17 09:30:00,ZONE_B,0,0.99555594,0.3027287,1639.1463,1639.1463,0.0,0.0,0.5775450341629051,0.5775450341629051,0.0,0,0,0,0.0,OPTIMAL,0.0
2026-01-17 09:45:00,ZONE_B,0,0.9950257,0.23401862,1622.58494,1622.58494,0.0,0.0,0.5759685645062865,0.5759685645062865,0.0,0,0,0,0.0,OPTIMAL,0.0
2026-01-17 10:00:00,ZONE_B,0,0.99746454,0.1067255,1621.32312,1621.32312,0.0,0.0,0.6022099109429135,0.6022099109429135,0.0,0,0,0,0.0,OPTIMAL,0.0
2026-01-17 10:15:00,ZONE_B,0,0.98957586,0.4190411,1623.3706,1623.3706,0.0,0.0,0.6357525532072114,0.6357525532072114,0.0,0,0,0,0.0,OPTIMAL,0.0
2026-01-17 10:30:00,ZONE_B,0,0.9987419,0.03649838,1569.29593,1569.29593,0.0,0.0,0.5712019474481682,0.5712019474481682,0.0,0,0,0,0.0,OPTIMAL,0.0
2026-01-17 10:45:00,ZONE_B,0,0.99560803,0.26735288,1623.81277,1623.81277,0.0,0.0,0.6198844720252019,0.6198844720252019,0.0,0,0,0,0.0,OPTIMAL,0.0
2026-01-17 11:00:00,ZONE_B,0,0.98362744,0.52390295,1595.41464,1817.832482217472,222.41784221747199,22.417842217471986,0.6241856238002937,0.7036205676490815,200.0,0,0,0,22.417842217471986,OPTIMAL,235178.42217471986
2026-01-17 11:15:00,ZONE_B,0,0.98362505,0.46281946,1568.8257,1568.8257,0.0,0.0,0.6301072046577533,0.6301072046577533,0.0,0,0,0,0.0,OPTIMAL,0.0
2026-01-17 11:30:00,ZONE_B,0,0.92879224,0.17871399,1609.08097,1609.08097,0.0,0.0,0.6269033829261649,0.6269033829261649,0.0,0,0,0,0.0,OPTIMAL,0.0
2026-01-17 11:45:00,ZONE_B,0,0.9910782,0.73048234,1494.3483700000002,1855.7909806982364,361.4426106982362,161.4426106982362,0.6098852605571158,0.7389719075746558,200.0,0,0,0,161.4426106982362,OPTIMAL,1625426.106982362
2026-01-17 12:00:00,ZONE_B,0,0.9936354,0.65315247,1477.8527,1799.9501378827158,322.097437882716,122.09743788271601,0.6037887719218186,0.7188235714717406,200.0,0,0,0,122.09743788271601,OPTIMAL,1231974.37882716
2026-01-17 12:15:00,ZONE_B,0,0.9893093,0.75333947,1507.04252,1871.4472706900347,364.4047506900346,164.40475069003458,0.6281246493990601,0.7582692035687736,200.0,0,0,0,164.40475069003458,OPTIMAL,1655047.5069003457
2026-01-17 12:30:00,ZONE_B,0,0.9936412,0.79400206,1470.82468,1868.112360623701,397.2876806237012,197.2876806237012,0.584710259468175,0.7265987172140821,200.0,0,0,0,197.2876806237012,OPTIMAL,1983876.806237012
2026-01-17 12:45:00,ZONE_B,0,0.9981645,0.5064265,1474.8363000000002,1715.43856793965,240.60226793965,40.602267939650005,0.5913259177255277,0.6772552993528126,200.0,0,0,0,40.602267939650005,OPTIMAL,417022.67939650005
2026-01-17 13:00:00,ZONE_B,0,0.9924615,0.5080071,1506.73772,1761.4901639066782,254.75244390667802,54.752443906678025,0.6236116879995045,0.7145947039100935,200.0,0,0,0,54.752443906678025,OPTIMAL,558524.4390667803
2026-01-17 13:15:00,ZONE_B,0,0.9824479,0.38641948,1544.20475,1544.20475,0.0,0.0,0.6229944781182056,0.6229944781182056,0.0,0,0,0,0.0,OPTIMAL,0.0
2026-01-17 13:30:00,ZONE_B,0,0.9988158,0.10815896,1558.61142,1558.61142,0.0,0.0,0.5788224098309593,0.5788224098309593,0.0,0,0,0,0.0,OPTIMAL,0.0
2026-01-17 13:45:00,ZONE_B,0,0.9989856,0.16060865,1560.40914,1560.40914,0.0,0.0,0.5782226692020407,0.5782226692020407,0.0,0,0,0,0.0,OPTIMAL,0.0
2026-01-17 14:00:00,ZONE_B,0,0.997493,0.17356928,1635.96956,1635.96956,0.0,0.0,0.6052978733100438,0.6052978733100438,0.0,0,0,0,0.0,OPTIMAL,0.0
2026-01-17 14:15:00,ZONE_B,0,0.79626495,0.041286234,1730.2309999999998,1730.2309999999998,0.0,0.0,0.6577897085447317,0.6577897085447317,0.0,0,0,0,0.0,OPTIMAL,0.0
2026-01-17 14:30:00,ZONE_B,0,0.99924254,0.024971675,1661.72017,1661.72017,0.0,0.0,0.5750992240952466,0.5750992240952466,0.0,0,0,0,0.0,OPTIMAL,0.0
2026-01-17 14:45:00,ZONE_B,0,0.9992236,0.025575895,1709.0703,1709.0703,0.0,0.0,0.5704228793595388,0.5704228793595388,0.0,0,0,0,0.0,OPTIMAL,0.0
2026-01-17 15:00:00,ZONE_B,0,0.9481638,0.004718956,1823.08074,1823.08074,0.0,0.0,0.6201087674393477,0.6201087674393477,0.0,0,0,0,0.0,OPTIMAL,0.0
2026-01-17 15:15:00,ZONE_B,0,0.6435828,0.0015745823,1888.09969,1888.09969,0.0,0.0,0.64264828284428,0.64264828284428,0.0,0,0,0,0.0,OPTIMAL,0.0
2026-01-17 15:30:00,ZONE_B,0,0.99693775,0.0007914946,1826.09516,1826.09516,0.0,0.0,0.6073664489707933,0.6073664489707933,0.0,0,0,0,0.0,OPTIMAL,0.0
2026-01-17 15:45:00,ZONE_B,0,0.9971444,0.0009830217,1850.97735,1850.97735,0.0,0.0,0.595188575580359,0.595188575580359,0.0,0,0,0,0.0,OPTIMAL,0.0
2026-01-17 16:00:00,ZONE_B,0,0.9937714,0.0012325998,1907.116155,1907.116155,0.0,0.0,0.6198094171434735,0.6198094171434735,0.0,0,0,0,0.0,OPTIMAL,0.0
2026-01-17 16:15:00,ZONE_B,0,0.99613225,0.0015169039,1910.38011,1910.38011,0.0,0.0,0.6077355335619118,0.6077355335619118,0.0,0,0,0,0.0,OPTIMAL,0.0
2026-01-17 16:30:00,ZONE_B,0,0.99726886,0.0018576735,1971.202472,1971.202472,0.0,0.0,0.6148809854638122,0.6148809854638122,0.0,0,0,0,0.0,OPTIMAL,0.0
2026-01-17 16:45:00,ZONE_B,0,0.99827313,0.0010546182,1960.348957,1960.348957,0.0,0.0,0.6015011147623013,0.6015011147623013,0.0,0,0,0,0.0,OPTIMAL,0.0
2026-01-17 17:00:00,ZONE_B,0,0.9972038,0.0014446265,2004.5974,2004.5974,0.0,0.0,0.6152541017113091,0.6152541017113091,0.0,0,0,0,0.0,OPTIMAL,0.0
2026-01-17 17:15:00,ZONE_B,0,0.99849594,0.0012571256,2002.4381,2002.4381,0.0,0.0,0.6017817093768655,0.6017817093768655,0.0,0,0,0,0.0,OPTIMAL,0.0
2026-01-17 17:30:00,ZONE_B,0,0.9979564,0.0015906419,2001.509157,2001.509157,0.0,0.0,0.6056320989440835,0.6056320989440835,0.0,0,0,0,0.0,OPTIMAL,0.0
2026-01-17 17:45:00,ZONE_B,0,0.99886334,0.00092002127,1992.472616,1992.472616,0.0,0.0,0.6061741631683141,0.6061741631683141,0.0,0,0,0,0.0,OPTIMAL,0.0
2026-01-17 18:00:00,ZONE_B,0,0.9987734,0.00085774984,1995.2111468,1995.2111468,0.0,0.0,0.6030930754989772,0.6030930754989772,0.0,0,0,0,0.0,OPTIMAL,0.0
2026-01-17 18:15:00,ZONE_B,0,0.99918944,0.0010214486,2000.0949979,2000.0949979,0.0,0.0,0.6086650483956112,0.6086650483956112,0.0,0,0,0,0.0,OPTIMAL,0.0
2026-01-17 18:30:00,ZONE_B,0,0.99923,0.0009899663,1993.658016,1993.658016,0.0,0.0,0.6123377767032605,0.6123377767032605,0.0,0,0,0,0.0,OPTIMAL,0.0
2026-01-17 18:45:00,ZONE_B,0,0.9991516,0.0014899812,2002.4259569,2002.4259569,0.0,0.0,0.6424901765338146,0.6424901765338146,0.0,0,0,0,0.0,OPTIMAL,0.0
2026-01-17 19:00:00,ZONE_B,0,0.99911505,0.0010269377,1998.719069,1998.719069,0.0,0.0,0.5951099341240133,0.5951099341240133,0.0,0,0,0,0.0,OPTIMAL,0.0
2026-01-17 19:15:00,ZONE_B,0,0.99928755,0.0006447837,1985.1382284,1985.1382284,0.0,0.0,0.5896838357708641,0.5896838357708641,0.0,0,0,0,0.0,OPTIMAL,0.0
2026-01-17 19:30:00,ZONE_B,0,0.99879646,0.0009828334,2002.3705737,2002.3705737,0.0,0.0,0.615710695722895,0.615710695722895,0.0,0,0,0,0.0,OPTIMAL,0.0
2026-01-17 19:45:00,ZONE_B,0,0.99775,0.0010264071,1996.3104,1996.3104,0.0,0.0,0.6123451902016029,0.6123451902016029,0.0,0,0,0,0.0,OPTIMAL,0.0
2026-01-17 20:00:00,ZONE_B,0,0.9998117,0.00094722677,1876.167168,1876.167168,0.0,0.0,0.5598956006272181,0.5598956006272181,0.0,0,0,0,0.0,OPTIMAL,0.0
2026-01-17 20:15:00,ZONE_B,0,0.9998004,0.0009301938,1858.3411248,1858.3411248,0.0,0.0,0.5591992988071867,0.5591992988071867,0.0,0,0,0,0.0,OPTIMAL,0.0
2026-01-17 20:30:00,ZONE_B,0,0.99983394,0.0011136339,1846.4354868,1846.4354868,0.0,0.0,0.5616772620229321,0.5616772620229321,0.0,0,0,0,0.0,OPTIMAL,0.0
2026-01-17 20:45:00,ZONE_B,0,0.99980813,0.0009065429,1847.6569442,1847.6569442,0.0,0.0,0.534609471519004,0.534609471519004,0.0,0,0,0,0.0,OPTIMAL,0.0
2026-01-17 21:00:00,ZONE_B,0,0.99983454,0.0014322528,1781.5094413,1781.5094413,0.0,0.0,0.5330743481079713,0.5330743481079713,0.0,0,0,0,0.0,OPTIMAL,0.0
2026-01-17 21:15:00,ZONE_B,0,0.9998361,0.00041936414,1756.3761545,1756.3761545,0.0,0.0,0.5233807842593339,0.5233807842593339,0.0,0,0,0,0.0,OPTIMAL,0.0
2026-01-17 21:30:00,ZONE_B,0,0.99981564,0.00041936414,1761.7707003,1761.7707003,0.0,0.0,0.5260073021534222,0.5260073021534222,0.0,0,0,0,0.0,OPTIMAL,0.0
2026-01-17 21:45:00,ZONE_B,0,0.99983513,0.00046085293,1728.994212,1728.994212,0.0,0.0,0.505938392610116,0.505938392610116,0.0,0,0,0,0.0,OPTIMAL,0.0
2026-01-17 22:00:00,ZONE_B,0,0.99985003,0.00046085293,1682.35497,1682.35497,0.0,0.0,0.5046271445476181,0.5046271445476181,0.0,0,0,0,0.0,OPTIMAL,0.0
2026-01-17 22:15:00,ZONE_B,0,0.9998461,0.00046085293,1664.761392,1664.761392,0.0,0.0,0.49115252275091115,0.49115252275091115,0.0,0,0,0,0.0,OPTIMAL,0.0
2026-01-17 22:30:00,ZONE_B,0,0.9998229,0.00046085293,1653.1620363,1653.1620363,0.0,0.0,0.4969200568734067,0.4969200568734067,0.0,0,0,0,0.0,OPTIMAL,0.0
2026-01-17 22:45:00,ZONE_B,0,0.9998229,0.00046085293,1614.5474782,1614.5474782,0.0,0.0,0.4688268004376576,0.4688268004376576,0.0,0,0,0,0.0,OPTIMAL,0.0
2026-01-17 23:00:00,ZONE_B,0,0.9998229,0.00046085293,1611.566868,1611.566868,0.0,0.0,0.4639789678372472,0.4639789678372472,0.0,0,0,0,0.0,OPTIMAL,0.0
2026-01-17 23:15:00,ZONE_B,0,0.9998229,0.00046085293,1610.732519,1610.732519,0.0,0.0,0.4762355287934167,0.4762355287934167,0.0,0,0,0,0.0,OPTIMAL,0.0
2026-01-17 23:30:00,ZONE_B,0,0.9998481,0.00046085293,1600.6773449999998,1600.6773449999998,0.0,0.0,0.46294367440198814,0.46294367440198814,0.0,0,0,0,0.0,OPTIMAL,0.0
2026-01-17 23:45:00,ZONE_B,0,0.9998443,0.00048675205,1608.9292744,1608.9292744,0.0,0.0,0.4677575794294776,0.4677575794294776,0.0,0,0,0,0.0,OPTIMAL,0.0
2026-01-18 00:00:00,ZONE_B,0,0.99984086,0.00056016166,1582.834835,1582.834835,0.0,0.0,0.4711635958706684,0.4711635958706684,0.0,0,0,0,0.0,OPTIMAL,0.0
2026-01-18 00:15:00,ZONE_B,0,0.9998379,0.0007665415,1585.866841,1585.866841,0.0,0.0,0.462382568966887,0.462382568966887,0.0,0,0,0,0.0,OPTIMAL,0.0
2026-01-18 00:30:00,ZONE_B,0,0.9998399,0.0007420834,1590.711038,1590.711038,0.0,0.0,0.4638416738313244,0.4638416738313244,0.0,0,0,0,0.0,OPTIMAL,0.0
2026-01-18 00:45:00,ZONE_B,0,0.99984086,0.0007581988,1582.001097,1582.001097,0.0,0.0,0.4803695304142579,0.4803695304142579,0.0,0,0,0,0.0,OPTIMAL,0.0
2026-01-18 01:00:00,ZONE_B,0,0.99984086,0.0006650615,1583.670322,1583.670322,0.0,0.0,0.46295438050153176,0.46295438050153176,0.0,0,0,0,0.0,OPTIMAL,0.0
2026-01-18 01:15:00,ZONE_B,0,0.99984086,0.0007420834,1571.319543,1571.319543,0.0,0.0,0.4682285184539869,0.4682285184539869,0.0,0,0,0,0.0,OPTIMAL,0.0
2026-01-18 01:30:00,ZONE_B,0,0.99982977,0.0006855175,1575.370235,1575.370235,0.0,0.0,0.4672451999528242,0.4672451999528242,0.0,0,0,0,0.0,OPTIMAL,0.0
2026-01-18 01:45:00,ZONE_B,0,0.99984217,0.00050272327,1579.444232,1579.444232,0.0,0.0,0.4644954507732559,0.4644954507732559,0.0,0,0,0,0.0,OPTIMAL,0.0
2026-01-18 02:00:00,ZONE_B,0,0.99984217,0.000932912,1566.939423,1566.939423,0.0,0.0,0.45889165254629133,0.45889165254629133,0.0,0,0,0,0.0,OPTIMAL,0.0
2026-01-18 02:15:00,ZONE_B,0,0.99984217,0.0008418518,1559.08535,1559.08535,0.0,0.0,0.4575303226575532,0.4575303226575532,0.0,0,0,0,0.0,OPTIMAL,0.0
2026-01-18 02:30:00,ZONE_B,0,0.9998441,0.0009338422,1564.511584,1564.511584,0.0,0.0,0.4763988239347125,0.4763988239347125,0.0,0,0,0,0.0,OPTIMAL,0.0
2026-01-18 02:45:00,ZONE_B,0,0.99984217,0.00056016166,1567.63745,1567.63745,0.0,0.0,0.4656032116713753,0.4656032116713753,0.0,0,0,0,0.0,OPTIMAL,0.0
2026-01-18 03:00:00,ZONE_B,0,0.99984217,0.00081499276,1555.113146,1555.113146,0.0,0.0,0.4692956231728277,0.4692956231728277,0.0,0,0,0,0.0,OPTIMAL,0.0
2026-01-18 03:15:00,ZONE_B,0,0.99984217,0.00073188473,1549.534336,1549.534336,0.0,0.0,0.4527817016037172,0.4527817016037172,0.0,0,0,0,0.0,OPTIMAL,0.0
2026-01-18 03:30:00,ZONE_B,0,0.9998441,0.0007206976,1562.63685,1562.63685,0.0,0.0,0.4619346439045943,0.4619346439045943,0.0,0,0,0,0.0,OPTIMAL,0.0
2026-01-18 03:45:00,ZONE_B,0,0.99984217,0.0005030267,1573.218339,1573.218339,0.0,0.0,0.46918633361538886,0.46918633361538886,0.0,0,0,0,0.0,OPTIMAL,0.0
2026-01-18 04:00:00,ZONE_B,0,0.99984217,0.0007665415,1570.9280930000002,1570.9280930000002,0.0,0.0,0.45160924312348816,0.45160924312348816,0.0,0,0,0,0.0,OPTIMAL,0.0
2026-01-18 04:15:00,ZONE_B,0,0.99983096,0.0009404966,1574.6475449999998,1574.6475449999998,0.0,0.0,0.4583981830845859,0.4583981830845859,0.0,0,0,0,0.0,OPTIMAL,0.0
2026-01-18 04:30:00,ZONE_B,0,0.99984086,0.0007685504,1586.437902,1586.437902,0.0,0.0,0.4767065544136686,0.4767065544136686,0.0,0,0,0,0.0,OPTIMAL,0.0
2026-01-18 04:45:00,ZONE_B,0,0.9998466,0.000655667,1621.892483,1621.892483,0.0,0.0,0.4651561254319399,0.4651561254319399,0.0,0,0,0,0.0,OPTIMAL,0.0
2026-01-18 05:00:00,ZONE_B,0,0.9998287,0.0011220933,1801.061697,1801.061697,0.0,0.0,0.5428441245378397,0.5428441245378397,0.0,0,0,0,0.0,OPTIMAL,0.0
2026-01-18 05:15:00,ZONE_B,0,0.99985063,0.00075739756,1828.682551,1828.682551,0.0,0.0,0.5394530442734121,0.5394530442734121,0.0,0,0,0,0.0,OPTIMAL,0.0
2026-01-18 05:30:00,ZONE_B,0,0.99984336,0.000655667,1843.250012,1843.250012,0.0,0.0,0.5496958193708381,0.5496958193708381,0.0,0,0,0,0.0,OPTIMAL,0.0
2026-01-18 05:45:00,ZONE_B,0,0.9998404,0.0005717237,1863.148379,1863.148379,0.0,0.0,0.5644635133366691,0.5644635133366691,0.0,0,0,0,0.0,OPTIMAL,0.0
2026-01-18 06:00:00,ZONE_B,0,0.9996886,0.0004992423,1903.429637,1903.429637,0.0,0.0,0.5901939931620548,0.5901939931620548,0.0,0,0,0,0.0,OPTIMAL,0.0
2026-01-18 06:15:00,ZONE_B,0,0.99969125,0.0004992423,1889.295667,1889.295667,0.0,0.0,0.5793407396048703,0.5793407396048703,0.0,0,0,0,0.0,OPTIMAL,0.0
2026-01-18 06:30:00,ZONE_B,0,0.9994522,0.0006197864,1865.26324,1865.26324,0.0,0.0,0.5891275286148989,0.5891275286148989,0.0,0,0,0,0.0,OPTIMAL,0.0
2026-01-18 06:45:00,ZONE_B,0,0.9989498,0.00053698634,1883.439875,1883.439875,0.0,0.0,0.592308208270912,0.592308208270912,0.0,0,0,0,0.0,OPTIMAL,0.0
2026-01-18 07:00:00,ZONE_B,0,0.98993206,0.0010357373,1879.99015,1879.99015,0.0,0.0,0.6438866588742774,0.6438866588742774,0.0,0,0,0,0.0,OPTIMAL,0.0
2026-01-18 07:15:00,ZONE_B,0,0.98593044,0.0010083613,1946.32194,1946.32194,0.0,0.0,0.6225471216901819,0.6225471216901819,0.0,0,0,0,0.0,OPTIMAL,0.0
2026-01-18 07:30:00,ZONE_B,0,0.7915408,0.0010357373,1888.34991,1888.34991,0.0,0.0,0.6400814535805402,0.6400814535805402,0.0,0,0,0,0.0,OPTIMAL,0.0
2026-01-18 07:45:00,ZONE_B,0,0.80831,0.003911493,1894.03974,1894.03974,0.0,0.0,0.643754809387988,0.643754809387988,0.0,0,0,0,0.0,OPTIMAL,0.0
2026-01-18 08:00:00,ZONE_B,1,0.6244779,0.0061787697,1943.56828,1943.56828,0.0,0.0,0.6823161860454644,0.6823161860454644,0.0,0,0,0,0.0,OPTIMAL,0.0
2026-01-18 08:15:00,ZONE_B,1,0.8052347,0.093280755,1914.93688,1914.93688,0.0,0.0,0.6865099842011225,0.6865099842011225,0.0,0,0,0,0.0,OPTIMAL,0.0
2026-01-18 08:30:00,ZONE_B,1,0.7309741,0.052705616,1909.13793,1909.13793,0.0,0.0,0.6700059632258761,0.6700059632258761,0.0,0,0,0,0.0,OPTIMAL,0.0
2026-01-18 08:45:00,ZONE_B,1,0.7833632,0.1124527,1885.8019,1885.8019,0.0,0.0,0.6787542107711209,0.6787542107711209,0.0,0,0,0,0.0,OPTIMAL,0.0
2026-01-18 09:00:00,ZONE_B,0,0.9955605,0.3306052,1644.53715,1644.53715,0.0,0.0,0.5886685526053236,0.5886685526053236,0.0,0,0,0,0.0,OPTIMAL,0.0
2026-01-18 09:15:00,ZONE_B,0,0.9955694,0.43676725,1610.45783,1610.45783,0.0,0.0,0.57912956000766,0.57912956000766,0.0,0,0,0,0.0,OPTIMAL,0.0
2026-01-18 09:30:00,ZONE_B,1,0.5020988,0.7323886,1638.67306,1939.184875437184,300.51181543718394,100.51181543718394,0.6557824512819586,0.7631080999776165,200.0,0,0,0,100.51181543718394,OPTIMAL,1016118.1543718394
2026-01-18 09:45:00,ZONE_B,0,0.9930628,0.7723374,1555.4583200000002,1888.3724872134921,332.91416721349196,132.91416721349196,0.5957937010528014,0.7146916182848779,200.0,0,0,0,132.91416721349196,OPTIMAL,1340141.6721349196
2026-01-18 10:00:00,ZONE_B,0,0.8119496,0.31770906,1576.30214,1576.30214,0.0,0.0,0.6492745892928091,0.6492745892928091,0.0,0,0,0,0.0,OPTIMAL,0.0
2026-01-18 10:15:00,ZONE_B,1,0.6926912,0.30144757,1619.69185,1619.69185,0.0,0.0,0.6700269751522606,0.6700269751522606,0.0,0,0,0,0.0,OPTIMAL,0.0
2026-01-18 10:30:00,ZONE_B,1,0.6190567,0.8186145,1586.9865800000002,1986.8635710551903,399.87699105519,199.87699105519,0.6454676560679743,0.788280867574006,200.0,0,0,0,199.87699105519,OPTIMAL,2009769.9105518998
2026-01-18 10:45:00,ZONE_B,0,0.9963225,0.66995883,1486.06942,1825.8594609796385,339.7900409796384,139.79004097963838,0.6126948116154393,0.7340483979798226,200.0,0,0,0,139.79004097963838,OPTIMAL,1408900.4097963837
2026-01-18 11:00:00,ZONE_B,0,0.9928196,0.38861167,1461.36905,1461.36905,0.0,0.0,0.6224187200544578,0.6224187200544578,0.0,0,0,0,0.0,OPTIMAL,0.0
2026-01-18 11:15:00,ZONE_B,0,0.9958116,0.7859493,1563.3661,1889.07174238765,325.70564238765,125.70564238765002,0.6134763784084688,0.7297998224708678,200.0,0,0,0,125.70564238765002,OPTIMAL,1268056.4238765002
2026-01-18 11:30:00,ZONE_B,0,0.9947066,0.31607735,1503.28574,1503.28574,0.0,0.0,0.5928706817796525,0.5928706817796525,0.0,0,0,0,0.0,OPTIMAL,0.0
2026-01-18 11:45:00,ZONE_B,0,0.9843455,0.23810852,1548.83983,1548.83983,0.0,0.0,0.6386905323011053,0.6386905323011053,0.0,0,0,0,0.0,OPTIMAL,0.0
2026-01-18 12:00:00,ZONE_B,0,0.99394774,0.122204304,1497.70214,1497.70214,0.0,0.0,0.6038735155287643,0.6038735155287643,0.0,0,0,0,0.0,OPTIMAL,0.0
2026-01-18 12:15:00,ZONE_B,0,0.96278346,0.2518162,1585.82777,1585.82777,0.0,0.0,0.6306808662574216,0.6306808662574216,0.0,0,0,0,0.0,OPTIMAL,0.0
2026-01-18 12:30:00,ZONE_B,0,0.9995524,0.10457344,1520.64964,1520.64964,0.0,0.0,0.589123729708164,0.589123729708164,0.0,0,0,0,0.0,OPTIMAL,0.0
2026-01-18 12:45:00,ZONE_B,0,0.9961737,0.27218378,1556.0102,1556.0102,0.0,0.0,0.6135084977383909,0.6135084977383909,0.0,0,0,0,0.0,OPTIMAL,0.0
2026-01-18 13:00:00,ZONE_B,0,0.9985337,0.08188365,1557.09016,1557.09016,0.0,0.0,0.609460232218664,0.609460232218664,0.0,0,0,0,0.0,OPTIMAL,0.0
2026-01-18 13:15:00,ZONE_B,0,0.99862874,0.057055183,1557.1475799999998,1557.1475799999998,0.0,0.0,0.6001639314433262,0.6001639314433262,0.0,0,0,0,0.0,OPTIMAL,0.0
2026-01-18 13:30:00,ZONE_B,0,0.99854064,0.09404818,1563.27776,1563.27776,0.0,0.0,0.6139710930727649,0.6139710930727649,0.0,0,0,0,0.0,OPTIMAL,0.0
2026-01-18 13:45:00,ZONE_B,0,0.9988741,0.0783002,1578.60206,1578.60206,0.0,0.0,0.5746372718265589,0.5746372718265589,0.0,0,0,0,0.0,OPTIMAL,0.0
2026-01-18 14:00:00,ZONE_B,0,0.9976286,0.11251144,1622.00832,1622.00832,0.0,0.0,0.6114979785970092,0.6114979785970092,0.0,0,0,0,0.0,OPTIMAL,0.0
2026-01-18 14:15:00,ZONE_B,0,0.9994456,0.067727566,1586.00682,1586.00682,0.0,0.0,0.5768332483406332,0.5768332483406332,0.0,0,0,0,0.0,OPTIMAL,0.0
2026-01-18 14:30:00,ZONE_B,0,0.9989059,0.033913482,1654.70774,1654.70774,0.0,0.0,0.5876034692787729,0.5876034692787729,0.0,0,0,0,0.0,OPTIMAL,0.0
2026-01-18 14:45:00,ZONE_B,0,0.9983292,0.037988693,1637.5789,1637.5789,0.0,0.0,0.6341405674523448,0.6341405674523448,0.0,0,0,0,0.0,OPTIMAL,0.0
2026-01-18 15:00:00,ZONE_B,0,0.99535817,0.062248286,1675.3574,1675.3574,0.0,0.0,0.6137460042311892,0.6137460042311892,0.0,0,0,0,0.0,OPTIMAL,0.0
2026-01-18 15:15:00,ZONE_B,0,0.993731,0.019248469,1696.41985,1696.41985,0.0,0.0,0.6091661213805031,0.6091661213805031,0.0,0,0,0,0.0,OPTIMAL,0.0
2026-01-18 15:30:00,ZONE_B,0,0.9937319,0.029763605,1732.32277,1732.32277,0.0,0.0,0.6141282081390438,0.6141282081390438,0.0,0,0,0,0.0,OPTIMAL,0.0
2026-01-18 15:45:00,ZONE_B,0,0.9957639,0.0058744485,1749.94947,1749.94947,0.0,0.0,0.594025255084682,0.594025255084682,0.0,0,0,0,0.0,OPTIMAL,0.0
2026-01-18 16:00:00,ZONE_B,0,0.9953602,0.0013910128,1832.65598,1832.65598,0.0,0.0,0.6132368355428299,0.6132368355428299,0.0,0,0,0,0.0,OPTIMAL,0.0
2026-01-18 16:15:00,ZONE_B,0,0.996716,0.0012453337,1859.0842,1859.0842,0.0,0.0,0.6263949813241925,0.6263949813241925,0.0,0,0,0,0.0,OPTIMAL,0.0
2026-01-18 16:30:00,ZONE_B,0,0.99727553,0.0014111921,1884.02167,1884.02167,0.0,0.0,0.611849132432448,0.611849132432448,0.0,0,0,0,0.0,OPTIMAL,0.0
2026-01-18 16:45:00,ZONE_B,0,0.99850804,0.00090436364,1904.6507,1904.6507,0.0,0.0,0.6088037269618354,0.6088037269618354,0.0,0,0,0,0.0,OPTIMAL,0.0
2026-01-18 17:00:00,ZONE_B,0,0.99884075,0.0013384854,1958.991265,1958.991265,0.0,0.0,0.6135042632407381,0.6135042632407381,0.0,0,0,0,0.0,OPTIMAL,0.0
2026-01-18 17:15:00,ZONE_B,0,0.99807596,0.0017454121,1982.193433,1982.193433,0.0,0.0,0.6150737542249642,0.6150737542249642,0.0,0,0,0,0.0,OPTIMAL,0.0
2026-01-18 17:30:00,ZONE_B,0,0.99824333,0.0011858998,1950.834822,1950.834822,0.0,0.0,0.6079729536782507,0.6079729536782507,0.0,0,0,0,0.0,OPTIMAL,0.0
2026-01-18 17:45:00,ZONE_B,0,0.99868065,0.001465479,1953.30527,1953.30527,0.0,0.0,0.6130147608528325,0.6130147608528325,0.0,0,0,0,0.0,OPTIMAL,0.0
2026-01-18 18:00:00,ZONE_B,0,0.998243,0.0011858998,1941.24008,1941.24008,0.0,0.0,0.5941662061327122,0.5941662061327122,0.0,0,0,0,0.0,OPTIMAL,0.0
2026-01-18 18:15:00,ZONE_B,0,0.99851483,0.0016258988,1958.924863,1958.924863,0.0,0.0,0.6145585582682724,0.6145585582682724,0.0,0,0,0,0.0,OPTIMAL,0.0
2026-01-18 18:30:00,ZONE_B,0,0.9988004,0.0012652044,1948.40544,1948.40544,0.0,0.0,0.6020516679643126,0.6020516679643126,0.0,0,0,0,0.0,OPTIMAL,0.0
2026-01-18 18:45:00,ZONE_B,0,0.9990079,0.0014583187,1955.41382,1955.41382,0.0,0.0,0.6003619294247556,0.6003619294247556,0.0,0,0,0,0.0,OPTIMAL,0.0
2026-01-18 19:00:00,ZONE_B,0,0.9992887,0.0012557523,1966.438771,1966.438771,0.0,0.0,0.594318643618029,0.594318643618029,0.0,0,0,0,0.0,OPTIMAL,0.0
2026-01-18 19:15:00,ZONE_B,0,0.9987637,0.001476116,1958.151454,1958.151454,0.0,0.0,0.6019034624925576,0.6019034624925576,0.0,0,0,0,0.0,OPTIMAL,0.0
2026-01-18 19:30:00,ZONE_B,0,0.99925023,0.0013026369,1952.610327,1952.610327,0.0,0.0,0.6231753998873908,0.6231753998873908,0.0,0,0,0,0.0,OPTIMAL,0.0
2026-01-18 19:45:00,ZONE_B,0,0.9991441,0.0011116337,1929.5625,1929.5625,0.0,0.0,0.6120471609305302,0.6120471609305302,0.0,0,0,0,0.0,OPTIMAL,0.0
2026-01-18 20:00:00,ZONE_B,0,0.99983954,0.0010402442,1811.13727,1811.13727,0.0,0.0,0.5751733951040154,0.5751733951040154,0.0,0,0,0,0.0,OPTIMAL,0.0
2026-01-18 20:15:00,ZONE_B,0,0.99984133,0.0012757344,1811.31943,1811.31943,0.0,0.0,0.5590928449923774,0.5590928449923774,0.0,0,0,0,0.0,OPTIMAL,0.0
2026-01-18 20:30:00,ZONE_B,0,0.99979454,0.001466006,1828.466138,1828.466138,0.0,0.0,0.5596648931461582,0.5596648931461582,0.0,0,0,0,0.0,OPTIMAL,0.0
2026-01-18 20:45:00,ZONE_B,0,0.99981433,0.0011441878,1786.72333,1786.72333,0.0,0.0,0.5525544622160216,0.5525544622160216,0.0,0,0,0,0.0,OPTIMAL,0.0
2026-01-18 21:00:00,ZONE_B,0,0.99984777,0.001221207,1750.170415,1750.170415,0.0,0.0,0.535419187508539,0.535419187508539,0.0,0,0,0,0.0,OPTIMAL,0.0
2026-01-18 21:15:00,ZONE_B,0,0.99983764,0.0006417723,1712.647946,1712.647946,0.0,0.0,0.514159614027639,0.514159614027639,0.0,0,0,0,0.0,OPTIMAL,0.0
2026-01-18 21:30:00,ZONE_B,0,0.9998647,0.0005569251,1726.59426,1726.59426,0.0,0.0,0.5211769771214056,0.5211769771214056,0.0,0,0,0,0.0,OPTIMAL,0.0
2026-01-18 21:45:00,ZONE_B,0,0.9998579,0.0005569251,1666.5337550000002,1666.5337550000002,0.0,0.0,0.5001766426788332,0.5001766426788332,0.0,0,0,0,0.0,OPTIMAL,0.0
2026-01-18 22:00:00,ZONE_B,0,0.9998579,0.00054616405,1656.30516,1656.30516,0.0,0.0,0.49964082556377054,0.49964082556377054,0.0,0,0,0,0.0,OPTIMAL,0.0
2026-01-18 22:15:00,ZONE_B,0,0.99985456,0.00054616405,1635.37766,1635.37766,0.0,0.0,0.491562073546319,0.491562073546319,0.0,0,0,0,0.0,OPTIMAL,0.0
2026-01-18 22:30:00,ZONE_B,0,0.99985266,0.00054616405,1614.09912,1614.09912,0.0,0.0,0.493879557026673,0.493879557026673,0.0,0,0,0,0.0,OPTIMAL,0.0
2026-01-18 22:45:00,ZONE_B,0,0.99984217,0.0006207864,1598.870975,1598.870975,0.0,0.0,0.4773565534178505,0.4773565534178505,0.0,0,0,0,0.0,OPTIMAL,0.0
2026-01-18 23:00:00,ZONE_B,0,0.99984217,0.0006207864,1583.555784,1583.555784,0.0,0.0,0.4648223218833193,0.4648223218833193,0.0,0,0,0,0.0,OPTIMAL,0.0
2026-01-18 23:15:00,ZONE_B,0,0.9998419,0.0006207864,1596.427876,1596.427876,0.0,0.0,0.4633636551697906,0.4633636551697906,0.0,0,0,0,0.0,OPTIMAL,0.0
2026-01-18 23:30:00,ZONE_B,0,0.99984086,0.0006207864,1589.2988380000002,1589.2988380000002,0.0,0.0,0.45467971903491533,0.45467971903491533,0.0,0,0,0,0.0,OPTIMAL,0.0
2026-01-18 23:45:00,ZONE_B,0,0.99984217,0.000655667,1576.194615,1576.194615,0.0,0.0,0.4596112644554321,0.4596112644554321,0.0,0,0,0,0.0,OPTIMAL,0.0
2026-01-19 00:00:00,ZONE_B,0,0.99984086,0.00056016166,1573.3252710000002,1573.3252710000002,0.0,0.0,0.4491931495452571,0.4491931495452571,0.0,0,0,0,0.0,OPTIMAL,0.0
2026-01-19 00:15:00,ZONE_B,0,0.99984217,0.0007420834,1572.577394,1572.577394,0.0,0.0,0.459169675426153,0.459169675426153,0.0,0,0,0,0.0,OPTIMAL,0.0
2026-01-19 00:30:00,ZONE_B,0,0.9998441,0.0007844103,1580.699388,1580.699388,0.0,0.0,0.4672111400609123,0.4672111400609123,0.0,0,0,0,0.0,OPTIMAL,0.0
2026-01-19 00:45:00,ZONE_B,0,0.9998429,0.0007685504,1574.833086,1574.833086,0.0,0.0,0.4768990034578616,0.4768990034578616,0.0,0,0,0,0.0,OPTIMAL,0.0
2026-01-19 01:00:00,ZONE_B,0,0.99984217,0.0007420834,1569.341805,1569.341805,0.0,0.0,0.47050416456765315,0.47050416456765315,0.0,0,0,0,0.0,OPTIMAL,0.0
2026-01-19 01:15:00,ZONE_B,0,0.99984086,0.00075739756,1579.95407,1579.95407,0.0,0.0,0.4712086643344967,0.4712086643344967,0.0,0,0,0,0.0,OPTIMAL,0.0
2026-01-19 01:30:00,ZONE_B,0,0.9998429,0.0007738453,1574.6927099999998,1574.6927099999998,0.0,0.0,0.4596329234014611,0.4596329234014611,0.0,0,0,0,0.0,OPTIMAL,0.0
2026-01-19 01:45:00,ZONE_B,0,0.9998441,0.000655667,1577.756609,1577.756609,0.0,0.0,0.479718870379615,0.479718870379615,0.0,0,0,0,0.0,OPTIMAL,0.0
2026-01-19 02:00:00,ZONE_B,0,0.99983907,0.00066732144,1536.08944,1536.08944,0.0,0.0,0.4623290889754202,0.4623290889754202,0.0,0,0,0,0.0,OPTIMAL,0.0
2026-01-19 02:15:00,ZONE_B,0,0.99983907,0.00066732144,1541.819045,1541.819045,0.0,0.0,0.47804711113392645,0.47804711113392645,0.0,0,0,0,0.0,OPTIMAL,0.0
2026-01-19 02:30:00,ZONE_B,0,0.9998441,0.0009661199,1566.75022,1566.75022,0.0,0.0,0.4797874002753886,0.4797874002753886,0.0,0,0,0,0.0,OPTIMAL,0.0
2026-01-19 02:45:00,ZONE_B,0,0.99983096,0.0006619848,1549.746044,1549.746044,0.0,0.0,0.4624883958269021,0.4624883958269021,0.0,0,0,0,0.0,OPTIMAL,0.0
2026-01-19 03:00:00,ZONE_B,0,0.9998312,0.0007113327,1545.422884,1545.422884,0.0,0.0,0.4712076663176357,0.4712076663176357,0.0,0,0,0,0.0,OPTIMAL,0.0
2026-01-19 03:15:00,ZONE_B,0,0.9998281,0.0005720625,1534.40795,1534.40795,0.0,0.0,0.4707690147698443,0.4707690147698443,0.0,0,0,0,0.0,OPTIMAL,0.0
2026-01-19 03:30:00,ZONE_B,0,0.99983,0.00047507818,1540.86834,1540.86834,0.0,0.0,0.4609191284294968,0.4609191284294968,0.0,0,0,0,0.0,OPTIMAL,0.0
2026-01-19 03:45:00,ZONE_B,0,0.99984276,0.0010687002,1545.890962,1545.890962,0.0,0.0,0.4545902245496945,0.4545902245496945,0.0,0,0,0,0.0,OPTIMAL,0.0
2026-01-19 04:00:00,ZONE_B,0,0.9998281,0.0006375004,1536.76946,1536.76946,0.0,0.0,0.4810049652720353,0.4810049652720353,0.0,0,0,0,0.0,OPTIMAL,0.0
2026-01-19 04:15:00,ZONE_B,0,0.9998281,0.0006375004,1519.6734,1519.6734,0.0,0.0,0.4643764031926802,0.4643764031926802,0.0,0,0,0,0.0,OPTIMAL,0.0
2026-01-19 04:30:00,ZONE_B,0,0.99979633,0.0008175471,1558.125342,1558.125342,0.0,0.0,0.4598064268621386,0.4598064268621386,0.0,0,0,0,0.0,OPTIMAL,0.0
2026-01-19 04:45:00,ZONE_B,0,0.9998441,0.0007579882,1550.724434,1550.724434,0.0,0.0,0.4626685007865153,0.4626685007865153,0.0,0,0,0,0.0,OPTIMAL,0.0
2026-01-19 05:00:00,ZONE_B,0,0.9998332,0.00043256467,1752.13089,1752.13089,0.0,0.0,0.5304247556282743,0.5304247556282743,0.0,0,0,0,0.0,OPTIMAL,0.0
2026-01-19 05:15:00,ZONE_B,0,0.9998348,0.0004989899,1775.722446,1775.722446,0.0,0.0,0.548181951131957,0.548181951131957,0.0,0,0,0,0.0,OPTIMAL,0.0
2026-01-19 05:30:00,ZONE_B,0,0.99970657,0.00094810576,1757.8172,1757.8172,0.0,0.0,0.5575375587280786,0.5575375587280786,0.0,0,0,0,0.0,OPTIMAL,0.0
2026-01-19 05:45:00,ZONE_B,0,0.9997956,0.00092561415,1826.16443,1826.16443,0.0,0.0,0.5658989010222496,0.5658989010222496,0.0,0,0,0,0.0,OPTIMAL,0.0
2026-01-19 06:00:00,ZONE_B,0,0.99983966,0.00054181425,1837.55517,1837.55517,0.0,0.0,0.5752264760213815,0.5752264760213815,0.0,0,0,0,0.0,OPTIMAL,0.0
2026-01-19 06:15:00,ZONE_B,0,0.9991749,0.000534633,1866.73106,1866.73106,0.0,0.0,0.5985848151788992,0.5985848151788992,0.0,0,0,0,0.0,OPTIMAL,0.0
2026-01-19 06:30:00,ZONE_B,0,0.99883014,0.00055212964,1838.0234,1838.0234,0.0,0.0,0.623364337136985,0.623364337136985,0.0,0,0,0,0.0,OPTIMAL,0.0
2026-01-19 06:45:00,ZONE_B,0,0.9208853,0.0006449374,1856.3174,1856.3174,0.0,0.0,0.6340746675132196,0.6340746675132196,0.0,0,0,0,0.0,OPTIMAL,0.0
2026-01-19 07:00:00,ZONE_B,0,0.5586707,0.0011250441,1864.6656,1864.6656,0.0,0.0,0.6678872108546978,0.6678872108546978,0.0,0,0,0,0.0,OPTIMAL,0.0
2026-01-19 07:15:00,ZONE_B,0,0.753902,0.040689502,1809.1705,1809.1705,0.0,0.0,0.6343775292836753,0.6343775292836753,0.0,0,0,0,0.0,OPTIMAL,0.0
2026-01-19 07:30:00,ZONE_B,0,0.631604,0.055120446,1763.93315,1763.93315,0.0,0.0,0.6249831879639842,0.6249831879639842,0.0,0,0,0,0.0,OPTIMAL,0.0
2026-01-19 07:45:00,ZONE_B,0,0.54611826,0.06252928,1791.35987,1791.35987,0.0,0.0,0.6195063231187496,0.6195063231187496,0.0,0,0,0,0.0,OPTIMAL,0.0
2026-01-19 08:00:00,ZONE_B,0,0.60152173,0.16281493,1809.63594,1809.63594,0.0,0.0,0.6449560217395446,0.6449560217395446,0.0,0,0,0,0.0,OPTIMAL,0.0
2026-01-19 08:15:00,ZONE_B,1,0.5825639,0.3289692,1785.5582,1785.5582,0.0,0.0,0.6394961987342671,0.6394961987342671,0.0,0,0,0,0.0,OPTIMAL,0.0
2026-01-19 08:30:00,ZONE_B,3,0.6824605,0.48683703,1862.57637,1862.57637,0.0,0.0,0.7528888336560364,0.7528888336560364,0.0,0,0,0,0.0,OPTIMAL,0.0
2026-01-19 08:45:00,ZONE_B,1,0.8086477,0.36506325,1752.7530000000002,1752.7530000000002,0.0,0.0,0.6794789237488559,0.6794789237488559,0.0,0,0,0,0.0,OPTIMAL,0.0
2026-01-19 09:00:00,ZONE_B,0,0.97235394,0.52009684,1497.48598,1759.3790378643648,261.8930578643648,61.89305786436478,0.624022872420664,0.7175561076356641,200.0,0,0,0,61.89305786436478,OPTIMAL,629930.5786436477
2026-01-19 09:15:00,ZONE_B,0,0.8116835,0.6092123,1435.10073,1792.8056230279412,357.704893027941,157.704893027941,0.6471990833881938,0.7749508312525427,200.0,0,0,0,157.704893027941,OPTIMAL,1588048.9302794102
2026-01-19 09:30:00,ZONE_B,0,0.64903086,0.86708504,1445.6686999999995,1956.8524423197116,511.18374231971205,311.18374231971205,0.6371032343771491,0.8196688573729887,200.0,0,0,0,311.18374231971205,OPTIMAL,3122837.4231971204
2026-01-19 09:45:00,ZONE_B,1,0.82983994,0.7147081,1495.8623000000002,1914.5483108934002,418.68601089339995,218.68601089339995,0.6815994960328424,0.8311302146755805,200.0,0,0,0,218.68601089339995,OPTIMAL,2197860.1089339997
2026-01-19 10:00:00,ZONE_B,0,0.89885235,0.77231425,1400.71477,1862.1876176723026,461.4728476723025,261.4728476723025,0.61194702741994,0.7767587591698324,200.0,0,0,0,261.4728476723025,OPTIMAL,2625728.476723025
2026-01-19 10:15:00,ZONE_B,0,0.8560204,0.7621319,1397.85983,1863.3627314029932,465.502901402993,265.502901402993,0.6383610692823694,0.8046121059689559,200.0,0,0,0,265.502901402993,OPTIMAL,2666029.0140299303
2026-01-19 10:30:00,ZONE_B,0,0.9710215,0.80196023,1348.0892600000002,1861.3069491078295,513.2176891078292,313.2176891078292,0.6198379865199622,0.8031300188492674,200.0,0,0,0,313.2176891078292,OPTIMAL,3143176.891078292
2026-01-19 10:45:00,ZONE_B,0,0.9628232,0.4464938,1274.9151,1274.9151,0.0,0.0,0.6081749476896339,0.6081749476896339,0.0,0,0,0,0.0,OPTIMAL,0.0
2026-01-19 11:00:00,ZONE_B,0,0.98161215,0.7925626,1319.2974399999998,1839.684976243856,520.3875362438561,320.38753624385606,0.6277011771222178,0.8135538691168172,200.0,0,0,0,320.38753624385606,OPTIMAL,3214875.3624385605
2026-01-19 11:15:00,ZONE_B,0,0.94161826,0.5892465,1214.2529,1666.24638952895,451.99348952894997,251.99348952894997,0.6481849062904598,0.8096111529971731,200.0,0,0,0,251.99348952894997,OPTIMAL,2530934.8952895
2026-01-19 11:30:00,ZONE_B,1,0.66868323,0.68796754,1241.5013,1760.369583318684,518.868283318684,318.868283318684,0.6513061156769693,0.8366162173496641,200.0,0,0,0,318.868283318684,OPTIMAL,3199682.83318684
2026-01-19 11:45:00,ZONE_B,0,0.94486386,0.4910994,1212.9015,1212.9015,0.0,0.0,0.6422842662669161,0.6422842662669161,0.0,0,0,0,0.0,OPTIMAL,0.0
2026-01-19 12:00:00,ZONE_B,0,0.85933805,0.75296545,1183.22006,1782.8751484026582,599.6550884026581,399.65508840265807,0.6392240932442167,0.8533866253918382,200.0,0,0,0,399.65508840265807,OPTIMAL,13490101.955703687
2026-01-19 12:15:00,ZONE_B,0,0.69035095,0.7057424,1155.6822499999998,1740.7446403915997,585.0623903915999,385.06239039159993,0.6484668574121214,0.8574177117173295,200.0,0,0,0,385.06239039159993,OPTIMAL,24631216.65340306
2026-01-19 12:30:00,ZONE_B,0,0.89170235,0.5174563,1200.5888,1598.1649123207699,397.57611232077,197.57611232077,0.6277183657050203,0.7697098347982191,200.0,0,0,0,197.57611232077,OPTIMAL,1986761.1232077
2026-01-19 12:45:00,ZONE_B,0,0.67314905,0.6555969,1229.1953,1721.9406188462,492.7453188462,292.7453188462,0.6595089869993287,0.8354894585077849,200.0,0,0,0,292.7453188462,OPTIMAL,2938453.188462
2026-01-19 13:00:00,ZONE_B,0,0.89670444,0.3865532,1224.09476,1224.09476,0.0,0.0,0.6327055048728095,0.6327055048728095,0.0,0,0,0,0.0,OPTIMAL,0.0
2026-01-19 13:15:00,ZONE_B,0,0.95995873,0.35001144,1238.9231,1238.9231,0.0,0.0,0.6259210255760784,0.6259210255760784,0.0,0,0,0,0.0,OPTIMAL,0.0
2026-01-19 13:30:00,ZONE_B,0,0.9660496,0.4276418,1247.9114,1247.9114,0.0,0.0,0.620173647469094,0.620173647469094,0.0,0,0,0,0.0,OPTIMAL,0.0
2026-01-19 13:45:00,ZONE_B,0,0.99338245,0.35841748,1311.44365,1311.44365,0.0,0.0,0.6143038938267716,0.6143038938267716,0.0,0,0,0,0.0,OPTIMAL,0.0
2026-01-19 14:00:00,ZONE_B,0,0.9936086,0.3821796,1372.4076999999995,1372.4076999999995,0.0,0.0,0.6244783210617257,0.6244783210617257,0.0,0,0,0,0.0,OPTIMAL,0.0
2026-01-19 14:15:00,ZONE_B,0,0.981612,0.6190746,1446.0494,1779.2220396161001,333.1726396161,133.1726396161,0.645233385104423,0.7642236138568328,200.0,0,0,0,133.1726396161,OPTIMAL,1342726.3961610002
2026-01-19 14:30:00,ZONE_B,0,0.99584454,0.26752043,1460.268,1460.268,0.0,0.0,0.5855468501552977,0.5855468501552977,0.0,0,0,0,0.0,OPTIMAL,0.0
2026-01-19 14:45:00,ZONE_B,0,0.9945109,0.3472523,1466.56864,1466.56864,0.0,0.0,0.5935295291453468,0.5935295291453468,0.0,0,0,0,0.0,OPTIMAL,0.0
2026-01-19 15:00:00,ZONE_B,0,0.95603275,0.26960206,1559.96305,1559.96305,0.0,0.0,0.6225678205082981,0.6225678205082981,0.0,0,0,0,0.0,OPTIMAL,0.0
2026-01-19 15:15:00,ZONE_B,0,0.9596975,0.35213453,1636.7563300000002,1636.7563300000002,0.0,0.0,0.6288538383106728,0.6288538383106728,0.0,0,0,0,0.0,OPTIMAL,0.0
2026-01-19 15:30:00,ZONE_B,0,0.9260461,0.03845362,1667.9661500000002,1667.9661500000002,0.0,0.0,0.6279384298463555,0.6279384298463555,0.0,0,0,0,0.0,OPTIMAL,0.0
2026-01-19 15:45:00,ZONE_B,0,0.99713093,0.04234955,1693.59595,1693.59595,0.0,0.0,0.6075520872163591,0.6075520872163591,0.0,0,0,0,0.0,OPTIMAL,0.0
2026-01-19 16:00:00,ZONE_B,0,0.9885007,0.06194888,1754.0696400000002,1754.0696400000002,0.0,0.0,0.6120002152554371,0.6120002152554371,0.0,0,0,0,0.0,OPTIMAL,0.0
2026-01-19 16:15:00,ZONE_B,0,0.9834163,0.005094643,1797.58768,1797.58768,0.0,0.0,0.6045086366513207,0.6045086366513207,0.0,0,0,0,0.0,OPTIMAL,0.0
2026-01-19 16:30:00,ZONE_B,0,0.9939319,0.0015364082,1818.01317,1818.01317,0.0,0.0,0.6053297157968743,0.6053297157968743,0.0,0,0,0,0.0,OPTIMAL,0.0
2026-01-19 16:45:00,ZONE_B,0,0.9953336,0.0012453337,1862.42452,1862.42452,0.0,0.0,0.6025818711326278,0.6025818711326278,0.0,0,0,0,0.0,OPTIMAL,0.0
2026-01-19 17:00:00,ZONE_B,0,0.9984817,0.0012011795,1900.756,1900.756,0.0,0.0,0.6132274124533835,0.6132274124533835,0.0,0,0,0,0.0,OPTIMAL,0.0
2026-01-19 17:15:00,ZONE_B,0,0.998147,0.0012453337,1921.69503,1921.69503,0.0,0.0,0.609596611670632,0.609596611670632,0.0,0,0,0,0.0,OPTIMAL,0.0
2026-01-19 17:30:00,ZONE_B,0,0.9989687,0.001169004,1901.67302,1901.67302,0.0,0.0,0.616203289379969,0.616203289379969,0.0,0,0,0,0.0,OPTIMAL,0.0
2026-01-19 17:45:00,ZONE_B,0,0.9990408,0.001169004,1912.68438,1912.68438,0.0,0.0,0.611415382389958,0.611415382389958,0.0,0,0,0,0.0,OPTIMAL,0.0
2026-01-19 18:00:00,ZONE_B,0,0.9977569,0.0012796072,1911.09306,1911.09306,0.0,0.0,0.6081046989021547,0.6081046989021547,0.0,0,0,0,0.0,OPTIMAL,0.0
2026-01-19 18:15:00,ZONE_B,0,0.998718,0.0011093096,1926.74107,1926.74107,0.0,0.0,0.6127890282428509,0.6127890282428509,0.0,0,0,0,0.0,OPTIMAL,0.0
2026-01-19 18:30:00,ZONE_B,0,0.9984106,0.0017350155,1925.13341,1925.13341,0.0,0.0,0.6153098778965641,0.6153098778965641,0.0,0,0,0,0.0,OPTIMAL,0.0
2026-01-19 18:45:00,ZONE_B,0,0.9988255,0.0012011795,1913.63266,1913.63266,0.0,0.0,0.604380589453257,0.604380589453257,0.0,0,0,0,0.0,OPTIMAL,0.0
2026-01-19 19:00:00,ZONE_B,0,0.9984308,0.0011093096,1903.622896,1903.622896,0.0,0.0,0.6138166357182578,0.6138166357182578,0.0,0,0,0,0.0,OPTIMAL,0.0
2026-01-19 19:15:00,ZONE_B,0,0.9987299,0.0012011795,1918.99044,1918.99044,0.0,0.0,0.6229869993959939,0.6229869993959939,0.0,0,0,0,0.0,OPTIMAL,0.0
2026-01-19 19:30:00,ZONE_B,0,0.9984055,0.0014754778,1894.16108,1894.16108,0.0,0.0,0.5987449909464452,0.5987449909464452,0.0,0,0,0,0.0,OPTIMAL,0.0
2026-01-19 19:45:00,ZONE_B,0,0.9988456,0.0014014269,1932.54486,1932.54486,0.0,0.0,0.627238992486566,0.627238992486566,0.0,0,0,0,0.0,OPTIMAL,0.0
2026-01-19 20:00:00,ZONE_B,0,0.9998116,0.0011324098,1819.40602,1819.40602,0.0,0.0,0.5798282311100517,0.5798282311100517,0.0,0,0,0,0.0,OPTIMAL,0.0
2026-01-19 20:15:00,ZONE_B,0,0.9998023,0.0012329197,1798.155056,1798.155056,0.0,0.0,0.561759725704853,0.561759725704853,0.0,0,0,0,0.0,OPTIMAL,0.0
2026-01-19 20:30:00,ZONE_B,0,0.99980956,0.0009992841,1755.4151399999998,1755.4151399999998,0.0,0.0,0.5421066850401968,0.5421066850401968,0.0,0,0,0,0.0,OPTIMAL,0.0
2026-01-19 20:45:00,ZONE_B,0,0.99980193,0.001373849,1781.56187,1781.56187,0.0,0.0,0.5441400424163662,0.5441400424163662,0.0,0,0,0,0.0,OPTIMAL,0.0
2026-01-19 21:00:00,ZONE_B,0,0.9998216,0.00095537683,1732.44315,1732.44315,0.0,0.0,0.5373820181642871,0.5373820181642871,0.0,0,0,0,0.0,OPTIMAL,0.0
2026-01-19 21:15:00,ZONE_B,0,0.9997582,0.0004957734,1686.43296,1686.43296,0.0,0.0,0.5342307625638092,0.5342307625638092,0.0,0,0,0,0.0,OPTIMAL,0.0
2026-01-19 21:30:00,ZONE_B,0,0.9998192,0.00048619328,1655.03635,1655.03635,0.0,0.0,0.5222543398707793,0.5222543398707793,0.0,0,0,0,0.0,OPTIMAL,0.0
2026-01-19 21:45:00,ZONE_B,0,0.9998012,0.00048619328,1609.76932,1609.76932,0.0,0.0,0.5218755113358454,0.5218755113358454,0.0,0,0,0,0.0,OPTIMAL,0.0
2026-01-19 22:00:00,ZONE_B,0,0.9998012,0.00054181425,1570.4326,1570.4326,0.0,0.0,0.5119584038169029,0.5119584038169029,0.0,0,0,0,0.0,OPTIMAL,0.0
2026-01-19 22:15:00,ZONE_B,0,0.9998123,0.00053397525,1550.31963,1550.31963,0.0,0.0,0.5100376520954165,0.5100376520954165,0.0,0,0,0,0.0,OPTIMAL,0.0
2026-01-19 22:30:00,ZONE_B,0,0.99982256,0.00053397525,1557.7366000000002,1557.7366000000002,0.0,0.0,0.4864599788777245,0.4864599788777245,0.0,0,0,0,0.0,OPTIMAL,0.0
2026-01-19 22:45:00,ZONE_B,0,0.99982387,0.00053397525,1531.91163,1531.91163,0.0,0.0,0.4764272815962304,0.4764272815962304,0.0,0,0,0,0.0,OPTIMAL,0.0
2026-01-19 23:00:00,ZONE_B,0,0.99982554,0.00053397525,1512.7950560000002,1512.7950560000002,0.0,0.0,0.4711268254871092,0.4711268254871092,0.0,0,0,0,0.0,OPTIMAL,0.0
2026-01-19 23:15:00,ZONE_B,0,0.9998336,0.00053397525,1547.90697,1547.90697,0.0,0.0,0.4705024783009414,0.4705024783009414,0.0,0,0,0,0.0,OPTIMAL,0.0
2026-01-19 23:30:00,ZONE_B,0,0.99982977,0.0004263056,1551.19149,1551.19149,0.0,0.0,0.46497030068469936,0.46497030068469936,0.0,0,0,0,0.0,OPTIMAL,0.0
2026-01-19 23:45:00,ZONE_B,0,0.99983,0.00062849524,1539.093424,1539.093424,0.0,0.0,0.4599652451066823,0.4599652451066823,0.0,0,0,0,0.0,OPTIMAL,0.0
2026-01-20 00:00:00,ZONE_B,0,0.9998281,0.0007267808,1531.30397,1531.30397,0.0,0.0,0.46947779476872853,0.46947779476872853,0.0,0,0,0,0.0,OPTIMAL,0.0
2026-01-20 00:15:00,ZONE_B,0,0.9998281,0.0006375004,1521.2825,1521.2825,0.0,0.0,0.4721496528714881,0.4721496528714881,0.0,0,0,0,0.0,OPTIMAL,0.0
2026-01-20 00:30:00,ZONE_B,0,0.9998159,0.00050158455,1495.22952,1495.22952,0.0,0.0,0.4680249066798696,0.4680249066798696,0.0,0,0,0,0.0,OPTIMAL,0.0
2026-01-20 00:45:00,ZONE_B,0,0.9998159,0.00072605663,1507.06484,1507.06484,0.0,0.0,0.47880109051065634,0.47880109051065634,0.0,0,0,0,0.0,OPTIMAL,0.0
2026-01-20 01:00:00,ZONE_B,0,0.99981004,0.00065218436,1496.7512949999998,1496.7512949999998,0.0,0.0,0.4754943785728417,0.4754943785728417,0.0,0,0,0,0.0,OPTIMAL,0.0
2026-01-20 01:15:00,ZONE_B,0,0.9998149,0.00065218436,1513.9852,1513.9852,0.0,0.0,0.4715835122720428,0.4715835122720428,0.0,0,0,0,0.0,OPTIMAL,0.0
2026-01-20 01:30:00,ZONE_B,0,0.99982435,0.00065218436,1499.701545,1499.701545,0.0,0.0,0.47483031670744513,0.47483031670744513,0.0,0,0,0,0.0,OPTIMAL,0.0
2026-01-20 01:45:00,ZONE_B,0,0.99982435,0.00065218436,1495.4429240000002,1495.4429240000002,0.0,0.0,0.4669809643808755,0.4669809643808755,0.0,0,0,0,0.0,OPTIMAL,0.0
2026-01-20 02:00:00,ZONE_B,0,0.99982256,0.00065218436,1511.40624,1511.40624,0.0,0.0,0.46453842570866294,0.46453842570866294,0.0,0,0,0,0.0,OPTIMAL,0.0
2026-01-20 02:15:00,ZONE_B,0,0.9998248,0.00065218436,1521.14995,1521.14995,0.0,0.0,0.474388929218298,0.474388929218298,0.0,0,0,0,0.0,OPTIMAL,0.0
2026-01-20 02:30:00,ZONE_B,0,0.9998124,0.00065218436,1504.97438,1504.97438,0.0,0.0,0.4844201919897688,0.4844201919897688,0.0,0,0,0,0.0,OPTIMAL,0.0
2026-01-20 02:45:00,ZONE_B,0,0.9998159,0.00074182433,1493.878825,1493.878825,0.0,0.0,0.4813382898305512,0.4813382898305512,0.0,0,0,0,0.0,OPTIMAL,0.0
2026-01-20 03:00:00,ZONE_B,0,0.9997912,0.0005480617,1480.454966,1480.454966,0.0,0.0,0.4819165735130835,0.4819165735130835,0.0,0,0,0,0.0,OPTIMAL,0.0
2026-01-20 03:15:00,ZONE_B,0,0.9997912,0.0006593613,1471.32844,1471.32844,0.0,0.0,0.484279139063036,0.484279139063036,0.0,0,0,0,0.0,OPTIMAL,0.0
2026-01-20 03:30:00,ZONE_B,0,0.99980336,0.00049841375,1477.25423,1477.25423,0.0,0.0,0.47547864541518,0.47547864541518,0.0,0,0,0,0.0,OPTIMAL,0.0
2026-01-20 03:45:00,ZONE_B,0,0.99980336,0.0004929878,1481.606956,1481.606956,0.0,0.0,0.4765987133301171,0.4765987133301171,0.0,0,0,0,0.0,OPTIMAL,0.0
2026-01-20 04:00:00,ZONE_B,0,0.9997904,0.0005031945,1469.64223,1469.64223,0.0,0.0,0.4823016444716696,0.4823016444716696,0.0,0,0,0,0.0,OPTIMAL,0.0
2026-01-20 04:15:00,ZONE_B,0,0.9997904,0.0004929878,1462.27813,1462.27813,0.0,0.0,0.4810006454163439,0.4810006454163439,0.0,0,0,0,0.0,OPTIMAL,0.0
2026-01-20 04:30:00,ZONE_B,0,0.99979085,0.00065218436,1463.4055500000002,1463.4055500000002,0.0,0.0,0.48728669408689157,0.48728669408689157,0.0,0,0,0,0.0,OPTIMAL,0.0
2026-01-20 04:45:00,ZONE_B,0,0.9997737,0.0012133955,1461.37921,1461.37921,0.0,0.0,0.4930967295067887,0.4930967295067887,0.0,0,0,0,0.0,OPTIMAL,0.0
2026-01-20 05:00:00,ZONE_B,0,0.9998047,0.00045813818,1706.343745,1706.343745,0.0,0.0,0.542965190723745,0.542965190723745,0.0,0,0,0,0.0,OPTIMAL,0.0
2026-01-20 05:15:00,ZONE_B,0,0.9995634,0.0007547023,1703.83822,1703.83822,0.0,0.0,0.5531407400072521,0.5531407400072521,0.0,0,0,0,0.0,OPTIMAL,0.0
2026-01-20 05:30:00,ZONE_B,0,0.99966323,0.00042049063,1732.07592,1732.07592,0.0,0.0,0.5452018544721621,0.5452018544721621,0.0,0,0,0,0.0,OPTIMAL,0.0
2026-01-20 05:45:00,ZONE_B,0,0.9997924,0.0005829384,1774.0768,1774.0768,0.0,0.0,0.601458911574034,0.601458911574034,0.0,0,0,0,0.0,OPTIMAL,0.0
2026-01-20 06:00:00,ZONE_B,0,0.99967766,0.0005266924,1764.14548,1764.14548,0.0,0.0,0.568129098341147,0.568129098341147,0.0,0,0,0,0.0,OPTIMAL,0.0
2026-01-20 06:15:00,ZONE_B,0,0.9987919,0.00041617418,1779.41117,1779.41117,0.0,0.0,0.5903180832578184,0.5903180832578184,0.0,0,0,0,0.0,OPTIMAL,0.0
2026-01-20 06:30:00,ZONE_B,0,0.9987515,0.0005026593,1770.01558,1770.01558,0.0,0.0,0.6028398056149012,0.6028398056149012,0.0,0,0,0,0.0,OPTIMAL,0.0
2026-01-20 06:45:00,ZONE_B,0,0.99737537,0.0041782106,1767.67392,1767.67392,0.0,0.0,0.5988252259545123,0.5988252259545123,0.0,0,0,0,0.0,OPTIMAL,0.0
2026-01-20 07:00:00,ZONE_B,0,0.90552324,0.07534146,1763.8439,1763.8439,0.0,0.0,0.6389293030868273,0.6389293030868273,0.0,0,0,0,0.0,OPTIMAL,0.0
2026-01-20 07:15:00,ZONE_B,0,0.96508694,0.06670388,1711.82748,1711.82748,0.0,0.0,0.6109297171584754,0.6109297171584754,0.0,0,0,0,0.0,OPTIMAL,0.0
2026-01-20 07:30:00,ZONE_B,0,0.8296263,0.25872588,1697.95878,1697.95878,0.0,0.0,0.6381960874904276,0.6381960874904276,0.0,0,0,0,0.0,OPTIMAL,0.0
2026-01-20 07:45:00,ZONE_B,0,0.70369774,0.32655922,1701.6437999999998,1701.6437999999998,0.0,0.0,0.6452026317745275,0.6452026317745275,0.0,0,0,0,0.0,OPTIMAL,0.0
2026-01-20 08:00:00,ZONE_B,1,0.7346018,0.592881,1669.58218,1951.64307465982,282.06089465982,82.06089465982001,0.6510681289869373,0.7518041630730085,200.0,0,0,0,82.06089465982001,OPTIMAL,831608.9465982001
2026-01-20 08:15:00,ZONE_B,1,0.83716035,0.2909347,1693.7197,1693.7197,0.0,0.0,0.693784127860254,0.693784127860254,0.0,0,0,0,0.0,OPTIMAL,0.0
2026-01-20 08:30:00,ZONE_B,2,0.69400865,0.30449885,1644.8865,1644.8865,0.0,0.0,0.7040560286944328,0.7040560286944328,0.0,0,0,0,0.0,OPTIMAL,0.0
2026-01-20 08:45:00,ZONE_B,2,0.7036788,0.41457418,1582.611,1582.611,0.0,0.0,0.6914900435523282,0.6914900435523282,0.0,0,0,0,0.0,OPTIMAL,0.0
2026-01-20 09:00:00,ZONE_B,1,0.8550566,0.53948796,1377.6211,1730.381271489616,352.76017148961597,152.76017148961597,0.6727861831167107,0.7987719590097776,200.0,0,0,0,152.76017148961597,OPTIMAL,1538601.7148961597
2026-01-20 09:15:00,ZONE_B,0,0.9536429,0.39437312,1284.6897600000002,1284.6897600000002,0.0,0.0,0.6171406486787988,0.6171406486787988,0.0,0,0,0,0.0,OPTIMAL,0.0
2026-01-20 09:30:00,ZONE_B,1,0.9048831,0.7668505,1408.54726,1899.71411570342,491.16685570341997,291.16685570341997,0.6741929028165126,0.8496096375890417,200.0,0,0,0,291.16685570341997,OPTIMAL,2922668.5570341996
2026-01-20 09:45:00,ZONE_B,1,0.8544112,0.6099559,1350.66904,1771.117778026354,420.448738026354,220.44873802635402,0.6577325175180937,0.8078927815856619,200.0,0,0,0,220.44873802635402,OPTIMAL,2215487.3802635404
2026-01-20 10:00:00,ZONE_B,0,0.9147693,0.5150875,1220.692,1607.46255028,386.77055028,186.77055028,0.6197434039788431,0.7578757437867044,200.0,0,0,0,186.77055028,OPTIMAL,1878705.5028000001
2026-01-20 10:15:00,ZONE_B,0,0.9421015,0.39887938,1211.1932000000002,1211.1932000000002,0.0,0.0,0.6266360091615275,0.6266360091615275,0.0,0,0,0,0.0,OPTIMAL,0.0
2026-01-20 10:30:00,ZONE_B,0,0.9727581,0.2833891,1242.4926,1242.4926,0.0,0.0,0.6060958702730793,0.6060958702730793,0.0,0,0,0,0.0,OPTIMAL,0.0
2026-01-20 10:45:00,ZONE_B,0,0.964653,0.20005101,1272.8186,1272.8186,0.0,0.0,0.6351956895036522,0.6351956895036522,0.0,0,0,0,0.0,OPTIMAL,0.0
2026-01-20 11:00:00,ZONE_B,0,0.926701,0.38964897,1315.1358300000002,1315.1358300000002,0.0,0.0,0.6304728200095872,0.6304728200095872,0.0,0,0,0,0.0,OPTIMAL,0.0
2026-01-20 11:15:00,ZONE_B,1,0.8707907,0.564673,1346.8493,1738.6153052871,391.7660052871,191.76600528709997,0.6623893477717263,0.8023057786061504,200.0,0,0,0,191.76600528709997,OPTIMAL,1928660.0528709998
2026-01-20 11:30:00,ZONE_B,1,0.8888688,0.5178843,1481.3323,1788.03638135593,306.70408135593,106.70408135592999,0.6675999421514575,0.7771371143423704,200.0,0,0,0,106.70408135592999,OPTIMAL,1078040.8135592998
2026-01-20 11:45:00,ZONE_B,1,0.9338986,0.4356648,1447.0068599999995,1447.0068599999995,0.0,0.0,0.6674150740051594,0.6674150740051594,0.0,0,0,0,0.0,OPTIMAL,0.0
2026-01-20 12:00:00,ZONE_B,0,0.96924746,0.7796993,1335.3754399999998,1835.341289221658,499.965849221658,299.965849221658,0.6090478999537052,0.7876071323017931,200.0,0,0,0,299.965849221658,OPTIMAL,3010658.49221658
2026-01-20 12:15:00,ZONE_B,0,0.97167856,0.419994,1302.2104,1302.2104,0.0,0.0,0.6213704661456028,0.6213704661456028,0.0,0,0,0,0.0,OPTIMAL,0.0
2026-01-20 12:30:00,ZONE_B,0,0.99658453,0.86028385,1358.0472,1870.8631772404651,512.815977240465,312.81597724046503,0.6060010054216539,0.7891495692728083,200.0,0,0,0,312.81597724046503,OPTIMAL,3139159.77240465
2026-01-20 12:45:00,ZONE_B,0,0.99466443,0.85055757,1325.6297,1865.573426848055,539.943726848055,339.943726848055,0.6065360464747936,0.7993730923574833,200.0,0,0,0,339.943726848055,OPTIMAL,3410437.26848055
2026-01-20 13:00:00,ZONE_B,1,0.51250297,0.55246127,1366.23044,1720.9952455542402,354.76480555424024,154.76480555424024,0.6622709191212625,0.7889726357147191,200.0,0,0,0,154.76480555424024,OPTIMAL,1558648.0555424024
2026-01-20 13:15:00,ZONE_B,1,0.5371199,0.36247894,1362.63384,1362.63384,0.0,0.0,0.6612821862947829,0.6612821862947829,0.0,0,0,0,0.0,OPTIMAL,0.0
2026-01-20 13:30:00,ZONE_B,0,0.9986305,0.8395819,1332.116,1840.49980000438,508.38380000438,308.38380000438,0.6105966882838709,0.7921623316034057,200.0,0,0,0,308.38380000438,OPTIMAL,3094838.0000438
2026-01-20 13:45:00,ZONE_B,0,0.9987477,0.8491129,1347.76144,1839.637140061994,491.875700061994,291.875700061994,0.5994400155415329,0.7751099088672867,200.0,0,0,0,291.875700061994,OPTIMAL,2929757.00061994
2026-01-20 14:00:00,ZONE_B,0,0.99624807,0.3773387,1370.14873,1370.14873,0.0,0.0,0.6042306213589463,0.6042306213589463,0.0,0,0,0,0.0,OPTIMAL,0.0
2026-01-20 14:15:00,ZONE_B,0,0.99755245,0.5983097,1432.631,1746.7664479305402,314.13544793054,114.13544793054001,0.5991582325336338,0.7113494642686213,200.0,0,0,0,114.13544793054001,OPTIMAL,1152354.4793054
2026-01-20 14:30:00,ZONE_B,0,0.99908614,0.83055484,1419.7692,1845.832371263208,426.06317126320806,226.06317126320806,0.5939789780721242,0.7461443967711783,200.0,0,0,0,226.06317126320806,OPTIMAL,2271631.7126320805
2026-01-20 14:45:00,ZONE_B,0,0.99937326,0.67123604,1464.81215,1776.87935010957,312.06720010957,112.06720010957002,0.5893465435456886,0.7007991152916341,200.0,0,0,0,112.06720010957002,OPTIMAL,1131672.0010957003
2026-01-20 15:00:00,ZONE_B,0,0.9959655,0.33506137,1609.28892,1609.28892,0.0,0.0,0.616667204825327,0.616667204825327,0.0,0,0,0,0.0,OPTIMAL,0.0
2026-01-20 15:15:00,ZONE_B,0,0.9975424,0.47812155,1616.63637,1616.63637,0.0,0.0,0.6049531221456068,0.6049531221456068,0.0,0,0,0,0.0,OPTIMAL,0.0
2026-01-20 15:30:00,ZONE_B,0,0.9159292,0.2811095,1687.8228800000002,1687.8228800000002,0.0,0.0,0.6144311076296043,0.6144311076296043,0.0,0,0,0,0.0,OPTIMAL,0.0
2026-01-20 15:45:00,ZONE_B,0,0.99593806,0.030926825,1726.704,1726.704,0.0,0.0,0.6003234760345025,0.6003234760345025,0.0,0,0,0,0.0,OPTIMAL,0.0
2026-01-20 16:00:00,ZONE_B,0,0.9709881,0.05303132,1793.959,1793.959,0.0,0.0,0.610529343247329,0.610529343247329,0.0,0,0,0,0.0,OPTIMAL,0.0
2026-01-20 16:15:00,ZONE_B,0,0.9935726,0.0040405444,1802.79458,1802.79458,0.0,0.0,0.6019688800522779,0.6019688800522779,0.0,0,0,0,0.0,OPTIMAL,0.0
2026-01-20 16:30:00,ZONE_B,0,0.9865247,0.0015499848,1885.63306,1885.63306,0.0,0.0,0.6144124151768638,0.6144124151768638,0.0,0,0,0,0.0,OPTIMAL,0.0
2026-01-20 16:45:00,ZONE_B,0,0.99827385,0.0011842219,1913.756845,1913.756845,0.0,0.0,0.5913926346583875,0.5913926346583875,0.0,0,0,0,0.0,OPTIMAL,0.0
2026-01-20 17:00:00,ZONE_B,0,0.9987394,0.001142232,1963.297367,1963.297367,0.0,0.0,0.5998721253046319,0.5998721253046319,0.0,0,0,0,0.0,OPTIMAL,0.0
2026-01-20 17:15:00,ZONE_B,0,0.999124,0.0012902976,1964.938208,1964.938208,0.0,0.0,0.6114275310838589,0.6114275310838589,0.0,0,0,0,0.0,OPTIMAL,0.0
2026-01-20 17:30:00,ZONE_B,0,0.9984635,0.0014597832,1973.780234,1973.780234,0.0,0.0,0.6066283901781747,0.6066283901781747,0.0,0,0,0,0.0,OPTIMAL,0.0
2026-01-20 17:45:00,ZONE_B,0,0.9992662,0.0010044125,1978.244634,1978.244634,0.0,0.0,0.6096357688411397,0.6096357688411397,0.0,0,0,0,0.0,OPTIMAL,0.0
2026-01-20 18:00:00,ZONE_B,0,0.99920267,0.0013830516,1979.791662,1979.791662,0.0,0.0,0.6091719474206269,0.6091719474206269,0.0,0,0,0,0.0,OPTIMAL,0.0
2026-01-20 18:15:00,ZONE_B,0,0.9978796,0.0015510102,1971.066925,1971.066925,0.0,0.0,0.6263247971423705,0.6263247971423705,0.0,0,0,0,0.0,OPTIMAL,0.0
2026-01-20 18:30:00,ZONE_B,0,0.9986601,0.0014733368,1973.930406,1973.930406,0.0,0.0,0.6011163657605092,0.6011163657605092,0.0,0,0,0,0.0,OPTIMAL,0.0
2026-01-20 18:45:00,ZONE_B,0,0.99871373,0.001465479,1990.4624925,1990.4624925,0.0,0.0,0.606859753558997,0.606859753558997,0.0,0,0,0,0.0,OPTIMAL,0.0
2026-01-20 19:00:00,ZONE_B,0,0.9982222,0.001302261,1982.990284,1982.990284,0.0,0.0,0.6157565355365587,0.6157565355365587,0.0,0,0,0,0.0,OPTIMAL,0.0
2026-01-20 19:15:00,ZONE_B,0,0.998302,0.0017481053,1986.500333,1986.500333,0.0,0.0,0.6050550772442347,0.6050550772442347,0.0,0,0,0,0.0,OPTIMAL,0.0
2026-01-20 19:30:00,ZONE_B,0,0.99841535,0.0014733368,1977.803351,1977.803351,0.0,0.0,0.6095104328636107,0.6095104328636107,0.0,0,0,0,0.0,OPTIMAL,0.0
2026-01-20 19:45:00,ZONE_B,0,0.9990771,0.0012311497,1987.553518,1987.553518,0.0,0.0,0.6062690160312585,0.6062690160312585,0.0,0,0,0,0.0,OPTIMAL,0.0
2026-01-20 20:00:00,ZONE_B,0,0.9997999,0.0011136339,1871.637556,1871.637556,0.0,0.0,0.5618480837541626,0.5618480837541626,0.0,0,0,0,0.0,OPTIMAL,0.0
2026-01-20 20:15:00,ZONE_B,0,0.9998016,0.00094722677,1864.9776011,1864.9776011,0.0,0.0,0.5554095366803742,0.5554095366803742,0.0,0,0,0,0.0,OPTIMAL,0.0
2026-01-20 20:30:00,ZONE_B,0,0.9997632,0.00083718885,1857.300258,1857.300258,0.0,0.0,0.5620655717026052,0.5620655717026052,0.0,0,0,0,0.0,OPTIMAL,0.0
2026-01-20 20:45:00,ZONE_B,0,0.9998159,0.0012757344,1842.200789,1842.200789,0.0,0.0,0.545302601986111,0.545302601986111,0.0,0,0,0,0.0,OPTIMAL,0.0
2026-01-20 21:00:00,ZONE_B,0,0.99972683,0.0005670886,1805.384127,1805.384127,0.0,0.0,0.5363064467159984,0.5363064467159984,0.0,0,0,0,0.0,OPTIMAL,0.0
2026-01-20 21:15:00,ZONE_B,0,0.9998392,0.0006330168,1768.4529317,1768.4529317,0.0,0.0,0.527989750451852,0.527989750451852,0.0,0,0,0,0.0,OPTIMAL,0.0
2026-01-20 21:30:00,ZONE_B,0,0.9997918,0.0006330168,1751.5329147,1751.5329147,0.0,0.0,0.537504788923326,0.537504788923326,0.0,0,0,0,0.0,OPTIMAL,0.0
2026-01-20 21:45:00,ZONE_B,0,0.9997495,0.00069131784,1713.914542,1713.914542,0.0,0.0,0.5111411409468731,0.5111411409468731,0.0,0,0,0,0.0,OPTIMAL,0.0
2026-01-20 22:00:00,ZONE_B,0,0.99977654,0.00070607406,1707.1531245,1707.1531245,0.0,0.0,0.49771312718413263,0.49771312718413263,0.0,0,0,0,0.0,OPTIMAL,0.0
2026-01-20 22:15:00,ZONE_B,0,0.99978334,0.0024097818,1689.9590048,1689.9590048,0.0,0.0,0.4947522024176406,0.4947522024176406,0.0,0,0,0,0.0,OPTIMAL,0.0
2026-01-20 22:30:00,ZONE_B,0,0.9998286,0.0015737916,1663.5303692,1663.5303692,0.0,0.0,0.4905652728243717,0.4905652728243717,0.0,0,0,0,0.0,OPTIMAL,0.0
2026-01-20 22:45:00,ZONE_B,0,0.9998286,0.0015737916,1636.6910843,1636.6910843,0.0,0.0,0.4713787814877268,0.4713787814877268,0.0,0,0,0,0.0,OPTIMAL,0.0
2026-01-20 23:00:00,ZONE_B,0,0.9998286,0.0026714874,1626.9387141,1626.9387141,0.0,0.0,0.4896804595412125,0.4896804595412125,0.0,0,0,0,0.0,OPTIMAL,0.0
2026-01-20 23:15:00,ZONE_B,0,0.99983084,0.0015737916,1613.0042452,1613.0042452,0.0,0.0,0.4562224288981368,0.4562224288981368,0.0,0,0,0,0.0,OPTIMAL,0.0
2026-01-20 23:30:00,ZONE_B,0,0.99978334,0.0019584368,1611.9457719,1611.9457719,0.0,0.0,0.469543203904074,0.469543203904074,0.0,0,0,0,0.0,OPTIMAL,0.0
2026-01-20 23:45:00,ZONE_B,0,0.9997638,0.0014891819,1605.502604,1605.502604,0.0,0.0,0.4600922043342508,0.4600922043342508,0.0,0,0,0,0.0,OPTIMAL,0.0
2026-01-21 00:00:00,ZONE_B,0,0.99984384,0.00053880183,1581.050432,1581.050432,0.0,0.0,0.4549999338344132,0.4549999338344132,0.0,0,0,0,0.0,OPTIMAL,0.0
2026-01-21 00:15:00,ZONE_B,0,0.9997813,0.00068573735,1602.1978252299998,1602.1978252299998,0.0,0.0,0.461133312148715,0.461133312148715,0.0,0,0,0,0.0,OPTIMAL,0.0
2026-01-21 00:30:00,ZONE_B,0,0.9998286,0.001662131,1604.7781605,1604.7781605,0.0,0.0,0.4943621515910483,0.4943621515910483,0.0,0,0,0,0.0,OPTIMAL,0.0
2026-01-21 00:45:00,ZONE_B,0,0.99983346,0.0005509177,1596.749744,1596.749744,0.0,0.0,0.4604597052775939,0.4604597052775939,0.0,0,0,0,0.0,OPTIMAL,0.0
2026-01-21 01:00:00,ZONE_B,0,0.9998229,0.0005623231,1597.3669027,1597.3669027,0.0,0.0,0.4551885798071459,0.4551885798071459,0.0,0,0,0,0.0,OPTIMAL,0.0
2026-01-21 01:15:00,ZONE_B,0,0.9998455,0.0005509177,1572.900574,1572.900574,0.0,0.0,0.4647336098821984,0.4647336098821984,0.0,0,0,0,0.0,OPTIMAL,0.0
2026-01-21 01:30:00,ZONE_B,0,0.99984777,0.0004674575,1595.147807,1595.147807,0.0,0.0,0.4735291276626289,0.4735291276626289,0.0,0,0,0,0.0,OPTIMAL,0.0
2026-01-21 01:45:00,ZONE_B,0,0.9998481,0.0005509177,1594.548609,1594.548609,0.0,0.0,0.46431006956655474,0.46431006956655474,0.0,0,0,0,0.0,OPTIMAL,0.0
2026-01-21 02:00:00,ZONE_B,0,0.9998229,0.0009358431,1600.21753,1600.21753,0.0,0.0,0.45353361394755265,0.45353361394755265,0.0,0,0,0,0.0,OPTIMAL,0.0
2026-01-21 02:15:00,ZONE_B,0,0.9998443,0.00056016166,1595.368991,1595.368991,0.0,0.0,0.4606654985597725,0.4606654985597725,0.0,0,0,0,0.0,OPTIMAL,0.0
2026-01-21 02:30:00,ZONE_B,0,0.9998461,0.00049372733,1598.433147,1598.433147,0.0,0.0,0.47532258632132107,0.47532258632132107,0.0,0,0,0,0.0,OPTIMAL,0.0
2026-01-21 02:45:00,ZONE_B,0,0.9996126,0.00085265806,1574.751672,1574.751672,0.0,0.0,0.4609669179045437,0.4609669179045437,0.0,0,0,0,0.0,OPTIMAL,0.0
2026-01-21 03:00:00,ZONE_B,0,0.9998286,0.0005509177,1600.174883,1600.174883,0.0,0.0,0.45789552784523063,0.45789552784523063,0.0,0,0,0,0.0,OPTIMAL,0.0
2026-01-21 03:15:00,ZONE_B,0,0.99983025,0.00056228903,1605.2161761,1605.2161761,0.0,0.0,0.4773174865896882,0.4773174865896882,0.0,0,0,0,0.0,OPTIMAL,0.0
2026-01-21 03:30:00,ZONE_B,0,0.9997638,0.0020394304,1595.1558470000002,1595.1558470000002,0.0,0.0,0.4706652173691033,0.4706652173691033,0.0,0,0,0,0.0,OPTIMAL,0.0
2026-01-21 03:45:00,ZONE_B,0,0.99983084,0.00057057047,1597.4758470000002,1597.4758470000002,0.0,0.0,0.46042000943629224,0.46042000943629224,0.0,0,0,0,0.0,OPTIMAL,0.0
2026-01-21 04:00:00,ZONE_B,0,0.9998286,0.0005623231,1597.7784228,1597.7784228,0.0,0.0,0.4714004370245457,0.4714004370245457,0.0,0,0,0,0.0,OPTIMAL,0.0
2026-01-21 04:15:00,ZONE_B,0,0.9998286,0.001662131,1604.4656027,1604.4656027,0.0,0.0,0.4728298775108812,0.4728298775108812,0.0,0,0,0,0.0,OPTIMAL,0.0
2026-01-21 04:30:00,ZONE_B,0,0.9997924,0.0025280134,1602.1329883,1602.1329883,0.0,0.0,0.473129583945815,0.473129583945815,0.0,0,0,0,0.0,OPTIMAL,0.0
2026-01-21 04:45:00,ZONE_B,0,0.99984944,0.00056228903,1599.723973,1599.723973,0.0,0.0,0.4725045884227264,0.4725045884227264,0.0,0,0,0,0.0,OPTIMAL,0.0
2026-01-21 05:00:00,ZONE_B,0,0.99983454,0.001662131,1824.3151266,1824.3151266,0.0,0.0,0.5356712841660992,0.5356712841660992,0.0,0,0,0,0.0,OPTIMAL,0.0
2026-01-21 05:15:00,ZONE_B,0,0.9998361,0.00048675205,1824.5304306,1824.5304306,0.0,0.0,0.5406303058355604,0.5406303058355604,0.0,0,0,0,0.0,OPTIMAL,0.0
2026-01-21 05:30:00,ZONE_B,0,0.99976724,0.00074077805,1851.35757,1851.35757,0.0,0.0,0.5573651934978237,0.5573651934978237,0.0,0,0,0,0.0,OPTIMAL,0.0
2026-01-21 05:45:00,ZONE_B,0,0.99983025,0.001662131,1878.0552266,1878.0552266,0.0,0.0,0.5621958365368058,0.5621958365368058,0.0,0,0,0,0.0,OPTIMAL,0.0
2026-01-21 06:00:00,ZONE_B,0,0.9997025,0.0028934896,1867.033717,1867.033717,0.0,0.0,0.583428195888596,0.583428195888596,0.0,0,0,0,0.0,OPTIMAL,0.0
2026-01-21 06:15:00,ZONE_B,0,0.9996973,0.0017047306,1867.218073,1867.218073,0.0,0.0,0.5825784412056073,0.5825784412056073,0.0,0,0,0,0.0,OPTIMAL,0.0
2026-01-21 06:30:00,ZONE_B,0,0.9994753,0.0019595285,1889.34235,1889.34235,0.0,0.0,0.5863940664893632,0.5863940664893632,0.0,0,0,0,0.0,OPTIMAL,0.0
2026-01-21 06:45:00,ZONE_B,0,0.998171,0.002870577,1882.04853,1882.04853,0.0,0.0,0.6162944791278571,0.6162944791278571,0.0,0,0,0,0.0,OPTIMAL,0.0
2026-01-21 07:00:00,ZONE_B,0,0.9981906,0.0013250193,1843.2879,1843.2879,0.0,0.0,0.5922651094504138,0.5922651094504138,0.0,0,0,0,0.0,OPTIMAL,0.0
2026-01-21 07:15:00,ZONE_B,0,0.8817956,0.005598177,1838.46624,1838.46624,0.0,0.0,0.6165037574753072,0.6165037574753072,0.0,0,0,0,0.0,OPTIMAL,0.0
2026-01-21 07:30:00,ZONE_B,0,0.7773826,0.0035335147,1841.65072,1841.65072,0.0,0.0,0.6366677462422891,0.6366677462422891,0.0,0,0,0,0.0,OPTIMAL,0.0
2026-01-21 07:45:00,ZONE_B,1,0.81775147,0.060343225,1884.46564,1884.46564,0.0,0.0,0.6884231142350397,0.6884231142350397,0.0,0,0,0,0.0,OPTIMAL,0.0
2026-01-21 08:00:00,ZONE_B,0,0.60245246,0.077821925,1786.6405200000002,1786.6405200000002,0.0,0.0,0.6476108124219994,0.6476108124219994,0.0,0,0,0,0.0,OPTIMAL,0.0
2026-01-21 08:15:00,ZONE_B,3,0.6291535,0.757014,1955.01732,2224.40066105832,269.38334105831996,69.38334105831996,0.7804251866303761,0.8766335229735048,200.0,0,0,0,69.38334105831996,OPTIMAL,75278697.54193898
2026-01-21 08:30:00,ZONE_B,1,0.29404253,0.37632272,1840.46503,1840.46503,0.0,0.0,0.7116527187996011,0.7116527187996011,0.0,0,0,0,0.0,OPTIMAL,0.0
2026-01-21 08:45:00,ZONE_B,1,0.6701859,0.5171924,1795.99526,2024.243716759736,228.248456759736,28.248456759736,0.6946651289565947,0.7761824352038429,200.0,0,0,0,28.248456759736,OPTIMAL,293484.56759736
2026-01-21 09:00:00,ZONE_B,0,0.9947713,0.47242928,1464.9545,1464.9545,0.0,0.0,0.5992157349021909,0.5992157349021909,0.0,0,0,0,0.0,OPTIMAL,0.0
2026-01-21 09:15:00,ZONE_B,0,0.9745668,0.5995941,1561.35245,1837.544049897395,276.191599897395,76.19159989739501,0.6121263599666057,0.7107662175220494,200.0,0,0,0,76.19159989739501,OPTIMAL,772915.99897395
2026-01-21 09:30:00,ZONE_B,0,0.8849868,0.8390958,1545.74285,1949.88524479553,404.14239479553,204.14239479552998,0.6237398528725228,0.76807642294292,200.0,0,0,0,204.14239479552998,OPTIMAL,2052423.9479552999
2026-01-21 09:45:00,ZONE_B,0,0.8356887,0.7076148,1530.8541,1891.12966536384,360.27556536384003,160.27556536384003,0.626028228685007,0.7546980738792126,200.0,0,0,0,160.27556536384003,OPTIMAL,1613755.6536384004
2026-01-21 10:00:00,ZONE_B,0,0.9901597,0.504402,1489.00527,1754.3662846326602,265.36101463266,65.36101463265999,0.6374199891623158,0.7321917803390173,200.0,0,0,0,65.36101463265999,OPTIMAL,664610.1463265999
2026-01-21 10:15:00,ZONE_B,0,0.56004155,0.5836747,1506.1494,1822.87644859957,316.72704859957,116.72704859957003,0.6349213906757,0.7480381940386083,200.0,0,0,0,116.72704859957003,OPTIMAL,1178270.4859957004
2026-01-21 10:30:00,ZONE_B,0,0.96135247,0.5804379,1450.23695,1766.8736893835448,316.636739383545,116.63673938354498,0.6242654220082321,0.7373499720886184,200.0,0,0,0,116.63673938354498,OPTIMAL,1177367.3938354498
2026-01-21 10:45:00,ZONE_B,0,0.9612218,0.6095243,1399.28995,1764.992552847505,365.70260284750503,165.70260284750503,0.6190250582983319,0.7496331310931151,200.0,0,0,0,165.70260284750503,OPTIMAL,1668026.0284750503
2026-01-21 11:00:00,ZONE_B,0,0.9355671,0.5263847,1425.1746,1738.9722590962501,313.7976590962501,113.79765909625007,0.6299598949956762,0.7420304878391432,200.0,0,0,0,113.79765909625007,OPTIMAL,1148976.5909625008
2026-01-21 11:15:00,ZONE_B,1,0.7042941,0.6656066,1423.6535,1842.1113837309,418.45788373090005,218.45788373090005,0.6602124875073843,0.8096617321063532,200.0,0,0,0,218.45788373090005,OPTIMAL,2195578.8373090005
2026-01-21 11:30:00,ZONE_B,1,0.5071836,0.44650486,1456.0566,1456.0566,0.0,0.0,0.6382724132556512,0.6382724132556512,0.0,0,0,0,0.0,OPTIMAL,0.0
2026-01-21 11:45:00,ZONE_B,0,0.98397326,0.5484025,1380.6495599999998,1715.0553906703499,334.40583067035004,134.40583067035004,0.5894247708870728,0.708855425011399,200.0,0,0,0,134.40583067035004,OPTIMAL,1355058.3067035004
2026-01-21 12:00:00,ZONE_B,0,0.95262736,0.49949697,1442.96265,1442.96265,0.0,0.0,0.6431792174149339,0.6431792174149339,0.0,0,0,0,0.0,OPTIMAL,0.0
2026-01-21 12:15:00,ZONE_B,0,0.95769054,0.7555136,1413.0582,1855.71898238656,442.66078238656,242.66078238656002,0.6339449912720649,0.7920381283039641,200.0,0,0,0,242.66078238656002,OPTIMAL,2437607.8238656
2026-01-21 12:30:00,ZONE_B,0,0.9933663,0.6004864,1424.68894,1759.790771841024,335.10183184102397,135.10183184102397,0.6141228790234415,0.7338021050118048,200.0,0,0,0,135.10183184102397,OPTIMAL,1362018.3184102396
2026-01-21 12:45:00,ZONE_B,0,0.9983407,0.8556092,1342.9734,1859.19374565672,516.2203456567199,316.2203456567199,0.6105552503058839,0.7949196599180375,200.0,0,0,0,316.2203456567199,OPTIMAL,3173203.4565671994
2026-01-21 13:00:00,ZONE_B,0,0.8065477,0.5851208,1520.6839,1824.68323610376,303.99933610376,103.99933610376002,0.646621377735246,0.7551925695051483,200.0,0,0,0,103.99933610376002,OPTIMAL,1050993.3610376003
2026-01-21 13:15:00,ZONE_B,0,0.97589344,0.63821816,1508.40794,1835.3933086056495,326.98536860564957,126.98536860564957,0.6401360300206204,0.7569165191273769,200.0,0,0,0,126.98536860564957,OPTIMAL,1280853.6860564956
2026-01-21 13:30:00,ZONE_B,0,0.99887866,0.6002599,1461.18563,1751.3811405952229,290.19551059522297,90.19551059522297,0.580516251840877,0.6841575058934714,200.0,0,0,0,90.19551059522297,OPTIMAL,912955.1059522297
2026-01-21 13:45:00,ZONE_B,0,0.99734616,0.17794217,1518.6926199999998,1518.6926199999998,0.0,0.0,0.5928481814870159,0.5928481814870159,0.0,0,0,0,0.0,OPTIMAL,0.0
2026-01-21 14:00:00,ZONE_B,0,0.9990552,0.20058213,1572.1618600000002,1572.1618600000002,0.0,0.0,0.5766693102424816,0.5766693102424816,0.0,0,0,0,0.0,OPTIMAL,0.0
2026-01-21 14:15:00,ZONE_B,0,0.99951804,0.14194311,1575.12113,1575.12113,0.0,0.0,0.5719481265608982,0.5719481265608982,0.0,0,0,0,0.0,OPTIMAL,0.0
2026-01-21 14:30:00,ZONE_B,0,0.9994978,0.054984536,1608.4118,1608.4118,0.0,0.0,0.5738152388770129,0.5738152388770129,0.0,0,0,0,0.0,OPTIMAL,0.0
2026-01-21 14:45:00,ZONE_B,0,0.9991806,0.020506596,1673.22004,1673.22004,0.0,0.0,0.6029132213272508,0.6029132213272508,0.0,0,0,0,0.0,OPTIMAL,0.0
2026-01-21 15:00:00,ZONE_B,0,0.9982273,0.030528715,1724.99673,1724.99673,0.0,0.0,0.6096431036070664,0.6096431036070664,0.0,0,0,0,0.0,OPTIMAL,0.0
2026-01-21 15:15:00,ZONE_B,0,0.9975495,0.07357131,1758.6850599999998,1758.6850599999998,0.0,0.0,0.6057807074033612,0.6057807074033612,0.0,0,0,0,0.0,OPTIMAL,0.0
2026-01-21 15:30:00,ZONE_B,0,0.9969373,0.0051479856,1796.65715,1796.65715,0.0,0.0,0.6158289306553164,0.6158289306553164,0.0,0,0,0,0.0,OPTIMAL,0.0
2026-01-21 15:45:00,ZONE_B,0,0.9834168,0.0010783528,1840.01088,1840.01088,0.0,0.0,0.6022154291332746,0.6022154291332746,0.0,0,0,0,0.0,OPTIMAL,0.0
2026-01-21 16:00:00,ZONE_B,0,0.9953732,0.0009669293,1881.57708,1881.57708,0.0,0.0,0.6114393123308748,0.6114393123308748,0.0,0,0,0,0.0,OPTIMAL,0.0
2026-01-21 16:15:00,ZONE_B,0,0.99382246,0.0010783528,1913.61372,1913.61372,0.0,0.0,0.606960700090552,0.606960700090552,0.0,0,0,0,0.0,OPTIMAL,0.0
2026-01-21 16:30:00,ZONE_B,0,0.9964598,0.0017320093,1931.94424,1931.94424,0.0,0.0,0.6132448821653818,0.6132448821653818,0.0,0,0,0,0.0,OPTIMAL,0.0
2026-01-21 16:45:00,ZONE_B,0,0.998166,0.0010940013,1955.765203,1955.765203,0.0,0.0,0.607033010709853,0.607033010709853,0.0,0,0,0,0.0,OPTIMAL,0.0
2026-01-21 17:00:00,ZONE_B,0,0.99861157,0.0013236735,1985.356707,1985.356707,0.0,0.0,0.6141708509261449,0.6141708509261449,0.0,0,0,0,0.0,OPTIMAL,0.0
2026-01-21 17:15:00,ZONE_B,0,0.99920446,0.0013830516,1998.3027676,1998.3027676,0.0,0.0,0.6126480479719355,0.6126480479719355,0.0,0,0,0,0.0,OPTIMAL,0.0
2026-01-21 17:30:00,ZONE_B,0,0.9988175,0.0014559722,1985.0607705,1985.0607705,0.0,0.0,0.5965133096162877,0.5965133096162877,0.0,0,0,0,0.0,OPTIMAL,0.0
2026-01-21 17:45:00,ZONE_B,0,0.9985166,0.0014733368,1979.068442,1979.068442,0.0,0.0,0.6098844158903135,0.6098844158903135,0.0,0,0,0,0.0,OPTIMAL,0.0
2026-01-21 18:00:00,ZONE_B,0,0.99880993,0.0014597832,1987.909899,1987.909899,0.0,0.0,0.6036072369772059,0.6036072369772059,0.0,0,0,0,0.0,OPTIMAL,0.0
2026-01-21 18:15:00,ZONE_B,0,0.9982572,0.0011858998,1990.419678,1990.419678,0.0,0.0,0.602304837671539,0.602304837671539,0.0,0,0,0,0.0,OPTIMAL,0.0
2026-01-21 18:30:00,ZONE_B,0,0.9992644,0.0013332766,1981.631054,1981.631054,0.0,0.0,0.5989998091955863,0.5989998091955863,0.0,0,0,0,0.0,OPTIMAL,0.0
2026-01-21 18:45:00,ZONE_B,0,0.9980488,0.0010951974,1990.590436,1990.590436,0.0,0.0,0.6099255367582916,0.6099255367582916,0.0,0,0,0,0.0,OPTIMAL,0.0
2026-01-21 19:00:00,ZONE_B,0,0.9992867,0.0013830516,1994.640828,1994.640828,0.0,0.0,0.5990138925123795,0.5990138925123795,0.0,0,0,0,0.0,OPTIMAL,0.0
2026-01-21 19:15:00,ZONE_B,0,0.99911505,0.0009899663,1992.4294792,1992.4294792,0.0,0.0,0.5986660986943758,0.5986660986943758,0.0,0,0,0,0.0,OPTIMAL,0.0
2026-01-21 19:30:00,ZONE_B,0,0.9992663,0.0010269377,1993.151725,1993.151725,0.0,0.0,0.6144439979547431,0.6144439979547431,0.0,0,0,0,0.0,OPTIMAL,0.0
2026-01-21 19:45:00,ZONE_B,0,0.99866843,0.0006447837,1997.2010421,1997.2010421,0.0,0.0,0.6054821032995059,0.6054821032995059,0.0,0,0,0,0.0,OPTIMAL,0.0
2026-01-21 20:00:00,ZONE_B,0,0.9997942,0.0011595682,1876.90966428,1876.90966428,0.0,0.0,0.5673766384489123,0.5673766384489123,0.0,0,0,0,0.0,OPTIMAL,0.0
2026-01-21 20:15:00,ZONE_B,0,0.9998016,0.00094722677,1866.8668421,1866.8668421,0.0,0.0,0.5596561573821934,0.5596561573821934,0.0,0,0,0,0.0,OPTIMAL,0.0
2026-01-21 20:30:00,ZONE_B,0,0.99980074,0.0009998031,1847.853719,1847.853719,0.0,0.0,0.555586438579859,0.555586438579859,0.0,0,0,0,0.0,OPTIMAL,0.0
2026-01-21 20:45:00,ZONE_B,0,0.999808,0.00094722677,1840.011547,1840.011547,0.0,0.0,0.5468629827148117,0.5468629827148117,0.0,0,0,0,0.0,OPTIMAL,0.0
2026-01-21 21:00:00,ZONE_B,0,0.9998294,0.0003841247,1795.3411924,1795.3411924,0.0,0.0,0.5411775524517307,0.5411775524517307,0.0,0,0,0,0.0,OPTIMAL,0.0
2026-01-21 21:15:00,ZONE_B,0,0.99983513,0.00041936414,1761.3280134,1761.3280134,0.0,0.0,0.5186588262806958,0.5186588262806958,0.0,0,0,0,0.0,OPTIMAL,0.0
2026-01-21 21:30:00,ZONE_B,0,0.99985635,0.0006330168,1751.071725,1751.071725,0.0,0.0,0.5272756416136422,0.5272756416136422,0.0,0,0,0,0.0,OPTIMAL,0.0
2026-01-21 21:45:00,ZONE_B,0,0.9998436,0.0006330168,1711.105593,1711.105593,0.0,0.0,0.5136327048920912,0.5136327048920912,0.0,0,0,0,0.0,OPTIMAL,0.0
2026-01-21 22:00:00,ZONE_B,0,0.9998436,0.0006207864,1701.409758,1701.409758,0.0,0.0,0.5168427235344513,0.5168427235344513,0.0,0,0,0,0.0,OPTIMAL,0.0
2026-01-21 22:15:00,ZONE_B,0,0.9998229,0.00046085293,1664.724763,1664.724763,0.0,0.0,0.48908887677072904,0.48908887677072904,0.0,0,0,0,0.0,OPTIMAL,0.0
2026-01-21 22:30:00,ZONE_B,0,0.9998229,0.00046085293,1669.1515173,1669.1515173,0.0,0.0,0.4909814677526066,0.4909814677526066,0.0,0,0,0,0.0,OPTIMAL,0.0
2026-01-21 22:45:00,ZONE_B,0,0.9998229,0.00046085293,1621.1145296000002,1621.1145296000002,0.0,0.0,0.47016347924600815,0.47016347924600815,0.0,0,0,0,0.0,OPTIMAL,0.0
2026-01-21 23:00:00,ZONE_B,0,0.9998229,0.00046085293,1623.9258175000002,1623.9258175000002,0.0,0.0,0.4717826955157443,0.4717826955157443,0.0,0,0,0,0.0,OPTIMAL,0.0
2026-01-21 23:15:00,ZONE_B,0,0.9998286,0.0015737916,1613.8704562,1613.8704562,0.0,0.0,0.4788530016933966,0.4788530016933966,0.0,0,0,0,0.0,OPTIMAL,0.0
2026-01-21 23:30:00,ZONE_B,0,0.99978334,0.0019584368,1611.4437789,1611.4437789,0.0,0.0,0.46693227564490764,0.46693227564490764,0.0,0,0,0,0.0,OPTIMAL,0.0
2026-01-21 23:45:00,ZONE_B,0,0.99983025,0.00048675205,1609.5929337,1609.5929337,0.0,0.0,0.4713085518227757,0.4713085518227757,0.0,0,0,0,0.0,OPTIMAL,0.0
2026-01-22 00:00:00,ZONE_B,0,0.9998229,0.00049372733,1600.6011637,1600.6011637,0.0,0.0,0.4667639856955645,0.4667639856955645,0.0,0,0,0,0.0,OPTIMAL,0.0
2026-01-22 00:15:00,ZONE_B,0,0.9998229,0.00049372733,1599.3413342,1599.3413342,0.0,0.0,0.46492694359645925,0.46492694359645925,0.0,0,0,0,0.0,OPTIMAL,0.0
2026-01-22 00:30:00,ZONE_B,0,0.9998481,0.000562884,1596.548638,1596.548638,0.0,0.0,0.4691699635445029,0.4691699635445029,0.0,0,0,0,0.0,OPTIMAL,0.0
2026-01-22 00:45:00,ZONE_B,0,0.99983025,0.00049372733,1599.64789,1599.64789,0.0,0.0,0.46030180339979326,0.46030180339979326,0.0,0,0,0,0.0,OPTIMAL,0.0
2026-01-22 01:00:00,ZONE_B,0,0.9998466,0.00057450216,1614.635497,1614.635497,0.0,0.0,0.508564314317469,0.508564314317469,0.0,0,0,0,0.0,OPTIMAL,0.0
2026-01-22 01:15:00,ZONE_B,0,0.9998461,0.00041584068,1593.651215,1593.651215,0.0,0.0,0.4624817132124643,0.4624817132124643,0.0,0,0,0,0.0,OPTIMAL,0.0
2026-01-22 01:30:00,ZONE_B,0,0.9998481,0.0007665415,1592.570045,1592.570045,0.0,0.0,0.4705958398368312,0.4705958398368312,0.0,0,0,0,0.0,OPTIMAL,0.0
2026-01-22 01:45:00,ZONE_B,0,0.9998466,0.0005623231,1589.3448,1589.3448,0.0,0.0,0.4650478884298955,0.4650478884298955,0.0,0,0,0,0.0,OPTIMAL,0.0
2026-01-22 02:00:00,ZONE_B,0,0.9998388,0.00046085293,1597.19479,1597.19479,0.0,0.0,0.46796573441191586,0.46796573441191586,0.0,0,0,0,0.0,OPTIMAL,0.0
2026-01-22 02:15:00,ZONE_B,0,0.9998229,0.0005509177,1600.2987376,1600.2987376,0.0,0.0,0.45511165434174533,0.45511165434174533,0.0,0,0,0,0.0,OPTIMAL,0.0
2026-01-22 02:30:00,ZONE_B,0,0.9998466,0.0007665415,1592.448105,1592.448105,0.0,0.0,0.4698399498895103,0.4698399498895103,0.0,0,0,0,0.0,OPTIMAL,0.0
2026-01-22 02:45:00,ZONE_B,0,0.9998388,0.00056016166,1588.1732060000002,1588.1732060000002,0.0,0.0,0.4672790128336816,0.4672790128336816,0.0,0,0,0,0.0,OPTIMAL,0.0
2026-01-22 03:00:00,ZONE_B,0,0.9998379,0.0006650615,1592.086383,1592.086383,0.0,0.0,0.47639117202306575,0.47639117202306575,0.0,0,0,0,0.0,OPTIMAL,0.0
2026-01-22 03:15:00,ZONE_B,0,0.9998461,0.0007420834,1592.452847,1592.452847,0.0,0.0,0.45005576147948184,0.45005576147948184,0.0,0,0,0,0.0,OPTIMAL,0.0
2026-01-22 03:30:00,ZONE_B,0,0.9998399,0.0007665415,1585.591922,1585.591922,0.0,0.0,0.4676208422641733,0.4676208422641733,0.0,0,0,0,0.0,OPTIMAL,0.0
2026-01-22 03:45:00,ZONE_B,0,0.9998461,0.0007581988,1593.280602,1593.280602,0.0,0.0,0.4766915779508578,0.4766915779508578,0.0,0,0,0,0.0,OPTIMAL,0.0
2026-01-22 04:00:00,ZONE_B,0,0.9998443,0.0006650615,1595.1362674,1595.1362674,0.0,0.0,0.4660679085111772,0.4660679085111772,0.0,0,0,0,0.0,OPTIMAL,0.0
2026-01-22 04:15:00,ZONE_B,0,0.9998229,0.00083311595,1616.1827408,1616.1827408,0.0,0.0,0.4659775868767551,0.4659775868767551,0.0,0,0,0,0.0,OPTIMAL,0.0
2026-01-22 04:30:00,ZONE_B,0,0.9998425,0.0006888486,1588.502826,1588.502826,0.0,0.0,0.4695546212673777,0.4695546212673777,0.0,0,0,0,0.0,OPTIMAL,0.0
2026-01-22 04:45:00,ZONE_B,0,0.9997991,0.0005098065,1583.5318043,1583.5318043,0.0,0.0,0.4598683173609827,0.4598683173609827,0.0,0,0,0,0.0,OPTIMAL,0.0
2026-01-22 05:00:00,ZONE_B,0,0.99984014,0.00042442512,1638.572512,1638.572512,0.0,0.0,0.5286583899631995,0.5286583899631995,0.0,0,0,0,0.0,OPTIMAL,0.0
2026-01-22 05:15:00,ZONE_B,0,0.9998287,0.00042442512,1803.6650017,1803.6650017,0.0,0.0,0.5519555743672846,0.5519555743672846,0.0,0,0,0,0.0,OPTIMAL,0.0
2026-01-22 05:30:00,ZONE_B,0,0.9998373,0.00048675205,1824.3365875,1824.3365875,0.0,0.0,0.5541222762052703,0.5541222762052703,0.0,0,0,0,0.0,OPTIMAL,0.0
2026-01-22 05:45:00,ZONE_B,0,0.9998266,0.0005823472,1877.0353399,1877.0353399,0.0,0.0,0.5635080421827598,0.5635080421827598,0.0,0,0,0,0.0,OPTIMAL,0.0
2026-01-22 06:00:00,ZONE_B,0,0.9998374,0.0006688215,1892.5103065,1892.5103065,0.0,0.0,0.5636004555250743,0.5636004555250743,0.0,0,0,0,0.0,OPTIMAL,0.0
2026-01-22 06:15:00,ZONE_B,0,0.99969125,0.00041059774,1874.399898,1874.399898,0.0,0.0,0.6082645294262712,0.6082645294262712,0.0,0,0,0,0.0,OPTIMAL,0.0
2026-01-22 06:30:00,ZONE_B,0,0.99939847,0.00057396526,1936.954443,1936.954443,0.0,0.0,0.6029607592656062,0.6029607592656062,0.0,0,0,0,0.0,OPTIMAL,0.0
2026-01-22 06:45:00,ZONE_B,0,0.9982083,0.00044702555,1937.228318,1937.228318,0.0,0.0,0.5971474666132959,0.5971474666132959,0.0,0,0,0,0.0,OPTIMAL,0.0
2026-01-22 07:00:00,ZONE_B,0,0.97277695,0.0007706901,1910.9791,1910.9791,0.0,0.0,0.6057450122499474,0.6057450122499474,0.0,0,0,0,0.0,OPTIMAL,0.0
2026-01-22 07:15:00,ZONE_B,0,0.9748037,0.0014846806,1881.88476,1881.88476,0.0,0.0,0.6218941984403403,0.6218941984403403,0.0,0,0,0,0.0,OPTIMAL,0.0
2026-01-22 07:30:00,ZONE_B,0,0.8239327,0.0015645429,1901.88722,1901.88722,0.0,0.0,0.6659850998361,0.6659850998361,0.0,0,0,0,0.0,OPTIMAL,0.0
2026-01-22 07:45:00,ZONE_B,2,0.5974117,0.0015645429,1964.3545,1964.3545,0.0,0.0,0.6247459491852094,0.6247459491852094,0.0,0,0,0,0.0,OPTIMAL,0.0
2026-01-22 08:00:00,ZONE_B,2,0.67859095,0.0010783528,1975.72442,1975.72442,0.0,0.0,0.6371461672310318,0.6371461672310318,0.0,0,0,0,0.0,OPTIMAL,0.0
2026-01-22 08:15:00,ZONE_B,1,0.6663392,0.026756756,1911.16008,1911.16008,0.0,0.0,0.654633525590545,0.654633525590545,0.0,0,0,0,0.0,OPTIMAL,0.0
2026-01-22 08:30:00,ZONE_B,2,0.5090452,0.0677798,1920.65183,1920.65183,0.0,0.0,0.6714834401281302,0.6714834401281302,0.0,0,0,0,0.0,OPTIMAL,0.0
2026-01-22 08:45:00,ZONE_B,1,0.5070436,0.057884704,1972.61456,1972.61456,0.0,0.0,0.6738507459241874,0.6738507459241874,0.0,0,0,0,0.0,OPTIMAL,0.0
2026-01-22 09:00:00,ZONE_B,0,0.9934002,0.11660551,1696.0594,1696.0594,0.0,0.0,0.5680993151935685,0.5680993151935685,0.0,0,0,0,0.0,OPTIMAL,0.0
2026-01-22 09:15:00,ZONE_B,0,0.99392635,0.31023315,1668.5261,1668.5261,0.0,0.0,0.6295498393376504,0.6295498393376504,0.0,0,0,0,0.0,OPTIMAL,0.0
2026-01-22 09:30:00,ZONE_B,0,0.97296935,0.19852176,1693.9718200000002,1693.9718200000002,0.0,0.0,0.614272354190683,0.614272354190683,0.0,0,0,0,0.0,OPTIMAL,0.0
2026-01-22 09:45:00,ZONE_B,0,0.98233783,0.31305775,1676.33897,1676.33897,0.0,0.0,0.6106586971246452,0.6106586971246452,0.0,0,0,0,0.0,OPTIMAL,0.0
2026-01-22 10:00:00,ZONE_B,0,0.9128098,0.095190495,1675.21016,1675.21016,0.0,0.0,0.6399371415498333,0.6399371415498333,0.0,0,0,0,0.0,OPTIMAL,0.0
2026-01-22 10:15:00,ZONE_B,0,0.9649993,0.26063946,1663.30506,1663.30506,0.0,0.0,0.6130433840282207,0.6130433840282207,0.0,0,0,0,0.0,OPTIMAL,0.0
2026-01-22 10:30:00,ZONE_B,1,0.499744,0.14352077,1713.3131,1713.3131,0.0,0.0,0.6276748526847756,0.6276748526847756,0.0,0,0,0,0.0,OPTIMAL,0.0
2026-01-22 10:45:00,ZONE_B,0,0.61104196,0.30288294,1612.7044,1612.7044,0.0,0.0,0.603896459253114,0.603896459253114,0.0,0,0,0,0.0,OPTIMAL,0.0
2026-01-22 11:00:00,ZONE_B,0,0.99082035,0.46281946,1567.61017,1567.61017,0.0,0.0,0.61360350517675,0.61360350517675,0.0,0,0,0,0.0,OPTIMAL,0.0
2026-01-22 11:15:00,ZONE_B,0,0.9517347,0.11768892,1652.2258,1652.2258,0.0,0.0,0.5834724107101058,0.5834724107101058,0.0,0,0,0,0.0,OPTIMAL,0.0
2026-01-22 11:30:00,ZONE_B,0,0.96696836,0.31978503,1632.643,1632.643,0.0,0.0,0.5797818985859385,0.5797818985859385,0.0,0,0,0,0.0,OPTIMAL,0.0
2026-01-22 11:45:00,ZONE_B,0,0.9945819,0.08872209,1646.5465000000002,1646.5465000000002,0.0,0.0,0.5981341454870363,0.5981341454870363,0.0,0,0,0,0.0,OPTIMAL,0.0
2026-01-22 12:00:00,ZONE_B,0,0.9896265,0.42284018,1608.03795,1608.03795,0.0,0.0,0.6592333068209203,0.6592333068209203,0.0,0,0,0,0.0,OPTIMAL,0.0
2026-01-22 12:15:00,ZONE_B,0,0.9974216,0.05871162,1649.16003,1649.16003,0.0,0.0,0.6377802943771705,0.6377802943771705,0.0,0,0,0,0.0,OPTIMAL,0.0
2026-01-22 12:30:00,ZONE_B,0,0.99863464,0.03976965,1641.05894,1641.05894,0.0,0.0,0.6407757302055773,0.6407757302055773,0.0,0,0,0,0.0,OPTIMAL,0.0
2026-01-22 12:45:00,ZONE_B,0,0.99919814,0.04037849,1655.06245,1655.06245,0.0,0.0,0.6407439890189741,0.6407439890189741,0.0,0,0,0,0.0,OPTIMAL,0.0
2026-01-22 13:00:00,ZONE_B,0,0.9958419,0.12100095,1703.92177,1703.92177,0.0,0.0,0.6031850784918583,0.6031850784918583,0.0,0,0,0,0.0,OPTIMAL,0.0
2026-01-22 13:15:00,ZONE_B,0,0.9925062,0.09401312,1711.90443,1711.90443,0.0,0.0,0.5980649355212716,0.5980649355212716,0.0,0,0,0,0.0,OPTIMAL,0.0
2026-01-22 13:30:00,ZONE_B,0,0.9880546,0.065952204,1719.66584,1719.66584,0.0,0.0,0.5696153842635533,0.5696153842635533,0.0,0,0,0,0.0,OPTIMAL,0.0
2026-01-22 13:45:00,ZONE_B,0,0.99045056,0.12011989,1696.5849,1696.5849,0.0,0.0,0.5620207123079098,0.5620207123079098,0.0,0,0,0,0.0,OPTIMAL,0.0
2026-01-22 14:00:00,ZONE_B,0,0.99737597,0.0032627783,1746.19522,1746.19522,0.0,0.0,0.6019135493284393,0.6019135493284393,0.0,0,0,0,0.0,OPTIMAL,0.0
2026-01-22 14:15:00,ZONE_B,0,0.99900717,0.00553199,1736.18785,1736.18785,0.0,0.0,0.6194525583389384,0.6194525583389384,0.0,0,0,0,0.0,OPTIMAL,0.0
2026-01-22 14:30:00,ZONE_B,0,0.9955734,0.0046670316,1777.21101,1777.21101,0.0,0.0,0.5575919480402053,0.5575919480402053,0.0,0,0,0,0.0,OPTIMAL,0.0
2026-01-22 14:45:00,ZONE_B,0,0.99849486,0.038796715,1731.8693,1731.8693,0.0,0.0,0.5696788167977447,0.5696788167977447,0.0,0,0,0,0.0,OPTIMAL,0.0
2026-01-22 15:00:00,ZONE_B,0,0.95069504,0.0010783528,1846.02721,1846.02721,0.0,0.0,0.6144473604366072,0.6144473604366072,0.0,0,0,0,0.0,OPTIMAL,0.0
2026-01-22 15:15:00,ZONE_B,0,0.99372333,0.0014586395,1838.32014,1838.32014,0.0,0.0,0.6154977361517929,0.6154977361517929,0.0,0,0,0,0.0,OPTIMAL,0.0
2026-01-22 15:30:00,ZONE_B,0,0.9968721,0.0007588049,1846.57096,1846.57096,0.0,0.0,0.5871047353934239,0.5871047353934239,0.0,0,0,0,0.0,OPTIMAL,0.0
2026-01-22 15:45:00,ZONE_B,0,0.99661726,0.0009617131,1866.10032,1866.10032,0.0,0.0,0.604437721812697,0.604437721812697,0.0,0,0,0,0.0,OPTIMAL,0.0
2026-01-22 16:00:00,ZONE_B,0,0.9964379,0.0011485438,1913.49413,1913.49413,0.0,0.0,0.5991673421242257,0.5991673421242257,0.0,0,0,0,0.0,OPTIMAL,0.0
2026-01-22 16:15:00,ZONE_B,0,0.99460137,0.0015518522,1944.74969,1944.74969,0.0,0.0,0.6220955139370768,0.6220955139370768,0.0,0,0,0,0.0,OPTIMAL,0.0
2026-01-22 16:30:00,ZONE_B,0,0.99280894,0.0013060706,1977.207348,1977.207348,0.0,0.0,0.6067330911580429,0.6067330911580429,0.0,0,0,0,0.0,OPTIMAL,0.0
2026-01-22 16:45:00,ZONE_B,0,0.9979843,0.0010940013,1976.809163,1976.809163,0.0,0.0,0.619693404419676,0.619693404419676,0.0,0,0,0,0.0,OPTIMAL,0.0
2026-01-22 17:00:00,ZONE_B,0,0.996567,0.0014854944,2018.5507504,2018.5507504,0.0,0.0,0.6030484678028807,0.6030484678028807,0.0,0,0,0,0.0,OPTIMAL,0.0
2026-01-22 17:15:00,ZONE_B,0,0.99785453,0.0014446265,2005.8514,2005.8514,0.0,0.0,0.6033051822259223,0.6033051822259223,0.0,0,0,0,0.0,OPTIMAL,0.0
2026-01-22 17:30:00,ZONE_B,0,0.9959693,0.0012391466,2024.1298,2024.1298,0.0,0.0,0.6038236981559836,0.6038236981559836,0.0,0,0,0,0.0,OPTIMAL,0.0
2026-01-22 17:45:00,ZONE_B,0,0.99785453,0.0014446265,2004.106,2004.106,0.0,0.0,0.6038008715780754,0.6038008715780754,0.0,0,0,0,0.0,OPTIMAL,0.0
2026-01-22 18:00:00,ZONE_B,0,0.9974644,0.0010068369,2020.6587614,2020.6587614,0.0,0.0,0.6133523177238354,0.6133523177238354,0.0,0,0,0,0.0,OPTIMAL,0.0
2026-01-22 18:15:00,ZONE_B,0,0.99919707,0.0010269377,2002.2757776,2002.2757776,0.0,0.0,0.6060705147440348,0.6060705147440348,0.0,0,0,0,0.0,OPTIMAL,0.0
2026-01-22 18:30:00,ZONE_B,0,0.9991098,0.0008931392,1998.05945034,1998.05945034,0.0,0.0,0.6029351864234767,0.6029351864234767,0.0,0,0,0,0.0,OPTIMAL,0.0
2026-01-22 18:45:00,ZONE_B,0,0.9991098,0.0010214486,2000.8428614,2000.8428614,0.0,0.0,0.6091253210243384,0.6091253210243384,0.0,0,0,0,0.0,OPTIMAL,0.0
2026-01-22 19:00:00,ZONE_B,0,0.99852055,0.0012031472,1999.8917698,1999.8917698,0.0,0.0,0.5985337738484412,0.5985337738484412,0.0,0,0,0,0.0,OPTIMAL,0.0
2026-01-22 19:15:00,ZONE_B,0,0.9992238,0.0010269377,2001.6112633,2001.6112633,0.0,0.0,0.5987551576423552,0.5987551576423552,0.0,0,0,0,0.0,OPTIMAL,0.0
2026-01-22 19:30:00,ZONE_B,0,0.9992143,0.0014899812,2001.5954411,2001.5954411,0.0,0.0,0.5967326550116073,0.5967326550116073,0.0,0,0,0,0.0,OPTIMAL,0.0
2026-01-22 19:45:00,ZONE_B,0,0.99611855,0.00088988023,2025.4805379,2025.4805379,0.0,0.0,0.6057375976713201,0.6057375976713201,0.0,0,0,0,0.0,OPTIMAL,0.0
2026-01-22 20:00:00,ZONE_B,0,0.99976224,0.00094216346,1904.72788962,1904.72788962,0.0,0.0,0.5603729996491345,0.5603729996491345,0.0,0,0,0,0.0,OPTIMAL,0.0
2026-01-22 20:15:00,ZONE_B,0,0.99980956,0.00094722677,1882.7505973,1882.7505973,0.0,0.0,0.5679638340308075,0.5679638340308075,0.0,0,0,0,0.0,OPTIMAL,0.0
2026-01-22 20:30:00,ZONE_B,0,0.99980956,0.00094722677,1870.370985,1870.370985,0.0,0.0,0.5512597015032674,0.5512597015032674,0.0,0,0,0,0.0,OPTIMAL,0.0
2026-01-22 20:45:00,ZONE_B,0,0.99979216,0.00094216346,1873.8461533,1873.8461533,0.0,0.0,0.5449178998713037,0.5449178998713037,0.0,0,0,0,0.0,OPTIMAL,0.0
2026-01-22 21:00:00,ZONE_B,0,0.99983454,0.0014322528,1812.9328333,1812.9328333,0.0,0.0,0.539730381239406,0.539730381239406,0.0,0,0,0,0.0,OPTIMAL,0.0
2026-01-22 21:15:00,ZONE_B,0,0.99981815,0.0013891628,1801.886888,1801.886888,0.0,0.0,0.5348965878957076,0.5348965878957076,0.0,0,0,0,0.0,OPTIMAL,0.0
2026-01-22 21:30:00,ZONE_B,0,0.99983454,0.0014322528,1791.0189850000002,1791.0189850000002,0.0,0.0,0.5208801332497062,0.5208801332497062,0.0,0,0,0,0.0,OPTIMAL,0.0
2026-01-22 21:45:00,ZONE_B,0,0.99983454,0.0015737916,1750.7949235,1750.7949235,0.0,0.0,0.5156774278912613,0.5156774278912613,0.0,0,0,0,0.0,OPTIMAL,0.0
2026-01-22 22:00:00,ZONE_B,0,0.9998318,0.0022828465,1749.8167998,1749.8167998,0.0,0.0,0.5079428611802554,0.5079428611802554,0.0,0,0,0,0.0,OPTIMAL,0.0
2026-01-22 22:15:00,ZONE_B,0,0.9997366,0.0024097818,1725.0764,1725.0764,0.0,0.0,0.49874793701947384,0.49874793701947384,0.0,0,0,0,0.0,OPTIMAL,0.0
2026-01-22 22:30:00,ZONE_B,0,0.9998247,0.0022828465,1713.0571301,1713.0571301,0.0,0.0,0.4734121429727994,0.4734121429727994,0.0,0,0,0,0.0,OPTIMAL,0.0
2026-01-22 22:45:00,ZONE_B,0,0.9998247,0.0022828465,1675.5821696,1675.5821696,0.0,0.0,0.4699428814695561,0.4699428814695561,0.0,0,0,0,0.0,OPTIMAL,0.0
2026-01-22 23:00:00,ZONE_B,0,0.999833,0.0022828465,1654.9099688,1654.9099688,0.0,0.0,0.4581147435449302,0.4581147435449302,0.0,0,0,0,0.0,OPTIMAL,0.0
2026-01-22 23:15:00,ZONE_B,0,0.99983084,0.0015737916,1653.3447284,1653.3447284,0.0,0.0,0.4572817595704238,0.4572817595704238,0.0,0,0,0,0.0,OPTIMAL,0.0
2026-01-22 23:30:00,ZONE_B,0,0.99983084,0.001662131,1647.6755235,1647.6755235,0.0,0.0,0.4686602445615249,0.4686602445615249,0.0,0,0,0,0.0,OPTIMAL,0.0
2026-01-22 23:45:00,ZONE_B,0,0.99960035,0.0027564412,1641.852184,1641.852184,0.0,0.0,0.46374972495497235,0.46374972495497235,0.0,0,0,0,0.0,OPTIMAL,0.0
2026-01-23 00:00:00,ZONE_B,0,0.9998286,0.00056228903,1619.5294776,1619.5294776,0.0,0.0,0.47086112365192395,0.47086112365192395,0.0,0,0,0,0.0,OPTIMAL,0.0
2026-01-23 00:15:00,ZONE_B,0,0.9998286,0.00056228903,1618.694678,1618.694678,0.0,0.0,0.46642937717629074,0.46642937717629074,0.0,0,0,0,0.0,OPTIMAL,0.0
2026-01-23 00:30:00,ZONE_B,0,0.9997323,0.0025449272,1620.9609802000002,1620.9609802000002,0.0,0.0,0.49556532893420213,0.49556532893420213,0.0,0,0,0,0.0,OPTIMAL,0.0
2026-01-23 00:45:00,ZONE_B,0,0.99983084,0.00042442512,1618.5753624,1618.5753624,0.0,0.0,0.4663448677754329,0.4663448677754329,0.0,0,0,0,0.0,OPTIMAL,0.0
2026-01-23 01:00:00,ZONE_B,0,0.9998286,0.001662131,1618.911156,1618.911156,0.0,0.0,0.4693851519970807,0.4693851519970807,0.0,0,0,0,0.0,OPTIMAL,0.0
2026-01-23 01:15:00,ZONE_B,0,0.99972993,0.00065027556,1623.2042,1623.2042,0.0,0.0,0.4705747231077497,0.4705747231077497,0.0,0,0,0,0.0,OPTIMAL,0.0
2026-01-23 01:30:00,ZONE_B,0,0.99983084,0.0015737916,1615.4333078,1615.4333078,0.0,0.0,0.461293345459332,0.461293345459332,0.0,0,0,0,0.0,OPTIMAL,0.0
2026-01-23 01:45:00,ZONE_B,0,0.9998286,0.00042442512,1620.1120034,1620.1120034,0.0,0.0,0.4512302106628016,0.4512302106628016,0.0,0,0,0,0.0,OPTIMAL,0.0
2026-01-23 02:00:00,ZONE_B,0,0.9997813,0.0020683224,1622.6825224,1622.6825224,0.0,0.0,0.4672728961138576,0.4672728961138576,0.0,0,0,0,0.0,OPTIMAL,0.0
2026-01-23 02:15:00,ZONE_B,0,0.999833,0.0028212683,1623.4152926,1623.4152926,0.0,0.0,0.4551754251750549,0.4551754251750549,0.0,0,0,0,0.0,OPTIMAL,0.0
2026-01-23 02:30:00,ZONE_B,0,0.99978334,0.0008614381,1621.2776475,1621.2776475,0.0,0.0,0.4612382365423732,0.4612382365423732,0.0,0,0,0,0.0,OPTIMAL,0.0
2026-01-23 02:45:00,ZONE_B,0,0.9998286,0.00083311595,1616.435276,1616.435276,0.0,0.0,0.4693180817885206,0.4693180817885206,0.0,0,0,0,0.0,OPTIMAL,0.0
2026-01-23 03:00:00,ZONE_B,0,0.999833,0.0009758901,1621.3644926,1621.3644926,0.0,0.0,0.46726809245680884,0.46726809245680884,0.0,0,0,0,0.0,OPTIMAL,0.0
2026-01-23 03:15:00,ZONE_B,0,0.999833,0.00095515203,1621.5995926,1621.5995926,0.0,0.0,0.471037443526604,0.471037443526604,0.0,0,0,0,0.0,OPTIMAL,0.0
2026-01-23 03:30:00,ZONE_B,0,0.99983084,0.00056228903,1615.8500018,1615.8500018,0.0,0.0,0.4720059879143792,0.4720059879143792,0.0,0,0,0,0.0,OPTIMAL,0.0
2026-01-23 03:45:00,ZONE_B,0,0.99982125,0.0028895123,1620.3330882,1620.3330882,0.0,0.0,0.4548864713837334,0.4548864713837334,0.0,0,0,0,0.0,OPTIMAL,0.0
2026-01-23 04:00:00,ZONE_B,0,0.9998286,0.00057450216,1612.3727489,1612.3727489,0.0,0.0,0.4547042596161826,0.4547042596161826,0.0,0,0,0,0.0,OPTIMAL,0.0
2026-01-23 04:15:00,ZONE_B,0,0.9998286,0.001662131,1619.04846,1619.04846,0.0,0.0,0.4733385714589882,0.4733385714589882,0.0,0,0,0,0.0,OPTIMAL,0.0
2026-01-23 04:30:00,ZONE_B,0,0.99985313,0.001662131,1617.120504,1617.120504,0.0,0.0,0.4666982971324457,0.4666982971324457,0.0,0,0,0,0.0,OPTIMAL,0.0
2026-01-23 04:45:00,ZONE_B,0,0.99984515,0.0005823472,1608.037325,1608.037325,0.0,0.0,0.44635719349752706,0.44635719349752706,0.0,0,0,0,0.0,OPTIMAL,0.0
2026-01-23 05:00:00,ZONE_B,0,0.9998355,0.00056228903,1836.0065586,1836.0065586,0.0,0.0,0.5204055361114204,0.5204055361114204,0.0,0,0,0,0.0,OPTIMAL,0.0
2026-01-23 05:15:00,ZONE_B,0,0.9998424,0.00048675205,1849.34238,1849.34238,0.0,0.0,0.5536500696516814,0.5536500696516814,0.0,0,0,0,0.0,OPTIMAL,0.0
2026-01-23 05:30:00,ZONE_B,0,0.99984145,0.0007738453,1876.921638,1876.921638,0.0,0.0,0.5617674299768797,0.5617674299768797,0.0,0,0,0,0.0,OPTIMAL,0.0
2026-01-23 05:45:00,ZONE_B,0,0.9997713,0.0012534455,1888.898055,1888.898055,0.0,0.0,0.5600970161500259,0.5600970161500259,0.0,0,0,0,0.0,OPTIMAL,0.0
2026-01-23 06:00:00,ZONE_B,0,0.99971634,0.00067248865,1824.206287,1824.206287,0.0,0.0,0.5664601357451352,0.5664601357451352,0.0,0,0,0,0.0,OPTIMAL,0.0
2026-01-23 06:15:00,ZONE_B,0,0.9993345,0.00037681387,1943.495236,1943.495236,0.0,0.0,0.5682336221473445,0.5682336221473445,0.0,0,0,0,0.0,OPTIMAL,0.0
2026-01-23 06:30:00,ZONE_B,0,0.9991128,0.0005387849,1902.51423,1902.51423,0.0,0.0,0.5856200247720985,0.5856200247720985,0.0,0,0,0,0.0,OPTIMAL,0.0
2026-01-23 06:45:00,ZONE_B,0,0.99860114,0.0007475794,1918.70607,1918.70607,0.0,0.0,0.6069293444970928,0.6069293444970928,0.0,0,0,0,0.0,OPTIMAL,0.0
2026-01-23 07:00:00,ZONE_B,0,0.9972824,0.00050836726,1840.26279,1840.26279,0.0,0.0,0.6127616302431265,0.6127616302431265,0.0,0,0,0,0.0,OPTIMAL,0.0
2026-01-23 07:15:00,ZONE_B,0,0.7850195,0.001140281,1878.81384,1878.81384,0.0,0.0,0.6509480742597578,0.6509480742597578,0.0,0,0,0,0.0,OPTIMAL,0.0
2026-01-23 07:30:00,ZONE_B,0,0.9082629,0.0028540806,1852.0751,1852.0751,0.0,0.0,0.620173540841269,0.620173540841269,0.0,0,0,0,0.0,OPTIMAL,0.0
2026-01-23 07:45:00,ZONE_B,1,0.45356008,0.004718956,1915.89227,1915.89227,0.0,0.0,0.6382451184035728,0.6382451184035728,0.0,0,0,0,0.0,OPTIMAL,0.0
2026-01-23 08:00:00,ZONE_B,2,0.5335767,0.02519648,1922.68064,1922.68064,0.0,0.0,0.6454048002703937,0.6454048002703937,0.0,0,0,0,0.0,OPTIMAL,0.0
2026-01-23 08:15:00,ZONE_B,1,0.60155106,0.03624833,1924.85338,1924.85338,0.0,0.0,0.6365512160610142,0.6365512160610142,0.0,0,0,0,0.0,OPTIMAL,0.0
2026-01-23 08:30:00,ZONE_B,1,0.53578585,0.10535629,1914.69716,1914.69716,0.0,0.0,0.6723817482041866,0.6723817482041866,0.0,0,0,0,0.0,OPTIMAL,0.0
2026-01-23 08:45:00,ZONE_B,1,0.7630774,0.1434389,1907.157,1907.157,0.0,0.0,0.7521005772432513,0.7521005772432513,0.0,0,0,0,0.0,OPTIMAL,0.0
2026-01-23 09:00:00,ZONE_B,0,0.98876077,0.16147631,1688.14754,1688.14754,0.0,0.0,0.5963164386266219,0.5963164386266219,0.0,0,0,0,0.0,OPTIMAL,0.0
2026-01-23 09:15:00,ZONE_B,0,0.8638549,0.10128293,1730.46136,1730.46136,0.0,0.0,0.5905678940712302,0.5905678940712302,0.0,0,0,0,0.0,OPTIMAL,0.0
2026-01-23 09:30:00,ZONE_B,0,0.99280834,0.2589494,1657.71766,1657.71766,0.0,0.0,0.5752429329629377,0.5752429329629377,0.0,0,0,0,0.0,OPTIMAL,0.0
2026-01-23 09:45:00,ZONE_B,0,0.6702284,0.05596416,1724.9794000000002,1724.9794000000002,0.0,0.0,0.5873516587412194,0.5873516587412194,0.0,0,0,0,0.0,OPTIMAL,0.0
2026-01-23 10:00:00,ZONE_B,0,0.97343147,0.03147397,1709.65044,1709.65044,0.0,0.0,0.6051396633200309,0.6051396633200309,0.0,0,0,0,0.0,OPTIMAL,0.0
2026-01-23 10:15:00,ZONE_B,0,0.9718745,0.046055656,1682.71967,1682.71967,0.0,0.0,0.5965171245571772,0.5965171245571772,0.0,0,0,0,0.0,OPTIMAL,0.0
2026-01-23 10:30:00,ZONE_B,0,0.9545313,0.2474072,1613.2595199999998,1613.2595199999998,0.0,0.0,0.6559456961956828,0.6559456961956828,0.0,0,0,0,0.0,OPTIMAL,0.0
2026-01-23 10:45:00,ZONE_B,0,0.8036767,0.32538605,1633.89128,1633.89128,0.0,0.0,0.624438337189902,0.624438337189902,0.0,0,0,0,0.0,OPTIMAL,0.0
2026-01-23 11:00:00,ZONE_B,0,0.9976363,0.4865808,1592.00222,1592.00222,0.0,0.0,0.580957084766928,0.580957084766928,0.0,0,0,0,0.0,OPTIMAL,0.0
2026-01-23 11:15:00,ZONE_B,0,0.9974649,0.29536855,1606.42677,1606.42677,0.0,0.0,0.6178604270717543,0.6178604270717543,0.0,0,0,0,0.0,OPTIMAL,0.0
2026-01-23 11:30:00,ZONE_B,0,0.9930975,0.59445816,1598.75863,1840.8190620732712,242.0604320732712,42.06043207327119,0.626510025425828,0.7129601799889795,200.0,0,0,0,42.06043207327119,OPTIMAL,431604.3207327119
2026-01-23 11:45:00,ZONE_B,0,0.9725292,0.4686171,1627.50762,1627.50762,0.0,0.0,0.6516752984984586,0.6516752984984586,0.0,0,0,0,0.0,OPTIMAL,0.0
2026-01-23 12:00:00,ZONE_B,0,0.99419576,0.27316952,1616.64506,1616.64506,0.0,0.0,0.6569792479869166,0.6569792479869166,0.0,0,0,0,0.0,OPTIMAL,0.0
2026-01-23 12:15:00,ZONE_B,0,0.9915822,0.12849933,1650.2678,1650.2678,0.0,0.0,0.5803835660025601,0.5803835660025601,0.0,0,0,0,0.0,OPTIMAL,0.0
2026-01-23 12:30:00,ZONE_B,0,0.992058,0.5063763,1617.1747,1815.08666117911,197.91196117911,0.0,0.5619069936933657,0.6325898371608689,197.91196117911,0,0,0,0.0,OPTIMAL,10885.15786485105
2026-01-23 12:45:00,ZONE_B,0,0.9846875,0.1968182,1616.26253,1616.26253,0.0,0.0,0.5750954120923086,0.5750954120923086,0.0,0,0,0,0.0,OPTIMAL,0.0
2026-01-23 13:00:00,ZONE_B,0,0.99503857,0.37976694,1644.24965,1644.24965,0.0,0.0,0.5918144978612684,0.5918144978612684,0.0,0,0,0,0.0,OPTIMAL,0.0
2026-01-23 13:15:00,ZONE_B,0,0.9986688,0.04048878,1632.37075,1632.37075,0.0,0.0,0.616059741125448,0.616059741125448,0.0,0,0,0,0.0,OPTIMAL,0.0
2026-01-23 13:30:00,ZONE_B,0,0.99609214,0.015908757,1670.2786,1670.2786,0.0,0.0,0.6224383792418248,0.6224383792418248,0.0,0,0,0,0.0,OPTIMAL,0.0
2026-01-23 13:45:00,ZONE_B,0,0.9991973,0.04390638,1665.4213,1665.4213,0.0,0.0,0.5824480245288894,0.5824480245288894,0.0,0,0,0,0.0,OPTIMAL,0.0
2026-01-23 14:00:00,ZONE_B,0,0.9983144,0.013728865,1714.39969,1714.39969,0.0,0.0,0.5658409788001806,0.5658409788001806,0.0,0,0,0,0.0,OPTIMAL,0.0
2026-01-23 14:15:00,ZONE_B,0,0.9975745,0.007634952,1741.05473,1741.05473,0.0,0.0,0.5796902878738113,0.5796902878738113,0.0,0,0,0,0.0,OPTIMAL,0.0
2026-01-23 14:30:00,ZONE_B,0,0.9947488,0.004152324,1733.9425700000002,1733.9425700000002,0.0,0.0,0.5733306909656958,0.5733306909656958,0.0,0,0,0,0.0,OPTIMAL,0.0
2026-01-23 14:45:00,ZONE_B,0,0.9989367,0.0014917033,1783.1906,1783.1906,0.0,0.0,0.6420230290202333,0.6420230290202333,0.0,0,0,0,0.0,OPTIMAL,0.0
2026-01-23 15:00:00,ZONE_B,0,0.98783755,0.00069506187,1832.54709,1832.54709,0.0,0.0,0.5951320088753345,0.5951320088753345,0.0,0,0,0,0.0,OPTIMAL,0.0
2026-01-23 15:15:00,ZONE_B,0,0.9969169,0.00092982163,1863.1479,1863.1479,0.0,0.0,0.6015782309975876,0.6015782309975876,0.0,0,0,0,0.0,OPTIMAL,0.0
2026-01-23 15:30:00,ZONE_B,0,0.99676055,0.0009617131,1870.28633,1870.28633,0.0,0.0,0.6662418514870417,0.6662418514870417,0.0,0,0,0,0.0,OPTIMAL,0.0
2026-01-23 15:45:00,ZONE_B,0,0.9960943,0.0012572022,1888.50013,1888.50013,0.0,0.0,0.5913168440423118,0.5913168440423118,0.0,0,0,0,0.0,OPTIMAL,0.0
2026-01-23 16:00:00,ZONE_B,0,0.9876944,0.0013299773,1938.382574,1938.382574,0.0,0.0,0.6164827397424469,0.6164827397424469,0.0,0,0,0,0.0,OPTIMAL,0.0
2026-01-23 16:15:00,ZONE_B,0,0.9981629,0.00077720894,1930.71055,1930.71055,0.0,0.0,0.5966842121358857,0.5966842121358857,0.0,0,0,0,0.0,OPTIMAL,0.0
2026-01-23 16:30:00,ZONE_B,0,0.9953862,0.0015974203,1956.38176,1956.38176,0.0,0.0,0.6085877680516344,0.6085877680516344,0.0,0,0,0,0.0,OPTIMAL,0.0
2026-01-23 16:45:00,ZONE_B,0,0.997556,0.0009586425,1981.66139,1981.66139,0.0,0.0,0.6004442908987295,0.6004442908987295,0.0,0,0,0,0.0,OPTIMAL,0.0
2026-01-23 17:00:00,ZONE_B,0,0.9979341,0.0020831442,2002.5526398,2002.5526398,0.0,0.0,0.6103340909728796,0.6103340909728796,0.0,0,0,0,0.0,OPTIMAL,0.0
2026-01-23 17:15:00,ZONE_B,0,0.9974989,0.0013200501,2005.562344,2005.562344,0.0,0.0,0.5981807684749189,0.5981807684749189,0.0,0,0,0,0.0,OPTIMAL,0.0
2026-01-23 17:30:00,ZONE_B,0,0.9983569,0.0009027962,2012.85619033,2012.85619033,0.0,0.0,0.6023142406154361,0.6023142406154361,0.0,0,0,0,0.0,OPTIMAL,0.0
2026-01-23 17:45:00,ZONE_B,0,0.9956806,0.0012391466,2022.6829,2022.6829,0.0,0.0,0.6077147004774527,0.6077147004774527,0.0,0,0,0,0.0,OPTIMAL,0.0
2026-01-23 18:00:00,ZONE_B,0,0.9988049,0.00090764824,2008.774696,2008.774696,0.0,0.0,0.6020111379550123,0.6020111379550123,0.0,0,0,0,0.0,OPTIMAL,0.0
2026-01-23 18:15:00,ZONE_B,0,0.99434245,0.0011101612,2015.896623,2015.896623,0.0,0.0,0.594695126080923,0.594695126080923,0.0,0,0,0,0.0,OPTIMAL,0.0
2026-01-23 18:30:00,ZONE_B,0,0.99919707,0.0010269377,2004.5211928,2004.5211928,0.0,0.0,0.5956298372993004,0.5956298372993004,0.0,0,0,0,0.0,OPTIMAL,0.0
2026-01-23 18:45:00,ZONE_B,0,0.9987834,0.0010214486,2000.3743483,2000.3743483,0.0,0.0,0.6073581338932205,0.6073581338932205,0.0,0,0,0,0.0,OPTIMAL,0.0
2026-01-23 19:00:00,ZONE_B,0,0.9991968,0.0014899812,2000.4650238,2000.4650238,0.0,0.0,0.612803405091333,0.612803405091333,0.0,0,0,0,0.0,OPTIMAL,0.0
2026-01-23 19:15:00,ZONE_B,0,0.99924195,0.00072955096,1996.5615848,1996.5615848,0.0,0.0,0.6186271954632149,0.6186271954632149,0.0,0,0,0,0.0,OPTIMAL,0.0
2026-01-23 19:30:00,ZONE_B,0,0.9990784,0.0007457194,2006.8931682,2006.8931682,0.0,0.0,0.593061275881008,0.593061275881008,0.0,0,0,0,0.0,OPTIMAL,0.0
2026-01-23 19:45:00,ZONE_B,0,0.99899143,0.00072955096,1995.3235923,1995.3235923,0.0,0.0,0.5976792168108368,0.5976792168108368,0.0,0,0,0,0.0,OPTIMAL,0.0
2026-01-23 20:00:00,ZONE_B,0,0.9996989,0.0011097742,1871.937318024,1871.937318024,0.0,0.0,0.5766970563706107,0.5766970563706107,0.0,0,0,0,0.0,OPTIMAL,0.0
2026-01-23 20:15:00,ZONE_B,0,0.9998068,0.0012697914,1870.877796,1870.877796,0.0,0.0,0.5587335228337934,0.5587335228337934,0.0,0,0,0,0.0,OPTIMAL,0.0
2026-01-23 20:30:00,ZONE_B,0,0.99980384,0.0016086074,1848.3689958,1848.3689958,0.0,0.0,0.5567718318539414,0.5567718318539414,0.0,0,0,0,0.0,OPTIMAL,0.0
2026-01-23 20:45:00,ZONE_B,0,0.99980956,0.0016086074,1848.7135562,1848.7135562,0.0,0.0,0.556578380668274,0.556578380668274,0.0,0,0,0,0.0,OPTIMAL,0.0
2026-01-23 21:00:00,ZONE_B,0,0.99976283,0.0009236196,1797.8089824,1797.8089824,0.0,0.0,0.5402968982623926,0.5402968982623926,0.0,0,0,0,0.0,OPTIMAL,0.0
2026-01-23 21:15:00,ZONE_B,0,0.99983835,0.002431468,1781.4755958,1781.4755958,0.0,0.0,0.5437609146728659,0.5437609146728659,0.0,0,0,0,0.0,OPTIMAL,0.0
2026-01-23 21:30:00,ZONE_B,0,0.99983454,0.002431468,1751.1546562,1751.1546562,0.0,0.0,0.5112591372382516,0.5112591372382516,0.0,0,0,0,0.0,OPTIMAL,0.0
2026-01-23 21:45:00,ZONE_B,0,0.99983454,0.0014322528,1733.7714703,1733.7714703,0.0,0.0,0.5008955980382815,0.5008955980382815,0.0,0,0,0,0.0,OPTIMAL,0.0
2026-01-23 22:00:00,ZONE_B,0,0.999833,0.0026714874,1709.7630075,1709.7630075,0.0,0.0,0.5051312372565304,0.5051312372565304,0.0,0,0,0,0.0,OPTIMAL,0.0
2026-01-23 22:15:00,ZONE_B,0,0.999833,0.0026714874,1697.4508381,1697.4508381,0.0,0.0,0.5016044844829654,0.5016044844829654,0.0,0,0,0,0.0,OPTIMAL,0.0
2026-01-23 22:30:00,ZONE_B,0,0.9997813,0.0024097818,1653.17872562,1653.17872562,0.0,0.0,0.48853047485164974,0.48853047485164974,0.0,0,0,0,0.0,OPTIMAL,0.0
2026-01-23 22:45:00,ZONE_B,0,0.999833,0.0022828465,1627.9282173,1627.9282173,0.0,0.0,0.4707331626609906,0.4707331626609906,0.0,0,0,0,0.0,OPTIMAL,0.0
2026-01-23 23:00:00,ZONE_B,0,0.9998286,0.0015737916,1612.967474,1612.967474,0.0,0.0,0.4696367718156947,0.4696367718156947,0.0,0,0,0,0.0,OPTIMAL,0.0
2026-01-23 23:15:00,ZONE_B,0,0.9998286,0.0015737916,1613.686706,1613.686706,0.0,0.0,0.4612487741354491,0.4612487741354491,0.0,0,0,0,0.0,OPTIMAL,0.0
2026-01-23 23:30:00,ZONE_B,0,0.9998349,0.0018231814,1613.829703,1613.829703,0.0,0.0,0.467837129944537,0.467837129944537,0.0,0,0,0,0.0,OPTIMAL,0.0
2026-01-23 23:45:00,ZONE_B,0,0.9998286,0.001662131,1611.0389582,1611.0389582,0.0,0.0,0.476293109191943,0.476293109191943,0.0,0,0,0,0.0,OPTIMAL,0.0
2026-01-24 00:00:00,ZONE_B,0,0.9998286,0.001226754,1600.7229221,1600.7229221,0.0,0.0,0.4533474471304251,0.4533474471304251,0.0,0,0,0,0.0,OPTIMAL,0.0
2026-01-24 00:15:00,ZONE_B,0,0.9998286,0.0005509177,1600.0876221,1600.0876221,0.0,0.0,0.4647773505288868,0.4647773505288868,0.0,0,0,0,0.0,OPTIMAL,0.0
2026-01-24 00:30:00,ZONE_B,0,0.99983084,0.000562884,1597.960949,1597.960949,0.0,0.0,0.47565139053662786,0.47565139053662786,0.0,0,0,0,0.0,OPTIMAL,0.0
2026-01-24 00:45:00,ZONE_B,0,0.9998286,0.001226754,1599.0115484,1599.0115484,0.0,0.0,0.4674279890800537,0.4674279890800537,0.0,0,0,0,0.0,OPTIMAL,0.0
2026-01-24 01:00:00,ZONE_B,0,0.9998247,0.00068573735,1600.8081697399998,1600.8081697399998,0.0,0.0,0.4623778034799155,0.4623778034799155,0.0,0,0,0,0.0,OPTIMAL,0.0
2026-01-24 01:15:00,ZONE_B,0,0.9997813,0.000637126,1604.0197583,1604.0197583,0.0,0.0,0.47213552390289654,0.47213552390289654,0.0,0,0,0,0.0,OPTIMAL,0.0
2026-01-24 01:30:00,ZONE_B,0,0.99983084,0.001226754,1597.496402,1597.496402,0.0,0.0,0.45436131885974257,0.45436131885974257,0.0,0,0,0,0.0,OPTIMAL,0.0
2026-01-24 01:45:00,ZONE_B,0,0.9997813,0.00070063,1603.071121,1603.071121,0.0,0.0,0.46639697440066924,0.46639697440066924,0.0,0,0,0,0.0,OPTIMAL,0.0
2026-01-24 02:00:00,ZONE_B,0,0.9998286,0.0005509177,1601.2905018,1601.2905018,0.0,0.0,0.4711990974769202,0.4711990974769202,0.0,0,0,0,0.0,OPTIMAL,0.0
2026-01-24 02:15:00,ZONE_B,0,0.9998286,0.001226754,1599.2380709,1599.2380709,0.0,0.0,0.4525436440823073,0.4525436440823073,0.0,0,0,0,0.0,OPTIMAL,0.0
2026-01-24 02:30:00,ZONE_B,0,0.99978834,0.0008931196,1599.2148773,1599.2148773,0.0,0.0,0.4660513417691337,0.4660513417691337,0.0,0,0,0,0.0,OPTIMAL,0.0
2026-01-24 02:45:00,ZONE_B,0,0.9998286,0.00042442512,1605.0883228,1605.0883228,0.0,0.0,0.4702662133579067,0.4702662133579067,0.0,0,0,0,0.0,OPTIMAL,0.0
2026-01-24 03:00:00,ZONE_B,0,0.9998286,0.001226754,1600.255695,1600.255695,0.0,0.0,0.4513151161564527,0.4513151161564527,0.0,0,0,0,0.0,OPTIMAL,0.0
2026-01-24 03:15:00,ZONE_B,0,0.9998286,0.00083311595,1616.3431967,1616.3431967,0.0,0.0,0.4723661663947536,0.4723661663947536,0.0,0,0,0,0.0,OPTIMAL,0.0
2026-01-24 03:30:00,ZONE_B,0,0.9998349,0.0007210341,1604.170992,1604.170992,0.0,0.0,0.46945842732568605,0.46945842732568605,0.0,0,0,0,0.0,OPTIMAL,0.0
2026-01-24 03:45:00,ZONE_B,0,0.9998286,0.001226754,1601.2748207,1601.2748207,0.0,0.0,0.4726127240407001,0.4726127240407001,0.0,0,0,0,0.0,OPTIMAL,0.0
2026-01-24 04:00:00,ZONE_B,0,0.99972993,0.0008614902,1600.9486,1600.9486,0.0,0.0,0.4632300682951958,0.4632300682951958,0.0,0,0,0,0.0,OPTIMAL,0.0
2026-01-24 04:15:00,ZONE_B,0,0.999813,0.0028895123,1611.9679052,1611.9679052,0.0,0.0,0.458541523893648,0.458541523893648,0.0,0,0,0,0.0,OPTIMAL,0.0
2026-01-24 04:30:00,ZONE_B,0,0.999813,0.0009901088,1596.0187127,1596.0187127,0.0,0.0,0.4544283364234802,0.4544283364234802,0.0,0,0,0,0.0,OPTIMAL,0.0
2026-01-24 04:45:00,ZONE_B,0,0.9998286,0.0005690788,1585.452356,1585.452356,0.0,0.0,0.4711766043131227,0.4711766043131227,0.0,0,0,0,0.0,OPTIMAL,0.0
2026-01-24 05:00:00,ZONE_B,0,0.9997695,0.00068652007,1820.192195,1820.192195,0.0,0.0,0.5281775648862435,0.5281775648862435,0.0,0,0,0,0.0,OPTIMAL,0.0
2026-01-24 05:15:00,ZONE_B,0,0.9997831,0.00069988956,1843.768773,1843.768773,0.0,0.0,0.5368244817429745,0.5368244817429745,0.0,0,0,0,0.0,OPTIMAL,0.0
2026-01-24 05:30:00,ZONE_B,0,0.9997968,0.00062815176,1842.0574823,1842.0574823,0.0,0.0,0.5529714629438103,0.5529714629438103,0.0,0,0,0,0.0,OPTIMAL,0.0
2026-01-24 05:45:00,ZONE_B,0,0.99980253,0.0020683224,1889.0129065,1889.0129065,0.0,0.0,0.5592640640253141,0.5592640640253141,0.0,0,0,0,0.0,OPTIMAL,0.0
2026-01-24 06:00:00,ZONE_B,0,0.99970216,0.0017047306,1835.705557,1835.705557,0.0,0.0,0.5823992865577453,0.5823992865577453,0.0,0,0,0,0.0,OPTIMAL,0.0
2026-01-24 06:15:00,ZONE_B,0,0.9996424,0.00212131,1886.611823,1886.611823,0.0,0.0,0.5733354978552253,0.5733354978552253,0.0,0,0,0,0.0,OPTIMAL,0.0
2026-01-24 06:30:00,ZONE_B,0,0.9994741,0.0011540332,1912.167013,1912.167013,0.0,0.0,0.5966394790336743,0.5966394790336743,0.0,0,0,0,0.0,OPTIMAL,0.0
2026-01-24 06:45:00,ZONE_B,0,0.9992699,0.001313919,1881.60067,1881.60067,0.0,0.0,0.6084304820480726,0.6084304820480726,0.0,0,0,0,0.0,OPTIMAL,0.0
2026-01-24 07:00:00,ZONE_B,0,0.9982039,0.00092982163,1930.82908,1930.82908,0.0,0.0,0.6057303471363925,0.6057303471363925,0.0,0,0,0,0.0,OPTIMAL,0.0
2026-01-24 07:15:00,ZONE_B,0,0.7965773,0.0011484994,1914.79759,1914.79759,0.0,0.0,0.6397433461825518,0.6397433461825518,0.0,0,0,0,0.0,OPTIMAL,0.0
2026-01-24 07:30:00,ZONE_B,0,0.8485757,0.0010783528,1945.2419700000005,1945.2419700000005,0.0,0.0,0.6912852506155444,0.6912852506155444,0.0,0,0,0,0.0,OPTIMAL,0.0
2026-01-24 07:45:00,ZONE_B,0,0.7937829,0.0010178132,1995.19808,1995.19808,0.0,0.0,0.6228145594745638,0.6228145594745638,0.0,0,0,0,0.0,OPTIMAL,0.0
2026-01-24 08:00:00,ZONE_B,2,0.70218176,0.0010783528,2016.47182,2016.47182,0.0,0.0,0.7128285575573913,0.7128285575573913,0.0,0,0,0,0.0,OPTIMAL,0.0
2026-01-24 08:15:00,ZONE_B,2,0.51959205,0.001516922,2017.43825,2017.43825,0.0,0.0,0.6788619720243357,0.6788619720243357,0.0,0,0,0,0.0,OPTIMAL,0.0
2026-01-24 08:30:00,ZONE_B,2,0.4806411,0.0011212059,2002.36273,2002.36273,0.0,0.0,0.6739175569918404,0.6739175569918404,0.0,0,0,0,0.0,OPTIMAL,0.0
2026-01-24 08:45:00,ZONE_B,2,0.36588278,0.0044015693,2043.8775,2043.8775,0.0,0.0,0.6767597551600435,0.6767597551600435,0.0,0,0,0,0.0,OPTIMAL,0.0
2026-01-24 09:00:00,ZONE_B,1,0.49579352,0.0031295414,1847.21445,1847.21445,0.0,0.0,0.5848515882031656,0.5848515882031656,0.0,0,0,0,0.0,OPTIMAL,0.0
2026-01-24 09:15:00,ZONE_B,0,0.97847235,0.0050659697,1790.9571,1790.9571,0.0,0.0,0.6281703215595472,0.6281703215595472,0.0,0,0,0,0.0,OPTIMAL,0.0
2026-01-24 09:30:00,ZONE_B,0,0.9941697,0.0037789429,1754.2269299999998,1754.2269299999998,0.0,0.0,0.5950541822722348,0.5950541822722348,0.0,0,0,0,0.0,OPTIMAL,0.0
2026-01-24 09:45:00,ZONE_B,0,0.96748257,0.0050659697,1775.31569,1775.31569,0.0,0.0,0.654088732678259,0.654088732678259,0.0,0,0,0,0.0,OPTIMAL,0.0
2026-01-24 10:00:00,ZONE_B,0,0.76681715,0.0051209736,1825.78135,1825.78135,0.0,0.0,0.5883000449254424,0.5883000449254424,0.0,0,0,0,0.0,OPTIMAL,0.0
2026-01-24 10:15:00,ZONE_B,0,0.9342736,0.06463133,1762.85523,1762.85523,0.0,0.0,0.598441908300767,0.598441908300767,0.0,0,0,0,0.0,OPTIMAL,0.0
2026-01-24 10:30:00,ZONE_B,0,0.9673803,0.034749903,1777.2197,1777.2197,0.0,0.0,0.5781418705582083,0.5781418705582083,0.0,0,0,0,0.0,OPTIMAL,0.0
2026-01-24 10:45:00,ZONE_B,0,0.9807808,0.029390486,1756.76014,1756.76014,0.0,0.0,0.6213916119809514,0.6213916119809514,0.0,0,0,0,0.0,OPTIMAL,0.0
2026-01-24 11:00:00,ZONE_B,0,0.96622676,0.026831105,1752.82783,1752.82783,0.0,0.0,0.6381496461370633,0.6381496461370633,0.0,0,0,0,0.0,OPTIMAL,0.0
2026-01-24 11:15:00,ZONE_B,0,0.9972025,0.05487082,1741.73594,1741.73594,0.0,0.0,0.6069057660250315,0.6069057660250315,0.0,0,0,0,0.0,OPTIMAL,0.0
2026-01-24 11:30:00,ZONE_B,0,0.9686073,0.028610364,1755.3318399999998,1755.3318399999998,0.0,0.0,0.5787878195648263,0.5787878195648263,0.0,0,0,0,0.0,OPTIMAL,0.0
2026-01-24 11:45:00,ZONE_B,0,0.98595595,0.041065045,1723.4413,1723.4413,0.0,0.0,0.6166371219734013,0.6166371219734013,0.0,0,0,0,0.0,OPTIMAL,0.0
2026-01-24 12:00:00,ZONE_B,0,0.9919001,0.060320627,1739.98,1739.98,0.0,0.0,0.6289515817697838,0.6289515817697838,0.0,0,0,0,0.0,OPTIMAL,0.0
2026-01-24 12:15:00,ZONE_B,0,0.9966918,0.044901386,1724.74177,1724.74177,0.0,0.0,0.6173421273198025,0.6173421273198025,0.0,0,0,0,0.0,OPTIMAL,0.0
2026-01-24 12:30:00,ZONE_B,0,0.9973392,0.026959272,1690.14292,1690.14292,0.0,0.0,0.6244647351390438,0.6244647351390438,0.0,0,0,0,0.0,OPTIMAL,0.0
2026-01-24 12:45:00,ZONE_B,0,0.99627054,0.059736237,1661.1313,1661.1313,0.0,0.0,0.573676312839632,0.573676312839632,0.0,0,0,0,0.0,OPTIMAL,0.0
2026-01-24 13:00:00,ZONE_B,0,0.9923988,0.13566042,1647.84842,1647.84842,0.0,0.0,0.6199090951017278,0.6199090951017278,0.0,0,0,0,0.0,OPTIMAL,0.0
2026-01-24 13:15:00,ZONE_B,0,0.98928726,0.17761248,1628.39178,1628.39178,0.0,0.0,0.6335742623456707,0.6335742623456707,0.0,0,0,0,0.0,OPTIMAL,0.0
2026-01-24 13:30:00,ZONE_B,0,0.99520016,0.11410757,1601.56823,1601.56823,0.0,0.0,0.5761482659296505,0.5761482659296505,0.0,0,0,0,0.0,OPTIMAL,0.0
2026-01-24 13:45:00,ZONE_B,0,0.9947201,0.21847723,1605.0731,1605.0731,0.0,0.0,0.6012932696487387,0.6012932696487387,0.0,0,0,0,0.0,OPTIMAL,0.0
2026-01-24 14:00:00,ZONE_B,0,0.98914635,0.07008611,1664.0439,1664.0439,0.0,0.0,0.5802389923248138,0.5802389923248138,0.0,0,0,0,0.0,OPTIMAL,0.0
2026-01-24 14:15:00,ZONE_B,0,0.9952075,0.053205352,1654.1252399999998,1654.1252399999998,0.0,0.0,0.5798014618713037,0.5798014618713037,0.0,0,0,0,0.0,OPTIMAL,0.0
2026-01-24 14:30:00,ZONE_B,0,0.999203,0.034029458,1643.93384,1643.93384,0.0,0.0,0.6006688142834766,0.6006688142834766,0.0,0,0,0,0.0,OPTIMAL,0.0
2026-01-24 14:45:00,ZONE_B,0,0.9987128,0.015980883,1692.1355400000002,1692.1355400000002,0.0,0.0,0.5848073606050638,0.5848073606050638,0.0,0,0,0,0.0,OPTIMAL,0.0
2026-01-24 15:00:00,ZONE_B,0,0.994284,0.026274405,1718.2701,1718.2701,0.0,0.0,0.6095290807754539,0.6095290807754539,0.0,0,0,0,0.0,OPTIMAL,0.0
2026-01-24 15:15:00,ZONE_B,0,0.99482006,0.013486325,1749.09563,1749.09563,0.0,0.0,0.6013637358839427,0.6013637358839427,0.0,0,0,0,0.0,OPTIMAL,0.0
2026-01-24 15:30:00,ZONE_B,0,0.9928028,0.044816244,1801.22262,1801.22262,0.0,0.0,0.6086625420306997,0.6086625420306997,0.0,0,0,0,0.0,OPTIMAL,0.0
2026-01-24 15:45:00,ZONE_B,0,0.92791814,0.00076487125,1845.52221,1845.52221,0.0,0.0,0.6066142104411254,0.6066142104411254,0.0,0,0,0,0.0,OPTIMAL,0.0
2026-01-24 16:00:00,ZONE_B,0,0.9953589,0.00094800186,1889.31821,1889.31821,0.0,0.0,0.6120263124293001,0.6120263124293001,0.0,0,0,0,0.0,OPTIMAL,0.0
2026-01-24 16:15:00,ZONE_B,0,0.9801563,0.0013200501,1933.10414,1933.10414,0.0,0.0,0.5974310128667575,0.5974310128667575,0.0,0,0,0,0.0,OPTIMAL,0.0
2026-01-24 16:30:00,ZONE_B,0,0.99684227,0.0011836822,1938.152815,1938.152815,0.0,0.0,0.606721500991803,0.606721500991803,0.0,0,0,0,0.0,OPTIMAL,0.0
2026-01-24 16:45:00,ZONE_B,0,0.9979652,0.0018576735,1971.38982,1971.38982,0.0,0.0,0.6096300306774629,0.6096300306774629,0.0,0,0,0,0.0,OPTIMAL,0.0
2026-01-24 17:00:00,ZONE_B,0,0.99832636,0.0012031472,2008.58669082,2008.58669082,0.0,0.0,0.6240372772012086,0.6240372772012086,0.0,0,0,0,0.0,OPTIMAL,0.0
2026-01-24 17:15:00,ZONE_B,0,0.99857116,0.001540097,2013.8399725,2013.8399725,0.0,0.0,0.5982662102776592,0.5982662102776592,0.0,0,0,0,0.0,OPTIMAL,0.0
2026-01-24 17:30:00,ZONE_B,0,0.99865144,0.0012571256,2009.2085,2009.2085,0.0,0.0,0.6094413769481275,0.6094413769481275,0.0,0,0,0,0.0,OPTIMAL,0.0
2026-01-24 17:45:00,ZONE_B,0,0.99823654,0.0011111272,2008.1355,2008.1355,0.0,0.0,0.6124193702161227,0.6124193702161227,0.0,0,0,0,0.0,OPTIMAL,0.0
2026-01-24 18:00:00,ZONE_B,0,0.99822897,0.0017121524,2007.772958,2007.772958,0.0,0.0,0.6125719023090823,0.6125719023090823,0.0,0,0,0,0.0,OPTIMAL,0.0
2026-01-24 18:15:00,ZONE_B,0,0.9970387,0.0012391466,2020.8306,2020.8306,0.0,0.0,0.6248012739565132,0.6248012739565132,0.0,0,0,0,0.0,OPTIMAL,0.0
2026-01-24 18:30:00,ZONE_B,0,0.9978574,0.0009954543,1999.589597,1999.589597,0.0,0.0,0.6010036227854841,0.6010036227854841,0.0,0,0,0,0.0,OPTIMAL,0.0
2026-01-24 18:45:00,ZONE_B,0,0.9988269,0.00097758,2006.6807183,2006.6807183,0.0,0.0,0.6128050246285806,0.6128050246285806,0.0,0,0,0,0.0,OPTIMAL,0.0
2026-01-24 19:00:00,ZONE_B,0,0.9990055,0.0009828334,2003.4618825,2003.4618825,0.0,0.0,0.6068458911307361,0.6068458911307361,0.0,0,0,0,0.0,OPTIMAL,0.0
2026-01-24 19:15:00,ZONE_B,0,0.99795496,0.001180146,2010.8051573,2010.8051573,0.0,0.0,0.6094200621878539,0.6094200621878539,0.0,0,0,0,0.0,OPTIMAL,0.0
2026-01-24 19:30:00,ZONE_B,0,0.9971034,0.0010068369,2022.99358034,2022.99358034,0.0,0.0,0.6146878580689996,0.6146878580689996,0.0,0,0,0,0.0,OPTIMAL,0.0
2026-01-24 19:45:00,ZONE_B,0,0.9990055,0.0009828334,2002.8030694,2002.8030694,0.0,0.0,0.6119946013841002,0.6119946013841002,0.0,0,0,0,0.0,OPTIMAL,0.0
2026-01-24 20:00:00,ZONE_B,0,0.9997962,0.00094722677,1898.7461159,1898.7461159,0.0,0.0,0.5561649966092471,0.5561649966092471,0.0,0,0,0,0.0,OPTIMAL,0.0
2026-01-24 20:15:00,ZONE_B,0,0.9996793,0.0010034761,1867.496631,1867.496631,0.0,0.0,0.5642885532421715,0.5642885532421715,0.0,0,0,0,0.0,OPTIMAL,0.0
2026-01-24 20:30:00,ZONE_B,0,0.9997589,0.0012239162,1866.52039948,1866.52039948,0.0,0.0,0.548850129873022,0.548850129873022,0.0,0,0,0,0.0,OPTIMAL,0.0
2026-01-24 20:45:00,ZONE_B,0,0.99980813,0.0015395604,1852.9712568,1852.9712568,0.0,0.0,0.5495628868199804,0.5495628868199804,0.0,0,0,0,0.0,OPTIMAL,0.0
2026-01-24 21:00:00,ZONE_B,0,0.99978834,0.0017823668,1802.6002454,1802.6002454,0.0,0.0,0.5274768869847896,0.5274768869847896,0.0,0,0,0,0.0,OPTIMAL,0.0
2026-01-24 21:15:00,ZONE_B,0,0.9998024,0.0013120114,1782.230143,1782.230143,0.0,0.0,0.5432200587411159,0.5432200587411159,0.0,0,0,0,0.0,OPTIMAL,0.0
2026-01-24 21:30:00,ZONE_B,0,0.99983454,0.0014322528,1791.6205633,1791.6205633,0.0,0.0,0.5170984050407361,0.5170984050407361,0.0,0,0,0,0.0,OPTIMAL,0.0
2026-01-24 21:45:00,ZONE_B,0,0.99983454,0.0014322528,1753.1383149,1753.1383149,0.0,0.0,0.5289626494048162,0.5289626494048162,0.0,0,0,0,0.0,OPTIMAL,0.0
2026-01-24 22:00:00,ZONE_B,0,0.9998286,0.0026714874,1717.6663126,1717.6663126,0.0,0.0,0.5135607885668776,0.5135607885668776,0.0,0,0,0,0.0,OPTIMAL,0.0
2026-01-24 22:15:00,ZONE_B,0,0.9998286,0.0015737916,1698.7705435,1698.7705435,0.0,0.0,0.48248562073768697,0.48248562073768697,0.0,0,0,0,0.0,OPTIMAL,0.0
2026-01-24 22:30:00,ZONE_B,0,0.999833,0.0026714874,1677.5467445,1677.5467445,0.0,0.0,0.47521256247290206,0.47521256247290206,0.0,0,0,0,0.0,OPTIMAL,0.0
2026-01-24 22:45:00,ZONE_B,0,0.9997813,0.0019584368,1658.87670943,1658.87670943,0.0,0.0,0.4779109666393615,0.4779109666393615,0.0,0,0,0,0.0,OPTIMAL,0.0
2026-01-24 23:00:00,ZONE_B,0,0.99978334,0.0019584368,1632.6369886,1632.6369886,0.0,0.0,0.46997672921064665,0.46997672921064665,0.0,0,0,0,0.0,OPTIMAL,0.0
2026-01-24 23:15:00,ZONE_B,0,0.9998247,0.0018231814,1639.3155949999998,1639.3155949999998,0.0,0.0,0.4588314206805896,0.4588314206805896,0.0,0,0,0,0.0,OPTIMAL,0.0
2026-01-24 23:30:00,ZONE_B,0,0.99983084,0.0028212683,1627.9832042,1627.9832042,0.0,0.0,0.4524508476960712,0.4524508476960712,0.0,0,0,0,0.0,OPTIMAL,0.0
2026-01-24 23:45:00,ZONE_B,0,0.9998267,0.0020683224,1617.7455452,1617.7455452,0.0,0.0,0.4606282253368514,0.4606282253368514,0.0,0,0,0,0.0,OPTIMAL,0.0
2026-01-25 00:00:00,ZONE_B,0,0.9998286,0.001662131,1621.9983983,1621.9983983,0.0,0.0,0.4600071960097135,0.4600071960097135,0.0,0,0,0,0.0,OPTIMAL,0.0
2026-01-25 00:15:00,ZONE_B,0,0.9997813,0.0008614381,1621.3550766100002,1621.3550766100002,0.0,0.0,0.4664695604697425,0.4664695604697425,0.0,0,0,0,0.0,OPTIMAL,0.0
2026-01-25 00:30:00,ZONE_B,0,0.9998267,0.001251966,1617.9431665999998,1617.9431665999998,0.0,0.0,0.4686481428470733,0.4686481428470733,0.0,0,0,0,0.0,OPTIMAL,0.0
2026-01-25 00:45:00,ZONE_B,0,0.99983084,0.00057057047,1600.7562420000002,1600.7562420000002,0.0,0.0,0.4676970885854942,0.4676970885854942,0.0,0,0,0,0.0,OPTIMAL,0.0
2026-01-25 01:00:00,ZONE_B,0,0.9998286,0.0005509177,1599.6559777,1599.6559777,0.0,0.0,0.4517963153594825,0.4517963153594825,0.0,0,0,0,0.0,OPTIMAL,0.0
2026-01-25 01:15:00,ZONE_B,0,0.99972993,0.000637126,1604.531,1604.531,0.0,0.0,0.456853661394844,0.456853661394844,0.0,0,0,0,0.0,OPTIMAL,0.0
2026-01-25 01:30:00,ZONE_B,0,0.99983084,0.001226754,1599.4298680000002,1599.4298680000002,0.0,0.0,0.4782841867481406,0.4782841867481406,0.0,0,0,0,0.0,OPTIMAL,0.0
2026-01-25 01:45:00,ZONE_B,0,0.99983084,0.000562884,1602.1746305,1602.1746305,0.0,0.0,0.4664434117380823,0.4664434117380823,0.0,0,0,0,0.0,OPTIMAL,0.0
2026-01-25 02:00:00,ZONE_B,0,0.9998286,0.00083311595,1617.3021933,1617.3021933,0.0,0.0,0.46076997213847665,0.46076997213847665,0.0,0,0,0,0.0,OPTIMAL,0.0
2026-01-25 02:15:00,ZONE_B,0,0.9998247,0.0007994968,1604.31972593,1604.31972593,0.0,0.0,0.4670242815023039,0.4670242815023039,0.0,0,0,0,0.0,OPTIMAL,0.0
2026-01-25 02:30:00,ZONE_B,0,0.99983084,0.001662131,1606.6896784,1606.6896784,0.0,0.0,0.4578165996446546,0.4578165996446546,0.0,0,0,0,0.0,OPTIMAL,0.0
2026-01-25 02:45:00,ZONE_B,0,0.99978334,0.0005283061,1619.7545263,1619.7545263,0.0,0.0,0.4675494443921509,0.4675494443921509,0.0,0,0,0,0.0,OPTIMAL,0.0
2026-01-25 03:00:00,ZONE_B,0,0.9998286,0.00056228903,1618.69015,1618.69015,0.0,0.0,0.4673645050751664,0.4673645050751664,0.0,0,0,0,0.0,OPTIMAL,0.0
2026-01-25 03:15:00,ZONE_B,0,0.9998286,0.000562884,1600.064025,1600.064025,0.0,0.0,0.4561809945071715,0.4561809945071715,0.0,0,0,0,0.0,OPTIMAL,0.0
2026-01-25 03:30:00,ZONE_B,0,0.99983084,0.0005823472,1615.8610404,1615.8610404,0.0,0.0,0.4613603670128389,0.4613603670128389,0.0,0,0,0,0.0,OPTIMAL,0.0
2026-01-25 03:45:00,ZONE_B,0,0.99983084,0.000562884,1597.500669,1597.500669,0.0,0.0,0.46624587124662326,0.46624587124662326,0.0,0,0,0,0.0,OPTIMAL,0.0
2026-01-25 04:00:00,ZONE_B,0,0.9998286,0.000562884,1600.857976,1600.857976,0.0,0.0,0.45211029336104125,0.45211029336104125,0.0,0,0,0,0.0,OPTIMAL,0.0
2026-01-25 04:15:00,ZONE_B,0,0.9998286,0.00056228903,1609.9630132,1609.9630132,0.0,0.0,0.4730265914949711,0.4730265914949711,0.0,0,0,0,0.0,OPTIMAL,0.0
2026-01-25 04:30:00,ZONE_B,0,0.9998171,0.0010401674,1601.696384,1601.696384,0.0,0.0,0.4657396762578888,0.4657396762578888,0.0,0,0,0,0.0,OPTIMAL,0.0
2026-01-25 04:45:00,ZONE_B,0,0.9997583,0.00091704127,1659.486124,1659.486124,0.0,0.0,0.4635784284574021,0.4635784284574021,0.0,0,0,0,0.0,OPTIMAL,0.0
2026-01-25 05:00:00,ZONE_B,0,0.99983025,0.00083311595,1858.9934132,1858.9934132,0.0,0.0,0.5355359902016203,0.5355359902016203,0.0,0,0,0,0.0,OPTIMAL,0.0
2026-01-25 05:15:00,ZONE_B,0,0.99981457,0.0028895123,1856.4831636,1856.4831636,0.0,0.0,0.5536411470356818,0.5536411470356818,0.0,0,0,0,0.0,OPTIMAL,0.0
2026-01-25 05:30:00,ZONE_B,0,0.9998324,0.00042442512,1886.6668743,1886.6668743,0.0,0.0,0.5546544255193269,0.5546544255193269,0.0,0,0,0,0.0,OPTIMAL,0.0
2026-01-25 05:45:00,ZONE_B,0,0.99983025,0.00056228903,1889.0478478,1889.0478478,0.0,0.0,0.5501127121531622,0.5501127121531622,0.0,0,0,0,0.0,OPTIMAL,0.0
2026-01-25 06:00:00,ZONE_B,0,0.9996946,0.0024726326,1837.335313,1837.335313,0.0,0.0,0.5710774702267813,0.5710774702267813,0.0,0,0,0,0.0,OPTIMAL,0.0
2026-01-25 06:15:00,ZONE_B,0,0.99946815,0.0020106207,1878.115234,1878.115234,0.0,0.0,0.5858222824121326,0.5858222824121326,0.0,0,0,0,0.0,OPTIMAL,0.0
2026-01-25 06:30:00,ZONE_B,0,0.99941266,0.0019595285,1856.07863,1856.07863,0.0,0.0,0.5898579154718785,0.5898579154718785,0.0,0,0,0,0.0,OPTIMAL,0.0
2026-01-25 06:45:00,ZONE_B,0,0.99900985,0.001429552,1869.38583,1869.38583,0.0,0.0,0.6029404757424331,0.6029404757424331,0.0,0,0,0,0.0,OPTIMAL,0.0
2026-01-25 07:00:00,ZONE_B,0,0.9973911,0.00080298376,1838.98835,1838.98835,0.0,0.0,0.6116440923503099,0.6116440923503099,0.0,0,0,0,0.0,OPTIMAL,0.0
2026-01-25 07:15:00,ZONE_B,0,0.8731493,0.0059898873,1836.30605,1836.30605,0.0,0.0,0.614102129771371,0.614102129771371,0.0,0,0,0,0.0,OPTIMAL,0.0
2026-01-25 07:30:00,ZONE_B,0,0.78097874,0.0059898873,1841.23686,1841.23686,0.0,0.0,0.6299285520126872,0.6299285520126872,0.0,0,0,0,0.0,OPTIMAL,0.0
2026-01-25 07:45:00,ZONE_B,0,0.68442696,0.06802231,1848.9995200000003,1848.9995200000003,0.0,0.0,0.6391328976653173,0.6391328976653173,0.0,0,0,0,0.0,OPTIMAL,0.0
2026-01-25 08:00:00,ZONE_B,1,0.79149634,0.03866763,1871.08752,1871.08752,0.0,0.0,0.6755137510483786,0.6755137510483786,0.0,0,0,0,0.0,OPTIMAL,0.0
2026-01-25 08:15:00,ZONE_B,1,0.47155783,0.084816724,1884.7427700000003,1884.7427700000003,0.0,0.0,0.671093937024755,0.671093937024755,0.0,0,0,0,0.0,OPTIMAL,0.0
2026-01-25 08:30:00,ZONE_B,1,0.36072487,0.12848134,1893.16157,1893.16157,0.0,0.0,0.7024057534948935,0.7024057534948935,0.0,0,0,0,0.0,OPTIMAL,0.0
2026-01-25 08:45:00,ZONE_B,1,0.31762385,0.21612136,1873.2534,1873.2534,0.0,0.0,0.6704453969758557,0.6704453969758557,0.0,0,0,0,0.0,OPTIMAL,0.0
2026-01-25 09:00:00,ZONE_B,0,0.9948586,0.57605267,1511.39443,1783.8159417302559,272.42151173025593,72.42151173025593,0.5989906506004065,0.6962840479467648,200.0,0,0,0,72.42151173025593,OPTIMAL,735215.1173025593
2026-01-25 09:15:00,ZONE_B,0,0.9851054,0.7424938,1492.0458,1874.79118173494,382.74538173494,182.74538173494,0.6436098170775086,0.780304596684163,200.0,0,0,0,182.74538173494,OPTIMAL,1838453.8173494
2026-01-25 09:30:00,ZONE_B,0,0.60109866,0.7954161,1506.1106599999998,1933.063407857294,426.95274785729396,226.95274785729396,0.618347288543037,0.7708304132901708,200.0,0,0,0,226.95274785729396,OPTIMAL,2280527.4785729395
2026-01-25 09:45:00,ZONE_B,1,0.55280536,0.6560072,1474.3129000000004,1857.1796285496803,382.86672854968,182.86672854967998,0.6038353329650503,0.7405734507191398,200.0,0,0,0,182.86672854967998,OPTIMAL,1839667.2854967997
2026-01-25 10:00:00,ZONE_B,0,0.9417127,0.62520707,1362.5081,1763.359425368379,400.85132536837904,200.85132536837904,0.6379440325488855,0.7811052205374517,200.0,0,0,0,200.85132536837904,OPTIMAL,2019513.2536837903
2026-01-25 10:15:00,ZONE_B,0,0.6376193,0.6140984,1410.6142,1791.01340083056,380.39920083056,180.39920083056,0.6188448122059793,0.7547016700266677,200.0,0,0,0,180.39920083056,OPTIMAL,1814992.0083056001
2026-01-25 10:30:00,ZONE_B,1,0.6858268,0.529221,1403.3905999999995,1748.1730009783996,344.78240097840006,144.78240097840006,0.6502659105006859,0.7734024826013264,200.0,0,0,0,144.78240097840006,OPTIMAL,1458824.0097840007
2026-01-25 10:45:00,ZONE_B,0,0.915121,0.4039032,1306.68626,1306.68626,0.0,0.0,0.645497290943054,0.645497290943054,0.0,0,0,0,0.0,OPTIMAL,0.0
2026-01-25 11:00:00,ZONE_B,1,0.58798105,0.46320862,1362.58664,1362.58664,0.0,0.0,0.9890067580873574,0.9890067580873574,0.0,0,0,0,0.0,OPTIMAL,389218921.5695762
2026-01-25 11:15:00,ZONE_B,0,0.8429203,0.529221,1388.85165,1722.7011124888502,333.84946248885007,133.84946248885007,0.982077609385896,1.1013095605875882,200.0,0,0,0,133.84946248885007,OPTIMAL,705016262.4239937
2026-01-25 11:30:00,ZONE_B,0,0.835876,0.53383285,1384.3848,1724.179178166155,339.794378166155,139.794378166155,0.9747638192755028,1.0961189546818364,200.0,0,0,0,139.794378166155,OPTIMAL,690542014.9203548
2026-01-25 11:45:00,ZONE_B,1,0.6340502,0.3894952,1288.91225,1288.91225,0.0,0.0,0.9727002613496841,0.9727002613496841,0.0,0,0,0,0.0,OPTIMAL,343560730.8099811
2026-01-25 12:00:00,ZONE_B,0,0.8822936,0.8282247,1529.02415,1948.014784894235,418.990634894235,218.99063489423497,0.9695908502941172,1.1192303763682991,200.0,0,0,0,218.99063489423497,OPTIMAL,756045891.6066861
2026-01-25 12:15:00,ZONE_B,0,0.68460685,0.8824285,1381.8752,1948.3243204199498,566.44912041995,366.44912041994996,0.958198857270544,1.160502125851122,200.0,0,0,0,366.44912041994996,OPTIMAL,873081395.0778569
2026-01-25 12:30:00,ZONE_B,0,0.7133247,0.7979869,1509.3629,1935.4817601008701,426.11886010087005,226.11886010087005,0.96392040207377,1.1161057152830933,200.0,0,0,0,226.11886010087005,OPTIMAL,747368161.8687605
2026-01-25 12:45:00,ZONE_B,0,0.9135697,0.8577718,1497.76163,1950.179873159586,452.418243159586,252.41824315958598,0.966255762966852,1.1278337128710807,200.0,0,0,0,252.41824315958598,OPTIMAL,780469549.9745867
2026-01-25 13:00:00,ZONE_B,0,0.9505788,0.79061717,1444.7999,1888.202755253421,443.402855253421,243.40285525342102,0.9877827629936404,1.1461409307917307,200.0,0,0,0,243.40285525342102,OPTIMAL,831639607.5014497
2026-01-25 13:15:00,ZONE_B,0,0.990606,0.8782997,1511.8012,1937.3078059501102,425.50660595011,225.50660595010999,0.9670233141614404,1.118989962779089,200.0,0,0,0,225.50660595010999,OPTIMAL,755437943.8229766
2026-01-25 13:30:00,ZONE_B,0,0.9932145,0.7990758,1515.85204,1895.620373207068,379.768333207068,179.768333207068,0.9734476141918372,1.1090791655250212,200.0,0,0,0,179.768333207068,OPTIMAL,727230326.695985
2026-01-25 13:45:00,ZONE_B,0,0.9858803,0.81676924,1504.5548599999995,1923.3753732502491,418.82051325024963,218.82051325024963,0.9868969816244703,1.1364757407894226,200.0,0,0,0,218.82051325024963,OPTIMAL,804331255.5719502
2026-01-25 14:00:00,ZONE_B,0,0.99715924,0.36703968,1626.77077,1626.77077,0.0,0.0,0.9707370563124538,0.9707370563124538,0.0,0,0,0,0.0,OPTIMAL,338063730.00382656
2026-01-25 14:15:00,ZONE_B,0,0.99794763,0.0649891,1624.97824,1624.97824,0.0,0.0,0.6421289816327181,0.6421289816327181,0.0,0,0,0,0.0,OPTIMAL,0.0
2026-01-25 14:30:00,ZONE_B,0,0.9951031,0.29803285,1656.53438,1656.53438,0.0,0.0,0.5938435028154441,0.5938435028154441,0.0,0,0,0,0.0,OPTIMAL,0.0
2026-01-25 14:45:00,ZONE_B,0,0.98859626,0.044474117,1745.9129,1745.9129,0.0,0.0,0.6014817589354966,0.6014817589354966,0.0,0,0,0,0.0,OPTIMAL,0.0
2026-01-25 15:00:00,ZONE_B,0,0.89732975,0.050199185,1782.48668,1782.48668,0.0,0.0,0.611332513427252,0.611332513427252,0.0,0,0,0,0.0,OPTIMAL,0.0
2026-01-25 15:15:00,ZONE_B,0,0.76460195,0.25683847,1693.4658,1693.4658,0.0,0.0,0.6362486093330461,0.6362486093330461,0.0,0,0,0,0.0,OPTIMAL,0.0
2026-01-25 15:30:00,ZONE_B,0,0.9726925,0.043775823,1715.53693,1715.53693,0.0,0.0,0.6110024875911177,0.6110024875911177,0.0,0,0,0,0.0,OPTIMAL,0.0
2026-01-25 15:45:00,ZONE_B,0,0.95010746,0.045910317,1753.6329,1753.6329,0.0,0.0,0.6030825420408181,0.6030825420408181,0.0,0,0,0,0.0,OPTIMAL,0.0
2026-01-25 16:00:00,ZONE_B,0,0.9917218,0.009652765,1818.65503,1818.65503,0.0,0.0,0.5963765303400453,0.5963765303400453,0.0,0,0,0,0.0,OPTIMAL,0.0
2026-01-25 16:15:00,ZONE_B,0,0.9624097,0.013863179,1876.65752,1876.65752,0.0,0.0,0.6044210139639224,0.6044210139639224,0.0,0,0,0,0.0,OPTIMAL,0.0
2026-01-25 16:30:00,ZONE_B,0,0.9278239,0.0010320427,1932.5986900000005,1932.5986900000005,0.0,0.0,0.601499656833268,0.601499656833268,0.0,0,0,0,0.0,OPTIMAL,0.0
2026-01-25 16:45:00,ZONE_B,0,0.9717836,0.0013200501,1970.47938,1970.47938,0.0,0.0,0.5988613594126989,0.5988613594126989,0.0,0,0,0,0.0,OPTIMAL,0.0
2026-01-25 17:00:00,ZONE_B,0,0.99343574,0.0008061712,2019.8357274,2019.8357274,0.0,0.0,0.6046157494203913,0.6046157494203913,0.0,0,0,0,0.0,OPTIMAL,0.0
2026-01-25 17:15:00,ZONE_B,0,0.99852353,0.0009151032,2007.967887,2007.967887,0.0,0.0,0.5981089466923004,0.5981089466923004,0.0,0,0,0,0.0,OPTIMAL,0.0
2026-01-25 17:30:00,ZONE_B,0,0.99759054,0.0011262709,2005.2591255,2005.2591255,0.0,0.0,0.6127380927956368,0.6127380927956368,0.0,0,0,0,0.0,OPTIMAL,0.0
2026-01-25 17:45:00,ZONE_B,0,0.99867576,0.0012571256,2007.7477,2007.7477,0.0,0.0,0.6089971159475593,0.6089971159475593,0.0,0,0,0,0.0,OPTIMAL,0.0
2026-01-25 18:00:00,ZONE_B,0,0.99875534,0.0013349209,2002.1939407,2002.1939407,0.0,0.0,0.5964419716335633,0.5964419716335633,0.0,0,0,0,0.0,OPTIMAL,0.0
2026-01-25 18:15:00,ZONE_B,0,0.9986362,0.00090685906,2010.552281,2010.552281,0.0,0.0,0.6057007626092361,0.6057007626092361,0.0,0,0,0,0.0,OPTIMAL,0.0
2026-01-25 18:30:00,ZONE_B,0,0.99795747,0.0012817035,2000.9025585,2000.9025585,0.0,0.0,0.6056535729463541,0.6056535729463541,0.0,0,0,0,0.0,OPTIMAL,0.0
2026-01-25 18:45:00,ZONE_B,0,0.9988122,0.0009027962,2006.9848549,2006.9848549,0.0,0.0,0.6142000019740473,0.6142000019740473,0.0,0,0,0,0.0,OPTIMAL,0.0
2026-01-25 19:00:00,ZONE_B,0,0.9980878,0.000735049,2015.677338,2015.677338,0.0,0.0,0.6065757637356392,0.6065757637356392,0.0,0,0,0,0.0,OPTIMAL,0.0
2026-01-25 19:15:00,ZONE_B,0,0.99842155,0.0010940013,1996.188863,1996.188863,0.0,0.0,0.6169029114378788,0.6169029114378788,0.0,0,0,0,0.0,OPTIMAL,0.0
2026-01-25 19:30:00,ZONE_B,0,0.9992238,0.0010269377,2002.6102536,2002.6102536,0.0,0.0,0.6007855653369112,0.6007855653369112,0.0,0,0,0,0.0,OPTIMAL,0.0
2026-01-25 19:45:00,ZONE_B,0,0.9990055,0.0010839336,2001.045606,2001.045606,0.0,0.0,0.6072929667819075,0.6072929667819075,0.0,0,0,0,0.0,OPTIMAL,0.0
2026-01-25 20:00:00,ZONE_B,0,0.999782,0.0013743783,1905.6259847,1905.6259847,0.0,0.0,0.5656517352863416,0.5656517352863416,0.0,0,0,0,0.0,OPTIMAL,0.0
2026-01-25 20:15:00,ZONE_B,0,0.9998115,0.0013096064,1882.292917,1882.292917,0.0,0.0,0.560479447071351,0.560479447071351,0.0,0,0,0,0.0,OPTIMAL,0.0
2026-01-25 20:30:00,ZONE_B,0,0.9996927,0.0011595682,1875.75036344,1875.75036344,0.0,0.0,0.5610855754289148,0.5610855754289148,0.0,0,0,0,0.0,OPTIMAL,0.0
2026-01-25 20:45:00,ZONE_B,0,0.9997998,0.00094722677,1854.363969,1854.363969,0.0,0.0,0.5563330365379051,0.5563330365379051,0.0,0,0,0,0.0,OPTIMAL,0.0
2026-01-25 21:00:00,ZONE_B,0,0.99978656,0.0015728225,1814.253907,1814.253907,0.0,0.0,0.5377574690810953,0.5377574690810953,0.0,0,0,0,0.0,OPTIMAL,0.0
2026-01-25 21:15:00,ZONE_B,0,0.99984,0.002431468,1799.192304,1799.192304,0.0,0.0,0.532481192438548,0.532481192438548,0.0,0,0,0,0.0,OPTIMAL,0.0
2026-01-25 21:30:00,ZONE_B,0,0.99983335,0.0014322528,1759.415055,1759.415055,0.0,0.0,0.5137706376806404,0.5137706376806404,0.0,0,0,0,0.0,OPTIMAL,0.0
2026-01-25 21:45:00,ZONE_B,0,0.99983454,0.0014322528,1767.8003707,1767.8003707,0.0,0.0,0.5153912867474446,0.5153912867474446,0.0,0,0,0,0.0,OPTIMAL,0.0
2026-01-25 22:00:00,ZONE_B,0,0.99985135,0.0015737916,1697.560551,1697.560551,0.0,0.0,0.5080099304084105,0.5080099304084105,0.0,0,0,0,0.0,OPTIMAL,0.0
2026-01-25 22:15:00,ZONE_B,0,0.99983644,0.0015737916,1725.0590787,1725.0590787,0.0,0.0,0.49132730093809607,0.49132730093809607,0.0,0,0,0,0.0,OPTIMAL,0.0
2026-01-25 22:30:00,ZONE_B,0,0.99983084,0.0015737916,1652.2833933,1652.2833933,0.0,0.0,0.4793105842476168,0.4793105842476168,0.0,0,0,0,0.0,OPTIMAL,0.0
2026-01-25 22:45:00,ZONE_B,0,0.99983084,0.0015737916,1636.0563617,1636.0563617,0.0,0.0,0.4753422622975384,0.4753422622975384,0.0,0,0,0,0.0,OPTIMAL,0.0
2026-01-25 23:00:00,ZONE_B,0,0.99983084,0.0015737916,1631.323568,1631.323568,0.0,0.0,0.46510201142815133,0.46510201142815133,0.0,0,0,0,0.0,OPTIMAL,0.0
2026-01-25 23:15:00,ZONE_B,0,0.99983084,0.0015737916,1630.7617515,1630.7617515,0.0,0.0,0.46696667306229583,0.46696667306229583,0.0,0,0,0,0.0,OPTIMAL,0.0
2026-01-25 23:30:00,ZONE_B,0,0.99983084,0.001662131,1626.7617896000002,1626.7617896000002,0.0,0.0,0.4663341329904916,0.4663341329904916,0.0,0,0,0,0.0,OPTIMAL,0.0
2026-01-25 23:45:00,ZONE_B,0,0.9997638,0.0014891819,1607.95249,1607.95249,0.0,0.0,0.4624849375376748,0.4624849375376748,0.0,0,0,0,0.0,OPTIMAL,0.0
2026-01-26 00:00:00,ZONE_B,0,0.999843,0.00042442512,1617.600826,1617.600826,0.0,0.0,0.46827872548652205,0.46827872548652205,0.0,0,0,0,0.0,OPTIMAL,0.0
2026-01-26 00:15:00,ZONE_B,0,0.999843,0.00057450216,1598.509995,1598.509995,0.0,0.0,0.4673124945297621,0.4673124945297621,0.0,0,0,0,0.0,OPTIMAL,0.0
2026-01-26 00:30:00,ZONE_B,0,0.99984515,0.00042442512,1595.861932,1595.861932,0.0,0.0,0.4567348443821125,0.4567348443821125,0.0,0,0,0,0.0,OPTIMAL,0.0
2026-01-26 00:45:00,ZONE_B,0,0.99984515,0.00056228903,1596.730564,1596.730564,0.0,0.0,0.46520907721991606,0.46520907721991606,0.0,0,0,0,0.0,OPTIMAL,0.0
2026-01-26 01:00:00,ZONE_B,0,0.99972695,0.0014593335,1555.5718000000002,1555.5718000000002,0.0,0.0,0.47252044085772116,0.47252044085772116,0.0,0,0,0,0.0,OPTIMAL,0.0
2026-01-26 01:15:00,ZONE_B,0,0.99985135,0.00057453697,1590.870124,1590.870124,0.0,0.0,0.4654092441952918,0.4654092441952918,0.0,0,0,0,0.0,OPTIMAL,0.0
2026-01-26 01:30:00,ZONE_B,0,0.9998461,0.0005823472,1605.528498,1605.528498,0.0,0.0,0.4709631205399658,0.4709631205399658,0.0,0,0,0,0.0,OPTIMAL,0.0
2026-01-26 01:45:00,ZONE_B,0,0.99985313,0.00042442512,1598.386069,1598.386069,0.0,0.0,0.465144025252122,0.465144025252122,0.0,0,0,0,0.0,OPTIMAL,0.0
2026-01-26 02:00:00,ZONE_B,0,0.9998518,0.001662131,1605.784617,1605.784617,0.0,0.0,0.4657825426218512,0.4657825426218512,0.0,0,0,0,0.0,OPTIMAL,0.0
2026-01-26 02:15:00,ZONE_B,0,0.99985135,0.00042442512,1617.481808,1617.481808,0.0,0.0,0.4631196153150275,0.4631196153150275,0.0,0,0,0,0.0,OPTIMAL,0.0
2026-01-26 02:30:00,ZONE_B,0,0.99984014,0.00048675205,1596.081986,1596.081986,0.0,0.0,0.45819039459504557,0.45819039459504557,0.0,0,0,0,0.0,OPTIMAL,0.0
2026-01-26 02:45:00,ZONE_B,0,0.9998535,0.00042442512,1619.11581,1619.11581,0.0,0.0,0.4567261372691237,0.4567261372691237,0.0,0,0,0,0.0,OPTIMAL,0.0
2026-01-26 03:00:00,ZONE_B,0,0.99984384,0.00042442512,1594.226255,1594.226255,0.0,0.0,0.4624873968158045,0.4624873968158045,0.0,0,0,0,0.0,OPTIMAL,0.0
2026-01-26 03:15:00,ZONE_B,0,0.999843,0.00056228903,1595.800147,1595.800147,0.0,0.0,0.465430171686789,0.465430171686789,0.0,0,0,0,0.0,OPTIMAL,0.0
2026-01-26 03:30:00,ZONE_B,0,0.99985313,0.00056228903,1610.870254,1610.870254,0.0,0.0,0.4670040080070014,0.4670040080070014,0.0,0,0,0,0.0,OPTIMAL,0.0
2026-01-26 03:45:00,ZONE_B,0,0.9998535,0.0005509177,1594.533107,1594.533107,0.0,0.0,0.48284294974016395,0.48284294974016395,0.0,0,0,0,0.0,OPTIMAL,0.0
2026-01-26 04:00:00,ZONE_B,0,0.9998518,0.00056228903,1601.156163,1601.156163,0.0,0.0,0.4734424335726109,0.4734424335726109,0.0,0,0,0,0.0,OPTIMAL,0.0
2026-01-26 04:15:00,ZONE_B,0,0.9998518,0.00042442512,1598.890763,1598.890763,0.0,0.0,0.4720494778682848,0.4720494778682848,0.0,0,0,0,0.0,OPTIMAL,0.0
2026-01-26 04:30:00,ZONE_B,0,0.9998535,0.00057450216,1602.982773,1602.982773,0.0,0.0,0.45864619116353583,0.45864619116353583,0.0,0,0,0,0.0,OPTIMAL,0.0
2026-01-26 04:45:00,ZONE_B,0,0.99984515,0.00043015933,1580.9247269999998,1580.9247269999998,0.0,0.0,0.4652472737885071,0.4652472737885071,0.0,0,0,0,0.0,OPTIMAL,0.0
2026-01-26 05:00:00,ZONE_B,0,0.9997907,0.0014891819,1862.756796,1862.756796,0.0,0.0,0.5430312381968829,0.5430312381968829,0.0,0,0,0,0.0,OPTIMAL,0.0
2026-01-26 05:15:00,ZONE_B,0,0.99984443,0.001662131,1860.036142,1860.036142,0.0,0.0,0.5446755515179525,0.5446755515179525,0.0,0,0,0,0.0,OPTIMAL,0.0
2026-01-26 05:30:00,ZONE_B,0,0.99985313,0.00056228903,1877.281669,1877.281669,0.0,0.0,0.5510322018948491,0.5510322018948491,0.0,0,0,0,0.0,OPTIMAL,0.0
2026-01-26 05:45:00,ZONE_B,0,0.9998548,0.00042442512,1884.756837,1884.756837,0.0,0.0,0.5685648966420337,0.5685648966420337,0.0,0,0,0,0.0,OPTIMAL,0.0
2026-01-26 06:00:00,ZONE_B,0,0.99953973,0.0016848728,1895.044754,1895.044754,0.0,0.0,0.5910456521074806,0.5910456521074806,0.0,0,0,0,0.0,OPTIMAL,0.0
2026-01-26 06:15:00,ZONE_B,0,0.9994287,0.0014821443,1923.344695,1923.344695,0.0,0.0,0.5796001681060085,0.5796001681060085,0.0,0,0,0,0.0,OPTIMAL,0.0
2026-01-26 06:30:00,ZONE_B,0,0.999263,0.0013264979,1907.167555,1907.167555,0.0,0.0,0.5974800904684124,0.5974800904684124,0.0,0,0,0,0.0,OPTIMAL,0.0
2026-01-26 06:45:00,ZONE_B,0,0.97186035,0.001140281,1908.08416,1908.08416,0.0,0.0,0.5989970765147251,0.5989970765147251,0.0,0,0,0,0.0,OPTIMAL,0.0
2026-01-26 07:00:00,ZONE_B,0,0.8267744,0.0013299773,1903.0347,1903.0347,0.0,0.0,0.602768122662399,0.602768122662399,0.0,0,0,0,0.0,OPTIMAL,0.0
2026-01-26 07:15:00,ZONE_B,0,0.83650047,0.000748652,1916.42799,1916.42799,0.0,0.0,0.6095673919728012,0.6095673919728012,0.0,0,0,0,0.0,OPTIMAL,0.0
2026-01-26 07:30:00,ZONE_B,0,0.8121904,0.0051242905,1892.7084,1892.7084,0.0,0.0,0.6284684279669323,0.6284684279669323,0.0,0,0,0,0.0,OPTIMAL,0.0
2026-01-26 07:45:00,ZONE_B,2,0.6725424,0.033336777,1931.14207,1931.14207,0.0,0.0,0.6247476766919471,0.6247476766919471,0.0,0,0,0,0.0,OPTIMAL,0.0
2026-01-26 08:00:00,ZONE_B,1,0.5149964,0.031125018,1896.8471,1896.8471,0.0,0.0,0.6401767723432069,0.6401767723432069,0.0,0,0,0,0.0,OPTIMAL,0.0
2026-01-26 08:15:00,ZONE_B,1,0.45289627,0.0733772,1855.56787,1855.56787,0.0,0.0,0.7074199805964881,0.7074199805964881,0.0,0,0,0,0.0,OPTIMAL,0.0
2026-01-26 08:30:00,ZONE_B,1,0.27919093,0.3915857,1922.74364,1922.74364,0.0,0.0,0.6691455861594042,0.6691455861594042,0.0,0,0,0,0.0,OPTIMAL,0.0
2026-01-26 08:45:00,ZONE_B,3,0.29172322,0.10731115,1934.14246,1934.14246,0.0,0.0,0.6631864237865936,0.6631864237865936,0.0,0,0,0,0.0,OPTIMAL,0.0
2026-01-26 09:00:00,ZONE_B,0,0.91849196,0.4348318,1625.16268,1625.16268,0.0,0.0,0.6591329197322451,0.6591329197322451,0.0,0,0,0,0.0,OPTIMAL,0.0
2026-01-26 09:15:00,ZONE_B,0,0.6201203,0.11092234,1706.31336,1706.31336,0.0,0.0,0.6455854702638484,0.6455854702638484,0.0,0,0,0,0.0,OPTIMAL,0.0
2026-01-26 09:30:00,ZONE_B,0,0.630247,0.3468486,1686.0394,1686.0394,0.0,0.0,0.5783308781457622,0.5783308781457622,0.0,0,0,0,0.0,OPTIMAL,0.0
2026-01-26 09:45:00,ZONE_B,0,0.791019,0.5991634,1600.1744,1867.7501093314802,267.57570933148,67.57570933148003,0.6406901819204068,0.7362529355368042,200.0,0,0,0,67.57570933148003,OPTIMAL,686757.0933148003
2026-01-26 10:00:00,ZONE_B,0,0.7127927,0.5909764,1622.20206,1874.824165050896,252.62210505089598,52.62210505089598,0.5921104491508545,0.6823326297908588,200.0,0,0,0,52.62210505089598,OPTIMAL,537221.0505089598
2026-01-26 10:15:00,ZONE_B,1,0.5367876,0.48347548,1641.2395,1641.2395,0.0,0.0,0.6142302214230119,0.6142302214230119,0.0,0,0,0,0.0,OPTIMAL,0.0
2026-01-26 10:30:00,ZONE_B,0,0.87956256,0.28765464,1562.04818,1562.04818,0.0,0.0,0.619031158491222,0.619031158491222,0.0,0,0,0,0.0,OPTIMAL,0.0
2026-01-26 10:45:00,ZONE_B,0,0.5459819,0.6222629,1560.92717,1876.3803167346769,315.453146734677,115.45314673467698,0.6155015910892336,0.7281634295223118,200.0,0,0,0,115.45314673467698,OPTIMAL,1165531.4673467698
2026-01-26 11:00:00,ZONE_B,0,0.9858634,0.5965154,1480.6852,1796.6781976150999,315.9929976151,115.99299761510002,0.6026247518248546,0.7154793941069268,200.0,0,0,0,115.99299761510002,OPTIMAL,1170929.9761510002
2026-01-26 11:15:00,ZONE_B,0,0.7604172,0.6902105,1449.6431,1855.00545217625,405.36235217625,205.36235217625,0.6035706532509687,0.7483429222606252,200.0,0,0,0,205.36235217625,OPTIMAL,2064623.5217625
2026-01-26 11:30:00,ZONE_B,0,0.6833588,0.6736402,1442.7759500000002,1839.9045309552503,397.12858095525,197.12858095525002,0.6001114495013337,0.741943085929072,200.0,0,0,0,197.12858095525002,OPTIMAL,1982285.8095525003
2026-01-26 11:45:00,ZONE_B,1,0.7366018,0.68349135,1463.60045,1887.4652526573425,423.8648026573426,223.86480265734258,0.6008438970349427,0.7522241840919878,200.0,0,0,0,223.86480265734258,OPTIMAL,2249648.0265734256
2026-01-26 12:00:00,ZONE_B,0,0.65189457,0.59303933,1471.0142,1814.421214939924,343.407014939924,143.407014939924,0.6079254917309845,0.7305708545181675,200.0,0,0,0,143.407014939924,OPTIMAL,1445070.14939924
2026-01-26 12:15:00,ZONE_B,1,0.499331,0.60213405,1488.34683,1843.7758236648883,355.4289936648885,155.42899366488848,0.5983328433783751,0.7252717700074695,200.0,0,0,0,155.42899366488848,OPTIMAL,1565289.9366488848
2026-01-26 12:30:00,ZONE_B,0,0.98805326,0.6310365,1446.3826,1793.5819112752,347.1993112752,147.1993112752,0.6272311111363252,0.7512308654732682,200.0,0,0,0,147.1993112752,OPTIMAL,1482993.1127519999
2026-01-26 12:45:00,ZONE_B,0,0.8203452,0.36559585,1463.3644,1463.3644,0.0,0.0,0.656716673909718,0.656716673909718,0.0,0,0,0,0.0,OPTIMAL,0.0
2026-01-26 13:00:00,ZONE_B,1,0.49969518,0.59303933,1561.51017,1864.415759600553,302.9055896005529,102.9055896005529,0.5916482592778624,0.6998288272682639,200.0,0,0,0,102.9055896005529,OPTIMAL,1040055.896005529
2026-01-26 13:15:00,ZONE_B,0,0.4998606,0.6004057,1534.2375000000002,1853.1051619959003,318.8676619959,118.8676619959,0.6249918000302,0.7388731081694002,200.0,0,0,0,118.8676619959,OPTIMAL,1199676.619959
2026-01-26 13:30:00,ZONE_B,1,0.5898635,0.6465603,1566.8605999999995,1904.5090655788094,337.64846557881003,137.64846557881003,0.6172434250460417,0.7378321630762542,200.0,0,0,0,137.64846557881003,OPTIMAL,1387484.6557881003
2026-01-26 13:45:00,ZONE_B,0,0.5840065,0.7099251,1570.55796,1929.295565116254,358.737605116254,158.73760511625397,0.6106726993937933,0.7387932730228194,200.0,0,0,0,158.73760511625397,OPTIMAL,1598376.0511625397
2026-01-26 14:00:00,ZONE_B,0,0.9860882,0.34766895,1628.5527,1628.5527,0.0,0.0,0.5965406357710747,0.5965406357710747,0.0,0,0,0,0.0,OPTIMAL,0.0
2026-01-26 14:15:00,ZONE_B,0,0.72334224,0.52652705,1612.4569299999998,1842.2165226112934,229.7595926112935,29.7595926112935,0.6008619982678195,0.6829189958478096,200.0,0,0,0,29.7595926112935,OPTIMAL,308595.926112935
2026-01-26 14:30:00,ZONE_B,0,0.7901138,0.24815671,1677.1418200000005,1677.1418200000005,0.0,0.0,0.5990143132668724,0.5990143132668724,0.0,0,0,0,0.0,OPTIMAL,0.0
2026-01-26 14:45:00,ZONE_B,0,0.94377273,0.08673273,1673.55627,1673.55627,0.0,0.0,0.5818439775649007,0.5818439775649007,0.0,0,0,0,0.0,OPTIMAL,0.0
2026-01-26 15:00:00,ZONE_B,0,0.8205147,0.06073328,1753.3846600000002,1753.3846600000002,0.0,0.0,0.6325358836625463,0.6325358836625463,0.0,0,0,0,0.0,OPTIMAL,0.0
2026-01-26 15:15:00,ZONE_B,0,0.9893701,0.06073328,1681.25964,1681.25964,0.0,0.0,0.6123907619147058,0.6123907619147058,0.0,0,0,0,0.0,OPTIMAL,0.0
2026-01-26 15:30:00,ZONE_B,0,0.85556936,0.031109361,1781.88832,1781.88832,0.0,0.0,0.6137333263990317,0.6137333263990317,0.0,0,0,0,0.0,OPTIMAL,0.0
2026-01-26 15:45:00,ZONE_B,0,0.70990884,0.024315717,1799.83273,1799.83273,0.0,0.0,0.5969980196916809,0.5969980196916809,0.0,0,0,0,0.0,OPTIMAL,0.0
2026-01-26 16:00:00,ZONE_B,0,0.7389292,0.0012392221,1900.80212,1900.80212,0.0,0.0,0.6085462802643296,0.6085462802643296,0.0,0,0,0,0.0,OPTIMAL,0.0
2026-01-26 16:15:00,ZONE_B,0,0.7583518,0.0010320427,1948.75849,1948.75849,0.0,0.0,0.6025267919062316,0.6025267919062316,0.0,0,0,0,0.0,OPTIMAL,0.0
2026-01-26 16:30:00,ZONE_B,0,0.93507665,0.0010320427,1971.215766,1971.215766,0.0,0.0,0.6091831770688731,0.6091831770688731,0.0,0,0,0,0.0,OPTIMAL,0.0
2026-01-26 16:45:00,ZONE_B,0,0.9671915,0.0010783528,1994.494375,1994.494375,0.0,0.0,0.6393810600755098,0.6393810600755098,0.0,0,0,0,0.0,OPTIMAL,0.0
2026-01-26 17:00:00,ZONE_B,0,0.9875414,0.0009812139,2036.265178,2036.265178,0.0,0.0,0.6076243584127006,0.6076243584127006,0.0,0,0,0,0.0,OPTIMAL,0.0
2026-01-26 17:15:00,ZONE_B,0,0.96385807,0.0013200501,2036.678688,2036.678688,0.0,0.0,0.6153815972593074,0.6153815972593074,0.0,0,0,0,0.0,OPTIMAL,0.0
2026-01-26 17:30:00,ZONE_B,0,0.9939832,0.001095234,2034.1477,2034.1477,0.0,0.0,0.599732279565796,0.599732279565796,0.0,0,0,0,0.0,OPTIMAL,0.0
2026-01-26 17:45:00,ZONE_B,0,0.99034005,0.0017069984,2032.7597116,2032.7597116,0.0,0.0,0.6004419427704386,0.6004419427704386,0.0,0,0,0,0.0,OPTIMAL,0.0
2026-01-26 18:00:00,ZONE_B,0,0.9879232,0.0013158307,2055.346934,2055.346934,0.0,0.0,0.6112799777634259,0.6112799777634259,0.0,0,0,0,0.0,OPTIMAL,0.0
2026-01-26 18:15:00,ZONE_B,0,0.9925768,0.0011837037,2041.940332,2041.940332,0.0,0.0,0.596464371487646,0.596464371487646,0.0,0,0,0,0.0,OPTIMAL,0.0
2026-01-26 18:30:00,ZONE_B,0,0.983002,0.0011101612,2052.168137,2052.168137,0.0,0.0,0.6101679783566425,0.6101679783566425,0.0,0,0,0,0.0,OPTIMAL,0.0
2026-01-26 18:45:00,ZONE_B,0,0.9949557,0.0010068369,2042.6372286,2042.6372286,0.0,0.0,0.6101870903548249,0.6101870903548249,0.0,0,0,0,0.0,OPTIMAL,0.0
2026-01-26 19:00:00,ZONE_B,0,0.99477154,0.0011859393,2032.46709197,2032.46709197,0.0,0.0,0.5962822761809045,0.5962822761809045,0.0,0,0,0,0.0,OPTIMAL,0.0
2026-01-26 19:15:00,ZONE_B,0,0.98423725,0.0009586425,2048.6194525,2048.6194525,0.0,0.0,0.6000081846201071,0.6000081846201071,0.0,0,0,0,0.0,OPTIMAL,0.0
2026-01-26 19:30:00,ZONE_B,0,0.9960263,0.0008946629,2032.7946642,2032.7946642,0.0,0.0,0.6027203472324417,0.6027203472324417,0.0,0,0,0,0.0,OPTIMAL,0.0
2026-01-26 19:45:00,ZONE_B,0,0.99609095,0.0012981417,2037.2480625,2037.2480625,0.0,0.0,0.5978541118006989,0.5978541118006989,0.0,0,0,0,0.0,OPTIMAL,0.0
2026-01-26 20:00:00,ZONE_B,0,0.99979335,0.00094216346,1924.98535484,1924.98535484,0.0,0.0,0.5791098336397753,0.5791098336397753,0.0,0,0,0,0.0,OPTIMAL,0.0
2026-01-26 20:15:00,ZONE_B,0,0.9997063,0.0011595682,1907.5363,1907.5363,0.0,0.0,0.5569888191908934,0.5569888191908934,0.0,0,0,0,0.0,OPTIMAL,0.0
2026-01-26 20:30:00,ZONE_B,0,0.999724,0.0011595682,1887.7051,1887.7051,0.0,0.0,0.5626122333345458,0.5626122333345458,0.0,0,0,0,0.0,OPTIMAL,0.0
2026-01-26 20:45:00,ZONE_B,0,0.99980956,0.00094722677,1893.602229,1893.602229,0.0,0.0,0.541534699839262,0.541534699839262,0.0,0,0,0,0.0,OPTIMAL,0.0
2026-01-26 21:00:00,ZONE_B,0,0.9998172,0.0015769672,1855.8039265,1855.8039265,0.0,0.0,0.5228932650637651,0.5228932650637651,0.0,0,0,0,0.0,OPTIMAL,0.0
2026-01-26 21:15:00,ZONE_B,0,0.99983,0.0017823668,1817.02785484,1817.02785484,0.0,0.0,0.5391269481846089,0.5391269481846089,0.0,0,0,0,0.0,OPTIMAL,0.0
2026-01-26 21:30:00,ZONE_B,0,0.9998024,0.0014322528,1805.101702,1805.101702,0.0,0.0,0.5197319678396536,0.5197319678396536,0.0,0,0,0,0.0,OPTIMAL,0.0
2026-01-26 21:45:00,ZONE_B,0,0.99983,0.0022828465,1791.57164743,1791.57164743,0.0,0.0,0.5057426773603694,0.5057426773603694,0.0,0,0,0,0.0,OPTIMAL,0.0
2026-01-26 22:00:00,ZONE_B,0,0.9997867,0.0019584368,1740.98923464,1740.98923464,0.0,0.0,0.5094940982280683,0.5094940982280683,0.0,0,0,0,0.0,OPTIMAL,0.0
2026-01-26 22:15:00,ZONE_B,0,0.9998286,0.0015737916,1709.466776,1709.466776,0.0,0.0,0.48508715722656076,0.48508715722656076,0.0,0,0,0,0.0,OPTIMAL,0.0
2026-01-26 22:30:00,ZONE_B,0,0.99972993,0.0024097818,1706.663376446,1706.663376446,0.0,0.0,0.4801556769177995,0.4801556769177995,0.0,0,0,0,0.0,OPTIMAL,0.0
2026-01-26 22:45:00,ZONE_B,0,0.9997813,0.0019584368,1667.30900424,1667.30900424,0.0,0.0,0.4649994223298204,0.4649994223298204,0.0,0,0,0,0.0,OPTIMAL,0.0
2026-01-26 23:00:00,ZONE_B,0,0.9997813,0.0019584368,1643.10877485,1643.10877485,0.0,0.0,0.4662120344830626,0.4662120344830626,0.0,0,0,0,0.0,OPTIMAL,0.0
2026-01-26 23:15:00,ZONE_B,0,0.9997323,0.0019246067,1664.04750086,1664.04750086,0.0,0.0,0.4706334810412422,0.4706334810412422,0.0,0,0,0,0.0,OPTIMAL,0.0
2026-01-26 23:30:00,ZONE_B,0,0.9997644,0.0018747984,1655.6740112,1655.6740112,0.0,0.0,0.4547177465303779,0.4547177465303779,0.0,0,0,0,0.0,OPTIMAL,0.0
2026-01-26 23:45:00,ZONE_B,0,0.9998286,0.0007210341,1652.8822306,1652.8822306,0.0,0.0,0.4648562870614434,0.4648562870614434,0.0,0,0,0,0.0,OPTIMAL,0.0
2026-01-27 00:00:00,ZONE_B,0,0.9998286,0.00042442512,1620.0376308,1620.0376308,0.0,0.0,0.4547958872236503,0.4547958872236503,0.0,0,0,0,0.0,OPTIMAL,0.0
2026-01-27 00:15:00,ZONE_B,0,0.9998286,0.001662131,1620.171819,1620.171819,0.0,0.0,0.4678680070999462,0.4678680070999462,0.0,0,0,0,0.0,OPTIMAL,0.0
2026-01-27 00:30:00,ZONE_B,0,0.99983084,0.0005823472,1635.343293,1635.343293,0.0,0.0,0.47217539942784115,0.47217539942784115,0.0,0,0,0,0.0,OPTIMAL,0.0
2026-01-27 00:45:00,ZONE_B,0,0.99983084,0.00042442512,1618.5961822,1618.5961822,0.0,0.0,0.46342061835660137,0.46342061835660137,0.0,0,0,0,0.0,OPTIMAL,0.0
2026-01-27 01:00:00,ZONE_B,0,0.9998247,0.00069988956,1638.48806406,1638.48806406,0.0,0.0,0.45277006187225965,0.45277006187225965,0.0,0,0,0,0.0,OPTIMAL,0.0
2026-01-27 01:15:00,ZONE_B,0,0.9998247,0.00071508926,1622.3857248,1622.3857248,0.0,0.0,0.47047139683122213,0.47047139683122213,0.0,0,0,0,0.0,OPTIMAL,0.0
2026-01-27 01:30:00,ZONE_B,0,0.99983084,0.001662131,1624.3854046,1624.3854046,0.0,0.0,0.4695539947676839,0.4695539947676839,0.0,0,0,0,0.0,OPTIMAL,0.0
2026-01-27 01:45:00,ZONE_B,0,0.99983084,0.0006397771,1637.0850083,1637.0850083,0.0,0.0,0.4664688782783093,0.4664688782783093,0.0,0,0,0,0.0,OPTIMAL,0.0
2026-01-27 02:00:00,ZONE_B,0,0.9998286,0.00083311595,1636.6846182,1636.6846182,0.0,0.0,0.47681659117581643,0.47681659117581643,0.0,0,0,0,0.0,OPTIMAL,0.0
2026-01-27 02:15:00,ZONE_B,0,0.9998286,0.001662131,1622.5948441,1622.5948441,0.0,0.0,0.47052614103350177,0.47052614103350177,0.0,0,0,0,0.0,OPTIMAL,0.0
2026-01-27 02:30:00,ZONE_B,0,0.99976796,0.0027624299,1614.987149,1614.987149,0.0,0.0,0.46030690334106855,0.46030690334106855,0.0,0,0,0,0.0,OPTIMAL,0.0
2026-01-27 02:45:00,ZONE_B,0,0.99978334,0.00065027556,1621.2504737,1621.2504737,0.0,0.0,0.4654374540674974,0.4654374540674974,0.0,0,0,0,0.0,OPTIMAL,0.0
2026-01-27 03:00:00,ZONE_B,0,0.9998286,0.001662131,1626.398379,1626.398379,0.0,0.0,0.4685465831755864,0.4685465831755864,0.0,0,0,0,0.0,OPTIMAL,0.0
2026-01-27 03:15:00,ZONE_B,0,0.9998286,0.001662131,1639.002258,1639.002258,0.0,0.0,0.4512365859017726,0.4512365859017726,0.0,0,0,0,0.0,OPTIMAL,0.0
2026-01-27 03:30:00,ZONE_B,0,0.99983084,0.00056228903,1637.2270620000002,1637.2270620000002,0.0,0.0,0.4660246343211332,0.4660246343211332,0.0,0,0,0,0.0,OPTIMAL,0.0
2026-01-27 03:45:00,ZONE_B,0,0.99983084,0.00042442512,1619.2595525,1619.2595525,0.0,0.0,0.4674209311535294,0.4674209311535294,0.0,0,0,0,0.0,OPTIMAL,0.0
2026-01-27 04:00:00,ZONE_B,0,0.9997813,0.0025449272,1626.46257893,1626.46257893,0.0,0.0,0.471147405489245,0.471147405489245,0.0,0,0,0,0.0,OPTIMAL,0.0
2026-01-27 04:15:00,ZONE_B,0,0.999833,0.0012088715,1638.13347,1638.13347,0.0,0.0,0.46324681668796486,0.46324681668796486,0.0,0,0,0,0.0,OPTIMAL,0.0
2026-01-27 04:30:00,ZONE_B,0,0.9998286,0.00042442512,1630.7751245,1630.7751245,0.0,0.0,0.4575638327927156,0.4575638327927156,0.0,0,0,0,0.0,OPTIMAL,0.0
2026-01-27 04:45:00,ZONE_B,0,0.99978334,0.00088014326,1674.4291409700002,1674.4291409700002,0.0,0.0,0.45115161876341225,0.45115161876341225,0.0,0,0,0,0.0,OPTIMAL,0.0
2026-01-27 05:00:00,ZONE_B,0,0.9997831,0.0025449272,1843.16497098,1843.16497098,0.0,0.0,0.5399885692852215,0.5399885692852215,0.0,0,0,0,0.0,OPTIMAL,0.0
2026-01-27 05:15:00,ZONE_B,0,0.99970216,0.0007595664,1826.490818,1826.490818,0.0,0.0,0.6121362559104828,0.6121362559104828,0.0,0,0,0,0.0,OPTIMAL,0.0
2026-01-27 05:30:00,ZONE_B,0,0.9996031,0.0011635488,1867.245942,1867.245942,0.0,0.0,0.5519683351146235,0.5519683351146235,0.0,0,0,0,0.0,OPTIMAL,0.0
2026-01-27 05:45:00,ZONE_B,0,0.9998211,0.00083311595,1920.0153258,1920.0153258,0.0,0.0,0.5543478040992711,0.5543478040992711,0.0,0,0,0,0.0,OPTIMAL,0.0
2026-01-27 06:00:00,ZONE_B,0,0.99923015,0.0025797163,1904.59753,1904.59753,0.0,0.0,0.571677642070174,0.571677642070174,0.0,0,0,0,0.0,OPTIMAL,0.0
2026-01-27 06:15:00,ZONE_B,0,0.9546704,0.0012633734,2022.298046,2022.298046,0.0,0.0,0.585288910800614,0.585288910800614,0.0,0,0,0,0.0,OPTIMAL,0.0
2026-01-27 06:30:00,ZONE_B,0,0.9979361,0.001759224,1917.442925,1917.442925,0.0,0.0,0.5848136446796225,0.5848136446796225,0.0,0,0,0,0.0,OPTIMAL,0.0
2026-01-27 06:45:00,ZONE_B,0,0.9979361,0.001759224,1901.72146,1901.72146,0.0,0.0,0.6143509271100283,0.6143509271100283,0.0,0,0,0,0.0,OPTIMAL,0.0
2026-01-27 07:00:00,ZONE_B,0,0.99630016,0.0009689591,1858.09052,1858.09052,0.0,0.0,0.6747968064855389,0.6747968064855389,0.0,0,0,0,0.0,OPTIMAL,0.0
2026-01-27 07:15:00,ZONE_B,0,0.69361377,0.0041493047,1866.16628,1866.16628,0.0,0.0,0.6163066656601249,0.6163066656601249,0.0,0,0,0,0.0,OPTIMAL,0.0
2026-01-27 07:30:00,ZONE_B,0,0.743472,0.026691394,1828.36347,1828.36347,0.0,0.0,0.6517938459727646,0.6517938459727646,0.0,0,0,0,0.0,OPTIMAL,0.0
2026-01-27 07:45:00,ZONE_B,1,0.49599132,0.05014407,1857.2173000000005,1857.2173000000005,0.0,0.0,0.6329640856391681,0.6329640856391681,0.0,0,0,0,0.0,OPTIMAL,0.0
2026-01-27 08:00:00,ZONE_B,1,0.66727835,0.54227674,1794.005,2005.480293551958,211.475293551958,11.475293551958003,0.6819299960356462,0.7574568868221623,200.0,0,0,0,11.475293551958003,OPTIMAL,125752.93551958003
2026-01-27 08:15:00,ZONE_B,1,0.43456963,0.36203498,1838.89573,1838.89573,0.0,0.0,0.6527997245460371,0.6527997245460371,0.0,0,0,0,0.0,OPTIMAL,0.0
2026-01-27 08:30:00,ZONE_B,1,0.71156186,0.4409638,1793.35432,1793.35432,0.0,0.0,0.6651618782496176,0.6651618782496176,0.0,0,0,0,0.0,OPTIMAL,0.0
2026-01-27 08:45:00,ZONE_B,3,0.45508376,0.43423638,1817.74862,1817.74862,0.0,0.0,0.6873739695890831,0.6873739695890831,0.0,0,0,0,0.0,OPTIMAL,0.0
2026-01-27 09:00:00,ZONE_B,0,0.85863465,0.5624218,1575.71538,1829.971157882016,254.255777882016,54.25577788201599,0.6238537138380214,0.7146593490813737,200.0,0,0,0,54.25577788201599,OPTIMAL,553557.77882016
2026-01-27 09:15:00,ZONE_B,0,0.8715633,0.43838283,1624.4298,1624.4298,0.0,0.0,0.6258167590279134,0.6258167590279134,0.0,0,0,0,0.0,OPTIMAL,0.0
2026-01-27 09:30:00,ZONE_B,0,0.9730123,0.3888647,1569.2059600000002,1569.2059600000002,0.0,0.0,0.581380747283115,0.581380747283115,0.0,0,0,0,0.0,OPTIMAL,0.0
2026-01-27 09:45:00,ZONE_B,0,0.9769906,0.48806697,1533.76136,1533.76136,0.0,0.0,0.606060433943584,0.606060433943584,0.0,0,0,0,0.0,OPTIMAL,0.0
2026-01-27 10:00:00,ZONE_B,1,0.5572888,0.22566906,1692.6873999999998,1692.6873999999998,0.0,0.0,0.5819046121772224,0.5819046121772224,0.0,0,0,0,0.0,OPTIMAL,0.0
2026-01-27 10:15:00,ZONE_B,0,0.8773742,0.17682795,1643.283,1643.283,0.0,0.0,0.5863749137057734,0.5863749137057734,0.0,0,0,0,0.0,OPTIMAL,0.0
2026-01-27 10:30:00,ZONE_B,0,0.9298318,0.18529744,1599.1257,1599.1257,0.0,0.0,0.6063529981949052,0.6063529981949052,0.0,0,0,0,0.0,OPTIMAL,0.0
2026-01-27 10:45:00,ZONE_B,0,0.7509951,0.46803916,1590.16187,1590.16187,0.0,0.0,0.585096378523973,0.585096378523973,0.0,0,0,0,0.0,OPTIMAL,0.0
2026-01-27 11:00:00,ZONE_B,0,0.93005633,0.17424463,1616.33235,1616.33235,0.0,0.0,0.6880337583475786,0.6880337583475786,0.0,0,0,0,0.0,OPTIMAL,0.0
2026-01-27 11:15:00,ZONE_B,0,0.9987795,0.2268064,1542.6015,1542.6015,0.0,0.0,0.615913253376651,0.615913253376651,0.0,0,0,0,0.0,OPTIMAL,0.0
2026-01-27 11:30:00,ZONE_B,0,0.9957145,0.3572644,1567.6718,1567.6718,0.0,0.0,0.5841918907286754,0.5841918907286754,0.0,0,0,0,0.0,OPTIMAL,0.0
2026-01-27 11:45:00,ZONE_B,0,0.63898784,0.04833922,1677.2440599999998,1677.2440599999998,0.0,0.0,0.5870540121052171,0.5870540121052171,0.0,0,0,0,0.0,OPTIMAL,0.0
2026-01-27 12:00:00,ZONE_B,0,0.527774,0.11950821,1683.13478,1683.13478,0.0,0.0,0.6420728732514432,0.6420728732514432,0.0,0,0,0,0.0,OPTIMAL,0.0
2026-01-27 12:15:00,ZONE_B,0,0.7598141,0.14491898,1680.71742,1680.71742,0.0,0.0,0.6828426813192695,0.6828426813192695,0.0,0,0,0,0.0,OPTIMAL,0.0
2026-01-27 12:30:00,ZONE_B,0,0.99740016,0.050453577,1632.03798,1632.03798,0.0,0.0,0.5823965124244265,0.5823965124244265,0.0,0,0,0,0.0,OPTIMAL,0.0
2026-01-27 12:45:00,ZONE_B,0,0.99498934,0.049007043,1627.62987,1627.62987,0.0,0.0,0.5685904077112446,0.5685904077112446,0.0,0,0,0,0.0,OPTIMAL,0.0
2026-01-27 13:00:00,ZONE_B,0,0.9752495,0.26211527,1642.38243,1642.38243,0.0,0.0,0.6628531919998589,0.6628531919998589,0.0,0,0,0,0.0,OPTIMAL,0.0
2026-01-27 13:15:00,ZONE_B,0,0.98663473,0.09560192,1638.79137,1638.79137,0.0,0.0,0.5989824240142255,0.5989824240142255,0.0,0,0,0,0.0,OPTIMAL,0.0
2026-01-27 13:30:00,ZONE_B,0,0.99532026,0.031282853,1646.22424,1646.22424,0.0,0.0,0.5824106715108516,0.5824106715108516,0.0,0,0,0,0.0,OPTIMAL,0.0
2026-01-27 13:45:00,ZONE_B,0,0.9949891,0.04544708,1681.10953,1681.10953,0.0,0.0,0.599648941594217,0.599648941594217,0.0,0,0,0,0.0,OPTIMAL,0.0
2026-01-27 14:00:00,ZONE_B,0,0.53245,0.006704219,1806.251,1806.251,0.0,0.0,0.5625738032544992,0.5625738032544992,0.0,0,0,0,0.0,OPTIMAL,0.0
2026-01-27 14:15:00,ZONE_B,0,0.9940024,0.0054286886,1765.1642000000002,1765.1642000000002,0.0,0.0,0.5721695554980576,0.5721695554980576,0.0,0,0,0,0.0,OPTIMAL,0.0
2026-01-27 14:30:00,ZONE_B,0,0.99730396,0.0038172202,1748.47932,1748.47932,0.0,0.0,0.5713069426908746,0.5713069426908746,0.0,0,0,0,0.0,OPTIMAL,0.0
2026-01-27 14:45:00,ZONE_B,0,0.9955402,0.004335302,1777.4986,1777.4986,0.0,0.0,0.6048431997641703,0.6048431997641703,0.0,0,0,0,0.0,OPTIMAL,0.0
2026-01-27 15:00:00,ZONE_B,0,0.9964497,0.0016912153,1817.13082,1817.13082,0.0,0.0,0.6075200229283926,0.6075200229283926,0.0,0,0,0,0.0,OPTIMAL,0.0
2026-01-27 15:15:00,ZONE_B,0,0.99558157,0.0009689591,1856.73381,1856.73381,0.0,0.0,0.6204596625456864,0.6204596625456864,0.0,0,0,0,0.0,OPTIMAL,0.0
2026-01-27 15:30:00,ZONE_B,0,0.9958269,0.0009830217,1857.11154,1857.11154,0.0,0.0,0.5969491912601131,0.5969491912601131,0.0,0,0,0,0.0,OPTIMAL,0.0
2026-01-27 15:45:00,ZONE_B,0,0.9958075,0.0013392013,1881.26735,1881.26735,0.0,0.0,0.6134136138532309,0.6134136138532309,0.0,0,0,0,0.0,OPTIMAL,0.0
2026-01-27 16:00:00,ZONE_B,0,0.9944002,0.0013392013,1913.553524,1913.553524,0.0,0.0,0.621022865455974,0.621022865455974,0.0,0,0,0,0.0,OPTIMAL,0.0
2026-01-27 16:15:00,ZONE_B,0,0.9924426,0.001538925,1928.54894,1928.54894,0.0,0.0,0.6078548537283325,0.6078548537283325,0.0,0,0,0,0.0,OPTIMAL,0.0
2026-01-27 16:30:00,ZONE_B,0,0.98560244,0.0013200501,1972.414634,1972.414634,0.0,0.0,0.6076345004458682,0.6076345004458682,0.0,0,0,0,0.0,OPTIMAL,0.0
2026-01-27 16:45:00,ZONE_B,0,0.9962662,0.0012817035,1979.671705,1979.671705,0.0,0.0,0.6078991603199667,0.6078991603199667,0.0,0,0,0,0.0,OPTIMAL,0.0
2026-01-27 17:00:00,ZONE_B,0,0.9971034,0.001250484,2002.512761,2002.512761,0.0,0.0,0.6061380415501793,0.6061380415501793,0.0,0,0,0,0.0,OPTIMAL,0.0
2026-01-27 17:15:00,ZONE_B,0,0.9985065,0.0012571256,2004.6615,2004.6615,0.0,0.0,0.6051508293465252,0.6051508293465252,0.0,0,0,0,0.0,OPTIMAL,0.0
2026-01-27 17:30:00,ZONE_B,0,0.9985065,0.0012571256,2006.0564,2006.0564,0.0,0.0,0.6077751224699907,0.6077751224699907,0.0,0,0,0,0.0,OPTIMAL,0.0
2026-01-27 17:45:00,ZONE_B,0,0.9989994,0.0010269377,2003.227879,2003.227879,0.0,0.0,0.6089572646369729,0.6089572646369729,0.0,0,0,0,0.0,OPTIMAL,0.0
2026-01-27 18:00:00,ZONE_B,0,0.998038,0.0011262709,2004.2389734,2004.2389734,0.0,0.0,0.5973067529809769,0.5973067529809769,0.0,0,0,0,0.0,OPTIMAL,0.0
2026-01-27 18:15:00,ZONE_B,0,0.9989008,0.0008931392,1998.4097,1998.4097,0.0,0.0,0.6033838529100485,0.6033838529100485,0.0,0,0,0,0.0,OPTIMAL,0.0
2026-01-27 18:30:00,ZONE_B,0,0.99827313,0.0009514735,1987.431694,1987.431694,0.0,0.0,0.6235804910977558,0.6235804910977558,0.0,0,0,0,0.0,OPTIMAL,0.0
2026-01-27 18:45:00,ZONE_B,0,0.99849784,0.0007893795,1992.9177,1992.9177,0.0,0.0,0.6052569350079554,0.6052569350079554,0.0,0,0,0,0.0,OPTIMAL,0.0
2026-01-27 19:00:00,ZONE_B,0,0.99908626,0.0007256502,1991.5869425,1991.5869425,0.0,0.0,0.6132940101505714,0.6132940101505714,0.0,0,0,0,0.0,OPTIMAL,0.0
2026-01-27 19:15:00,ZONE_B,0,0.99919707,0.0010269377,1999.0333485,1999.0333485,0.0,0.0,0.5987954993922567,0.5987954993922567,0.0,0,0,0,0.0,OPTIMAL,0.0
2026-01-27 19:30:00,ZONE_B,0,0.9967187,0.0010934361,1987.480586,1987.480586,0.0,0.0,0.6034231511524463,0.6034231511524463,0.0,0,0,0,0.0,OPTIMAL,0.0
2026-01-27 19:45:00,ZONE_B,0,0.99926084,0.0017438774,2004.8607659,2004.8607659,0.0,0.0,0.6013333960679814,0.6013333960679814,0.0,0,0,0,0.0,OPTIMAL,0.0
2026-01-27 20:00:00,ZONE_B,0,0.9996941,0.0011097742,1866.3906,1866.3906,0.0,0.0,0.5660294660227903,0.5660294660227903,0.0,0,0,0,0.0,OPTIMAL,0.0
2026-01-27 20:15:00,ZONE_B,0,0.9998117,0.00094722677,1875.9762815,1875.9762815,0.0,0.0,0.5781117243055228,0.5781117243055228,0.0,0,0,0,0.0,OPTIMAL,0.0
2026-01-27 20:30:00,ZONE_B,0,0.9998117,0.00094722677,1851.784945,1851.784945,0.0,0.0,0.5437224318578185,0.5437224318578185,0.0,0,0,0,0.0,OPTIMAL,0.0
2026-01-27 20:45:00,ZONE_B,0,0.9996927,0.0011595682,1850.465,1850.465,0.0,0.0,0.5502115270187523,0.5502115270187523,0.0,0,0,0,0.0,OPTIMAL,0.0
2026-01-27 21:00:00,ZONE_B,0,0.9996724,0.002009225,1822.4607,1822.4607,0.0,0.0,0.5363850981884333,0.5363850981884333,0.0,0,0,0,0.0,OPTIMAL,0.0
2026-01-27 21:15:00,ZONE_B,0,0.99970716,0.0011367503,1799.8491,1799.8491,0.0,0.0,0.5285823566326335,0.5285823566326335,0.0,0,0,0,0.0,OPTIMAL,0.0
2026-01-27 21:30:00,ZONE_B,0,0.9997366,0.0024097818,1756.9012,1756.9012,0.0,0.0,0.5199509828496686,0.5199509828496686,0.0,0,0,0,0.0,OPTIMAL,0.0
2026-01-27 21:45:00,ZONE_B,0,0.99983,0.0020776717,1722.9667466,1722.9667466,0.0,0.0,0.5096844650692118,0.5096844650692118,0.0,0,0,0,0.0,OPTIMAL,0.0
2026-01-27 22:00:00,ZONE_B,0,0.9998286,0.0015737916,1702.504138,1702.504138,0.0,0.0,0.49466152753451215,0.49466152753451215,0.0,0,0,0,0.0,OPTIMAL,0.0
2026-01-27 22:15:00,ZONE_B,0,0.9997867,0.0019584368,1719.27540424,1719.27540424,0.0,0.0,0.4971638834727381,0.4971638834727381,0.0,0,0,0,0.0,OPTIMAL,0.0
2026-01-27 22:30:00,ZONE_B,0,0.9997813,0.0019584368,1671.83191423,1671.83191423,0.0,0.0,0.4803977761884153,0.4803977761884153,0.0,0,0,0,0.0,OPTIMAL,0.0
2026-01-27 22:45:00,ZONE_B,0,0.9998247,0.0022828465,1636.884095,1636.884095,0.0,0.0,0.464192345822386,0.464192345822386,0.0,0,0,0,0.0,OPTIMAL,0.0
2026-01-27 23:00:00,ZONE_B,0,0.9998247,0.0019584368,1633.3011562,1633.3011562,0.0,0.0,0.4785043083263987,0.4785043083263987,0.0,0,0,0,0.0,OPTIMAL,0.0
2026-01-27 23:15:00,ZONE_B,0,0.9998267,0.0022828465,1612.4797982,1612.4797982,0.0,0.0,0.46378721771791925,0.46378721771791925,0.0,0,0,0,0.0,OPTIMAL,0.0
2026-01-27 23:30:00,ZONE_B,0,0.9998349,0.0018231814,1632.8780814,1632.8780814,0.0,0.0,0.4653076013169849,0.4653076013169849,0.0,0,0,0,0.0,OPTIMAL,0.0
2026-01-27 23:45:00,ZONE_B,0,0.99950635,0.0010710816,1614.400016,1614.400016,0.0,0.0,0.48294794153385545,0.48294794153385545,0.0,0,0,0,0.0,OPTIMAL,0.0
2026-01-28 00:00:00,ZONE_B,0,0.9998286,0.001662131,1604.7570848,1604.7570848,0.0,0.0,0.46050345308476576,0.46050345308476576,0.0,0,0,0,0.0,OPTIMAL,0.0
2026-01-28 00:15:00,ZONE_B,0,0.9998286,0.00041584068,1601.085491,1601.085491,0.0,0.0,0.4737291515890565,0.4737291515890565,0.0,0,0,0,0.0,OPTIMAL,0.0
2026-01-28 00:30:00,ZONE_B,0,0.99983084,0.00041584068,1601.1450686,1601.1450686,0.0,0.0,0.46538757946077325,0.46538757946077325,0.0,0,0,0,0.0,OPTIMAL,0.0
2026-01-28 00:45:00,ZONE_B,0,0.9998286,0.0009274367,1596.540204,1596.540204,0.0,0.0,0.46661596009332307,0.46661596009332307,0.0,0,0,0,0.0,OPTIMAL,0.0
2026-01-28 01:00:00,ZONE_B,0,0.9998286,0.0005509177,1598.6834326,1598.6834326,0.0,0.0,0.4760985409431802,0.4760985409431802,0.0,0,0,0,0.0,OPTIMAL,0.0
2026-01-28 01:15:00,ZONE_B,0,0.9998286,0.001226754,1598.5010167,1598.5010167,0.0,0.0,0.4585191181581918,0.4585191181581918,0.0,0,0,0,0.0,OPTIMAL,0.0
2026-01-28 01:30:00,ZONE_B,0,0.99978334,0.000637126,1603.34415915,1603.34415915,0.0,0.0,0.47061985351866065,0.47061985351866065,0.0,0,0,0,0.0,OPTIMAL,0.0
2026-01-28 01:45:00,ZONE_B,0,0.99983084,0.000562884,1601.9732977,1601.9732977,0.0,0.0,0.47656722310329513,0.47656722310329513,0.0,0,0,0,0.0,OPTIMAL,0.0
2026-01-28 02:00:00,ZONE_B,0,0.9998286,0.001226754,1597.2177514,1597.2177514,0.0,0.0,0.4687405075912575,0.4687405075912575,0.0,0,0,0,0.0,OPTIMAL,0.0
2026-01-28 02:15:00,ZONE_B,0,0.9998286,0.0005509177,1600.7189398,1600.7189398,0.0,0.0,0.4681419600455394,0.4681419600455394,0.0,0,0,0,0.0,OPTIMAL,0.0
2026-01-28 02:30:00,ZONE_B,0,0.99983084,0.001662131,1603.6016432,1603.6016432,0.0,0.0,0.4674523950261701,0.4674523950261701,0.0,0,0,0,0.0,OPTIMAL,0.0
2026-01-28 02:45:00,ZONE_B,0,0.9998518,0.001662131,1602.4209307,1602.4209307,0.0,0.0,0.47091308351647926,0.47091308351647926,0.0,0,0,0,0.0,OPTIMAL,0.0
2026-01-28 03:00:00,ZONE_B,0,0.99985313,0.00048675205,1620.985471,1620.985471,0.0,0.0,0.4574240240852706,0.4574240240852706,0.0,0,0,0,0.0,OPTIMAL,0.0
2026-01-28 03:15:00,ZONE_B,0,0.99983025,0.00049372733,1601.452814,1601.452814,0.0,0.0,0.46388524506244155,0.46388524506244155,0.0,0,0,0,0.0,OPTIMAL,0.0
2026-01-28 03:30:00,ZONE_B,0,0.9998548,0.000562884,1596.316593,1596.316593,0.0,0.0,0.46655095418850195,0.46655095418850195,0.0,0,0,0,0.0,OPTIMAL,0.0
2026-01-28 03:45:00,ZONE_B,0,0.99985087,0.00049372733,1597.7257242,1597.7257242,0.0,0.0,0.4637987267164266,0.4637987267164266,0.0,0,0,0,0.0,OPTIMAL,0.0
2026-01-28 04:00:00,ZONE_B,0,0.9998229,0.0005623231,1580.646246,1580.646246,0.0,0.0,0.467234369434141,0.467234369434141,0.0,0,0,0,0.0,OPTIMAL,0.0
2026-01-28 04:15:00,ZONE_B,0,0.9998271,0.0005089161,1577.1859450000002,1577.1859450000002,0.0,0.0,0.4600178448763663,0.4600178448763663,0.0,0,0,0,0.0,OPTIMAL,0.0
2026-01-28 04:30:00,ZONE_B,0,0.9998105,0.0006855175,1574.188452,1574.188452,0.0,0.0,0.4626917487842281,0.4626917487842281,0.0,0,0,0,0.0,OPTIMAL,0.0
2026-01-28 04:45:00,ZONE_B,0,0.9998466,0.0005717237,1661.195273,1661.195273,0.0,0.0,0.46496008276470124,0.46496008276470124,0.0,0,0,0,0.0,OPTIMAL,0.0
2026-01-28 05:00:00,ZONE_B,0,0.9998287,0.00057450216,1812.471029,1812.471029,0.0,0.0,0.5348912799603329,0.5348912799603329,0.0,0,0,0,0.0,OPTIMAL,0.0
2026-01-28 05:15:00,ZONE_B,0,0.9998246,0.00056228903,1847.8722063,1847.8722063,0.0,0.0,0.5442256229071192,0.5442256229071192,0.0,0,0,0,0.0,OPTIMAL,0.0
2026-01-28 05:30:00,ZONE_B,0,0.9997875,0.00062815176,1839.012706,1839.012706,0.0,0.0,0.5429257072794158,0.5429257072794158,0.0,0,0,0,0.0,OPTIMAL,0.0
2026-01-28 05:45:00,ZONE_B,0,0.9996779,0.00094174524,1848.404194,1848.404194,0.0,0.0,0.5694117055670125,0.5694117055670125,0.0,0,0,0,0.0,OPTIMAL,0.0
2026-01-28 06:00:00,ZONE_B,0,0.99969935,0.00084809284,1881.168132,1881.168132,0.0,0.0,0.5771586545147663,0.5771586545147663,0.0,0,0,0,0.0,OPTIMAL,0.0
2026-01-28 06:15:00,ZONE_B,0,0.99947506,0.00071607373,1890.29252,1890.29252,0.0,0.0,0.577690643790649,0.577690643790649,0.0,0,0,0,0.0,OPTIMAL,0.0
2026-01-28 06:30:00,ZONE_B,0,0.9992724,0.0020351966,1885.03377,1885.03377,0.0,0.0,0.598127124788088,0.598127124788088,0.0,0,0,0,0.0,OPTIMAL,0.0
2026-01-28 06:45:00,ZONE_B,0,0.99920136,0.0007855746,1879.27375,1879.27375,0.0,0.0,0.6184126691590536,0.6184126691590536,0.0,0,0,0,0.0,OPTIMAL,0.0
2026-01-28 07:00:00,ZONE_B,0,0.99798167,0.0011300773,1885.87323,1885.87323,0.0,0.0,0.6075282995309482,0.6075282995309482,0.0,0,0,0,0.0,OPTIMAL,0.0
2026-01-28 07:15:00,ZONE_B,0,0.9258982,0.0011139134,1926.3706,1926.3706,0.0,0.0,0.6122374177081633,0.6122374177081633,0.0,0,0,0,0.0,OPTIMAL,0.0
2026-01-28 07:30:00,ZONE_B,0,0.8229622,0.0015645429,1934.794,1934.794,0.0,0.0,0.67418975941842,0.67418975941842,0.0,0,0,0,0.0,OPTIMAL,0.0
2026-01-28 07:45:00,ZONE_B,2,0.36070174,0.0014455058,1992.68066,1992.68066,0.0,0.0,0.65842909794458,0.65842909794458,0.0,0,0,0,0.0,OPTIMAL,0.0
2026-01-28 08:00:00,ZONE_B,2,0.5487143,0.0018311213,1986.49717,1986.49717,0.0,0.0,0.6359706891257054,0.6359706891257054,0.0,0,0,0,0.0,OPTIMAL,0.0
2026-01-28 08:15:00,ZONE_B,2,0.5468426,0.004517006,1930.9351300000003,1930.9351300000003,0.0,0.0,0.6534314375149244,0.6534314375149244,0.0,0,0,0,0.0,OPTIMAL,0.0
2026-01-28 08:30:00,ZONE_B,2,0.5380238,0.023352345,1958.555,1958.555,0.0,0.0,0.6829234059610949,0.6829234059610949,0.0,0,0,0,0.0,OPTIMAL,0.0
2026-01-28 08:45:00,ZONE_B,2,0.5734328,0.040087264,2015.59151,2015.59151,0.0,0.0,0.71090529113139,0.71090529113139,0.0,0,0,0,0.0,OPTIMAL,0.0
2026-01-28 09:00:00,ZONE_B,0,0.93754613,0.066681445,1754.22103,1754.22103,0.0,0.0,0.6114820321006791,0.6114820321006791,0.0,0,0,0,0.0,OPTIMAL,0.0
2026-01-28 09:15:00,ZONE_B,0,0.987023,0.085999765,1734.83384,1734.83384,0.0,0.0,0.6122150790422334,0.6122150790422334,0.0,0,0,0,0.0,OPTIMAL,0.0
2026-01-28 09:30:00,ZONE_B,0,0.98739076,0.12848578,1709.6549,1709.6549,0.0,0.0,0.665461095081538,0.665461095081538,0.0,0,0,0,0.0,OPTIMAL,0.0
2026-01-28 09:45:00,ZONE_B,0,0.9831808,0.039097715,1724.52567,1724.52567,0.0,0.0,0.6403909859652023,0.6403909859652023,0.0,0,0,0,0.0,OPTIMAL,0.0
2026-01-28 10:00:00,ZONE_B,0,0.8838731,0.058072526,1772.38047,1772.38047,0.0,0.0,0.6100938655657324,0.6100938655657324,0.0,0,0,0,0.0,OPTIMAL,0.0
2026-01-28 10:15:00,ZONE_B,0,0.9908915,0.051534608,1724.7190999999998,1724.7190999999998,0.0,0.0,0.6471336775471503,0.6471336775471503,0.0,0,0,0,0.0,OPTIMAL,0.0
2026-01-28 10:30:00,ZONE_B,0,0.9192069,0.15160988,1725.42595,1725.42595,0.0,0.0,0.5772819442638111,0.5772819442638111,0.0,0,0,0,0.0,OPTIMAL,0.0
2026-01-28 10:45:00,ZONE_B,1,0.5531666,0.07632856,1765.2610700000002,1765.2610700000002,0.0,0.0,0.6283213467828045,0.6283213467828045,0.0,0,0,0,0.0,OPTIMAL,0.0
2026-01-28 11:00:00,ZONE_B,0,0.9766799,0.06651342,1717.92,1717.92,0.0,0.0,0.6809346244618796,0.6809346244618796,0.0,0,0,0,0.0,OPTIMAL,0.0
2026-01-28 11:15:00,ZONE_B,0,0.99173814,0.10880557,1710.57358,1710.57358,0.0,0.0,0.5955785779107821,0.5955785779107821,0.0,0,0,0,0.0,OPTIMAL,0.0
2026-01-28 11:30:00,ZONE_B,0,0.99536335,0.047810435,1717.3434,1717.3434,0.0,0.0,0.5673599064490021,0.5673599064490021,0.0,0,0,0,0.0,OPTIMAL,0.0
2026-01-28 11:45:00,ZONE_B,0,0.99460006,0.097003855,1693.0054,1693.0054,0.0,0.0,0.5853473108075093,0.5853473108075093,0.0,0,0,0,0.0,OPTIMAL,0.0
2026-01-28 12:00:00,ZONE_B,0,0.99823123,0.07398675,1680.71605,1680.71605,0.0,0.0,0.5732995947628716,0.5732995947628716,0.0,0,0,0,0.0,OPTIMAL,0.0
2026-01-28 12:15:00,ZONE_B,0,0.99919266,0.06895237,1632.7973000000002,1632.7973000000002,0.0,0.0,0.5780491041701161,0.5780491041701161,0.0,0,0,0,0.0,OPTIMAL,0.0
2026-01-28 12:30:00,ZONE_B,0,0.99882776,0.027089817,1673.9625999999998,1673.9625999999998,0.0,0.0,0.5986245466881868,0.5986245466881868,0.0,0,0,0,0.0,OPTIMAL,0.0
2026-01-28 12:45:00,ZONE_B,0,0.99886394,0.06335668,1673.93567,1673.93567,0.0,0.0,0.5695459257686328,0.5695459257686328,0.0,0,0,0,0.0,OPTIMAL,0.0
2026-01-28 13:00:00,ZONE_B,0,0.99884677,0.06358366,1654.9123,1654.9123,0.0,0.0,0.6131659214807096,0.6131659214807096,0.0,0,0,0,0.0,OPTIMAL,0.0
2026-01-28 13:15:00,ZONE_B,0,0.99950063,0.060656235,1625.66992,1625.66992,0.0,0.0,0.6252556495314525,0.6252556495314525,0.0,0,0,0,0.0,OPTIMAL,0.0
2026-01-28 13:30:00,ZONE_B,0,0.99883443,0.03385748,1668.79918,1668.79918,0.0,0.0,0.5697890111223916,0.5697890111223916,0.0,0,0,0,0.0,OPTIMAL,0.0
2026-01-28 13:45:00,ZONE_B,0,0.9985885,0.04824207,1670.461,1670.461,0.0,0.0,0.6261179794591937,0.6261179794591937,0.0,0,0,0,0.0,OPTIMAL,0.0
2026-01-28 14:00:00,ZONE_B,0,0.99499846,0.05462781,1693.61183,1693.61183,0.0,0.0,0.6044681968495574,0.6044681968495574,0.0,0,0,0,0.0,OPTIMAL,0.0
2026-01-28 14:15:00,ZONE_B,0,0.99458486,0.097003855,1687.14895,1687.14895,0.0,0.0,0.6218406760973694,0.6218406760973694,0.0,0,0,0,0.0,OPTIMAL,0.0
2026-01-28 14:30:00,ZONE_B,0,0.9986117,0.035415888,1728.89784,1728.89784,0.0,0.0,0.5663245250222535,0.5663245250222535,0.0,0,0,0,0.0,OPTIMAL,0.0
2026-01-28 14:45:00,ZONE_B,0,0.9982672,0.0046143597,1722.29973,1722.29973,0.0,0.0,0.6143133901164408,0.6143133901164408,0.0,0,0,0,0.0,OPTIMAL,0.0
2026-01-28 15:00:00,ZONE_B,0,0.99637103,0.0014733368,1814.08224,1814.08224,0.0,0.0,0.6162597732061716,0.6162597732061716,0.0,0,0,0,0.0,OPTIMAL,0.0
2026-01-28 15:15:00,ZONE_B,0,0.99560046,0.0018651766,1797.23377,1797.23377,0.0,0.0,0.6323261279236242,0.6323261279236242,0.0,0,0,0,0.0,OPTIMAL,0.0
2026-01-28 15:30:00,ZONE_B,0,0.99231225,0.0006847786,1855.01927,1855.01927,0.0,0.0,0.6084858666416866,0.6084858666416866,0.0,0,0,0,0.0,OPTIMAL,0.0
2026-01-28 15:45:00,ZONE_B,0,0.9969517,0.0017104562,1879.698295,1879.698295,0.0,0.0,0.6023666998859191,0.6023666998859191,0.0,0,0,0,0.0,OPTIMAL,0.0
2026-01-28 16:00:00,ZONE_B,0,0.9897653,0.0020074751,1926.823654,1926.823654,0.0,0.0,0.6118936778249694,0.6118936778249694,0.0,0,0,0,0.0,OPTIMAL,0.0
2026-01-28 16:15:00,ZONE_B,0,0.9955823,0.0016930302,1929.016935,1929.016935,0.0,0.0,0.6067824371170008,0.6067824371170008,0.0,0,0,0,0.0,OPTIMAL,0.0
2026-01-28 16:30:00,ZONE_B,0,0.98517954,0.0012836374,1980.085588,1980.085588,0.0,0.0,0.6036510471318689,0.6036510471318689,0.0,0,0,0,0.0,OPTIMAL,0.0
2026-01-28 16:45:00,ZONE_B,0,0.995481,0.0014522701,1952.80412,1952.80412,0.0,0.0,0.6130208498029855,0.6130208498029855,0.0,0,0,0,0.0,OPTIMAL,0.0
2026-01-28 17:00:00,ZONE_B,0,0.998431,0.0011858998,1994.182116,1994.182116,0.0,0.0,0.606547889412276,0.606547889412276,0.0,0,0,0,0.0,OPTIMAL,0.0
2026-01-28 17:15:00,ZONE_B,0,0.9975199,0.0016342588,2010.172637,2010.172637,0.0,0.0,0.6097600146547382,0.6097600146547382,0.0,0,0,0,0.0,OPTIMAL,0.0
2026-01-28 17:30:00,ZONE_B,0,0.99881786,0.0012391054,1995.011584,1995.011584,0.0,0.0,0.6042072406006428,0.6042072406006428,0.0,0,0,0,0.0,OPTIMAL,0.0
2026-01-28 17:45:00,ZONE_B,0,0.9986753,0.0009828334,2002.869816,2002.869816,0.0,0.0,0.6073426219268744,0.6073426219268744,0.0,0,0,0,0.0,OPTIMAL,0.0
2026-01-28 18:00:00,ZONE_B,0,0.99596006,0.0013200501,2010.9201683,2010.9201683,0.0,0.0,0.6048012913601197,0.6048012913601197,0.0,0,0,0,0.0,OPTIMAL,0.0
2026-01-28 18:15:00,ZONE_B,0,0.99851316,0.0011111272,2005.3983,2005.3983,0.0,0.0,0.5982909257027992,0.5982909257027992,0.0,0,0,0,0.0,OPTIMAL,0.0
2026-01-28 18:30:00,ZONE_B,0,0.99906904,0.0017189491,2016.1395467,2016.1395467,0.0,0.0,0.6037003081907544,0.6037003081907544,0.0,0,0,0,0.0,OPTIMAL,0.0
2026-01-28 18:45:00,ZONE_B,0,0.99856335,0.0012571256,2007.77803834,2007.77803834,0.0,0.0,0.5978506903466835,0.5978506903466835,0.0,0,0,0,0.0,OPTIMAL,0.0
2026-01-28 19:00:00,ZONE_B,0,0.99912363,0.0008931392,1988.91871,1988.91871,0.0,0.0,0.5933826129166055,0.5933826129166055,0.0,0,0,0,0.0,OPTIMAL,0.0
2026-01-28 19:15:00,ZONE_B,0,0.9985581,0.0012571256,2014.2498,2014.2498,0.0,0.0,0.6166616943342332,0.6166616943342332,0.0,0,0,0,0.0,OPTIMAL,0.0
2026-01-28 19:30:00,ZONE_B,0,0.9992668,0.0010269377,2003.4338012,2003.4338012,0.0,0.0,0.611252980211178,0.611252980211178,0.0,0,0,0,0.0,OPTIMAL,0.0
2026-01-28 19:45:00,ZONE_B,0,0.99902403,0.0010122475,2012.7331417,2012.7331417,0.0,0.0,0.6214098455921846,0.6214098455921846,0.0,0,0,0,0.0,OPTIMAL,0.0
2026-01-28 20:00:00,ZONE_B,0,0.99980384,0.0013743783,1868.4415634,1868.4415634,0.0,0.0,0.5783414204205595,0.5783414204205595,0.0,0,0,0,0.0,OPTIMAL,0.0
2026-01-28 20:15:00,ZONE_B,0,0.99969447,0.0016030533,1872.7372,1872.7372,0.0,0.0,0.5473366908716081,0.5473366908716081,0.0,0,0,0,0.0,OPTIMAL,0.0
2026-01-28 20:30:00,ZONE_B,0,0.99980813,0.0009065429,1867.1116973,1867.1116973,0.0,0.0,0.5572438589638754,0.5572438589638754,0.0,0,0,0,0.0,OPTIMAL,0.0
2026-01-28 20:45:00,ZONE_B,0,0.999795,0.001088556,1858.813816,1858.813816,0.0,0.0,0.5352927955916977,0.5352927955916977,0.0,0,0,0,0.0,OPTIMAL,0.0
2026-01-28 21:00:00,ZONE_B,0,0.99976283,0.0009236196,1825.6421824,1825.6421824,0.0,0.0,0.5274738242341491,0.5274738242341491,0.0,0,0,0,0.0,OPTIMAL,0.0
2026-01-28 21:15:00,ZONE_B,0,0.99983454,0.0014322528,1781.8495266,1781.8495266,0.0,0.0,0.5314451778058065,0.5314451778058065,0.0,0,0,0,0.0,OPTIMAL,0.0
2026-01-28 21:30:00,ZONE_B,0,0.99983454,0.0014322528,1742.0771917,1742.0771917,0.0,0.0,0.5178961523096783,0.5178961523096783,0.0,0,0,0,0.0,OPTIMAL,0.0
2026-01-28 21:45:00,ZONE_B,0,0.99983454,0.0026714874,1758.2675562,1758.2675562,0.0,0.0,0.5155583467263489,0.5155583467263489,0.0,0,0,0,0.0,OPTIMAL,0.0
2026-01-28 22:00:00,ZONE_B,0,0.9998286,0.0015737916,1710.4201026,1710.4201026,0.0,0.0,0.4997623561496556,0.4997623561496556,0.0,0,0,0,0.0,OPTIMAL,0.0
2026-01-28 22:15:00,ZONE_B,0,0.9998286,0.0015737916,1664.5415947,1664.5415947,0.0,0.0,0.5015954929087986,0.5015954929087986,0.0,0,0,0,0.0,OPTIMAL,0.0
2026-01-28 22:30:00,ZONE_B,0,0.9998286,0.0015737916,1653.7230338,1653.7230338,0.0,0.0,0.4811586368160906,0.4811586368160906,0.0,0,0,0,0.0,OPTIMAL,0.0
2026-01-28 22:45:00,ZONE_B,0,0.9998286,0.0015737916,1638.250287,1638.250287,0.0,0.0,0.49049780288175404,0.49049780288175404,0.0,0,0,0,0.0,OPTIMAL,0.0
2026-01-28 23:00:00,ZONE_B,0,0.9998286,0.0015737916,1634.1282338,1634.1282338,0.0,0.0,0.4744295109802603,0.4744295109802603,0.0,0,0,0,0.0,OPTIMAL,0.0
2026-01-28 23:15:00,ZONE_B,0,0.9998286,0.0015737916,1618.2953539,1618.2953539,0.0,0.0,0.46280679370699396,0.46280679370699396,0.0,0,0,0,0.0,OPTIMAL,0.0
2026-01-28 23:30:00,ZONE_B,0,0.99983084,0.0012567192,1633.9561683,1633.9561683,0.0,0.0,0.466745237024728,0.466745237024728,0.0,0,0,0,0.0,OPTIMAL,0.0
2026-01-28 23:45:00,ZONE_B,0,0.9998286,0.0015737916,1614.2610266,1614.2610266,0.0,0.0,0.458328257262948,0.458328257262948,0.0,0,0,0,0.0,OPTIMAL,0.0
2026-01-29 00:00:00,ZONE_B,0,0.9998286,0.001662131,1620.6375885,1620.6375885,0.0,0.0,0.4687533762131386,0.4687533762131386,0.0,0,0,0,0.0,OPTIMAL,0.0
2026-01-29 00:15:00,ZONE_B,0,0.9997813,0.00069988956,1621.38427233,1621.38427233,0.0,0.0,0.4582177816336906,0.4582177816336906,0.0,0,0,0,0.0,OPTIMAL,0.0
2026-01-29 00:30:00,ZONE_B,0,0.99983084,0.000562884,1600.2098673,1600.2098673,0.0,0.0,0.45063150411969793,0.45063150411969793,0.0,0,0,0,0.0,OPTIMAL,0.0
2026-01-29 00:45:00,ZONE_B,0,0.99983084,0.0005823472,1615.8887064,1615.8887064,0.0,0.0,0.475767047944959,0.475767047944959,0.0,0,0,0,0.0,OPTIMAL,0.0
2026-01-29 01:00:00,ZONE_B,0,0.9998286,0.001226754,1600.8680167,1600.8680167,0.0,0.0,0.4728504594280692,0.4728504594280692,0.0,0,0,0,0.0,OPTIMAL,0.0
2026-01-29 01:15:00,ZONE_B,0,0.9998518,0.00056228903,1612.6962076,1612.6962076,0.0,0.0,0.4718178016312392,0.4718178016312392,0.0,0,0,0,0.0,OPTIMAL,0.0
2026-01-29 01:30:00,ZONE_B,0,0.99983084,0.0008628269,1617.1035714,1617.1035714,0.0,0.0,0.46264653613975076,0.46264653613975076,0.0,0,0,0,0.0,OPTIMAL,0.0
2026-01-29 01:45:00,ZONE_B,0,0.99983346,0.001662131,1605.180712,1605.180712,0.0,0.0,0.4705831625685005,0.4705831625685005,0.0,0,0,0,0.0,OPTIMAL,0.0
2026-01-29 02:00:00,ZONE_B,0,0.999833,0.0028212683,1607.84268,1607.84268,0.0,0.0,0.454699107748531,0.454699107748531,0.0,0,0,0,0.0,OPTIMAL,0.0
2026-01-29 02:15:00,ZONE_B,0,0.9998286,0.001662131,1603.2555695,1603.2555695,0.0,0.0,0.4639451721110576,0.4639451721110576,0.0,0,0,0,0.0,OPTIMAL,0.0
2026-01-29 02:30:00,ZONE_B,0,0.99983084,0.0006397771,1621.7699419,1621.7699419,0.0,0.0,0.4641643272519403,0.4641643272519403,0.0,0,0,0,0.0,OPTIMAL,0.0
2026-01-29 02:45:00,ZONE_B,0,0.9998349,0.0007165202,1600.9702418,1600.9702418,0.0,0.0,0.4694711577534611,0.4694711577534611,0.0,0,0,0,0.0,OPTIMAL,0.0
2026-01-29 03:00:00,ZONE_B,0,0.999833,0.00095515203,1619.8861926,1619.8861926,0.0,0.0,0.4815980297510584,0.4815980297510584,0.0,0,0,0,0.0,OPTIMAL,0.0
2026-01-29 03:15:00,ZONE_B,0,0.999833,0.0006035086,1601.4799304,1601.4799304,0.0,0.0,0.4668011628127483,0.4668011628127483,0.0,0,0,0,0.0,OPTIMAL,0.0
2026-01-29 03:30:00,ZONE_B,0,0.9997644,0.0009436813,1600.1320682,1600.1320682,0.0,0.0,0.465152976448667,0.465152976448667,0.0,0,0,0,0.0,OPTIMAL,0.0
2026-01-29 03:45:00,ZONE_B,0,0.99983084,0.001226754,1598.787252,1598.787252,0.0,0.0,0.4682479056727852,0.4682479056727852,0.0,0,0,0,0.0,OPTIMAL,0.0
2026-01-29 04:00:00,ZONE_B,0,0.9998286,0.0012567192,1611.8957495,1611.8957495,0.0,0.0,0.474440842485394,0.474440842485394,0.0,0,0,0,0.0,OPTIMAL,0.0
2026-01-29 04:15:00,ZONE_B,0,0.9998286,0.00057450216,1608.3601853,1608.3601853,0.0,0.0,0.44768660037874225,0.44768660037874225,0.0,0,0,0,0.0,OPTIMAL,0.0
2026-01-29 04:30:00,ZONE_B,0,0.9998267,0.0006035086,1603.1328199,1603.1328199,0.0,0.0,0.47170334422384647,0.47170334422384647,0.0,0,0,0,0.0,OPTIMAL,0.0
2026-01-29 04:45:00,ZONE_B,0,0.99969494,0.0006164775,1577.449761,1577.449761,0.0,0.0,0.4703204242758952,0.4703204242758952,0.0,0,0,0,0.0,OPTIMAL,0.0
2026-01-29 05:00:00,ZONE_B,0,0.999851,0.00048675205,1746.540801,1746.540801,0.0,0.0,0.5379912831507946,0.5379912831507946,0.0,0,0,0,0.0,OPTIMAL,0.0
2026-01-29 05:15:00,ZONE_B,0,0.99977237,0.0009306721,1831.389146,1831.389146,0.0,0.0,0.5356886826039864,0.5356886826039864,0.0,0,0,0,0.0,OPTIMAL,0.0
2026-01-29 05:30:00,ZONE_B,0,0.9997868,0.0004765772,1828.60237,1828.60237,0.0,0.0,0.538377100841846,0.538377100841846,0.0,0,0,0,0.0,OPTIMAL,0.0
2026-01-29 05:45:00,ZONE_B,0,0.9997267,0.0005272972,1833.81602,1833.81602,0.0,0.0,0.5656639255362181,0.5656639255362181,0.0,0,0,0,0.0,OPTIMAL,0.0
2026-01-29 06:00:00,ZONE_B,0,0.99969125,0.0004992423,1891.707231,1891.707231,0.0,0.0,0.5744813622612458,0.5744813622612458,0.0,0,0,0,0.0,OPTIMAL,0.0
2026-01-29 06:15:00,ZONE_B,0,0.9997166,0.00067248865,1859.890308,1859.890308,0.0,0.0,0.5937000671771754,0.5937000671771754,0.0,0,0,0,0.0,OPTIMAL,0.0
2026-01-29 06:30:00,ZONE_B,0,0.99950194,0.00066464714,1891.639932,1891.639932,0.0,0.0,0.5830684227577261,0.5830684227577261,0.0,0,0,0,0.0,OPTIMAL,0.0
2026-01-29 06:45:00,ZONE_B,0,0.99809986,0.0006847786,1880.6103,1880.6103,0.0,0.0,0.6046081892410111,0.6046081892410111,0.0,0,0,0,0.0,OPTIMAL,0.0
2026-01-29 07:00:00,ZONE_B,0,0.98227996,0.0011945087,1848.88437,1848.88437,0.0,0.0,0.671867093832552,0.671867093832552,0.0,0,0,0,0.0,OPTIMAL,0.0
2026-01-29 07:15:00,ZONE_B,0,0.9795172,0.003911493,1825.01278,1825.01278,0.0,0.0,0.6054392354926648,0.6054392354926648,0.0,0,0,0,0.0,OPTIMAL,0.0
2026-01-29 07:30:00,ZONE_B,0,0.8774098,0.004413712,1819.5797,1819.5797,0.0,0.0,0.6182718961700036,0.6182718961700036,0.0,0,0,0,0.0,OPTIMAL,0.0
2026-01-29 07:45:00,ZONE_B,0,0.7085724,0.07516532,1816.12356,1816.12356,0.0,0.0,0.6917731587524847,0.6917731587524847,0.0,0,0,0,0.0,OPTIMAL,0.0
2026-01-29 08:00:00,ZONE_B,1,0.7516996,0.10640385,1857.0317,1857.0317,0.0,0.0,0.7194939788228065,0.7194939788228065,0.0,0,0,0,0.0,OPTIMAL,0.0
2026-01-29 08:15:00,ZONE_B,1,0.61505514,0.095056936,1869.20994,1869.20994,0.0,0.0,0.6662900089462139,0.6662900089462139,0.0,0,0,0,0.0,OPTIMAL,0.0
2026-01-29 08:30:00,ZONE_B,1,0.6572995,0.19279024,1873.621,1873.621,0.0,0.0,0.7179031072421652,0.7179031072421652,0.0,0,0,0,0.0,OPTIMAL,0.0
2026-01-29 08:45:00,ZONE_B,1,0.6360964,0.19200443,1877.99343,1877.99343,0.0,0.0,0.7227544538692302,0.7227544538692302,0.0,0,0,0,0.0,OPTIMAL,0.0
2026-01-29 09:00:00,ZONE_B,0,0.54594296,0.1587585,1734.37744,1734.37744,0.0,0.0,0.5733263069903918,0.5733263069903918,0.0,0,0,0,0.0,OPTIMAL,0.0
2026-01-29 09:15:00,ZONE_B,0,0.97524285,0.5367849,1639.1403,1843.7527733593502,204.61247335935002,4.61247335935002,0.592471151966,0.6655470355276052,200.0,0,0,0,4.61247335935002,OPTIMAL,57124.7335935002
2026-01-29 09:30:00,ZONE_B,0,0.9898964,0.16069423,1676.42207,1676.42207,0.0,0.0,0.6440828375518243,0.6440828375518243,0.0,0,0,0,0.0,OPTIMAL,0.0
2026-01-29 09:45:00,ZONE_B,0,0.93111193,0.24591926,1653.66655,1653.66655,0.0,0.0,0.6692713413089874,0.6692713413089874,0.0,0,0,0,0.0,OPTIMAL,0.0
2026-01-29 10:00:00,ZONE_B,0,0.90137243,0.18571068,1651.85273,1651.85273,0.0,0.0,0.6210898370177056,0.6210898370177056,0.0,0,0,0,0.0,OPTIMAL,0.0
2026-01-29 10:15:00,ZONE_B,0,0.9954972,0.2948085,1578.58182,1578.58182,0.0,0.0,0.5936045568687949,0.5936045568687949,0.0,0,0,0,0.0,OPTIMAL,0.0
2026-01-29 10:30:00,ZONE_B,0,0.97486204,0.5263645,1575.836,1806.2921688499,230.4561688499,30.456168849899996,0.6759623464978168,0.7582681213183167,200.0,0,0,0,30.456168849899996,OPTIMAL,315561.688499
2026-01-29 10:45:00,ZONE_B,0,0.98708004,0.6755772,1603.09227,1879.262777451996,276.170507451996,76.170507451996,0.6062399251772113,0.7048722495654371,200.0,0,0,0,76.170507451996,OPTIMAL,772705.07451996
2026-01-29 11:00:00,ZONE_B,0,0.9349702,0.48239052,1583.8676,1583.8676,0.0,0.0,0.5993754400321217,0.5993754400321217,0.0,0,0,0,0.0,OPTIMAL,0.0
2026-01-29 11:15:00,ZONE_B,0,0.99471706,0.3863222,1530.50877,1530.50877,0.0,0.0,0.6231672195741137,0.6231672195741137,0.0,0,0,0,0.0,OPTIMAL,0.0
2026-01-29 11:30:00,ZONE_B,0,0.9792565,0.77279913,1532.8727,1903.806545130962,370.93384513096197,170.93384513096197,0.6663503781202835,0.7988267517901715,200.0,0,0,0,170.93384513096197,OPTIMAL,1720338.4513096197
2026-01-29 11:45:00,ZONE_B,0,0.538424,0.32489157,1677.20258,1677.20258,0.0,0.0,0.6278429002778508,0.6278429002778508,0.0,0,0,0,0.0,OPTIMAL,0.0
2026-01-29 12:00:00,ZONE_B,0,0.99887854,0.3368206,1580.4105,1580.4105,0.0,0.0,0.619670600566112,0.619670600566112,0.0,0,0,0,0.0,OPTIMAL,0.0
2026-01-29 12:15:00,ZONE_B,0,0.995301,0.49713117,1581.49805,1581.49805,0.0,0.0,0.6108528607926967,0.6108528607926967,0.0,0,0,0,0.0,OPTIMAL,0.0
2026-01-29 12:30:00,ZONE_B,0,0.993536,0.41098532,1611.24406,1611.24406,0.0,0.0,0.5993472841405367,0.5993472841405367,0.0,0,0,0,0.0,OPTIMAL,0.0
2026-01-29 12:45:00,ZONE_B,0,0.99539006,0.28987795,1637.4112,1637.4112,0.0,0.0,0.6316746647777495,0.6316746647777495,0.0,0,0,0,0.0,OPTIMAL,0.0
2026-01-29 13:00:00,ZONE_B,0,0.9872147,0.27249014,1647.70328,1647.70328,0.0,0.0,0.5839308626439191,0.5839308626439191,0.0,0,0,0,0.0,OPTIMAL,0.0
2026-01-29 13:15:00,ZONE_B,0,0.99731666,0.13439748,1623.19135,1623.19135,0.0,0.0,0.5754506724716063,0.5754506724716063,0.0,0,0,0,0.0,OPTIMAL,0.0
2026-01-29 13:30:00,ZONE_B,0,0.9988451,0.055656925,1674.55607,1674.55607,0.0,0.0,0.5741298764538479,0.5741298764538479,0.0,0,0,0,0.0,OPTIMAL,0.0
2026-01-29 13:45:00,ZONE_B,0,0.9949361,0.07467083,1668.1711,1668.1711,0.0,0.0,0.5676940986402375,0.5676940986402375,0.0,0,0,0,0.0,OPTIMAL,0.0
2026-01-29 14:00:00,ZONE_B,0,0.9987237,0.046895836,1691.14388,1691.14388,0.0,0.0,0.5964059253850019,0.5964059253850019,0.0,0,0,0,0.0,OPTIMAL,0.0
2026-01-29 14:15:00,ZONE_B,0,0.9986205,0.0043856166,1711.9064,1711.9064,0.0,0.0,0.5768269488056136,0.5768269488056136,0.0,0,0,0,0.0,OPTIMAL,0.0
2026-01-29 14:30:00,ZONE_B,0,0.9989537,0.042864762,1683.9425,1683.9425,0.0,0.0,0.6314454912395171,0.6314454912395171,0.0,0,0,0,0.0,OPTIMAL,0.0
2026-01-29 14:45:00,ZONE_B,0,0.99889284,0.05174072,1689.8186,1689.8186,0.0,0.0,0.6231497369259802,0.6231497369259802,0.0,0,0,0,0.0,OPTIMAL,0.0
2026-01-29 15:00:00,ZONE_B,0,0.9961427,0.004615823,1796.11059,1796.11059,0.0,0.0,0.5990013317510998,0.5990013317510998,0.0,0,0,0,0.0,OPTIMAL,0.0
2026-01-29 15:15:00,ZONE_B,0,0.9955117,0.0011753495,1820.4363,1820.4363,0.0,0.0,0.6053287787671957,0.6053287787671957,0.0,0,0,0,0.0,OPTIMAL,0.0
2026-01-29 15:30:00,ZONE_B,0,0.9942826,0.0015169039,1822.35723,1822.35723,0.0,0.0,0.6151066837000853,0.6151066837000853,0.0,0,0,0,0.0,OPTIMAL,0.0
2026-01-29 15:45:00,ZONE_B,0,0.9930594,0.001516922,1891.24538,1891.24538,0.0,0.0,0.6104789779062896,0.6104789779062896,0.0,0,0,0,0.0,OPTIMAL,0.0
2026-01-29 16:00:00,ZONE_B,0,0.9943777,0.0010783528,1922.450125,1922.450125,0.0,0.0,0.6217382526728042,0.6217382526728042,0.0,0,0,0,0.0,OPTIMAL,0.0
2026-01-29 16:15:00,ZONE_B,0,0.9980063,0.0015872356,1939.580556,1939.580556,0.0,0.0,0.6013318313989638,0.6013318313989638,0.0,0,0,0,0.0,OPTIMAL,0.0
2026-01-29 16:30:00,ZONE_B,0,0.9953864,0.0015743611,1966.70306,1966.70306,0.0,0.0,0.5995923449836286,0.5995923449836286,0.0,0,0,0,0.0,OPTIMAL,0.0
2026-01-29 16:45:00,ZONE_B,0,0.9920305,0.0014973845,1967.410984,1967.410984,0.0,0.0,0.6117667238528746,0.6117667238528746,0.0,0,0,0,0.0,OPTIMAL,0.0
2026-01-29 17:00:00,ZONE_B,0,0.99701476,0.0014446265,2011.722,2011.722,0.0,0.0,0.6068678119658031,0.6068678119658031,0.0,0,0,0,0.0,OPTIMAL,0.0
2026-01-29 17:15:00,ZONE_B,0,0.9939859,0.0011101612,2017.1839885,2017.1839885,0.0,0.0,0.604962301069161,0.604962301069161,0.0,0,0,0,0.0,OPTIMAL,0.0
2026-01-29 17:30:00,ZONE_B,0,0.99908733,0.0010269377,2002.3035555,2002.3035555,0.0,0.0,0.6141413442451685,0.6141413442451685,0.0,0,0,0,0.0,OPTIMAL,0.0
2026-01-29 17:45:00,ZONE_B,0,0.99747854,0.0012817035,1999.590832,1999.590832,0.0,0.0,0.6174877349721973,0.6174877349721973,0.0,0,0,0,0.0,OPTIMAL,0.0
2026-01-29 18:00:00,ZONE_B,0,0.9944834,0.0013200501,2014.5273,2014.5273,0.0,0.0,0.6085784420191943,0.6085784420191943,0.0,0,0,0,0.0,OPTIMAL,0.0
2026-01-29 18:15:00,ZONE_B,0,0.9991272,0.0010269377,2006.1899803,2006.1899803,0.0,0.0,0.5996359341546736,0.5996359341546736,0.0,0,0,0,0.0,OPTIMAL,0.0
2026-01-29 18:30:00,ZONE_B,0,0.9982444,0.0013268801,2008.121,2008.121,0.0,0.0,0.6175982995901029,0.6175982995901029,0.0,0,0,0,0.0,OPTIMAL,0.0
2026-01-29 18:45:00,ZONE_B,0,0.9985536,0.0023370953,2006.3480639,2006.3480639,0.0,0.0,0.605873381580492,0.605873381580492,0.0,0,0,0,0.0,OPTIMAL,0.0
2026-01-29 19:00:00,ZONE_B,0,0.9971789,0.0008946629,2017.1162808,2017.1162808,0.0,0.0,0.6208237567188736,0.6208237567188736,0.0,0,0,0,0.0,OPTIMAL,0.0
2026-01-29 19:15:00,ZONE_B,0,0.9968816,0.0012391466,2021.05479058,2021.05479058,0.0,0.0,0.6252990537114309,0.6252990537114309,0.0,0,0,0,0.0,OPTIMAL,0.0
2026-01-29 19:30:00,ZONE_B,0,0.99854565,0.0013766092,2004.8078555,2004.8078555,0.0,0.0,0.5971865058917061,0.5971865058917061,0.0,0,0,0,0.0,OPTIMAL,0.0
2026-01-29 19:45:00,ZONE_B,0,0.9979401,0.0010122475,2017.7704995,2017.7704995,0.0,0.0,0.6293654832447978,0.6293654832447978,0.0,0,0,0,0.0,OPTIMAL,0.0
2026-01-29 20:00:00,ZONE_B,0,0.9997358,0.001082738,1881.14325,1881.14325,0.0,0.0,0.5721300064874486,0.5721300064874486,0.0,0,0,0,0.0,OPTIMAL,0.0
2026-01-29 20:15:00,ZONE_B,0,0.9997845,0.001088556,1870.0196149,1870.0196149,0.0,0.0,0.5574791433967837,0.5574791433967837,0.0,0,0,0,0.0,OPTIMAL,0.0
2026-01-29 20:30:00,ZONE_B,0,0.99980956,0.00094722677,1865.134108,1865.134108,0.0,0.0,0.5465468245911048,0.5465468245911048,0.0,0,0,0,0.0,OPTIMAL,0.0
2026-01-29 20:45:00,ZONE_B,0,0.9997856,0.001088556,1852.775265,1852.775265,0.0,0.0,0.5467821892845972,0.5467821892845972,0.0,0,0,0,0.0,OPTIMAL,0.0
2026-01-29 21:00:00,ZONE_B,0,0.99970716,0.0011720447,1830.06,1830.06,0.0,0.0,0.5198707440671083,0.5198707440671083,0.0,0,0,0,0.0,OPTIMAL,0.0
2026-01-29 21:15:00,ZONE_B,0,0.99983454,0.0014322528,1776.3150447,1776.3150447,0.0,0.0,0.5348176843504856,0.5348176843504856,0.0,0,0,0,0.0,OPTIMAL,0.0
2026-01-29 21:30:00,ZONE_B,0,0.99983454,0.0015737916,1758.143665,1758.143665,0.0,0.0,0.5053766454214486,0.5053766454214486,0.0,0,0,0,0.0,OPTIMAL,0.0
2026-01-29 21:45:00,ZONE_B,0,0.9998286,0.002431468,1709.5627562,1709.5627562,0.0,0.0,0.5121825110489677,0.5121825110489677,0.0,0,0,0,0.0,OPTIMAL,0.0
2026-01-29 22:00:00,ZONE_B,0,0.9998286,0.0026714874,1696.5795449,1696.5795449,0.0,0.0,0.49984483347499203,0.49984483347499203,0.0,0,0,0,0.0,OPTIMAL,0.0
2026-01-29 22:15:00,ZONE_B,0,0.9998286,0.0015737916,1670.3265947,1670.3265947,0.0,0.0,0.48902748889070674,0.48902748889070674,0.0,0,0,0,0.0,OPTIMAL,0.0
2026-01-29 22:30:00,ZONE_B,0,0.9998286,0.0015737916,1665.8398098,1665.8398098,0.0,0.0,0.4897723896071388,0.4897723896071388,0.0,0,0,0,0.0,OPTIMAL,0.0
2026-01-29 22:45:00,ZONE_B,0,0.9998286,0.0015737916,1635.7021959,1635.7021959,0.0,0.0,0.4717015202734265,0.4717015202734265,0.0,0,0,0,0.0,OPTIMAL,0.0
2026-01-29 23:00:00,ZONE_B,0,0.9998286,0.0015737916,1640.427935,1640.427935,0.0,0.0,0.4609919414443597,0.4609919414443597,0.0,0,0,0,0.0,OPTIMAL,0.0
2026-01-29 23:15:00,ZONE_B,0,0.9998286,0.0015737916,1630.5109819000002,1630.5109819000002,0.0,0.0,0.4757800278683468,0.4757800278683468,0.0,0,0,0,0.0,OPTIMAL,0.0
2026-01-29 23:30:00,ZONE_B,0,0.99983084,0.0015737916,1617.155598,1617.155598,0.0,0.0,0.4637994018484427,0.4637994018484427,0.0,0,0,0,0.0,OPTIMAL,0.0
2026-01-29 23:45:00,ZONE_B,0,0.9998286,0.001662131,1625.6766438,1625.6766438,0.0,0.0,0.4657259836223742,0.4657259836223742,0.0,0,0,0,0.0,OPTIMAL,0.0
2026-01-30 00:00:00,ZONE_B,0,0.9998286,0.00056228903,1618.7037786,1618.7037786,0.0,0.0,0.4740070940238711,0.4740070940238711,0.0,0,0,0,0.0,OPTIMAL,0.0
2026-01-30 00:15:00,ZONE_B,0,0.9998286,0.001662131,1606.0585786,1606.0585786,0.0,0.0,0.46011537113062206,0.46011537113062206,0.0,0,0,0,0.0,OPTIMAL,0.0
2026-01-30 00:30:00,ZONE_B,0,0.9998286,0.00042442512,1623.0990924,1623.0990924,0.0,0.0,0.4597124443410643,0.4597124443410643,0.0,0,0,0,0.0,OPTIMAL,0.0
2026-01-30 00:45:00,ZONE_B,0,0.9998286,0.00042442512,1607.052484,1607.052484,0.0,0.0,0.4641154285205069,0.4641154285205069,0.0,0,0,0,0.0,OPTIMAL,0.0
2026-01-30 01:00:00,ZONE_B,0,0.9998286,0.001226754,1599.2631720000002,1599.2631720000002,0.0,0.0,0.4698218559646285,0.4698218559646285,0.0,0,0,0,0.0,OPTIMAL,0.0
2026-01-30 01:15:00,ZONE_B,0,0.9998286,0.00056228903,1602.666214,1602.666214,0.0,0.0,0.473488787966928,0.473488787966928,0.0,0,0,0,0.0,OPTIMAL,0.0
2026-01-30 01:30:00,ZONE_B,0,0.9997323,0.0008614381,1606.4192802,1606.4192802,0.0,0.0,0.4591616537162048,0.4591616537162048,0.0,0,0,0,0.0,OPTIMAL,0.0
2026-01-30 01:45:00,ZONE_B,0,0.9998286,0.00042442512,1603.683691,1603.683691,0.0,0.0,0.471528818698005,0.471528818698005,0.0,0,0,0,0.0,OPTIMAL,0.0
2026-01-30 02:00:00,ZONE_B,0,0.9998286,0.001662131,1603.0333894,1603.0333894,0.0,0.0,0.46261185885255507,0.46261185885255507,0.0,0,0,0,0.0,OPTIMAL,0.0
2026-01-30 02:15:00,ZONE_B,0,0.9998286,0.001662131,1603.9303125,1603.9303125,0.0,0.0,0.4719032925264025,0.4719032925264025,0.0,0,0,0,0.0,OPTIMAL,0.0
2026-01-30 02:30:00,ZONE_B,0,0.99983084,0.00056228903,1622.0762403,1622.0762403,0.0,0.0,0.451591497763663,0.451591497763663,0.0,0,0,0,0.0,OPTIMAL,0.0
2026-01-30 02:45:00,ZONE_B,0,0.9998286,0.001662131,1603.0333894,1603.0333894,0.0,0.0,0.4736293238729873,0.4736293238729873,0.0,0,0,0,0.0,OPTIMAL,0.0
2026-01-30 03:00:00,ZONE_B,0,0.9998286,0.00056228903,1624.9731609,1624.9731609,0.0,0.0,0.4709964064139727,0.4709964064139727,0.0,0,0,0,0.0,OPTIMAL,0.0
2026-01-30 03:15:00,ZONE_B,0,0.9998286,0.001226754,1600.7185066,1600.7185066,0.0,0.0,0.467940715455876,0.467940715455876,0.0,0,0,0,0.0,OPTIMAL,0.0
2026-01-30 03:30:00,ZONE_B,0,0.99983084,0.0005509177,1600.2416411,1600.2416411,0.0,0.0,0.4583465910830435,0.4583465910830435,0.0,0,0,0,0.0,OPTIMAL,0.0
2026-01-30 03:45:00,ZONE_B,0,0.99972993,0.0025449272,1607.54295448,1607.54295448,0.0,0.0,0.4658642343830805,0.4658642343830805,0.0,0,0,0,0.0,OPTIMAL,0.0
2026-01-30 04:00:00,ZONE_B,0,0.9998286,0.001662131,1603.5347944,1603.5347944,0.0,0.0,0.4757522366945013,0.4757522366945013,0.0,0,0,0,0.0,OPTIMAL,0.0
2026-01-30 04:15:00,ZONE_B,0,0.99961144,0.0007810553,1591.2567869999998,1591.2567869999998,0.0,0.0,0.4660245304640739,0.4660245304640739,0.0,0,0,0,0.0,OPTIMAL,0.0
2026-01-30 04:30:00,ZONE_B,0,0.99983084,0.00095520983,1590.0309662999998,1590.0309662999998,0.0,0.0,0.4668924413689001,0.4668924413689001,0.0,0,0,0,0.0,OPTIMAL,0.0
2026-01-30 04:45:00,ZONE_B,0,0.9998286,0.00042442512,1635.8637488,1635.8637488,0.0,0.0,0.4580947461572191,0.4580947461572191,0.0,0,0,0,0.0,OPTIMAL,0.0
2026-01-30 05:00:00,ZONE_B,0,0.99983454,0.0028212683,1838.8310953,1838.8310953,0.0,0.0,0.5405666152570403,0.5405666152570403,0.0,0,0,0,0.0,OPTIMAL,0.0
2026-01-30 05:15:00,ZONE_B,0,0.99983025,0.00042442512,1855.404413,1855.404413,0.0,0.0,0.5503514367006506,0.5503514367006506,0.0,0,0,0,0.0,OPTIMAL,0.0
2026-01-30 05:30:00,ZONE_B,0,0.9998324,0.0009758901,1851.5143786,1851.5143786,0.0,0.0,0.5652541217377641,0.5652541217377641,0.0,0,0,0,0.0,OPTIMAL,0.0
2026-01-30 05:45:00,ZONE_B,0,0.99976283,0.00062815176,1870.5205004,1870.5205004,0.0,0.0,0.5512414449215889,0.5512414449215889,0.0,0,0,0,0.0,OPTIMAL,0.0
2026-01-30 06:00:00,ZONE_B,0,0.9995098,0.002610093,1886.089085,1886.089085,0.0,0.0,0.6107091668995747,0.6107091668995747,0.0,0,0,0,0.0,OPTIMAL,0.0
2026-01-30 06:15:00,ZONE_B,0,0.99969256,0.0020343098,1901.529337,1901.529337,0.0,0.0,0.5702679830674858,0.5702679830674858,0.0,0,0,0,0.0,OPTIMAL,0.0
2026-01-30 06:30:00,ZONE_B,0,0.9988188,0.001481242,1915.424827,1915.424827,0.0,0.0,0.6208555828969367,0.6208555828969367,0.0,0,0,0,0.0,OPTIMAL,0.0
2026-01-30 06:45:00,ZONE_B,0,0.9862766,0.0024530443,1932.20596,1932.20596,0.0,0.0,0.614711923836831,0.614711923836831,0.0,0,0,0,0.0,OPTIMAL,0.0
2026-01-30 07:00:00,ZONE_B,0,0.9920081,0.0010265264,1903.782546,1903.782546,0.0,0.0,0.6244935954137296,0.6244935954137296,0.0,0,0,0,0.0,OPTIMAL,0.0
2026-01-30 07:15:00,ZONE_B,0,0.8681476,0.0011341869,1906.30944,1906.30944,0.0,0.0,0.6329739110352194,0.6329739110352194,0.0,0,0,0,0.0,OPTIMAL,0.0
2026-01-30 07:30:00,ZONE_B,0,0.9311883,0.0012325998,2018.37842,2018.37842,0.0,0.0,0.6249156061283884,0.6249156061283884,0.0,0,0,0,0.0,OPTIMAL,0.0
2026-01-30 07:45:00,ZONE_B,0,0.7700752,0.001132116,1974.15227,1974.15227,0.0,0.0,0.6195862051934223,0.6195862051934223,0.0,0,0,0,0.0,OPTIMAL,0.0
2026-01-30 08:00:00,ZONE_B,1,0.40591428,0.001516922,2009.54378,2009.54378,0.0,0.0,0.6405306448368165,0.6405306448368165,0.0,0,0,0,0.0,OPTIMAL,0.0
2026-01-30 08:15:00,ZONE_B,2,0.45071706,0.0012392221,1983.85657,1983.85657,0.0,0.0,0.6836928847523196,0.6836928847523196,0.0,0,0,0,0.0,OPTIMAL,0.0
2026-01-30 08:30:00,ZONE_B,1,0.5311003,0.057884704,1974.7337,1974.7337,0.0,0.0,0.6899483252870031,0.6899483252870031,0.0,0,0,0,0.0,OPTIMAL,0.0
2026-01-30 08:45:00,ZONE_B,2,0.4947835,0.06252245,1951.6072400000005,1951.6072400000005,0.0,0.0,0.6589322029608314,0.6589322029608314,0.0,0,0,0,0.0,OPTIMAL,0.0
2026-01-30 09:00:00,ZONE_B,0,0.9659374,0.00499819,1775.20789,1775.20789,0.0,0.0,0.5896243032409133,0.5896243032409133,0.0,0,0,0,0.0,OPTIMAL,0.0
2026-01-30 09:15:00,ZONE_B,0,0.99346524,0.051492512,1728.0525699999998,1728.0525699999998,0.0,0.0,0.668475333840978,0.668475333840978,0.0,0,0,0,0.0,OPTIMAL,0.0
2026-01-30 09:30:00,ZONE_B,0,0.98751837,0.07166755,1709.6780199999998,1709.6780199999998,0.0,0.0,0.6381922407186948,0.6381922407186948,0.0,0,0,0,0.0,OPTIMAL,0.0
2026-01-30 09:45:00,ZONE_B,1,0.5060422,0.110466585,1758.5862800000002,1758.5862800000002,0.0,0.0,0.6007000569342097,0.6007000569342097,0.0,0,0,0,0.0,OPTIMAL,0.0
2026-01-30 10:00:00,ZONE_B,0,0.93283725,0.032744113,1713.2178,1713.2178,0.0,0.0,0.6395743026299872,0.6395743026299872,0.0,0,0,0,0.0,OPTIMAL,0.0
2026-01-30 10:15:00,ZONE_B,1,0.5350625,0.16087657,1736.31274,1736.31274,0.0,0.0,0.5972177335518899,0.5972177335518899,0.0,0,0,0,0.0,OPTIMAL,0.0
2026-01-30 10:30:00,ZONE_B,0,0.84385556,0.09602421,1725.0900800000002,1725.0900800000002,0.0,0.0,0.5746506911718405,0.5746506911718405,0.0,0,0,0,0.0,OPTIMAL,0.0
2026-01-30 10:45:00,ZONE_B,0,0.99032277,0.111641616,1654.8946,1654.8946,0.0,0.0,0.58520314990061,0.58520314990061,0.0,0,0,0,0.0,OPTIMAL,0.0
2026-01-30 11:00:00,ZONE_B,0,0.9920294,0.18321316,1697.20915,1697.20915,0.0,0.0,0.6593253485051753,0.6593253485051753,0.0,0,0,0,0.0,OPTIMAL,0.0
2026-01-30 11:15:00,ZONE_B,0,0.93372107,0.06204702,1665.10586,1665.10586,0.0,0.0,0.5988469262289543,0.5988469262289543,0.0,0,0,0,0.0,OPTIMAL,0.0
2026-01-30 11:30:00,ZONE_B,0,0.87403566,0.03989269,1691.3664,1691.3664,0.0,0.0,0.6066258629027844,0.6066258629027844,0.0,0,0,0,0.0,OPTIMAL,0.0
2026-01-30 11:45:00,ZONE_B,0,0.9989961,0.25936794,1575.2791,1575.2791,0.0,0.0,0.5825920167877192,0.5825920167877192,0.0,0,0,0,0.0,OPTIMAL,0.0
2026-01-30 12:00:00,ZONE_B,0,0.9753363,0.26612577,1692.54625,1692.54625,0.0,0.0,0.6780217363224875,0.6780217363224875,0.0,0,0,0,0.0,OPTIMAL,0.0
2026-01-30 12:15:00,ZONE_B,0,0.9785947,0.062357426,1681.88393,1681.88393,0.0,0.0,0.6568228172019663,0.6568228172019663,0.0,0,0,0,0.0,OPTIMAL,0.0
2026-01-30 12:30:00,ZONE_B,0,0.9990947,0.11253689,1643.81343,1643.81343,0.0,0.0,0.6843314318372121,0.6843314318372121,0.0,0,0,0,0.0,OPTIMAL,0.0
2026-01-30 12:45:00,ZONE_B,0,0.99849033,0.028106973,1659.59725,1659.59725,0.0,0.0,0.5941602496202926,0.5941602496202926,0.0,0,0,0,0.0,OPTIMAL,0.0
2026-01-30 13:00:00,ZONE_B,0,0.99169827,0.08877282,1684.8372000000002,1684.8372000000002,0.0,0.0,0.6032311031246501,0.6032311031246501,0.0,0,0,0,0.0,OPTIMAL,0.0
2026-01-30 13:15:00,ZONE_B,0,0.9847211,0.12612347,1684.43262,1684.43262,0.0,0.0,0.5720204396191961,0.5720204396191961,0.0,0,0,0,0.0,OPTIMAL,0.0
2026-01-30 13:30:00,ZONE_B,0,0.9926231,0.09726158,1707.76016,1707.76016,0.0,0.0,0.6294679758634348,0.6294679758634348,0.0,0,0,0,0.0,OPTIMAL,0.0
2026-01-30 13:45:00,ZONE_B,0,0.9953557,0.024416007,1740.7593,1740.7593,0.0,0.0,0.567015326549748,0.567015326549748,0.0,0,0,0,0.0,OPTIMAL,0.0
2026-01-30 14:00:00,ZONE_B,0,0.9969215,0.003992127,1748.73161,1748.73161,0.0,0.0,0.5995220831923685,0.5995220831923685,0.0,0,0,0,0.0,OPTIMAL,0.0
2026-01-30 14:15:00,ZONE_B,0,0.9983335,0.0037093617,1737.63346,1737.63346,0.0,0.0,0.5643363339140808,0.5643363339140808,0.0,0,0,0,0.0,OPTIMAL,0.0
2026-01-30 14:30:00,ZONE_B,0,0.98888576,0.0012924444,1786.61512,1786.61512,0.0,0.0,0.5653698992368958,0.5653698992368958,0.0,0,0,0,0.0,OPTIMAL,0.0
2026-01-30 14:45:00,ZONE_B,0,0.9989849,0.0015550496,1761.36887,1761.36887,0.0,0.0,0.5811636856789856,0.5811636856789856,0.0,0,0,0,0.0,OPTIMAL,0.0
2026-01-30 15:00:00,ZONE_B,0,0.9967373,0.00077305373,1839.22302,1839.22302,0.0,0.0,0.6172723116652087,0.6172723116652087,0.0,0,0,0,0.0,OPTIMAL,0.0
2026-01-30 15:15:00,ZONE_B,0,0.9962565,0.0023722607,1872.62128,1872.62128,0.0,0.0,0.5995522137204748,0.5995522137204748,0.0,0,0,0,0.0,OPTIMAL,0.0
2026-01-30 15:30:00,ZONE_B,0,0.99762744,0.001549267,1861.87199,1861.87199,0.0,0.0,0.6055417120594804,0.6055417120594804,0.0,0,0,0,0.0,OPTIMAL,0.0
2026-01-30 15:45:00,ZONE_B,0,0.99721944,0.00092982163,1892.36893,1892.36893,0.0,0.0,0.622169515587795,0.622169515587795,0.0,0,0,0,0.0,OPTIMAL,0.0
2026-01-30 16:00:00,ZONE_B,0,0.9952389,0.0017950082,1936.28361,1936.28361,0.0,0.0,0.6028120066332088,0.6028120066332088,0.0,0,0,0,0.0,OPTIMAL,0.0
2026-01-30 16:15:00,ZONE_B,0,0.9846383,0.0013200501,1957.24023,1957.24023,0.0,0.0,0.600695487807461,0.600695487807461,0.0,0,0,0,0.0,OPTIMAL,0.0
2026-01-30 16:30:00,ZONE_B,0,0.9971443,0.0013392013,1979.5942,1979.5942,0.0,0.0,0.6021764730240516,0.6021764730240516,0.0,0,0,0,0.0,OPTIMAL,0.0
2026-01-30 16:45:00,ZONE_B,0,0.9961094,0.001250484,1972.541587,1972.541587,0.0,0.0,0.6248217094424223,0.6248217094424223,0.0,0,0,0,0.0,OPTIMAL,0.0
2026-01-30 17:00:00,ZONE_B,0,0.9936976,0.0010725893,2013.555076,2013.555076,0.0,0.0,0.6009516441134268,0.6009516441134268,0.0,0,0,0,0.0,OPTIMAL,0.0
2026-01-30 17:15:00,ZONE_B,0,0.9985661,0.0012571256,2008.9584292,2008.9584292,0.0,0.0,0.5990661120193962,0.5990661120193962,0.0,0,0,0,0.0,OPTIMAL,0.0
2026-01-30 17:30:00,ZONE_B,0,0.99857044,0.0012571256,2009.8966,2009.8966,0.0,0.0,0.6099606161412623,0.6099606161412623,0.0,0,0,0,0.0,OPTIMAL,0.0
2026-01-30 17:45:00,ZONE_B,0,0.99821246,0.001173839,2009.6687297,2009.6687297,0.0,0.0,0.6156558479394351,0.6156558479394351,0.0,0,0,0,0.0,OPTIMAL,0.0
2026-01-30 18:00:00,ZONE_B,0,0.9971034,0.0014686771,2021.7485947,2021.7485947,0.0,0.0,0.6063506351574929,0.6063506351574929,0.0,0,0,0,0.0,OPTIMAL,0.0
2026-01-30 18:15:00,ZONE_B,0,0.99924195,0.0010269377,2002.0888717,2002.0888717,0.0,0.0,0.6132979039300426,0.6132979039300426,0.0,0,0,0,0.0,OPTIMAL,0.0
2026-01-30 18:30:00,ZONE_B,0,0.998285,0.00096176076,1995.949495,1995.949495,0.0,0.0,0.60746234709633,0.60746234709633,0.0,0,0,0,0.0,OPTIMAL,0.0
2026-01-30 18:45:00,ZONE_B,0,0.99876934,0.0012008791,2005.2723297,2005.2723297,0.0,0.0,0.6220280727115478,0.6220280727115478,0.0,0,0,0,0.0,OPTIMAL,0.0
2026-01-30 19:00:00,ZONE_B,0,0.9972134,0.0010122475,2020.9691007,2020.9691007,0.0,0.0,0.5986003243544027,0.5986003243544027,0.0,0,0,0,0.0,OPTIMAL,0.0
2026-01-30 19:15:00,ZONE_B,0,0.9988049,0.0009828334,2007.0922798,2007.0922798,0.0,0.0,0.6087411259960186,0.6087411259960186,0.0,0,0,0,0.0,OPTIMAL,0.0
2026-01-30 19:30:00,ZONE_B,0,0.99752825,0.0010122475,2013.714781,2013.714781,0.0,0.0,0.6237003804666484,0.6237003804666484,0.0,0,0,0,0.0,OPTIMAL,0.0
2026-01-30 19:45:00,ZONE_B,0,0.9985759,0.002003831,2001.285604,2001.285604,0.0,0.0,0.6111168885160396,0.6111168885160396,0.0,0,0,0,0.0,OPTIMAL,0.0
2026-01-30 20:00:00,ZONE_B,0,0.99980956,0.00094722677,1871.34442,1871.34442,0.0,0.0,0.5747813439603977,0.5747813439603977,0.0,0,0,0,0.0,OPTIMAL,0.0
2026-01-30 20:15:00,ZONE_B,0,0.9997503,0.0008327132,1859.8236327,1859.8236327,0.0,0.0,0.555087225189301,0.555087225189301,0.0,0,0,0,0.0,OPTIMAL,0.0
2026-01-30 20:30:00,ZONE_B,0,0.99981135,0.001088556,1839.224409,1839.224409,0.0,0.0,0.5498719836089839,0.5498719836089839,0.0,0,0,0,0.0,OPTIMAL,0.0
2026-01-30 20:45:00,ZONE_B,0,0.99980813,0.0009065429,1853.2636193,1853.2636193,0.0,0.0,0.5422526331762163,0.5422526331762163,0.0,0,0,0,0.0,OPTIMAL,0.0
2026-01-30 21:00:00,ZONE_B,0,0.9998234,0.00095742074,1796.5770887,1796.5770887,0.0,0.0,0.5488348283693613,0.5488348283693613,0.0,0,0,0,0.0,OPTIMAL,0.0
2026-01-30 21:15:00,ZONE_B,0,0.9998361,0.00041936414,1760.7453847999998,1760.7453847999998,0.0,0.0,0.5348099568736847,0.5348099568736847,0.0,0,0,0,0.0,OPTIMAL,0.0
2026-01-30 21:30:00,ZONE_B,0,0.99983513,0.00041936414,1733.1942193,1733.1942193,0.0,0.0,0.5277143433539062,0.5277143433539062,0.0,0,0,0,0.0,OPTIMAL,0.0
2026-01-30 21:45:00,ZONE_B,0,0.99983513,0.00046085293,1736.5407238,1736.5407238,0.0,0.0,0.5075049028481995,0.5075049028481995,0.0,0,0,0,0.0,OPTIMAL,0.0
2026-01-30 22:00:00,ZONE_B,0,0.9998294,0.00041936414,1690.516661,1690.516661,0.0,0.0,0.5105145774078681,0.5105145774078681,0.0,0,0,0,0.0,OPTIMAL,0.0
2026-01-30 22:15:00,ZONE_B,0,0.9998518,0.0015737916,1687.235478,1687.235478,0.0,0.0,0.4972526174418528,0.4972526174418528,0.0,0,0,0,0.0,OPTIMAL,0.0
2026-01-30 22:30:00,ZONE_B,0,0.999843,0.0015737916,1662.137595,1662.137595,0.0,0.0,0.4853023823693441,0.4853023823693441,0.0,0,0,0,0.0,OPTIMAL,0.0
2026-01-30 22:45:00,ZONE_B,0,0.9998466,0.00046085293,1642.64596,1642.64596,0.0,0.0,0.4691326013927751,0.4691326013927751,0.0,0,0,0,0.0,OPTIMAL,0.0
