timestamp,zone_id,grid_risk_level,grid_risk_probability,curtailment_probability,predicted_demand_mw,predicted_solar_mw,predicted_wind_mw,predicted_renewable_mw,predicted_net_load_mw,action_rank,resource_id,resource_type,action,action_mw,estimated_curtailment_before_mw,estimated_curtailment_after_mw,estimated_grid_stress_before,estimated_grid_stress_after,estimated_benefit
2026-01-02 00:15:00,ZONE_A,0,0.99776745,0.5618314,2283.61,0.0,602.52374,602.52374,1681.08626,1,BATTERY_ALL,battery,CHARGE,300.0,338.51675637743597,38.51675637743597,0.5708148890017709,0.6675339624716904,0
2026-01-02 00:15:00,ZONE_A,0,0.99776745,0.5618314,2283.61,0.0,602.52374,602.52374,1681.08626,2,RENEWABLE_ALL,renewable,CURTAIL,38.51675637743597,338.51675637743597,38.51675637743597,0.5708148890017709,0.6675339624716904,0
2026-01-02 00:30:00,ZONE_A,0,0.99662906,0.68162185,2286.2688,0.0,602.02606,602.02606,1684.2427399999997,1,BATTERY_ALL,battery,CHARGE,300.0,410.354116765411,110.35411676541099,0.5597711397874369,0.6770151734251276,0
2026-01-02 00:30:00,ZONE_A,0,0.99662906,0.68162185,2286.2688,0.0,602.02606,602.02606,1684.2427399999997,2,RENEWABLE_ALL,renewable,CURTAIL,110.35411676541099,410.354116765411,110.35411676541099,0.5597711397874369,0.6770151734251276,0
2026-01-02 00:45:00,ZONE_A,0,0.9965224,0.7723703,2297.644,0.6254955,599.81024,600.4357,1697.2082999999998,1,BATTERY_ALL,battery,CHARGE,300.0,463.75870173971,163.75870173970998,0.5677020417208993,0.700204528236164,0
2026-01-02 00:45:00,ZONE_A,0,0.9965224,0.7723703,2297.644,0.6254955,599.81024,600.4357,1697.2082999999998,2,RENEWABLE_ALL,renewable,CURTAIL,163.75870173970998,463.75870173971,163.75870173970998,0.5677020417208993,0.700204528236164,0
2026-01-02 01:00:00,ZONE_A,0,0.9960259,0.80190575,2279.6191,0.0,596.1623,596.1623,1683.4568,1,BATTERY_ALL,battery,CHARGE,300.0,478.06597630322494,178.06597630322494,0.5648923845474354,0.701482663818445,0
2026-01-02 01:00:00,ZONE_A,0,0.9960259,0.80190575,2279.6191,0.0,596.1623,596.1623,1683.4568,2,RENEWABLE_ALL,renewable,CURTAIL,178.06597630322494,478.06597630322494,178.06597630322494,0.5648923845474354,0.701482663818445,0
2026-01-02 01:30:00,ZONE_A,0,0.9978041,0.5526096,2285.4314,0.75790596,601.31445,602.0724,1683.359,1,BATTERY_ALL,battery,CHARGE,300.0,332.71098813504005,32.710988135040054,0.5672597898137917,0.6623200723540227,0
2026-01-02 01:30:00,ZONE_A,0,0.9978041,0.5526096,2285.4314,0.75790596,601.31445,602.0724,1683.359,2,RENEWABLE_ALL,renewable,CURTAIL,32.710988135040054,332.71098813504005,32.710988135040054,0.5672597898137917,0.6623200723540227,0
2026-01-02 01:45:00,ZONE_A,0,0.99676126,0.65401924,2288.0764,1.1321434,601.8223,602.95447,1685.1219299999998,1,BATTERY_ALL,battery,CHARGE,300.0,394.3438242240028,94.34382422400279,0.5639552344426603,0.6766248987672907,0
2026-01-02 01:45:00,ZONE_A,0,0.99676126,0.65401924,2288.0764,1.1321434,601.8223,602.95447,1685.1219299999998,2,RENEWABLE_ALL,renewable,CURTAIL,94.34382422400279,394.3438242240028,94.34382422400279,0.5639552344426603,0.6766248987672907,0
2026-01-02 02:00:00,ZONE_A,0,0.9967037,0.7101225,2289.2898,0.0,601.8223,601.8223,1687.4675,1,BATTERY_ALL,battery,CHARGE,300.0,427.36755623175003,127.36755623175003,0.5672206022449303,0.6893256185917764,0
2026-01-02 02:00:00,ZONE_A,0,0.9967037,0.7101225,2289.2898,0.0,601.8223,601.8223,1687.4675,2,RENEWABLE_ALL,renewable,CURTAIL,127.36755623175003,427.36755623175003,127.36755623175003,0.5672206022449303,0.6893256185917764,0
2026-01-02 02:15:00,ZONE_A,0,0.99625695,0.8337823,2295.3816,0.0,597.7011,597.7011,1697.6805000000002,1,BATTERY_ALL,battery,CHARGE,300.0,498.35259787052996,198.35259787052996,0.5717507679752245,0.7141372248394677,0
2026-01-02 02:15:00,ZONE_A,0,0.99625695,0.8337823,2295.3816,0.0,597.7011,597.7011,1697.6805000000002,2,RENEWABLE_ALL,renewable,CURTAIL,198.35259787052996,498.35259787052996,198.35259787052996,0.5717507679752245,0.7141372248394677,0
2026-01-02 02:30:00,ZONE_A,0,0.9964425,0.77793235,2293.265,0.0,600.3498,600.3498,1692.9152,1,BATTERY_ALL,battery,CHARGE,300.0,467.03153073603,167.03153073603,0.5873336065752062,0.7207711870938555,0
2026-01-02 02:30:00,ZONE_A,0,0.9964425,0.77793235,2293.265,0.0,600.3498,600.3498,1692.9152,2,RENEWABLE_ALL,renewable,CURTAIL,167.03153073603,467.03153073603,167.03153073603,0.5873336065752062,0.7207711870938555,0
2026-01-02 02:45:00,ZONE_A,0,0.9967212,0.77140826,2287.6123,0.4489133,600.2805,600.72943,1686.88287,1,BATTERY_ALL,battery,CHARGE,300.0,463.40764432709176,163.40764432709176,0.5685786273420178,0.7009808117391162,0
2026-01-02 02:45:00,ZONE_A,0,0.9967212,0.77140826,2287.6123,0.4489133,600.2805,600.72943,1686.88287,2,RENEWABLE_ALL,renewable,CURTAIL,163.40764432709176,463.40764432709176,163.40764432709176,0.5685786273420178,0.7009808117391162,0
2026-01-02 03:00:00,ZONE_A,0,0.9966551,0.756828,2284.9355,0.0,600.98346,600.98346,1683.95204,1,BATTERY_ALL,battery,CHARGE,300.0,454.84111006488,154.84111006488,0.5645022124492257,0.6944568156251848,0
2026-01-02 03:00:00,ZONE_A,0,0.9966551,0.756828,2284.9355,0.0,600.98346,600.98346,1683.95204,2,RENEWABLE_ALL,renewable,CURTAIL,154.84111006488,454.84111006488,154.84111006488,0.5645022124492257,0.6944568156251848,0
2026-01-02 03:30:00,ZONE_A,0,0.9964425,0.7023147,2287.0867,0.0,598.59326,598.59326,1688.4934399999995,1,BATTERY_ALL,battery,CHARGE,300.0,420.400845818922,120.400845818922,0.5671253429701298,0.6872398706380339,0
2026-01-02 03:30:00,ZONE_A,0,0.9964425,0.7023147,2287.0867,0.0,598.59326,598.59326,1688.4934399999995,2,RENEWABLE_ALL,renewable,CURTAIL,120.400845818922,420.400845818922,120.400845818922,0.5671253429701298,0.6872398706380339,0
2026-01-02 03:45:00,ZONE_A,0,0.9966377,0.73539317,2282.481,1.0217292,601.00287,602.0246,1680.4564000000005,1,BATTERY_ALL,battery,CHARGE,300.0,442.724779011982,142.72477901198198,0.5630649094071762,0.6895577037037998,0
2026-01-02 03:45:00,ZONE_A,0,0.9966377,0.73539317,2282.481,1.0217292,601.00287,602.0246,1680.4564000000005,2,RENEWABLE_ALL,renewable,CURTAIL,142.72477901198198,442.724779011982,142.72477901198198,0.5630649094071762,0.6895577037037998,0
2026-01-02 04:00:00,ZONE_A,0,0.9965224,0.72501975,2287.0105,0.0,600.0793,600.0793,1686.9312,1,BATTERY_ALL,battery,CHARGE,300.0,435.06934406617495,135.06934406617495,0.5707692724651641,0.6950747996266472,0
2026-01-02 04:00:00,ZONE_A,0,0.9965224,0.72501975,2287.0105,0.0,600.0793,600.0793,1686.9312,2,RENEWABLE_ALL,renewable,CURTAIL,135.06934406617495,435.06934406617495,135.06934406617495,0.5707692724651641,0.6950747996266472,0
2026-01-02 04:15:00,ZONE_A,0,0.9958318,0.5506603,2273.3472,2.3051577,601.4428,603.748,1669.5992,1,BATTERY_ALL,battery,CHARGE,300.0,332.46005480440004,32.460054804400045,0.5529487305754921,0.6479373178850625,0
2026-01-02 04:15:00,ZONE_A,0,0.9958318,0.5506603,2273.3472,2.3051577,601.4428,603.748,1669.5992,2,RENEWABLE_ALL,renewable,CURTAIL,32.460054804400045,332.46005480440004,32.460054804400045,0.5529487305754921,0.6479373178850625,0
2026-01-02 04:30:00,ZONE_A,0,0.99667645,0.756828,2304.1152,0.0,600.5624,600.5624,1703.5528000000002,1,BATTERY_ALL,battery,CHARGE,300.0,454.52244006719997,154.52244006719997,0.5717751735366485,0.7016387281415655,0
2026-01-02 04:30:00,ZONE_A,0,0.99667645,0.756828,2304.1152,0.0,600.5624,600.5624,1703.5528000000002,2,RENEWABLE_ALL,renewable,CURTAIL,154.52244006719997,454.52244006719997,154.52244006719997,0.5717751735366485,0.7016387281415655,0
2026-01-02 04:45:00,ZONE_A,0,0.9972154,0.6330844,2285.8591,1.1321434,600.7093,601.84143,1684.0176700000002,1,BATTERY_ALL,battery,CHARGE,300.0,381.01642060669195,81.01642060669195,0.5636863149319566,0.6725481496401603,0
2026-01-02 04:45:00,ZONE_A,0,0.9972154,0.6330844,2285.8591,1.1321434,600.7093,601.84143,1684.0176700000002,2,RENEWABLE_ALL,renewable,CURTAIL,81.01642060669195,381.01642060669195,81.01642060669195,0.5636863149319566,0.6725481496401603,0
2026-01-02 05:00:00,ZONE_A,0,0.9961218,0.7426023,2580.5215,0.0,601.213,601.213,1979.3085,1,BATTERY_ALL,battery,CHARGE,300.0,446.4621565899,146.46215658990002,0.6262742065207659,0.7538348229864931,0
2026-01-02 05:00:00,ZONE_A,0,0.9961218,0.7426023,2580.5215,0.0,601.213,601.213,1979.3085,2,RENEWABLE_ALL,renewable,CURTAIL,146.46215658990002,446.4621565899,146.46215658990002,0.6262742065207659,0.7538348229864931,0
2026-01-02 05:15:00,ZONE_A,0,0.9969863,0.77327204,2567.5278,0.0,600.5436,600.5436,1966.9842,1,BATTERY_ALL,battery,CHARGE,300.0,464.383574680944,164.38357468094398,0.6304072331235485,0.7630882547577527,0
2026-01-02 05:15:00,ZONE_A,0,0.9969863,0.77327204,2567.5278,0.0,600.5436,600.5436,1966.9842,2,RENEWABLE_ALL,renewable,CURTAIL,164.38357468094398,464.383574680944,164.38357468094398,0.6304072331235485,0.7630882547577527,0
2026-01-02 05:45:00,ZONE_A,1,0.50409484,0.6970865,2613.3032,7.2299757,593.72107,600.95105,2012.35215,1,BATTERY_ALL,battery,CHARGE,300.0,418.914864115825,118.91486411582503,0.6520507314440713,0.7717406928943421,0
2026-01-02 05:45:00,ZONE_A,1,0.50409484,0.6970865,2613.3032,7.2299757,593.72107,600.95105,2012.35215,2,RENEWABLE_ALL,renewable,CURTAIL,118.91486411582503,418.914864115825,118.91486411582503,0.6520507314440713,0.7717406928943421,0
2026-01-02 06:00:00,ZONE_A,1,0.98659664,0.6908314,2698.9487,60.07264,598.38184,658.45447,2040.49423,1,BATTERY_ALL,battery,CHARGE,300.0,454.881023346358,154.881023346358,0.6667567320247296,0.7967227390428752,0
2026-01-02 06:00:00,ZONE_A,1,0.98659664,0.6908314,2698.9487,60.07264,598.38184,658.45447,2040.49423,2,RENEWABLE_ALL,renewable,CURTAIL,154.881023346358,454.881023346358,154.881023346358,0.6667567320247296,0.7967227390428752,0
2026-01-02 06:15:00,ZONE_A,1,0.9933469,0.62164474,2725.2021,81.773476,602.3397,684.1132,2041.0889,1,BATTERY_ALL,battery,CHARGE,300.0,425.27537234456804,125.27537234456804,0.6761182514952273,0.7976255010652923,0
2026-01-02 06:15:00,ZONE_A,1,0.9933469,0.62164474,2725.2021,81.773476,602.3397,684.1132,2041.0889,2,RENEWABLE_ALL,renewable,CURTAIL,125.27537234456804,425.27537234456804,125.27537234456804,0.6761182514952273,0.7976255010652923,0
2026-01-02 06:30:00,ZONE_A,1,0.98856443,0.7356049,2736.0703,127.91874,599.1072,727.02594,2009.04436,1,BATTERY_ALL,battery,CHARGE,300.0,534.803843891106,234.803843891106,0.6776754713074029,0.8304765699935536,0
2026-01-02 06:30:00,ZONE_A,1,0.98856443,0.7356049,2736.0703,127.91874,599.1072,727.02594,2009.04436,2,RENEWABLE_ALL,renewable,CURTAIL,234.803843891106,534.803843891106,234.803843891106,0.6776754713074029,0.8304765699935536,0
2026-01-02 07:00:00,ZONE_A,2,0.63983506,0.7900441,2794.4666,204.45076,598.5788,803.02954,1991.43706,1,BATTERY_ALL,battery,CHARGE,300.0,634.428750202714,334.428750202714,0.7080783752491641,0.8893437329938825,0
2026-01-02 07:00:00,ZONE_A,2,0.63983506,0.7900441,2794.4666,204.45076,598.5788,803.02954,1991.43706,2,RENEWABLE_ALL,renewable,CURTAIL,334.428750202714,634.428750202714,334.428750202714,0.7080783752491641,0.8893437329938825,0
2026-01-02 07:15:00,ZONE_A,2,0.957358,0.5462217,2838.769,319.0903,600.67914,919.7694,1918.9996,1,BATTERY_ALL,battery,CHARGE,300.0,502.39800527598004,202.39800527598004,0.7237338941929209,0.8672761818578228,0
2026-01-02 07:15:00,ZONE_A,2,0.957358,0.5462217,2838.769,319.0903,600.67914,919.7694,1918.9996,2,RENEWABLE_ALL,renewable,CURTAIL,202.39800527598004,502.39800527598004,202.39800527598004,0.7237338941929209,0.8672761818578228,0
2026-01-02 07:30:00,ZONE_A,2,0.9921239,0.7233334,2857.688,420.1376,597.8472,1017.98486,1839.70314,1,BATTERY_ALL,battery,CHARGE,300.0,736.342449932324,436.34244993232403,0.7347780096210913,0.9451615673973197,0
2026-01-02 07:30:00,ZONE_A,2,0.9921239,0.7233334,2857.688,420.1376,597.8472,1017.98486,1839.70314,2,RENEWABLE_ALL,renewable,CURTAIL,436.34244993232403,736.342449932324,436.34244993232403,0.7347780096210913,0.9451615673973197,0
2026-01-02 07:45:00,ZONE_A,3,0.9374626,0.7979372,2939.333,478.57483,597.6051,1076.1799,1863.1531,1,BATTERY_ALL,battery,CHARGE,300.0,858.7239761022801,558.7239761022801,0.7509675763299244,0.9963172845942946,0
2026-01-02 07:45:00,ZONE_A,3,0.9374626,0.7979372,2939.333,478.57483,597.6051,1076.1799,1863.1531,2,RENEWABLE_ALL,renewable,CURTAIL,558.7239761022801,858.7239761022801,558.7239761022801,0.7509675763299244,0.9963172845942946,0
2026-01-02 08:00:00,ZONE_A,3,0.9445425,0.8347354,2947.325,556.0836,600.8505,1156.9341,1790.3909,1,BATTERY_ALL,battery,CHARGE,300.0,965.73384873714,665.73384873714,0.7613112160641701,1.0372351737914087,0
2026-01-02 08:00:00,ZONE_A,3,0.9445425,0.8347354,2947.325,556.0836,600.8505,1156.9341,1790.3909,2,RENEWABLE_ALL,renewable,CURTAIL,665.73384873714,965.73384873714,665.73384873714,0.7613112160641701,1.0372351737914087,0
2026-01-02 08:15:00,ZONE_A,3,0.9813524,0.8071309,2980.9473,639.1755,601.32135,1240.4968,1740.4505,1,BATTERY_ALL,battery,CHARGE,300.0,1001.2432986311198,701.2432986311198,0.7682690396972707,1.0543385546273618,0
2026-01-02 08:15:00,ZONE_A,3,0.9813524,0.8071309,2980.9473,639.1755,601.32135,1240.4968,1740.4505,2,RENEWABLE_ALL,renewable,CURTAIL,701.2432986311198,1001.2432986311198,701.2432986311198,0.7682690396972707,1.0543385546273618,0
2026-01-02 08:30:00,ZONE_A,3,0.97737634,0.7138226,3020.6187,679.6317,603.354,1282.9857,1737.633,1,BATTERY_ALL,battery,CHARGE,300.0,915.8241881368199,615.8241881368199,0.7882351962643409,1.049899251004303,0
2026-01-02 08:30:00,ZONE_A,3,0.97737634,0.7138226,3020.6187,679.6317,603.354,1282.9857,1737.633,2,RENEWABLE_ALL,renewable,CURTAIL,615.8241881368199,915.8241881368199,615.8241881368199,0.7882351962643409,1.049899251004303,0
2026-01-02 08:45:00,ZONE_A,3,0.97415006,0.68271506,3098.9534,671.9131,597.3686,1269.2817,1829.6717,1,BATTERY_ALL,battery,CHARGE,300.0,866.557731972402,566.557731972402,0.823995653908583,1.0715835783234688,0
2026-01-02 08:45:00,ZONE_A,3,0.97415006,0.68271506,3098.9534,671.9131,597.3686,1269.2817,1829.6717,2,RENEWABLE_ALL,renewable,CURTAIL,566.557731972402,866.557731972402,566.557731972402,0.823995653908583,1.0715835783234688,0
2026-01-02 09:00:00,ZONE_A,2,0.9785776,0.8020969,2701.766,745.78345,596.25964,1342.0431,1359.7229,1,BATTERY_ALL,battery,CHARGE,300.0,1076.44861017639,776.44861017639,0.7193751756313852,1.0269319226845943,0
2026-01-02 09:00:00,ZONE_A,2,0.9785776,0.8020969,2701.766,745.78345,596.25964,1342.0431,1359.7229,2,RENEWABLE_ALL,renewable,CURTAIL,776.44861017639,1076.44861017639,776.44861017639,0.7193751756313852,1.0269319226845943,0
2026-01-02 09:15:00,ZONE_A,2,0.98020977,0.913691,2686.2092,812.829,599.7163,1412.5453,1273.6638999999998,1,BATTERY_ALL,battery,CHARGE,300.0,1290.6299277023,990.6299277022999,0.7175216540948,1.0862730636010338,0
2026-01-02 09:15:00,ZONE_A,2,0.98020977,0.913691,2686.2092,812.829,599.7163,1412.5453,1273.6638999999998,2,RENEWABLE_ALL,renewable,CURTAIL,990.6299277022999,1290.6299277023,990.6299277022999,0.7175216540948,1.0862730636010338,0
2026-01-02 09:30:00,ZONE_A,2,0.9874551,0.9386921,2715.0203,863.4618,599.2913,1462.7532,1252.2671,1,BATTERY_ALL,battery,CHARGE,300.0,1373.07487308972,1073.07487308972,0.7418954644795208,1.134202572929144,0
2026-01-02 09:30:00,ZONE_A,2,0.9874551,0.9386921,2715.0203,863.4618,599.2913,1462.7532,1252.2671,2,RENEWABLE_ALL,renewable,CURTAIL,1073.07487308972,1373.07487308972,1073.07487308972,0.7418954644795208,1.134202572929144,0
2026-01-02 09:45:00,ZONE_A,2,0.9880409,0.8943677,2685.2979,852.7022,601.03326,1453.7355,1231.5624,1,BATTERY_ALL,battery,CHARGE,300.0,1300.17407554335,1000.17407554335,0.7254138360765716,1.0968921454852918,0
2026-01-02 09:45:00,ZONE_A,2,0.9880409,0.8943677,2685.2979,852.7022,601.03326,1453.7355,1231.5624,2,RENEWABLE_ALL,renewable,CURTAIL,1000.17407554335,1300.17407554335,1000.17407554335,0.7254138360765716,1.0968921454852918,0
2026-01-02 10:00:00,ZONE_A,2,0.96446055,0.94326866,2682.2778,859.9154,596.65955,1456.575,1225.7027999999998,1,BATTERY_ALL,battery,CHARGE,300.0,1373.9415484395,1073.9415484395,0.7268505920009889,1.11940532152542,0
2026-01-02 10:00:00,ZONE_A,2,0.96446055,0.94326866,2682.2778,859.9154,596.65955,1456.575,1225.7027999999998,2,RENEWABLE_ALL,renewable,CURTAIL,1073.9415484395,1373.9415484395,1073.9415484395,0.7268505920009889,1.11940532152542,0
2026-01-02 10:15:00,ZONE_A,3,0.8163086,0.9508263,2753.5781,926.3926,596.26263,1522.6553,1230.9228000000005,1,BATTERY_ALL,battery,CHARGE,300.0,1447.78070507439,1147.78070507439,0.7617200642803595,1.1753716957659797,0
2026-01-02 10:15:00,ZONE_A,3,0.8163086,0.9508263,2753.5781,926.3926,596.26263,1522.6553,1230.9228000000005,2,RENEWABLE_ALL,renewable,CURTAIL,1147.78070507439,1447.78070507439,1147.78070507439,0.7617200642803595,1.1753716957659797,0
2026-01-02 11:00:00,ZONE_A,2,0.97728604,0.9391927,2710.0469,987.9246,599.63245,1587.5571,1122.4897999999998,1,BATTERY_ALL,battery,CHARGE,300.0,1491.02203915317,1191.02203915317,0.749851383891545,1.17585768235206,0
2026-01-02 11:00:00,ZONE_A,2,0.97728604,0.9391927,2710.0469,987.9246,599.63245,1587.5571,1122.4897999999998,2,RENEWABLE_ALL,renewable,CURTAIL,1191.02203915317,1491.02203915317,1191.02203915317,0.749851383891545,1.17585768235206,0
2026-01-02 12:00:00,ZONE_A,2,0.9709891,0.7864554,2690.9402,954.9364,602.63135,1557.5677,1133.3725,1,BATTERY_ALL,battery,CHARGE,300.0,1224.95752853058,924.95752853058,0.7380291630778829,1.0880170297714542,0
2026-01-02 12:00:00,ZONE_A,2,0.9709891,0.7864554,2690.9402,954.9364,602.63135,1557.5677,1133.3725,2,RENEWABLE_ALL,renewable,CURTAIL,924.95752853058,1224.95752853058,924.95752853058,0.7380291630778829,1.0880170297714542,0
2026-01-02 12:15:00,ZONE_A,2,0.96758235,0.9312063,2692.0745,960.6839,602.1617,1562.8456,1129.2289,1,BATTERY_ALL,battery,CHARGE,300.0,1455.3316686472801,1155.3316686472801,0.7394874054203046,1.155296455371734,0
2026-01-02 12:15:00,ZONE_A,2,0.96758235,0.9312063,2692.0745,960.6839,602.1617,1562.8456,1129.2289,2,RENEWABLE_ALL,renewable,CURTAIL,1155.3316686472801,1455.3316686472801,1155.3316686472801,0.7394874054203046,1.155296455371734,0
2026-01-02 12:30:00,ZONE_A,2,0.9770647,0.8723369,2683.1797,950.64026,599.8266,1550.4668,1132.7129000000002,1,BATTERY_ALL,battery,CHARGE,300.0,1352.52940186492,1052.52940186492,0.7389024852845617,1.1253394587614702,0
2026-01-02 12:30:00,ZONE_A,2,0.9770647,0.8723369,2683.1797,950.64026,599.8266,1550.4668,1132.7129000000002,2,RENEWABLE_ALL,renewable,CURTAIL,1052.52940186492,1352.52940186492,1052.52940186492,0.7389024852845617,1.1253394587614702,0
2026-01-02 12:45:00,ZONE_A,2,0.98234624,0.7208484,2687.7805,940.0714,599.67487,1539.7463,1148.0341999999998,1,BATTERY_ALL,battery,CHARGE,300.0,1109.92365676092,809.92365676092,0.7326576781963465,1.04977872422134,0
2026-01-02 12:45:00,ZONE_A,2,0.98234624,0.7208484,2687.7805,940.0714,599.67487,1539.7463,1148.0341999999998,2,RENEWABLE_ALL,renewable,CURTAIL,809.92365676092,1109.92365676092,809.92365676092,0.7326576781963465,1.04977872422134,0
2026-01-02 13:00:00,ZONE_A,2,0.9790684,0.65930116,2681.9436,859.9673,595.85223,1455.8196,1226.124,1,BATTERY_ALL,battery,CHARGE,300.0,959.8235510307361,659.8235510307361,0.7286412903317849,1.002876591673097,0
2026-01-02 13:00:00,ZONE_A,2,0.9790684,0.65930116,2681.9436,859.9673,595.85223,1455.8196,1226.124,2,RENEWABLE_ALL,renewable,CURTAIL,659.8235510307361,959.8235510307361,659.8235510307361,0.7286412903317849,1.002876591673097,0
2026-01-02 13:15:00,ZONE_A,2,0.9800475,0.64372146,2687.9507,834.74023,598.0935,1432.8337,1255.117,1,BATTERY_ALL,battery,CHARGE,300.0,922.3458013012018,622.3458013012018,0.7313813986287659,0.9949087714406818,0
2026-01-02 13:15:00,ZONE_A,2,0.9800475,0.64372146,2687.9507,834.74023,598.0935,1432.8337,1255.117,2,RENEWABLE_ALL,renewable,CURTAIL,622.3458013012018,922.3458013012018,622.3458013012018,0.7313813986287659,0.9949087714406818,0
2026-01-02 13:30:00,ZONE_A,2,0.9783563,0.8183468,2678.2383,804.4042,599.10736,1403.5115,1274.7268,1,BATTERY_ALL,battery,CHARGE,300.0,1148.5591447882,848.5591447882,0.7216964631806029,1.0498562200912218,0
2026-01-02 13:30:00,ZONE_A,2,0.9783563,0.8183468,2678.2383,804.4042,599.10736,1403.5115,1274.7268,2,RENEWABLE_ALL,renewable,CURTAIL,848.5591447882,1148.5591447882,848.5591447882,0.7216964631806029,1.0498562200912218,0
2026-01-02 13:45:00,ZONE_A,2,0.98450273,0.91785187,2677.8005,802.397,599.5148,1401.9117,1275.8887999999995,1,BATTERY_ALL,battery,CHARGE,300.0,1286.747275419879,986.7472754198791,0.7218004685813673,1.0894425486479347,0
2026-01-02 13:45:00,ZONE_A,2,0.98450273,0.91785187,2677.8005,802.397,599.5148,1401.9117,1275.8887999999995,2,RENEWABLE_ALL,renewable,CURTAIL,986.7472754198791,1286.747275419879,986.7472754198791,0.7218004685813673,1.0894425486479347,0
2026-01-02 14:00:00,ZONE_A,2,0.989316,0.93425477,2705.403,700.37317,590.5362,1290.9094,1414.4935999999998,1,BATTERY_ALL,battery,CHARGE,300.0,1206.038264587838,906.0382645878381,0.7419812633308248,1.0865636259114766,0
2026-01-02 14:00:00,ZONE_A,2,0.989316,0.93425477,2705.403,700.37317,590.5362,1290.9094,1414.4935999999998,2,RENEWABLE_ALL,renewable,CURTAIL,906.0382645878381,1206.038264587838,906.0382645878381,0.7419812633308248,1.0865636259114766,0
2026-01-02 14:15:00,ZONE_A,2,0.98525465,0.9220451,2680.6355,726.5735,595.7344,1322.3079,1358.3275999999998,1,BATTERY_ALL,battery,CHARGE,300.0,1219.2275198862899,919.2275198862899,0.7174882066999931,1.0658389279643274,0
2026-01-02 14:15:00,ZONE_A,2,0.98525465,0.9220451,2680.6355,726.5735,595.7344,1322.3079,1358.3275999999998,2,RENEWABLE_ALL,renewable,CURTAIL,919.2275198862899,1219.2275198862899,919.2275198862899,0.7174882066999931,1.0658389279643274,0
2026-01-02 14:30:00,ZONE_A,2,0.96337,0.91254824,2680.1118,649.5838,599.1376,1248.7214,1431.3904000000002,1,BATTERY_ALL,battery,CHARGE,300.0,1139.518515820336,839.518515820336,0.7068701210747725,1.0324468410504448,0
2026-01-02 14:30:00,ZONE_A,2,0.96337,0.91254824,2680.1118,649.5838,599.1376,1248.7214,1431.3904000000002,2,RENEWABLE_ALL,renewable,CURTAIL,839.518515820336,1139.518515820336,839.518515820336,0.7068701210747725,1.0324468410504448,0
2026-01-02 14:45:00,ZONE_A,2,0.95083946,0.9299964,2685.2344,613.0141,597.5074,1210.5215,1474.7128999999998,1,BATTERY_ALL,battery,CHARGE,300.0,1125.7806371226,825.7806371226,0.7087228216578649,1.0303744334205125,0
2026-01-02 14:45:00,ZONE_A,2,0.95083946,0.9299964,2685.2344,613.0141,597.5074,1210.5215,1474.7128999999998,2,RENEWABLE_ALL,renewable,CURTAIL,825.7806371226,1125.7806371226,825.7806371226,0.7087228216578649,1.0303744334205125,0
2026-01-02 15:00:00,ZONE_A,2,0.8935205,0.8044529,2816.481,561.4619,596.48114,1157.9431,1658.5379000000005,1,BATTERY_ALL,battery,CHARGE,300.0,931.5106848299899,631.5106848299899,0.7327318804646379,0.9988777914475621,0
2026-01-02 15:00:00,ZONE_A,2,0.8935205,0.8044529,2816.481,561.4619,596.48114,1157.9431,1658.5379000000005,2,RENEWABLE_ALL,renewable,CURTAIL,631.5106848299899,931.5106848299899,631.5106848299899,0.7327318804646379,0.9988777914475621,0
2026-01-02 15:15:00,ZONE_A,2,0.89385617,0.922563,2788.738,497.226,597.12384,1094.3499,1694.3881,1,BATTERY_ALL,battery,CHARGE,300.0,1009.6067267937,709.6067267937,0.7218477947484683,1.0103068605677197,0
2026-01-02 15:15:00,ZONE_A,2,0.89385617,0.922563,2788.738,497.226,597.12384,1094.3499,1694.3881,2,RENEWABLE_ALL,renewable,CURTAIL,709.6067267937,1009.6067267937,709.6067267937,0.7218477947484683,1.0103068605677197,0
2026-01-02 15:30:00,ZONE_A,2,0.9469915,0.6436686,2799.7388,418.72772,603.5772,1022.30493,1777.43387,1,BATTERY_ALL,battery,CHARGE,300.0,658.025583066198,358.025583066198,0.7152278693556219,0.903235179444486,0
2026-01-02 15:30:00,ZONE_A,2,0.9469915,0.6436686,2799.7388,418.72772,603.5772,1022.30493,1777.43387,2,RENEWABLE_ALL,renewable,CURTAIL,358.025583066198,658.025583066198,358.025583066198,0.7152278693556219,0.903235179444486,0
2026-01-02 15:45:00,ZONE_A,2,0.944525,0.72575885,2797.7288,330.4466,600.0712,930.5178,1867.211,1,BATTERY_ALL,battery,CHARGE,300.0,675.3315284325299,375.3315284325299,0.7138576871392632,0.9068095530681342,0
2026-01-02 15:45:00,ZONE_A,2,0.944525,0.72575885,2797.7288,330.4466,600.0712,930.5178,1867.211,2,RENEWABLE_ALL,renewable,CURTAIL,375.3315284325299,675.3315284325299,375.3315284325299,0.7138576871392632,0.9068095530681342,0
2026-01-02 16:00:00,ZONE_A,2,0.8485195,0.8421004,2790.2756,318.8665,595.1948,914.0613,1876.2143,1,BATTERY_ALL,battery,CHARGE,300.0,769.7313863545199,469.73138635451994,0.7091288421131466,0.9290520961801515,0
2026-01-02 16:00:00,ZONE_A,2,0.8485195,0.8421004,2790.2756,318.8665,595.1948,914.0613,1876.2143,2,RENEWABLE_ALL,renewable,CURTAIL,469.73138635451994,769.7313863545199,469.73138635451994,0.7091288421131466,0.9290520961801515,0
2026-01-02 16:15:00,ZONE_A,1,0.6072511,0.8499926,2792.917,238.57974,599.8111,838.39087,1954.52613,1,BATTERY_ALL,battery,CHARGE,300.0,712.626035407562,412.626035407562,0.6986569663838964,0.9022644058037713,0
2026-01-02 16:15:00,ZONE_A,1,0.6072511,0.8499926,2792.917,238.57974,599.8111,838.39087,1954.52613,2,RENEWABLE_ALL,renewable,CURTAIL,412.626035407562,712.626035407562,412.626035407562,0.6986569663838964,0.9022644058037713,0
2026-01-02 16:30:00,ZONE_A,1,0.84038544,0.5589938,2793.1023,147.20413,596.68524,743.8894,2049.2129,1,BATTERY_ALL,battery,CHARGE,300.0,415.82956248572,115.82956248571998,0.6978858591871474,0.8166943060288443,0
2026-01-02 16:30:00,ZONE_A,1,0.84038544,0.5589938,2793.1023,147.20413,596.68524,743.8894,2049.2129,2,RENEWABLE_ALL,renewable,CURTAIL,115.82956248571998,415.82956248572,115.82956248571998,0.6978858591871474,0.8166943060288443,0
2026-01-02 16:45:00,ZONE_A,1,0.93518513,0.6332236,2794.4397,75.249695,595.9128,671.1625,2123.2772,1,BATTERY_ALL,battery,CHARGE,300.0,424.99593443500004,124.99593443500004,0.6894644008406845,0.8108918111036161,0
2026-01-02 16:45:00,ZONE_A,1,0.93518513,0.6332236,2794.4397,75.249695,595.9128,671.1625,2123.2772,2,RENEWABLE_ALL,renewable,CURTAIL,124.99593443500004,424.99593443500004,124.99593443500004,0.6894644008406845,0.8108918111036161,0
2026-01-02 17:00:00,ZONE_A,1,0.95320344,0.60265744,2793.1277,18.18922,596.9119,615.10114,2178.02656,1,BATTERY_ALL,battery,CHARGE,300.0,370.6952783734816,70.69527837348159,0.6928772781666347,0.7987902152088954,0
2026-01-02 17:00:00,ZONE_A,1,0.95320344,0.60265744,2793.1277,18.18922,596.9119,615.10114,2178.02656,2,RENEWABLE_ALL,renewable,CURTAIL,70.69527837348159,370.6952783734816,70.69527837348159,0.6928772781666347,0.7987902152088954,0
2026-01-02 17:15:00,ZONE_A,1,0.98183733,0.74123573,2792.975,0.0,595.54517,595.54517,2197.42983,1,BATTERY_ALL,battery,CHARGE,300.0,441.4393588329241,141.43935883292409,0.6876836035696371,0.8138091350833029,0
2026-01-02 17:15:00,ZONE_A,1,0.98183733,0.74123573,2792.975,0.0,595.54517,595.54517,2197.42983,2,RENEWABLE_ALL,renewable,CURTAIL,141.43935883292409,441.4393588329241,141.43935883292409,0.6876836035696371,0.8138091350833029,0
2026-01-02 17:30:00,ZONE_A,1,0.9757,0.75216454,2812.425,0.0,594.46625,594.46625,2217.95875,1,BATTERY_ALL,battery,CHARGE,300.0,447.136433476775,147.13643347677498,0.6847883884817034,0.8125416556122177,0
2026-01-02 17:30:00,ZONE_A,1,0.9757,0.75216454,2812.425,0.0,594.46625,594.46625,2217.95875,2,RENEWABLE_ALL,renewable,CURTAIL,147.13643347677498,447.136433476775,147.13643347677498,0.6847883884817034,0.8125416556122177,0
2026-01-02 17:45:00,ZONE_A,1,0.9864677,0.7735526,2802.079,0.0,596.52094,596.52094,2205.5580600000003,1,BATTERY_ALL,battery,CHARGE,300.0,461.44032409144404,161.44032409144404,0.6824338123421251,0.8142739053642376,0
2026-01-02 17:45:00,ZONE_A,1,0.9864677,0.7735526,2802.079,0.0,596.52094,596.52094,2205.5580600000003,2,RENEWABLE_ALL,renewable,CURTAIL,161.44032409144404,461.44032409144404,161.44032409144404,0.6824338123421251,0.8142739053642376,0
2026-01-02 18:00:00,ZONE_A,1,0.9842582,0.6332489,2801.7524,0.0,598.224,598.224,2203.5284,1,BATTERY_ALL,battery,CHARGE,300.0,378.82468995360006,78.82468995360006,0.6909637336486617,0.7991993597021085,0
2026-01-02 18:00:00,ZONE_A,1,0.9842582,0.6332489,2801.7524,0.0,598.224,598.224,2203.5284,2,RENEWABLE_ALL,renewable,CURTAIL,78.82468995360006,378.82468995360006,78.82468995360006,0.6909637336486617,0.7991993597021085,0
2026-01-02 18:15:00,ZONE_A,1,0.97093505,0.75216454,2805.6787,0.0,597.01117,597.01117,2208.66753,1,BATTERY_ALL,battery,CHARGE,300.0,449.0506320579118,149.0506320579118,0.6908013768347184,0.8191015578334951,0
2026-01-02 18:15:00,ZONE_A,1,0.97093505,0.75216454,2805.6787,0.0,597.01117,597.01117,2208.66753,2,RENEWABLE_ALL,renewable,CURTAIL,149.0506320579118,449.0506320579118,149.0506320579118,0.6908013768347184,0.8191015578334951,0
2026-01-02 18:30:00,ZONE_A,1,0.97488004,0.58865327,2799.8354,6.1347528,601.419,607.5538,2192.2816,1,BATTERY_ALL,battery,CHARGE,300.0,357.63853107092604,57.638531070926035,0.67876420452965,0.780946642302657,0
2026-01-02 18:30:00,ZONE_A,1,0.97488004,0.58865327,2799.8354,6.1347528,601.419,607.5538,2192.2816,2,RENEWABLE_ALL,renewable,CURTAIL,57.638531070926035,357.63853107092604,57.638531070926035,0.67876420452965,0.780946642302657,0
2026-01-02 18:45:00,ZONE_A,1,0.97755605,0.6129258,2811.5815,2.6118152,600.8274,603.4392,2208.1422999999995,1,BATTERY_ALL,battery,CHARGE,300.0,369.86345441136,69.86345441136001,0.6886893747411819,0.794364647762908,0
2026-01-02 18:45:00,ZONE_A,1,0.97755605,0.6129258,2811.5815,2.6118152,600.8274,603.4392,2208.1422999999995,2,RENEWABLE_ALL,renewable,CURTAIL,69.86345441136001,369.86345441136,69.86345441136001,0.6886893747411819,0.794364647762908,0
2026-01-02 19:00:00,ZONE_A,1,0.9751584,0.50857395,2800.5364,2.8829124,598.1954,601.0783,2199.4581,1,BATTERY_ALL,battery,CHARGE,300.0,305.692765290285,5.692765290285024,0.6891997136759029,0.7765405040414646,0
2026-01-02 19:00:00,ZONE_A,1,0.9751584,0.50857395,2800.5364,2.8829124,598.1954,601.0783,2199.4581,2,RENEWABLE_ALL,renewable,CURTAIL,5.692765290285024,305.692765290285,5.692765290285024,0.6891997136759029,0.7765405040414646,0
2026-01-02 19:15:00,ZONE_A,1,0.9668747,0.64066243,2803.51,10.071942,596.96265,607.0346,2196.4754000000003,1,BATTERY_ALL,battery,CHARGE,300.0,388.90426193007795,88.90426193007795,0.6731195778206384,0.7842350815885982,0
2026-01-02 19:15:00,ZONE_A,1,0.9668747,0.64066243,2803.51,10.071942,596.96265,607.0346,2196.4754000000003,2,RENEWABLE_ALL,renewable,CURTAIL,88.90426193007795,388.90426193007795,88.90426193007795,0.6731195778206384,0.7842350815885982,0
2026-01-02 19:30:00,ZONE_A,1,0.98305607,0.50162494,2785.5923,0.0,603.023,603.023,2182.5693,1,BATTERY_ALL,battery,CHARGE,300.0,302.49137619362,2.491376193619999,0.6796210165312302,0.7660471242841642,0
2026-01-02 19:30:00,ZONE_A,1,0.98305607,0.50162494,2785.5923,0.0,603.023,603.023,2182.5693,2,RENEWABLE_ALL,renewable,CURTAIL,2.491376193619999,302.49137619362,2.491376193619999,0.6796210165312302,0.7660471242841642,0
2026-01-02 19:45:00,ZONE_A,1,0.9882031,0.6332236,2792.378,9.750587,597.9781,607.7287,2184.6493,1,BATTERY_ALL,battery,CHARGE,300.0,384.82815523732,84.82815523732,0.6788840639428045,0.7888349657923688,0
2026-01-02 19:45:00,ZONE_A,1,0.9882031,0.6332236,2792.378,9.750587,597.9781,607.7287,2184.6493,2,RENEWABLE_ALL,renewable,CURTAIL,84.82815523732,384.82815523732,84.82815523732,0.6788840639428045,0.7888349657923688,0
2026-01-02 20:00:00,ZONE_A,1,0.6266067,0.7204116,2651.8115,0.0,600.1048,600.1048,2051.7067,1,BATTERY_ALL,battery,CHARGE,300.0,432.32245913568,132.32245913568,0.6531133310723161,0.7766340340799384,0
2026-01-02 20:00:00,ZONE_A,1,0.6266067,0.7204116,2651.8115,0.0,600.1048,600.1048,2051.7067,2,RENEWABLE_ALL,renewable,CURTAIL,132.32245913568,432.32245913568,132.32245913568,0.6531133310723161,0.7766340340799384,0
2026-01-02 20:15:00,ZONE_A,1,0.60793215,0.66011304,2643.2354,0.0,598.3181,598.3181,2044.9173,1,BATTERY_ALL,battery,CHARGE,300.0,394.957579878024,94.95757987802398,0.6605845619029307,0.7734295850704413,0
2026-01-02 20:15:00,ZONE_A,1,0.60793215,0.66011304,2643.2354,0.0,598.3181,598.3181,2044.9173,2,RENEWABLE_ALL,renewable,CURTAIL,94.95757987802398,394.957579878024,94.95757987802398,0.6605845619029307,0.7734295850704413,0
2026-01-02 20:30:00,ZONE_A,0,0.8800544,0.6006296,2627.6038,0.0,602.4208,602.4208,2025.183,1,BATTERY_ALL,battery,CHARGE,300.0,361.83176413568,61.831764135679975,0.6488629074306128,0.7522434117920604,0
2026-01-02 20:30:00,ZONE_A,0,0.8800544,0.6006296,2627.6038,0.0,602.4208,602.4208,2025.183,2,RENEWABLE_ALL,renewable,CURTAIL,61.831764135679975,361.83176413568,61.831764135679975,0.6488629074306128,0.7522434117920604,0
2026-01-02 20:45:00,ZONE_A,0,0.9863484,0.6344283,2604.8674,0.0,599.9372,599.9372,2004.9302,1,BATTERY_ALL,battery,CHARGE,300.0,380.61713790275996,80.61713790275996,0.6325220998676997,0.7412698538928583,0
2026-01-02 20:45:00,ZONE_A,0,0.9863484,0.6344283,2604.8674,0.0,599.9372,599.9372,2004.9302,2,RENEWABLE_ALL,renewable,CURTAIL,80.61713790275996,380.61713790275996,80.61713790275996,0.6325220998676997,0.7412698538928583,0
2026-01-02 21:15:00,ZONE_A,0,0.986955,0.59408766,2501.435,0.14027543,600.54016,600.6804,1900.7546,1,BATTERY_ALL,battery,CHARGE,300.0,356.856813243864,56.856813243863996,0.6153657309769692,0.7173248207756122,0
2026-01-02 21:15:00,ZONE_A,0,0.986955,0.59408766,2501.435,0.14027543,600.54016,600.6804,1900.7546,2,RENEWABLE_ALL,renewable,CURTAIL,56.856813243863996,356.856813243864,56.856813243863996,0.6153657309769692,0.7173248207756122,0
2026-01-02 21:45:00,ZONE_A,0,0.9874303,0.7599552,2467.5647,0.0,600.1563,600.1563,1867.4084,1,BATTERY_ALL,battery,CHARGE,300.0,456.09190099776004,156.09190099776004,0.6077058188232567,0.7380177908915142,0
2026-01-02 21:45:00,ZONE_A,0,0.9874303,0.7599552,2467.5647,0.0,600.1563,600.1563,1867.4084,2,RENEWABLE_ALL,renewable,CURTAIL,156.09190099776004,456.09190099776004,156.09190099776004,0.6077058188232567,0.7380177908915142,0
2026-01-02 22:00:00,ZONE_A,0,0.9885427,0.7530706,2435.0588,0.7533002,599.84454,600.59784,1834.46096,1,BATTERY_ALL,battery,CHARGE,300.0,452.292575727504,152.29257572750402,0.6080056910495675,0.7372321415993393,0
2026-01-02 22:00:00,ZONE_A,0,0.9885427,0.7530706,2435.0588,0.7533002,599.84454,600.59784,1834.46096,2,RENEWABLE_ALL,renewable,CURTAIL,152.29257572750402,452.292575727504,152.29257572750402,0.6080056910495675,0.7372321415993393,0
2026-01-02 22:15:00,ZONE_A,0,0.9921556,0.5962164,2421.0015,1.1396235,602.703,603.84265,1817.15885,1,BATTERY_ALL,battery,CHARGE,300.0,360.02089094946,60.02089094946001,0.6088396024877774,0.711702714455054,0
2026-01-02 22:15:00,ZONE_A,0,0.9921556,0.5962164,2421.0015,1.1396235,602.703,603.84265,1817.15885,2,RENEWABLE_ALL,renewable,CURTAIL,60.02089094946001,360.02089094946,60.02089094946001,0.6088396024877774,0.711702714455054,0
2026-01-02 22:30:00,ZONE_A,0,0.9937218,0.6352556,2366.4666,1.0292095,604.3883,605.41754,1761.0490600000005,1,BATTERY_ALL,battery,CHARGE,300.0,384.59488262322407,84.59488262322407,0.5838142272358372,0.6936984796971742,0
2026-01-02 22:30:00,ZONE_A,0,0.9937218,0.6352556,2366.4666,1.0292095,604.3883,605.41754,1761.0490600000005,2,RENEWABLE_ALL,renewable,CURTAIL,84.59488262322407,384.59488262322407,84.59488262322407,0.5838142272358372,0.6936984796971742,0
2026-01-02 22:45:00,ZONE_A,0,0.9937736,0.6589977,2314.4858,0.2998596,599.6361,599.936,1714.5497999999998,1,BATTERY_ALL,battery,CHARGE,300.0,395.3564441472,95.35644414720002,0.5716920724743771,0.6846510568043789,0
2026-01-02 22:45:00,ZONE_A,0,0.9937736,0.6589977,2314.4858,0.2998596,599.6361,599.936,1714.5497999999998,2,RENEWABLE_ALL,renewable,CURTAIL,95.35644414720002,395.3564441472,95.35644414720002,0.5716920724743771,0.6846510568043789,0
2026-01-02 23:00:00,ZONE_A,0,0.9937046,0.62356204,2308.4702,1.089345,601.694,602.7833,1705.6869000000002,1,BATTERY_ALL,battery,CHARGE,300.0,375.87278422593204,75.87278422593204,0.5644232858477229,0.6718155101862388,0
2026-01-02 23:00:00,ZONE_A,0,0.9937046,0.62356204,2308.4702,1.089345,601.694,602.7833,1705.6869000000002,2,RENEWABLE_ALL,renewable,CURTAIL,75.87278422593204,375.87278422593204,75.87278422593204,0.5644232858477229,0.6718155101862388,0
2026-01-02 23:15:00,ZONE_A,0,0.9937218,0.6322945,2334.2192,0.0493619,601.444,601.49335,1732.72585,1,BATTERY_ALL,battery,CHARGE,300.0,380.32093699157497,80.32093699157497,0.5904669213687384,0.6991300465012709,0
2026-01-02 23:15:00,ZONE_A,0,0.9937218,0.6322945,2334.2192,0.0493619,601.444,601.49335,1732.72585,2,RENEWABLE_ALL,renewable,CURTAIL,80.32093699157497,380.32093699157497,80.32093699157497,0.5904669213687384,0.6991300465012709,0
2026-01-02 23:30:00,ZONE_A,0,0.99662906,0.6472801,2299.4343,0.71506417,604.264,604.97906,1694.4552399999998,1,BATTERY_ALL,battery,CHARGE,300.0,391.59090645470604,91.59090645470604,0.5641595147721988,0.6760426311709445,0
2026-01-02 23:30:00,ZONE_A,0,0.99662906,0.6472801,2299.4343,0.71506417,604.264,604.97906,1694.4552399999998,2,RENEWABLE_ALL,renewable,CURTAIL,91.59090645470604,391.59090645470604,91.59090645470604,0.5641595147721988,0.6760426311709445,0
2026-01-03 00:00:00,ZONE_A,0,0.9966305,0.66242766,2317.5793,0.0,601.54175,601.54175,1716.03755,1,BATTERY_ALL,battery,CHARGE,300.0,398.47789384480495,98.47789384480495,0.5817947246807078,0.6956455517548887,0
2026-01-03 00:00:00,ZONE_A,0,0.9966305,0.66242766,2317.5793,0.0,601.54175,601.54175,1716.03755,2,RENEWABLE_ALL,renewable,CURTAIL,98.47789384480495,398.47789384480495,98.47789384480495,0.5817947246807078,0.6956455517548887,0
2026-01-03 00:15:00,ZONE_A,0,0.99643326,0.69105357,2279.489,0.0,600.4452,600.4452,1679.0438,1,BATTERY_ALL,battery,CHARGE,300.0,414.939799049364,114.93979904936401,0.5585644800948172,0.6771187086841217,0
2026-01-03 00:15:00,ZONE_A,0,0.99643326,0.69105357,2279.489,0.0,600.4452,600.4452,1679.0438,2,RENEWABLE_ALL,renewable,CURTAIL,114.93979904936401,414.939799049364,114.93979904936401,0.5585644800948172,0.6771187086841217,0
2026-01-03 00:30:00,ZONE_A,0,0.9967212,0.67740005,2295.9893,0.75790596,603.5297,604.28766,1691.7016400000002,1,BATTERY_ALL,battery,CHARGE,300.0,409.344491098383,109.344491098383,0.5702150758931019,0.6871706450466991,0
2026-01-03 00:30:00,ZONE_A,0,0.9967212,0.67740005,2295.9893,0.75790596,603.5297,604.28766,1691.7016400000002,2,RENEWABLE_ALL,renewable,CURTAIL,109.344491098383,409.344491098383,109.344491098383,0.5702150758931019,0.6871706450466991,0
2026-01-03 00:45:00,ZONE_A,0,0.9965318,0.6346904,2292.017,1.3491126,597.7856,599.1347,1692.8822999999998,1,BATTERY_ALL,battery,CHARGE,300.0,380.26504239687995,80.26504239687995,0.572222877249124,0.6808700324687303,0
2026-01-03 00:45:00,ZONE_A,0,0.9965318,0.6346904,2292.017,1.3491126,597.7856,599.1347,1692.8822999999998,2,RENEWABLE_ALL,renewable,CURTAIL,80.26504239687995,380.26504239687995,80.26504239687995,0.572222877249124,0.6808700324687303,0
2026-01-03 01:00:00,ZONE_A,0,0.9964623,0.79635406,2283.5884,0.0,597.6982,597.6982,1685.8902,1,BATTERY_ALL,battery,CHARGE,300.0,475.979388224692,175.979388224692,0.5620352200726879,0.6980293313192135,0
2026-01-03 01:00:00,ZONE_A,0,0.9964623,0.79635406,2283.5884,0.0,597.6982,597.6982,1685.8902,2,RENEWABLE_ALL,renewable,CURTAIL,175.979388224692,475.979388224692,175.979388224692,0.5620352200726879,0.6980293313192135,0
2026-01-03 01:15:00,ZONE_A,0,0.99763536,0.67109495,2291.5574,0.0,598.09015,598.09015,1693.46725,1,BATTERY_ALL,battery,CHARGE,300.0,401.3752793097425,101.3752793097425,0.5743743900710298,0.6890530415621705,0
2026-01-03 01:15:00,ZONE_A,0,0.99763536,0.67109495,2291.5574,0.0,598.09015,598.09015,1693.46725,2,RENEWABLE_ALL,renewable,CURTAIL,101.3752793097425,401.3752793097425,101.3752793097425,0.5743743900710298,0.6890530415621705,0
2026-01-03 01:30:00,ZONE_A,0,0.99662906,0.66302794,2291.8875,0.25457102,602.23895,602.4935,1689.3939999999998,1,BATTERY_ALL,battery,CHARGE,300.0,399.47002416839,99.47002416839001,0.567569157691766,0.6817034505768674,0
2026-01-03 01:30:00,ZONE_A,0,0.99662906,0.66302794,2291.8875,0.25457102,602.23895,602.4935,1689.3939999999998,2,RENEWABLE_ALL,renewable,CURTAIL,99.47002416839001,399.47002416839,99.47002416839001,0.567569157691766,0.6817034505768674,0
2026-01-03 01:45:00,ZONE_A,0,0.99662906,0.6765227,2291.5178,1.1816306,601.7959,602.97754,1688.5402600000002,1,BATTERY_ALL,battery,CHARGE,300.0,407.927993400158,107.92799340015802,0.5722681457264686,0.6888190012561136,0
2026-01-03 01:45:00,ZONE_A,0,0.99662906,0.6765227,2291.5178,1.1816306,601.7959,602.97754,1688.5402600000002,2,RENEWABLE_ALL,renewable,CURTAIL,107.92799340015802,407.927993400158,107.92799340015802,0.5722681457264686,0.6888190012561136,0
2026-01-03 02:00:00,ZONE_A,0,0.997198,0.5618314,2297.4285,0.0,601.87384,601.87384,1695.55466,1,BATTERY_ALL,battery,CHARGE,300.0,338.151622150576,38.151622150575975,0.5794135900395316,0.6760283394460098,0
2026-01-03 02:00:00,ZONE_A,0,0.997198,0.5618314,2297.4285,0.0,601.87384,601.87384,1695.55466,2,RENEWABLE_ALL,renewable,CURTAIL,38.151622150575975,338.151622150576,38.151622150575975,0.5794135900395316,0.6760283394460098,0
2026-01-03 02:15:00,ZONE_A,0,0.9966377,0.7064062,2284.2175,0.0,599.4135,599.4135,1684.804,1,BATTERY_ALL,battery,CHARGE,300.0,423.4294127637,123.42941276369999,0.5680522969933179,0.6890321294957579,0
2026-01-03 02:15:00,ZONE_A,0,0.9966377,0.7064062,2284.2175,0.0,599.4135,599.4135,1684.804,2,RENEWABLE_ALL,renewable,CURTAIL,123.42941276369999,423.4294127637,123.42941276369999,0.5680522969933179,0.6890321294957579,0
2026-01-03 02:30:00,ZONE_A,0,0.99662906,0.73539317,2290.8352,0.6276707,600.652,601.27966,1689.5555399999998,1,BATTERY_ALL,battery,CHARGE,300.0,442.1769552239223,142.17695522392228,0.5615353224190541,0.6878715956323284,0
2026-01-03 02:30:00,ZONE_A,0,0.99662906,0.73539317,2290.8352,0.6276707,600.652,601.27966,1689.5555399999998,2,RENEWABLE_ALL,renewable,CURTAIL,142.17695522392228,442.1769552239223,142.17695522392228,0.5615353224190541,0.6878715956323284,0
2026-01-03 02:45:00,ZONE_A,0,0.9966377,0.7112363,2285.038,1.1816306,600.652,601.8336,1683.2044,1,BATTERY_ALL,battery,CHARGE,300.0,428.04590287968006,128.04590287968006,0.5613956478617163,0.6836944775418347,0
2026-01-03 02:45:00,ZONE_A,0,0.9966377,0.7112363,2285.038,1.1816306,600.652,601.8336,1683.2044,2,RENEWABLE_ALL,renewable,CURTAIL,128.04590287968006,428.04590287968006,128.04590287968006,0.5613956478617163,0.6836944775418347,0
2026-01-03 03:30:00,ZONE_A,0,0.997198,0.605965,2289.2686,0.5570134,601.9932,602.55023,1686.7183699999998,1,BATTERY_ALL,battery,CHARGE,300.0,365.12435012195004,65.12435012195004,0.5684561131174526,0.6727773562473622,0
2026-01-03 03:30:00,ZONE_A,0,0.997198,0.605965,2289.2686,0.5570134,601.9932,602.55023,1686.7183699999998,2,RENEWABLE_ALL,renewable,CURTAIL,65.12435012195004,365.12435012195004,65.12435012195004,0.5684561131174526,0.6727773562473622,0
2026-01-03 03:45:00,ZONE_A,0,0.9978947,0.57150006,2284.791,1.4415702,602.5257,603.9673,1680.8237,1,BATTERY_ALL,battery,CHARGE,300.0,345.167348188038,45.16734818803798,0.5676562719396118,0.6662755145038991,0
2026-01-03 03:45:00,ZONE_A,0,0.9978947,0.57150006,2284.791,1.4415702,602.5257,603.9673,1680.8237,2,RENEWABLE_ALL,renewable,CURTAIL,45.16734818803798,345.167348188038,45.16734818803798,0.5676562719396118,0.6662755145038991,0
2026-01-03 04:15:00,ZONE_A,0,0.97138625,0.6649048,2282.3665,5.765164,599.11096,604.8761,1677.4904,1,BATTERY_ALL,battery,CHARGE,300.0,402.18502229527996,102.18502229527996,0.5654504019162084,0.6803604085567093,0
2026-01-03 04:15:00,ZONE_A,0,0.97138625,0.6649048,2282.3665,5.765164,599.11096,604.8761,1677.4904,2,RENEWABLE_ALL,renewable,CURTAIL,102.18502229527996,402.18502229527996,102.18502229527996,0.5654504019162084,0.6803604085567093,0
2026-01-03 04:30:00,ZONE_A,0,0.93001294,0.67031026,2285.6143,10.385607,600.51935,610.90497,1674.70933,1,BATTERY_ALL,battery,CHARGE,300.0,409.4958692759923,109.49586927599228,0.5659859016382757,0.6829847217025331,0
2026-01-03 04:30:00,ZONE_A,0,0.93001294,0.67031026,2285.6143,10.385607,600.51935,610.90497,1674.70933,2,RENEWABLE_ALL,renewable,CURTAIL,109.49586927599228,409.4958692759923,109.49586927599228,0.5659859016382757,0.6829847217025331,0
2026-01-03 04:45:00,ZONE_A,0,0.9963942,0.5426611,2279.564,1.370913,603.8262,605.1971,1674.3669,1,BATTERY_ALL,battery,CHARGE,300.0,328.41692400281,28.416924002809992,0.5655534222005422,0.6593868292755222,0
2026-01-03 04:45:00,ZONE_A,0,0.9963942,0.5426611,2279.564,1.370913,603.8262,605.1971,1674.3669,2,RENEWABLE_ALL,renewable,CURTAIL,28.416924002809992,328.41692400281,28.416924002809992,0.5655534222005422,0.6593868292755222,0
2026-01-03 05:00:00,ZONE_A,0,0.99596715,0.8337823,2590.5269,0.0,597.18207,597.18207,1993.34483,1,BATTERY_ALL,battery,CHARGE,300.0,497.91983984336093,197.91983984336093,0.6346325017968668,0.7768953135073353,0
2026-01-03 05:00:00,ZONE_A,0,0.99596715,0.8337823,2590.5269,0.0,597.18207,597.18207,1993.34483,2,RENEWABLE_ALL,renewable,CURTAIL,197.91983984336093,497.91983984336093,197.91983984336093,0.6346325017968668,0.7768953135073353,0
2026-01-03 05:15:00,ZONE_A,0,0.9961422,0.7788749,2578.977,0.0,598.8266,598.8266,1980.1504,1,BATTERY_ALL,battery,CHARGE,300.0,466.41100819234003,166.41100819234003,0.631319111368339,0.7645793997299563,0
2026-01-03 05:15:00,ZONE_A,0,0.9961422,0.7788749,2578.977,0.0,598.8266,598.8266,1980.1504,2,RENEWABLE_ALL,renewable,CURTAIL,166.41100819234003,466.41100819234003,166.41100819234003,0.631319111368339,0.7645793997299563,0
2026-01-03 05:30:00,ZONE_A,0,0.89835787,0.6390256,2602.353,10.385607,600.5005,610.8861,1991.4669,1,BATTERY_ALL,battery,CHARGE,300.0,390.37185658416,90.37185658416001,0.64665806970168,0.7581928861255672,0
2026-01-03 05:30:00,ZONE_A,0,0.89835787,0.6390256,2602.353,10.385607,600.5005,610.8861,1991.4669,2,RENEWABLE_ALL,renewable,CURTAIL,90.37185658416001,390.37185658416,90.37185658416001,0.64665806970168,0.7581928861255672,0
2026-01-03 05:45:00,ZONE_A,0,0.9794389,0.84319913,2617.201,1.4415702,577.624,579.0656,2038.1354,1,BATTERY_ALL,battery,CHARGE,300.0,488.26761013292804,188.26761013292804,0.6419597876164232,0.7814648194040839,0
2026-01-03 05:45:00,ZONE_A,0,0.9794389,0.84319913,2617.201,1.4415702,577.624,579.0656,2038.1354,2,RENEWABLE_ALL,renewable,CURTAIL,188.26761013292804,488.26761013292804,188.26761013292804,0.6419597876164232,0.7814648194040839,0
2026-01-03 06:15:00,ZONE_A,1,0.99556017,0.7035186,2736.627,22.793655,598.2502,621.0438,2115.5832,1,BATTERY_ALL,battery,CHARGE,300.0,436.91586471468,136.91586471468003,0.6750791808221489,0.7999122853649371,0
2026-01-03 06:15:00,ZONE_A,1,0.99556017,0.7035186,2736.627,22.793655,598.2502,621.0438,2115.5832,2,RENEWABLE_ALL,renewable,CURTAIL,136.91586471468003,436.91586471468,136.91586471468003,0.6750791808221489,0.7999122853649371,0
2026-01-03 06:30:00,ZONE_A,1,0.9950547,0.57131344,2729.4036,64.23664,573.3874,637.624,2091.7796,1,BATTERY_ALL,battery,CHARGE,300.0,364.28316086655997,64.28316086655997,0.6702297970923341,0.774310700491627,0
2026-01-03 06:30:00,ZONE_A,1,0.9950547,0.57131344,2729.4036,64.23664,573.3874,637.624,2091.7796,2,RENEWABLE_ALL,renewable,CURTAIL,64.28316086655997,364.28316086655997,64.28316086655997,0.6702297970923341,0.774310700491627,0
2026-01-03 06:45:00,ZONE_A,1,0.9940713,0.53080964,2754.0647,68.545586,429.4137,497.9593,2256.1054,1,BATTERY_ALL,battery,CHARGE,264.32159676765195,264.32159676765195,0.0,0.6765763457925,0.7520968022227564,0
2026-01-03 07:00:00,ZONE_A,1,0.9779766,0.553506,2799.6,138.2638,475.28885,613.5526,2186.0474,1,BATTERY_ALL,battery,CHARGE,300.0,339.60504541560005,39.605045415600046,0.6839715618813202,0.7810015751484792,0
2026-01-03 07:00:00,ZONE_A,1,0.9779766,0.553506,2799.6,138.2638,475.28885,613.5526,2186.0474,2,RENEWABLE_ALL,renewable,CURTAIL,39.605045415600046,339.60504541560005,39.605045415600046,0.6839715618813202,0.7810015751484792,0
2026-01-03 07:30:00,ZONE_A,2,0.98463666,0.6092116,2860.829,196.55952,513.93805,710.49756,2150.33144,1,BATTERY_ALL,battery,CHARGE,300.0,432.84335532369596,132.84335532369596,0.7132687349396699,0.8369382654071718,0
2026-01-03 07:30:00,ZONE_A,2,0.98463666,0.6092116,2860.829,196.55952,513.93805,710.49756,2150.33144,2,RENEWABLE_ALL,renewable,CURTAIL,132.84335532369596,432.84335532369596,132.84335532369596,0.7132687349396699,0.8369382654071718,0
2026-01-03 08:15:00,ZONE_A,2,0.96566606,0.6566856,2955.2715,282.05063,410.18365,692.23425,2263.03725,1,BATTERY_ALL,battery,CHARGE,300.0,454.58026380179996,154.58026380179996,0.7360540953892435,0.8659341711822804,0
2026-01-03 08:15:00,ZONE_A,2,0.96566606,0.6566856,2955.2715,282.05063,410.18365,692.23425,2263.03725,2,RENEWABLE_ALL,renewable,CURTAIL,154.58026380179996,454.58026380179996,154.58026380179996,0.7360540953892435,0.8659341711822804,0
2026-01-03 08:30:00,ZONE_A,2,0.9062309,0.63878095,2981.4365,323.5537,526.9717,850.5254,2130.9111,1,BATTERY_ALL,battery,CHARGE,300.0,543.29942301113,243.29942301113,0.7484484705494401,0.903676877665421,0
2026-01-03 08:30:00,ZONE_A,2,0.9062309,0.63878095,2981.4365,323.5537,526.9717,850.5254,2130.9111,2,RENEWABLE_ALL,renewable,CURTAIL,243.29942301113,543.29942301113,243.29942301113,0.7484484705494401,0.903676877665421,0
2026-01-03 08:45:00,ZONE_A,2,0.7800351,0.60859656,3018.405,324.4536,485.19534,809.6489,2208.7561,1,BATTERY_ALL,battery,CHARGE,300.0,492.749535347784,192.749535347784,0.7482930925753145,0.8890786746090084,0
2026-01-03 08:45:00,ZONE_A,2,0.7800351,0.60859656,3018.405,324.4536,485.19534,809.6489,2208.7561,2,RENEWABLE_ALL,renewable,CURTAIL,192.749535347784,492.749535347784,192.749535347784,0.7482930925753145,0.8890786746090084,0
2026-01-03 09:00:00,ZONE_A,1,0.96497405,0.6712185,2696.7676,393.4947,383.64325,777.13794,1919.62966,1,BATTERY_ALL,battery,CHARGE,300.0,521.62936237989,221.62936237989004,0.6632250869677797,0.8122620482271984,0
2026-01-03 09:00:00,ZONE_A,1,0.96497405,0.6712185,2696.7676,393.4947,383.64325,777.13794,1919.62966,2,RENEWABLE_ALL,renewable,CURTAIL,221.62936237989004,521.62936237989,221.62936237989004,0.6632250869677797,0.8122620482271984,0
2026-01-03 10:15:00,ZONE_A,1,0.97938836,0.54833823,2701.3003,438.8614,255.70953,694.5709,2006.7294,1,BATTERY_ALL,battery,CHARGE,300.0,380.85977791550704,80.85977791550704,0.6687797141353136,0.77759679387045,0
2026-01-03 10:15:00,ZONE_A,1,0.97938836,0.54833823,2701.3003,438.8614,255.70953,694.5709,2006.7294,2,RENEWABLE_ALL,renewable,CURTAIL,80.85977791550704,380.85977791550704,80.85977791550704,0.6687797141353136,0.77759679387045,0
2026-01-03 10:30:00,ZONE_A,1,0.9770329,0.51682246,2684.2317,429.00873,291.77557,720.7843,1963.4474,1,BATTERY_ALL,battery,CHARGE,300.0,372.517515055378,72.517515055378,0.6595065799437804,0.765940156051576,0
2026-01-03 10:30:00,ZONE_A,1,0.9770329,0.51682246,2684.2317,429.00873,291.77557,720.7843,1963.4474,2,RENEWABLE_ALL,renewable,CURTAIL,72.517515055378,372.517515055378,72.517515055378,0.6595065799437804,0.765940156051576,0
2026-01-03 10:45:00,ZONE_A,1,0.8288633,0.78689957,2734.9023,480.22968,279.8675,760.09717,1974.80513,1,BATTERY_ALL,battery,CHARGE,300.0,598.1201362312169,298.12013623121686,0.6855525144603358,0.8564439824807429,0
2026-01-03 10:45:00,ZONE_A,1,0.8288633,0.78689957,2734.9023,480.22968,279.8675,760.09717,1974.80513,2,RENEWABLE_ALL,renewable,CURTAIL,298.12013623121686,598.1201362312169,298.12013623121686,0.6855525144603358,0.8564439824807429,0
2026-01-03 11:00:00,ZONE_A,1,0.97643375,0.7363487,2706.9846,495.05664,162.0162,657.0729,2049.9117,1,BATTERY_ALL,battery,CHARGE,300.0,483.83477572022997,183.83477572022997,0.6628797559824261,0.8011182637405596,0
2026-01-03 11:00:00,ZONE_A,1,0.97643375,0.7363487,2706.9846,495.05664,162.0162,657.0729,2049.9117,2,RENEWABLE_ALL,renewable,CURTAIL,183.83477572022997,483.83477572022997,183.83477572022997,0.6628797559824261,0.8011182637405596,0
2026-01-03 11:15:00,ZONE_A,1,0.9734441,0.7838736,2691.4155,545.33075,126.373695,671.70447,2019.71103,1,BATTERY_ALL,battery,CHARGE,300.0,526.531401034992,226.53140103499197,0.6711695244779814,0.8216070680850281,0
2026-01-03 11:15:00,ZONE_A,1,0.9734441,0.7838736,2691.4155,545.33075,126.373695,671.70447,2019.71103,2,RENEWABLE_ALL,renewable,CURTAIL,226.53140103499197,526.531401034992,226.53140103499197,0.6711695244779814,0.8216070680850281,0
2026-01-03 11:30:00,ZONE_A,1,0.9376491,0.7324484,2714.0735,569.15546,254.30167,823.45715,1890.61635,1,BATTERY_ALL,battery,CHARGE,300.0,603.1398719860599,303.1398719860599,0.6780961808181692,0.8504218590345779,0
2026-01-03 11:30:00,ZONE_A,1,0.9376491,0.7324484,2714.0735,569.15546,254.30167,823.45715,1890.61635,2,RENEWABLE_ALL,renewable,CURTAIL,303.1398719860599,603.1398719860599,303.1398719860599,0.6780961808181692,0.8504218590345779,0
2026-01-03 11:45:00,ZONE_A,1,0.7512829,0.9089789,2731.152,588.7231,235.87822,824.6013,1906.5507,1,BATTERY_ALL,battery,CHARGE,300.0,749.5451826125701,449.5451826125701,0.6960083502338789,0.9101641173756673,0
2026-01-03 11:45:00,ZONE_A,1,0.7512829,0.9089789,2731.152,588.7231,235.87822,824.6013,1906.5507,2,RENEWABLE_ALL,renewable,CURTAIL,449.5451826125701,749.5451826125701,449.5451826125701,0.6960083502338789,0.9101641173756673,0
2026-01-03 12:00:00,ZONE_A,1,0.9668137,0.83434755,2684.7947,616.05676,246.60143,862.6582,1822.1365,1,BATTERY_ALL,battery,CHARGE,300.0,719.75675565741,419.75675565741005,0.6756437467247984,0.8812885346654913,0
2026-01-03 12:00:00,ZONE_A,1,0.9668137,0.83434755,2684.7947,616.05676,246.60143,862.6582,1822.1365,2,RENEWABLE_ALL,renewable,CURTAIL,419.75675565741005,719.75675565741,419.75675565741005,0.6756437467247984,0.8812885346654913,0
2026-01-03 12:15:00,ZONE_A,1,0.97620654,0.92668045,2674.658,579.5095,237.82413,817.3336,1857.3244,1,BATTERY_ALL,battery,CHARGE,300.0,757.40706824812,457.40706824812,0.6717392287659419,0.8881412489235008,0
2026-01-03 12:15:00,ZONE_A,1,0.97620654,0.92668045,2674.658,579.5095,237.82413,817.3336,1857.3244,2,RENEWABLE_ALL,renewable,CURTAIL,457.40706824812,757.40706824812,457.40706824812,0.6717392287659419,0.8881412489235008,0
2026-01-03 12:30:00,ZONE_A,1,0.92558855,0.8632793,2693.7324,602.15155,272.97787,875.1294,1818.603,1,BATTERY_ALL,battery,CHARGE,300.0,755.48109584142,455.48109584142003,0.6810287914626203,0.8968805338021447,0
2026-01-03 12:30:00,ZONE_A,1,0.92558855,0.8632793,2693.7324,602.15155,272.97787,875.1294,1818.603,2,RENEWABLE_ALL,renewable,CURTAIL,455.48109584142003,755.48109584142,455.48109584142003,0.6810287914626203,0.8968805338021447,0
2026-01-03 12:45:00,ZONE_A,1,0.9706072,0.8632793,2684.2275,623.3019,243.16882,866.4707,1817.7568,1,BATTERY_ALL,battery,CHARGE,300.0,748.00621936651,448.00621936651,0.6795481595719894,0.8932642229511678,0
2026-01-03 12:45:00,ZONE_A,1,0.9706072,0.8632793,2684.2275,623.3019,243.16882,866.4707,1817.7568,2,RENEWABLE_ALL,renewable,CURTAIL,448.00621936651,748.00621936651,448.00621936651,0.6795481595719894,0.8932642229511678,0
2026-01-03 13:00:00,ZONE_A,2,0.63231725,0.92006963,2743.778,538.07434,243.18663,781.261,1962.517,1,BATTERY_ALL,battery,CHARGE,300.0,718.81451920343,418.81451920343,0.7077522388881297,0.9131278164365744,0
2026-01-03 13:00:00,ZONE_A,2,0.63231725,0.92006963,2743.778,538.07434,243.18663,781.261,1962.517,2,RENEWABLE_ALL,renewable,CURTAIL,418.81451920343,718.81451920343,418.81451920343,0.7077522388881297,0.9131278164365744,0
2026-01-03 13:15:00,ZONE_A,1,0.973471,0.88302994,2688.7139,532.63806,225.58453,758.2226,1930.4913,1,BATTERY_ALL,battery,CHARGE,300.0,669.533256984644,369.533256984644,0.6664442918197259,0.8577395086838066,0
2026-01-03 13:15:00,ZONE_A,1,0.973471,0.88302994,2688.7139,532.63806,225.58453,758.2226,1930.4913,2,RENEWABLE_ALL,renewable,CURTAIL,369.533256984644,669.533256984644,369.533256984644,0.6664442918197259,0.8577395086838066,0
2026-01-03 13:30:00,ZONE_A,1,0.9833161,0.8151708,2680.3623,547.2975,196.2241,743.5216,1936.8407,1,BATTERY_ALL,battery,CHARGE,300.0,606.09709748928,306.09709748928003,0.6723732723699108,0.8455438721954657,0
2026-01-03 13:30:00,ZONE_A,1,0.9833161,0.8151708,2680.3623,547.2975,196.2241,743.5216,1936.8407,2,RENEWABLE_ALL,renewable,CURTAIL,306.09709748928003,606.09709748928,306.09709748928003,0.6723732723699108,0.8455438721954657,0
2026-01-03 13:45:00,ZONE_A,1,0.97041106,0.8701215,2691.118,493.26285,200.91096,694.1738,1996.9442,1,BATTERY_ALL,battery,CHARGE,300.0,604.0155481167001,304.0155481167001,0.6733869983736168,0.8459628698026419,0
2026-01-03 13:45:00,ZONE_A,1,0.97041106,0.8701215,2691.118,493.26285,200.91096,694.1738,1996.9442,2,RENEWABLE_ALL,renewable,CURTAIL,304.0155481167001,604.0155481167001,304.0155481167001,0.6733869983736168,0.8459628698026419,0
2026-01-03 14:00:00,ZONE_A,1,0.72910494,0.75622344,2740.4553,450.38226,217.65405,668.0363,2072.419,1,BATTERY_ALL,battery,CHARGE,300.0,505.18470883087195,205.18470883087195,0.7015969089676235,0.8459353976989064,0
2026-01-03 14:00:00,ZONE_A,1,0.72910494,0.75622344,2740.4553,450.38226,217.65405,668.0363,2072.419,2,RENEWABLE_ALL,renewable,CURTAIL,205.18470883087195,505.18470883087195,205.18470883087195,0.7015969089676235,0.8459353976989064,0
2026-01-03 14:15:00,ZONE_A,1,0.9700126,0.76610976,2689.7622,428.23926,197.36604,625.6053,2064.1569,1,BATTERY_ALL,battery,CHARGE,300.0,479.282326237728,179.282326237728,0.661992763601359,0.7989305715083922,0
2026-01-03 14:15:00,ZONE_A,1,0.9700126,0.76610976,2689.7622,428.23926,197.36604,625.6053,2064.1569,2,RENEWABLE_ALL,renewable,CURTAIL,179.282326237728,479.282326237728,179.282326237728,0.661992763601359,0.7989305715083922,0
2026-01-03 14:30:00,ZONE_A,1,0.97074336,0.7519567,2686.8513,400.41342,199.54356,599.957,2086.8943,1,BATTERY_ALL,battery,CHARGE,300.0,451.14168586190004,151.14168586190004,0.6517199134318723,0.780617538357272,0
2026-01-03 14:30:00,ZONE_A,1,0.97074336,0.7519567,2686.8513,400.41342,199.54356,599.957,2086.8943,2,RENEWABLE_ALL,renewable,CURTAIL,151.14168586190004,451.14168586190004,151.14168586190004,0.6517199134318723,0.780617538357272,0
2026-01-03 14:45:00,ZONE_A,1,0.98076427,0.7010921,2695.484,375.19302,190.75034,565.94336,2129.54064,1,BATTERY_ALL,battery,CHARGE,300.0,396.778418743456,96.77841874345597,0.6574135458255186,0.7707788086707424,0
2026-01-03 14:45:00,ZONE_A,1,0.98076427,0.7010921,2695.484,375.19302,190.75034,565.94336,2129.54064,2,RENEWABLE_ALL,renewable,CURTAIL,96.77841874345597,396.778418743456,96.77841874345597,0.6574135458255186,0.7707788086707424,0
2026-01-03 15:00:00,ZONE_A,1,0.9733015,0.6744132,2793.7683,307.56705,228.42105,535.9881,2257.7802,1,BATTERY_ALL,battery,CHARGE,300.0,361.47744968292005,61.47744968292005,0.6817243686068103,0.7850036402908941,0
2026-01-03 15:00:00,ZONE_A,1,0.9733015,0.6744132,2793.7683,307.56705,228.42105,535.9881,2257.7802,2,RENEWABLE_ALL,renewable,CURTAIL,61.47744968292005,361.47744968292005,61.47744968292005,0.6817243686068103,0.7850036402908941,0
2026-01-04 09:15:00,ZONE_A,1,0.9536608,0.6151321,2709.9614,323.72787,135.03413,458.76202,2251.19938,1,BATTERY_ALL,battery,CHARGE,282.199244762842,282.199244762842,0.0,0.6659074483936072,0.7465358043450565,0
2026-01-04 09:45:00,ZONE_A,0,0.7181146,0.5185213,2687.1938,319.56973,122.87397,442.4437,2244.7501,1,BATTERY_ALL,battery,CHARGE,229.41648250080996,229.41648250080996,0.0,0.6449904072712476,0.7105379739674514,0
2026-01-04 10:00:00,ZONE_A,0,0.74416894,0.5455657,2681.6113,319.15677,116.39873,435.55548,2246.05582,1,BATTERY_ALL,battery,CHARGE,237.624130335036,237.624130335036,0.0,0.6457194492142873,0.7136120580793307,0
2026-01-04 10:15:00,ZONE_A,1,0.94890827,0.58248156,2699.4016,338.71448,167.10796,505.82245,2193.57915,1,BATTERY_ALL,battery,CHARGE,294.632249759022,294.632249759022,0.0,0.6513636625970151,0.735544305637275,0
2026-01-04 10:30:00,ZONE_A,1,0.9794616,0.5118127,2741.7114,347.20758,196.79115,543.9987,2197.7127,1,BATTERY_ALL,battery,CHARGE,278.42544344349,278.42544344349,0.0,0.6839028721354617,0.7634529990611835,0
2026-01-04 10:45:00,ZONE_A,1,0.98684794,0.51950216,2699.2004,350.66937,256.65192,607.3213,2091.8791,1,BATTERY_ALL,battery,CHARGE,300.0,315.504727164008,15.504727164007988,0.6565072399267012,0.7466514479417669,0
2026-01-04 10:45:00,ZONE_A,1,0.98684794,0.51950216,2699.2004,350.66937,256.65192,607.3213,2091.8791,2,RENEWABLE_ALL,renewable,CURTAIL,15.504727164007988,315.504727164008,15.504727164007988,0.6565072399267012,0.7466514479417669,0
2026-01-04 11:00:00,ZONE_A,1,0.97130233,0.5871525,2672.6858,366.6078,178.69028,545.2981,2127.3877,1,BATTERY_ALL,battery,CHARGE,300.0,320.17314266025,20.173142660249994,0.6610225154005871,0.7525005564188664,0
2026-01-04 11:00:00,ZONE_A,1,0.97130233,0.5871525,2672.6858,366.6078,178.69028,545.2981,2127.3877,2,RENEWABLE_ALL,renewable,CURTAIL,20.173142660249994,320.17314266025,20.173142660249994,0.6610225154005871,0.7525005564188664,0
2026-01-04 11:30:00,ZONE_A,1,0.97204226,0.51682246,2705.4214,396.06082,275.2601,671.3209,2034.1005,1,BATTERY_ALL,battery,CHARGE,300.0,346.953718987414,46.95371898741399,0.6702184336646465,0.7693480679746555,0
2026-01-04 11:30:00,ZONE_A,1,0.97204226,0.51682246,2705.4214,396.06082,275.2601,671.3209,2034.1005,2,RENEWABLE_ALL,renewable,CURTAIL,46.95371898741399,346.953718987414,46.95371898741399,0.6702184336646465,0.7693480679746555,0
2026-01-04 12:30:00,ZONE_A,1,0.98235303,0.54833823,2680.1675,422.49286,273.56046,696.05334,1984.11416,1,BATTERY_ALL,battery,CHARGE,300.0,381.6726564411883,81.67265644118828,0.676317071664851,0.7853664024072905,0
2026-01-04 12:30:00,ZONE_A,1,0.98235303,0.54833823,2680.1675,422.49286,273.56046,696.05334,1984.11416,2,RENEWABLE_ALL,renewable,CURTAIL,81.67265644118828,381.6726564411883,81.67265644118828,0.676317071664851,0.7853664024072905,0
2026-01-04 13:00:00,ZONE_A,1,0.9459353,0.5145275,2690.0935,443.40887,316.79294,760.2018,1929.8917,1,BATTERY_ALL,battery,CHARGE,300.0,391.14473164950005,91.14473164950005,0.6860445167720669,0.7978001547137304,0
2026-01-04 13:00:00,ZONE_A,1,0.9459353,0.5145275,2690.0935,443.40887,316.79294,760.2018,1929.8917,2,RENEWABLE_ALL,renewable,CURTAIL,91.14473164950005,391.14473164950005,91.14473164950005,0.6860445167720669,0.7978001547137304,0
2026-01-04 13:15:00,ZONE_A,1,0.9712323,0.61077946,2687.8242,411.1655,403.97433,815.13983,1872.68437,1,BATTERY_ALL,battery,CHARGE,300.0,497.8706651918918,197.87066519189182,0.6828982912631114,0.8251470531786905,0
2026-01-04 13:15:00,ZONE_A,1,0.9712323,0.61077946,2687.8242,411.1655,403.97433,815.13983,1872.68437,2,RENEWABLE_ALL,renewable,CURTAIL,197.87066519189182,497.8706651918918,197.87066519189182,0.6828982912631114,0.8251470531786905,0
2026-01-04 13:30:00,ZONE_A,1,0.9832343,0.5134341,2680.1077,353.80862,384.51337,738.322,1941.7857,1,BATTERY_ALL,battery,CHARGE,300.0,379.0796915802,79.0796915802,0.6687851184064006,0.7770936020496421,0
2026-01-04 13:30:00,ZONE_A,1,0.9832343,0.5134341,2680.1077,353.80862,384.51337,738.322,1941.7857,2,RENEWABLE_ALL,renewable,CURTAIL,79.0796915802,379.0796915802,79.0796915802,0.6687851184064006,0.7770936020496421,0
2026-01-04 14:00:00,ZONE_A,1,0.9744624,0.64472795,2688.7856,301.59424,516.40216,817.9964,1870.7892,1,BATTERY_ALL,battery,CHARGE,300.0,527.38514207938,227.38514207938,0.6685668966820066,0.8192483663274891,0
2026-01-04 14:00:00,ZONE_A,1,0.9744624,0.64472795,2688.7856,301.59424,516.40216,817.9964,1870.7892,2,RENEWABLE_ALL,renewable,CURTAIL,227.38514207938,527.38514207938,227.38514207938,0.6685668966820066,0.8192483663274891,0
2026-01-04 14:15:00,ZONE_A,1,0.96649754,0.6033181,2667.5457,300.3215,540.0439,840.36536,1827.18034,1,BATTERY_ALL,battery,CHARGE,300.0,507.007632301016,207.00763230101597,0.6645555629474229,0.8094148869188219,0
2026-01-04 14:15:00,ZONE_A,1,0.96649754,0.6033181,2667.5457,300.3215,540.0439,840.36536,1827.18034,2,RENEWABLE_ALL,renewable,CURTAIL,207.00763230101597,507.007632301016,207.00763230101597,0.6645555629474229,0.8094148869188219,0
2026-01-04 14:30:00,ZONE_A,1,0.9422108,0.6093418,2695.113,247.7564,585.9322,833.6886,1861.4244,1,BATTERY_ALL,battery,CHARGE,300.0,508.00131216348,208.00131216348,0.6753708191754176,0.820514051660341,0
2026-01-04 14:30:00,ZONE_A,1,0.9422108,0.6093418,2695.113,247.7564,585.9322,833.6886,1861.4244,2,RENEWABLE_ALL,renewable,CURTAIL,208.00131216348,508.00131216348,208.00131216348,0.6753708191754176,0.820514051660341,0
2026-01-04 14:45:00,ZONE_A,1,0.9557795,0.579035,2699.256,243.47505,569.7334,813.20844,1886.04756,1,BATTERY_ALL,battery,CHARGE,300.0,470.8761490554,170.8761490554,0.6844700070347031,0.8190060500230836,0
2026-01-04 14:45:00,ZONE_A,1,0.9557795,0.579035,2699.256,243.47505,569.7334,813.20844,1886.04756,2,RENEWABLE_ALL,renewable,CURTAIL,170.8761490554,470.8761490554,170.8761490554,0.6844700070347031,0.8190060500230836,0
2026-01-04 15:00:00,ZONE_A,2,0.7055534,0.6706631,2788.629,221.22646,586.0851,807.3115,1981.3175,1,BATTERY_ALL,battery,CHARGE,300.0,541.43403325565,241.43403325564998,0.7082199661795479,0.8629154047193378,0
2026-01-04 15:00:00,ZONE_A,2,0.7055534,0.6706631,2788.629,221.22646,586.0851,807.3115,1981.3175,2,RENEWABLE_ALL,renewable,CURTAIL,241.43403325564998,541.43403325565,241.43403325564998,0.7082199661795479,0.8629154047193378,0
2026-01-04 15:15:00,ZONE_A,1,0.8653283,0.52283305,2784.5212,203.06757,547.32385,750.3914,2034.1298,1,BATTERY_ALL,battery,CHARGE,300.0,392.32942435577,92.32942435577002,0.6930520168895262,0.805146138468198,0
2026-01-04 15:15:00,ZONE_A,1,0.8653283,0.52283305,2784.5212,203.06757,547.32385,750.3914,2034.1298,2,RENEWABLE_ALL,renewable,CURTAIL,92.32942435577002,392.32942435577,92.32942435577002,0.6930520168895262,0.805146138468198,0
2026-01-04 15:30:00,ZONE_A,1,0.8797952,0.50273466,2786.6306,167.80586,521.8701,689.67596,2096.95464,1,BATTERY_ALL,battery,CHARGE,300.0,346.72400926077364,46.72400926077364,0.6865589606738206,0.7856229636249163,0
2026-01-04 15:30:00,ZONE_A,1,0.8797952,0.50273466,2786.6306,167.80586,521.8701,689.67596,2096.95464,2,RENEWABLE_ALL,renewable,CURTAIL,46.72400926077364,346.72400926077364,46.72400926077364,0.6865589606738206,0.7856229636249163,0
2026-01-04 16:00:00,ZONE_A,1,0.7503291,0.6165901,2803.2202,107.13637,599.09515,706.2315,2096.9887000000003,1,BATTERY_ALL,battery,CHARGE,300.0,435.45535120815003,135.45535120815003,0.7017414087489604,0.8261572238062633,0
2026-01-04 16:00:00,ZONE_A,1,0.7503291,0.6165901,2803.2202,107.13637,599.09515,706.2315,2096.9887000000003,2,RENEWABLE_ALL,renewable,CURTAIL,135.45535120815003,435.45535120815003,135.45535120815003,0.7017414087489604,0.8261572238062633,0
2026-01-04 16:15:00,ZONE_A,1,0.9696,0.5116318,2797.883,79.338295,584.3572,663.6955,2134.1875,1,BATTERY_ALL,battery,CHARGE,300.0,339.5677233169,39.567723316900015,0.689640841218268,0.7866601910534597,0
2026-01-04 16:15:00,ZONE_A,1,0.9696,0.5116318,2797.883,79.338295,584.3572,663.6955,2134.1875,2,RENEWABLE_ALL,renewable,CURTAIL,39.567723316900015,339.5677233169,39.567723316900015,0.689640841218268,0.7866601910534597,0
2026-01-04 16:30:00,ZONE_A,1,0.96346873,0.5246781,2802.7524,56.481876,588.2473,644.7292,2158.0232,1,BATTERY_ALL,battery,CHARGE,300.0,338.27529167052,38.275291670520005,0.6948556279909873,0.7915057116337733,0
2026-01-04 16:30:00,ZONE_A,1,0.96346873,0.5246781,2802.7524,56.481876,588.2473,644.7292,2158.0232,2,RENEWABLE_ALL,renewable,CURTAIL,38.275291670520005,338.27529167052,38.275291670520005,0.6948556279909873,0.7915057116337733,0
2026-01-04 16:45:00,ZONE_A,1,0.97969204,0.5116318,2797.338,39.51225,587.0985,626.6108,2170.7272000000003,1,BATTERY_ALL,battery,CHARGE,300.0,320.59401150344,20.594011503440015,0.6835030630139499,0.7751013523211288,0
2026-01-04 16:45:00,ZONE_A,1,0.97969204,0.5116318,2797.338,39.51225,587.0985,626.6108,2170.7272000000003,2,RENEWABLE_ALL,renewable,CURTAIL,20.594011503440015,320.59401150344,20.594011503440015,0.6835030630139499,0.7751013523211288,0
2026-01-04 17:00:00,ZONE_A,1,0.98505014,0.6084966,2808.8293,0.0,579.81256,579.81256,2229.01674,1,BATTERY_ALL,battery,CHARGE,300.0,352.81397139729603,52.81397139729603,0.6857043608864865,0.7865083530522604,0
2026-01-04 17:00:00,ZONE_A,1,0.98505014,0.6084966,2808.8293,0.0,579.81256,579.81256,2229.01674,2,RENEWABLE_ALL,renewable,CURTAIL,52.81397139729603,352.81397139729603,52.81397139729603,0.6857043608864865,0.7865083530522604,0
2026-01-04 17:15:00,ZONE_A,1,0.9868492,0.6084966,2791.0745,0.0,577.7066,577.7066,2213.3679,1,BATTERY_ALL,battery,CHARGE,300.0,351.53250189756,51.532501897559996,0.6794135805541247,0.77985143856276,0
2026-01-04 17:15:00,ZONE_A,1,0.9868492,0.6084966,2791.0745,0.0,577.7066,577.7066,2213.3679,2,RENEWABLE_ALL,renewable,CURTAIL,51.532501897559996,351.53250189756,51.532501897559996,0.6794135805541247,0.77985143856276,0
2026-01-04 17:30:00,ZONE_A,1,0.97606874,0.63513356,2805.1829,0.0,591.85474,591.85474,2213.32816,1,BATTERY_ALL,battery,CHARGE,300.0,375.9068080190744,75.90680801907439,0.6858727352063735,0.7932746807066514,0
2026-01-04 17:30:00,ZONE_A,1,0.97606874,0.63513356,2805.1829,0.0,591.85474,591.85474,2213.32816,2,RENEWABLE_ALL,renewable,CURTAIL,75.90680801907439,375.9068080190744,75.90680801907439,0.6858727352063735,0.7932746807066514,0
2026-01-04 17:45:00,ZONE_A,1,0.9872006,0.74123573,2798.0547,0.0,595.1082,595.1082,2202.9465,1,BATTERY_ALL,battery,CHARGE,300.0,441.115461055986,141.11546105598597,0.6878209590962682,0.8138539483676194,0
2026-01-04 17:45:00,ZONE_A,1,0.9872006,0.74123573,2798.0547,0.0,595.1082,595.1082,2202.9465,2,RENEWABLE_ALL,renewable,CURTAIL,141.11546105598597,441.115461055986,141.11546105598597,0.6878209590962682,0.8138539483676194,0
2026-01-04 18:00:00,ZONE_A,1,0.98411036,0.63628775,2790.813,0.0,573.5611,573.5611,2217.2519,1,BATTERY_ALL,battery,CHARGE,300.0,364.949901806525,64.94990180652502,0.6851794047554085,0.7894508056033206,0
2026-01-04 18:00:00,ZONE_A,1,0.98411036,0.63628775,2790.813,0.0,573.5611,573.5611,2217.2519,2,RENEWABLE_ALL,renewable,CURTAIL,64.94990180652502,364.949901806525,64.94990180652502,0.6851794047554085,0.7894508056033206,0
2026-01-04 18:15:00,ZONE_A,1,0.983055,0.65718114,2790.1812,0.0,544.03296,544.03296,2246.14824,1,BATTERY_ALL,battery,CHARGE,300.0,357.52820085037445,57.528200850374446,0.6769534714000149,0.779104386247331,0
2026-01-04 18:15:00,ZONE_A,1,0.983055,0.65718114,2790.1812,0.0,544.03296,544.03296,2246.14824,2,RENEWABLE_ALL,renewable,CURTAIL,57.528200850374446,357.52820085037445,57.528200850374446,0.6769534714000149,0.779104386247331,0
2026-01-04 18:30:00,ZONE_A,1,0.9860561,0.6591952,2797.0576,0.0,581.4198,581.4198,2215.6378,1,BATTERY_ALL,battery,CHARGE,300.0,383.26914134496,83.26914134496002,0.6883316329035721,0.7978371022078773,0
2026-01-04 18:30:00,ZONE_A,1,0.9860561,0.6591952,2797.0576,0.0,581.4198,581.4198,2215.6378,2,RENEWABLE_ALL,renewable,CURTAIL,83.26914134496002,383.26914134496,83.26914134496002,0.6883316329035721,0.7978371022078773,0
2026-01-04 18:45:00,ZONE_A,1,0.9822527,0.6084966,2795.4788,0.0,587.5253,587.5253,2207.9535,1,BATTERY_ALL,battery,CHARGE,300.0,357.50714746398006,57.50714746398006,0.6829857090078041,0.7851306086104266,0
2026-01-04 18:45:00,ZONE_A,1,0.9822527,0.6084966,2795.4788,0.0,587.5253,587.5253,2207.9535,2,RENEWABLE_ALL,renewable,CURTAIL,57.50714746398006,357.50714746398006,57.50714746398006,0.6829857090078041,0.7851306086104266,0
2026-01-04 19:00:00,ZONE_A,1,0.974083,0.7451313,2798.6013,0.6301827,593.8095,594.4397,2204.1616,1,BATTERY_ALL,battery,CHARGE,300.0,442.93562643261004,142.93562643261004,0.6907853717900813,0.8173384083156688,0
2026-01-04 19:00:00,ZONE_A,1,0.974083,0.7451313,2798.6013,0.6301827,593.8095,594.4397,2204.1616,2,RENEWABLE_ALL,renewable,CURTAIL,142.93562643261004,442.93562643261004,142.93562643261004,0.6907853717900813,0.8173384083156688,0
2026-01-04 19:15:00,ZONE_A,1,0.98353344,0.5693762,2792.4805,0.0,586.9294,586.9294,2205.5511,1,BATTERY_ALL,battery,CHARGE,300.0,334.18363144028,34.18363144028001,0.6867792021440928,0.7822602399940228,0
2026-01-04 19:15:00,ZONE_A,1,0.98353344,0.5693762,2792.4805,0.0,586.9294,586.9294,2205.5511,2,RENEWABLE_ALL,renewable,CURTAIL,34.18363144028001,334.18363144028,34.18363144028001,0.6867792021440928,0.7822602399940228,0
2026-01-04 19:30:00,ZONE_A,1,0.9878665,0.6380426,2780.5361,0.0,586.06305,586.06305,2194.47305,1,BATTERY_ALL,battery,CHARGE,300.0,373.93319218593,73.93319218593001,0.6896251543515853,0.7964632096046451,0
2026-01-04 19:30:00,ZONE_A,1,0.9878665,0.6380426,2780.5361,0.0,586.06305,586.06305,2194.47305,2,RENEWABLE_ALL,renewable,CURTAIL,73.93319218593001,373.93319218593,73.93319218593001,0.6896251543515853,0.7964632096046451,0
2026-01-04 19:45:00,ZONE_A,1,0.988567,0.73819023,2781.5945,0.39306965,593.25555,593.6486,2187.9459,1,BATTERY_ALL,battery,CHARGE,300.0,438.22559657317794,138.22559657317794,0.6835014795342063,0.8087087932357865,0
2026-01-04 19:45:00,ZONE_A,1,0.988567,0.73819023,2781.5945,0.39306965,593.25555,593.6486,2187.9459,2,RENEWABLE_ALL,renewable,CURTAIL,138.22559657317794,438.22559657317794,138.22559657317794,0.6835014795342063,0.8087087932357865,0
2026-01-04 20:00:00,ZONE_A,0,0.6881941,0.5693762,2644.6145,0.07037638,569.8808,569.9512,2074.6633,1,BATTERY_ALL,battery,CHARGE,300.0,324.51664844144,24.516648441439997,0.6616005957752698,0.754319638486963,0
2026-01-04 20:00:00,ZONE_A,0,0.6881941,0.5693762,2644.6145,0.07037638,569.8808,569.9512,2074.6633,2,RENEWABLE_ALL,renewable,CURTAIL,24.516648441439997,324.51664844144,24.516648441439997,0.6616005957752698,0.754319638486963,0
2026-01-04 20:15:00,ZONE_A,0,0.78051585,0.6671759,2639.1628,0.9358214,566.28015,567.21594,2071.94686,1,BATTERY_ALL,battery,CHARGE,300.0,378.43280526384603,78.43280526384603,0.6479412759559007,0.7560649349479134,0
2026-01-04 20:15:00,ZONE_A,0,0.78051585,0.6671759,2639.1628,0.9358214,566.28015,567.21594,2071.94686,2,RENEWABLE_ALL,renewable,CURTAIL,78.43280526384603,378.43280526384603,78.43280526384603,0.6479412759559007,0.7560649349479134,0
2026-01-04 20:30:00,ZONE_A,0,0.94814485,0.64834577,2611.1233,0.0,591.2874,591.2874,2019.8359,1,BATTERY_ALL,battery,CHARGE,300.0,383.3586846442981,83.35868464429808,0.6360255270697084,0.7455565801781214,0
2026-01-04 20:30:00,ZONE_A,0,0.94814485,0.64834577,2611.1233,0.0,591.2874,591.2874,2019.8359,2,RENEWABLE_ALL,renewable,CURTAIL,83.35868464429808,383.3586846442981,83.35868464429808,0.6360255270697084,0.7455565801781214,0
2026-01-04 20:45:00,ZONE_A,0,0.98604935,0.5693762,2604.238,0.0,569.7525,569.7525,2034.4855,1,BATTERY_ALL,battery,CHARGE,300.0,324.40351339050005,24.403513390500052,0.6294016991442903,0.7220884175487121,0
2026-01-04 20:45:00,ZONE_A,0,0.98604935,0.5693762,2604.238,0.0,569.7525,569.7525,2034.4855,2,RENEWABLE_ALL,renewable,CURTAIL,24.403513390500052,324.40351339050005,24.403513390500052,0.6294016991442903,0.7220884175487121,0
2026-01-04 21:00:00,ZONE_A,0,0.9938811,0.5356405,2565.9475,0.07037638,497.8343,497.90466,2068.04284,1,BATTERY_ALL,battery,CHARGE,266.69790103472997,266.69790103472997,0.0,0.610480340397559,0.6866797409183721,0
2026-01-04 22:15:00,ZONE_A,0,0.9954982,0.6372547,2400.6338,0.4064216,491.60202,492.00845,1908.62535,1,BATTERY_ALL,battery,CHARGE,300.0,313.53469720221494,13.534697202214943,0.5926690503760732,0.682250392657258,0
2026-01-04 22:15:00,ZONE_A,0,0.9954982,0.6372547,2400.6338,0.4064216,491.60202,492.00845,1908.62535,2,RENEWABLE_ALL,renewable,CURTAIL,13.534697202214943,313.53469720221494,13.534697202214943,0.5926690503760732,0.682250392657258,0
2026-01-04 22:30:00,ZONE_A,0,0.99640405,0.68604183,2365.8313,0.07298833,400.2156,400.2886,1965.5427,1,BATTERY_ALL,battery,CHARGE,274.614723672138,274.614723672138,0.0,0.5928769055974229,0.6713382554098588,0
2026-01-04 22:45:00,ZONE_A,0,0.99553525,0.6458499,2332.401,0.0,478.44965,478.44965,1853.95135,1,BATTERY_ALL,battery,CHARGE,300.0,309.006658607535,9.006658607534973,0.5636256684381026,0.6519132854044839,0
2026-01-04 22:45:00,ZONE_A,0,0.99553525,0.6458499,2332.401,0.0,478.44965,478.44965,1853.95135,2,RENEWABLE_ALL,renewable,CURTAIL,9.006658607534973,309.006658607535,9.006658607534973,0.5636256684381026,0.6519132854044839,0
2026-01-04 23:00:00,ZONE_A,0,0.99666935,0.6458499,2304.404,0.022709912,459.64978,459.6725,1844.7315,1,BATTERY_ALL,battery,CHARGE,296.87943815775,296.87943815775,0.0,0.5629569972117995,0.6477796940352365,0
2026-01-04 23:15:00,ZONE_A,0,0.99626154,0.63366526,2319.4146,0.4064216,569.4124,569.81885,1749.59575,1,BATTERY_ALL,battery,CHARGE,300.0,361.074409738151,61.07440973815102,0.5690548643734149,0.6722189816947267,0
2026-01-04 23:15:00,ZONE_A,0,0.99626154,0.63366526,2319.4146,0.4064216,569.4124,569.81885,1749.59575,2,RENEWABLE_ALL,renewable,CURTAIL,61.07440973815102,361.074409738151,61.07440973815102,0.5690548643734149,0.6722189816947267,0
2026-01-04 23:30:00,ZONE_A,0,0.99593854,0.6458499,2301.2517,0.0027001575,497.83603,497.8387,1803.413,1,BATTERY_ALL,battery,CHARGE,300.0,321.52907461113,21.52907461113,0.562818543811062,0.6546839939256016,0
2026-01-04 23:30:00,ZONE_A,0,0.99593854,0.6458499,2301.2517,0.0027001575,497.83603,497.8387,1803.413,2,RENEWABLE_ALL,renewable,CURTAIL,21.52907461113,321.52907461113,21.52907461113,0.562818543811062,0.6546839939256016,0
2026-01-04 23:45:00,ZONE_A,0,0.99767476,0.6415766,2301.3198,0.070444405,534.06116,534.1316,1767.1882,1,BATTERY_ALL,battery,CHARGE,300.0,342.6863358805601,42.68633588056008,0.5593300501400811,0.6572404320446136,0
2026-01-04 23:45:00,ZONE_A,0,0.99767476,0.6415766,2301.3198,0.070444405,534.06116,534.1316,1767.1882,2,RENEWABLE_ALL,renewable,CURTAIL,42.68633588056008,342.6863358805601,42.68633588056008,0.5593300501400811,0.6572404320446136,0
2026-01-05 00:00:00,ZONE_A,0,0.9971016,0.78387064,2302.3003,0.0,592.8503,592.8503,1709.4499999999998,1,BATTERY_ALL,battery,CHARGE,300.0,464.7179440851919,164.7179440851919,0.5715571803361035,0.704333736092822,0
2026-01-05 00:00:00,ZONE_A,0,0.9971016,0.78387064,2302.3003,0.0,592.8503,592.8503,1709.4499999999998,2,RENEWABLE_ALL,renewable,CURTAIL,164.7179440851919,464.7179440851919,164.7179440851919,0.5715571803361035,0.704333736092822,0
2026-01-05 00:15:00,ZONE_A,0,0.9965844,0.59205157,2297.228,0.0,576.54645,576.54645,1720.68155,1,BATTERY_ALL,battery,CHARGE,300.0,341.3452309004265,41.345230900426486,0.5685496931524693,0.6660769022074725,0
2026-01-05 00:15:00,ZONE_A,0,0.9965844,0.59205157,2297.228,0.0,576.54645,576.54645,1720.68155,2,RENEWABLE_ALL,renewable,CURTAIL,41.345230900426486,341.3452309004265,41.345230900426486,0.5685496931524693,0.6660769022074725,0
2026-01-05 00:30:00,ZONE_A,0,0.99767476,0.71127874,2297.5103,0.88209873,530.94635,531.8284,1765.6819,1,BATTERY_ALL,battery,CHARGE,300.0,378.278234248216,78.278234248216,0.5773819485418734,0.6854614442885827,0
2026-01-05 00:30:00,ZONE_A,0,0.99767476,0.71127874,2297.5103,0.88209873,530.94635,531.8284,1765.6819,2,RENEWABLE_ALL,renewable,CURTAIL,78.278234248216,378.278234248216,78.278234248216,0.5773819485418734,0.6854614442885827,0
2026-01-05 00:45:00,ZONE_A,0,0.9981085,0.78020453,2283.504,1.0172864,562.77264,563.7899,1719.7141,1,BATTERY_ALL,battery,CHARGE,300.0,439.871433948247,139.871433948247,0.5592470781362264,0.684924630978065,0
2026-01-05 00:45:00,ZONE_A,0,0.9981085,0.78020453,2283.504,1.0172864,562.77264,563.7899,1719.7141,2,RENEWABLE_ALL,renewable,CURTAIL,139.871433948247,439.871433948247,139.871433948247,0.5592470781362264,0.684924630978065,0
2026-01-05 01:00:00,ZONE_A,0,0.99630415,0.52998275,2295.799,0.0,590.19147,590.19147,1705.60753,1,BATTERY_ALL,battery,CHARGE,300.0,312.7912982971425,12.791298297142475,0.5715806682110947,0.6609496107902969,0
2026-01-05 01:00:00,ZONE_A,0,0.99630415,0.52998275,2295.799,0.0,590.19147,590.19147,1705.60753,2,RENEWABLE_ALL,renewable,CURTAIL,12.791298297142475,312.7912982971425,12.791298297142475,0.5715806682110947,0.6609496107902969,0
2026-01-05 01:15:00,ZONE_A,0,0.9962716,0.6780259,2296.8267,0.0,470.46347,470.46347,1826.36323,1,BATTERY_ALL,battery,CHARGE,300.0,318.98641766387294,18.986417663872942,0.5647252734047967,0.6558642500914276,0
2026-01-05 01:15:00,ZONE_A,0,0.9962716,0.6780259,2296.8267,0.0,470.46347,470.46347,1826.36323,2,RENEWABLE_ALL,renewable,CURTAIL,18.986417663872942,318.98641766387294,18.986417663872942,0.5647252734047967,0.6558642500914276,0
2026-01-05 01:30:00,ZONE_A,0,0.9971807,0.6808616,2288.6328,0.62326145,530.73895,531.36224,1757.27056,1,BATTERY_ALL,battery,CHARGE,300.0,361.784144905984,61.78414490598402,0.5590415826536602,0.6624084814428142,0
2026-01-05 01:30:00,ZONE_A,0,0.9971807,0.6808616,2288.6328,0.62326145,530.73895,531.36224,1757.27056,2,RENEWABLE_ALL,renewable,CURTAIL,61.78414490598402,361.784144905984,61.78414490598402,0.5590415826536602,0.6624084814428142,0
2026-01-05 01:45:00,ZONE_A,0,0.99821824,0.7046127,2290.7793,0.85453355,539.35,540.2045,1750.5748,1,BATTERY_ALL,battery,CHARGE,300.0,380.63495129715005,80.63495129715005,0.5610251246311985,0.669777968105699,0
2026-01-05 01:45:00,ZONE_A,0,0.99821824,0.7046127,2290.7793,0.85453355,539.35,540.2045,1750.5748,2,RENEWABLE_ALL,renewable,CURTAIL,80.63495129715005,380.63495129715005,80.63495129715005,0.5610251246311985,0.669777968105699,0
2026-01-05 02:00:00,ZONE_A,0,0.99695945,0.65155804,2304.1428,0.0,521.3466,521.3466,1782.7962000000002,1,BATTERY_ALL,battery,CHARGE,300.0,339.687568856664,39.68756885666397,0.5762907460798167,0.6733443374082594,0
2026-01-05 02:00:00,ZONE_A,0,0.99695945,0.65155804,2304.1428,0.0,521.3466,521.3466,1782.7962000000002,2,RENEWABLE_ALL,renewable,CURTAIL,39.68756885666397,339.687568856664,39.68756885666397,0.5762907460798167,0.6733443374082594,0
2026-01-05 02:15:00,ZONE_A,0,0.9965873,0.59205157,2286.549,0.0,582.25946,582.25946,1704.28954,1,BATTERY_ALL,battery,CHARGE,300.0,344.7276274403522,44.727627440352194,0.5660660740172642,0.6645596820836439,0
2026-01-05 02:15:00,ZONE_A,0,0.9965873,0.59205157,2286.549,0.0,582.25946,582.25946,1704.28954,2,RENEWABLE_ALL,renewable,CURTAIL,44.727627440352194,344.7276274403522,44.727627440352194,0.5660660740172642,0.6645596820836439,0
2026-01-05 02:30:00,ZONE_A,0,0.9978532,0.72140074,2287.519,0.88209873,567.8129,568.695,1718.8239999999996,1,BATTERY_ALL,battery,CHARGE,300.0,410.25699383430003,110.25699383430003,0.5642063237128356,0.6814226079313144,0
2026-01-05 02:30:00,ZONE_A,0,0.9978532,0.72140074,2287.519,0.88209873,567.8129,568.695,1718.8239999999996,2,RENEWABLE_ALL,renewable,CURTAIL,110.25699383430003,410.25699383430003,110.25699383430003,0.5642063237128356,0.6814226079313144,0
2026-01-05 02:45:00,ZONE_A,0,0.9976609,0.6591705,2286.6738,0.9741712,585.36273,586.3369,1700.3369,1,BATTERY_ALL,battery,CHARGE,300.0,386.49598754145,86.49598754145,0.5651992610471123,0.6756266863105127,0
2026-01-05 02:45:00,ZONE_A,0,0.9976609,0.6591705,2286.6738,0.9741712,585.36273,586.3369,1700.3369,2,RENEWABLE_ALL,renewable,CURTAIL,86.49598754145,386.49598754145,86.49598754145,0.5651992610471123,0.6756266863105127,0
2026-01-05 03:00:00,ZONE_A,0,0.99620914,0.6422978,2280.1055,0.0,589.03345,589.03345,1691.0720500000002,1,BATTERY_ALL,battery,CHARGE,300.0,378.33488906141,78.33488906141002,0.5661765929123309,0.6742722757564228,0
2026-01-05 03:00:00,ZONE_A,0,0.99620914,0.6422978,2280.1055,0.0,589.03345,589.03345,1691.0720500000002,2,RENEWABLE_ALL,renewable,CURTAIL,78.33488906141002,378.33488906141,78.33488906141002,0.5661765929123309,0.6742722757564228,0
2026-01-05 03:15:00,ZONE_A,0,0.99631834,0.73871917,2293.7256,0.0,590.7827,590.7827,1702.9429000000002,1,BATTERY_ALL,battery,CHARGE,300.0,436.422505794359,136.42250579435898,0.5721043562734413,0.696796501073468,0
2026-01-05 03:15:00,ZONE_A,0,0.99631834,0.73871917,2293.7256,0.0,590.7827,590.7827,1702.9429000000002,2,RENEWABLE_ALL,renewable,CURTAIL,136.42250579435898,436.422505794359,136.42250579435898,0.5721043562734413,0.696796501073468,0
2026-01-05 03:30:00,ZONE_A,0,0.9965283,0.64505255,2288.5234,0.83898354,606.69543,607.5344,1680.989,1,BATTERY_ALL,battery,CHARGE,300.0,391.89161393271996,91.89161393271996,0.5656947840360498,0.6776638168451867,0
2026-01-05 03:30:00,ZONE_A,0,0.9965283,0.64505255,2288.5234,0.83898354,606.69543,607.5344,1680.989,2,RENEWABLE_ALL,renewable,CURTAIL,91.89161393271996,391.89161393271996,91.89161393271996,0.5656947840360498,0.6776638168451867,0
2026-01-05 03:45:00,ZONE_A,0,0.9967037,0.5335817,2288.4895,1.3332952,602.8002,604.1335,1684.3560000000002,1,BATTERY_ALL,battery,CHARGE,300.0,322.35457995695003,22.354579956950033,0.562311152930246,0.6544124617011987,0
2026-01-05 03:45:00,ZONE_A,0,0.9967037,0.5335817,2288.4895,1.3332952,602.8002,604.1335,1684.3560000000002,2,RENEWABLE_ALL,renewable,CURTAIL,22.354579956950033,322.35457995695003,22.354579956950033,0.562311152930246,0.6544124617011987,0
2026-01-05 04:00:00,ZONE_A,0,0.9964539,0.83739287,2294.7646,0.0,579.0836,579.0836,1715.681,1,BATTERY_ALL,battery,CHARGE,300.0,484.920477773932,184.92047777393202,0.570646141056946,0.7091948493117217,0
2026-01-05 04:00:00,ZONE_A,0,0.9964539,0.83739287,2294.7646,0.0,579.0836,579.0836,1715.681,2,RENEWABLE_ALL,renewable,CURTAIL,184.92047777393202,484.920477773932,184.92047777393202,0.570646141056946,0.7091948493117217,0
2026-01-05 04:15:00,ZONE_A,0,0.9962716,0.66603225,2288.1943,0.0,481.56046,481.56046,1806.63384,1,BATTERY_ALL,battery,CHARGE,300.0,320.734796684835,20.734796684834976,0.5597218428574369,0.651360356410122,0
2026-01-05 04:15:00,ZONE_A,0,0.9962716,0.66603225,2288.1943,0.0,481.56046,481.56046,1806.63384,2,RENEWABLE_ALL,renewable,CURTAIL,20.734796684834976,320.734796684835,20.734796684834976,0.5597218428574369,0.651360356410122,0
2026-01-05 04:30:00,ZONE_A,0,0.95826876,0.724277,2289.8496,8.143515,600.6219,608.7654,1681.0842,1,BATTERY_ALL,battery,CHARGE,300.0,440.91477761579995,140.91477761579995,0.5646665770752195,0.6906422281126534,0
2026-01-05 04:30:00,ZONE_A,0,0.95826876,0.724277,2289.8496,8.143515,600.6219,608.7654,1681.0842,2,RENEWABLE_ALL,renewable,CURTAIL,140.91477761579995,440.91477761579995,140.91477761579995,0.5646665770752195,0.6906422281126534,0
2026-01-05 04:45:00,ZONE_A,0,0.9976738,0.769027,2304.1057,1.3219323,565.1106,566.43256,1737.67314,1,BATTERY_ALL,battery,CHARGE,300.0,435.60193231912,135.60193231912,0.5681847116800681,0.6926424069127401,0
2026-01-05 04:45:00,ZONE_A,0,0.9976738,0.769027,2304.1057,1.3219323,565.1106,566.43256,1737.67314,2,RENEWABLE_ALL,renewable,CURTAIL,135.60193231912,435.60193231912,135.60193231912,0.5681847116800681,0.6926424069127401,0
2026-01-05 05:00:00,ZONE_A,0,0.99646807,0.79000837,2540.0996,0.0,527.28253,527.28253,2012.81707,1,BATTERY_ALL,battery,CHARGE,300.0,416.5576120547761,116.55761205477609,0.6216867627812912,0.7407032236455692,0
2026-01-05 05:00:00,ZONE_A,0,0.99646807,0.79000837,2540.0996,0.0,527.28253,527.28253,2012.81707,2,RENEWABLE_ALL,renewable,CURTAIL,116.55761205477609,416.5576120547761,116.55761205477609,0.6216867627812912,0.7407032236455692,0
2026-01-05 05:15:00,ZONE_A,0,0.99754286,0.66751736,2557.3123,0.0,579.94434,579.94434,1977.36796,1,BATTERY_ALL,battery,CHARGE,300.0,387.1229147837424,87.12291478374237,0.625425342827951,0.7360318901602401,0
2026-01-05 05:15:00,ZONE_A,0,0.99754286,0.66751736,2557.3123,0.0,579.94434,579.94434,1977.36796,2,RENEWABLE_ALL,renewable,CURTAIL,87.12291478374237,387.1229147837424,87.12291478374237,0.625425342827951,0.7360318901602401,0
2026-01-05 05:30:00,ZONE_A,0,0.9934808,0.50366336,2596.4514,3.4797022,605.29816,608.77783,1987.67357,1,BATTERY_ALL,battery,CHARGE,300.0,306.6190873513088,6.619087351308792,0.6351691842139554,0.7227746379441383,0
2026-01-05 05:30:00,ZONE_A,0,0.9934808,0.50366336,2596.4514,3.4797022,605.29816,608.77783,1987.67357,2,RENEWABLE_ALL,renewable,CURTAIL,6.619087351308792,306.6190873513088,6.619087351308792,0.6351691842139554,0.7227746379441383,0
2026-01-05 05:45:00,ZONE_A,0,0.77937704,0.7060192,2626.8232,11.151222,510.96634,522.11755,2104.70565,1,BATTERY_ALL,battery,CHARGE,300.0,368.62501495696,68.62501495696,0.6494895781730968,0.7548110112618465,0
2026-01-05 05:45:00,ZONE_A,0,0.77937704,0.7060192,2626.8232,11.151222,510.96634,522.11755,2104.70565,2,RENEWABLE_ALL,renewable,CURTAIL,68.62501495696,368.62501495696,68.62501495696,0.6494895781730968,0.7548110112618465,0
2026-01-05 06:00:00,ZONE_A,1,0.96389806,0.62153244,2669.5205,23.558178,573.95917,597.51733,2072.00317,1,BATTERY_ALL,battery,CHARGE,300.0,371.3764040571852,71.3764040571852,0.6525846020540041,0.758692146350818,0
2026-01-05 06:00:00,ZONE_A,1,0.96389806,0.62153244,2669.5205,23.558178,573.95917,597.51733,2072.00317,2,RENEWABLE_ALL,renewable,CURTAIL,71.3764040571852,371.3764040571852,71.3764040571852,0.6525846020540041,0.758692146350818,0
2026-01-05 06:15:00,ZONE_A,1,0.9783514,0.6747718,2685.9946,49.883617,562.19196,612.07556,2073.91904,1,BATTERY_ALL,battery,CHARGE,300.0,413.011327357208,113.01132735720802,0.6576940787455938,0.7756973154484001,0
2026-01-05 06:15:00,ZONE_A,1,0.9783514,0.6747718,2685.9946,49.883617,562.19196,612.07556,2073.91904,2,RENEWABLE_ALL,renewable,CURTAIL,113.01132735720802,413.011327357208,113.01132735720802,0.6576940787455938,0.7756973154484001,0
2026-01-05 06:30:00,ZONE_A,1,0.99550986,0.61511946,2735.8948,30.20001,500.96942,531.16943,2204.72537,1,BATTERY_ALL,battery,CHARGE,300.0,326.7326529501078,26.73265295010782,0.6677288507459803,0.761081037559032,0
2026-01-05 06:30:00,ZONE_A,1,0.99550986,0.61511946,2735.8948,30.20001,500.96942,531.16943,2204.72537,2,RENEWABLE_ALL,renewable,CURTAIL,26.73265295010782,326.7326529501078,26.73265295010782,0.6677288507459803,0.761081037559032,0
2026-01-05 06:45:00,ZONE_A,1,0.99495125,0.5520483,2777.2742,112.8611,372.45926,485.32037,2291.95383,1,BATTERY_ALL,battery,CHARGE,267.920285213871,267.920285213871,0.0,0.6828668792824578,0.7594155324190986,0
2026-01-05 07:30:00,ZONE_A,2,0.9760172,0.6665818,2867.7812,231.93985,222.72577,454.66562,2413.11558,1,BATTERY_ALL,battery,CHARGE,300.0,303.071827377716,3.0718273777159766,0.7048932807259193,0.791485231665873,0
2026-01-05 07:30:00,ZONE_A,2,0.9760172,0.6665818,2867.7812,231.93985,222.72577,454.66562,2413.11558,2,RENEWABLE_ALL,renewable,CURTAIL,3.0718273777159766,303.071827377716,3.0718273777159766,0.7048932807259193,0.791485231665873,0
2026-01-05 08:15:00,ZONE_A,3,0.95169014,0.7913511,3055.3884,310.30154,261.94714,572.24866,2483.13974,1,BATTERY_ALL,battery,CHARGE,300.0,452.84960656452597,152.84960656452597,0.7726559872199515,0.9020415895213374,0
2026-01-05 08:15:00,ZONE_A,3,0.95169014,0.7913511,3055.3884,310.30154,261.94714,572.24866,2483.13974,2,RENEWABLE_ALL,renewable,CURTAIL,152.84960656452597,452.84960656452597,152.84960656452597,0.7726559872199515,0.9020415895213374,0
2026-01-05 08:30:00,ZONE_A,2,0.813696,0.5047751,3011.267,351.3889,282.60056,633.98944,2377.27756,1,BATTERY_ALL,battery,CHARGE,300.0,320.022082974944,20.022082974944,0.7363477539223844,0.8277826350822051,0
2026-01-05 08:30:00,ZONE_A,2,0.813696,0.5047751,3011.267,351.3889,282.60056,633.98944,2377.27756,2,RENEWABLE_ALL,renewable,CURTAIL,20.022082974944,320.022082974944,20.022082974944,0.7363477539223844,0.8277826350822051,0
2026-01-05 08:45:00,ZONE_A,3,0.8999545,0.5889233,3052.468,376.389,317.49966,693.8887,2358.5793,1,BATTERY_ALL,battery,CHARGE,300.0,408.64722303671,108.64722303670999,0.7639335107621016,0.8806898606122847,0
2026-01-05 08:45:00,ZONE_A,3,0.8999545,0.5889233,3052.468,376.389,317.49966,693.8887,2358.5793,2,RENEWABLE_ALL,renewable,CURTAIL,108.64722303670999,408.64722303671,108.64722303670999,0.7639335107621016,0.8806898606122847,0
2026-01-05 09:30:00,ZONE_A,1,0.9557874,0.59857893,2703.7961,461.2073,214.68289,675.8902,2027.9059,1,BATTERY_ALL,battery,CHARGE,300.0,404.573632713486,104.573632713486,0.6640368550559436,0.7796293219839388,0
2026-01-05 09:30:00,ZONE_A,1,0.9557874,0.59857893,2703.7961,461.2073,214.68289,675.8902,2027.9059,2,RENEWABLE_ALL,renewable,CURTAIL,104.573632713486,404.573632713486,104.573632713486,0.6640368550559436,0.7796293219839388,0
2026-01-05 10:00:00,ZONE_A,1,0.8880219,0.6719966,2722.8765,428.36108,346.95963,775.3207,1947.5558,1,BATTERY_ALL,battery,CHARGE,300.0,521.0128743096201,221.0128743096201,0.6894644624244631,0.8383252841068208,0
2026-01-05 10:00:00,ZONE_A,1,0.8880219,0.6719966,2722.8765,428.36108,346.95963,775.3207,1947.5558,2,RENEWABLE_ALL,renewable,CURTAIL,221.0128743096201,521.0128743096201,221.0128743096201,0.6894644624244631,0.8383252841068208,0
2026-01-05 10:15:00,ZONE_A,1,0.9773656,0.61747515,2677.8132,445.6196,391.84924,837.4689,1840.3443,1,BATTERY_ALL,battery,CHARGE,300.0,517.116234647835,217.11623464783497,0.6729630890658874,0.8207105851521894,0
2026-01-05 10:15:00,ZONE_A,1,0.9773656,0.61747515,2677.8132,445.6196,391.84924,837.4689,1840.3443,2,RENEWABLE_ALL,renewable,CURTAIL,217.11623464783497,517.116234647835,217.11623464783497,0.6729630890658874,0.8207105851521894,0
2026-01-05 10:30:00,ZONE_A,1,0.9298117,0.56528765,2696.241,425.00723,460.48514,885.4924,1810.7486,1,BATTERY_ALL,battery,CHARGE,300.0,500.55791788886,200.55791788886,0.6866001865315133,0.8296167349254503,0
2026-01-05 10:30:00,ZONE_A,1,0.9298117,0.56528765,2696.241,425.00723,460.48514,885.4924,1810.7486,2,RENEWABLE_ALL,renewable,CURTAIL,200.55791788886,500.55791788886,200.55791788886,0.6866001865315133,0.8296167349254503,0
2026-01-05 10:45:00,ZONE_A,1,0.9636523,0.59878963,2678.6008,451.37506,438.86673,890.2418,1788.3590000000002,1,BATTERY_ALL,battery,CHARGE,300.0,533.067558032534,233.06755803253395,0.6763003780624502,0.8286053951110042,0
2026-01-05 10:45:00,ZONE_A,1,0.9636523,0.59878963,2678.6008,451.37506,438.86673,890.2418,1788.3590000000002,2,RENEWABLE_ALL,renewable,CURTAIL,233.06755803253395,533.067558032534,233.06755803253395,0.6763003780624502,0.8286053951110042,0
2026-01-05 11:00:00,ZONE_A,1,0.9679853,0.55278045,2696.4077,435.73224,318.50925,754.24146,1942.16624,1,BATTERY_ALL,battery,CHARGE,300.0,416.92993366745696,116.92993366745696,0.6735830398659315,0.792705878440238,0
2026-01-05 11:00:00,ZONE_A,1,0.9679853,0.55278045,2696.4077,435.73224,318.50925,754.24146,1942.16624,2,RENEWABLE_ALL,renewable,CURTAIL,116.92993366745696,416.92993366745696,116.92993366745696,0.6735830398659315,0.792705878440238,0
2026-01-05 11:15:00,ZONE_A,1,0.9269661,0.57704926,2697.109,437.50464,418.35962,855.86426,1841.24474,1,BATTERY_ALL,battery,CHARGE,300.0,493.87583789344757,193.87583789344757,0.6850875645598965,0.8261949472466397,0
2026-01-05 11:15:00,ZONE_A,1,0.9269661,0.57704926,2697.109,437.50464,418.35962,855.86426,1841.24474,2,RENEWABLE_ALL,renewable,CURTAIL,193.87583789344757,493.87583789344757,193.87583789344757,0.6850875645598965,0.8261949472466397,0
2026-01-05 11:30:00,ZONE_A,2,0.9043165,0.724286,2727.2944,494.20297,577.5109,1071.7139,1655.5805000000005,1,BATTERY_ALL,battery,CHARGE,300.0,776.2273737754,476.2273737754,0.7319254019411536,0.9537046522989239,0
2026-01-05 11:30:00,ZONE_A,2,0.9043165,0.724286,2727.2944,494.20297,577.5109,1071.7139,1655.5805000000005,2,RENEWABLE_ALL,renewable,CURTAIL,476.2273737754,776.2273737754,476.2273737754,0.7319254019411536,0.9537046522989239,0
2026-01-05 11:45:00,ZONE_A,2,0.5151823,0.7170291,2695.7358,500.2567,581.85724,1082.114,1613.6218,1,BATTERY_ALL,battery,CHARGE,300.0,775.9072275174,475.9072275174,0.7017455398543041,0.9234333198298462,0
2026-01-05 11:45:00,ZONE_A,2,0.5151823,0.7170291,2695.7358,500.2567,581.85724,1082.114,1613.6218,2,RENEWABLE_ALL,renewable,CURTAIL,475.9072275174,775.9072275174,475.9072275174,0.7017455398543041,0.9234333198298462,0
2026-01-05 12:00:00,ZONE_A,2,0.859144,0.80758566,2709.9917,514.0688,549.0529,1063.1217,1646.87,1,BATTERY_ALL,battery,CHARGE,300.0,858.5618397548219,558.5618397548219,0.7429999693091491,0.9883033528477443,0
2026-01-05 12:00:00,ZONE_A,2,0.859144,0.80758566,2709.9917,514.0688,549.0529,1063.1217,1646.87,2,RENEWABLE_ALL,renewable,CURTAIL,558.5618397548219,858.5618397548219,558.5618397548219,0.7429999693091491,0.9883033528477443,0
2026-01-05 12:15:00,ZONE_A,1,0.7355494,0.7335612,2680.2317,530.86206,518.8445,1049.7065,1630.5251999999998,1,BATTERY_ALL,battery,CHARGE,300.0,770.0239597878,470.0239597878,0.7079986656351241,0.9280055119874099,0
2026-01-05 12:15:00,ZONE_A,1,0.7355494,0.7335612,2680.2317,530.86206,518.8445,1049.7065,1630.5251999999998,2,RENEWABLE_ALL,renewable,CURTAIL,470.0239597878,770.0239597878,470.0239597878,0.7079986656351241,0.9280055119874099,0
2026-01-05 12:30:00,ZONE_A,1,0.61489034,0.8416613,2670.001,553.0001,543.48315,1096.4833,1573.5177,1,BATTERY_ALL,battery,CHARGE,300.0,922.8675597062901,622.8675597062901,0.7066493747138141,0.9703258213277762,0
2026-01-05 12:30:00,ZONE_A,1,0.61489034,0.8416613,2670.001,553.0001,543.48315,1096.4833,1573.5177,2,RENEWABLE_ALL,renewable,CURTAIL,622.8675597062901,922.8675597062901,622.8675597062901,0.7066493747138141,0.9703258213277762,0
2026-01-05 12:45:00,ZONE_A,1,0.7632041,0.8464066,2675.6367,556.6042,496.89487,1053.499,1622.1377,1,BATTERY_ALL,battery,CHARGE,300.0,891.6885066934001,591.6885066934001,0.6919251166548874,0.9466932622786275,0
2026-01-05 12:45:00,ZONE_A,1,0.7632041,0.8464066,2675.6367,556.6042,496.89487,1053.499,1622.1377,2,RENEWABLE_ALL,renewable,CURTAIL,591.6885066934001,891.6885066934001,591.6885066934001,0.6919251166548874,0.9466932622786275,0
2026-01-05 13:00:00,ZONE_A,1,0.89357436,0.81247824,2680.4482,568.32007,384.4494,952.7695,1727.6787,1,BATTERY_ALL,battery,CHARGE,300.0,774.10448648568,474.10448648568,0.6856754464580064,0.9068481577430805,0
2026-01-05 13:00:00,ZONE_A,1,0.89357436,0.81247824,2680.4482,568.32007,384.4494,952.7695,1727.6787,2,RENEWABLE_ALL,renewable,CURTAIL,474.10448648568,774.10448648568,474.10448648568,0.6856754464580064,0.9068481577430805,0
2026-01-05 13:15:00,ZONE_A,1,0.7159307,0.8416613,2678.7551,576.5589,525.038,1101.5969,1577.1582,1,BATTERY_ALL,battery,CHARGE,300.0,927.1714789299699,627.1714789299699,0.6960329183412459,0.9609390560855888,0
2026-01-05 13:15:00,ZONE_A,1,0.7159307,0.8416613,2678.7551,576.5589,525.038,1101.5969,1577.1582,2,RENEWABLE_ALL,renewable,CURTAIL,627.1714789299699,927.1714789299699,627.1714789299699,0.6960329183412459,0.9609390560855888,0
2026-01-05 13:30:00,ZONE_A,1,0.7551032,0.8464066,2681.6335,514.8812,530.52905,1045.4103,1636.2232,1,BATTERY_ALL,battery,CHARGE,300.0,884.84217762798,584.84217762798,0.6823332987361076,0.9351453503487676,0
2026-01-05 13:30:00,ZONE_A,1,0.7551032,0.8464066,2681.6335,514.8812,530.52905,1045.4103,1636.2232,2,RENEWABLE_ALL,renewable,CURTAIL,584.84217762798,884.84217762798,584.84217762798,0.6823332987361076,0.9351453503487676,0
2026-01-05 13:45:00,ZONE_A,1,0.95473725,0.72713,2684.7485,426.1032,503.65054,929.7538,1754.9947000000002,1,BATTERY_ALL,battery,CHARGE,300.0,676.0518805940001,376.05188059400007,0.682310613816305,0.8754682946130022,0
2026-01-05 13:45:00,ZONE_A,1,0.95473725,0.72713,2684.7485,426.1032,503.65054,929.7538,1754.9947000000002,2,RENEWABLE_ALL,renewable,CURTAIL,376.05188059400007,676.0518805940001,376.05188059400007,0.682310613816305,0.8754682946130022,0
2026-01-05 14:00:00,ZONE_A,1,0.8805803,0.7783321,2698.1575,442.2806,534.9246,977.2052,1720.9523,1,BATTERY_ALL,battery,CHARGE,300.0,760.59017544692,460.59017544691994,0.6997520424412826,0.9170635218317629,0
2026-01-05 14:00:00,ZONE_A,1,0.8805803,0.7783321,2698.1575,442.2806,534.9246,977.2052,1720.9523,2,RENEWABLE_ALL,renewable,CURTAIL,460.59017544691994,760.59017544692,460.59017544691994,0.6997520424412826,0.9170635218317629,0
2026-01-05 14:15:00,ZONE_A,1,0.9327568,0.76393497,2686.0496,393.42407,546.93353,940.3576,1745.6919999999998,1,BATTERY_ALL,battery,CHARGE,300.0,718.372054945272,418.372054945272,0.6872629570389641,0.8925121162699909,0
2026-01-05 14:15:00,ZONE_A,1,0.9327568,0.76393497,2686.0496,393.42407,546.93353,940.3576,1745.6919999999998,2,RENEWABLE_ALL,renewable,CURTAIL,418.372054945272,718.372054945272,418.372054945272,0.6872629570389641,0.8925121162699909,0
2026-01-05 14:30:00,ZONE_A,1,0.8796704,0.79572463,2693.8694,370.24225,564.0049,934.24713,1759.62227,1,BATTERY_ALL,battery,CHARGE,300.0,743.4034518478119,443.4034518478119,0.6879055172446082,0.9003065041554686,0
2026-01-05 14:30:00,ZONE_A,1,0.8796704,0.79572463,2693.8694,370.24225,564.0049,934.24713,1759.62227,2,RENEWABLE_ALL,renewable,CURTAIL,443.4034518478119,743.4034518478119,443.4034518478119,0.6879055172446082,0.9003065041554686,0
2026-01-05 14:45:00,ZONE_A,1,0.95326155,0.5663936,2675.3735,318.10535,575.2253,893.3306,1782.0429,1,BATTERY_ALL,battery,CHARGE,300.0,505.97673452416007,205.97673452416007,0.6780255406657717,0.8225903224134395,0
2026-01-05 14:45:00,ZONE_A,1,0.95326155,0.5663936,2675.3735,318.10535,575.2253,893.3306,1782.0429,2,RENEWABLE_ALL,renewable,CURTAIL,205.97673452416007,505.97673452416007,205.97673452416007,0.6780255406657717,0.8225903224134395,0
2026-01-05 15:00:00,ZONE_A,2,0.8202495,0.7227774,2777.8965,301.81046,595.0118,896.82227,1881.07423,1,BATTERY_ALL,battery,CHARGE,300.0,648.202868572698,348.202868572698,0.7089731922182931,0.8941740124273188,0
2026-01-05 15:00:00,ZONE_A,2,0.8202495,0.7227774,2777.8965,301.81046,595.0118,896.82227,1881.07423,2,RENEWABLE_ALL,renewable,CURTAIL,348.202868572698,648.202868572698,348.202868572698,0.7089731922182931,0.8941740124273188,0
2026-01-05 15:15:00,ZONE_A,2,0.67646265,0.7422945,2793.6436,262.62183,567.7638,830.3856,1963.258,1,BATTERY_ALL,battery,CHARGE,300.0,616.3906637591999,316.3906637591999,0.7055189970705121,0.8816306158505565,0
2026-01-05 15:15:00,ZONE_A,2,0.67646265,0.7422945,2793.6436,262.62183,567.7638,830.3856,1963.258,2,RENEWABLE_ALL,renewable,CURTAIL,316.3906637591999,616.3906637591999,316.3906637591999,0.7055189970705121,0.8816306158505565,0
2026-01-05 15:30:00,ZONE_A,2,0.8192973,0.6099704,2822.961,223.13101,599.7124,822.8434,2000.1176,1,BATTERY_ALL,battery,CHARGE,300.0,501.91011783536,201.91011783535998,0.711658998474277,0.8550618897438653,0
2026-01-05 15:30:00,ZONE_A,2,0.8192973,0.6099704,2822.961,223.13101,599.7124,822.8434,2000.1176,2,RENEWABLE_ALL,renewable,CURTAIL,201.91011783535998,501.91011783536,201.91011783535998,0.711658998474277,0.8550618897438653,0
2026-01-05 15:45:00,ZONE_A,2,0.68691486,0.55129457,2817.3447,189.14526,595.0932,784.23846,2033.10624,1,BATTERY_ALL,battery,CHARGE,300.0,432.34640458316227,132.34640458316227,0.7076961604770263,0.8312237050273005,0
2026-01-05 15:45:00,ZONE_A,2,0.68691486,0.55129457,2817.3447,189.14526,595.0932,784.23846,2033.10624,2,RENEWABLE_ALL,renewable,CURTAIL,132.34640458316227,432.34640458316227,132.34640458316227,0.7076961604770263,0.8312237050273005,0
2026-01-05 16:15:00,ZONE_A,1,0.8884857,0.5518693,2798.279,112.921425,587.7448,700.66626,2097.61274,1,BATTERY_ALL,battery,CHARGE,300.0,386.676198439818,86.676198439818,0.686450499663461,0.7969294138785739,0
2026-01-05 16:15:00,ZONE_A,1,0.8884857,0.5518693,2798.279,112.921425,587.7448,700.66626,2097.61274,2,RENEWABLE_ALL,renewable,CURTAIL,86.676198439818,386.676198439818,86.676198439818,0.686450499663461,0.7969294138785739,0
2026-01-05 16:30:00,ZONE_A,1,0.9321625,0.6004403,2818.8298,99.83127,595.7171,695.54834,2123.28146,1,BATTERY_ALL,battery,CHARGE,300.0,417.6352539341021,117.63525393410208,0.6884251806251692,0.8077495393058862,0
2026-01-05 16:30:00,ZONE_A,1,0.9321625,0.6004403,2818.8298,99.83127,595.7171,695.54834,2123.28146,2,RENEWABLE_ALL,renewable,CURTAIL,117.63525393410208,417.6352539341021,117.63525393410208,0.6884251806251692,0.8077495393058862,0
2026-01-05 17:15:00,ZONE_A,3,0.9839984,0.62052727,3032.4763,0.0,592.6695,592.6695,2439.8068,1,BATTERY_ALL,battery,CHARGE,300.0,367.76758684726497,67.76758684726497,0.7719678014598734,0.8770442551799255,0
2026-01-05 17:15:00,ZONE_A,3,0.9839984,0.62052727,3032.4763,0.0,592.6695,592.6695,2439.8068,2,RENEWABLE_ALL,renewable,CURTAIL,67.76758684726497,367.76758684726497,67.76758684726497,0.7719678014598734,0.8770442551799255,0
2026-01-05 17:30:00,ZONE_A,3,0.98940825,0.5198119,3041.4045,0.541851,589.2581,589.8,2451.6045000000004,1,BATTERY_ALL,battery,CHARGE,300.0,306.58505862,6.585058619999984,0.7761211427343178,0.8637168740497421,0
2026-01-05 17:30:00,ZONE_A,3,0.98940825,0.5198119,3041.4045,0.541851,589.2581,589.8,2451.6045000000004,2,RENEWABLE_ALL,renewable,CURTAIL,6.585058619999984,306.58505862,6.585058619999984,0.7761211427343178,0.8637168740497421,0
2026-01-05 17:45:00,ZONE_A,3,0.956045,0.6927685,3004.921,0.0,596.28534,596.28534,2408.63566,1,BATTERY_ALL,battery,CHARGE,300.0,413.08770056379,113.08770056379001,0.780450674708538,0.8984757323920789,0
2026-01-05 17:45:00,ZONE_A,3,0.956045,0.6927685,3004.921,0.0,596.28534,596.28534,2408.63566,2,RENEWABLE_ALL,renewable,CURTAIL,113.08770056379001,413.08770056379,113.08770056379001,0.780450674708538,0.8984757323920789,0
2026-01-05 18:00:00,ZONE_A,3,0.98916036,0.761282,3103.6455,0.0,596.8475,596.8475,2506.798,1,BATTERY_ALL,battery,CHARGE,300.0,454.369258495,154.369258495,0.7795346799917209,0.9093544687033371,0
2026-01-05 18:00:00,ZONE_A,3,0.98916036,0.761282,3103.6455,0.0,596.8475,596.8475,2506.798,2,RENEWABLE_ALL,renewable,CURTAIL,154.369258495,454.369258495,154.369258495,0.7795346799917209,0.9093544687033371,0
2026-01-05 18:15:00,ZONE_A,3,0.9897368,0.6011726,3112.4116,0.0,590.65686,590.65686,2521.75474,1,BATTERY_ALL,battery,CHARGE,300.0,355.086720234036,55.08672023403602,0.785252854734132,0.8867062038173359,0
2026-01-05 18:15:00,ZONE_A,3,0.9897368,0.6011726,3112.4116,0.0,590.65686,590.65686,2521.75474,2,RENEWABLE_ALL,renewable,CURTAIL,55.08672023403602,355.086720234036,55.08672023403602,0.785252854734132,0.8867062038173359,0
2026-01-05 18:30:00,ZONE_A,3,0.98916036,0.8968286,3135.0032,0.014464794,594.2706,594.2851,2540.7181,1,BATTERY_ALL,battery,CHARGE,300.0,532.97187423386,232.97187423386004,0.7831074480168891,0.9353851270495995,0
2026-01-05 18:30:00,ZONE_A,3,0.98916036,0.8968286,3135.0032,0.014464794,594.2706,594.2851,2540.7181,2,RENEWABLE_ALL,renewable,CURTAIL,232.97187423386004,532.97187423386,232.97187423386004,0.7831074480168891,0.9353851270495995,0
2026-01-05 18:45:00,ZONE_A,3,0.98056406,0.82806855,3115.7097,0.0,596.22894,596.22894,2519.48076,1,BATTERY_ALL,battery,CHARGE,300.0,493.71843381383695,193.71843381383695,0.776967254685463,0.9180296649890682,0
2026-01-05 18:45:00,ZONE_A,3,0.98056406,0.82806855,3115.7097,0.0,596.22894,596.22894,2519.48076,2,RENEWABLE_ALL,renewable,CURTAIL,193.71843381383695,493.71843381383695,193.71843381383695,0.776967254685463,0.9180296649890682,0
2026-01-05 19:00:00,ZONE_A,3,0.98474437,0.9153988,3098.1023,0.0,595.50415,595.50415,2502.59815,1,BATTERY_ALL,battery,CHARGE,300.0,545.12378430502,245.12378430501997,0.7801685338409077,0.9359181872059434,0
2026-01-05 19:00:00,ZONE_A,3,0.98474437,0.9153988,3098.1023,0.0,595.50415,595.50415,2502.59815,2,RENEWABLE_ALL,renewable,CURTAIL,245.12378430501997,545.12378430502,245.12378430501997,0.7801685338409077,0.9359181872059434,0
2026-01-05 19:15:00,ZONE_A,1,0.79697186,0.7157627,2851.8938,0.36223325,595.65106,596.0133,2255.8805,1,BATTERY_ALL,battery,CHARGE,300.0,426.60408884390995,126.60408884390995,0.6965116867997504,0.8183985698941652,0
2026-01-05 19:15:00,ZONE_A,1,0.79697186,0.7157627,2851.8938,0.36223325,595.65106,596.0133,2255.8805,2,RENEWABLE_ALL,renewable,CURTAIL,126.60408884390995,426.60408884390995,126.60408884390995,0.6965116867997504,0.8183985698941652,0
2026-01-05 20:15:00,ZONE_A,1,0.5982903,0.7812228,2634.622,0.0,597.6403,597.6403,2036.9817,1,BATTERY_ALL,battery,CHARGE,300.0,466.89022855884,166.89022855884002,0.6517415676455128,0.7851387762447279,0
2026-01-05 20:15:00,ZONE_A,1,0.5982903,0.7812228,2634.622,0.0,597.6403,597.6403,2036.9817,2,RENEWABLE_ALL,renewable,CURTAIL,166.89022855884002,466.89022855884,166.89022855884002,0.6517415676455128,0.7851387762447279,0
2026-01-05 20:30:00,ZONE_A,0,0.893296,0.6511745,2609.4763,0.0,599.157,599.157,2010.3193,1,BATTERY_ALL,battery,CHARGE,300.0,390.1557598965,90.1557598965,0.6374274329785219,0.7489005075803677,0
2026-01-05 20:30:00,ZONE_A,0,0.893296,0.6511745,2609.4763,0.0,599.157,599.157,2010.3193,2,RENEWABLE_ALL,renewable,CURTAIL,90.1557598965,390.1557598965,90.1557598965,0.6374274329785219,0.7489005075803677,0
2026-01-05 20:45:00,ZONE_A,1,0.6378083,0.7812228,2644.314,0.0,597.2606,597.2606,2047.0534,1,BATTERY_ALL,battery,CHARGE,300.0,466.59359826168,166.59359826167997,0.6565694563579464,0.7898819134339004,0
2026-01-05 20:45:00,ZONE_A,1,0.6378083,0.7812228,2644.314,0.0,597.2606,597.2606,2047.0534,2,RENEWABLE_ALL,renewable,CURTAIL,166.59359826167997,466.59359826168,166.59359826167997,0.6565694563579464,0.7898819134339004,0
2026-01-05 21:00:00,ZONE_A,0,0.9881521,0.5642086,2580.0098,0.0,599.0594,599.0594,1980.9504,1,BATTERY_ALL,battery,CHARGE,300.0,337.99446539083993,37.994465390839935,0.6345745892749933,0.7311444368068827,0
2026-01-05 21:00:00,ZONE_A,0,0.9881521,0.5642086,2580.0098,0.0,599.0594,599.0594,1980.9504,2,RENEWABLE_ALL,renewable,CURTAIL,37.994465390839935,337.99446539083993,37.994465390839935,0.6345745892749933,0.7311444368068827,0
2026-01-05 21:15:00,ZONE_A,0,0.9867214,0.6900879,2501.222,0.0,596.96765,596.96765,1904.25435,1,BATTERY_ALL,battery,CHARGE,300.0,411.960151956435,111.96015195643503,0.6135807902961475,0.7312836911931047,0
2026-01-05 21:15:00,ZONE_A,0,0.9867214,0.6900879,2501.222,0.0,596.96765,596.96765,1904.25435,2,RENEWABLE_ALL,renewable,CURTAIL,111.96015195643503,411.960151956435,111.96015195643503,0.6135807902961475,0.7312836911931047,0
2026-01-05 21:30:00,ZONE_A,0,0.9882073,0.67351186,2446.8943,0.062001698,599.37836,599.44037,1847.45393,1,BATTERY_ALL,battery,CHARGE,300.0,403.7301985577882,103.73019855778819,0.6024407008900416,0.7177921865104141,0
2026-01-05 21:30:00,ZONE_A,0,0.9882073,0.67351186,2446.8943,0.062001698,599.37836,599.44037,1847.45393,2,RENEWABLE_ALL,renewable,CURTAIL,103.73019855778819,403.7301985577882,103.73019855778819,0.6024407008900416,0.7177921865104141,0
2026-01-05 21:45:00,ZONE_A,0,0.98818064,0.54619706,2449.0015,0.0,600.1635,600.1635,1848.838,1,BATTERY_ALL,battery,CHARGE,300.0,327.80753921931,27.80753921931,0.5999268034267253,0.6935861006192451,0
2026-01-05 21:45:00,ZONE_A,0,0.98818064,0.54619706,2449.0015,0.0,600.1635,600.1635,1848.838,2,RENEWABLE_ALL,renewable,CURTAIL,27.80753921931,327.80753921931,27.80753921931,0.5999268034267253,0.6935861006192451,0
2026-01-05 22:30:00,ZONE_A,0,0.99642426,0.5595154,2349.4556,0.0,603.1391,603.1391,1746.3165,1,BATTERY_ALL,battery,CHARGE,300.0,337.46561479214,37.46561479214,0.5820032901519973,0.6784220374779926,0
2026-01-05 22:30:00,ZONE_A,0,0.99642426,0.5595154,2349.4556,0.0,603.1391,603.1391,1746.3165,2,RENEWABLE_ALL,renewable,CURTAIL,37.46561479214,337.46561479214,37.46561479214,0.5820032901519973,0.6784220374779926,0
2026-01-05 22:45:00,ZONE_A,0,0.99645257,0.68162185,2316.8623,0.0,602.6307,602.6307,1714.2315999999996,1,BATTERY_ALL,battery,CHARGE,300.0,410.76625260079504,110.76625260079504,0.5715031963899321,0.6888649831406528,0
2026-01-05 22:45:00,ZONE_A,0,0.99645257,0.68162185,2316.8623,0.0,602.6307,602.6307,1714.2315999999996,2,RENEWABLE_ALL,renewable,CURTAIL,110.76625260079504,410.76625260079504,110.76625260079504,0.5715031963899321,0.6888649831406528,0
2026-01-05 23:00:00,ZONE_A,0,0.99645257,0.593155,2316.1028,0.0,603.0601,603.0601,1713.0427,1,BATTERY_ALL,battery,CHARGE,300.0,357.7081136155,57.7081136155,0.577424619973464,0.6796269384038365,0
2026-01-05 23:00:00,ZONE_A,0,0.99645257,0.593155,2316.1028,0.0,603.0601,603.0601,1713.0427,2,RENEWABLE_ALL,renewable,CURTAIL,57.7081136155,357.7081136155,57.7081136155,0.577424619973464,0.6796269384038365,0
2026-01-05 23:15:00,ZONE_A,0,0.99624145,0.7591394,2315.4272,0.0,598.69464,598.69464,1716.73256,1,BATTERY_ALL,battery,CHARGE,300.0,454.49268979281607,154.49268979281607,0.5781273545303721,0.7079824090743716,0
2026-01-05 23:15:00,ZONE_A,0,0.99624145,0.7591394,2315.4272,0.0,598.69464,598.69464,1716.73256,2,RENEWABLE_ALL,renewable,CURTAIL,154.49268979281607,454.49268979281607,154.49268979281607,0.5781273545303721,0.7079824090743716,0
2026-01-05 23:30:00,ZONE_A,0,0.99655056,0.75378716,2318.8313,0.0,600.6185,600.6185,1718.2127999999998,1,BATTERY_ALL,battery,CHARGE,300.0,452.73851335846,152.73851335846,0.5814260801075221,0.7107799413765434,0
2026-01-05 23:30:00,ZONE_A,0,0.99655056,0.75378716,2318.8313,0.0,600.6185,600.6185,1718.2127999999998,2,RENEWABLE_ALL,renewable,CURTAIL,152.73851335846,452.73851335846,152.73851335846,0.5814260801075221,0.7107799413765434,0
2026-01-06 00:00:00,ZONE_A,0,0.99674314,0.6322945,2316.1946,0.0,602.4602,602.4602,1713.7343999999998,1,BATTERY_ALL,battery,CHARGE,300.0,380.9322709289,80.93227092889998,0.5776920287312418,0.6865298206827716,0
2026-01-06 00:00:00,ZONE_A,0,0.99674314,0.6322945,2316.1946,0.0,602.4602,602.4602,1713.7343999999998,2,RENEWABLE_ALL,renewable,CURTAIL,80.93227092889998,380.9322709289,80.93227092889998,0.5776920287312418,0.6865298206827716,0
2026-01-06 00:15:00,ZONE_A,0,0.99655056,0.73032737,2322.591,0.0,599.61523,599.61523,1722.97577,1,BATTERY_ALL,battery,CHARGE,300.0,437.91541393784513,137.91541393784513,0.5824728136911185,0.7075915036842249,0
2026-01-06 00:15:00,ZONE_A,0,0.99655056,0.73032737,2322.591,0.0,599.61523,599.61523,1722.97577,2,RENEWABLE_ALL,renewable,CURTAIL,137.91541393784513,437.91541393784513,137.91541393784513,0.5824728136911185,0.7075915036842249,0
2026-01-06 00:30:00,ZONE_A,0,0.99662906,0.7083567,2297.0325,0.6276707,600.87396,601.50165,1695.5308499999996,1,BATTERY_ALL,battery,CHARGE,300.0,426.077723838555,126.07772383855502,0.5693560110092306,0.6910925038253684,0
2026-01-06 00:30:00,ZONE_A,0,0.99662906,0.7083567,2297.0325,0.6276707,600.87396,601.50165,1695.5308499999996,2,RENEWABLE_ALL,renewable,CURTAIL,126.07772383855502,426.077723838555,126.07772383855502,0.5693560110092306,0.6910925038253684,0
2026-01-06 00:45:00,ZONE_A,0,0.9963707,0.71877384,2321.4248,1.3092222,598.10913,599.41833,1722.0064699999998,1,BATTERY_ALL,battery,CHARGE,300.0,430.84621482048715,130.84621482048715,0.5799805432368996,0.7030794620422587,0
2026-01-06 00:45:00,ZONE_A,0,0.9963707,0.71877384,2321.4248,1.3092222,598.10913,599.41833,1722.0064699999998,2,RENEWABLE_ALL,renewable,CURTAIL,130.84621482048715,430.84621482048715,130.84621482048715,0.5799805432368996,0.7030794620422587,0
2026-01-06 01:00:00,ZONE_A,0,0.99645114,0.63166994,2281.5984,0.0,601.2829,601.2829,1680.3154999999997,1,BATTERY_ALL,battery,CHARGE,300.0,379.812333366026,79.812333366026,0.5624323866711358,0.6709501964612499,0
2026-01-06 01:00:00,ZONE_A,0,0.99645114,0.63166994,2281.5984,0.0,601.2829,601.2829,1680.3154999999997,2,RENEWABLE_ALL,renewable,CURTAIL,79.812333366026,379.812333366026,79.812333366026,0.5624323866711358,0.6709501964612499,0
2026-01-06 01:30:00,ZONE_A,0,0.9966047,0.56767154,2286.047,0.4536252,604.3309,604.7845,1681.2625,1,BATTERY_ALL,battery,CHARGE,300.0,343.31894848313,43.31894848312999,0.565817347439742,0.663908475805557,0
2026-01-06 01:30:00,ZONE_A,0,0.9966047,0.56767154,2286.047,0.4536252,604.3309,604.7845,1681.2625,2,RENEWABLE_ALL,renewable,CURTAIL,43.31894848312999,343.31894848313,43.31894848312999,0.565817347439742,0.663908475805557,0
2026-01-06 01:45:00,ZONE_A,0,0.99676126,0.5402797,2287.7847,1.4415702,601.7926,603.2342,1684.5505000000005,1,BATTERY_ALL,battery,CHARGE,300.0,325.91519260574,25.915192605740003,0.5719944776338001,0.6651131043142838,0
2026-01-06 01:45:00,ZONE_A,0,0.99676126,0.5402797,2287.7847,1.4415702,601.7926,603.2342,1684.5505000000005,2,RENEWABLE_ALL,renewable,CURTAIL,25.915192605740003,325.91519260574,25.915192605740003,0.5719944776338001,0.6651131043142838,0
2026-01-06 02:00:00,ZONE_A,0,0.9970278,0.8186948,2287.4407,0.0,594.46484,594.46484,1692.97586,1,BATTERY_ALL,battery,CHARGE,300.0,486.68527329083196,186.68527329083196,0.5649041513771756,0.7039570869209137,0
2026-01-06 02:00:00,ZONE_A,0,0.9970278,0.8186948,2287.4407,0.0,594.46484,594.46484,1692.97586,2,RENEWABLE_ALL,renewable,CURTAIL,186.68527329083196,486.68527329083196,186.68527329083196,0.5649041513771756,0.7039570869209137,0
2026-01-06 02:15:00,ZONE_A,0,0.99705964,0.60204107,2282.6191,0.0,601.4638,601.4638,1681.1553,1,BATTERY_ALL,battery,CHARGE,300.0,362.105909718266,62.10590971826599,0.564922784981973,0.668381616567045,0
2026-01-06 02:15:00,ZONE_A,0,0.99705964,0.60204107,2282.6191,0.0,601.4638,601.4638,1681.1553,2,RENEWABLE_ALL,renewable,CURTAIL,62.10590971826599,362.105909718266,62.10590971826599,0.564922784981973,0.668381616567045,0
2026-01-06 02:30:00,ZONE_A,0,0.9964689,0.5426611,2276.0046,0.6276707,604.24133,604.869,1671.1356,1,BATTERY_ALL,battery,CHARGE,300.0,328.23887689590003,28.238876895900034,0.56687867568781,0.6606612121597794,0
2026-01-06 02:30:00,ZONE_A,0,0.9964689,0.5426611,2276.0046,0.6276707,604.24133,604.869,1671.1356,2,RENEWABLE_ALL,renewable,CURTAIL,28.238876895900034,328.23887689590003,28.238876895900034,0.56687867568781,0.6606612121597794,0
2026-01-06 02:45:00,ZONE_A,0,0.99645114,0.6680123,2281.337,1.4415702,600.0342,601.47577,1679.86123,1,BATTERY_ALL,battery,CHARGE,300.0,401.79321251197103,101.79321251197103,0.5646767364256892,0.6794747974116114,0
2026-01-06 02:45:00,ZONE_A,0,0.99645114,0.6680123,2281.337,1.4415702,600.0342,601.47577,1679.86123,2,RENEWABLE_ALL,renewable,CURTAIL,101.79321251197103,401.79321251197103,101.79321251197103,0.5646767364256892,0.6794747974116114,0
2026-01-06 03:00:00,ZONE_A,0,0.9964689,0.5083073,2279.9429,0.0,604.3483,604.3483,1675.5946,1,BATTERY_ALL,battery,CHARGE,300.0,307.19465263259,7.194652632590021,0.5654811940537592,0.6532510950076532,0
2026-01-06 03:00:00,ZONE_A,0,0.9964689,0.5083073,2279.9429,0.0,604.3483,604.3483,1675.5946,2,RENEWABLE_ALL,renewable,CURTAIL,7.194652632590021,307.19465263259,7.194652632590021,0.5654811940537592,0.6532510950076532,0
2026-01-06 03:15:00,ZONE_A,0,0.9967037,0.5335817,2290.8604,0.0,603.6987,603.6987,1687.1617,1,BATTERY_ALL,battery,CHARGE,300.0,322.12257863379006,22.122578633790056,0.5734762268009828,0.6655112494793171,0
2026-01-06 03:15:00,ZONE_A,0,0.9967037,0.5335817,2290.8604,0.0,603.6987,603.6987,1687.1617,2,RENEWABLE_ALL,renewable,CURTAIL,22.122578633790056,322.12257863379006,22.122578633790056,0.5734762268009828,0.6655112494793171,0
2026-01-06 03:30:00,ZONE_A,0,0.9965224,0.7723703,2295.3423,1.2326441,599.80176,601.0344,1694.3078999999998,1,BATTERY_ALL,battery,CHARGE,300.0,464.22111983831996,164.22111983831996,0.5717615190800569,0.704396125054378,0
2026-01-06 03:30:00,ZONE_A,0,0.9965224,0.7723703,2295.3423,1.2326441,599.80176,601.0344,1694.3078999999998,2,RENEWABLE_ALL,renewable,CURTAIL,164.22111983831996,464.22111983831996,164.22111983831996,0.5717615190800569,0.704396125054378,0
2026-01-06 03:45:00,ZONE_A,0,0.99668795,0.7023684,2280.2983,1.370913,602.39606,603.76697,1676.5313299999998,1,BATTERY_ALL,battery,CHARGE,300.0,424.06684069174804,124.06684069174804,0.5666837150096764,0.6878456697713593,0
2026-01-06 03:45:00,ZONE_A,0,0.99668795,0.7023684,2280.2983,1.370913,602.39606,603.76697,1676.5313299999998,2,RENEWABLE_ALL,renewable,CURTAIL,124.06684069174804,424.06684069174804,124.06684069174804,0.5666837150096764,0.6878456697713593,0
2026-01-06 04:00:00,ZONE_A,0,0.9967037,0.68351775,2292.3987,0.0,599.6553,599.6553,1692.7434000000003,1,BATTERY_ALL,battery,CHARGE,300.0,409.875041431575,109.87504143157503,0.5719806525583803,0.689087807522626,0
2026-01-06 04:00:00,ZONE_A,0,0.9967037,0.68351775,2292.3987,0.0,599.6553,599.6553,1692.7434000000003,2,RENEWABLE_ALL,renewable,CURTAIL,109.87504143157503,409.875041431575,109.87504143157503,0.5719806525583803,0.689087807522626,0
2026-01-06 04:15:00,ZONE_A,0,0.9962203,0.7581389,2269.9922,0.0,600.5929,600.5929,1669.3993,1,BATTERY_ALL,battery,CHARGE,300.0,455.33284055380994,155.33284055380994,0.5586318374793935,0.6887269350854947,0
2026-01-06 04:15:00,ZONE_A,0,0.9962203,0.7581389,2269.9922,0.0,600.5929,600.5929,1669.3993,2,RENEWABLE_ALL,renewable,CURTAIL,155.33284055380994,455.33284055380994,155.33284055380994,0.5586318374793935,0.6887269350854947,0
2026-01-06 04:45:00,ZONE_A,0,0.9961094,0.5286378,2278.9504,1.8735555,603.15063,605.0242,1673.9262000000003,1,BATTERY_ALL,battery,CHARGE,300.0,319.83866203476,19.838662034759977,0.5629291747710052,0.6543116498489706,0
2026-01-06 04:45:00,ZONE_A,0,0.9961094,0.5286378,2278.9504,1.8735555,603.15063,605.0242,1673.9262000000003,2,RENEWABLE_ALL,renewable,CURTAIL,19.838662034759977,319.83866203476,19.838662034759977,0.5629291747710052,0.6543116498489706,0
2026-01-06 05:00:00,ZONE_A,0,0.9959151,0.7123418,2566.7146,0.0,597.66296,597.66296,1969.05164,1,BATTERY_ALL,battery,CHARGE,300.0,425.74030871972803,125.74030871972803,0.6300624326363031,0.7517025211261328,0
2026-01-06 05:00:00,ZONE_A,0,0.9959151,0.7123418,2566.7146,0.0,597.66296,597.66296,1969.05164,2,RENEWABLE_ALL,renewable,CURTAIL,125.74030871972803,425.74030871972803,125.74030871972803,0.6300624326363031,0.7517025211261328,0
2026-01-06 05:15:00,ZONE_A,0,0.9974444,0.67684555,2561.2734,1.0620005,597.8851,598.9471,1962.3263,1,BATTERY_ALL,battery,CHARGE,300.0,405.394679320405,105.39467932040498,0.6308901577963753,0.746717209293204,0
2026-01-06 05:15:00,ZONE_A,0,0.9974444,0.67684555,2561.2734,1.0620005,597.8851,598.9471,1962.3263,2,RENEWABLE_ALL,renewable,CURTAIL,105.39467932040498,405.394679320405,105.39467932040498,0.6308901577963753,0.746717209293204,0
2026-01-06 05:45:00,ZONE_A,0,0.96323305,0.72670716,2625.718,0.7182117,597.49646,598.21466,2027.50334,1,BATTERY_ALL,battery,CHARGE,300.0,434.7268766389656,134.72687663896562,0.6494100437204483,0.7736177230443348,0
2026-01-06 05:45:00,ZONE_A,0,0.96323305,0.72670716,2625.718,0.7182117,597.49646,598.21466,2027.50334,2,RENEWABLE_ALL,renewable,CURTAIL,134.72687663896562,434.7268766389656,134.72687663896562,0.6494100437204483,0.7736177230443348,0
2026-01-06 06:00:00,ZONE_A,1,0.9529105,0.59822774,2677.3203,11.868889,601.4758,613.3447,2063.9756,1,BATTERY_ALL,battery,CHARGE,300.0,366.919813721978,66.91981372197802,0.6553792427435113,0.7602134755188887,0
2026-01-06 06:00:00,ZONE_A,1,0.9529105,0.59822774,2677.3203,11.868889,601.4758,613.3447,2063.9756,2,RENEWABLE_ALL,renewable,CURTAIL,66.91981372197802,366.919813721978,66.91981372197802,0.6553792427435113,0.7602134755188887,0
2026-01-06 06:15:00,ZONE_A,1,0.99440163,0.6716589,2712.516,60.180744,601.9489,662.12964,2050.38636,1,BATTERY_ALL,battery,CHARGE,300.0,444.725265659796,144.72526565979598,0.6626513631526365,0.7897157251139666,0
2026-01-06 06:15:00,ZONE_A,1,0.99440163,0.6716589,2712.516,60.180744,601.9489,662.12964,2050.38636,2,RENEWABLE_ALL,renewable,CURTAIL,144.72526565979598,444.725265659796,144.72526565979598,0.6626513631526365,0.7897157251139666,0
2026-01-06 06:30:00,ZONE_A,1,0.9905812,0.6600318,2740.081,84.31473,600.7002,685.0149,2055.0661,1,BATTERY_ALL,battery,CHARGE,300.0,452.13161747382,152.13161747381997,0.6880919440575994,0.8172724065500326,0
2026-01-06 06:30:00,ZONE_A,1,0.9905812,0.6600318,2740.081,84.31473,600.7002,685.0149,2055.0661,2,RENEWABLE_ALL,renewable,CURTAIL,152.13161747381997,452.13161747382,152.13161747381997,0.6880919440575994,0.8172724065500326,0
2026-01-06 06:45:00,ZONE_A,1,0.99395835,0.56746006,2758.454,71.181465,600.2853,671.46674,2086.9872600000003,1,BATTERY_ALL,battery,CHARGE,300.0,381.0305565684044,81.03055656840439,0.6818589997180337,0.7907248733338139,0
2026-01-06 06:45:00,ZONE_A,1,0.99395835,0.56746006,2758.454,71.181465,600.2853,671.46674,2086.9872600000003,2,RENEWABLE_ALL,renewable,CURTAIL,81.03055656840439,381.0305565684044,81.03055656840439,0.6818589997180337,0.7907248733338139,0
2026-01-06 07:00:00,ZONE_A,1,0.97550166,0.6222252,2786.8406,119.52125,597.9916,717.5128,2069.3278,1,BATTERY_ALL,battery,CHARGE,300.0,446.45454548256,146.45454548255998,0.6976927126722686,0.825251154608856,0
2026-01-06 07:00:00,ZONE_A,1,0.97550166,0.6222252,2786.8406,119.52125,597.9916,717.5128,2069.3278,2,RENEWABLE_ALL,renewable,CURTAIL,146.45454548255998,446.45454548256,146.45454548255998,0.6976927126722686,0.825251154608856,0
2026-01-06 07:15:00,ZONE_A,1,0.6251128,0.5155283,2807.5986,175.55562,600.946,776.5016,2031.097,1,BATTERY_ALL,battery,CHARGE,300.0,400.30854979528004,100.30854979528004,0.6990974224742567,0.8134712941833743,0
2026-01-06 07:15:00,ZONE_A,1,0.6251128,0.5155283,2807.5986,175.55562,600.946,776.5016,2031.097,2,RENEWABLE_ALL,renewable,CURTAIL,100.30854979528004,400.30854979528004,100.30854979528004,0.6990974224742567,0.8134712941833743,0
2026-01-06 07:30:00,ZONE_A,2,0.98608243,0.83027023,2852.3708,248.19504,601.6964,849.8915,2002.4793,1,BATTERY_ALL,battery,CHARGE,300.0,705.639611180045,405.639611180045,0.7182718875564749,0.9198832056828683,0
2026-01-06 07:30:00,ZONE_A,2,0.98608243,0.83027023,2852.3708,248.19504,601.6964,849.8915,2002.4793,2,RENEWABLE_ALL,renewable,CURTAIL,405.639611180045,705.639611180045,405.639611180045,0.7182718875564749,0.9198832056828683,0
2026-01-06 07:45:00,ZONE_A,2,0.97756577,0.7075355,2930.6174,254.13152,601.2503,855.38184,2075.23556,1,BATTERY_ALL,battery,CHARGE,300.0,605.21301785532,305.21301785532,0.7346114079758727,0.9075294136209191,0
2026-01-06 07:45:00,ZONE_A,2,0.97756577,0.7075355,2930.6174,254.13152,601.2503,855.38184,2075.23556,2,RENEWABLE_ALL,renewable,CURTAIL,305.21301785532,605.21301785532,305.21301785532,0.7346114079758727,0.9075294136209191,0
2026-01-06 08:00:00,ZONE_A,2,0.9750469,0.8416212,2934.0413,311.59033,600.76886,912.3592,2021.6821,1,BATTERY_ALL,battery,CHARGE,300.0,767.8608447350399,467.8608447350399,0.7402711123302611,0.9596599258374157,0
2026-01-06 08:00:00,ZONE_A,2,0.9750469,0.8416212,2934.0413,311.59033,600.76886,912.3592,2021.6821,2,RENEWABLE_ALL,renewable,CURTAIL,467.8608447350399,767.8608447350399,467.8608447350399,0.7402711123302611,0.9596599258374157,0
2026-01-06 08:15:00,ZONE_A,2,0.8767871,0.68347055,2954.764,348.7589,598.05585,946.81476,2007.94924,1,BATTERY_ALL,battery,CHARGE,300.0,647.120004765318,347.12000476531796,0.7469044881934253,0.9317959187408293,0
2026-01-06 08:15:00,ZONE_A,2,0.8767871,0.68347055,2954.764,348.7589,598.05585,946.81476,2007.94924,2,RENEWABLE_ALL,renewable,CURTAIL,347.12000476531796,647.120004765318,347.12000476531796,0.7469044881934253,0.9317959187408293,0
2026-01-06 08:30:00,ZONE_A,3,0.94122326,0.79431385,2972.0198,393.60468,601.0481,994.6528,1977.367,1,BATTERY_ALL,battery,CHARGE,300.0,790.0664949812799,490.0664949812799,0.7623033830706551,0.988036668152266,0
2026-01-06 08:30:00,ZONE_A,3,0.94122326,0.79431385,2972.0198,393.60468,601.0481,994.6528,1977.367,2,RENEWABLE_ALL,renewable,CURTAIL,490.0664949812799,790.0664949812799,490.0664949812799,0.7623033830706551,0.988036668152266,0
2026-01-06 08:45:00,ZONE_A,3,0.9566469,0.7590424,3038.5933,369.35394,599.032,968.3859,2070.2074,1,BATTERY_ALL,battery,CHARGE,300.0,735.04595766216,435.04595766216005,0.7783486280526678,0.988361759604627,0
2026-01-06 08:45:00,ZONE_A,3,0.9566469,0.7590424,3038.5933,369.35394,599.032,968.3859,2070.2074,2,RENEWABLE_ALL,renewable,CURTAIL,435.04595766216005,735.04595766216,435.04595766216005,0.7783486280526678,0.988361759604627,0
2026-01-06 09:00:00,ZONE_A,1,0.7247088,0.6616638,2700.8953,431.46924,598.18823,1029.6575,1671.2378,1,BATTERY_ALL,battery,CHARGE,300.0,681.2870941485,381.28709414850005,0.6990879881179906,0.8937414443384392,0
2026-01-06 09:00:00,ZONE_A,1,0.7247088,0.6616638,2700.8953,431.46924,598.18823,1029.6575,1671.2378,2,RENEWABLE_ALL,renewable,CURTAIL,381.28709414850005,681.2870941485,381.28709414850005,0.6990879881179906,0.8937414443384392,0
2026-01-06 09:15:00,ZONE_A,2,0.7432064,0.70419574,2719.1245,441.84235,599.5502,1041.3926,1677.7319,1,BATTERY_ALL,battery,CHARGE,300.0,733.3442325875238,433.34423258752383,0.7026468333818858,0.9121737578061784,0
2026-01-06 09:15:00,ZONE_A,2,0.7432064,0.70419574,2719.1245,441.84235,599.5502,1041.3926,1677.7319,2,RENEWABLE_ALL,renewable,CURTAIL,433.34423258752383,733.3442325875238,433.34423258752383,0.7026468333818858,0.9121737578061784,0
2026-01-06 09:30:00,ZONE_A,1,0.64373887,0.6990715,2693.3325,497.58118,599.65784,1097.239,1596.0935,1,BATTERY_ALL,battery,CHARGE,300.0,767.0485135885,467.0485135885,0.6904895284881881,0.9096462475783328,0
2026-01-06 09:30:00,ZONE_A,1,0.64373887,0.6990715,2693.3325,497.58118,599.65784,1097.239,1596.0935,2,RENEWABLE_ALL,renewable,CURTAIL,467.0485135885,767.0485135885,467.0485135885,0.6904895284881881,0.9096462475783328,0
2026-01-06 09:45:00,ZONE_A,2,0.8791775,0.84880126,2707.7559,478.85788,599.0835,1077.9414,1629.8145000000002,1,BATTERY_ALL,battery,CHARGE,300.0,914.958018526164,614.958018526164,0.7046460987980923,0.9660626766992576,0
2026-01-06 09:45:00,ZONE_A,2,0.8791775,0.84880126,2707.7559,478.85788,599.0835,1077.9414,1629.8145000000002,2,RENEWABLE_ALL,renewable,CURTAIL,614.958018526164,914.958018526164,614.958018526164,0.7046460987980923,0.9660626766992576,0
2026-01-06 10:00:00,ZONE_A,1,0.7563643,0.7792333,2686.7542,507.09335,600.829,1107.9224,1578.8318,1,BATTERY_ALL,battery,CHARGE,300.0,863.33002789592,563.33002789592,0.6992549029607482,0.9459206260364523,0
2026-01-06 10:00:00,ZONE_A,1,0.7563643,0.7792333,2686.7542,507.09335,600.829,1107.9224,1578.8318,2,RENEWABLE_ALL,renewable,CURTAIL,563.33002789592,863.33002789592,563.33002789592,0.6992549029607482,0.9459206260364523,0
2026-01-06 10:15:00,ZONE_A,1,0.7670369,0.69944257,2684.3987,533.365,600.3963,1133.7612,1550.6375000000005,1,BATTERY_ALL,battery,CHARGE,300.0,793.0008474942839,493.0008474942839,0.696980433588091,0.923552105062705,0
2026-01-06 10:15:00,ZONE_A,1,0.7670369,0.69944257,2684.3987,533.365,600.3963,1133.7612,1550.6375000000005,2,RENEWABLE_ALL,renewable,CURTAIL,493.0008474942839,793.0008474942839,493.0008474942839,0.696980433588091,0.923552105062705,0
2026-01-06 10:30:00,ZONE_A,2,0.9479114,0.7068787,2690.421,594.26807,599.5834,1193.8514,1496.5695999999998,1,BATTERY_ALL,battery,CHARGE,300.0,843.90812562518,543.90812562518,0.7071728787410034,0.948289486841509,0
2026-01-06 10:30:00,ZONE_A,2,0.9479114,0.7068787,2690.421,594.26807,599.5834,1193.8514,1496.5695999999998,2,RENEWABLE_ALL,renewable,CURTAIL,543.90812562518,843.90812562518,543.90812562518,0.7071728787410034,0.948289486841509,0
2026-01-06 10:45:00,ZONE_A,1,0.72197926,0.6907388,2670.3218,536.5323,602.2959,1138.8281,1531.4937000000002,1,BATTERY_ALL,battery,CHARGE,300.0,786.6327552002799,486.6327552002799,0.6986992462008612,0.9234514627333289,0
2026-01-06 10:45:00,ZONE_A,1,0.72197926,0.6907388,2670.3218,536.5323,602.2959,1138.8281,1531.4937000000002,2,RENEWABLE_ALL,renewable,CURTAIL,486.6327552002799,786.6327552002799,486.6327552002799,0.6986992462008612,0.9234514627333289,0
2026-01-06 11:00:00,ZONE_A,1,0.54913515,0.84284306,2690.4736,511.29398,601.156,1112.45,1578.0235999999998,1,BATTERY_ALL,battery,CHARGE,300.0,937.620762097,637.620762097,0.7034680158812483,0.9713596630854366,0
2026-01-06 11:00:00,ZONE_A,1,0.54913515,0.84284306,2690.4736,511.29398,601.156,1112.45,1578.0235999999998,2,RENEWABLE_ALL,renewable,CURTAIL,637.620762097,937.620762097,637.620762097,0.7034680158812483,0.9713596630854366,0
2026-01-06 11:15:00,ZONE_A,2,0.5911093,0.76850414,2699.0085,557.3335,598.85425,1156.1877,1542.8208,1,BATTERY_ALL,battery,CHARGE,300.0,888.535034067078,588.535034067078,0.7046364002750377,0.9585035537034228,0
2026-01-06 11:15:00,ZONE_A,2,0.5911093,0.76850414,2699.0085,557.3335,598.85425,1156.1877,1542.8208,2,RENEWABLE_ALL,renewable,CURTAIL,588.535034067078,888.535034067078,588.535034067078,0.7046364002750377,0.9585035537034228,0
2026-01-06 11:30:00,ZONE_A,2,0.9281839,0.69968957,2706.115,564.8061,612.996,1177.802,1528.313,1,BATTERY_ALL,battery,CHARGE,300.0,824.09577492514,524.09577492514,0.7172341803148573,0.9526901168118327,0
2026-01-06 11:30:00,ZONE_A,2,0.9281839,0.69968957,2706.115,564.8061,612.996,1177.802,1528.313,2,RENEWABLE_ALL,renewable,CURTAIL,524.09577492514,824.09577492514,524.09577492514,0.7172341803148573,0.9526901168118327,0
2026-01-06 11:45:00,ZONE_A,2,0.49455947,0.76062846,2695.2969,548.3251,598.11816,1146.4432,1548.8537,1,BATTERY_ALL,battery,CHARGE,300.0,872.0173256934719,572.0173256934719,0.6955774241905427,0.944725232358442,0
2026-01-06 11:45:00,ZONE_A,2,0.49455947,0.76062846,2695.2969,548.3251,598.11816,1146.4432,1548.8537,2,RENEWABLE_ALL,renewable,CURTAIL,572.0173256934719,872.0173256934719,572.0173256934719,0.6955774241905427,0.944725232358442,0
2026-01-06 12:00:00,ZONE_A,1,0.76984996,0.85370344,2681.8464,497.04056,600.8896,1097.9302,1583.9162,1,BATTERY_ALL,battery,CHARGE,300.0,937.306788619888,637.306788619888,0.6953673319795909,0.9631692724883862,0
2026-01-06 12:00:00,ZONE_A,1,0.76984996,0.85370344,2681.8464,497.04056,600.8896,1097.9302,1583.9162,2,RENEWABLE_ALL,renewable,CURTAIL,637.306788619888,937.306788619888,637.306788619888,0.6953673319795909,0.9631692724883862,0
2026-01-06 12:15:00,ZONE_A,1,0.7864714,0.87804663,2682.7437,475.9142,598.01306,1073.9272,1608.8165,1,BATTERY_ALL,battery,CHARGE,300.0,942.9581588253361,642.9581588253361,0.6886210874845876,0.958037705203979,0
2026-01-06 12:15:00,ZONE_A,1,0.7864714,0.87804663,2682.7437,475.9142,598.01306,1073.9272,1608.8165,2,RENEWABLE_ALL,renewable,CURTAIL,642.9581588253361,942.9581588253361,642.9581588253361,0.6886210874845876,0.958037705203979,0
2026-01-06 12:30:00,ZONE_A,1,0.7862012,0.848241,2669.16,496.0244,596.84894,1092.8733,1576.2867,1,BATTERY_ALL,battery,CHARGE,300.0,927.0199408653,627.0199408653,0.6917272536823846,0.9565900948662994,0
2026-01-06 12:30:00,ZONE_A,1,0.7862012,0.848241,2669.16,496.0244,596.84894,1092.8733,1576.2867,2,RENEWABLE_ALL,renewable,CURTAIL,627.0199408653,927.0199408653,627.0199408653,0.6917272536823846,0.9565900948662994,0
2026-01-06 12:45:00,ZONE_A,1,0.73587316,0.6798491,2675.5132,463.79813,599.38513,1063.1832,1612.33,1,BATTERY_ALL,battery,CHARGE,300.0,722.8041416551199,422.8041416551199,0.6891480949826838,0.8956635647053881,0
2026-01-06 12:45:00,ZONE_A,1,0.73587316,0.6798491,2675.5132,463.79813,599.38513,1063.1832,1612.33,2,RENEWABLE_ALL,renewable,CURTAIL,422.8041416551199,722.8041416551199,422.8041416551199,0.6891480949826838,0.8956635647053881,0
2026-01-06 13:00:00,ZONE_A,1,0.7226272,0.6871865,2676.9023,453.9513,597.3598,1051.311,1625.5913000000005,1,BATTERY_ALL,battery,CHARGE,300.0,722.4467265014999,422.44672650149994,0.6946213400697571,0.9010346911763382,0
2026-01-06 13:00:00,ZONE_A,1,0.7226272,0.6871865,2676.9023,453.9513,597.3598,1051.311,1625.5913000000005,2,RENEWABLE_ALL,renewable,CURTAIL,422.44672650149994,722.4467265014999,422.44672650149994,0.6946213400697571,0.9010346911763382,0
2026-01-06 13:15:00,ZONE_A,1,0.7033981,0.7169466,2678.3767,477.69965,599.15125,1076.8508,1601.5259,1,BATTERY_ALL,battery,CHARGE,300.0,772.0445197672799,472.0445197672799,0.6951791100686924,0.9157632592820403,0
2026-01-06 13:15:00,ZONE_A,1,0.7033981,0.7169466,2678.3767,477.69965,599.15125,1076.8508,1601.5259,2,RENEWABLE_ALL,renewable,CURTAIL,472.0445197672799,772.0445197672799,472.0445197672799,0.6951791100686924,0.9157632592820403,0
2026-01-06 13:30:00,ZONE_A,1,0.5411673,0.7786455,2694.6833,467.40485,592.9767,1060.3816,1634.3017000000002,1,BATTERY_ALL,battery,CHARGE,300.0,825.6613611227999,525.6613611227999,0.7122604952149196,0.9481637420152474,0
2026-01-06 13:30:00,ZONE_A,1,0.5411673,0.7786455,2694.6833,467.40485,592.9767,1060.3816,1634.3017000000002,2,RENEWABLE_ALL,renewable,CURTAIL,525.6613611227999,825.6613611227999,525.6613611227999,0.7122604952149196,0.9481637420152474,0
2026-01-06 13:45:00,ZONE_A,1,0.76682603,0.634596,2688.9744,430.1553,599.1664,1029.3217,1659.6527,1,BATTERY_ALL,battery,CHARGE,300.0,653.2034335332,353.20343353320004,0.6931917496196315,0.8798213026580696,0
2026-01-06 13:45:00,ZONE_A,1,0.76682603,0.634596,2688.9744,430.1553,599.1664,1029.3217,1659.6527,2,RENEWABLE_ALL,renewable,CURTAIL,353.20343353320004,653.2034335332,353.20343353320004,0.6931917496196315,0.8798213026580696,0
2026-01-06 14:00:00,ZONE_A,1,0.5746765,0.6764562,2692.941,406.6544,599.417,1006.0714,1686.8695999999998,1,BATTERY_ALL,battery,CHARGE,300.0,680.5632361726799,380.5632361726799,0.7004296799548755,0.8948763194980949,0
2026-01-06 14:00:00,ZONE_A,1,0.5746765,0.6764562,2692.941,406.6544,599.417,1006.0714,1686.8695999999998,2,RENEWABLE_ALL,renewable,CURTAIL,380.5632361726799,680.5632361726799,380.5632361726799,0.7004296799548755,0.8948763194980949,0
2026-01-06 14:15:00,ZONE_A,1,0.62071896,0.7323913,2695.1194,422.69095,601.281,1023.9719,1671.1475,1,BATTERY_ALL,battery,CHARGE,300.0,749.94811100447,449.94811100447,0.6998537882198707,0.914124677781231,0
2026-01-06 14:15:00,ZONE_A,1,0.62071896,0.7323913,2695.1194,422.69095,601.281,1023.9719,1671.1475,2,RENEWABLE_ALL,renewable,CURTAIL,449.94811100447,749.94811100447,449.94811100447,0.6998537882198707,0.914124677781231,0
2026-01-06 14:30:00,ZONE_A,1,0.79957986,0.65300244,2680.9993,393.49518,598.47406,991.96924,1689.03006,1,BATTERY_ALL,battery,CHARGE,300.0,647.7583341249456,347.7583341249456,0.6903735545198991,0.8754473649130828,0
2026-01-06 14:30:00,ZONE_A,1,0.79957986,0.65300244,2680.9993,393.49518,598.47406,991.96924,1689.03006,2,RENEWABLE_ALL,renewable,CURTAIL,347.7583341249456,647.7583341249456,347.7583341249456,0.6903735545198991,0.8754473649130828,0
2026-01-06 14:45:00,ZONE_A,1,0.88950354,0.7522786,2700.1736,339.3625,598.91736,938.27985,1761.8937500000002,1,BATTERY_ALL,battery,CHARGE,300.0,705.84785196621,405.84785196621,0.6884711085709375,0.8901419240757449,0
2026-01-06 14:45:00,ZONE_A,1,0.88950354,0.7522786,2700.1736,339.3625,598.91736,938.27985,1761.8937500000002,2,RENEWABLE_ALL,renewable,CURTAIL,405.84785196621,705.84785196621,405.84785196621,0.6884711085709375,0.8901419240757449,0
2026-01-06 15:00:00,ZONE_A,2,0.9265116,0.56830746,2794.6099,349.26105,600.6764,949.93744,1844.67246,1,BATTERY_ALL,battery,CHARGE,300.0,539.8565336853025,239.85653368530245,0.7111160301461141,0.8653607545710871,0
2026-01-06 15:00:00,ZONE_A,2,0.9265116,0.56830746,2794.6099,349.26105,600.6764,949.93744,1844.67246,2,RENEWABLE_ALL,renewable,CURTAIL,239.85653368530245,539.8565336853025,239.85653368530245,0.7111160301461141,0.8653607545710871,0
2026-01-06 15:15:00,ZONE_A,2,0.8691154,0.76413155,2797.3384,315.6678,599.3359,915.00366,1882.33474,1,BATTERY_ALL,battery,CHARGE,300.0,699.1831649714729,399.18316497147293,0.7108410209858393,0.9106076402146819,0
2026-01-06 15:15:00,ZONE_A,2,0.8691154,0.76413155,2797.3384,315.6678,599.3359,915.00366,1882.33474,2,RENEWABLE_ALL,renewable,CURTAIL,399.18316497147293,699.1831649714729,399.18316497147293,0.7108410209858393,0.9106076402146819,0
2026-01-06 15:30:00,ZONE_A,2,0.8243899,0.701931,2800.513,259.36545,597.56683,856.93225,1943.58075,1,BATTERY_ALL,battery,CHARGE,300.0,601.5073111747499,301.50731117474993,0.7106319094209328,0.8824911417402007,0
2026-01-06 15:30:00,ZONE_A,2,0.8243899,0.701931,2800.513,259.36545,597.56683,856.93225,1943.58075,2,RENEWABLE_ALL,renewable,CURTAIL,301.50731117474993,601.5073111747499,301.50731117474993,0.7106319094209328,0.8824911417402007,0
2026-01-06 15:45:00,ZONE_A,1,0.5512589,0.73241246,2778.8457,221.49063,600.0293,821.5199,1957.3258,1,BATTERY_ALL,battery,CHARGE,300.0,601.691410897954,301.69141089795403,0.6977459112133989,0.8696577434503613,0
2026-01-06 15:45:00,ZONE_A,1,0.5512589,0.73241246,2778.8457,221.49063,600.0293,821.5199,1957.3258,2,RENEWABLE_ALL,renewable,CURTAIL,301.69141089795403,601.691410897954,301.69141089795403,0.6977459112133989,0.8696577434503613,0
2026-01-06 16:00:00,ZONE_A,1,0.6013682,0.763181,2794.65,187.70085,592.97705,780.6779,2013.9721,1,BATTERY_ALL,battery,CHARGE,300.0,595.7985403999,295.79854039990005,0.6985778781636235,0.8688060331528562,0
2026-01-06 16:00:00,ZONE_A,1,0.6013682,0.763181,2794.65,187.70085,592.97705,780.6779,2013.9721,2,RENEWABLE_ALL,renewable,CURTAIL,295.79854039990005,595.7985403999,295.79854039990005,0.6985778781636235,0.8688060331528562,0
2026-01-06 16:15:00,ZONE_A,1,0.80463487,0.59993833,2796.8633,134.86377,597.04895,731.9127,2064.9506,1,BATTERY_ALL,battery,CHARGE,300.0,439.10248294379096,139.10248294379096,0.6898544324871151,0.8153122851906413,0
2026-01-06 16:15:00,ZONE_A,1,0.80463487,0.59993833,2796.8633,134.86377,597.04895,731.9127,2064.9506,2,RENEWABLE_ALL,renewable,CURTAIL,139.10248294379096,439.10248294379096,139.10248294379096,0.6898544324871151,0.8153122851906413,0
2026-01-06 16:30:00,ZONE_A,1,0.9352632,0.62187856,2795.4287,93.785965,597.27344,691.0594,2104.3693,1,BATTERY_ALL,battery,CHARGE,300.0,429.75502454646397,129.75502454646397,0.6865789325799583,0.8093660828747052,0
2026-01-06 16:30:00,ZONE_A,1,0.9352632,0.62187856,2795.4287,93.785965,597.27344,691.0594,2104.3693,2,RENEWABLE_ALL,renewable,CURTAIL,129.75502454646397,429.75502454646397,129.75502454646397,0.6865789325799583,0.8093660828747052,0
2026-01-06 16:45:00,ZONE_A,1,0.9691068,0.6197018,2803.995,49.825195,596.1878,646.013,2157.982,1,BATTERY_ALL,battery,CHARGE,300.0,400.3354189234,100.33541892340003,0.6978938288263196,0.8122753774685766,0
2026-01-06 16:45:00,ZONE_A,1,0.9691068,0.6197018,2803.995,49.825195,596.1878,646.013,2157.982,2,RENEWABLE_ALL,renewable,CURTAIL,100.33541892340003,400.3354189234,100.33541892340003,0.6978938288263196,0.8122753774685766,0
2026-01-06 17:00:00,ZONE_A,1,0.9868743,0.60265744,2797.3318,6.8000407,596.4521,603.25214,2194.07966,1,BATTERY_ALL,battery,CHARGE,300.0,363.5543903669216,63.55439036692161,0.6832139255103487,0.7870866088169349,0
2026-01-06 17:00:00,ZONE_A,1,0.9868743,0.60265744,2797.3318,6.8000407,596.4521,603.25214,2194.07966,2,RENEWABLE_ALL,renewable,CURTAIL,63.55439036692161,363.5543903669216,63.55439036692161,0.6832139255103487,0.7870866088169349,0
2026-01-06 17:15:00,ZONE_A,1,0.9795537,0.7281621,2807.588,0.0,599.4005,599.4005,2208.1875,1,BATTERY_ALL,battery,CHARGE,300.0,436.46072682105,136.46072682105,0.680039226450404,0.8047422916584975,0
2026-01-06 17:15:00,ZONE_A,1,0.9795537,0.7281621,2807.588,0.0,599.4005,599.4005,2208.1875,2,RENEWABLE_ALL,renewable,CURTAIL,136.46072682105,436.46072682105,136.46072682105,0.680039226450404,0.8047422916584975,0
2026-01-06 17:30:00,ZONE_A,1,0.972098,0.6480525,2811.158,0.0,599.3034,599.3034,2211.8546,1,BATTERY_ALL,battery,CHARGE,300.0,388.3800666285,88.3800666285,0.6874756874055685,0.798441421082044,0
2026-01-06 17:30:00,ZONE_A,1,0.972098,0.6480525,2811.158,0.0,599.3034,599.3034,2211.8546,2,RENEWABLE_ALL,renewable,CURTAIL,88.3800666285,388.3800666285,88.3800666285,0.6874756874055685,0.798441421082044,0
2026-01-06 17:45:00,ZONE_A,1,0.9380563,0.6096931,2824.6099,0.0,598.93665,598.93665,2225.67325,1,BATTERY_ALL,battery,CHARGE,300.0,365.167542842115,65.16754284211498,0.6826161792056734,0.7869497632202032,0
2026-01-06 17:45:00,ZONE_A,1,0.9380563,0.6096931,2824.6099,0.0,598.93665,598.93665,2225.67325,2,RENEWABLE_ALL,renewable,CURTAIL,65.16754284211498,365.167542842115,65.16754284211498,0.6826161792056734,0.7869497632202032,0
2026-01-06 18:00:00,ZONE_A,1,0.97821075,0.718127,2815.1174,0.0,594.1028,594.1028,2221.0146,1,BATTERY_ALL,battery,CHARGE,300.0,426.6412614556,126.64126145559999,0.6941465917314732,0.8160440953892962,0
2026-01-06 18:00:00,ZONE_A,1,0.97821075,0.718127,2815.1174,0.0,594.1028,594.1028,2221.0146,2,RENEWABLE_ALL,renewable,CURTAIL,126.64126145559999,426.6412614556,126.64126145559999,0.6941465917314732,0.8160440953892962,0
2026-01-06 18:15:00,ZONE_A,1,0.9759706,0.6480525,2801.5427,0.0,599.4555,599.4555,2202.0872,1,BATTERY_ALL,battery,CHARGE,300.0,388.47863541375006,88.47863541375006,0.6748337587614981,0.7858276549408965,0
2026-01-06 18:15:00,ZONE_A,1,0.9759706,0.6480525,2801.5427,0.0,599.4555,599.4555,2202.0872,2,RENEWABLE_ALL,renewable,CURTAIL,88.47863541375006,388.47863541375006,88.47863541375006,0.6748337587614981,0.7858276549408965,0
2026-01-06 18:30:00,ZONE_A,1,0.97004324,0.66111755,2805.2095,0.0,598.6125,598.6125,2206.597,1,BATTERY_ALL,battery,CHARGE,300.0,395.753229399375,95.75322939937502,0.6867099759169969,0.7997823275357646,0
2026-01-06 18:30:00,ZONE_A,1,0.97004324,0.66111755,2805.2095,0.0,598.6125,598.6125,2206.597,2,RENEWABLE_ALL,renewable,CURTAIL,95.75322939937502,395.753229399375,95.75322939937502,0.6867099759169969,0.7997823275357646,0
2026-01-06 18:45:00,ZONE_A,1,0.98912,0.68930644,2795.7893,0.0,600.3525,600.3525,2195.4368,1,BATTERY_ALL,battery,CHARGE,300.0,413.82684452009994,113.82684452009994,0.6831521442018277,0.8013883858658188,0
2026-01-06 18:45:00,ZONE_A,1,0.98912,0.68930644,2795.7893,0.0,600.3525,600.3525,2195.4368,2,RENEWABLE_ALL,renewable,CURTAIL,113.82684452009994,413.82684452009994,113.82684452009994,0.6831521442018277,0.8013883858658188,0
2026-01-06 19:00:00,ZONE_A,1,0.98876244,0.65764266,2790.4238,0.013756787,600.4645,600.4782,2189.9456,1,BATTERY_ALL,battery,CHARGE,300.0,394.90008072001206,94.90008072001206,0.6742698446824862,0.7870984395428159,0
2026-01-06 19:00:00,ZONE_A,1,0.98876244,0.65764266,2790.4238,0.013756787,600.4645,600.4782,2189.9456,2,RENEWABLE_ALL,renewable,CURTAIL,94.90008072001206,394.90008072001206,94.90008072001206,0.6742698446824862,0.7870984395428159,0
2026-01-06 19:15:00,ZONE_A,1,0.9762498,0.5522892,2806.5654,0.0,601.7142,601.7142,2204.8512,1,BATTERY_ALL,battery,CHARGE,300.0,332.32025414664,32.320254146640025,0.6875813625275132,0.7825300068614106,0
2026-01-06 19:15:00,ZONE_A,1,0.9762498,0.5522892,2806.5654,0.0,601.7142,601.7142,2204.8512,2,RENEWABLE_ALL,renewable,CURTAIL,32.320254146640025,332.32025414664,32.320254146640025,0.6875813625275132,0.7825300068614106,0
2026-01-06 19:30:00,ZONE_A,1,0.97722834,0.6790025,2802.8408,0.4392397,598.48303,598.9223,2203.9185,1,BATTERY_ALL,battery,CHARGE,300.0,406.66973900574993,106.66973900574993,0.6827822761906804,0.7989736305631979,0
2026-01-06 19:30:00,ZONE_A,1,0.97722834,0.6790025,2802.8408,0.4392397,598.48303,598.9223,2203.9185,2,RENEWABLE_ALL,renewable,CURTAIL,106.66973900574993,406.66973900574993,106.66973900574993,0.6827822761906804,0.7989736305631979,0
2026-01-06 19:45:00,ZONE_A,1,0.9819587,0.68423206,2809.1555,0.0,600.90753,600.90753,2208.24797,1,BATTERY_ALL,battery,CHARGE,300.0,411.1601971214118,111.16019712141178,0.6954010133312584,0.812875355736707,0
2026-01-06 19:45:00,ZONE_A,1,0.9819587,0.68423206,2809.1555,0.0,600.90753,600.90753,2208.24797,2,RENEWABLE_ALL,renewable,CURTAIL,111.16019712141178,411.1601971214118,111.16019712141178,0.6954010133312584,0.812875355736707,0
2026-01-06 20:00:00,ZONE_A,1,0.9440566,0.7090368,2660.9666,0.0,597.70325,597.70325,2063.26335,1,BATTERY_ALL,battery,CHARGE,300.0,423.79359972960003,123.79359972960003,0.6606859111716232,0.7817697971803824,0
2026-01-06 20:00:00,ZONE_A,1,0.9440566,0.7090368,2660.9666,0.0,597.70325,597.70325,2063.26335,2,RENEWABLE_ALL,renewable,CURTAIL,123.79359972960003,423.79359972960003,123.79359972960003,0.6606859111716232,0.7817697971803824,0
2026-01-06 20:15:00,ZONE_A,1,0.51022506,0.695977,2637.1077,0.013756787,599.8204,599.8341,2037.2736,1,BATTERY_ALL,battery,CHARGE,300.0,417.4707374157,117.4707374157,0.6485044206512914,0.7677817745804212,0
2026-01-06 20:15:00,ZONE_A,1,0.51022506,0.695977,2637.1077,0.013756787,599.8204,599.8341,2037.2736,2,RENEWABLE_ALL,renewable,CURTAIL,117.4707374157,417.4707374157,117.4707374157,0.6485044206512914,0.7677817745804212,0
2026-01-06 20:30:00,ZONE_A,1,0.5936057,0.6601841,2652.6487,0.0,598.4035,598.4035,2054.2452000000003,1,BATTERY_ALL,battery,CHARGE,300.0,395.05647608435004,95.05647608435004,0.6675761162662028,0.7804493955032684,0
2026-01-06 20:30:00,ZONE_A,1,0.5936057,0.6601841,2652.6487,0.0,598.4035,598.4035,2054.2452000000003,2,RENEWABLE_ALL,renewable,CURTAIL,95.05647608435004,395.05647608435004,95.05647608435004,0.6675761162662028,0.7804493955032684,0
2026-01-06 20:45:00,ZONE_A,0,0.88149494,0.61368585,2615.8867,0.0,599.1042,599.1042,2016.7825,1,BATTERY_ALL,battery,CHARGE,300.0,367.66177021556996,67.66177021556996,0.6427758330320248,0.7478220534384834,0
2026-01-06 20:45:00,ZONE_A,0,0.88149494,0.61368585,2615.8867,0.0,599.1042,599.1042,2016.7825,2,RENEWABLE_ALL,renewable,CURTAIL,67.66177021556996,367.66177021556996,67.66177021556996,0.6427758330320248,0.7478220534384834,0
2026-01-06 21:00:00,ZONE_A,0,0.9869812,0.59976333,2604.1455,0.013756787,600.43756,600.4513,2003.6942,1,BATTERY_ALL,battery,CHARGE,300.0,360.128671190829,60.12867119082898,0.64807620419404,0.7509701105518035,0
2026-01-06 21:00:00,ZONE_A,0,0.9869812,0.59976333,2604.1455,0.013756787,600.43756,600.4513,2003.6942,2,RENEWABLE_ALL,renewable,CURTAIL,60.12867119082898,360.128671190829,60.12867119082898,0.64807620419404,0.7509701105518035,0
2026-01-06 21:15:00,ZONE_A,0,0.9882196,0.64300084,2521.7122,0.0,602.3897,602.3897,1919.3225,1,BATTERY_ALL,battery,CHARGE,300.0,387.33708310734795,87.33708310734795,0.619578392710117,0.7302461310556361,0
2026-01-06 21:15:00,ZONE_A,0,0.9882196,0.64300084,2521.7122,0.0,602.3897,602.3897,1919.3225,2,RENEWABLE_ALL,renewable,CURTAIL,87.33708310734795,387.33708310734795,87.33708310734795,0.619578392710117,0.7302461310556361,0
2026-01-06 21:30:00,ZONE_A,0,0.986509,0.69449556,2459.156,0.0,600.9944,600.9944,1858.1616,1,BATTERY_ALL,battery,CHARGE,300.0,417.38794238486406,117.38794238486406,0.6078360526056197,0.7270897507886064,0
2026-01-06 21:30:00,ZONE_A,0,0.986509,0.69449556,2459.156,0.0,600.9944,600.9944,1858.1616,2,RENEWABLE_ALL,renewable,CURTAIL,117.38794238486406,417.38794238486406,117.38794238486406,0.6078360526056197,0.7270897507886064,0
2026-01-06 21:45:00,ZONE_A,0,0.9874303,0.6351177,2491.8096,0.070444405,600.9944,601.0648,1890.7448,1,BATTERY_ALL,battery,CHARGE,300.0,381.74689332696,81.74689332695999,0.604705108740488,0.7137756499963761,0
2026-01-06 21:45:00,ZONE_A,0,0.9874303,0.6351177,2491.8096,0.070444405,600.9944,601.0648,1890.7448,2,RENEWABLE_ALL,renewable,CURTAIL,81.74689332695999,381.74689332696,81.74689332695999,0.604705108740488,0.7137756499963761,0
2026-01-06 22:00:00,ZONE_A,0,0.9882073,0.6745639,2445.4841,0.349802,599.959,600.3088,1845.1753,1,BATTERY_ALL,battery,CHARGE,300.0,404.94664533232003,104.94664533232003,0.5981845359186001,0.7138835777708817,0
2026-01-06 22:00:00,ZONE_A,0,0.9882073,0.6745639,2445.4841,0.349802,599.959,600.3088,1845.1753,2,RENEWABLE_ALL,renewable,CURTAIL,104.94664533232003,404.94664533232003,104.94664533232003,0.5981845359186001,0.7138835777708817,0
2026-01-06 22:15:00,ZONE_A,0,0.99026185,0.6869562,2411.0825,0.349802,600.65204,601.00183,1810.08067,1,BATTERY_ALL,battery,CHARGE,300.0,412.861933329846,112.86193332984601,0.5898568885723082,0.7078174412623427,0
2026-01-06 22:15:00,ZONE_A,0,0.99026185,0.6869562,2411.0825,0.349802,600.65204,601.00183,1810.08067,2,RENEWABLE_ALL,renewable,CURTAIL,112.86193332984601,412.861933329846,112.86193332984601,0.5898568885723082,0.7078174412623427,0
2026-01-06 22:30:00,ZONE_A,0,0.9933215,0.83539706,2356.545,0.0,600.149,600.149,1756.3960000000002,1,BATTERY_ALL,battery,CHARGE,300.0,501.36271016194,201.36271016194002,0.5833674599378157,0.7266139489207848,0
2026-01-06 22:30:00,ZONE_A,0,0.9933215,0.83539706,2356.545,0.0,600.149,600.149,1756.3960000000002,2,RENEWABLE_ALL,renewable,CURTAIL,201.36271016194002,501.36271016194,201.36271016194002,0.5833674599378157,0.7266139489207848,0
2026-01-06 23:00:00,ZONE_A,0,0.9963832,0.6472801,2307.2058,0.349802,603.51544,603.86523,1703.3405700000003,1,BATTERY_ALL,battery,CHARGE,300.0,390.869946460923,90.86994646092302,0.5724492356440402,0.6841263634822353,0
2026-01-06 23:00:00,ZONE_A,0,0.9963832,0.6472801,2307.2058,0.349802,603.51544,603.86523,1703.3405700000003,2,RENEWABLE_ALL,renewable,CURTAIL,90.86994646092302,390.869946460923,90.86994646092302,0.5724492356440402,0.6841263634822353,0
2026-01-06 23:15:00,ZONE_A,0,0.9964425,0.63294035,2301.1985,0.349802,601.4581,601.8079,1699.3906,1,BATTERY_ALL,battery,CHARGE,300.0,380.908502858765,80.90850285876502,0.5723824556597829,0.6812134567419218,0
2026-01-06 23:15:00,ZONE_A,0,0.9964425,0.63294035,2301.1985,0.349802,601.4581,601.8079,1699.3906,2,RENEWABLE_ALL,renewable,CURTAIL,80.90850285876502,380.908502858765,80.90850285876502,0.5723824556597829,0.6812134567419218,0
2026-01-06 23:30:00,ZONE_A,0,0.9968694,0.6242142,2315.2856,1.0020587,601.90314,602.9052,1712.3804,1,BATTERY_ALL,battery,CHARGE,300.0,376.34198709384003,76.34198709384003,0.5831454901923254,0.6906717724772211,0
2026-01-06 23:30:00,ZONE_A,0,0.9968694,0.6242142,2315.2856,1.0020587,601.90314,602.9052,1712.3804,2,RENEWABLE_ALL,renewable,CURTAIL,76.34198709384003,376.34198709384003,76.34198709384003,0.5831454901923254,0.6906717724772211,0
2026-01-06 23:45:00,ZONE_A,0,0.9961288,0.63643515,2288.062,0.070444405,601.2044,601.27484,1686.78716,1,BATTERY_ALL,battery,CHARGE,300.0,382.672442986626,82.67244298662598,0.5660765340190204,0.6754115180052873,0
2026-01-06 23:45:00,ZONE_A,0,0.9961288,0.63643515,2288.062,0.070444405,601.2044,601.27484,1686.78716,2,RENEWABLE_ALL,renewable,CURTAIL,82.67244298662598,382.672442986626,82.67244298662598,0.5660765340190204,0.6754115180052873,0
2026-01-07 00:00:00,ZONE_A,0,0.9966377,0.71885186,2285.1343,0.0,601.26855,601.26855,1683.8657500000002,1,BATTERY_ALL,battery,CHARGE,300.0,432.223015527003,132.22301552700299,0.5631507925063561,0.6866430829457649,0
2026-01-07 00:00:00,ZONE_A,0,0.9966377,0.71885186,2285.1343,0.0,601.26855,601.26855,1683.8657500000002,2,RENEWABLE_ALL,renewable,CURTAIL,132.22301552700299,432.223015527003,132.22301552700299,0.5631507925063561,0.6866430829457649,0
2026-01-07 00:15:00,ZONE_A,0,0.99676126,0.5819364,2296.7146,0.0,602.31995,602.31995,1694.3946499999995,1,BATTERY_ALL,battery,CHARGE,300.0,350.51190335117997,50.51190335117997,0.5725960999437115,0.6727423582782446,0
2026-01-07 00:15:00,ZONE_A,0,0.99676126,0.5819364,2296.7146,0.0,602.31995,602.31995,1694.3946499999995,2,RENEWABLE_ALL,renewable,CURTAIL,50.51190335117997,350.51190335117997,50.51190335117997,0.5725960999437115,0.6727423582782446,0
2026-01-07 00:45:00,ZONE_A,0,0.9964689,0.68076825,2275.597,0.7584492,602.7027,603.4611,1672.1359000000002,1,BATTERY_ALL,battery,CHARGE,300.0,410.817156990075,110.81715699007498,0.5570680098030821,0.6744443406421751,0
2026-01-07 00:45:00,ZONE_A,0,0.9964689,0.68076825,2275.597,0.7584492,602.7027,603.4611,1672.1359000000002,2,RENEWABLE_ALL,renewable,CURTAIL,110.81715699007498,410.817156990075,110.81715699007498,0.5570680098030821,0.6744443406421751,0
2026-01-07 01:00:00,ZONE_A,0,0.99705964,0.7664843,2285.2432,0.0,600.6405,600.6405,1684.6027,1,BATTERY_ALL,battery,CHARGE,300.0,460.38151319415,160.38151319415,0.5608354321919222,0.692373007691356,0
2026-01-07 01:00:00,ZONE_A,0,0.99705964,0.7664843,2285.2432,0.0,600.6405,600.6405,1684.6027,2,RENEWABLE_ALL,renewable,CURTAIL,160.38151319415,460.38151319415,160.38151319415,0.5608354321919222,0.692373007691356,0
2026-01-07 01:15:00,ZONE_A,0,0.9964425,0.6683709,2286.4258,0.0,599.67694,599.67694,1686.74886,1,BATTERY_ALL,battery,CHARGE,300.0,400.80661609704595,100.80661609704595,0.5703090425575116,0.6848252188531734,0
2026-01-07 01:15:00,ZONE_A,0,0.9964425,0.6683709,2286.4258,0.0,599.67694,599.67694,1686.74886,2,RENEWABLE_ALL,renewable,CURTAIL,100.80661609704595,400.80661609704595,100.80661609704595,0.5703090425575116,0.6848252188531734,0
2026-01-07 01:30:00,ZONE_A,0,0.9967037,0.61363655,2286.0002,0.88209873,602.65204,603.5341,1682.4661,1,BATTERY_ALL,battery,CHARGE,300.0,370.35058293135495,70.35058293135495,0.5645818926378896,0.6703963451465005,0
2026-01-07 01:30:00,ZONE_A,0,0.9967037,0.61363655,2286.0002,0.88209873,602.65204,603.5341,1682.4661,2,RENEWABLE_ALL,renewable,CURTAIL,70.35058293135495,370.35058293135495,70.35058293135495,0.5645818926378896,0.6703963451465005,0
2026-01-07 01:45:00,ZONE_A,0,0.99708396,0.7122108,2296.3806,1.0172864,598.3453,599.36255,1697.01805,1,BATTERY_ALL,battery,CHARGE,300.0,426.87248122554007,126.87248122554007,0.5785152189766675,0.7004787853164626,0
2026-01-07 01:45:00,ZONE_A,0,0.99708396,0.7122108,2296.3806,1.0172864,598.3453,599.36255,1697.01805,2,RENEWABLE_ALL,renewable,CURTAIL,126.87248122554007,426.87248122554007,126.87248122554007,0.5785152189766675,0.7004787853164626,0
2026-01-07 02:00:00,ZONE_A,0,0.9977984,0.5112614,2283.6204,0.0,604.32556,604.32556,1679.2948399999998,1,BATTERY_ALL,battery,CHARGE,300.0,308.968331861384,8.968331861384002,0.5624843954540723,0.6507610619011923,0
2026-01-07 02:00:00,ZONE_A,0,0.9977984,0.5112614,2283.6204,0.0,604.32556,604.32556,1679.2948399999998,2,RENEWABLE_ALL,renewable,CURTAIL,8.968331861384002,308.968331861384,8.968331861384002,0.5624843954540723,0.6507610619011923,0
2026-01-07 02:15:00,ZONE_A,0,0.9966377,0.714268,2281.3652,0.0,600.829,600.829,1680.5362000000002,1,BATTERY_ALL,battery,CHARGE,300.0,429.152928172,129.15292817199997,0.5611328382467992,0.6837479608670128,0
2026-01-07 02:15:00,ZONE_A,0,0.9966377,0.714268,2281.3652,0.0,600.829,600.829,1680.5362000000002,2,RENEWABLE_ALL,renewable,CURTAIL,129.15292817199997,429.152928172,129.15292817199997,0.5611328382467992,0.6837479608670128,0
2026-01-07 02:30:00,ZONE_A,0,0.9968184,0.65401924,2282.4932,0.88209873,602.23895,603.12103,1679.37217,1,BATTERY_ALL,battery,CHARGE,300.0,394.4527576686172,94.45275766861721,0.5584226830734632,0.671123471237616,0
2026-01-07 02:30:00,ZONE_A,0,0.9968184,0.65401924,2282.4932,0.88209873,602.23895,603.12103,1679.37217,2,RENEWABLE_ALL,renewable,CURTAIL,94.45275766861721,394.4527576686172,94.45275766861721,0.5584226830734632,0.671123471237616,0
2026-01-07 02:45:00,ZONE_A,0,0.9962573,0.73427916,2274.152,0.63933563,600.14185,600.7812,1673.3708,1,BATTERY_ALL,battery,CHARGE,300.0,441.14111487979204,141.14111487979204,0.5572669027999808,0.6833072216361031,0
2026-01-07 02:45:00,ZONE_A,0,0.9962573,0.73427916,2274.152,0.63933563,600.14185,600.7812,1673.3708,2,RENEWABLE_ALL,renewable,CURTAIL,141.14111487979204,441.14111487979204,141.14111487979204,0.5572669027999808,0.6833072216361031,0
2026-01-07 03:00:00,ZONE_A,0,0.997051,0.79992765,2292.1135,0.0,598.5393,598.5393,1693.5742,1,BATTERY_ALL,battery,CHARGE,300.0,478.78813568164503,178.78813568164503,0.5743083973827414,0.711105007890164,0
2026-01-07 03:00:00,ZONE_A,0,0.997051,0.79992765,2292.1135,0.0,598.5393,598.5393,1693.5742,2,RENEWABLE_ALL,renewable,CURTAIL,178.78813568164503,478.78813568164503,178.78813568164503,0.5743083973827414,0.711105007890164,0
2026-01-07 03:15:00,ZONE_A,0,0.99770075,0.745584,2285.0532,0.0,599.3028,599.3028,1685.7504,1,BATTERY_ALL,battery,CHARGE,300.0,446.8305788352001,146.83057883520007,0.566180534725311,0.6938464146834098,0
2026-01-07 03:15:00,ZONE_A,0,0.99770075,0.745584,2285.0532,0.0,599.3028,599.3028,1685.7504,2,RENEWABLE_ALL,renewable,CURTAIL,146.83057883520007,446.8305788352001,146.83057883520007,0.566180534725311,0.6938464146834098,0
2026-01-07 03:30:00,ZONE_A,0,0.99782974,0.58524853,2281.4956,0.62326145,602.7027,603.326,1678.1696000000002,1,BATTERY_ALL,battery,CHARGE,300.0,353.09565461078,53.09565461078,0.5592253430300168,0.6601098160044179,0
2026-01-07 03:30:00,ZONE_A,0,0.99782974,0.58524853,2281.4956,0.62326145,602.7027,603.326,1678.1696000000002,2,RENEWABLE_ALL,renewable,CURTAIL,53.09565461078,353.09565461078,53.09565461078,0.5592253430300168,0.6601098160044179,0
2026-01-07 04:00:00,ZONE_A,0,0.9966377,0.68162185,2282.6914,0.0,602.3455,602.3455,1680.3459000000005,1,BATTERY_ALL,battery,CHARGE,300.0,410.571854049175,110.57185404917499,0.5715639234366875,0.6888701677263038,0
2026-01-07 04:00:00,ZONE_A,0,0.9966377,0.68162185,2282.6914,0.0,602.3455,602.3455,1680.3459000000005,2,RENEWABLE_ALL,renewable,CURTAIL,110.57185404917499,410.571854049175,110.57185404917499,0.5715639234366875,0.6888701677263038,0
2026-01-07 04:15:00,ZONE_A,0,0.9967123,0.66302794,2283.8586,0.0,601.4725,601.4725,1682.3861000000002,1,BATTERY_ALL,battery,CHARGE,300.0,398.79307264165,98.79307264164999,0.5623284333810613,0.6762693115413215,0
2026-01-07 04:15:00,ZONE_A,0,0.9967123,0.66302794,2283.8586,0.0,601.4725,601.4725,1682.3861000000002,2,RENEWABLE_ALL,renewable,CURTAIL,98.79307264164999,398.79307264165,98.79307264164999,0.5623284333810613,0.6762693115413215,0
2026-01-07 04:30:00,ZONE_A,0,0.9978041,0.7149459,2283.2178,1.0023855,599.5771,600.57947,1682.6383299999998,1,BATTERY_ALL,battery,CHARGE,300.0,429.38182970067305,129.38182970067305,0.5661730094760596,0.6888535325260098,0
2026-01-07 04:30:00,ZONE_A,0,0.9978041,0.7149459,2283.2178,1.0023855,599.5771,600.57947,1682.6383299999998,2,RENEWABLE_ALL,renewable,CURTAIL,129.38182970067305,429.38182970067305,129.38182970067305,0.5661730094760596,0.6888535325260098,0
2026-01-07 04:45:00,ZONE_A,0,0.96398956,0.5396063,2292.6943,7.0874047,608.6256,615.713,1676.9813,1,BATTERY_ALL,battery,CHARGE,300.0,332.2426137919,32.2426137919,0.567611330237611,0.662537791541046,0
2026-01-07 04:45:00,ZONE_A,0,0.96398956,0.5396063,2292.6943,7.0874047,608.6256,615.713,1676.9813,2,RENEWABLE_ALL,renewable,CURTAIL,32.2426137919,332.2426137919,32.2426137919,0.567611330237611,0.662537791541046,0
2026-01-07 05:30:00,ZONE_A,0,0.99596715,0.64177024,2577.8577,1.9897554,601.8073,603.79706,1974.06064,1,BATTERY_ALL,battery,CHARGE,300.0,387.49898410749444,87.49898410749444,0.6320118835204803,0.7427258792349676,0
2026-01-07 05:30:00,ZONE_A,0,0.99596715,0.64177024,2577.8577,1.9897554,601.8073,603.79706,1974.06064,2,RENEWABLE_ALL,renewable,CURTAIL,87.49898410749444,387.49898410749444,87.49898410749444,0.6320118835204803,0.7427258792349676,0
2026-01-07 05:45:00,ZONE_A,0,0.99425703,0.75416595,2600.9495,3.7083519,598.2841,601.9925,1998.9570000000003,1,BATTERY_ALL,battery,CHARGE,300.0,454.00224565537496,154.00224565537496,0.642181803583304,0.7718967312134072,0
2026-01-07 05:45:00,ZONE_A,0,0.99425703,0.75416595,2600.9495,3.7083519,598.2841,601.9925,1998.9570000000003,2,RENEWABLE_ALL,renewable,CURTAIL,154.00224565537496,454.00224565537496,154.00224565537496,0.642181803583304,0.7718967312134072,0
2026-01-07 06:00:00,ZONE_A,1,0.9925569,0.67842376,2718.0046,24.074923,596.7315,620.80646,2097.1981400000004,1,BATTERY_ALL,battery,CHARGE,300.0,421.1698528254896,121.16985282548961,0.6584812742056391,0.7788155181912899,0
2026-01-07 06:00:00,ZONE_A,1,0.9925569,0.67842376,2718.0046,24.074923,596.7315,620.80646,2097.1981400000004,2,RENEWABLE_ALL,renewable,CURTAIL,121.16985282548961,421.1698528254896,121.16985282548961,0.6584812742056391,0.7788155181912899,0
2026-01-07 06:15:00,ZONE_A,1,0.9956605,0.6426744,2728.097,40.86279,586.1141,626.97687,2101.12013,1,BATTERY_ALL,battery,CHARGE,300.0,402.94198374112796,102.94198374112796,0.6744741833271851,0.7896004647086252,0
2026-01-07 06:15:00,ZONE_A,1,0.9956605,0.6426744,2728.097,40.86279,586.1141,626.97687,2101.12013,2,RENEWABLE_ALL,renewable,CURTAIL,102.94198374112796,402.94198374112796,102.94198374112796,0.6744741833271851,0.7896004647086252,0
2026-01-07 06:30:00,ZONE_A,1,0.9949537,0.6384058,2718.2473,69.64159,591.5454,661.187,2057.0603,1,BATTERY_ALL,battery,CHARGE,300.0,422.1056156846,122.10561568460002,0.6626793755982612,0.7832809804073079,0
2026-01-07 06:30:00,ZONE_A,1,0.9949537,0.6384058,2718.2473,69.64159,591.5454,661.187,2057.0603,2,RENEWABLE_ALL,renewable,CURTAIL,122.10561568460002,422.1056156846,122.10561568460002,0.6626793755982612,0.7832809804073079,0
2026-01-07 06:45:00,ZONE_A,1,0.991835,0.6098683,2757.374,91.36637,597.03577,688.40216,2068.97184,1,BATTERY_ALL,battery,CHARGE,300.0,419.834655035528,119.83465503552799,0.6917655151486619,0.8117182740654751,0
2026-01-07 06:45:00,ZONE_A,1,0.991835,0.6098683,2757.374,91.36637,597.03577,688.40216,2068.97184,2,RENEWABLE_ALL,renewable,CURTAIL,119.83465503552799,419.834655035528,119.83465503552799,0.6917655151486619,0.8117182740654751,0
2026-01-07 07:45:00,ZONE_A,2,0.9890698,0.62777346,2908.637,262.76764,587.62177,850.3894,2058.2476,1,BATTERY_ALL,battery,CHARGE,300.0,533.8518959853241,233.85189598532406,0.7295040901307445,0.8820332037642562,0
2026-01-07 07:45:00,ZONE_A,2,0.9890698,0.62777346,2908.637,262.76764,587.62177,850.3894,2058.2476,2,RENEWABLE_ALL,renewable,CURTAIL,233.85189598532406,533.8518959853241,233.85189598532406,0.7295040901307445,0.8820332037642562,0
2026-01-07 08:00:00,ZONE_A,2,0.9534696,0.9112749,2954.7676,276.23718,590.9481,867.1853,2087.5823,1,BATTERY_ALL,battery,CHARGE,300.0,790.24419753897,490.24419753896996,0.7456847101008158,0.9714687672801519,0
2026-01-07 08:00:00,ZONE_A,2,0.9534696,0.9112749,2954.7676,276.23718,590.9481,867.1853,2087.5823,2,RENEWABLE_ALL,renewable,CURTAIL,490.24419753896996,790.24419753897,490.24419753896996,0.7456847101008158,0.9714687672801519,0
2026-01-07 08:15:00,ZONE_A,2,0.9338144,0.8256224,2956.6301,278.89868,558.93176,837.83044,2118.79966,1,BATTERY_ALL,battery,CHARGE,300.0,691.731578665856,391.731578665856,0.7408533086894328,0.9384909032974845,0
2026-01-07 08:15:00,ZONE_A,2,0.9338144,0.8256224,2956.6301,278.89868,558.93176,837.83044,2118.79966,2,RENEWABLE_ALL,renewable,CURTAIL,391.731578665856,691.731578665856,391.731578665856,0.7408533086894328,0.9384909032974845,0
2026-01-07 08:30:00,ZONE_A,3,0.9158686,0.89935964,3115.2341,318.5866,575.4263,894.0129,2221.2212,1,BATTERY_ALL,battery,CHARGE,300.0,804.0391198993559,504.0391198993559,0.8089974780724504,1.0387229417123685,0
2026-01-07 08:30:00,ZONE_A,3,0.9158686,0.89935964,3115.2341,318.5866,575.4263,894.0129,2221.2212,2,RENEWABLE_ALL,renewable,CURTAIL,504.0391198993559,804.0391198993559,504.0391198993559,0.8089974780724504,1.0387229417123685,0
2026-01-07 08:45:00,ZONE_A,3,0.71729696,0.62200326,3017.365,358.09393,568.744,926.83795,2090.52705,1,BATTERY_ALL,battery,CHARGE,300.0,576.496226391717,276.49622639171696,0.7587805376619408,0.9234937458113618,0
2026-01-07 08:45:00,ZONE_A,3,0.71729696,0.62200326,3017.365,358.09393,568.744,926.83795,2090.52705,2,RENEWABLE_ALL,renewable,CURTAIL,276.49622639171696,576.496226391717,276.49622639171696,0.7587805376619408,0.9234937458113618,0
2026-01-07 09:15:00,ZONE_A,1,0.8512224,0.5120357,2730.4116,371.28314,468.45505,839.73816,1890.67344,1,BATTERY_ALL,battery,CHARGE,300.0,429.975916572312,129.97591657231197,0.6788832622085073,0.8017335245603676,0
2026-01-07 09:15:00,ZONE_A,1,0.8512224,0.5120357,2730.4116,371.28314,468.45505,839.73816,1890.67344,2,RENEWABLE_ALL,renewable,CURTAIL,129.97591657231197,429.975916572312,129.97591657231197,0.6788832622085073,0.8017335245603676,0
2026-01-07 09:30:00,ZONE_A,1,0.9276083,0.88467425,2685.1858,335.3837,546.32025,881.704,1803.4818,1,BATTERY_ALL,battery,CHARGE,300.0,780.020824922,480.020824922,0.6879859317119009,0.910849025713565,0
2026-01-07 09:30:00,ZONE_A,1,0.9276083,0.88467425,2685.1858,335.3837,546.32025,881.704,1803.4818,2,RENEWABLE_ALL,renewable,CURTAIL,480.020824922,780.020824922,480.020824922,0.6879859317119009,0.910849025713565,0
2026-01-07 10:15:00,ZONE_A,1,0.92827505,0.5079969,2692.5151,381.57947,480.5931,862.1726,1830.3425,1,BATTERY_ALL,battery,CHARGE,300.0,437.98100806494,137.98100806494,0.6937188609409818,0.8188562922063735,0
2026-01-07 10:15:00,ZONE_A,1,0.92827505,0.5079969,2692.5151,381.57947,480.5931,862.1726,1830.3425,2,RENEWABLE_ALL,renewable,CURTAIL,137.98100806494,437.98100806494,137.98100806494,0.6937188609409818,0.8188562922063735,0
2026-01-07 10:30:00,ZONE_A,2,0.90319145,0.71324694,2749.8406,369.31104,583.1786,952.4896,1797.351,1,BATTERY_ALL,battery,CHARGE,300.0,679.360292581824,379.36029258182396,0.7210204484189292,0.9151233897786899,0
2026-01-07 10:30:00,ZONE_A,2,0.90319145,0.71324694,2749.8406,369.31104,583.1786,952.4896,1797.351,2,RENEWABLE_ALL,renewable,CURTAIL,379.36029258182396,679.360292581824,379.36029258182396,0.7210204484189292,0.9151233897786899,0
2026-01-07 10:45:00,ZONE_A,2,0.9077468,0.6526771,2742.7615,378.86942,562.89246,941.76184,1800.99966,1,BATTERY_ALL,battery,CHARGE,300.0,614.666386621864,314.66638662186404,0.7110378681886858,0.8866568363482863,0
2026-01-07 10:45:00,ZONE_A,2,0.9077468,0.6526771,2742.7615,378.86942,562.89246,941.76184,1800.99966,2,RENEWABLE_ALL,renewable,CURTAIL,314.66638662186404,614.666386621864,314.66638662186404,0.7110378681886858,0.8866568363482863,0
2026-01-07 11:00:00,ZONE_A,2,0.65811205,0.5265692,2732.4414,392.47604,485.10715,877.5832,1854.8582,1,BATTERY_ALL,battery,CHARGE,300.0,462.10828355743996,162.10828355743996,0.7026648142811814,0.8346957528354496,0
2026-01-07 11:00:00,ZONE_A,2,0.65811205,0.5265692,2732.4414,392.47604,485.10715,877.5832,1854.8582,2,RENEWABLE_ALL,renewable,CURTAIL,162.10828355743996,462.10828355743996,162.10828355743996,0.7026648142811814,0.8346957528354496,0
2026-01-07 11:15:00,ZONE_A,1,0.9122922,0.5079969,2698.0981,374.04062,515.4284,889.469,1808.6291,1,BATTERY_ALL,battery,CHARGE,300.0,451.8474946461,151.84749464610002,0.678415442090642,0.8075147266967477,0
2026-01-07 11:15:00,ZONE_A,1,0.9122922,0.5079969,2698.0981,374.04062,515.4284,889.469,1808.6291,2,RENEWABLE_ALL,renewable,CURTAIL,151.84749464610002,451.8474946461,151.84749464610002,0.678415442090642,0.8075147266967477,0
2026-01-07 11:30:00,ZONE_A,1,0.89581925,0.60866475,2692.1917,371.93048,527.77045,899.7009,1792.4907999999998,1,BATTERY_ALL,battery,CHARGE,300.0,547.616223373275,247.61622337327503,0.675558843659444,0.8320206223269299,0
2026-01-07 11:30:00,ZONE_A,1,0.89581925,0.60866475,2692.1917,371.93048,527.77045,899.7009,1792.4907999999998,2,RENEWABLE_ALL,renewable,CURTAIL,247.61622337327503,547.616223373275,247.61622337327503,0.675558843659444,0.8320206223269299,0
2026-01-07 11:45:00,ZONE_A,1,0.93905675,0.53982896,2706.4575,395.51382,360.14148,755.6553,1950.8022,1,BATTERY_ALL,battery,CHARGE,300.0,407.924614717488,107.924614717488,0.6677880921659324,0.7843379824885544,0
2026-01-07 11:45:00,ZONE_A,1,0.93905675,0.53982896,2706.4575,395.51382,360.14148,755.6553,1950.8022,2,RENEWABLE_ALL,renewable,CURTAIL,107.924614717488,407.924614717488,107.924614717488,0.6677880921659324,0.7843379824885544,0
2026-01-07 12:00:00,ZONE_A,1,0.9624568,0.54339033,2667.6477,383.64407,528.3477,911.9918,1755.6559,1,BATTERY_ALL,battery,CHARGE,300.0,495.56752515929406,195.56752515929406,0.6719883920845949,0.8135791140348781,0
2026-01-07 12:00:00,ZONE_A,1,0.9624568,0.54339033,2667.6477,383.64407,528.3477,911.9918,1755.6559,2,RENEWABLE_ALL,renewable,CURTAIL,195.56752515929406,495.56752515929406,195.56752515929406,0.6719883920845949,0.8135791140348781,0
2026-01-07 12:30:00,ZONE_A,1,0.893703,0.5079969,2694.9868,382.48886,521.4364,903.9253,1791.0615000000005,1,BATTERY_ALL,battery,CHARGE,300.0,459.19125023157,159.19125023157,0.6941299735735068,0.8253274740440496,0
2026-01-07 12:30:00,ZONE_A,1,0.893703,0.5079969,2694.9868,382.48886,521.4364,903.9253,1791.0615000000005,2,RENEWABLE_ALL,renewable,CURTAIL,159.19125023157,459.19125023157,159.19125023157,0.6941299735735068,0.8253274740440496,0
2026-01-07 12:45:00,ZONE_A,2,0.6842853,0.5745997,2732.2402,372.92584,536.1645,909.09033,1823.14987,1,BATTERY_ALL,battery,CHARGE,300.0,522.3630308909011,222.3630308909011,0.7212603393919422,0.8705069200957366,0
2026-01-07 12:45:00,ZONE_A,2,0.6842853,0.5745997,2732.2402,372.92584,536.1645,909.09033,1823.14987,2,RENEWABLE_ALL,renewable,CURTAIL,222.3630308909011,522.3630308909011,222.3630308909011,0.7212603393919422,0.8705069200957366,0
2026-01-07 13:00:00,ZONE_A,1,0.88964474,0.5745997,2693.5273,383.4549,532.1253,915.5802,1777.9471000000003,1,BATTERY_ALL,battery,CHARGE,300.0,526.09210824594,226.09210824594004,0.6848750842553845,0.8351871156410481,0
2026-01-07 13:00:00,ZONE_A,1,0.88964474,0.5745997,2693.5273,383.4549,532.1253,915.5802,1777.9471000000003,2,RENEWABLE_ALL,renewable,CURTAIL,226.09210824594004,526.09210824594,226.09210824594004,0.6848750842553845,0.8351871156410481,0
2026-01-07 13:15:00,ZONE_A,1,0.9602275,0.5079969,2665.4338,369.86597,518.3346,888.20056,1777.2332399999998,1,BATTERY_ALL,battery,CHARGE,300.0,451.203131058264,151.20313105826398,0.6833589797327478,0.8122741604447454,0
2026-01-07 13:15:00,ZONE_A,1,0.9602275,0.5079969,2665.4338,369.86597,518.3346,888.20056,1777.2332399999998,2,RENEWABLE_ALL,renewable,CURTAIL,151.20313105826398,451.203131058264,151.20313105826398,0.6833589797327478,0.8122741604447454,0
2026-01-07 13:30:00,ZONE_A,1,0.9476215,0.66359794,2689.6448,408.86432,548.36304,957.22736,1732.4174400000002,1,BATTERY_ALL,battery,CHARGE,300.0,635.2141042076385,335.21410420763846,0.6945052925265152,0.8759950371791962,0
2026-01-07 13:30:00,ZONE_A,1,0.9476215,0.66359794,2689.6448,408.86432,548.36304,957.22736,1732.4174400000002,2,RENEWABLE_ALL,renewable,CURTAIL,335.21410420763846,635.2141042076385,335.21410420763846,0.6945052925265152,0.8759950371791962,0
2026-01-07 13:45:00,ZONE_A,1,0.9743406,0.5615457,2687.146,386.5688,476.8928,863.46155,1823.68445,1,BATTERY_ALL,battery,CHARGE,300.0,484.87312051783505,184.87312051783505,0.6810475714765989,0.8195827492644145,0
2026-01-07 13:45:00,ZONE_A,1,0.9743406,0.5615457,2687.146,386.5688,476.8928,863.46155,1823.68445,2,RENEWABLE_ALL,renewable,CURTAIL,184.87312051783505,484.87312051783505,184.87312051783505,0.6810475714765989,0.8195827492644145,0
2026-01-07 14:00:00,ZONE_A,1,0.9726343,0.55907744,2687.0708,348.10388,423.85382,771.9577,1915.1131,1,BATTERY_ALL,battery,CHARGE,300.0,431.58413470428803,131.58413470428803,0.6767983216866669,0.8001080748506249,0
2026-01-07 14:00:00,ZONE_A,1,0.9726343,0.55907744,2687.0708,348.10388,423.85382,771.9577,1915.1131,2,RENEWABLE_ALL,renewable,CURTAIL,131.58413470428803,431.58413470428803,131.58413470428803,0.6767983216866669,0.8001080748506249,0
2026-01-07 14:15:00,ZONE_A,1,0.96371067,0.5624603,2677.8667,369.88055,487.06012,856.9407,1820.926,1,BATTERY_ALL,battery,CHARGE,300.0,481.99512320421,181.99512320421002,0.673825880342099,0.811538773121077,0
2026-01-07 14:15:00,ZONE_A,1,0.96371067,0.5624603,2677.8667,369.88055,487.06012,856.9407,1820.926,2,RENEWABLE_ALL,renewable,CURTAIL,181.99512320421002,481.99512320421,181.99512320421002,0.673825880342099,0.811538773121077,0
2026-01-07 14:30:00,ZONE_A,1,0.9794647,0.54363155,2682.8208,338.0868,471.65625,809.74304,1873.07776,1,BATTERY_ALL,battery,CHARGE,300.0,440.20186393691193,140.20186393691193,0.6705216817579068,0.7962936432944382,0
2026-01-07 14:30:00,ZONE_A,1,0.9794647,0.54363155,2682.8208,338.0868,471.65625,809.74304,1873.07776,2,RENEWABLE_ALL,renewable,CURTAIL,140.20186393691193,440.20186393691193,140.20186393691193,0.6705216817579068,0.7962936432944382,0
2026-01-07 14:45:00,ZONE_A,1,0.95664746,0.5298575,2705.9375,319.07196,405.1706,724.24255,1981.69495,1,BATTERY_ALL,battery,CHARGE,300.0,383.745346936625,83.74534693662503,0.6815041017963762,0.79114562983631,0
2026-01-07 14:45:00,ZONE_A,1,0.95664746,0.5298575,2705.9375,319.07196,405.1706,724.24255,1981.69495,2,RENEWABLE_ALL,renewable,CURTAIL,83.74534693662503,383.745346936625,83.74534693662503,0.6815041017963762,0.79114562983631,0
2026-01-07 15:00:00,ZONE_A,2,0.5132758,0.6633489,2785.728,294.79623,510.7793,805.57556,1980.15244,1,BATTERY_ALL,battery,CHARGE,300.0,534.377661592884,234.377661592884,0.6992778598814665,0.8519571922375442,0
2026-01-07 15:00:00,ZONE_A,2,0.5132758,0.6633489,2785.728,294.79623,510.7793,805.57556,1980.15244,2,RENEWABLE_ALL,renewable,CURTAIL,234.377661592884,534.377661592884,234.377661592884,0.6992778598814665,0.8519571922375442,0
2026-01-07 15:15:00,ZONE_A,2,0.58343506,0.6633489,2804.3218,269.95468,506.88968,776.84436,2027.47744,1,BATTERY_ALL,battery,CHARGE,300.0,515.3188516772041,215.31885167720407,0.7049114324612064,0.8521453905346615,0
2026-01-07 15:15:00,ZONE_A,2,0.58343506,0.6633489,2804.3218,269.95468,506.88968,776.84436,2027.47744,2,RENEWABLE_ALL,renewable,CURTAIL,215.31885167720407,515.3188516772041,215.31885167720407,0.7049114324612064,0.8521453905346615,0
2026-01-07 15:30:00,ZONE_A,1,0.8169087,0.5213183,2798.273,229.39925,480.81287,710.2121,2088.0609000000004,1,BATTERY_ALL,battery,CHARGE,300.0,370.24656461143,70.24656461143002,0.6942630749253182,0.8000478079925085,0
2026-01-07 15:30:00,ZONE_A,1,0.8169087,0.5213183,2798.273,229.39925,480.81287,710.2121,2088.0609000000004,2,RENEWABLE_ALL,renewable,CURTAIL,70.24656461143002,370.24656461143,70.24656461143002,0.6942630749253182,0.8000478079925085,0
2026-01-07 15:45:00,ZONE_A,1,0.9307504,0.50273466,2786.7063,206.76855,478.7667,685.5353,2101.171,1,BATTERY_ALL,battery,CHARGE,300.0,344.642355963498,44.642355963498005,0.6907788769428486,0.7892481218130176,0
2026-01-07 15:45:00,ZONE_A,1,0.9307504,0.50273466,2786.7063,206.76855,478.7667,685.5353,2101.171,2,RENEWABLE_ALL,renewable,CURTAIL,44.642355963498005,344.642355963498,44.642355963498005,0.6907788769428486,0.7892481218130176,0
2026-01-07 16:15:00,ZONE_A,1,0.9489951,0.5303111,2793.754,107.363754,448.2091,555.5729,2238.1811,1,BATTERY_ALL,battery,CHARGE,294.62647572919,294.62647572919,0.0,0.6889730450794411,0.7731520384301909,0
2026-01-07 17:00:00,ZONE_A,1,0.98595166,0.5640207,2798.8416,0.0,480.0335,480.0335,2318.8081,1,BATTERY_ALL,battery,CHARGE,270.74883069345003,270.74883069345003,0.0,0.6847097369944352,0.7620665460124902,0
2026-01-07 18:30:00,ZONE_A,1,0.97203267,0.51509196,2800.0308,8.37927,476.89816,485.27744,2314.75336,1,BATTERY_ALL,battery,CHARGE,249.96250771338242,249.96250771338242,0.0,0.6808255742788563,0.7522434338521917,0
2026-01-07 21:15:00,ZONE_A,0,0.994393,0.55892026,2524.0571,0.0,452.04346,452.04346,2072.01364,1,BATTERY_ALL,battery,CHARGE,252.65624819449957,252.65624819449957,0.0,0.6057320280995488,0.6779195277835808,0
2026-01-07 21:45:00,ZONE_A,0,0.991672,0.5975169,2495.6711,0.0,439.70584,439.70584,2055.96526,1,BATTERY_ALL,battery,CHARGE,262.731670428696,262.731670428696,0.0,0.6040998082729703,0.6791660000202164,0
2026-01-07 22:00:00,ZONE_A,0,0.9942121,0.6878391,2498.3232,0.349802,418.56696,418.91675,2079.40645,1,BATTERY_ALL,battery,CHARGE,288.147320294925,288.147320294925,0.0,0.6226783876776222,0.705006193696997,0
2026-01-07 22:15:00,ZONE_A,0,0.9962063,0.6422978,2403.5515,0.0,576.74896,576.74896,1826.80254,1,BATTERY_ALL,battery,CHARGE,300.0,370.44458816028805,70.44458816028805,0.5860881099457946,0.6919294211171843,0
2026-01-07 22:15:00,ZONE_A,0,0.9962063,0.6422978,2403.5515,0.0,576.74896,576.74896,1826.80254,2,RENEWABLE_ALL,renewable,CURTAIL,70.44458816028805,370.44458816028805,70.44458816028805,0.5860881099457946,0.6919294211171843,0
2026-01-07 22:30:00,ZONE_A,0,0.9962063,0.6422978,2368.3003,0.0,582.0222,582.0222,1786.2781,1,BATTERY_ALL,battery,CHARGE,300.0,373.83157861116,73.83157861116001,0.5830654308970923,0.6898744536253804,0
2026-01-07 22:30:00,ZONE_A,0,0.9962063,0.6422978,2368.3003,0.0,582.0222,582.0222,1786.2781,2,RENEWABLE_ALL,renewable,CURTAIL,73.83157861116001,373.83157861116,73.83157861116001,0.5830654308970923,0.6898744536253804,0
2026-01-07 22:45:00,ZONE_A,0,0.99642426,0.5595154,2372.4473,0.0,603.9212,603.9212,1768.5260999999998,1,BATTERY_ALL,battery,CHARGE,300.0,337.90321178648,37.90321178647997,0.6055683782676707,0.7021121533076667,0
2026-01-07 22:45:00,ZONE_A,0,0.99642426,0.5595154,2372.4473,0.0,603.9212,603.9212,1768.5260999999998,2,RENEWABLE_ALL,renewable,CURTAIL,37.90321178647997,337.90321178648,37.90321178647997,0.6055683782676707,0.7021121533076667,0
2026-01-07 23:00:00,ZONE_A,0,0.98913,0.64332354,2346.0818,0.0098221805,587.6522,587.66205,1758.41975,1,BATTERY_ALL,battery,CHARGE,300.0,378.05683032965703,78.05683032965703,0.5785153488024687,0.6865315863257847,0
2026-01-07 23:00:00,ZONE_A,0,0.98913,0.64332354,2346.0818,0.0098221805,587.6522,587.66205,1758.41975,2,RENEWABLE_ALL,renewable,CURTAIL,78.05683032965703,378.05683032965703,78.05683032965703,0.5785153488024687,0.6865315863257847,0
2026-01-07 23:15:00,ZONE_A,0,0.99655735,0.6909391,2316.6904,0.060100608,579.8694,579.9295,1736.7609,1,BATTERY_ALL,battery,CHARGE,300.0,400.69596679345,100.69596679345,0.5796137332656216,0.6940982954831988,0
2026-01-07 23:15:00,ZONE_A,0,0.99655735,0.6909391,2316.6904,0.060100608,579.8694,579.9295,1736.7609,2,RENEWABLE_ALL,renewable,CURTAIL,100.69596679345,400.69596679345,100.69596679345,0.5796137332656216,0.6940982954831988,0
2026-01-07 23:30:00,ZONE_A,0,0.9963415,0.7658592,2338.235,0.16040689,590.9523,591.1127,1747.1223,1,BATTERY_ALL,battery,CHARGE,300.0,452.70909953183997,152.70909953183997,0.5899916386984555,0.7193370960177823,0
2026-01-07 23:30:00,ZONE_A,0,0.9963415,0.7658592,2338.235,0.16040689,590.9523,591.1127,1747.1223,2,RENEWABLE_ALL,renewable,CURTAIL,152.70909953183997,452.70909953183997,152.70909953183997,0.5899916386984555,0.7193370960177823,0
2026-01-07 23:45:00,ZONE_A,0,0.99597615,0.84076935,2303.4487,0.0,598.0038,598.0038,1705.4449,1,BATTERY_ALL,battery,CHARGE,300.0,502.78326622352995,202.78326622352995,0.5708774244200763,0.7145297865624286,0
2026-01-07 23:45:00,ZONE_A,0,0.99597615,0.84076935,2303.4487,0.0,598.0038,598.0038,1705.4449,2,RENEWABLE_ALL,renewable,CURTAIL,202.78326622352995,502.78326622352995,202.78326622352995,0.5708774244200763,0.7145297865624286,0
2026-01-08 00:00:00,ZONE_A,0,0.9965844,0.6909391,2300.387,0.0,577.7379,577.7379,1722.6491,1,BATTERY_ALL,battery,CHARGE,300.0,399.18170466188997,99.18170466188997,0.5700463281109395,0.6840982439992179,0
2026-01-08 00:00:00,ZONE_A,0,0.9965844,0.6909391,2300.387,0.0,577.7379,577.7379,1722.6491,2,RENEWABLE_ALL,renewable,CURTAIL,99.18170466188997,399.18170466188997,99.18170466188997,0.5700463281109395,0.6840982439992179,0
2026-01-08 00:15:00,ZONE_A,0,0.9970036,0.76514685,2294.06,0.0,526.3997,526.3997,1767.6603,1,BATTERY_ALL,battery,CHARGE,300.0,402.77307229594504,102.77307229594504,0.5602007588407577,0.6752787797704854,0
2026-01-08 00:15:00,ZONE_A,0,0.9970036,0.76514685,2294.06,0.0,526.3997,526.3997,1767.6603,2,RENEWABLE_ALL,renewable,CURTAIL,102.77307229594504,402.77307229594504,102.77307229594504,0.5602007588407577,0.6752787797704854,0
2026-01-08 00:30:00,ZONE_A,0,0.9962716,0.6372547,2289.0635,0.5570134,476.06522,476.62222,1812.44128,1,BATTERY_ALL,battery,CHARGE,300.0,303.729749819434,3.729749819434005,0.5513625951129035,0.6381425238443958,0
2026-01-08 00:30:00,ZONE_A,0,0.9962716,0.6372547,2289.0635,0.5570134,476.06522,476.62222,1812.44128,2,RENEWABLE_ALL,renewable,CURTAIL,3.729749819434005,303.729749819434,3.729749819434005,0.5513625951129035,0.6381425238443958,0
2026-01-08 00:45:00,ZONE_A,0,0.99676585,0.6230319,2285.7097,1.370913,425.94705,427.31796,1858.39174,1,BATTERY_ALL,battery,CHARGE,266.232720522924,266.232720522924,0.0,0.5461256291763781,0.6221921209316169,0
2026-01-08 01:00:00,ZONE_A,0,0.9965528,0.70049924,2298.421,0.0,406.50613,406.50613,1891.91487,1,BATTERY_ALL,battery,CHARGE,284.7572351203412,284.7572351203412,0.0,0.5548316529251395,0.6361908631487505,0
2026-01-08 04:15:00,ZONE_A,0,0.99719316,0.637112,2290.4937,0.0,272.3437,272.3437,2018.15,1,BATTERY_ALL,battery,CHARGE,173.51343939440002,173.51343939440002,0.0,0.542337905725756,0.5919131742306117,0
2026-01-08 05:15:00,ZONE_A,0,0.9980349,0.5097778,2594.4465,0.3928802,406.58582,406.9787,2187.4678,1,BATTERY_ALL,battery,CHARGE,207.46870633285997,207.46870633285997,0.0,0.6310889567034271,0.690365730070908,0
2026-01-08 05:30:00,ZONE_A,0,0.99744534,0.63508683,2603.6196,2.4400375,404.9456,407.38562,2196.23398,1,BATTERY_ALL,battery,CHARGE,258.7252419933846,258.7252419933846,0.0,0.6431351687108321,0.717056666585887,0
2026-01-08 06:30:00,ZONE_A,1,0.99397415,0.53080964,2753.4,127.47908,365.6729,493.15198,2260.24802,1,BATTERY_ALL,battery,CHARGE,261.76982496908715,261.76982496908715,0.0,0.6773009504381342,0.7520923292103096,0
2026-01-08 06:45:00,ZONE_A,1,0.99486154,0.5276829,2744.2168,140.00958,465.29398,605.3036,2138.9132,1,BATTERY_ALL,battery,CHARGE,300.0,319.40835902844,19.408359028439975,0.6790696393436865,0.7703291707485674,0
2026-01-08 06:45:00,ZONE_A,1,0.99486154,0.5276829,2744.2168,140.00958,465.29398,605.3036,2138.9132,2,RENEWABLE_ALL,renewable,CURTAIL,19.408359028439975,319.40835902844,19.408359028439975,0.6790696393436865,0.7703291707485674,0
2026-01-08 07:00:00,ZONE_A,1,0.9913441,0.53080964,2803.0984,178.39647,388.10953,566.506,2236.5924,1,BATTERY_ALL,battery,CHARGE,300.0,300.70684591784,0.7068459178399848,0.6990411730329714,0.7849574149646216,0
2026-01-08 07:00:00,ZONE_A,1,0.9913441,0.53080964,2803.0984,178.39647,388.10953,566.506,2236.5924,2,RENEWABLE_ALL,renewable,CURTAIL,0.7068459178399848,300.70684591784,0.7068459178399848,0.6990411730329714,0.7849574149646216,0
2026-01-08 07:15:00,ZONE_A,2,0.98967314,0.5570749,2850.5994,340.08237,445.8757,785.95807,2064.64133,1,BATTERY_ALL,battery,CHARGE,300.0,437.837513249443,137.83751324944302,0.7176286296677847,0.8427250623973314,0
2026-01-08 07:15:00,ZONE_A,2,0.98967314,0.5570749,2850.5994,340.08237,445.8757,785.95807,2064.64133,2,RENEWABLE_ALL,renewable,CURTAIL,137.83751324944302,437.837513249443,137.83751324944302,0.7176286296677847,0.8427250623973314,0
2026-01-08 07:30:00,ZONE_A,2,0.94746685,0.516549,2849.7075,385.15176,505.8399,890.9917,1958.7158,1,BATTERY_ALL,battery,CHARGE,300.0,460.24087164330007,160.24087164330007,0.7231012522049931,0.8545986445105712,0
2026-01-08 07:30:00,ZONE_A,2,0.94746685,0.516549,2849.7075,385.15176,505.8399,890.9917,1958.7158,2,RENEWABLE_ALL,renewable,CURTAIL,160.24087164330007,460.24087164330007,160.24087164330007,0.7231012522049931,0.8545986445105712,0
2026-01-08 07:45:00,ZONE_A,3,0.91804904,0.63320565,2947.0305,471.7384,574.8494,1046.5879,1900.4426,1,BATTERY_ALL,battery,CHARGE,300.0,662.705371501635,362.705371501635,0.7642070386942391,0.953551431141835,0
2026-01-08 07:45:00,ZONE_A,3,0.91804904,0.63320565,2947.0305,471.7384,574.8494,1046.5879,1900.4426,2,RENEWABLE_ALL,renewable,CURTAIL,362.705371501635,662.705371501635,362.705371501635,0.7642070386942391,0.953551431141835,0
2026-01-08 08:00:00,ZONE_A,3,0.80492795,0.7959514,2938.426,543.0414,581.11566,1124.157,1814.269,1,BATTERY_ALL,battery,CHARGE,300.0,894.7743379698,594.7743379698,0.7641886768252906,1.0198384885232559,0
2026-01-08 08:00:00,ZONE_A,3,0.80492795,0.7959514,2938.426,543.0414,581.11566,1124.157,1814.269,2,RENEWABLE_ALL,renewable,CURTAIL,594.7743379698,894.7743379698,594.7743379698,0.7641886768252906,1.0198384885232559,0
2026-01-08 08:15:00,ZONE_A,3,0.9860303,0.7641746,3008.4526,600.08685,581.5719,1181.6587,1826.7939,1,BATTERY_ALL,battery,CHARGE,300.0,902.99356440902,602.99356440902,0.7999209184370168,1.0579190806104208,0
2026-01-08 08:15:00,ZONE_A,3,0.9860303,0.7641746,3008.4526,600.08685,581.5719,1181.6587,1826.7939,2,RENEWABLE_ALL,renewable,CURTAIL,602.99356440902,902.99356440902,602.99356440902,0.7999209184370168,1.0579190806104208,0
2026-01-08 08:30:00,ZONE_A,3,0.9715565,0.79499376,2986.2253,666.92865,580.08716,1247.0159,1739.2094,1,BATTERY_ALL,battery,CHARGE,300.0,991.3698591207841,691.3698591207841,0.7708018916579312,1.05405042385823,0
2026-01-08 08:30:00,ZONE_A,3,0.9715565,0.79499376,2986.2253,666.92865,580.08716,1247.0159,1739.2094,2,RENEWABLE_ALL,renewable,CURTAIL,691.3698591207841,991.3698591207841,691.3698591207841,0.7708018916579312,1.05405042385823,0
2026-01-08 08:45:00,ZONE_A,3,0.94129485,0.91678685,3026.8257,699.57355,552.82056,1252.394,1774.4317,1,BATTERY_ALL,battery,CHARGE,300.0,1148.1783502189,848.1783502189,0.8025670552018073,1.1306180137984743,0
2026-01-08 08:45:00,ZONE_A,3,0.94129485,0.91678685,3026.8257,699.57355,552.82056,1252.394,1774.4317,2,RENEWABLE_ALL,renewable,CURTAIL,848.1783502189,1148.1783502189,848.1783502189,0.8025670552018073,1.1306180137984743,0
2026-01-08 09:00:00,ZONE_A,2,0.98038155,0.90035397,2700.5928,789.6313,567.67975,1357.311,1343.2818,1,BATTERY_ALL,battery,CHARGE,300.0,1222.0603473746698,922.0603473746698,0.7195467919191961,1.0687068926497776,0
2026-01-08 09:00:00,ZONE_A,2,0.98038155,0.90035397,2700.5928,789.6313,567.67975,1357.311,1343.2818,2,RENEWABLE_ALL,renewable,CURTAIL,922.0603473746698,1222.0603473746698,922.0603473746698,0.7195467919191961,1.0687068926497776,0
2026-01-08 09:15:00,ZONE_A,2,0.98927325,0.82717955,2690.411,807.2486,556.68713,1363.9358,1326.4752,1,BATTERY_ALL,battery,CHARGE,300.0,1128.21980127289,828.21980127289,0.7224696793734128,1.0448181956339153,0
2026-01-08 09:15:00,ZONE_A,2,0.98927325,0.82717955,2690.411,807.2486,556.68713,1363.9358,1326.4752,2,RENEWABLE_ALL,renewable,CURTAIL,828.21980127289,1128.21980127289,828.21980127289,0.7224696793734128,1.0448181956339153,0
2026-01-08 09:30:00,ZONE_A,2,0.9720428,0.92284924,2685.3176,840.01843,402.67343,1242.6919,1442.6256999999998,1,BATTERY_ALL,battery,CHARGE,300.0,1146.8172754691561,846.8172754691561,0.7106105830596929,1.038272663194768,0
2026-01-08 09:30:00,ZONE_A,2,0.9720428,0.92284924,2685.3176,840.01843,402.67343,1242.6919,1442.6256999999998,2,RENEWABLE_ALL,renewable,CURTAIL,846.8172754691561,1146.8172754691561,846.8172754691561,0.7106105830596929,1.038272663194768,0
2026-01-08 09:45:00,ZONE_A,2,0.99050456,0.96331733,2714.2566,817.8645,517.59674,1335.4612,1378.7954000000002,1,BATTERY_ALL,battery,CHARGE,300.0,1286.472917502596,986.4729175025959,0.7349221766892114,1.102485869265953,0
2026-01-08 09:45:00,ZONE_A,2,0.99050456,0.96331733,2714.2566,817.8645,517.59674,1335.4612,1378.7954000000002,2,RENEWABLE_ALL,renewable,CURTAIL,986.4729175025959,1286.472917502596,986.4729175025959,0.7349221766892114,1.102485869265953,0
2026-01-08 10:00:00,ZONE_A,3,0.48677346,0.9340979,2690.8826,533.1756,354.89862,888.0742,1802.8084,1,BATTERY_ALL,battery,CHARGE,300.0,829.5482452641801,529.5482452641801,0.980643414561995,1.2176571997682992,0
2026-01-08 10:00:00,ZONE_A,3,0.48677346,0.9340979,2690.8826,533.1756,354.89862,888.0742,1802.8084,2,RENEWABLE_ALL,renewable,CURTAIL,529.5482452641801,829.5482452641801,529.5482452641801,0.980643414561995,1.2176571997682992,0
2026-01-08 10:15:00,ZONE_A,3,0.86734974,0.9548804,2703.342,595.5798,369.71,965.2898,1738.0522,1,BATTERY_ALL,battery,CHARGE,300.0,921.73631033992,621.73631033992,0.9821792054076944,1.245532437882303,0
2026-01-08 10:15:00,ZONE_A,3,0.86734974,0.9548804,2703.342,595.5798,369.71,965.2898,1738.0522,2,RENEWABLE_ALL,renewable,CURTAIL,621.73631033992,921.73631033992,621.73631033992,0.9821792054076944,1.245532437882303,0
2026-01-08 10:30:00,ZONE_A,3,0.809717,0.9560357,2691.5051,572.9083,411.97617,984.8845,1706.6205999999995,1,BATTERY_ALL,battery,CHARGE,300.0,941.5847423766501,641.5847423766501,0.9775800095776052,1.2466042226148466,0
2026-01-08 10:30:00,ZONE_A,3,0.809717,0.9560357,2691.5051,572.9083,411.97617,984.8845,1706.6205999999995,2,RENEWABLE_ALL,renewable,CURTAIL,641.5847423766501,941.5847423766501,641.5847423766501,0.9775800095776052,1.2466042226148466,0
2026-01-08 10:45:00,ZONE_A,3,0.5742501,0.95429057,2693.4148,666.2837,401.19482,1067.4785,1625.9363,1,BATTERY_ALL,battery,CHARGE,300.0,1018.6846662277449,718.6846662277449,0.9799752264010542,1.2710279892783998,0
2026-01-08 10:45:00,ZONE_A,3,0.5742501,0.95429057,2693.4148,666.2837,401.19482,1067.4785,1625.9363,2,RENEWABLE_ALL,renewable,CURTAIL,718.6846662277449,1018.6846662277449,718.6846662277449,0.9799752264010542,1.2710279892783998,0
2026-01-08 11:00:00,ZONE_A,3,0.9117502,0.96126246,2680.093,570.9529,356.42194,927.3748,1752.7181999999998,1,BATTERY_ALL,battery,CHARGE,300.0,891.4505815900081,591.4505815900081,0.97781242159285,1.2325126009197442,0
2026-01-08 11:00:00,ZONE_A,3,0.9117502,0.96126246,2680.093,570.9529,356.42194,927.3748,1752.7181999999998,2,RENEWABLE_ALL,renewable,CURTAIL,591.4505815900081,891.4505815900081,591.4505815900081,0.97781242159285,1.2325126009197442,0
2026-01-08 11:15:00,ZONE_A,3,0.84604126,0.9706315,2700.476,672.41797,420.3037,1092.7217,1607.7543,1,BATTERY_ALL,battery,CHARGE,300.0,1060.63010275355,760.6301027535501,0.9720185499381451,1.2750557391581407,0
2026-01-08 11:15:00,ZONE_A,3,0.84604126,0.9706315,2700.476,672.41797,420.3037,1092.7217,1607.7543,2,RENEWABLE_ALL,renewable,CURTAIL,760.6301027535501,1060.63010275355,760.6301027535501,0.9720185499381451,1.2750557391581407,0
2026-01-08 11:30:00,ZONE_A,3,0.8943644,0.9706315,2693.0308,676.2327,396.81442,1073.0471,1619.9837,1,BATTERY_ALL,battery,CHARGE,300.0,1041.53331624365,741.53331624365,0.9726613186238172,1.2702422793950225,0
2026-01-08 11:30:00,ZONE_A,3,0.8943644,0.9706315,2693.0308,676.2327,396.81442,1073.0471,1619.9837,2,RENEWABLE_ALL,renewable,CURTAIL,741.53331624365,1041.53331624365,741.53331624365,0.9726613186238172,1.2702422793950225,0
2026-01-08 11:45:00,ZONE_A,3,0.88383704,0.9740096,2702.5,599.4117,413.57623,1012.9879,1689.5121,1,BATTERY_ALL,battery,CHARGE,300.0,986.65993928384,686.65993928384,0.9575953913054719,1.2394982451785583,0
2026-01-08 11:45:00,ZONE_A,3,0.88383704,0.9740096,2702.5,599.4117,413.57623,1012.9879,1689.5121,2,RENEWABLE_ALL,renewable,CURTAIL,686.65993928384,986.65993928384,686.65993928384,0.9575953913054719,1.2394982451785583,0
2026-01-08 12:00:00,ZONE_A,3,0.955411,0.9667017,2678.1797,551.3476,376.55295,927.9005,1750.2792000000002,1,BATTERY_ALL,battery,CHARGE,300.0,897.0029907808499,597.0029907808499,0.9830975693351622,1.2393841496805924,0
2026-01-08 12:00:00,ZONE_A,3,0.955411,0.9667017,2678.1797,551.3476,376.55295,927.9005,1750.2792000000002,2,RENEWABLE_ALL,renewable,CURTAIL,597.0029907808499,897.0029907808499,597.0029907808499,0.9830975693351622,1.2393841496805924,0
2026-01-08 12:15:00,ZONE_A,3,0.936504,0.9740096,2673.521,587.71783,438.39862,1026.1165,1647.4045,1,BATTERY_ALL,battery,CHARGE,300.0,999.4473217184001,699.4473217184001,0.962485492550876,1.2480418803899072,0
2026-01-08 12:15:00,ZONE_A,3,0.936504,0.9740096,2673.521,587.71783,438.39862,1026.1165,1647.4045,2,RENEWABLE_ALL,renewable,CURTAIL,699.4473217184001,999.4473217184001,699.4473217184001,0.962485492550876,1.2480418803899072,0
2026-01-08 12:30:00,ZONE_A,3,0.922665,0.9693459,2669.5405,559.4193,448.12308,1007.54236,1661.99814,1,BATTERY_ALL,battery,CHARGE,300.0,976.657055742324,676.657055742324,0.9714294752986132,1.2504743585748117,0
2026-01-08 12:30:00,ZONE_A,3,0.922665,0.9693459,2669.5405,559.4193,448.12308,1007.54236,1661.99814,2,RENEWABLE_ALL,renewable,CURTAIL,676.657055742324,976.657055742324,676.657055742324,0.9714294752986132,1.2504743585748117,0
2026-01-08 12:45:00,ZONE_A,3,0.90944463,0.97079885,2666.0852,561.9104,389.10895,951.01935,1715.06585,1,BATTERY_ALL,battery,CHARGE,300.0,923.2484913077475,623.2484913077475,0.9599818223177006,1.2237671117691602,0
2026-01-08 12:45:00,ZONE_A,3,0.90944463,0.97079885,2666.0852,561.9104,389.10895,951.01935,1715.06585,2,RENEWABLE_ALL,renewable,CURTAIL,623.2484913077475,923.2484913077475,623.2484913077475,0.9599818223177006,1.2237671117691602,0
2026-01-08 13:00:00,ZONE_A,3,0.9547264,0.97079885,2673.7224,552.82935,410.43344,963.2628,1710.4596,1,BATTERY_ALL,battery,CHARGE,300.0,935.13441848778,635.13441848778,0.9778345991642492,1.2450158773965982,0
2026-01-08 13:00:00,ZONE_A,3,0.9547264,0.97079885,2673.7224,552.82935,410.43344,963.2628,1710.4596,2,RENEWABLE_ALL,renewable,CURTAIL,635.13441848778,935.13441848778,635.13441848778,0.9778345991642492,1.2450158773965982,0
2026-01-08 13:15:00,ZONE_A,2,0.9618581,0.8712687,2672.145,732.48334,525.61035,1258.0938,1414.0512,1,BATTERY_ALL,battery,CHARGE,300.0,1096.13774960406,796.13774960406,0.7225406970387064,1.0357229195595903,0
2026-01-08 13:15:00,ZONE_A,2,0.9618581,0.8712687,2672.145,732.48334,525.61035,1258.0938,1414.0512,2,RENEWABLE_ALL,renewable,CURTAIL,796.13774960406,1096.13774960406,796.13774960406,0.7225406970387064,1.0357229195595903,0
2026-01-08 13:30:00,ZONE_A,2,0.96265197,0.9582214,2677.8887,683.24133,535.8429,1219.0842,1458.8045,1,BATTERY_ALL,battery,CHARGE,300.0,1168.15256884188,868.1525688418801,0.7219407073237402,1.0556985958176015,0
2026-01-08 13:30:00,ZONE_A,2,0.96265197,0.9582214,2677.8887,683.24133,535.8429,1219.0842,1458.8045,2,RENEWABLE_ALL,renewable,CURTAIL,868.1525688418801,1168.15256884188,868.1525688418801,0.7219407073237402,1.0556985958176015,0
2026-01-08 13:45:00,ZONE_A,2,0.95962554,0.91177857,2676.1055,701.6621,549.8997,1251.5618,1424.5437000000002,1,BATTERY_ALL,battery,CHARGE,300.0,1141.1472282706259,841.1472282706259,0.7229658052615402,1.0490078786290677,0
2026-01-08 13:45:00,ZONE_A,2,0.95962554,0.91177857,2676.1055,701.6621,549.8997,1251.5618,1424.5437000000002,2,RENEWABLE_ALL,renewable,CURTAIL,841.1472282706259,1141.1472282706259,841.1472282706259,0.7229658052615402,1.0490078786290677,0
2026-01-08 14:00:00,ZONE_A,2,0.87783915,0.9674616,2669.3564,636.00085,533.5343,1169.5352,1499.8212,1,BATTERY_ALL,battery,CHARGE,300.0,1131.48039584832,831.4803958483201,0.7103702322164518,1.0336503599008684,0
2026-01-08 14:00:00,ZONE_A,2,0.87783915,0.9674616,2669.3564,636.00085,533.5343,1169.5352,1499.8212,2,RENEWABLE_ALL,renewable,CURTAIL,831.4803958483201,1131.48039584832,831.4803958483201,0.7103702322164518,1.0336503599008684,0
2026-01-08 14:15:00,ZONE_A,2,0.956803,0.9431185,2677.8865,642.7863,595.4446,1238.231,1439.6555,1,BATTERY_ALL,battery,CHARGE,300.0,1167.7985633735,867.7985633735,0.7058528643056813,1.0395095979006528,0
2026-01-08 14:15:00,ZONE_A,2,0.956803,0.9431185,2677.8865,642.7863,595.4446,1238.231,1439.6555,2,RENEWABLE_ALL,renewable,CURTAIL,867.7985633735,1167.7985633735,867.7985633735,0.7058528643056813,1.0395095979006528,0
2026-01-08 14:30:00,ZONE_A,2,0.9128594,0.93520373,2691.7256,624.67377,584.52325,1209.197,1482.5286000000003,1,BATTERY_ALL,battery,CHARGE,300.0,1130.84554470481,830.84554470481,0.7090410344942042,1.032139762714699,0
2026-01-08 14:30:00,ZONE_A,2,0.9128594,0.93520373,2691.7256,624.67377,584.52325,1209.197,1482.5286000000003,2,RENEWABLE_ALL,renewable,CURTAIL,830.84554470481,1130.84554470481,830.84554470481,0.7090410344942042,1.032139762714699,0
2026-01-08 14:45:00,ZONE_A,1,0.56724787,0.9349475,2696.6543,575.45593,587.2131,1162.669,1533.9853,1,BATTERY_ALL,battery,CHARGE,300.0,1087.0344748775,787.0344748775001,0.6979146481867436,1.008495927844266,0
2026-01-08 14:45:00,ZONE_A,1,0.56724787,0.9349475,2696.6543,575.45593,587.2131,1162.669,1533.9853,2,RENEWABLE_ALL,renewable,CURTAIL,787.0344748775001,1087.0344748775,787.0344748775001,0.6979146481867436,1.008495927844266,0
2026-01-08 15:00:00,ZONE_A,2,0.92243356,0.7941861,2794.4453,476.9289,572.0716,1049.0005,1745.4447999999998,1,BATTERY_ALL,battery,CHARGE,300.0,833.1016159930501,533.1016159930501,0.7176536006932664,0.9556826346559769,0
2026-01-08 15:00:00,ZONE_A,2,0.92243356,0.7941861,2794.4453,476.9289,572.0716,1049.0005,1745.4447999999998,2,RENEWABLE_ALL,renewable,CURTAIL,533.1016159930501,833.1016159930501,533.1016159930501,0.7176536006932664,0.9556826346559769,0
2026-01-08 15:15:00,ZONE_A,2,0.94204277,0.84121317,2795.2366,406.7659,585.6283,992.39417,1802.84243,1,BATTERY_ALL,battery,CHARGE,300.0,834.8150456352189,534.8150456352189,0.7151701599815772,0.9536887452596646,0
2026-01-08 15:15:00,ZONE_A,2,0.94204277,0.84121317,2795.2366,406.7659,585.6283,992.39417,1802.84243,2,RENEWABLE_ALL,renewable,CURTAIL,534.8150456352189,834.8150456352189,534.8150456352189,0.7151701599815772,0.9536887452596646,0
2026-01-08 15:30:00,ZONE_A,2,0.90864533,0.6831974,2784.4312,347.4518,576.02057,923.4724,1860.9588,1,BATTERY_ALL,battery,CHARGE,300.0,630.91394265176,330.91394265175995,0.7193611590998837,0.8996222861913565,0
2026-01-08 15:30:00,ZONE_A,2,0.90864533,0.6831974,2784.4312,347.4518,576.02057,923.4724,1860.9588,2,RENEWABLE_ALL,renewable,CURTAIL,330.91394265175995,630.91394265176,330.91394265175995,0.7193611590998837,0.8996222861913565,0
2026-01-08 15:45:00,ZONE_A,2,0.8578924,0.877502,2791.7544,308.44995,551.7182,860.16815,1931.58625,1,BATTERY_ALL,battery,CHARGE,300.0,754.7992719613,454.79927196129995,0.7112924281809715,0.9269493637409513,0
2026-01-08 15:45:00,ZONE_A,2,0.8578924,0.877502,2791.7544,308.44995,551.7182,860.16815,1931.58625,2,RENEWABLE_ALL,renewable,CURTAIL,454.79927196129995,754.7992719613,454.79927196129995,0.7112924281809715,0.9269493637409513,0
2026-01-08 16:00:00,ZONE_A,1,0.7126269,0.55513984,2794.2976,231.82352,523.32074,755.1443,2039.1533,1,BATTERY_ALL,battery,CHARGE,300.0,419.21068587891205,119.21068587891205,0.6979126033021803,0.8176870854060805,0
2026-01-08 16:00:00,ZONE_A,1,0.7126269,0.55513984,2794.2976,231.82352,523.32074,755.1443,2039.1533,2,RENEWABLE_ALL,renewable,CURTAIL,119.21068587891205,419.21068587891205,119.21068587891205,0.6979126033021803,0.8176870854060805,0
2026-01-08 16:30:00,ZONE_A,1,0.97275656,0.59097946,2798.7615,134.48254,426.2505,560.73303,2238.02847,1,BATTERY_ALL,battery,CHARGE,300.0,331.3817032735638,31.3817032735638,0.6895609410645036,0.7842414280514681,0
2026-01-08 16:30:00,ZONE_A,1,0.97275656,0.59097946,2798.7615,134.48254,426.2505,560.73303,2238.02847,2,RENEWABLE_ALL,renewable,CURTAIL,31.3817032735638,331.3817032735638,31.3817032735638,0.6895609410645036,0.7842414280514681,0
2026-01-08 18:15:00,ZONE_A,1,0.9809333,0.66168684,2801.6545,0.0,475.0565,475.0565,2326.598,1,BATTERY_ALL,battery,CHARGE,300.0,314.33863430646,14.338634306459994,0.6773874917957706,0.7671985304493683,0
2026-01-08 18:15:00,ZONE_A,1,0.9809333,0.66168684,2801.6545,0.0,475.0565,475.0565,2326.598,2,RENEWABLE_ALL,renewable,CURTAIL,14.338634306459994,314.33863430646,14.338634306459994,0.6773874917957706,0.7671985304493683,0
2026-01-08 18:45:00,ZONE_A,1,0.97080076,0.5693762,2804.997,0.0,572.88885,572.88885,2232.10815,1,BATTERY_ALL,battery,CHARGE,300.0,326.18927643537,26.189276435370004,0.6791572071104252,0.7723541435333491,0
2026-01-08 18:45:00,ZONE_A,1,0.97080076,0.5693762,2804.997,0.0,572.88885,572.88885,2232.10815,2,RENEWABLE_ALL,renewable,CURTAIL,26.189276435370004,326.18927643537,26.189276435370004,0.6791572071104252,0.7723541435333491,0
2026-01-08 19:00:00,ZONE_A,1,0.9746898,0.6390232,2801.651,0.0,559.25714,559.25714,2242.39386,1,BATTERY_ALL,battery,CHARGE,300.0,357.378287225648,57.37828722564802,0.6871132253646167,0.7892213077452622,0
2026-01-08 19:00:00,ZONE_A,1,0.9746898,0.6390232,2801.651,0.0,559.25714,559.25714,2242.39386,2,RENEWABLE_ALL,renewable,CURTAIL,57.37828722564802,357.378287225648,57.37828722564802,0.6871132253646167,0.7892213077452622,0
2026-01-08 19:15:00,ZONE_A,1,0.9757066,0.5693762,2804.2244,0.13253348,587.3289,587.4614,2216.763,1,BATTERY_ALL,battery,CHARGE,300.0,334.48653957868004,34.48653957868004,0.6971725692327971,0.7927401522657932,0
2026-01-08 19:15:00,ZONE_A,1,0.9757066,0.5693762,2804.2244,0.13253348,587.3289,587.4614,2216.763,2,RENEWABLE_ALL,renewable,CURTAIL,34.48653957868004,334.48653957868004,34.48653957868004,0.6971725692327971,0.7927401522657932,0
2026-01-08 19:30:00,ZONE_A,1,0.97559583,0.5693762,2798.7703,0.0,582.51904,582.51904,2216.25126,1,BATTERY_ALL,battery,CHARGE,300.0,331.67247742284803,31.672477422848033,0.6743248105727372,0.7690883758448372,0
2026-01-08 19:30:00,ZONE_A,1,0.97559583,0.5693762,2798.7703,0.0,582.51904,582.51904,2216.25126,2,RENEWABLE_ALL,renewable,CURTAIL,31.672477422848033,331.67247742284803,31.672477422848033,0.6743248105727372,0.7690883758448372,0
2026-01-08 19:45:00,ZONE_A,1,0.97180575,0.7062834,2813.3503,0.0,593.63367,593.63367,2219.71663,1,BATTERY_ALL,battery,CHARGE,300.0,419.27360680207806,119.27360680207806,0.6951744337390345,0.8149668931987107,0
2026-01-08 19:45:00,ZONE_A,1,0.97180575,0.7062834,2813.3503,0.0,593.63367,593.63367,2219.71663,2,RENEWABLE_ALL,renewable,CURTAIL,119.27360680207806,419.27360680207806,119.27360680207806,0.6951744337390345,0.8149668931987107,0
2026-01-08 20:00:00,ZONE_A,0,0.68754476,0.7834614,2647.659,0.0,595.67834,595.67834,2051.98066,1,BATTERY_ALL,battery,CHARGE,300.0,466.69098620607605,166.69098620607605,0.6485726139648018,0.7819128961641278,0
2026-01-08 20:00:00,ZONE_A,0,0.68754476,0.7834614,2647.659,0.0,595.67834,595.67834,2051.98066,2,RENEWABLE_ALL,renewable,CURTAIL,166.69098620607605,466.69098620607605,166.69098620607605,0.6485726139648018,0.7819128961641278,0
2026-01-08 20:15:00,ZONE_A,0,0.69917214,0.5693762,2646.5732,0.0,587.5781,587.5781,2058.9951,1,BATTERY_ALL,battery,CHARGE,300.0,334.55298578121995,34.552985781219945,0.6497674215433019,0.7453539892250117,0
2026-01-08 20:15:00,ZONE_A,0,0.69917214,0.5693762,2646.5732,0.0,587.5781,587.5781,2058.9951,2,RENEWABLE_ALL,renewable,CURTAIL,34.552985781219945,334.55298578121995,34.552985781219945,0.6497674215433019,0.7453539892250117,0
2026-01-08 20:30:00,ZONE_A,0,0.93462336,0.8443932,2626.934,0.0,593.44684,593.44684,2033.48716,1,BATTERY_ALL,battery,CHARGE,300.0,501.1024762574879,201.10247625748792,0.6499244757147604,0.7930966122279448,0
2026-01-08 20:30:00,ZONE_A,0,0.93462336,0.8443932,2626.934,0.0,593.44684,593.44684,2033.48716,2,RENEWABLE_ALL,renewable,CURTAIL,201.10247625748792,501.1024762574879,201.10247625748792,0.6499244757147604,0.7930966122279448,0
2026-01-08 20:45:00,ZONE_A,0,0.94282424,0.70860696,2616.9988,0.0,584.00366,584.00366,2032.99514,1,BATTERY_ALL,battery,CHARGE,300.0,413.8290581414736,113.82905814147358,0.6329788874883033,0.7512157616308939,0
2026-01-08 20:45:00,ZONE_A,0,0.94282424,0.70860696,2616.9988,0.0,584.00366,584.00366,2032.99514,2,RENEWABLE_ALL,renewable,CURTAIL,113.82905814147358,413.8290581414736,113.82905814147358,0.6329788874883033,0.7512157616308939,0
2026-01-08 21:00:00,ZONE_A,0,0.9875973,0.7003965,2559.3682,0.0,593.5716,593.5716,1965.7966,1,BATTERY_ALL,battery,CHARGE,300.0,415.7354711394,115.73547113939998,0.6318758423848518,0.7506574059055351,0
2026-01-08 21:00:00,ZONE_A,0,0.9875973,0.7003965,2559.3682,0.0,593.5716,593.5716,1965.7966,2,RENEWABLE_ALL,renewable,CURTAIL,115.73547113939998,415.7354711394,115.73547113939998,0.6318758423848518,0.7506574059055351,0
2026-01-08 21:30:00,ZONE_A,0,0.9489703,0.56110364,2474.8525,6.9746733,572.82166,579.7963,1895.0562,1,BATTERY_ALL,battery,CHARGE,300.0,325.32581438853197,25.325814388531967,0.6112018580142586,0.7041520909622111,0
2026-01-08 21:30:00,ZONE_A,0,0.9489703,0.56110364,2474.8525,6.9746733,572.82166,579.7963,1895.0562,2,RENEWABLE_ALL,renewable,CURTAIL,25.325814388531967,325.32581438853197,25.325814388531967,0.6112018580142586,0.7041520909622111,0
2026-01-08 21:45:00,ZONE_A,0,0.9876095,0.6918923,2459.411,0.0,572.7181,572.7181,1886.6929,1,BATTERY_ALL,battery,CHARGE,300.0,396.25924346063005,96.25924346063005,0.6050321703388255,0.7182490973503379,0
2026-01-08 21:45:00,ZONE_A,0,0.9876095,0.6918923,2459.411,0.0,572.7181,572.7181,1886.6929,2,RENEWABLE_ALL,renewable,CURTAIL,96.25924346063005,396.25924346063005,96.25924346063005,0.6050321703388255,0.7182490973503379,0
2026-01-08 22:15:00,ZONE_A,0,0.9928779,0.76630425,2402.2837,0.0,598.2038,598.2038,1804.0799,1,BATTERY_ALL,battery,CHARGE,300.0,458.40611430615,158.40611430615002,0.600477495368042,0.7314506712221993,0
2026-01-08 22:15:00,ZONE_A,0,0.9928779,0.76630425,2402.2837,0.0,598.2038,598.2038,1804.0799,2,RENEWABLE_ALL,renewable,CURTAIL,158.40611430615002,458.40611430615,158.40611430615002,0.600477495368042,0.7314506712221993,0
2026-01-08 22:30:00,ZONE_A,0,0.9945187,0.6889279,2365.0696,0.0,546.7765,546.7765,1818.2931,1,BATTERY_ALL,battery,CHARGE,300.0,376.68958591435006,76.68958591435006,0.5822921998698183,0.689917796122163,0
2026-01-08 22:30:00,ZONE_A,0,0.9945187,0.6889279,2365.0696,0.0,546.7765,546.7765,1818.2931,2,RENEWABLE_ALL,renewable,CURTAIL,76.68958591435006,376.68958591435006,76.68958591435006,0.5822921998698183,0.689917796122163,0
2026-01-08 22:45:00,ZONE_A,0,0.9962496,0.6909391,2315.03,0.0,582.6232,582.6232,1732.4068000000002,1,BATTERY_ALL,battery,CHARGE,300.0,402.55714944712,102.55714944712003,0.5783335887069213,0.6933499174115886,0
2026-01-08 22:45:00,ZONE_A,0,0.9962496,0.6909391,2315.03,0.0,582.6232,582.6232,1732.4068000000002,2,RENEWABLE_ALL,renewable,CURTAIL,102.55714944712003,402.55714944712,102.55714944712003,0.5783335887069213,0.6933499174115886,0
2026-01-08 23:00:00,ZONE_A,0,0.9960453,0.8148672,2307.7224,0.0,593.13824,593.13824,1714.58416,1,BATTERY_ALL,battery,CHARGE,300.0,483.328896841728,183.328896841728,0.5733842491984342,0.7114782200696422,0
2026-01-08 23:00:00,ZONE_A,0,0.9960453,0.8148672,2307.7224,0.0,593.13824,593.13824,1714.58416,2,RENEWABLE_ALL,renewable,CURTAIL,183.328896841728,483.328896841728,183.328896841728,0.5733842491984342,0.7114782200696422,0
2026-01-08 23:15:00,ZONE_A,0,0.9962496,0.6909391,2301.1238,0.0,573.7844,573.7844,1727.3393999999998,1,BATTERY_ALL,battery,CHARGE,300.0,396.45007693004004,96.45007693004004,0.5698542104823652,0.6831256613173222,0
2026-01-08 23:15:00,ZONE_A,0,0.9962496,0.6909391,2301.1238,0.0,573.7844,573.7844,1727.3393999999998,2,RENEWABLE_ALL,renewable,CURTAIL,96.45007693004004,396.45007693004004,96.45007693004004,0.5698542104823652,0.6831256613173222,0
2026-01-08 23:30:00,ZONE_A,0,0.99651885,0.8148672,2300.7288,0.0,593.93695,593.93695,1706.7918499999998,1,BATTERY_ALL,battery,CHARGE,300.0,483.97973942304003,183.97973942304003,0.5687387618031099,0.7070186876835945,0
2026-01-08 23:30:00,ZONE_A,0,0.99651885,0.8148672,2300.7288,0.0,593.93695,593.93695,1706.7918499999998,2,RENEWABLE_ALL,renewable,CURTAIL,183.97973942304003,483.97973942304003,183.97973942304003,0.5687387618031099,0.7070186876835945,0
2026-01-08 23:45:00,ZONE_A,0,0.996503,0.79635406,2305.114,0.0,593.271,593.271,1711.843,1,BATTERY_ALL,battery,CHARGE,300.0,472.45376953025993,172.45376953025993,0.5730092198980846,0.7079960115125716,0
2026-01-08 23:45:00,ZONE_A,0,0.996503,0.79635406,2305.114,0.0,593.271,593.271,1711.843,2,RENEWABLE_ALL,renewable,CURTAIL,172.45376953025993,472.45376953025993,172.45376953025993,0.5730092198980846,0.7079960115125716,0
2026-01-09 00:00:00,ZONE_A,0,0.9964294,0.6422978,2287.5583,0.0,588.15454,588.15454,1699.40376,1,BATTERY_ALL,battery,CHARGE,300.0,377.770367102012,77.77036710201202,0.565303121243378,0.6732375120969544,0
2026-01-09 00:00:00,ZONE_A,0,0.9964294,0.6422978,2287.5583,0.0,588.15454,588.15454,1699.40376,2,RENEWABLE_ALL,renewable,CURTAIL,77.77036710201202,377.770367102012,77.77036710201202,0.565303121243378,0.6732375120969544,0
2026-01-09 00:15:00,ZONE_A,0,0.99640405,0.72078973,2288.26,0.0,585.2946,585.2946,1702.9654000000005,1,BATTERY_ALL,battery,CHARGE,300.0,421.87433670445796,121.87433670445796,0.5629250717389879,0.6834605967919103,0
2026-01-09 00:15:00,ZONE_A,0,0.99640405,0.72078973,2288.26,0.0,585.2946,585.2946,1702.9654000000005,2,RENEWABLE_ALL,renewable,CURTAIL,121.87433670445796,421.87433670445796,121.87433670445796,0.5629250717389879,0.6834605967919103,0
2026-01-09 00:30:00,ZONE_A,0,0.99630415,0.82153094,2300.1987,0.49532261,595.3321,595.8274,1704.3712999999998,1,BATTERY_ALL,battery,CHARGE,300.0,489.49064399975606,189.49064399975606,0.5689503805034468,0.7088048505419547,0
2026-01-09 00:30:00,ZONE_A,0,0.99630415,0.82153094,2300.1987,0.49532261,595.3321,595.8274,1704.3712999999998,2,RENEWABLE_ALL,renewable,CURTAIL,189.49064399975606,489.49064399975606,189.49064399975606,0.5689503805034468,0.7088048505419547,0
2026-01-09 00:45:00,ZONE_A,0,0.9971807,0.68007684,2311.5437,1.3092222,537.69684,539.00604,1772.5376600000002,1,BATTERY_ALL,battery,CHARGE,300.0,366.5655244241136,66.56552442411362,0.5871623329422996,0.6918953401658995,0
2026-01-09 00:45:00,ZONE_A,0,0.9971807,0.68007684,2311.5437,1.3092222,537.69684,539.00604,1772.5376600000002,2,RENEWABLE_ALL,renewable,CURTAIL,66.56552442411362,366.5655244241136,66.56552442411362,0.5871623329422996,0.6918953401658995,0
2026-01-09 01:00:00,ZONE_A,0,0.99724567,0.73517513,2292.3254,0.0,551.9856,551.9856,1740.3398000000002,1,BATTERY_ALL,battery,CHARGE,300.0,405.806085238128,105.80608523812799,0.5708193487197212,0.6867639447687687,0
2026-01-09 01:00:00,ZONE_A,0,0.99724567,0.73517513,2292.3254,0.0,551.9856,551.9856,1740.3398000000002,2,RENEWABLE_ALL,renewable,CURTAIL,105.80608523812799,405.806085238128,105.80608523812799,0.5708193487197212,0.6867639447687687,0
2026-01-09 01:15:00,ZONE_A,0,0.9970278,0.72078973,2291.9524,0.0,590.4198,590.4198,1701.5326,1,BATTERY_ALL,battery,CHARGE,300.0,425.56852822865403,125.56852822865403,0.5677902626930889,0.6893812710366111,0
2026-01-09 01:15:00,ZONE_A,0,0.9970278,0.72078973,2291.9524,0.0,590.4198,590.4198,1701.5326,2,RENEWABLE_ALL,renewable,CURTAIL,125.56852822865403,425.56852822865403,125.56852822865403,0.5677902626930889,0.6893812710366111,0
2026-01-09 01:30:00,ZONE_A,0,0.9971807,0.71127874,2288.1128,0.5570134,534.722,535.279,1752.8338,1,BATTERY_ALL,battery,CHARGE,300.0,380.73257266846,80.73257266846002,0.5645745369880208,0.6733552722885148,0
2026-01-09 01:30:00,ZONE_A,0,0.9971807,0.71127874,2288.1128,0.5570134,534.722,535.279,1752.8338,2,RENEWABLE_ALL,renewable,CURTAIL,80.73257266846002,380.73257266846,80.73257266846002,0.5645745369880208,0.6733552722885148,0
2026-01-09 01:45:00,ZONE_A,0,0.9964294,0.620481,2293.705,1.4415702,589.4626,590.9042,1702.8008,1,BATTERY_ALL,battery,CHARGE,300.0,366.6448289201999,66.64482892019993,0.5677565087689146,0.6725121744284314,0
2026-01-09 01:45:00,ZONE_A,0,0.9964294,0.620481,2293.705,1.4415702,589.4626,590.9042,1702.8008,2,RENEWABLE_ALL,renewable,CURTAIL,66.64482892019993,366.6448289201999,66.64482892019993,0.5677565087689146,0.6725121744284314,0
2026-01-09 02:00:00,ZONE_A,0,0.99717975,0.77559936,2290.1355,0.0,561.66656,561.66656,1728.4689399999995,1,BATTERY_ALL,battery,CHARGE,300.0,435.6282244694016,135.62822446940157,0.5649309498074107,0.6893961570886747,0
2026-01-09 02:00:00,ZONE_A,0,0.99717975,0.77559936,2290.1355,0.0,561.66656,561.66656,1728.4689399999995,2,RENEWABLE_ALL,renewable,CURTAIL,135.62822446940157,435.6282244694016,135.62822446940157,0.5649309498074107,0.6893961570886747,0
2026-01-09 02:15:00,ZONE_A,0,0.9964425,0.85011786,2296.9558,0.0,599.2748,599.2748,1697.681,1,BATTERY_ALL,battery,CHARGE,300.0,509.454210527928,209.454210527928,0.5740976351827489,0.7196559813846483,0
2026-01-09 02:15:00,ZONE_A,0,0.9964425,0.85011786,2296.9558,0.0,599.2748,599.2748,1697.681,2,RENEWABLE_ALL,renewable,CURTAIL,209.454210527928,509.454210527928,209.454210527928,0.5740976351827489,0.7196559813846483,0
2026-01-09 02:30:00,ZONE_A,0,0.9968329,0.5872469,2290.8833,0.5570134,601.9155,602.47253,1688.41077,1,BATTERY_ALL,battery,CHARGE,300.0,353.800125577657,53.80012557765701,0.5700602519559876,0.6711460023531864,0
2026-01-09 02:30:00,ZONE_A,0,0.9968329,0.5872469,2290.8833,0.5570134,601.9155,602.47253,1688.41077,2,RENEWABLE_ALL,renewable,CURTAIL,53.80012557765701,353.800125577657,53.80012557765701,0.5700602519559876,0.6711460023531864,0
2026-01-09 02:45:00,ZONE_A,0,0.9964425,0.79237753,2294.857,1.370913,598.81134,600.18225,1694.67475,1,BATTERY_ALL,battery,CHARGE,300.0,475.5709288048425,175.57092880484248,0.5702928223197034,0.7061702308640121,0
2026-01-09 02:45:00,ZONE_A,0,0.9964425,0.79237753,2294.857,1.370913,598.81134,600.18225,1694.67475,2,RENEWABLE_ALL,renewable,CURTAIL,175.57092880484248,475.5709288048425,175.57092880484248,0.5702928223197034,0.7061702308640121,0
2026-01-09 03:00:00,ZONE_A,0,0.99632746,0.82377225,2285.7063,0.0,592.96594,592.96594,1692.7403599999998,1,BATTERY_ALL,battery,CHARGE,300.0,488.46888656716504,188.46888656716504,0.5713659514573957,0.7109284907973682,0
2026-01-09 03:00:00,ZONE_A,0,0.99632746,0.82377225,2285.7063,0.0,592.96594,592.96594,1692.7403599999998,2,RENEWABLE_ALL,renewable,CURTAIL,188.46888656716504,488.46888656716504,188.46888656716504,0.5713659514573957,0.7109284907973682,0
2026-01-09 03:15:00,ZONE_A,0,0.9962435,0.8053797,2283.0286,0.0,593.13885,593.13885,1689.88975,1,BATTERY_ALL,battery,CHARGE,300.0,477.70198907134505,177.70198907134505,0.5637027118456918,0.7001889947579684,0
2026-01-09 03:15:00,ZONE_A,0,0.9962435,0.8053797,2283.0286,0.0,593.13885,593.13885,1689.88975,2,RENEWABLE_ALL,renewable,CURTAIL,177.70198907134505,477.70198907134505,177.70198907134505,0.5637027118456918,0.7001889947579684,0
2026-01-09 03:30:00,ZONE_A,0,0.9962435,0.8269455,2283.1077,0.36773103,596.5046,596.8723,1686.2354,1,BATTERY_ALL,battery,CHARGE,300.0,493.58086255965,193.58086255964997,0.5635817443694289,0.704604848285907,0
2026-01-09 03:30:00,ZONE_A,0,0.9962435,0.8269455,2283.1077,0.36773103,596.5046,596.8723,1686.2354,2,RENEWABLE_ALL,renewable,CURTAIL,193.58086255964997,493.58086255965,193.58086255964997,0.5635817443694289,0.704604848285907,0
2026-01-09 03:45:00,ZONE_A,0,0.9962435,0.82153094,2282.8452,1.2907466,596.031,597.3218,1685.5234,1,BATTERY_ALL,battery,CHARGE,300.0,490.7183398364921,190.71833983649208,0.5620671186670028,0.7022723589465671,0
2026-01-09 03:45:00,ZONE_A,0,0.9962435,0.82153094,2282.8452,1.2907466,596.031,597.3218,1685.5234,2,RENEWABLE_ALL,renewable,CURTAIL,190.71833983649208,490.7183398364921,190.71833983649208,0.5620671186670028,0.7022723589465671,0
2026-01-09 04:00:00,ZONE_A,0,0.9970112,0.6015423,2281.5037,0.0,549.3384,549.3384,1732.1653,1,BATTERY_ALL,battery,CHARGE,300.0,330.45028461431997,30.45028461431997,0.5613136490492501,0.6557280163021809,0
2026-01-09 04:00:00,ZONE_A,0,0.9970112,0.6015423,2281.5037,0.0,549.3384,549.3384,1732.1653,2,RENEWABLE_ALL,renewable,CURTAIL,30.45028461431997,330.45028461431997,30.45028461431997,0.5613136490492501,0.6557280163021809,0
2026-01-09 04:15:00,ZONE_A,0,0.99634093,0.789689,2286.3257,0.0,597.1031,597.1031,1689.2225999999998,1,BATTERY_ALL,battery,CHARGE,300.0,471.5257499359,171.52574993590002,0.5646096014035776,0.6993312445511903,0
2026-01-09 04:15:00,ZONE_A,0,0.99634093,0.789689,2286.3257,0.0,597.1031,597.1031,1689.2225999999998,2,RENEWABLE_ALL,renewable,CURTAIL,171.52574993590002,471.5257499359,171.52574993590002,0.5646096014035776,0.6993312445511903,0
2026-01-09 04:30:00,ZONE_A,0,0.9970607,0.64382035,2282.2932,0.75790596,597.0465,597.80444,1684.4887600000002,1,BATTERY_ALL,battery,CHARGE,300.0,384.878663792354,84.87866379235402,0.5666752841230877,0.6766406168871612,0
2026-01-09 04:30:00,ZONE_A,0,0.9970607,0.64382035,2282.2932,0.75790596,597.0465,597.80444,1684.4887600000002,2,RENEWABLE_ALL,renewable,CURTAIL,84.87866379235402,384.878663792354,84.87866379235402,0.5666752841230877,0.6766406168871612,0
2026-01-09 04:45:00,ZONE_A,0,0.99680734,0.60428923,2278.1624,1.3491126,589.07806,590.4272,1687.7352,1,BATTERY_ALL,battery,CHARGE,300.0,356.788798059056,56.78879805905598,0.5636447978019723,0.6655844546230486,0
2026-01-09 04:45:00,ZONE_A,0,0.99680734,0.60428923,2278.1624,1.3491126,589.07806,590.4272,1687.7352,2,RENEWABLE_ALL,renewable,CURTAIL,56.78879805905598,356.788798059056,56.78879805905598,0.5636447978019723,0.6655844546230486,0
2026-01-09 05:00:00,ZONE_A,0,0.99756914,0.6591705,2586.5525,0.84245706,573.7628,574.6053,2011.9472,1,BATTERY_ALL,battery,CHARGE,300.0,378.76286290365005,78.76286290365005,0.6323102396893356,0.7405282007656363,0
2026-01-09 05:00:00,ZONE_A,0,0.99756914,0.6591705,2586.5525,0.84245706,573.7628,574.6053,2011.9472,2,RENEWABLE_ALL,renewable,CURTAIL,78.76286290365005,378.76286290365005,78.76286290365005,0.6323102396893356,0.7405282007656363,0
2026-01-09 05:15:00,ZONE_A,0,0.964902,0.70153564,2593.2483,6.6501017,581.6995,588.3496,2004.8987,1,BATTERY_ALL,battery,CHARGE,300.0,412.748213179744,112.74821317974403,0.6411643833117018,0.7590924444910561,0
2026-01-09 05:15:00,ZONE_A,0,0.964902,0.70153564,2593.2483,6.6501017,581.6995,588.3496,2004.8987,2,RENEWABLE_ALL,renewable,CURTAIL,112.74821317974403,412.748213179744,112.74821317974403,0.6411643833117018,0.7590924444910561,0
2026-01-09 05:30:00,ZONE_A,0,0.99596715,0.76463467,2600.0022,0.6474918,588.64484,589.29236,2010.70984,1,BATTERY_ALL,battery,CHARGE,300.0,450.5933692221212,150.59336922212123,0.6466490901579701,0.7753900530899622,0
2026-01-09 05:30:00,ZONE_A,0,0.99596715,0.76463467,2600.0022,0.6474918,588.64484,589.29236,2010.70984,2,RENEWABLE_ALL,renewable,CURTAIL,150.59336922212123,450.5933692221212,150.59336922212123,0.6466490901579701,0.7753900530899622,0
2026-01-09 05:45:00,ZONE_A,0,0.8237444,0.7256996,2609.6426,7.04369,573.8676,580.9113,2028.7313,1,BATTERY_ALL,battery,CHARGE,300.0,421.56709804548,121.56709804548001,0.6424435511810203,0.7628912937557603,0
2026-01-09 05:45:00,ZONE_A,0,0.8237444,0.7256996,2609.6426,7.04369,573.8676,580.9113,2028.7313,2,RENEWABLE_ALL,renewable,CURTAIL,121.56709804548001,421.56709804548,121.56709804548001,0.6424435511810203,0.7628912937557603,0
2026-01-09 06:00:00,ZONE_A,1,0.9837857,0.6853329,2680.0532,44.05063,563.23987,607.2905,2072.7627,1,BATTERY_ALL,battery,CHARGE,300.0,416.19615950745,116.19615950744998,0.6572489135121761,0.7761621022662825,0
2026-01-09 06:00:00,ZONE_A,1,0.9837857,0.6853329,2680.0532,44.05063,563.23987,607.2905,2072.7627,2,RENEWABLE_ALL,renewable,CURTAIL,116.19615950744998,416.19615950745,116.19615950744998,0.6572489135121761,0.7761621022662825,0
2026-01-09 06:15:00,ZONE_A,1,0.99523395,0.6575083,2723.6135,36.180546,565.739,601.91956,2121.69394,1,BATTERY_ALL,battery,CHARGE,300.0,395.76710663234803,95.76710663234803,0.6667284541309467,0.7798047706267377,0
2026-01-09 06:15:00,ZONE_A,1,0.99523395,0.6575083,2723.6135,36.180546,565.739,601.91956,2121.69394,2,RENEWABLE_ALL,renewable,CURTAIL,95.76710663234803,395.76710663234803,95.76710663234803,0.6667284541309467,0.7798047706267377,0
2026-01-09 06:30:00,ZONE_A,1,0.9905812,0.5786508,2761.813,96.12564,594.20935,690.33496,2071.47804,1,BATTERY_ALL,battery,CHARGE,300.0,399.46287687196804,99.46287687196804,0.6867384841850203,0.800870735042868,0
2026-01-09 06:30:00,ZONE_A,1,0.9905812,0.5786508,2761.813,96.12564,594.20935,690.33496,2071.47804,2,RENEWABLE_ALL,renewable,CURTAIL,99.46287687196804,399.46287687196804,99.46287687196804,0.6867384841850203,0.800870735042868,0
2026-01-09 06:45:00,ZONE_A,1,0.991731,0.6249892,2750.5415,123.99929,560.5913,684.5906,2065.9509,1,BATTERY_ALL,battery,CHARGE,300.0,427.86173142152,127.86173142152,0.6854928982322765,0.8077391075517472,0
2026-01-09 06:45:00,ZONE_A,1,0.991731,0.6249892,2750.5415,123.99929,560.5913,684.5906,2065.9509,2,RENEWABLE_ALL,renewable,CURTAIL,127.86173142152,427.86173142152,127.86173142152,0.6854928982322765,0.8077391075517472,0
2026-01-09 07:15:00,ZONE_A,2,0.8268045,0.605273,2825.7874,266.02026,523.0489,789.06915,2036.71825,1,BATTERY_ALL,battery,CHARGE,300.0,477.60225162794995,177.60225162794995,0.7053680774687641,0.8418258640576276,0
2026-01-09 07:15:00,ZONE_A,2,0.8268045,0.605273,2825.7874,266.02026,523.0489,789.06915,2036.71825,2,RENEWABLE_ALL,renewable,CURTAIL,177.60225162794995,477.60225162794995,177.60225162794995,0.7053680774687641,0.8418258640576276,0
2026-01-09 07:30:00,ZONE_A,2,0.9916421,0.71515256,2872.3586,305.33942,512.9345,818.2739,2054.0847,1,BATTERY_ALL,battery,CHARGE,300.0,585.1906743661841,285.1906743661841,0.7167866884166783,0.8839840244836046,0
2026-01-09 07:30:00,ZONE_A,2,0.9916421,0.71515256,2872.3586,305.33942,512.9345,818.2739,2054.0847,2,RENEWABLE_ALL,renewable,CURTAIL,285.1906743661841,585.1906743661841,285.1906743661841,0.7167866884166783,0.8839840244836046,0
2026-01-09 07:45:00,ZONE_A,2,0.9929717,0.7321249,2921.8318,341.20972,537.3445,878.5542,2043.2776,1,BATTERY_ALL,battery,CHARGE,300.0,643.21140581958,343.21140581958,0.7279965117226135,0.9117711996839624,0
2026-01-09 07:45:00,ZONE_A,2,0.9929717,0.7321249,2921.8318,341.20972,537.3445,878.5542,2043.2776,2,RENEWABLE_ALL,renewable,CURTAIL,343.21140581958,643.21140581958,343.21140581958,0.7279965117226135,0.9117711996839624,0
2026-01-09 08:00:00,ZONE_A,2,0.94516116,0.72089267,2937.7537,408.99176,546.0993,955.09106,1982.66264,1,BATTERY_ALL,battery,CHARGE,300.0,688.5181443365302,388.5181443365302,0.743525231116706,0.9402447015765741,0
2026-01-09 08:00:00,ZONE_A,2,0.94516116,0.72089267,2937.7537,408.99176,546.0993,955.09106,1982.66264,2,RENEWABLE_ALL,renewable,CURTAIL,388.5181443365302,688.5181443365302,388.5181443365302,0.743525231116706,0.9402447015765741,0
2026-01-09 08:15:00,ZONE_A,2,0.96171135,0.79865676,2953.9834,446.24603,419.5491,865.79517,2088.18823,1,BATTERY_ALL,battery,CHARGE,300.0,691.4731652958492,391.4731652958492,0.7398089545158424,0.9373727166994863,0
2026-01-09 08:15:00,ZONE_A,2,0.96171135,0.79865676,2953.9834,446.24603,419.5491,865.79517,2088.18823,2,RENEWABLE_ALL,renewable,CURTAIL,391.4731652958492,691.4731652958492,391.4731652958492,0.7398089545158424,0.9373727166994863,0
2026-01-09 08:30:00,ZONE_A,2,0.735735,0.755422,3010.3455,439.5509,384.97986,824.53076,2185.81474,1,BATTERY_ALL,battery,CHARGE,300.0,622.86867578072,322.86867578071997,0.741347645849384,0.9193101252722444,0
2026-01-09 08:30:00,ZONE_A,2,0.735735,0.755422,3010.3455,439.5509,384.97986,824.53076,2185.81474,2,RENEWABLE_ALL,renewable,CURTAIL,322.86867578071997,622.86867578072,322.86867578071997,0.741347645849384,0.9193101252722444,0
2026-01-09 08:45:00,ZONE_A,3,0.937145,0.9067367,3047.1404,489.6176,350.84656,840.4642,2206.6762000000003,1,BATTERY_ALL,battery,CHARGE,300.0,762.0797351761399,462.07973517613993,0.7629910210683242,0.9807280890620006,0
2026-01-09 08:45:00,ZONE_A,3,0.937145,0.9067367,3047.1404,489.6176,350.84656,840.4642,2206.6762000000003,2,RENEWABLE_ALL,renewable,CURTAIL,462.07973517613993,762.0797351761399,462.07973517613993,0.7629910210683242,0.9807280890620006,0
2026-01-09 09:00:00,ZONE_A,2,0.5613238,0.78720486,2729.3281,506.781,436.0658,942.8468,1786.4813,1,BATTERY_ALL,battery,CHARGE,300.0,742.213583195448,442.213583195448,0.696299280749926,0.908360305346884,0
2026-01-09 09:00:00,ZONE_A,2,0.5613238,0.78720486,2729.3281,506.781,436.0658,942.8468,1786.4813,2,RENEWABLE_ALL,renewable,CURTAIL,442.213583195448,742.213583195448,442.213583195448,0.696299280749926,0.908360305346884,0
2026-01-09 09:15:00,ZONE_A,1,0.9108363,0.76362014,2679.2417,560.5491,369.54602,930.0951,1749.1466,1,BATTERY_ALL,battery,CHARGE,300.0,710.239350475314,410.23935047531404,0.6740524132925784,0.8769779427797206,0
2026-01-09 09:15:00,ZONE_A,1,0.9108363,0.76362014,2679.2417,560.5491,369.54602,930.0951,1749.1466,2,RENEWABLE_ALL,renewable,CURTAIL,410.23935047531404,710.239350475314,410.23935047531404,0.6740524132925784,0.8769779427797206,0
2026-01-09 09:30:00,ZONE_A,1,0.89764744,0.80346185,2691.725,496.25082,393.91898,890.1698,1801.5552,1,BATTERY_ALL,battery,CHARGE,300.0,715.21747432213,415.21747432213,0.6781065746122131,0.8824544252085842,0
2026-01-09 09:30:00,ZONE_A,1,0.89764744,0.80346185,2691.725,496.25082,393.91898,890.1698,1801.5552,2,RENEWABLE_ALL,renewable,CURTAIL,415.21747432213,715.21747432213,415.21747432213,0.6781065746122131,0.8824544252085842,0
2026-01-09 09:45:00,ZONE_A,1,0.8694824,0.5828832,2696.4373,570.8404,321.75253,892.5929,1803.8444,1,BATTERY_ALL,battery,CHARGE,300.0,520.2774058492801,220.27740584928006,0.6841346913672252,0.832785379379928,0
2026-01-09 09:45:00,ZONE_A,1,0.8694824,0.5828832,2696.4373,570.8404,321.75253,892.5929,1803.8444,2,RENEWABLE_ALL,renewable,CURTAIL,220.27740584928006,520.2774058492801,220.27740584928006,0.6841346913672252,0.832785379379928,0
2026-01-09 10:00:00,ZONE_A,2,0.5635936,0.90645224,2776.972,522.54926,295.67722,818.22644,1958.7455600000003,1,BATTERY_ALL,battery,CHARGE,300.0,741.6831893652256,441.68318936522564,0.7142308750428172,0.9261403584163537,0
2026-01-09 10:00:00,ZONE_A,2,0.5635936,0.90645224,2776.972,522.54926,295.67722,818.22644,1958.7455600000003,2,RENEWABLE_ALL,renewable,CURTAIL,441.68318936522564,741.6831893652256,441.68318936522564,0.7142308750428172,0.9261403584163537,0
2026-01-09 10:15:00,ZONE_A,1,0.8634623,0.7998081,2705.095,582.2979,304.51236,886.8103,1818.2847,1,BATTERY_ALL,battery,CHARGE,300.0,709.27806110343,409.27806110343,0.6775664588656457,0.8802173340883542,0
2026-01-09 10:15:00,ZONE_A,1,0.8634623,0.7998081,2705.095,582.2979,304.51236,886.8103,1818.2847,2,RENEWABLE_ALL,renewable,CURTAIL,409.27806110343,709.27806110343,409.27806110343,0.6775664588656457,0.8802173340883542,0
2026-01-09 10:30:00,ZONE_A,1,0.5758503,0.8396588,2716.334,539.5667,344.80832,884.375,1831.959,1,BATTERY_ALL,battery,CHARGE,300.0,742.57325125,442.57325125,0.7091323740572952,0.9212961607878357,0
2026-01-09 10:30:00,ZONE_A,1,0.5758503,0.8396588,2716.334,539.5667,344.80832,884.375,1831.959,2,RENEWABLE_ALL,renewable,CURTAIL,442.57325125,742.57325125,442.57325125,0.7091323740572952,0.9212961607878357,0
2026-01-09 10:45:00,ZONE_A,1,0.93121994,0.87517285,2687.148,548.9444,362.0095,910.95386,1776.19414,1,BATTERY_ALL,battery,CHARGE,300.0,797.2420858747009,497.24208587470093,0.6794270542689897,0.9072105080971884,0
2026-01-09 10:45:00,ZONE_A,1,0.93121994,0.87517285,2687.148,548.9444,362.0095,910.95386,1776.19414,2,RENEWABLE_ALL,renewable,CURTAIL,497.24208587470093,797.2420858747009,497.24208587470093,0.6794270542689897,0.9072105080971884,0
2026-01-09 11:00:00,ZONE_A,1,0.8876051,0.8837338,2703.7761,558.8231,341.29718,900.1203,1803.6558,1,BATTERY_ALL,battery,CHARGE,300.0,795.46673317614,495.46673317614,0.6904127216726009,0.9176889319468121,0
2026-01-09 11:00:00,ZONE_A,1,0.8876051,0.8837338,2703.7761,558.8231,341.29718,900.1203,1803.6558,2,RENEWABLE_ALL,renewable,CURTAIL,495.46673317614,795.46673317614,495.46673317614,0.6904127216726009,0.9176889319468121,0
2026-01-09 11:15:00,ZONE_A,2,0.9077969,0.87843096,2736.5999,584.6246,351.12994,935.7545,1800.8454000000002,1,BATTERY_ALL,battery,CHARGE,300.0,821.99572375932,521.99572375932,0.7103693465773783,0.9452252683798552,0
2026-01-09 11:15:00,ZONE_A,2,0.9077969,0.87843096,2736.5999,584.6246,351.12994,935.7545,1800.8454000000002,2,RENEWABLE_ALL,renewable,CURTAIL,521.99572375932,821.99572375932,521.99572375932,0.7103693465773783,0.9452252683798552,0
2026-01-09 11:30:00,ZONE_A,1,0.56056917,0.8921779,2704.3833,603.6222,389.51086,993.13306,1711.2502399999998,1,BATTERY_ALL,battery,CHARGE,300.0,886.051367891374,586.051367891374,0.7019915635830838,0.9551490981366866,0
2026-01-09 11:30:00,ZONE_A,1,0.56056917,0.8921779,2704.3833,603.6222,389.51086,993.13306,1711.2502399999998,2,RENEWABLE_ALL,renewable,CURTAIL,586.051367891374,886.051367891374,586.051367891374,0.7019915635830838,0.9551490981366866,0
2026-01-09 11:45:00,ZONE_A,2,0.93749934,0.83893126,2728.9192,644.49817,468.12912,1112.6273,1616.2918999999995,1,BATTERY_ALL,battery,CHARGE,300.0,933.417822699398,633.417822699398,0.7198083069993795,0.986499114316841,0
2026-01-09 11:45:00,ZONE_A,2,0.93749934,0.83893126,2728.9192,644.49817,468.12912,1112.6273,1616.2918999999995,2,RENEWABLE_ALL,renewable,CURTAIL,633.417822699398,933.417822699398,633.417822699398,0.7198083069993795,0.986499114316841,0
2026-01-09 12:00:00,ZONE_A,1,0.7120865,0.77542526,2679.0613,635.51825,494.4724,1129.9907,1549.0705999999998,1,BATTERY_ALL,battery,CHARGE,300.0,876.2233323450821,576.2233323450821,0.6959354109806601,0.9462849353164821,0
2026-01-09 12:00:00,ZONE_A,1,0.7120865,0.77542526,2679.0613,635.51825,494.4724,1129.9907,1549.0705999999998,2,RENEWABLE_ALL,renewable,CURTAIL,576.2233323450821,876.2233323450821,576.2233323450821,0.6959354109806601,0.9462849353164821,0
2026-01-09 12:15:00,ZONE_A,2,0.91687,0.8540952,2737.1382,598.8904,469.27686,1068.1672,1668.9709999999998,1,BATTERY_ALL,battery,CHARGE,300.0,912.3164783174401,612.3164783174401,0.7237861983760118,0.9844480502238321,0
2026-01-09 12:15:00,ZONE_A,2,0.91687,0.8540952,2737.1382,598.8904,469.27686,1068.1672,1668.9709999999998,2,RENEWABLE_ALL,renewable,CURTAIL,612.3164783174401,912.3164783174401,612.3164783174401,0.7237861983760118,0.9844480502238321,0
2026-01-09 12:30:00,ZONE_A,2,0.940168,0.8540952,2780.517,604.6259,496.55197,1101.1779,1679.3391,1,BATTERY_ALL,battery,CHARGE,300.0,940.51075873608,640.51075873608,0.7486435245377063,1.017360885078297,0
2026-01-09 12:30:00,ZONE_A,2,0.940168,0.8540952,2780.517,604.6259,496.55197,1101.1779,1679.3391,2,RENEWABLE_ALL,renewable,CURTAIL,640.51075873608,940.51075873608,640.51075873608,0.7486435245377063,1.017360885078297,0
2026-01-09 12:45:00,ZONE_A,2,0.5084766,0.8818929,2686.674,666.73926,474.2648,1141.004,1545.67,1,BATTERY_ALL,battery,CHARGE,300.0,1006.2433264715999,706.2433264715999,0.702461642627652,0.9899597369313282,0
2026-01-09 12:45:00,ZONE_A,2,0.5084766,0.8818929,2686.674,666.73926,474.2648,1141.004,1545.67,2,RENEWABLE_ALL,renewable,CURTAIL,706.2433264715999,1006.2433264715999,706.2433264715999,0.702461642627652,0.9899597369313282,0
2026-01-09 13:00:00,ZONE_A,1,0.5916975,0.8569795,2682.5166,589.1718,518.2232,1107.395,1575.1216,1,BATTERY_ALL,battery,CHARGE,300.0,949.0148134025,649.0148134025,0.7038736258761403,0.9750207163114535,0
2026-01-09 13:00:00,ZONE_A,1,0.5916975,0.8569795,2682.5166,589.1718,518.2232,1107.395,1575.1216,2,RENEWABLE_ALL,renewable,CURTAIL,649.0148134025,949.0148134025,649.0148134025,0.7038736258761403,0.9750207163114535,0
2026-01-09 13:15:00,ZONE_A,2,0.71767414,0.8846389,2731.4316,542.6016,383.30032,925.902,1805.5296,1,BATTERY_ALL,battery,CHARGE,300.0,819.0889267878,519.0889267878,0.7148586625964897,0.9488840710974087,0
2026-01-09 13:15:00,ZONE_A,2,0.71767414,0.8846389,2731.4316,542.6016,383.30032,925.902,1805.5296,2,RENEWABLE_ALL,renewable,CURTAIL,519.0889267878,819.0889267878,519.0889267878,0.7148586625964897,0.9488840710974087,0
2026-01-09 13:30:00,ZONE_A,2,0.9208994,0.76295805,2750.5276,494.85803,528.2675,1023.12555,1727.40205,1,BATTERY_ALL,battery,CHARGE,300.0,780.6018745331776,480.6018745331776,0.7167827921698764,0.9398119000666578,0
2026-01-09 13:30:00,ZONE_A,2,0.9208994,0.76295805,2750.5276,494.85803,528.2675,1023.12555,1727.40205,2,RENEWABLE_ALL,renewable,CURTAIL,480.6018745331776,780.6018745331776,480.6018745331776,0.7167827921698764,0.9398119000666578,0
2026-01-09 13:45:00,ZONE_A,1,0.6970509,0.8576994,2685.5505,547.05206,506.43378,1053.4858,1632.0647,1,BATTERY_ALL,battery,CHARGE,300.0,903.57413856852,603.57413856852,0.6822945127734378,0.9404585532321099,0
2026-01-09 13:45:00,ZONE_A,1,0.6970509,0.8576994,2685.5505,547.05206,506.43378,1053.4858,1632.0647,2,RENEWABLE_ALL,renewable,CURTAIL,603.57413856852,903.57413856852,603.57413856852,0.6822945127734378,0.9404585532321099,0
2026-01-09 14:00:00,ZONE_A,1,0.9541133,0.8713364,2689.9585,452.3398,320.90494,773.24475,1916.7137500000003,1,BATTERY_ALL,battery,CHARGE,300.0,673.7562967839,373.7562967839,0.6830952179481213,0.875597017679302,0
2026-01-09 14:00:00,ZONE_A,1,0.9541133,0.8713364,2689.9585,452.3398,320.90494,773.24475,1916.7137500000003,2,RENEWABLE_ALL,renewable,CURTAIL,373.7562967839,673.7562967839,373.7562967839,0.6830952179481213,0.875597017679302,0
2026-01-09 14:15:00,ZONE_A,1,0.9567558,0.8065217,2685.3562,452.28397,411.81607,864.10004,1821.25616,1,BATTERY_ALL,battery,CHARGE,300.0,696.9154332308681,396.9154332308681,0.6654547019012578,0.864573397808393,0
2026-01-09 14:15:00,ZONE_A,1,0.9567558,0.8065217,2685.3562,452.28397,411.81607,864.10004,1821.25616,2,RENEWABLE_ALL,renewable,CURTAIL,396.9154332308681,696.9154332308681,396.9154332308681,0.6654547019012578,0.864573397808393,0
2026-01-09 14:30:00,ZONE_A,1,0.9645564,0.73609847,2680.2615,407.99716,456.87064,864.8678,1815.3937,1,BATTERY_ALL,battery,CHARGE,300.0,636.627864332266,336.627864332266,0.666355545377771,0.8482492215435167,0
2026-01-09 14:30:00,ZONE_A,1,0.9645564,0.73609847,2680.2615,407.99716,456.87064,864.8678,1815.3937,2,RENEWABLE_ALL,renewable,CURTAIL,336.627864332266,636.627864332266,336.627864332266,0.666355545377771,0.8482492215435167,0
2026-01-09 14:45:00,ZONE_A,1,0.9722254,0.79927874,2677.8435,406.53577,393.7971,800.3329,1877.5106,1,BATTERY_ALL,battery,CHARGE,300.0,639.6890718925459,339.68907189254594,0.6820412462219411,0.8648095530522302,0
2026-01-09 14:45:00,ZONE_A,1,0.9722254,0.79927874,2677.8435,406.53577,393.7971,800.3329,1877.5106,2,RENEWABLE_ALL,renewable,CURTAIL,339.68907189254594,639.6890718925459,339.68907189254594,0.6820412462219411,0.8648095530522302,0
2026-01-09 15:00:00,ZONE_A,1,0.93150586,0.71097994,2800.3936,339.6916,315.1445,654.83606,2145.55754,1,BATTERY_ALL,battery,CHARGE,300.0,465.57530264863635,165.57530264863635,0.6988076401631429,0.8318291556253627,0
2026-01-09 15:00:00,ZONE_A,1,0.93150586,0.71097994,2800.3936,339.6916,315.1445,654.83606,2145.55754,2,RENEWABLE_ALL,renewable,CURTAIL,165.57530264863635,465.57530264863635,165.57530264863635,0.6988076401631429,0.8318291556253627,0
2026-01-09 15:15:00,ZONE_A,1,0.95394164,0.6797408,2797.5159,328.221,267.4292,595.6502,2201.8657,1,BATTERY_ALL,battery,CHARGE,300.0,404.88774346816007,104.88774346816007,0.6888438774596813,0.804526090224945,0
2026-01-09 15:15:00,ZONE_A,1,0.95394164,0.6797408,2797.5159,328.221,267.4292,595.6502,2201.8657,2,RENEWABLE_ALL,renewable,CURTAIL,104.88774346816007,404.88774346816007,104.88774346816007,0.6888438774596813,0.804526090224945,0
2026-01-09 15:30:00,ZONE_A,1,0.9530024,0.54833823,2802.272,296.93365,322.72525,619.65894,2182.61306,1,BATTERY_ALL,battery,CHARGE,300.0,339.78268636327624,39.78268636327624,0.6862389357954491,0.7833197036187846,0
2026-01-09 15:30:00,ZONE_A,1,0.9530024,0.54833823,2802.272,296.93365,322.72525,619.65894,2182.61306,2,RENEWABLE_ALL,renewable,CURTAIL,39.78268636327624,339.78268636327624,39.78268636327624,0.6862389357954491,0.7833197036187846,0
2026-01-09 15:45:00,ZONE_A,1,0.9507609,0.5642877,2809.4734,265.38333,252.92416,518.3075,2291.1659,1,BATTERY_ALL,battery,CHARGE,292.47454706775,292.47454706775,0.0,0.6938019515560904,0.7773661081239762,0
2026-01-09 22:00:00,ZONE_A,0,0.9914535,0.5975169,2426.987,0.0,450.97244,450.97244,1976.01456,1,BATTERY_ALL,battery,CHARGE,269.463654334236,269.463654334236,0.0,0.5843856815848597,0.6613752973095849,0
2026-01-09 22:15:00,ZONE_A,0,0.995561,0.6422978,2421.3955,0.062001698,578.37756,578.4396,1842.9559,1,BATTERY_ALL,battery,CHARGE,300.0,371.53048251288004,71.53048251288004,0.6096940532743954,0.7158456199748159,0
2026-01-09 22:15:00,ZONE_A,0,0.995561,0.6422978,2421.3955,0.062001698,578.37756,578.4396,1842.9559,2,RENEWABLE_ALL,renewable,CURTAIL,71.53048251288004,371.53048251288004,71.53048251288004,0.6096940532743954,0.7158456199748159,0
2026-01-09 22:30:00,ZONE_A,0,0.99688256,0.70623577,2355.3943,0.0,560.6298,560.6298,1794.7644999999998,1,BATTERY_ALL,battery,CHARGE,300.0,395.936818487946,95.93681848794603,0.5801018395937122,0.6932266451583139,0
2026-01-09 22:30:00,ZONE_A,0,0.99688256,0.70623577,2355.3943,0.0,560.6298,560.6298,1794.7644999999998,2,RENEWABLE_ALL,renewable,CURTAIL,95.93681848794603,395.936818487946,95.93681848794603,0.5801018395937122,0.6932266451583139,0
2026-01-09 22:45:00,ZONE_A,0,0.9969289,0.70623577,2324.9863,0.0,551.59467,551.59467,1773.39163,1,BATTERY_ALL,battery,CHARGE,300.0,389.5558864953459,89.55588649534587,0.5701677341456635,0.6814694162746222,0
2026-01-09 22:45:00,ZONE_A,0,0.9969289,0.70623577,2324.9863,0.0,551.59467,551.59467,1773.39163,2,RENEWABLE_ALL,renewable,CURTAIL,89.55588649534587,389.5558864953459,89.55588649534587,0.5701677341456635,0.6814694162746222,0
2026-01-09 23:00:00,ZONE_A,0,0.99662906,0.5595154,2302.9675,0.0,602.97906,602.97906,1699.98844,1,BATTERY_ALL,battery,CHARGE,300.0,337.376069947524,37.376069947524,0.584778949760431,0.6811721128345101,0
2026-01-09 23:00:00,ZONE_A,0,0.99662906,0.5595154,2302.9675,0.0,602.97906,602.97906,1699.98844,2,RENEWABLE_ALL,renewable,CURTAIL,37.376069947524,337.376069947524,37.376069947524,0.584778949760431,0.6811721128345101,0
2026-01-09 23:15:00,ZONE_A,0,0.9937736,0.5636219,2327.6497,0.062242642,605.8617,605.92395,1721.72575,1,BATTERY_ALL,battery,CHARGE,300.0,341.512007954505,41.51200795450501,0.5803168541905896,0.6778917138561582,0
2026-01-09 23:15:00,ZONE_A,0,0.9937736,0.5636219,2327.6497,0.062242642,605.8617,605.92395,1721.72575,2,RENEWABLE_ALL,renewable,CURTAIL,41.51200795450501,341.512007954505,41.51200795450501,0.5803168541905896,0.6778917138561582,0
2026-01-09 23:30:00,ZONE_A,0,0.996503,0.7585045,2301.8994,0.0,595.4464,595.4464,1706.4529999999995,1,BATTERY_ALL,battery,CHARGE,300.0,451.6487739088,151.64877390880002,0.5695232011777072,0.6985657083161115,0
2026-01-09 23:30:00,ZONE_A,0,0.996503,0.7585045,2301.8994,0.0,595.4464,595.4464,1706.4529999999995,2,RENEWABLE_ALL,renewable,CURTAIL,151.64877390880002,451.6487739088,151.64877390880002,0.5695232011777072,0.6985657083161115,0
2026-01-09 23:45:00,ZONE_A,0,0.996503,0.53251207,2301.1072,0.0,591.06683,591.06683,1710.04037,1,BATTERY_ALL,battery,CHARGE,300.0,314.7502211516381,14.750221151638073,0.5648970898825139,0.6548257247064856,0
2026-01-09 23:45:00,ZONE_A,0,0.996503,0.53251207,2301.1072,0.0,591.06683,591.06683,1710.04037,2,RENEWABLE_ALL,renewable,CURTAIL,14.750221151638073,314.7502211516381,14.750221151638073,0.5648970898825139,0.6548257247064856,0
2026-01-10 00:00:00,ZONE_A,0,0.99662906,0.6589977,2293.5586,0.0,599.06744,599.06744,1694.4911599999998,1,BATTERY_ALL,battery,CHARGE,300.0,394.78406510488804,94.78406510488804,0.5710068274325314,0.6838022748770082,0
2026-01-10 00:00:00,ZONE_A,0,0.99662906,0.6589977,2293.5586,0.0,599.06744,599.06744,1694.4911599999998,2,RENEWABLE_ALL,renewable,CURTAIL,94.78406510488804,394.78406510488804,94.78406510488804,0.5710068274325314,0.6838022748770082,0
2026-01-10 00:15:00,ZONE_A,0,0.99645317,0.6903089,2291.7688,0.0,597.9377,597.9377,1693.8311,1,BATTERY_ALL,battery,CHARGE,300.0,412.76171595552995,112.76171595552995,0.5671112483707645,0.6850431674962039,0
2026-01-10 00:15:00,ZONE_A,0,0.99645317,0.6903089,2291.7688,0.0,597.9377,597.9377,1693.8311,2,RENEWABLE_ALL,renewable,CURTAIL,112.76171595552995,412.76171595552995,112.76171595552995,0.5671112483707645,0.6850431674962039,0
2026-01-10 00:30:00,ZONE_A,0,0.9964489,0.8303969,2287.465,0.5570134,594.0768,594.6338,1692.8312,1,BATTERY_ALL,battery,CHARGE,300.0,493.7820641552199,193.78206415521993,0.5588786155834111,0.6999592056697763,0
2026-01-10 00:30:00,ZONE_A,0,0.9964489,0.8303969,2287.465,0.5570134,594.0768,594.6338,1692.8312,2,RENEWABLE_ALL,renewable,CURTAIL,193.78206415521993,493.7820641552199,193.78206415521993,0.5588786155834111,0.6999592056697763,0
2026-01-10 00:45:00,ZONE_A,0,0.99666303,0.73677933,2297.5205,1.370913,577.62067,578.9916,1718.5289000000002,1,BATTERY_ALL,battery,CHARGE,300.0,426.58904312362796,126.58904312362796,0.5708477816673523,0.6927303656970839,0
2026-01-10 00:45:00,ZONE_A,0,0.99666303,0.73677933,2297.5205,1.370913,577.62067,578.9916,1718.5289000000002,2,RENEWABLE_ALL,renewable,CURTAIL,126.58904312362796,426.58904312362796,126.58904312362796,0.5708477816673523,0.6927303656970839,0
2026-01-10 01:00:00,ZONE_A,0,0.99655735,0.67463404,2300.1133,0.0,573.94293,573.94293,1726.1703699999998,1,BATTERY_ALL,battery,CHARGE,300.0,387.20143759533727,87.20143759533727,0.5924338619560454,0.7030628443840222,0
2026-01-10 01:00:00,ZONE_A,0,0.99655735,0.67463404,2300.1133,0.0,573.94293,573.94293,1726.1703699999998,2,RENEWABLE_ALL,renewable,CURTAIL,87.20143759533727,387.20143759533727,87.20143759533727,0.5924338619560454,0.7030628443840222,0
2026-01-10 01:15:00,ZONE_A,0,0.9972019,0.77559936,2291.607,0.0,565.9662,565.9662,1725.6408,1,BATTERY_ALL,battery,CHARGE,300.0,438.96302250163194,138.96302250163194,0.5721264952024194,0.6975445019211806,0
2026-01-10 01:15:00,ZONE_A,0,0.9972019,0.77559936,2291.607,0.0,565.9662,565.9662,1725.6408,2,RENEWABLE_ALL,renewable,CURTAIL,138.96302250163194,438.96302250163194,138.96302250163194,0.5721264952024194,0.6975445019211806,0
2026-01-10 01:30:00,ZONE_A,0,0.99773324,0.6591705,2287.0276,0.5570134,577.1484,577.7054,1709.3221999999998,1,BATTERY_ALL,battery,CHARGE,300.0,380.8063573707,80.80635737070003,0.565417571401883,0.6742193880401598,0
2026-01-10 01:30:00,ZONE_A,0,0.99773324,0.6591705,2287.0276,0.5570134,577.1484,577.7054,1709.3221999999998,2,RENEWABLE_ALL,renewable,CURTAIL,80.80635737070003,380.8063573707,80.80635737070003,0.565417571401883,0.6742193880401598,0
2026-01-10 01:45:00,ZONE_A,0,0.99628156,0.65479326,2285.6228,1.0557063,459.64935,460.70505,1824.91775,1,BATTERY_ALL,battery,CHARGE,300.0,301.66656158796303,1.6665615879630309,0.5552439742981917,0.6414344206670199,0
2026-01-10 01:45:00,ZONE_A,0,0.99628156,0.65479326,2285.6228,1.0557063,459.64935,460.70505,1824.91775,2,RENEWABLE_ALL,renewable,CURTAIL,1.6665615879630309,301.66656158796303,1.6665615879630309,0.5552439742981917,0.6414344206670199,0
2026-01-10 02:00:00,ZONE_A,0,0.9960445,0.7156133,2291.8682,0.0,579.555,579.555,1712.3132,1,BATTERY_ALL,battery,CHARGE,300.0,414.73726608149997,114.73726608149997,0.5656374302328185,0.6841337922611314,0
2026-01-10 02:00:00,ZONE_A,0,0.9960445,0.7156133,2291.8682,0.0,579.555,579.555,1712.3132,2,RENEWABLE_ALL,renewable,CURTAIL,114.73726608149997,414.73726608149997,114.73726608149997,0.5656374302328185,0.6841337922611314,0
2026-01-10 02:15:00,ZONE_A,0,0.9965178,0.58604467,2285.5251,0.0,575.04565,575.04565,1710.4794499999998,1,BATTERY_ALL,battery,CHARGE,300.0,337.0024381891855,37.00243818918551,0.5696975739237137,0.6659839850599442,0
2026-01-10 02:15:00,ZONE_A,0,0.9965178,0.58604467,2285.5251,0.0,575.04565,575.04565,1710.4794499999998,2,RENEWABLE_ALL,renewable,CURTAIL,37.00243818918551,337.0024381891855,37.00243818918551,0.5696975739237137,0.6659839850599442,0
2026-01-10 02:30:00,ZONE_A,0,0.9965964,0.66637653,2283.1902,0.48001003,575.56195,576.04193,1707.14827,1,BATTERY_ALL,battery,CHARGE,300.0,383.8608224479029,83.86082244790288,0.5726552102863646,0.682329731238133,0
2026-01-10 02:30:00,ZONE_A,0,0.9965964,0.66637653,2283.1902,0.48001003,575.56195,576.04193,1707.14827,2,RENEWABLE_ALL,renewable,CURTAIL,83.86082244790288,383.8608224479029,83.86082244790288,0.5726552102863646,0.682329731238133,0
2026-01-10 02:45:00,ZONE_A,0,0.9828184,0.70992863,2291.02,9.869315,560.2124,570.0817,1720.9383,1,BATTERY_ALL,battery,CHARGE,300.0,404.71732026907097,104.71732026907097,0.5701663004905964,0.6857998208274669,0
2026-01-10 02:45:00,ZONE_A,0,0.9828184,0.70992863,2291.02,9.869315,560.2124,570.0817,1720.9383,2,RENEWABLE_ALL,renewable,CURTAIL,104.71732026907097,404.71732026907097,104.71732026907097,0.5701663004905964,0.6857998208274669,0
2026-01-10 03:00:00,ZONE_A,0,0.99631834,0.83559626,2290.3296,0.0,591.98883,591.98883,1698.34077,1,BATTERY_ALL,battery,CHARGE,300.0,494.6636523097758,194.66365230977578,0.572302507809894,0.7136349802237806,0
2026-01-10 03:00:00,ZONE_A,0,0.99631834,0.83559626,2290.3296,0.0,591.98883,591.98883,1698.34077,2,RENEWABLE_ALL,renewable,CURTAIL,194.66365230977578,494.6636523097758,194.66365230977578,0.572302507809894,0.7136349802237806,0
2026-01-10 03:15:00,ZONE_A,0,0.99662906,0.7289196,2287.6663,0.0,598.5456,598.5456,1689.1207,1,BATTERY_ALL,battery,CHARGE,300.0,436.29161933376,136.29161933376002,0.5680450958530222,0.6926998445237876,0
2026-01-10 03:15:00,ZONE_A,0,0.99662906,0.7289196,2287.6663,0.0,598.5456,598.5456,1689.1207,2,RENEWABLE_ALL,renewable,CURTAIL,136.29161933376002,436.29161933376,136.29161933376002,0.5680450958530222,0.6926998445237876,0
2026-01-10 03:30:00,ZONE_A,0,0.99645317,0.6463199,2285.9807,0.5813238,598.10626,598.68756,1687.2931400000002,1,BATTERY_ALL,battery,CHARGE,300.0,386.94368391044395,86.94368391044395,0.5722316815727737,0.6827870200916034,0
2026-01-10 03:30:00,ZONE_A,0,0.99645317,0.6463199,2285.9807,0.5813238,598.10626,598.68756,1687.2931400000002,2,RENEWABLE_ALL,renewable,CURTAIL,86.94368391044395,386.94368391044395,86.94368391044395,0.5722316815727737,0.6827870200916034,0
2026-01-10 03:45:00,ZONE_A,0,0.99608153,0.621521,2286.7095,1.5718057,597.1909,598.7627,1687.9468,1,BATTERY_ALL,battery,CHARGE,300.0,372.14359206669997,72.14359206669997,0.5760676071809858,0.6823943480188387,0
2026-01-10 03:45:00,ZONE_A,0,0.99608153,0.621521,2286.7095,1.5718057,597.1909,598.7627,1687.9468,2,RENEWABLE_ALL,renewable,CURTAIL,72.14359206669997,372.14359206669997,72.14359206669997,0.5760676071809858,0.6823943480188387,0
2026-01-10 04:00:00,ZONE_A,0,0.9952982,0.73733956,2283.0603,3.8114588,593.0963,596.9078,1686.1525,1,BATTERY_ALL,battery,CHARGE,300.0,440.12373461256794,140.12373461256794,0.56685725249823,0.6926068912529791,0
2026-01-10 04:00:00,ZONE_A,0,0.9952982,0.73733956,2283.0603,3.8114588,593.0963,596.9078,1686.1525,2,RENEWABLE_ALL,renewable,CURTAIL,140.12373461256794,440.12373461256794,140.12373461256794,0.56685725249823,0.6926068912529791,0
2026-01-10 04:15:00,ZONE_A,0,0.9962471,0.6785743,2279.2883,0.0,597.81757,597.81757,1681.47073,1,BATTERY_ALL,battery,CHARGE,300.0,405.663639090451,105.663639090451,0.5656214986912769,0.6815253958425869,0
2026-01-10 04:15:00,ZONE_A,0,0.9962471,0.6785743,2279.2883,0.0,597.81757,597.81757,1681.47073,2,RENEWABLE_ALL,renewable,CURTAIL,105.663639090451,405.663639090451,105.663639090451,0.5656214986912769,0.6815253958425869,0
2026-01-10 04:30:00,ZONE_A,0,0.99645114,0.8091584,2282.6514,0.6057007,600.21674,600.82245,1681.82895,1,BATTERY_ALL,battery,CHARGE,300.0,486.16053232608004,186.16053232608004,0.5639865723400277,0.702889581900766,0
2026-01-10 04:30:00,ZONE_A,0,0.99645114,0.8091584,2282.6514,0.6057007,600.21674,600.82245,1681.82895,2,RENEWABLE_ALL,renewable,CURTAIL,186.16053232608004,486.16053232608004,186.16053232608004,0.5639865723400277,0.702889581900766,0
2026-01-10 04:45:00,ZONE_A,0,0.9963707,0.7590901,2310.315,1.3491126,591.80396,593.1531,1717.1619,1,BATTERY_ALL,battery,CHARGE,300.0,450.25664599430996,150.25664599430996,0.5731435220782264,0.7017882783800564,0
2026-01-10 04:45:00,ZONE_A,0,0.9963707,0.7590901,2310.315,1.3491126,591.80396,593.1531,1717.1619,2,RENEWABLE_ALL,renewable,CURTAIL,150.25664599430996,450.25664599430996,150.25664599430996,0.5731435220782264,0.7017882783800564,0
2026-01-10 05:00:00,ZONE_A,0,0.9959364,0.8898371,2486.1235,0.0,596.7317,596.7317,1889.3918,1,BATTERY_ALL,battery,CHARGE,300.0,530.9940054060701,230.99400540607007,0.6188804742230746,0.7705930475464974,0
2026-01-10 05:00:00,ZONE_A,0,0.9959364,0.8898371,2486.1235,0.0,596.7317,596.7317,1889.3918,2,RENEWABLE_ALL,renewable,CURTAIL,230.99400540607007,530.9940054060701,230.99400540607007,0.6188804742230746,0.7705930475464974,0
2026-01-10 05:15:00,ZONE_A,0,0.9961671,0.71939224,2593.4634,1.1123947,600.10345,601.2158,1992.2476,1,BATTERY_ALL,battery,CHARGE,300.0,432.509981085392,132.50998108539198,0.6384571581054623,0.7620314387000596,0
2026-01-10 05:15:00,ZONE_A,0,0.9961671,0.71939224,2593.4634,1.1123947,600.10345,601.2158,1992.2476,2,RENEWABLE_ALL,renewable,CURTAIL,132.50998108539198,432.509981085392,132.50998108539198,0.6384571581054623,0.7620314387000596,0
2026-01-10 05:30:00,ZONE_A,0,0.99619603,0.8186948,2606.4866,0.0,597.64233,597.64233,2008.84427,1,BATTERY_ALL,battery,CHARGE,300.0,489.28666783088397,189.28666783088397,0.6412002957248343,0.7809964868542818,0
2026-01-10 05:30:00,ZONE_A,0,0.99619603,0.8186948,2606.4866,0.0,597.64233,597.64233,2008.84427,2,RENEWABLE_ALL,renewable,CURTAIL,189.28666783088397,489.28666783088397,189.28666783088397,0.6412002957248343,0.7809964868542818,0
2026-01-10 05:45:00,ZONE_A,1,0.5188695,0.5582808,2618.9224,6.0904512,602.1529,608.24335,2010.67905,1,BATTERY_ALL,battery,CHARGE,300.0,339.57058403268,39.57058403268002,0.6536272791044602,0.7506474461982301,0
2026-01-10 05:45:00,ZONE_A,1,0.5188695,0.5582808,2618.9224,6.0904512,602.1529,608.24335,2010.67905,2,RENEWABLE_ALL,renewable,CURTAIL,39.57058403268002,339.57058403268,39.57058403268002,0.6536272791044602,0.7506474461982301,0
2026-01-10 06:00:00,ZONE_A,1,0.9891908,0.6883513,2671.932,34.36736,594.966,629.3334,2042.5986,1,BATTERY_ALL,battery,CHARGE,300.0,433.20246402341996,133.20246402341996,0.6583677283952671,0.7821398612981465,0
2026-01-10 06:00:00,ZONE_A,1,0.9891908,0.6883513,2671.932,34.36736,594.966,629.3334,2042.5986,2,RENEWABLE_ALL,renewable,CURTAIL,133.20246402341996,433.20246402341996,133.20246402341996,0.6583677283952671,0.7821398612981465,0
2026-01-10 06:15:00,ZONE_A,1,0.9941438,0.6449969,2732.4814,89.410614,596.541,685.95166,2046.52974,1,BATTERY_ALL,battery,CHARGE,300.0,442.43669424985393,142.43669424985393,0.6650034855174523,0.7914139699384809,0
2026-01-10 06:15:00,ZONE_A,1,0.9941438,0.6449969,2732.4814,89.410614,596.541,685.95166,2046.52974,2,RENEWABLE_ALL,renewable,CURTAIL,142.43669424985393,442.43669424985393,142.43669424985393,0.6650034855174523,0.7914139699384809,0
2026-01-10 06:30:00,ZONE_A,1,0.9905812,0.549512,2749.9854,98.012566,590.53094,688.5435,2061.4419,1,BATTERY_ALL,battery,CHARGE,300.0,378.362915772,78.36291577200001,0.6717111022391086,0.7798147927609727,0
2026-01-10 06:30:00,ZONE_A,1,0.9905812,0.549512,2749.9854,98.012566,590.53094,688.5435,2061.4419,2,RENEWABLE_ALL,renewable,CURTAIL,78.36291577200001,378.362915772,78.36291577200001,0.6717111022391086,0.7798147927609727,0
2026-01-10 06:45:00,ZONE_A,1,0.97974443,0.5284875,2767.4404,134.26326,598.3135,732.5767,2034.8637,1,BATTERY_ALL,battery,CHARGE,300.0,387.15762874125,87.15762874125,0.6938055821847016,0.8044220478587011,0
2026-01-10 06:45:00,ZONE_A,1,0.97974443,0.5284875,2767.4404,134.26326,598.3135,732.5767,2034.8637,2,RENEWABLE_ALL,renewable,CURTAIL,87.15762874125,387.15762874125,87.15762874125,0.6938055821847016,0.8044220478587011,0
2026-01-10 07:15:00,ZONE_A,2,0.9371797,0.5547728,2826.374,313.99112,597.9075,911.89856,1914.47544,1,BATTERY_ALL,battery,CHARGE,300.0,505.8965174471679,205.89651744716792,0.71834372773142,0.8628855902906549,0
2026-01-10 07:15:00,ZONE_A,2,0.9371797,0.5547728,2826.374,313.99112,597.9075,911.89856,1914.47544,2,RENEWABLE_ALL,renewable,CURTAIL,205.89651744716792,505.8965174471679,205.89651744716792,0.71834372773142,0.8628855902906549,0
2026-01-10 07:30:00,ZONE_A,2,0.990738,0.85667634,2870.7944,308.18893,600.44806,908.63696,1962.15744,1,BATTERY_ALL,battery,CHARGE,300.0,778.4077852815265,478.40778528152646,0.7346053503531066,0.9570075753967158,0
2026-01-10 07:30:00,ZONE_A,2,0.990738,0.85667634,2870.7944,308.18893,600.44806,908.63696,1962.15744,2,RENEWABLE_ALL,renewable,CURTAIL,478.40778528152646,778.4077852815265,478.40778528152646,0.7346053503531066,0.9570075753967158,0
2026-01-10 07:45:00,ZONE_A,2,0.9912059,0.7998953,2909.9888,384.9115,597.14624,982.05774,1927.93106,1,BATTERY_ALL,battery,CHARGE,300.0,785.5433705546219,485.5433705546219,0.7470113301779703,0.9714522939265781,0
2026-01-10 07:45:00,ZONE_A,2,0.9912059,0.7998953,2909.9888,384.9115,597.14624,982.05774,1927.93106,2,RENEWABLE_ALL,renewable,CURTAIL,485.5433705546219,785.5433705546219,485.5433705546219,0.7470113301779703,0.9714522939265781,0
2026-01-10 08:00:00,ZONE_A,3,0.9734929,0.9178749,2959.111,490.85773,587.08624,1077.944,1881.167,1,BATTERY_ALL,battery,CHARGE,300.0,989.4177412056,689.4177412056,0.7584895856582771,1.0411803698100708,0
2026-01-10 08:00:00,ZONE_A,3,0.9734929,0.9178749,2959.111,490.85773,587.08624,1077.944,1881.167,2,RENEWABLE_ALL,renewable,CURTAIL,689.4177412056,989.4177412056,689.4177412056,0.7584895856582771,1.0411803698100708,0
2026-01-10 08:15:00,ZONE_A,3,0.9855194,0.8576062,2958.4976,506.2081,592.8729,1099.081,1859.4166,1,BATTERY_ALL,battery,CHARGE,300.0,942.5786799022,642.5786799022,0.7549816730373153,1.0242898682512458,0
2026-01-10 08:15:00,ZONE_A,3,0.9855194,0.8576062,2958.4976,506.2081,592.8729,1099.081,1859.4166,2,RENEWABLE_ALL,renewable,CURTAIL,642.5786799022,942.5786799022,642.5786799022,0.7549816730373153,1.0242898682512458,0
2026-01-10 08:30:00,ZONE_A,3,0.9860976,0.85812485,3003.426,504.0751,601.15015,1105.2252,1898.2008,1,BATTERY_ALL,battery,CHARGE,300.0,948.4212089662201,648.4212089662201,0.7740018846526561,1.0449793739497548,0
2026-01-10 08:30:00,ZONE_A,3,0.9860976,0.85812485,3003.426,504.0751,601.15015,1105.2252,1898.2008,2,RENEWABLE_ALL,renewable,CURTAIL,648.4212089662201,948.4212089662201,648.4212089662201,0.7740018846526561,1.0449793739497548,0
2026-01-10 08:45:00,ZONE_A,3,0.9805947,0.8591585,3096.2178,611.1665,598.9736,1210.1401,1886.0777,1,BATTERY_ALL,battery,CHARGE,300.0,1039.7021531058501,739.7021531058501,0.8144840617639815,1.1115418209684182,0
2026-01-10 08:45:00,ZONE_A,3,0.9805947,0.8591585,3096.2178,611.1665,598.9736,1210.1401,1886.0777,2,RENEWABLE_ALL,renewable,CURTAIL,739.7021531058501,1039.7021531058501,739.7021531058501,0.8144840617639815,1.1115418209684182,0
2026-01-10 09:00:00,ZONE_A,2,0.9768475,0.7109044,2695.512,660.8359,599.28754,1260.1234,1435.3886000000002,1,BATTERY_ALL,battery,CHARGE,300.0,895.82726960296,595.82726960296,0.7213505725759274,0.9773012220937073,0
2026-01-10 09:00:00,ZONE_A,2,0.9768475,0.7109044,2695.512,660.8359,599.28754,1260.1234,1435.3886000000002,2,RENEWABLE_ALL,renewable,CURTAIL,595.82726960296,895.82726960296,595.82726960296,0.7213505725759274,0.9773012220937073,0
2026-01-10 09:15:00,ZONE_A,2,0.9794723,0.74124706,2685.7244,740.64606,602.66205,1343.3081,1342.4163,1,BATTERY_ALL,battery,CHARGE,300.0,995.7231797991859,695.7231797991859,0.7120937349192714,0.9965860731658595,0
2026-01-10 09:15:00,ZONE_A,2,0.9794723,0.74124706,2685.7244,740.64606,602.66205,1343.3081,1342.4163,2,RENEWABLE_ALL,renewable,CURTAIL,695.7231797991859,995.7231797991859,695.7231797991859,0.7120937349192714,0.9965860731658595,0
2026-01-10 09:30:00,ZONE_A,2,0.9746122,0.9297759,2711.5037,802.4815,597.5746,1400.0562,1311.4475000000002,1,BATTERY_ALL,battery,CHARGE,300.0,1301.73851340558,1001.7385134055801,0.7346236686662854,1.1065489598564378,0
2026-01-10 09:30:00,ZONE_A,2,0.9746122,0.9297759,2711.5037,802.4815,597.5746,1400.0562,1311.4475000000002,2,RENEWABLE_ALL,renewable,CURTAIL,1001.7385134055801,1301.73851340558,1001.7385134055801,0.7346236686662854,1.1065489598564378,0
2026-01-10 09:45:00,ZONE_A,2,0.98533696,0.8653559,2725.3604,821.2024,598.8556,1420.058,1305.3024,1,BATTERY_ALL,battery,CHARGE,300.0,1228.8555686421998,928.8555686421998,0.749583259614087,1.1006848525472839,0
2026-01-10 09:45:00,ZONE_A,2,0.98533696,0.8653559,2725.3604,821.2024,598.8556,1420.058,1305.3024,2,RENEWABLE_ALL,renewable,CURTAIL,928.8555686421998,1228.8555686421998,928.8555686421998,0.749583259614087,1.1006848525472839,0
2026-01-10 10:00:00,ZONE_A,2,0.96949804,0.9001432,2690.374,856.507,594.5009,1451.0079,1239.3660999999995,1,BATTERY_ALL,battery,CHARGE,300.0,1306.11489433128,1006.1148943312801,0.7353297218598488,1.1085054072937304,0
2026-01-10 10:00:00,ZONE_A,2,0.96949804,0.9001432,2690.374,856.507,594.5009,1451.0079,1239.3660999999995,2,RENEWABLE_ALL,renewable,CURTAIL,1006.1148943312801,1306.11489433128,1006.1148943312801,0.7353297218598488,1.1085054072937304,0
2026-01-10 10:15:00,ZONE_A,3,0.8280569,0.9411716,2787.0576,877.6448,589.31537,1466.9602,1320.0974,1,BATTERY_ALL,battery,CHARGE,300.0,1380.66127857032,1080.66127857032,0.7766802251841076,1.1711548775743488,0
2026-01-10 10:15:00,ZONE_A,3,0.8280569,0.9411716,2787.0576,877.6448,589.31537,1466.9602,1320.0974,2,RENEWABLE_ALL,renewable,CURTAIL,1080.66127857032,1380.66127857032,1080.66127857032,0.7766802251841076,1.1711548775743488,0
2026-01-10 10:30:00,ZONE_A,2,0.97963667,0.9251699,2703.453,910.51636,603.8706,1514.387,1189.066,1,BATTERY_ALL,battery,CHARGE,300.0,1401.0652693513,1101.0652693513,0.7386612871631524,1.1389656513433928,0
2026-01-10 10:30:00,ZONE_A,2,0.97963667,0.9251699,2703.453,910.51636,603.8706,1514.387,1189.066,2,RENEWABLE_ALL,renewable,CURTAIL,1101.0652693513,1401.0652693513,1101.0652693513,0.7386612871631524,1.1389656513433928,0
2026-01-10 10:45:00,ZONE_A,2,0.97359145,0.81042516,2697.8484,908.9458,598.9605,1507.9062,1189.9422,1,BATTERY_ALL,battery,CHARGE,300.0,1222.0451233999918,922.0451233999918,0.7426193404511212,1.0917750913882747,0
2026-01-10 10:45:00,ZONE_A,2,0.97359145,0.81042516,2697.8484,908.9458,598.9605,1507.9062,1189.9422,2,RENEWABLE_ALL,renewable,CURTAIL,922.0451233999918,1222.0451233999918,922.0451233999918,0.7426193404511212,1.0917750913882747,0
2026-01-10 11:00:00,ZONE_A,2,0.9706735,0.94507205,2695.6316,938.3357,599.31396,1537.6497,1157.9819000000002,1,BATTERY_ALL,battery,CHARGE,300.0,1453.189754160885,1153.189754160885,0.739473644196499,1.154670718382628,0
2026-01-10 11:00:00,ZONE_A,2,0.9706735,0.94507205,2695.6316,938.3357,599.31396,1537.6497,1157.9819000000002,2,RENEWABLE_ALL,renewable,CURTAIL,1153.189754160885,1453.189754160885,1153.189754160885,0.739473644196499,1.154670718382628,0
2026-01-10 11:15:00,ZONE_A,3,0.8721946,0.9410369,2771.382,944.1589,596.482,1540.6409,1230.7411,1,BATTERY_ALL,battery,CHARGE,300.0,1449.79993654921,1149.79993654921,0.7699268604950689,1.1841554156497105,0
2026-01-10 11:15:00,ZONE_A,3,0.8721946,0.9410369,2771.382,944.1589,596.482,1540.6409,1230.7411,2,RENEWABLE_ALL,renewable,CURTAIL,1149.79993654921,1449.79993654921,1149.79993654921,0.7699268604950689,1.1841554156497105,0
2026-01-10 11:30:00,ZONE_A,2,0.973348,0.9147779,2690.5457,934.2657,602.03204,1536.2977,1154.248,1,BATTERY_ALL,battery,CHARGE,300.0,1405.37118378083,1105.37118378083,0.7335138294998453,1.1350484549736783,0
2026-01-10 11:30:00,ZONE_A,2,0.973348,0.9147779,2690.5457,934.2657,602.03204,1536.2977,1154.248,2,RENEWABLE_ALL,renewable,CURTAIL,1105.37118378083,1405.37118378083,1105.37118378083,0.7335138294998453,1.1350484549736783,0
2026-01-10 11:45:00,ZONE_A,2,0.97893834,0.8154348,2727.6614,901.4882,602.08356,1503.5718,1224.0896,1,BATTERY_ALL,battery,CHARGE,300.0,1226.06477001864,926.06477001864,0.7457591359987327,1.0960633573650942,0
2026-01-10 11:45:00,ZONE_A,2,0.97893834,0.8154348,2727.6614,901.4882,602.08356,1503.5718,1224.0896,2,RENEWABLE_ALL,renewable,CURTAIL,926.06477001864,1226.06477001864,926.06477001864,0.7457591359987327,1.0960633573650942,0
2026-01-10 12:00:00,ZONE_A,2,0.9728971,0.63684493,2692.5732,909.74,602.7047,1512.4447,1180.1284999999998,1,BATTERY_ALL,battery,CHARGE,300.0,963.192739100371,663.192739100371,0.745475050667429,1.020672977180993,0
2026-01-10 12:00:00,ZONE_A,2,0.9728971,0.63684493,2692.5732,909.74,602.7047,1512.4447,1180.1284999999998,2,RENEWABLE_ALL,renewable,CURTAIL,663.192739100371,963.192739100371,663.192739100371,0.745475050667429,1.020672977180993,0
2026-01-10 12:15:00,ZONE_A,2,0.9832497,0.9348174,2674.7544,905.99207,601.5328,1507.5249,1167.2295,1,BATTERY_ALL,battery,CHARGE,300.0,1409.2605074532598,1109.2605074532598,0.7294650969771675,1.1321109579996051,0
2026-01-10 12:15:00,ZONE_A,2,0.9832497,0.9348174,2674.7544,905.99207,601.5328,1507.5249,1167.2295,2,RENEWABLE_ALL,renewable,CURTAIL,1109.2605074532598,1409.2605074532598,1109.2605074532598,0.7294650969771675,1.1321109579996051,0
2026-01-10 12:30:00,ZONE_A,2,0.96678346,0.94507205,2694.492,923.27386,598.6377,1521.9116,1172.5804000000005,1,BATTERY_ALL,battery,CHARGE,300.0,1438.31611573078,1138.31611573078,0.7338928500318234,1.1448403132112859,0
2026-01-10 12:30:00,ZONE_A,2,0.96678346,0.94507205,2694.492,923.27386,598.6377,1521.9116,1172.5804000000005,2,RENEWABLE_ALL,renewable,CURTAIL,1138.31611573078,1438.31611573078,1138.31611573078,0.7338928500318234,1.1448403132112859,0
2026-01-10 12:45:00,ZONE_A,2,0.9805068,0.94848937,2686.85,924.1389,598.6377,1522.7766,1164.0734,1,BATTERY_ALL,battery,CHARGE,300.0,1444.337417984742,1144.337417984742,0.732228963927766,1.1448967992608297,0
2026-01-10 12:45:00,ZONE_A,2,0.9805068,0.94848937,2686.85,924.1389,598.6377,1522.7766,1164.0734,2,RENEWABLE_ALL,renewable,CURTAIL,1144.337417984742,1444.337417984742,1144.337417984742,0.732228963927766,1.1448967992608297,0
2026-01-10 13:00:00,ZONE_A,2,0.9726378,0.90683466,2699.3716,876.93634,598.18195,1475.1183,1224.2533,1,BATTERY_ALL,battery,CHARGE,300.0,1337.688402040278,1037.688402040278,0.7444445380938435,1.1266412258926737,0
2026-01-10 13:00:00,ZONE_A,2,0.9726378,0.90683466,2699.3716,876.93634,598.18195,1475.1183,1224.2533,2,RENEWABLE_ALL,renewable,CURTAIL,1037.688402040278,1337.688402040278,1037.688402040278,0.7444445380938435,1.1266412258926737,0
2026-01-10 13:15:00,ZONE_A,2,0.9813461,0.94913596,2676.3464,846.2213,574.61926,1420.8406,1255.5058,1,BATTERY_ALL,battery,CHARGE,300.0,1348.570906887976,1048.570906887976,0.7231993019619245,1.1085052767827266,0
2026-01-10 13:15:00,ZONE_A,2,0.9813461,0.94913596,2676.3464,846.2213,574.61926,1420.8406,1255.5058,2,RENEWABLE_ALL,renewable,CURTAIL,1048.570906887976,1348.570906887976,1048.570906887976,0.7231993019619245,1.1085052767827266,0
2026-01-10 13:30:00,ZONE_A,2,0.98145527,0.92321634,2667.7903,817.1894,594.0391,1411.2285,1256.5618000000002,1,BATTERY_ALL,battery,CHARGE,300.0,1302.8692106736898,1002.8692106736898,0.7157958401069786,1.0880441874126137,0
2026-01-10 13:30:00,ZONE_A,2,0.98145527,0.92321634,2667.7903,817.1894,594.0391,1411.2285,1256.5618000000002,2,RENEWABLE_ALL,renewable,CURTAIL,1002.8692106736898,1302.8692106736898,1002.8692106736898,0.7157958401069786,1.0880441874126137,0
2026-01-10 13:45:00,ZONE_A,2,0.96969026,0.9447877,2691.5056,802.4589,601.62726,1404.0862,1287.4194,1,BATTERY_ALL,battery,CHARGE,300.0,1326.56337149974,1026.56337149974,0.7266997396548273,1.1057178472130662,0
2026-01-10 13:45:00,ZONE_A,2,0.96969026,0.9447877,2691.5056,802.4589,601.62726,1404.0862,1287.4194,2,RENEWABLE_ALL,renewable,CURTAIL,1026.56337149974,1326.56337149974,1026.56337149974,0.7266997396548273,1.1057178472130662,0
2026-01-10 14:00:00,ZONE_A,2,0.9882536,0.94443387,2716.2847,726.74805,597.3556,1324.1036,1392.1811000000002,1,BATTERY_ALL,battery,CHARGE,300.0,1250.528287228932,950.528287228932,0.7292254673960618,1.0865192651452917,0
2026-01-10 14:00:00,ZONE_A,2,0.9882536,0.94443387,2716.2847,726.74805,597.3556,1324.1036,1392.1811000000002,2,RENEWABLE_ALL,renewable,CURTAIL,950.528287228932,1250.528287228932,950.528287228932,0.7292254673960618,1.0865192651452917,0
2026-01-10 14:15:00,ZONE_A,2,0.98600614,0.9147204,2664.5352,707.79755,598.22943,1306.027,1358.5081999999998,1,BATTERY_ALL,battery,CHARGE,300.0,1194.6495398508,894.6495398508,0.7089100421908794,1.0502384833813707,0
2026-01-10 14:15:00,ZONE_A,2,0.98600614,0.9147204,2664.5352,707.79755,598.22943,1306.027,1358.5081999999998,2,RENEWABLE_ALL,renewable,CURTAIL,894.6495398508,1194.6495398508,894.6495398508,0.7089100421908794,1.0502384833813707,0
2026-01-10 14:30:00,ZONE_A,2,0.95028204,0.9145087,2673.7375,647.03827,593.2827,1240.321,1433.4165000000005,1,BATTERY_ALL,battery,CHARGE,300.0,1134.2843452926998,834.2843452926998,0.7116059359286087,1.03568717858112,0
2026-01-10 14:30:00,ZONE_A,2,0.95028204,0.9145087,2673.7375,647.03827,593.2827,1240.321,1433.4165000000005,2,RENEWABLE_ALL,renewable,CURTAIL,834.2843452926998,1134.2843452926998,834.2843452926998,0.7116059359286087,1.03568717858112,0
2026-01-10 14:45:00,ZONE_A,2,0.9307932,0.9235348,2678.0083,605.1271,599.92786,1205.0549,1472.9534,1,BATTERY_ALL,battery,CHARGE,300.0,1112.91013606052,812.91013606052,0.7062790209462134,1.024253346698395,0
2026-01-10 14:45:00,ZONE_A,2,0.9307932,0.9235348,2678.0083,605.1271,599.92786,1205.0549,1472.9534,2,RENEWABLE_ALL,renewable,CURTAIL,812.91013606052,1112.91013606052,812.91013606052,0.7062790209462134,1.024253346698395,0
2026-01-10 15:00:00,ZONE_A,2,0.8869761,0.8829415,2792.8413,566.50867,596.8741,1163.3828,1629.4585,1,BATTERY_ALL,battery,CHARGE,300.0,1027.1989545062002,727.1989545062002,0.7336985018565197,1.0271839185135936,0
2026-01-10 15:00:00,ZONE_A,2,0.8869761,0.8829415,2792.8413,566.50867,596.8741,1163.3828,1629.4585,2,RENEWABLE_ALL,renewable,CURTAIL,727.1989545062002,1027.1989545062002,727.1989545062002,0.7336985018565197,1.0271839185135936,0
2026-01-10 15:15:00,ZONE_A,2,0.9356267,0.80519253,2798.5813,496.42896,606.33386,1102.7628,1695.8185,1,BATTERY_ALL,battery,CHARGE,300.0,887.936368921884,587.936368921884,0.7333908547371304,0.9870869610149214,0
2026-01-10 15:15:00,ZONE_A,2,0.9356267,0.80519253,2798.5813,496.42896,606.33386,1102.7628,1695.8185,2,RENEWABLE_ALL,renewable,CURTAIL,587.936368921884,887.936368921884,587.936368921884,0.7333908547371304,0.9870869610149214,0
2026-01-10 15:30:00,ZONE_A,2,0.9185546,0.80999416,2781.9453,414.3886,600.2936,1014.6822,1767.2631,1,BATTERY_ALL,battery,CHARGE,300.0,821.886656255952,521.886656255952,0.7137644065830823,0.9485891663276039,0
2026-01-10 15:30:00,ZONE_A,2,0.9185546,0.80999416,2781.9453,414.3886,600.2936,1014.6822,1767.2631,2,RENEWABLE_ALL,renewable,CURTAIL,521.886656255952,821.886656255952,521.886656255952,0.7137644065830823,0.9485891663276039,0
2026-01-10 15:45:00,ZONE_A,2,0.9355675,0.7187527,2798.6685,365.88293,596.45264,962.3356,1836.3329000000003,1,BATTERY_ALL,battery,CHARGE,300.0,691.68131080612,391.68131080612,0.7163669253590522,0.9139901576907701,0
2026-01-10 15:45:00,ZONE_A,2,0.9355675,0.7187527,2798.6685,365.88293,596.45264,962.3356,1836.3329000000003,2,RENEWABLE_ALL,renewable,CURTAIL,391.68131080612,691.68131080612,391.68131080612,0.7163669253590522,0.9139901576907701,0
2026-01-10 16:00:00,ZONE_A,2,0.8329372,0.8423672,2785.9285,302.85657,601.37695,904.2335,1881.695,1,BATTERY_ALL,battery,CHARGE,300.0,761.6966415412,461.69664154120005,0.7037054454329313,0.9213330581190684,0
2026-01-10 16:00:00,ZONE_A,2,0.8329372,0.8423672,2785.9285,302.85657,601.37695,904.2335,1881.695,2,RENEWABLE_ALL,renewable,CURTAIL,461.69664154120005,761.6966415412,461.69664154120005,0.7037054454329313,0.9213330581190684,0
2026-01-10 16:15:00,ZONE_A,1,0.6975786,0.89563465,2790.5645,213.70059,598.3621,812.06274,1978.50176,1,BATTERY_ALL,battery,CHARGE,300.0,727.3115279179409,427.3115279179409,0.6994189666153549,0.9072222610856256,0
2026-01-10 16:15:00,ZONE_A,1,0.6975786,0.89563465,2790.5645,213.70059,598.3621,812.06274,1978.50176,2,RENEWABLE_ALL,renewable,CURTAIL,427.3115279179409,727.3115279179409,427.3115279179409,0.6994189666153549,0.9072222610856256,0
2026-01-10 16:30:00,ZONE_A,1,0.8356062,0.52583855,2798.1853,146.5452,588.1524,734.69763,2063.48767,1,BATTERY_ALL,battery,CHARGE,300.0,386.3323364476365,86.33233644763652,0.6993505063550879,0.8097311742971842,0
2026-01-10 16:30:00,ZONE_A,1,0.8356062,0.52583855,2798.1853,146.5452,588.1524,734.69763,2063.48767,2,RENEWABLE_ALL,renewable,CURTAIL,86.33233644763652,386.3323364476365,86.33233644763652,0.6993505063550879,0.8097311742971842,0
2026-01-10 16:45:00,ZONE_A,1,0.7437786,0.58379114,2807.6528,76.46084,556.16254,632.62335,2175.02945,1,BATTERY_ALL,battery,CHARGE,300.0,369.319906687119,69.31990668711899,0.7009165945413984,0.8064365682526051,0
2026-01-10 16:45:00,ZONE_A,1,0.7437786,0.58379114,2807.6528,76.46084,556.16254,632.62335,2175.02945,2,RENEWABLE_ALL,renewable,CURTAIL,69.31990668711899,369.319906687119,69.31990668711899,0.7009165945413984,0.8064365682526051,0
2026-01-10 17:00:00,ZONE_A,1,0.98044056,0.62725335,2803.975,23.403887,596.51086,619.91473,2184.06027,1,BATTERY_ALL,battery,CHARGE,300.0,388.8435911068455,88.84359110684551,0.6942390194735837,0.8053371887362123,0
2026-01-10 17:00:00,ZONE_A,1,0.98044056,0.62725335,2803.975,23.403887,596.51086,619.91473,2184.06027,2,RENEWABLE_ALL,renewable,CURTAIL,88.84359110684551,388.8435911068455,88.84359110684551,0.6942390194735837,0.8053371887362123,0
2026-01-10 17:15:00,ZONE_A,1,0.98590267,0.6084966,2793.7183,0.0,580.4288,580.4288,2213.2895,1,BATTERY_ALL,battery,CHARGE,300.0,353.18895134208003,53.18895134208003,0.6781497920551146,0.7790609213457149,0
2026-01-10 17:15:00,ZONE_A,1,0.98590267,0.6084966,2793.7183,0.0,580.4288,580.4288,2213.2895,2,RENEWABLE_ALL,renewable,CURTAIL,53.18895134208003,353.18895134208003,53.18895134208003,0.6781497920551146,0.7790609213457149,0
2026-01-10 17:30:00,ZONE_A,1,0.9819213,0.6084966,2798.564,0.0,585.3345,585.3345,2213.2295,1,BATTERY_ALL,battery,CHARGE,300.0,356.17405311270005,56.17405311270005,0.6847152770484459,0.7864792925619838,0
2026-01-10 17:30:00,ZONE_A,1,0.9819213,0.6084966,2798.564,0.0,585.3345,585.3345,2213.2295,2,RENEWABLE_ALL,renewable,CURTAIL,56.17405311270005,356.17405311270005,56.17405311270005,0.6847152770484459,0.7864792925619838,0
2026-01-10 17:45:00,ZONE_A,1,0.9883603,0.7453495,2808.9656,0.0,595.29224,595.29224,2213.67336,1,BATTERY_ALL,battery,CHARGE,300.0,443.70077343788,143.70077343788,0.6942410493151688,0.821012699292716,0
2026-01-10 17:45:00,ZONE_A,1,0.9883603,0.7453495,2808.9656,0.0,595.29224,595.29224,2213.67336,2,RENEWABLE_ALL,renewable,CURTAIL,143.70077343788,443.70077343788,143.70077343788,0.6942410493151688,0.821012699292716,0
2026-01-10 18:15:00,ZONE_A,1,0.969244,0.6125821,2812.8425,3.0368156,597.456,600.4928,2212.3497,1,BATTERY_ALL,battery,CHARGE,300.0,367.85114045888,67.85114045888002,0.6837384771135414,0.7888388032854861,0
2026-01-10 18:15:00,ZONE_A,1,0.969244,0.6125821,2812.8425,3.0368156,597.456,600.4928,2212.3497,2,RENEWABLE_ALL,renewable,CURTAIL,67.85114045888002,367.85114045888,67.85114045888002,0.6837384771135414,0.7888388032854861,0
2026-01-10 18:45:00,ZONE_A,1,0.9760478,0.57407814,2814.1953,8.01601,559.82526,567.84125,2246.35405,1,BATTERY_ALL,battery,CHARGE,300.0,325.985248615275,25.985248615274998,0.6812920233162904,0.7744306660824122,0
2026-01-10 18:45:00,ZONE_A,1,0.9760478,0.57407814,2814.1953,8.01601,559.82526,567.84125,2246.35405,2,RENEWABLE_ALL,renewable,CURTAIL,25.985248615274998,325.985248615275,25.985248615274998,0.6812920233162904,0.7744306660824122,0
2026-01-10 19:00:00,ZONE_A,1,0.9788309,0.5899757,2800.2322,14.315542,601.8434,616.15894,2184.07326,1,BATTERY_ALL,battery,CHARGE,300.0,363.518801937758,63.518801937757985,0.6823356460817144,0.786198161255226,0
2026-01-10 19:00:00,ZONE_A,1,0.9788309,0.5899757,2800.2322,14.315542,601.8434,616.15894,2184.07326,2,RENEWABLE_ALL,renewable,CURTAIL,63.518801937757985,363.518801937758,63.518801937757985,0.6823356460817144,0.786198161255226,0
2026-01-10 19:15:00,ZONE_A,1,0.98391354,0.6380426,2800.7986,0.0,569.8151,569.8151,2230.9835000000003,1,BATTERY_ALL,battery,CHARGE,300.0,363.56630792326,63.56630792326001,0.6941583392480276,0.7980344275545518,0
2026-01-10 19:15:00,ZONE_A,1,0.98391354,0.6380426,2800.7986,0.0,569.8151,569.8151,2230.9835000000003,2,RENEWABLE_ALL,renewable,CURTAIL,63.56630792326001,363.56630792326,63.56630792326001,0.6941583392480276,0.7980344275545518,0
2026-01-10 19:45:00,ZONE_A,1,0.98647434,0.6198867,2790.0117,0.0,533.6881,533.6881,2256.3236,1,BATTERY_ALL,battery,CHARGE,300.0,330.82615513827,30.826155138269996,0.6812568828867264,0.7757786417942387,0
2026-01-10 19:45:00,ZONE_A,1,0.98647434,0.6198867,2790.0117,0.0,533.6881,533.6881,2256.3236,2,RENEWABLE_ALL,renewable,CURTAIL,30.826155138269996,330.82615513827,30.826155138269996,0.6812568828867264,0.7757786417942387,0
2026-01-10 20:00:00,ZONE_A,0,0.9424375,0.5901532,2646.83,0.0,455.48615,455.48615,2191.34385,1,BATTERY_ALL,battery,CHARGE,268.80660897818,268.80660897818,0.0,0.6440798615391562,0.7208817500604068,0
2026-01-10 20:15:00,ZONE_A,0,0.90050465,0.5731712,2647.843,0.0,522.3584,522.3584,2125.4846,1,BATTERY_ALL,battery,CHARGE,299.40079095808,299.40079095808,0.0,0.6438323257815296,0.7293754091921069,0
2026-01-10 20:30:00,ZONE_A,0,0.9588491,0.6390232,2628.5022,0.0,554.54407,554.54407,2073.95813,1,BATTERY_ALL,battery,CHARGE,300.0,354.366526152424,54.366526152424,0.6393064824394581,0.7405540616842377,0
2026-01-10 20:30:00,ZONE_A,0,0.9588491,0.6390232,2628.5022,0.0,554.54407,554.54407,2073.95813,2,RENEWABLE_ALL,renewable,CURTAIL,54.366526152424,354.366526152424,54.366526152424,0.6393064824394581,0.7405540616842377,0
2026-01-10 20:45:00,ZONE_A,0,0.9860119,0.62209946,2595.3503,0.0,574.07874,574.07874,2021.27156,1,BATTERY_ALL,battery,CHARGE,300.0,357.13407415148043,57.134074151480434,0.6225917702944669,0.724630077515017,0
2026-01-10 20:45:00,ZONE_A,0,0.9860119,0.62209946,2595.3503,0.0,574.07874,574.07874,2021.27156,2,RENEWABLE_ALL,renewable,CURTAIL,57.134074151480434,357.13407415148043,57.134074151480434,0.6225917702944669,0.724630077515017,0
2026-01-10 21:00:00,ZONE_A,0,0.98987204,0.6414953,2567.5261,0.0,563.56934,563.56934,2003.95676,1,BATTERY_ALL,battery,CHARGE,300.0,361.527082834102,61.527082834101975,0.6342620852079324,0.7375555377364623,0
2026-01-10 21:00:00,ZONE_A,0,0.98987204,0.6414953,2567.5261,0.0,563.56934,563.56934,2003.95676,2,RENEWABLE_ALL,renewable,CURTAIL,61.527082834101975,361.527082834102,61.527082834101975,0.6342620852079324,0.7375555377364623,0
2026-01-10 21:15:00,ZONE_A,0,0.9898448,0.6414953,2508.6306,0.3790188,565.8755,566.2545,1942.3761,1,BATTERY_ALL,battery,CHARGE,300.0,363.24960035385,63.249600353849985,0.6188335175251383,0.7226191179176336,0
2026-01-10 21:15:00,ZONE_A,0,0.9898448,0.6414953,2508.6306,0.3790188,565.8755,566.2545,1942.3761,2,RENEWABLE_ALL,renewable,CURTAIL,63.249600353849985,363.24960035385,63.249600353849985,0.6188335175251383,0.7226191179176336,0
2026-01-10 21:30:00,ZONE_A,0,0.9875973,0.6062247,2460.266,0.23657122,589.3418,589.57837,1870.68763,1,BATTERY_ALL,battery,CHARGE,300.0,357.41697047973895,57.41697047973895,0.6115306946107828,0.7136498293166842,0
2026-01-10 21:30:00,ZONE_A,0,0.9875973,0.6062247,2460.266,0.23657122,589.3418,589.57837,1870.68763,2,RENEWABLE_ALL,renewable,CURTAIL,57.41697047973895,357.41697047973895,57.41697047973895,0.6115306946107828,0.7136498293166842,0
2026-01-10 21:45:00,ZONE_A,0,0.9876095,0.6347017,2445.0173,0.62711746,573.4944,574.1215,1870.8958,1,BATTERY_ALL,battery,CHARGE,300.0,364.39589205655,64.39589205655,0.607341200261647,0.7114543125536675,0
2026-01-10 21:45:00,ZONE_A,0,0.9876095,0.6347017,2445.0173,0.62711746,573.4944,574.1215,1870.8958,2,RENEWABLE_ALL,renewable,CURTAIL,64.39589205655,364.39589205655,64.39589205655,0.607341200261647,0.7114543125536675,0
2026-01-10 22:00:00,ZONE_A,0,0.9867798,0.8319078,2433.7227,0.0,578.55005,578.55005,1855.17265,1,BATTERY_ALL,battery,CHARGE,300.0,481.30029928539005,181.30029928539005,0.6039371411387074,0.741451512739096,0
2026-01-10 22:00:00,ZONE_A,0,0.9867798,0.8319078,2433.7227,0.0,578.55005,578.55005,1855.17265,2,RENEWABLE_ALL,renewable,CURTAIL,181.30029928539005,481.30029928539005,181.30029928539005,0.6039371411387074,0.741451512739096,0
2026-01-10 22:15:00,ZONE_A,0,0.9906549,0.68386763,2377.8354,0.47315732,579.9834,580.45654,1797.3788599999998,1,BATTERY_ALL,battery,CHARGE,300.0,396.9554383278002,96.95543832780021,0.5888252889927246,0.7022411288125024,0
2026-01-10 22:15:00,ZONE_A,0,0.9906549,0.68386763,2377.8354,0.47315732,579.9834,580.45654,1797.3788599999998,2,RENEWABLE_ALL,renewable,CURTAIL,96.95543832780021,396.9554383278002,96.95543832780021,0.5888252889927246,0.7022411288125024,0
2026-01-10 22:30:00,ZONE_A,0,0.99287707,0.74493307,2362.741,0.006585857,567.8655,567.8721,1794.8689,1,BATTERY_ALL,battery,CHARGE,300.0,423.02670682034704,123.02670682034704,0.5776506389086423,0.6985154125970152,0
2026-01-10 22:30:00,ZONE_A,0,0.99287707,0.74493307,2362.741,0.006585857,567.8655,567.8721,1794.8689,2,RENEWABLE_ALL,renewable,CURTAIL,123.02670682034704,423.02670682034704,123.02670682034704,0.5776506389086423,0.6985154125970152,0
2026-01-10 22:45:00,ZONE_A,0,0.9937338,0.6985948,2334.5903,0.71030045,599.1179,599.82825,1734.7620499999998,1,BATTERY_ALL,battery,CHARGE,300.0,419.0368963431,119.03689634310001,0.5719709952422957,0.6916958230738037,0
2026-01-10 22:45:00,ZONE_A,0,0.9937338,0.6985948,2334.5903,0.71030045,599.1179,599.82825,1734.7620499999998,2,RENEWABLE_ALL,renewable,CURTAIL,119.03689634310001,419.0368963431,119.03689634310001,0.5719709952422957,0.6916958230738037,0
2026-01-10 23:00:00,ZONE_A,0,0.99593854,0.6942382,2305.3987,0.2835945,489.0431,489.3267,1816.072,1,BATTERY_ALL,battery,CHARGE,300.0,339.70928741994004,39.70928741994004,0.5548811922675928,0.6519409889183516,0
2026-01-10 23:00:00,ZONE_A,0,0.99593854,0.6942382,2305.3987,0.2835945,489.0431,489.3267,1816.072,2,RENEWABLE_ALL,renewable,CURTAIL,39.70928741994004,339.70928741994004,39.70928741994004,0.5548811922675928,0.6519409889183516,0
2026-01-10 23:15:00,ZONE_A,0,0.9963707,0.7156133,2303.681,0.33387288,589.81146,590.1453,1713.5357,1,BATTERY_ALL,battery,CHARGE,300.0,422.31582561249,122.31582561249002,0.5647812977862138,0.6854429625403812,0
2026-01-10 23:15:00,ZONE_A,0,0.9963707,0.7156133,2303.681,0.33387288,589.81146,590.1453,1713.5357,2,RENEWABLE_ALL,renewable,CURTAIL,122.31582561249002,422.31582561249,122.31582561249002,0.5647812977862138,0.6854429625403812,0
2026-01-10 23:30:00,ZONE_A,0,0.9962941,0.7156133,2290.672,0.0,580.2494,580.2494,1710.4226,1,BATTERY_ALL,battery,CHARGE,300.0,415.23418795702,115.23418795702003,0.5584114134319462,0.6770497531291386,0
2026-01-10 23:30:00,ZONE_A,0,0.9962941,0.7156133,2290.672,0.0,580.2494,580.2494,1710.4226,2,RENEWABLE_ALL,renewable,CURTAIL,115.23418795702003,415.23418795702,115.23418795702003,0.5584114134319462,0.6770497531291386,0
2026-01-10 23:45:00,ZONE_A,0,0.996503,0.63802445,2299.4858,0.0,589.26953,589.26953,1710.21627,1,BATTERY_ALL,battery,CHARGE,300.0,375.9683677800085,75.96836778000852,0.5641474696658701,0.6715670035682644,0
2026-01-10 23:45:00,ZONE_A,0,0.996503,0.63802445,2299.4858,0.0,589.26953,589.26953,1710.21627,2,RENEWABLE_ALL,renewable,CURTAIL,75.96836778000852,375.9683677800085,75.96836778000852,0.5641474696658701,0.6715670035682644,0
2026-01-11 00:00:00,ZONE_A,0,0.9982152,0.7288505,2288.0042,0.0,558.135,558.135,1729.8692,1,BATTERY_ALL,battery,CHARGE,300.0,406.7969738175,106.79697381749997,0.559842072070687,0.6760697791368032,0
2026-01-11 00:00:00,ZONE_A,0,0.9982152,0.7288505,2288.0042,0.0,558.135,558.135,1729.8692,2,RENEWABLE_ALL,renewable,CURTAIL,106.79697381749997,406.7969738175,106.79697381749997,0.559842072070687,0.6760697791368032,0
2026-01-11 00:15:00,ZONE_A,0,0.99666303,0.67463404,2297.0898,0.0,578.9872,578.9872,1718.1026000000002,1,BATTERY_ALL,battery,CHARGE,300.0,390.60447384428807,90.60447384428807,0.5718673004549933,0.6834685789526441,0
2026-01-11 00:15:00,ZONE_A,0,0.99666303,0.67463404,2297.0898,0.0,578.9872,578.9872,1718.1026000000002,2,RENEWABLE_ALL,renewable,CURTAIL,90.60447384428807,390.60447384428807,90.60447384428807,0.5718673004549933,0.6834685789526441,0
2026-01-11 00:30:00,ZONE_A,0,0.99742496,0.7428988,2295.4446,0.5570134,508.52026,509.07727,1786.3673299999998,1,BATTERY_ALL,battery,CHARGE,300.0,378.192892990276,78.192892990276,0.5679746168097954,0.6760297293374278,0
2026-01-11 00:30:00,ZONE_A,0,0.99742496,0.7428988,2295.4446,0.5570134,508.52026,509.07727,1786.3673299999998,2,RENEWABLE_ALL,renewable,CURTAIL,78.192892990276,378.192892990276,78.192892990276,0.5679746168097954,0.6760297293374278,0
2026-01-11 00:45:00,ZONE_A,0,0.99724567,0.6896007,2293.639,1.370913,541.4176,542.7885,1750.8505,1,BATTERY_ALL,battery,CHARGE,300.0,374.30732955195,74.30732955194998,0.5613302203453978,0.6682751718913246,0
2026-01-11 00:45:00,ZONE_A,0,0.99724567,0.6896007,2293.639,1.370913,541.4176,542.7885,1750.8505,2,RENEWABLE_ALL,renewable,CURTAIL,74.30732955194998,374.30732955195,74.30732955194998,0.5613302203453978,0.6682751718913246,0
2026-01-11 01:00:00,ZONE_A,0,0.99807453,0.62299705,2286.2183,0.0,450.01556,450.01556,1836.20274,1,BATTERY_ALL,battery,CHARGE,280.35836633409804,280.35836633409804,0.0,0.5474828215887156,0.6275852121518721,0
2026-01-11 01:15:00,ZONE_A,0,0.9962716,0.64159536,2299.637,0.0,484.04385,484.04385,1815.59315,1,BATTERY_ALL,battery,CHARGE,300.0,310.56028819653596,10.560288196535964,0.5738822731332618,0.6626137842538101,0
2026-01-11 01:15:00,ZONE_A,0,0.9962716,0.64159536,2299.637,0.0,484.04385,484.04385,1815.59315,2,RENEWABLE_ALL,renewable,CURTAIL,10.560288196535964,310.56028819653596,10.560288196535964,0.5738822731332618,0.6626137842538101,0
2026-01-11 01:30:00,ZONE_A,0,0.99666935,0.5046859,2304.1262,0.5570134,462.2683,462.82532,1841.30088,1,BATTERY_ALL,battery,CHARGE,233.581413166988,233.581413166988,0.0,0.5614346084020114,0.6281721551756269,0
2026-01-11 01:45:00,ZONE_A,0,0.9978417,0.6591705,2288.686,1.370913,568.8667,570.2376,1718.4484000000002,1,BATTERY_ALL,battery,CHARGE,300.0,375.8838039108,75.8838039108,0.5691597224300424,0.6765550952208058,0
2026-01-11 01:45:00,ZONE_A,0,0.9978417,0.6591705,2288.686,1.370913,568.8667,570.2376,1718.4484000000002,2,RENEWABLE_ALL,renewable,CURTAIL,75.8838039108,375.8838039108,75.8838039108,0.5691597224300424,0.6765550952208058,0
2026-01-11 02:00:00,ZONE_A,0,0.99816656,0.6709473,2297.5137,0.0,516.7102,516.7102,1780.8035,1,BATTERY_ALL,battery,CHARGE,300.0,346.68531357246,46.68531357246002,0.5660548317982861,0.6651077787521679,0
2026-01-11 02:00:00,ZONE_A,0,0.99816656,0.6709473,2297.5137,0.0,516.7102,516.7102,1780.8035,2,RENEWABLE_ALL,renewable,CURTAIL,46.68531357246002,346.68531357246,46.68531357246002,0.5660548317982861,0.6651077787521679,0
2026-01-11 03:00:00,ZONE_A,0,0.9963575,0.5081043,2288.867,0.0,493.0904,493.0904,1795.7766,1,BATTERY_ALL,battery,CHARGE,250.54135252871998,250.54135252871998,0.0,0.549323129844671,0.6209063735892646,0
2026-01-11 03:30:00,ZONE_A,0,0.9979013,0.7297258,2281.7068,0.30546403,415.94537,416.25082,1865.45598,1,BATTERY_ALL,battery,CHARGE,300.0,303.74896262515597,3.7489626251559685,0.5481209147589968,0.6349063328393321,0
2026-01-11 03:30:00,ZONE_A,0,0.9979013,0.7297258,2281.7068,0.30546403,415.94537,416.25082,1865.45598,2,RENEWABLE_ALL,renewable,CURTAIL,3.7489626251559685,303.74896262515597,3.7489626251559685,0.5481209147589968,0.6349063328393321,0
2026-01-11 06:15:00,ZONE_A,1,0.98608625,0.6138345,2699.719,68.392395,539.9966,608.389,2091.33,1,BATTERY_ALL,battery,CHARGE,300.0,373.45015762049997,73.45015762049997,0.6710543744495714,0.7777544197662521,0
2026-01-11 06:15:00,ZONE_A,1,0.98608625,0.6138345,2699.719,68.392395,539.9966,608.389,2091.33,2,RENEWABLE_ALL,renewable,CURTAIL,73.45015762049997,373.45015762049997,73.45015762049997,0.6710543744495714,0.7777544197662521,0
2026-01-11 06:30:00,ZONE_A,1,0.994041,0.5668949,2734.7673,124.94197,524.0161,648.95807,2085.80923,1,BATTERY_ALL,battery,CHARGE,300.0,367.891020196843,67.89102019684299,0.6743641914485612,0.7794759117908725,0
2026-01-11 06:30:00,ZONE_A,1,0.994041,0.5668949,2734.7673,124.94197,524.0161,648.95807,2085.80923,2,RENEWABLE_ALL,renewable,CURTAIL,67.89102019684299,367.891020196843,67.89102019684299,0.6743641914485612,0.7794759117908725,0
2026-01-11 06:45:00,ZONE_A,1,0.99306905,0.51431334,2759.1794,82.02533,588.919,670.94434,2088.23506,1,BATTERY_ALL,battery,CHARGE,300.0,345.0756244594956,45.0756244594956,0.693503234397543,0.7920962702330492,0
2026-01-11 06:45:00,ZONE_A,1,0.99306905,0.51431334,2759.1794,82.02533,588.919,670.94434,2088.23506,2,RENEWABLE_ALL,renewable,CURTAIL,45.0756244594956,345.0756244594956,45.0756244594956,0.693503234397543,0.7920962702330492,0
2026-01-11 07:00:00,ZONE_A,2,0.52586645,0.572316,2787.1987,193.70552,562.1588,755.8643,2031.3344,1,BATTERY_ALL,battery,CHARGE,300.0,432.59323271880004,132.59323271880004,0.7034191303737889,0.8270171972183249,0
2026-01-11 07:00:00,ZONE_A,2,0.52586645,0.572316,2787.1987,193.70552,562.1588,755.8643,2031.3344,2,RENEWABLE_ALL,renewable,CURTAIL,132.59323271880004,432.59323271880004,132.59323271880004,0.7034191303737889,0.8270171972183249,0
2026-01-11 07:15:00,ZONE_A,2,0.9110079,0.79373395,2831.7454,288.3228,565.9087,854.2315,1977.5139,1,BATTERY_ALL,battery,CHARGE,300.0,678.032542709425,378.032542709425,0.7211675601821599,0.914891144402347,0
2026-01-11 07:15:00,ZONE_A,2,0.9110079,0.79373395,2831.7454,288.3228,565.9087,854.2315,1977.5139,2,RENEWABLE_ALL,renewable,CURTAIL,378.032542709425,678.032542709425,378.032542709425,0.7211675601821599,0.914891144402347,0
2026-01-11 07:30:00,ZONE_A,2,0.9903861,0.8124538,2872.191,396.39124,560.5344,956.92566,1915.26534,1,BATTERY_ALL,battery,CHARGE,300.0,777.457888784508,477.457888784508,0.738339967818972,0.9604707938681193,0
2026-01-11 07:30:00,ZONE_A,2,0.9903861,0.8124538,2872.191,396.39124,560.5344,956.92566,1915.26534,2,RENEWABLE_ALL,renewable,CURTAIL,477.457888784508,777.457888784508,477.457888784508,0.738339967818972,0.9604707938681193,0
2026-01-11 07:45:00,ZONE_A,2,0.98986953,0.86608124,2910.1096,463.41925,533.1084,996.52765,1913.58195,1,BATTERY_ALL,battery,CHARGE,300.0,863.073902806286,563.073902806286,0.7370829067375314,0.9836754512010222,0
2026-01-11 07:45:00,ZONE_A,2,0.98986953,0.86608124,2910.1096,463.41925,533.1084,996.52765,1913.58195,2,RENEWABLE_ALL,renewable,CURTAIL,563.073902806286,863.073902806286,563.073902806286,0.7370829067375314,0.9836754512010222,0
2026-01-11 08:00:00,ZONE_A,3,0.9711047,0.88523555,2966.3926,509.29962,549.9917,1059.2913,1907.1013,1,BATTERY_ALL,battery,CHARGE,300.0,937.7223165657151,637.7223165657151,0.7793459329619006,1.0472665957411837,0
2026-01-11 08:00:00,ZONE_A,3,0.9711047,0.88523555,2966.3926,509.29962,549.9917,1059.2913,1907.1013,2,RENEWABLE_ALL,renewable,CURTAIL,637.7223165657151,937.7223165657151,637.7223165657151,0.7793459329619006,1.0472665957411837,0
2026-01-11 08:15:00,ZONE_A,3,0.9841823,0.84069854,2987.3572,573.90857,562.04,1135.9485,1851.4087,1,BATTERY_ALL,battery,CHARGE,300.0,954.99024546519,654.99024546519,0.7805190276672264,1.0533733844929838,0
2026-01-11 08:15:00,ZONE_A,3,0.9841823,0.84069854,2987.3572,573.90857,562.04,1135.9485,1851.4087,2,RENEWABLE_ALL,renewable,CURTAIL,654.99024546519,954.99024546519,654.99024546519,0.7805190276672264,1.0533733844929838,0
2026-01-11 08:30:00,ZONE_A,3,0.97955906,0.76639384,3014.7673,637.5625,543.97217,1181.5347,1833.2326,1,BATTERY_ALL,battery,CHARGE,300.0,905.5209158262479,605.5209158262479,0.7806515459680763,1.0393718086214836,0
2026-01-11 08:30:00,ZONE_A,3,0.97955906,0.76639384,3014.7673,637.5625,543.97217,1181.5347,1833.2326,2,RENEWABLE_ALL,renewable,CURTAIL,605.5209158262479,905.5209158262479,605.5209158262479,0.7806515459680763,1.0393718086214836,0
2026-01-11 08:45:00,ZONE_A,3,0.9820378,0.82357097,3055.0999,650.4898,579.5247,1230.0145,1825.0854,1,BATTERY_ALL,battery,CHARGE,300.0,1013.004234879065,713.004234879065,0.8005621916256181,1.089991974120477,0
2026-01-11 08:45:00,ZONE_A,3,0.9820378,0.82357097,3055.0999,650.4898,579.5247,1230.0145,1825.0854,2,RENEWABLE_ALL,renewable,CURTAIL,713.004234879065,1013.004234879065,713.004234879065,0.8005621916256181,1.089991974120477,0
2026-01-11 09:00:00,ZONE_A,2,0.95380044,0.94889915,2719.4863,680.637,418.936,1099.573,1619.9133,1,BATTERY_ALL,battery,CHARGE,300.0,1043.3838850629502,743.3838850629502,0.718237511562987,1.0163471943605715,0
2026-01-11 09:00:00,ZONE_A,2,0.95380044,0.94889915,2719.4863,680.637,418.936,1099.573,1619.9133,2,RENEWABLE_ALL,renewable,CURTAIL,743.3838850629502,1043.3838850629502,743.3838850629502,0.718237511562987,1.0163471943605715,0
2026-01-11 09:15:00,ZONE_A,2,0.9840267,0.9070622,2747.856,708.5909,536.92224,1245.5132,1502.3428,1,BATTERY_ALL,battery,CHARGE,300.0,1129.75794332104,829.7579433210401,0.728933237086125,1.0517212223628243,0
2026-01-11 09:15:00,ZONE_A,2,0.9840267,0.9070622,2747.856,708.5909,536.92224,1245.5132,1502.3428,2,RENEWABLE_ALL,renewable,CURTAIL,829.7579433210401,1129.75794332104,829.7579433210401,0.728933237086125,1.0517212223628243,0
2026-01-11 09:30:00,ZONE_A,2,0.98882,0.93267745,2700.413,755.3207,530.8478,1286.1685,1414.2445,1,BATTERY_ALL,battery,CHARGE,300.0,1199.580356850325,899.580356850325,0.7096638514230058,1.0524010977999083,0
2026-01-11 09:30:00,ZONE_A,2,0.98882,0.93267745,2700.413,755.3207,530.8478,1286.1685,1414.2445,2,RENEWABLE_ALL,renewable,CURTAIL,899.580356850325,1199.580356850325,899.580356850325,0.7096638514230058,1.0524010977999083,0
2026-01-11 09:45:00,ZONE_A,2,0.9909376,0.7919401,2689.9438,759.6305,536.60803,1296.2385,1393.7053,1,BATTERY_ALL,battery,CHARGE,300.0,1026.54324731385,726.5432473138501,0.707167490006694,1.0004655621384182,0
2026-01-11 09:45:00,ZONE_A,2,0.9909376,0.7919401,2689.9438,759.6305,536.60803,1296.2385,1393.7053,2,RENEWABLE_ALL,renewable,CURTAIL,726.5432473138501,1026.54324731385,726.5432473138501,0.707167490006694,1.0004655621384182,0
2026-01-11 10:00:00,ZONE_A,2,0.981629,0.8389254,2737.562,794.6636,505.90182,1300.5654,1436.9966,1,BATTERY_ALL,battery,CHARGE,300.0,1091.07734842116,791.07734842116,0.7375791235458887,1.0493155099154574,0
2026-01-11 10:00:00,ZONE_A,2,0.981629,0.8389254,2737.562,794.6636,505.90182,1300.5654,1436.9966,2,RENEWABLE_ALL,renewable,CURTAIL,791.07734842116,1091.07734842116,791.07734842116,0.7375791235458887,1.0493155099154574,0
2026-01-11 10:15:00,ZONE_A,2,0.97083414,0.8707285,2732.5605,842.5989,414.8172,1257.416,1475.1445,1,BATTERY_ALL,battery,CHARGE,300.0,1094.867947556,794.867947556,0.7236033886073812,1.0364228033488405,0
2026-01-11 10:15:00,ZONE_A,2,0.97083414,0.8707285,2732.5605,842.5989,414.8172,1257.416,1475.1445,2,RENEWABLE_ALL,renewable,CURTAIL,794.867947556,1094.867947556,794.867947556,0.7236033886073812,1.0364228033488405,0
2026-01-11 10:30:00,ZONE_A,2,0.98285127,0.94371754,2743.6384,778.31744,496.18213,1274.4995,1469.1389,1,BATTERY_ALL,battery,CHARGE,300.0,1202.7675328712298,902.7675328712298,0.7290692046090589,1.0727170723273167,0
2026-01-11 10:30:00,ZONE_A,2,0.98285127,0.94371754,2743.6384,778.31744,496.18213,1274.4995,1469.1389,2,RENEWABLE_ALL,renewable,CURTAIL,902.7675328712298,1202.7675328712298,902.7675328712298,0.7290692046090589,1.0727170723273167,0
2026-01-11 10:45:00,ZONE_A,2,0.951812,0.848324,2757.0613,756.0939,485.41428,1241.5082,1515.5531,1,BATTERY_ALL,battery,CHARGE,300.0,1053.2012022568,753.2012022567999,0.7377092171338013,1.0386238473776297,0
2026-01-11 10:45:00,ZONE_A,2,0.951812,0.848324,2757.0613,756.0939,485.41428,1241.5082,1515.5531,2,RENEWABLE_ALL,renewable,CURTAIL,753.2012022567999,1053.2012022568,753.2012022567999,0.7377092171338013,1.0386238473776297,0
2026-01-11 11:00:00,ZONE_A,2,0.939392,0.8630332,2745.2402,728.66815,546.7554,1275.4236,1469.8166,1,BATTERY_ALL,battery,CHARGE,300.0,1100.73291086352,800.7329108635199,0.7336599140119211,1.0481550325999363,0
2026-01-11 11:00:00,ZONE_A,2,0.939392,0.8630332,2745.2402,728.66815,546.7554,1275.4236,1469.8166,2,RENEWABLE_ALL,renewable,CURTAIL,800.7329108635199,1100.73291086352,800.7329108635199,0.7336599140119211,1.0481550325999363,0
2026-01-11 11:15:00,ZONE_A,2,0.9589302,0.8986032,2688.9668,760.68695,505.6064,1266.2933,1422.6735,1,BATTERY_ALL,battery,CHARGE,300.0,1137.89521151856,837.89521151856,0.7141578269885226,1.0392707457415091,0
2026-01-11 11:15:00,ZONE_A,2,0.9589302,0.8986032,2688.9668,760.68695,505.6064,1266.2933,1422.6735,2,RENEWABLE_ALL,renewable,CURTAIL,837.89521151856,1137.89521151856,837.89521151856,0.7141578269885226,1.0392707457415091,0
2026-01-11 11:30:00,ZONE_A,2,0.87985027,0.92972136,2767.8625,756.8602,570.21027,1327.0706,1440.7919000000002,1,BATTERY_ALL,battery,CHARGE,300.0,1233.805883048016,933.8058830480161,0.7474682687995532,1.0999842366858297,0
2026-01-11 11:30:00,ZONE_A,2,0.87985027,0.92972136,2767.8625,756.8602,570.21027,1327.0706,1440.7919000000002,2,RENEWABLE_ALL,renewable,CURTAIL,933.8058830480161,1233.805883048016,933.8058830480161,0.7474682687995532,1.0999842366858297,0
2026-01-11 11:45:00,ZONE_A,2,0.97708195,0.8629953,2715.579,769.1906,573.82153,1343.0122,1372.5668000000005,1,BATTERY_ALL,battery,CHARGE,300.0,1159.01321644266,859.01321644266,0.7224034731512522,1.0535501076831009,0
2026-01-11 11:45:00,ZONE_A,2,0.97708195,0.8629953,2715.579,769.1906,573.82153,1343.0122,1372.5668000000005,2,RENEWABLE_ALL,renewable,CURTAIL,859.01321644266,1159.01321644266,859.01321644266,0.7224034731512522,1.0535501076831009,0
2026-01-11 12:00:00,ZONE_A,2,0.57673275,0.8354935,2731.4543,803.2807,592.6931,1395.9739,1335.4804,1,BATTERY_ALL,battery,CHARGE,300.0,1166.32711961965,866.3271196196499,0.760259093187816,1.093495414330313,0
2026-01-11 12:00:00,ZONE_A,2,0.57673275,0.8354935,2731.4543,803.2807,592.6931,1395.9739,1335.4804,2,RENEWABLE_ALL,renewable,CURTAIL,866.3271196196499,1166.32711961965,866.3271196196499,0.760259093187816,1.093495414330313,0
2026-01-11 12:15:00,ZONE_A,2,0.96817434,0.9178988,2674.9463,836.6567,585.7054,1422.362,1252.5843,1,BATTERY_ALL,battery,CHARGE,300.0,1305.5843729656,1005.5843729656001,0.722762597710987,1.0957867055775874,0
2026-01-11 12:15:00,ZONE_A,2,0.96817434,0.9178988,2674.9463,836.6567,585.7054,1422.362,1252.5843,2,RENEWABLE_ALL,renewable,CURTAIL,1005.5843729656001,1305.5843729656,1005.5843729656001,0.722762597710987,1.0957867055775874,0
2026-01-11 12:30:00,ZONE_A,3,0.86081856,0.94901323,2770.471,824.8348,598.1307,1422.9655,1347.5055,1,BATTERY_ALL,battery,CHARGE,300.0,1350.413085333565,1050.413085333565,0.7677780470289194,1.1536103586520805,0
2026-01-11 12:30:00,ZONE_A,3,0.86081856,0.94901323,2770.471,824.8348,598.1307,1422.9655,1347.5055,2,RENEWABLE_ALL,renewable,CURTAIL,1050.413085333565,1350.413085333565,1050.413085333565,0.7677780470289194,1.1536103586520805,0
2026-01-11 12:45:00,ZONE_A,2,0.95335895,0.96193314,2694.1245,814.78217,591.9969,1406.779,1287.3455,1,BATTERY_ALL,battery,CHARGE,300.0,1353.22734075606,1053.22734075606,0.7265111482579782,1.113147532723938,0
2026-01-11 12:45:00,ZONE_A,2,0.95335895,0.96193314,2694.1245,814.78217,591.9969,1406.779,1287.3455,2,RENEWABLE_ALL,renewable,CURTAIL,1053.22734075606,1353.22734075606,1053.22734075606,0.7265111482579782,1.113147532723938,0
2026-01-11 13:00:00,ZONE_A,2,0.97959226,0.9037564,2679.9456,804.5914,593.3587,1397.9501,1281.9955,1,BATTERY_ALL,battery,CHARGE,300.0,1263.4063497556401,963.4063497556401,0.7141142107239957,1.075087455017002,0
2026-01-11 13:00:00,ZONE_A,2,0.97959226,0.9037564,2679.9456,804.5914,593.3587,1397.9501,1281.9955,2,RENEWABLE_ALL,renewable,CURTAIL,963.4063497556401,1263.4063497556401,963.4063497556401,0.7141142107239957,1.075087455017002,0
2026-01-11 13:15:00,ZONE_A,2,0.972251,0.94902366,2698.748,746.36694,605.0017,1351.3687,1347.3793,1,BATTERY_ALL,battery,CHARGE,300.0,1282.480869683442,982.480869683442,0.7164330262265248,1.0828561331720596,0
2026-01-11 13:15:00,ZONE_A,2,0.972251,0.94902366,2698.748,746.36694,605.0017,1351.3687,1347.3793,2,RENEWABLE_ALL,renewable,CURTAIL,982.480869683442,1282.480869683442,982.480869683442,0.7164330262265248,1.0828561331720596,0
2026-01-11 13:30:00,ZONE_A,2,0.9863538,0.95434225,2694.1042,704.04016,605.2919,1309.332,1384.7722,1,BATTERY_ALL,battery,CHARGE,300.0,1249.5508468770001,949.5508468770001,0.7169482011764892,1.073962730393017,0
2026-01-11 13:30:00,ZONE_A,2,0.9863538,0.95434225,2694.1042,704.04016,605.2919,1309.332,1384.7722,2,RENEWABLE_ALL,renewable,CURTAIL,949.5508468770001,1249.5508468770001,949.5508468770001,0.7169482011764892,1.073962730393017,0
2026-01-11 13:45:00,ZONE_A,2,0.98546773,0.9113965,2681.8804,668.51263,610.4921,1279.0048,1402.8756,1,BATTERY_ALL,battery,CHARGE,300.0,1165.6804982032,865.6804982031999,0.7103365488661969,1.0433881209991853,0
2026-01-11 13:45:00,ZONE_A,2,0.98546773,0.9113965,2681.8804,668.51263,610.4921,1279.0048,1402.8756,2,RENEWABLE_ALL,renewable,CURTAIL,865.6804982031999,1165.6804982032,865.6804982031999,0.7103365488661969,1.0433881209991853,0
2026-01-11 14:00:00,ZONE_A,2,0.9292271,0.94092757,2688.8606,614.3531,604.69104,1219.0442,1469.8164,1,BATTERY_ALL,battery,CHARGE,300.0,1147.032296828594,847.0322968285941,0.7098669157950602,1.0375904303210026,0
2026-01-11 14:00:00,ZONE_A,2,0.9292271,0.94092757,2688.8606,614.3531,604.69104,1219.0442,1469.8164,2,RENEWABLE_ALL,renewable,CURTAIL,847.0322968285941,1147.032296828594,847.0322968285941,0.7098669157950602,1.0375904303210026,0
2026-01-11 14:15:00,ZONE_A,2,0.93938255,0.9204145,2681.1987,571.10175,610.43317,1181.5349,1499.6637999999998,1,BATTERY_ALL,battery,CHARGE,300.0,1087.50185421605,787.5018542160501,0.7009327751940054,1.0116475917800423,0
2026-01-11 14:15:00,ZONE_A,2,0.93938255,0.9204145,2681.1987,571.10175,610.43317,1181.5349,1499.6637999999998,2,RENEWABLE_ALL,renewable,CURTAIL,787.5018542160501,1087.50185421605,787.5018542160501,0.7009327751940054,1.0116475917800423,0
2026-01-11 14:30:00,ZONE_A,1,0.7140589,0.8322177,2688.8167,516.93835,608.57623,1125.5146,1563.3021,1,BATTERY_ALL,battery,CHARGE,300.0,936.6731717284199,636.6731717284199,0.6975009722058013,0.9651218793594052,0
2026-01-11 14:30:00,ZONE_A,1,0.7140589,0.8322177,2688.8167,516.93835,608.57623,1125.5146,1563.3021,2,RENEWABLE_ALL,renewable,CURTAIL,636.6731717284199,936.6731717284199,636.6731717284199,0.6975009722058013,0.9651218793594052,0
2026-01-11 14:45:00,ZONE_A,2,0.8088693,0.80699664,2705.9111,457.5279,605.13367,1062.6616,1643.2495,1,BATTERY_ALL,battery,CHARGE,300.0,857.564340657024,557.564340657024,0.7077620347550209,0.9527804186457575,0
2026-01-11 14:45:00,ZONE_A,2,0.8088693,0.80699664,2705.9111,457.5279,605.13367,1062.6616,1643.2495,2,RENEWABLE_ALL,renewable,CURTAIL,557.564340657024,857.564340657024,557.564340657024,0.7077620347550209,0.9527804186457575,0
2026-01-11 15:00:00,ZONE_A,2,0.93684,0.88100564,2804.0046,411.45,599.4017,1010.8517,1793.1529,1,BATTERY_ALL,battery,CHARGE,300.0,890.5660489035881,590.5660489035881,0.7303923109044094,0.9848397543252942,0
2026-01-11 15:00:00,ZONE_A,2,0.93684,0.88100564,2804.0046,411.45,599.4017,1010.8517,1793.1529,2,RENEWABLE_ALL,renewable,CURTAIL,590.5660489035881,890.5660489035881,590.5660489035881,0.7303923109044094,0.9848397543252942,0
2026-01-11 15:15:00,ZONE_A,2,0.9469915,0.7268101,2791.3252,386.5743,607.6992,994.27356,1797.05164,1,BATTERY_ALL,battery,CHARGE,300.0,722.648065570956,422.64806557095596,0.7180617406251669,0.9245326171929658,0
2026-01-11 15:15:00,ZONE_A,2,0.9469915,0.7268101,2791.3252,386.5743,607.6992,994.27356,1797.05164,2,RENEWABLE_ALL,renewable,CURTAIL,422.64806557095596,722.648065570956,422.64806557095596,0.7180617406251669,0.9245326171929658,0
2026-01-11 15:30:00,ZONE_A,2,0.8895018,0.5015603,2799.729,306.21927,604.1796,910.3989,1889.3301,1,BATTERY_ALL,battery,CHARGE,300.0,456.61994540367,156.61994540367,0.7079506767995951,0.8384135187747843,0
2026-01-11 15:30:00,ZONE_A,2,0.8895018,0.5015603,2799.729,306.21927,604.1796,910.3989,1889.3301,2,RENEWABLE_ALL,renewable,CURTAIL,156.61994540367,456.61994540367,156.61994540367,0.7079506767995951,0.8384135187747843,0
2026-01-11 15:45:00,ZONE_A,2,0.8368122,0.7470007,2804.7344,275.33667,601.59174,876.9284,1927.806,1,BATTERY_ALL,battery,CHARGE,300.0,655.0661286498799,355.06612864987994,0.7123870105964221,0.8995487622796878,0
2026-01-11 15:45:00,ZONE_A,2,0.8368122,0.7470007,2804.7344,275.33667,601.59174,876.9284,1927.806,2,RENEWABLE_ALL,renewable,CURTAIL,355.06612864987994,655.0661286498799,355.06612864987994,0.7123870105964221,0.8995487622796878,0
2026-01-11 16:00:00,ZONE_A,1,0.7115553,0.80049026,2786.0022,223.27052,597.7842,821.0547,1964.9475,1,BATTERY_ALL,battery,CHARGE,300.0,657.246290277222,357.246290277222,0.6990478373077944,0.8868324923692258,0
2026-01-11 16:00:00,ZONE_A,1,0.7115553,0.80049026,2786.0022,223.27052,597.7842,821.0547,1964.9475,2,RENEWABLE_ALL,renewable,CURTAIL,357.246290277222,657.246290277222,357.246290277222,0.6990478373077944,0.8868324923692258,0
2026-01-11 16:15:00,ZONE_A,1,0.5188791,0.6402164,2807.0984,181.83003,604.6288,786.4588,2020.6396,1,BATTERY_ALL,battery,CHARGE,300.0,503.50382168432003,203.50382168432003,0.702822751748471,0.8466809870256667,0
2026-01-11 16:15:00,ZONE_A,1,0.5188791,0.6402164,2807.0984,181.83003,604.6288,786.4588,2020.6396,2,RENEWABLE_ALL,renewable,CURTAIL,203.50382168432003,503.50382168432003,203.50382168432003,0.702822751748471,0.8466809870256667,0
2026-01-11 16:30:00,ZONE_A,1,0.85429406,0.6332236,2796.63,112.82255,598.48627,711.30884,2085.32116,1,BATTERY_ALL,battery,CHARGE,300.0,450.417544376624,150.417544376624,0.6950172331179368,0.8237079605233337,0
2026-01-11 16:30:00,ZONE_A,1,0.85429406,0.6332236,2796.63,112.82255,598.48627,711.30884,2085.32116,2,RENEWABLE_ALL,renewable,CURTAIL,150.417544376624,450.417544376624,150.417544376624,0.6950172331179368,0.8237079605233337,0
2026-01-11 17:15:00,ZONE_A,1,0.9875471,0.57576215,2795.7058,4.081078,593.7233,597.8044,2197.9014,1,BATTERY_ALL,battery,CHARGE,300.0,344.19314662346,44.193146623459995,0.6776564845003911,0.775997383866582,0
2026-01-11 17:15:00,ZONE_A,1,0.9875471,0.57576215,2795.7058,4.081078,593.7233,597.8044,2197.9014,2,RENEWABLE_ALL,renewable,CURTAIL,44.193146623459995,344.19314662346,44.193146623459995,0.6776564845003911,0.775997383866582,0
2026-01-11 17:45:00,ZONE_A,1,0.9772752,0.71410185,2809.3362,0.0,604.3712,604.3712,2204.965,1,BATTERY_ALL,battery,CHARGE,300.0,431.58259200672006,131.58259200672006,0.6835226899970729,0.8068320023905445,0
2026-01-11 17:45:00,ZONE_A,1,0.9772752,0.71410185,2809.3362,0.0,604.3712,604.3712,2204.965,2,RENEWABLE_ALL,renewable,CURTAIL,131.58259200672006,431.58259200672006,131.58259200672006,0.6835226899970729,0.8068320023905445,0
2026-01-11 19:15:00,ZONE_A,1,0.9831057,0.66240036,2807.691,0.0,601.8071,601.8071,2205.8839,1,BATTERY_ALL,battery,CHARGE,300.0,398.637239690556,98.63723969055599,0.6781442961917411,0.7920406507603804,0
2026-01-11 19:15:00,ZONE_A,1,0.9831057,0.66240036,2807.691,0.0,601.8071,601.8071,2205.8839,2,RENEWABLE_ALL,renewable,CURTAIL,98.63723969055599,398.637239690556,98.63723969055599,0.6781442961917411,0.7920406507603804,0
2026-01-11 19:30:00,ZONE_A,1,0.9839849,0.6955427,2800.8625,0.0,598.432,598.432,2202.4305000000004,1,BATTERY_ALL,battery,CHARGE,300.0,416.23500904639997,116.23500904639997,0.692064884629448,0.8109891733046385,0
2026-01-11 19:30:00,ZONE_A,1,0.9839849,0.6955427,2800.8625,0.0,598.432,598.432,2202.4305000000004,2,RENEWABLE_ALL,renewable,CURTAIL,116.23500904639997,416.23500904639997,116.23500904639997,0.692064884629448,0.8109891733046385,0
2026-01-11 19:45:00,ZONE_A,1,0.9834715,0.66111755,2783.8076,0.0,599.5168,599.5168,2184.2908,1,BATTERY_ALL,battery,CHARGE,300.0,396.35107799984,96.35107799984002,0.6765625430781104,0.789805708581064,0
2026-01-11 19:45:00,ZONE_A,1,0.9834715,0.66111755,2783.8076,0.0,599.5168,599.5168,2184.2908,2,RENEWABLE_ALL,renewable,CURTAIL,96.35107799984002,396.35107799984,96.35107799984002,0.6765625430781104,0.789805708581064,0
2026-01-11 20:00:00,ZONE_A,1,0.94773626,0.80559707,2657.536,0.0,594.49994,594.49994,2063.03606,1,BATTERY_ALL,battery,CHARGE,300.0,478.92740977917583,178.92740977917583,0.6508789048530177,0.7877153080916948,0
2026-01-11 20:00:00,ZONE_A,1,0.94773626,0.80559707,2657.536,0.0,594.49994,594.49994,2063.03606,2,RENEWABLE_ALL,renewable,CURTAIL,178.92740977917583,478.92740977917583,178.92740977917583,0.6508789048530177,0.7877153080916948,0
2026-01-11 20:45:00,ZONE_A,0,0.98451704,0.7048685,2604.2236,0.1476976,600.71826,600.86597,2003.35763,1,BATTERY_ALL,battery,CHARGE,300.0,423.53149497494496,123.53149497494496,0.649832661354195,0.7708416602925992,0
2026-01-11 20:45:00,ZONE_A,0,0.98451704,0.7048685,2604.2236,0.1476976,600.71826,600.86597,2003.35763,2,RENEWABLE_ALL,renewable,CURTAIL,123.53149497494496,423.53149497494496,123.53149497494496,0.649832661354195,0.7708416602925992,0
2026-01-11 21:30:00,ZONE_A,0,0.98761034,0.79052126,2473.5703,0.0,595.0449,595.0449,1878.5254,1,BATTERY_ALL,battery,CHARGE,300.0,470.395644104574,170.395644104574,0.6173349814926029,0.7517337373261013,0
2026-01-11 21:30:00,ZONE_A,0,0.98761034,0.79052126,2473.5703,0.0,595.0449,595.0449,1878.5254,2,RENEWABLE_ALL,renewable,CURTAIL,170.395644104574,470.395644104574,170.395644104574,0.6173349814926029,0.7517337373261013,0
2026-01-11 22:00:00,ZONE_A,0,0.988825,0.8360105,2420.515,0.0,599.9533,599.9533,1820.5617,1,BATTERY_ALL,battery,CHARGE,300.0,501.56725830965,201.56725830965001,0.5957657211236929,0.7390706524519982,0
2026-01-11 22:00:00,ZONE_A,0,0.988825,0.8360105,2420.515,0.0,599.9533,599.9533,1820.5617,2,RENEWABLE_ALL,renewable,CURTAIL,201.56725830965001,501.56725830965,201.56725830965001,0.5957657211236929,0.7390706524519982,0
2026-01-11 22:30:00,ZONE_A,0,0.99109334,0.73665977,2381.0337,0.11569904,600.07556,600.1913,1780.8424,1,BATTERY_ALL,battery,CHARGE,300.0,442.136785014001,142.13678501400102,0.5859613455129336,0.712286141561338,0
2026-01-11 22:30:00,ZONE_A,0,0.99109334,0.73665977,2381.0337,0.11569904,600.07556,600.1913,1780.8424,2,RENEWABLE_ALL,renewable,CURTAIL,142.13678501400102,442.136785014001,142.13678501400102,0.5859613455129336,0.712286141561338,0
2026-01-11 22:45:00,ZONE_A,0,0.9933215,0.7522389,2337.3357,0.41027376,599.8488,600.2591,1737.0766,1,BATTERY_ALL,battery,CHARGE,300.0,451.53824509899005,151.53824509899005,0.5850185265811414,0.7140294540850533,0
2026-01-11 22:45:00,ZONE_A,0,0.9933215,0.7522389,2337.3357,0.41027376,599.8488,600.2591,1737.0766,2,RENEWABLE_ALL,renewable,CURTAIL,151.53824509899005,451.53824509899005,151.53824509899005,0.5850185265811414,0.7140294540850533,0
2026-01-11 23:00:00,ZONE_A,0,0.9957698,0.68043816,2306.4368,2.1158006,599.5652,601.68097,1704.75583,1,BATTERY_ALL,battery,CHARGE,300.0,409.4066921338152,109.40669213381523,0.571263017580034,0.6882363584790657,0
2026-01-11 23:00:00,ZONE_A,0,0.9957698,0.68043816,2306.4368,2.1158006,599.5652,601.68097,1704.75583,2,RENEWABLE_ALL,renewable,CURTAIL,109.40669213381523,409.4066921338152,109.40669213381523,0.571263017580034,0.6882363584790657,0
2026-01-11 23:15:00,ZONE_A,0,0.99611545,0.68043816,2305.988,1.8519331,599.6324,601.4843,1704.5036999999998,1,BATTERY_ALL,battery,CHARGE,300.0,409.27287036088796,109.27287036088796,0.5664435732420263,0.6833786793423448,0
2026-01-11 23:15:00,ZONE_A,0,0.99611545,0.68043816,2305.988,1.8519331,599.6324,601.4843,1704.5036999999998,2,RENEWABLE_ALL,renewable,CURTAIL,109.27287036088796,409.27287036088796,109.27287036088796,0.5664435732420263,0.6833786793423448,0
2026-01-11 23:30:00,ZONE_A,0,0.99552566,0.61023784,2303.1016,2.9229908,602.0313,604.9543,1698.1473,1,BATTERY_ALL,battery,CHARGE,300.0,369.16600533071204,69.16600533071204,0.5633873231060318,0.6688633248838415,0
2026-01-11 23:30:00,ZONE_A,0,0.99552566,0.61023784,2303.1016,2.9229908,602.0313,604.9543,1698.1473,2,RENEWABLE_ALL,renewable,CURTAIL,69.16600533071204,369.16600533071204,69.16600533071204,0.5633873231060318,0.6688633248838415,0
2026-01-12 00:00:00,ZONE_A,0,0.9964715,0.663565,2291.2698,0.0,597.16614,597.16614,1694.10366,1,BATTERY_ALL,battery,CHARGE,300.0,396.2585496891,96.2585496891,0.5596889753265682,0.6729057040732387,0
2026-01-12 00:00:00,ZONE_A,0,0.9964715,0.663565,2291.2698,0.0,597.16614,597.16614,1694.10366,2,RENEWABLE_ALL,renewable,CURTAIL,96.2585496891,396.2585496891,96.2585496891,0.5596889753265682,0.6729057040732387,0
2026-01-12 00:30:00,ZONE_A,0,0.997198,0.5487339,2300.5264,0.0,605.80255,605.80255,1694.7238500000003,1,BATTERY_ALL,battery,CHARGE,300.0,332.424395891445,32.42439589144499,0.5663893149269105,0.6613677139705723,0
2026-01-12 00:30:00,ZONE_A,0,0.997198,0.5487339,2300.5264,0.0,605.80255,605.80255,1694.7238500000003,2,RENEWABLE_ALL,renewable,CURTAIL,32.42439589144499,332.424395891445,32.42439589144499,0.5663893149269105,0.6613677139705723,0
2026-01-12 01:15:00,ZONE_A,0,0.99518883,0.5294774,2335.8696,0.0,608.20197,608.20197,1727.66763,1,BATTERY_ALL,battery,CHARGE,300.0,322.029197750478,22.029197750477977,0.5804493890465601,0.6724577314913692,0
2026-01-12 01:15:00,ZONE_A,0,0.99518883,0.5294774,2335.8696,0.0,608.20197,608.20197,1727.66763,2,RENEWABLE_ALL,renewable,CURTAIL,22.029197750477977,322.029197750478,22.029197750477977,0.5804493890465601,0.6724577314913692,0
2026-01-12 01:30:00,ZONE_A,0,0.9965224,0.77140826,2300.7483,0.75790596,599.96844,600.7264,1700.0219000000002,1,BATTERY_ALL,battery,CHARGE,300.0,463.40530696006397,163.40530696006397,0.5772444204831568,0.7096459370628074,0
2026-01-12 01:30:00,ZONE_A,0,0.9965224,0.77140826,2300.7483,0.75790596,599.96844,600.7264,1700.0219000000002,2,RENEWABLE_ALL,renewable,CURTAIL,163.40530696006397,463.40530696006397,163.40530696006397,0.5772444204831568,0.7096459370628074,0
2026-01-12 01:45:00,ZONE_A,0,0.9954313,0.5294774,2296.3398,1.2848095,606.9305,608.2153,1688.1245000000004,1,BATTERY_ALL,battery,CHARGE,300.0,322.03625568421995,22.036255684219952,0.5701547518393466,0.6621651108304942,0
2026-01-12 01:45:00,ZONE_A,0,0.9954313,0.5294774,2296.3398,1.2848095,606.9305,608.2153,1688.1245000000004,2,RENEWABLE_ALL,renewable,CURTAIL,22.036255684219952,322.03625568421995,22.036255684219952,0.5701547518393466,0.6621651108304942,0
2026-01-12 02:00:00,ZONE_A,0,0.99553156,0.652972,2288.0122,0.0,607.7506,607.7506,1680.2616000000005,1,BATTERY_ALL,battery,CHARGE,300.0,396.84412478319996,96.84412478319996,0.5704419878298288,0.6838260237435522,0
2026-01-12 02:00:00,ZONE_A,0,0.99553156,0.652972,2288.0122,0.0,607.7506,607.7506,1680.2616000000005,2,RENEWABLE_ALL,renewable,CURTAIL,96.84412478319996,396.84412478319996,96.84412478319996,0.5704419878298288,0.6838260237435522,0
2026-01-12 02:30:00,ZONE_A,0,0.9954313,0.6500424,2287.457,0.0,607.8064,607.8064,1679.6506,1,BATTERY_ALL,battery,CHARGE,300.0,395.09993099136005,95.09993099136005,0.5691550823904603,0.682040777226444,0
2026-01-12 02:30:00,ZONE_A,0,0.9954313,0.6500424,2287.457,0.0,607.8064,607.8064,1679.6506,2,RENEWABLE_ALL,renewable,CURTAIL,95.09993099136005,395.09993099136005,95.09993099136005,0.5691550823904603,0.682040777226444,0
2026-01-12 02:45:00,ZONE_A,0,0.99625,0.6974985,2290.4014,1.5718057,604.7495,606.3213,1684.0801,1,BATTERY_ALL,battery,CHARGE,300.0,422.90819726805,122.90819726805,0.5710149878567564,0.6918459016430168,0
2026-01-12 02:45:00,ZONE_A,0,0.99625,0.6974985,2290.4014,1.5718057,604.7495,606.3213,1684.0801,2,RENEWABLE_ALL,renewable,CURTAIL,122.90819726805,422.90819726805,122.90819726805,0.5710149878567564,0.6918459016430168,0
2026-01-12 03:00:00,ZONE_A,0,0.9964502,0.50173086,2286.917,0.0,606.764,606.764,1680.1529999999998,1,BATTERY_ALL,battery,CHARGE,300.0,304.43222353704,4.432223537039988,0.5658850591649637,0.6528656946637496,0
2026-01-12 03:00:00,ZONE_A,0,0.9964502,0.50173086,2286.917,0.0,606.764,606.764,1680.1529999999998,2,RENEWABLE_ALL,renewable,CURTAIL,4.432223537039988,304.43222353704,4.432223537039988,0.5658850591649637,0.6528656946637496,0
2026-01-12 03:15:00,ZONE_A,0,0.9955568,0.652972,2288.6052,0.0,608.2585,608.2585,1680.3467,1,BATTERY_ALL,battery,CHARGE,300.0,397.175769262,97.17576926200002,0.5624143515587617,0.6758931430379532,0
2026-01-12 03:15:00,ZONE_A,0,0.9955568,0.652972,2288.6052,0.0,608.2585,608.2585,1680.3467,2,RENEWABLE_ALL,renewable,CURTAIL,97.17576926200002,397.175769262,97.17576926200002,0.5624143515587617,0.6758931430379532,0
2026-01-12 03:30:00,ZONE_A,0,0.9963051,0.680043,2288.5955,0.47090968,607.17847,607.64935,1680.9461499999998,1,BATTERY_ALL,battery,CHARGE,300.0,413.22768692205,113.22768692205,0.5718850584408721,0.6899501121212036,0
2026-01-12 03:30:00,ZONE_A,0,0.9963051,0.680043,2288.5955,0.47090968,607.17847,607.64935,1680.9461499999998,2,RENEWABLE_ALL,renewable,CURTAIL,113.22768692205,413.22768692205,113.22768692205,0.5718850584408721,0.6899501121212036,0
2026-01-12 04:00:00,ZONE_A,0,0.9963864,0.680043,2286.9023,0.0,607.3193,607.3193,1679.583,1,BATTERY_ALL,battery,CHARGE,300.0,413.0032387299,113.00323872989998,0.5643120506924625,0.6823129763156819,0
2026-01-12 04:00:00,ZONE_A,0,0.9963864,0.680043,2286.9023,0.0,607.3193,607.3193,1679.583,2,RENEWABLE_ALL,renewable,CURTAIL,113.00323872989998,413.0032387299,113.00323872989998,0.5643120506924625,0.6823129763156819,0
2026-01-12 04:15:00,ZONE_A,0,0.99769175,0.73517513,2286.488,0.0,566.3816,566.3816,1720.1063999999997,1,BATTERY_ALL,battery,CHARGE,300.0,416.389666409608,116.38966640960803,0.5661218689173914,0.6850903453062971,0
2026-01-12 04:15:00,ZONE_A,0,0.99769175,0.73517513,2286.488,0.0,566.3816,566.3816,1720.1063999999997,2,RENEWABLE_ALL,renewable,CURTAIL,116.38966640960803,416.389666409608,116.38966640960803,0.5661218689173914,0.6850903453062971,0
2026-01-12 04:30:00,ZONE_A,0,0.9962943,0.6995199,2295.3293,2.0062654,601.261,603.2673,1692.062,1,BATTERY_ALL,battery,CHARGE,300.0,421.99748136926996,121.99748136926996,0.5746351421069068,0.6952058513511868,0
2026-01-12 04:30:00,ZONE_A,0,0.9962943,0.6995199,2295.3293,2.0062654,601.261,603.2673,1692.062,2,RENEWABLE_ALL,renewable,CURTAIL,121.99748136926996,421.99748136926996,121.99748136926996,0.5746351421069068,0.6952058513511868,0
2026-01-12 04:45:00,ZONE_A,0,0.9716527,0.6715428,2293.0952,7.5330644,593.38043,600.9135,1692.1817,1,BATTERY_ALL,battery,CHARGE,300.0,403.5391343478,103.53913434779997,0.5663562987245543,0.6816531945196749,0
2026-01-12 04:45:00,ZONE_A,0,0.9716527,0.6715428,2293.0952,7.5330644,593.38043,600.9135,1692.1817,2,RENEWABLE_ALL,renewable,CURTAIL,103.53913434779997,403.5391343478,103.53913434779997,0.5663562987245543,0.6816531945196749,0
2026-01-12 05:15:00,ZONE_A,0,0.9949267,0.8043596,2592.956,4.0489106,592.3288,596.3777,1996.5783,1,BATTERY_ALL,battery,CHARGE,300.0,479.70212822092,179.70212822091997,0.6379438056653755,0.7750015569015282,0
2026-01-12 05:15:00,ZONE_A,0,0.9949267,0.8043596,2592.956,4.0489106,592.3288,596.3777,1996.5783,2,RENEWABLE_ALL,renewable,CURTAIL,179.70212822091997,479.70212822092,179.70212822091997,0.6379438056653755,0.7750015569015282,0
2026-01-12 05:30:00,ZONE_A,0,0.9959577,0.63366526,2586.0234,1.1555064,586.08307,587.2386,1998.7848,1,BATTERY_ALL,battery,CHARGE,300.0,372.112700151036,72.112700151036,0.6373129736211531,0.7436308881999657,0
2026-01-12 05:30:00,ZONE_A,0,0.9959577,0.63366526,2586.0234,1.1555064,586.08307,587.2386,1998.7848,2,RENEWABLE_ALL,renewable,CURTAIL,72.112700151036,372.112700151036,72.112700151036,0.6373129736211531,0.7436308881999657,0
2026-01-12 05:45:00,ZONE_A,1,0.51393783,0.7880606,2622.8977,11.056912,567.14526,578.20215,2044.69555,1,BATTERY_ALL,battery,CHARGE,300.0,455.65833325028996,155.65833325028996,0.6560910739372117,0.7862791694517993,0
2026-01-12 05:45:00,ZONE_A,1,0.51393783,0.7880606,2622.8977,11.056912,567.14526,578.20215,2044.69555,2,RENEWABLE_ALL,renewable,CURTAIL,155.65833325028996,455.65833325028996,155.65833325028996,0.6560910739372117,0.7862791694517993,0
2026-01-12 06:00:00,ZONE_A,1,0.97599244,0.6426744,2685.665,26.579615,584.3694,610.949,2074.716,1,BATTERY_ALL,battery,CHARGE,300.0,392.6412820056,92.64128200559998,0.6550637364954365,0.7672469602263855,0
2026-01-12 06:00:00,ZONE_A,1,0.97599244,0.6426744,2685.665,26.579615,584.3694,610.949,2074.716,2,RENEWABLE_ALL,renewable,CURTAIL,92.64128200559998,392.6412820056,92.64128200559998,0.6550637364954365,0.7672469602263855,0
2026-01-12 06:15:00,ZONE_A,1,0.9919559,0.549512,2699.0273,46.399014,574.51965,620.91864,2078.1086600000003,1,BATTERY_ALL,battery,CHARGE,300.0,341.20224370368,41.20224370367998,0.6744811017393114,0.7719674573524775,0
2026-01-12 06:15:00,ZONE_A,1,0.9919559,0.549512,2699.0273,46.399014,574.51965,620.91864,2078.1086600000003,2,RENEWABLE_ALL,renewable,CURTAIL,41.20224370367998,341.20224370368,41.20224370367998,0.6744811017393114,0.7719674573524775,0
2026-01-12 06:30:00,ZONE_A,1,0.9920288,0.6632542,2734.0266,99.60943,595.9074,695.51685,2038.50975,1,BATTERY_ALL,battery,CHARGE,300.0,461.30447193327,161.30447193327,0.6787211916106841,0.8105224696693064,0
2026-01-12 06:30:00,ZONE_A,1,0.9920288,0.6632542,2734.0266,99.60943,595.9074,695.51685,2038.50975,2,RENEWABLE_ALL,renewable,CURTAIL,161.30447193327,461.30447193327,161.30447193327,0.6787211916106841,0.8105224696693064,0
2026-01-12 07:30:00,ZONE_A,2,0.99118453,0.80082786,2881.634,372.40475,434.97052,807.37524,2074.25876,1,BATTERY_ALL,battery,CHARGE,300.0,646.5685856661863,346.5685856661863,0.7169291960684738,0.9016630782623798,0
2026-01-12 07:30:00,ZONE_A,2,0.99118453,0.80082786,2881.634,372.40475,434.97052,807.37524,2074.25876,2,RENEWABLE_ALL,renewable,CURTAIL,346.5685856661863,646.5685856661863,346.5685856661863,0.7169291960684738,0.9016630782623798,0
2026-01-12 07:45:00,ZONE_A,2,0.99188715,0.74267787,2911.131,402.3358,469.47754,871.81335,2039.31765,1,BATTERY_ALL,battery,CHARGE,300.0,647.4764818155645,347.4764818155645,0.726636097955412,0.9116293790697511,0
2026-01-12 07:45:00,ZONE_A,2,0.99188715,0.74267787,2911.131,402.3358,469.47754,871.81335,2039.31765,2,RENEWABLE_ALL,renewable,CURTAIL,347.4764818155645,647.4764818155645,347.4764818155645,0.726636097955412,0.9116293790697511,0
2026-01-12 08:00:00,ZONE_A,3,0.78764695,0.75663215,2951.7844,430.16672,555.663,985.8297,1965.9547,1,BATTERY_ALL,battery,CHARGE,300.0,745.910445444855,445.910445444855,0.7538814566819452,0.9669987274918701,0
2026-01-12 08:00:00,ZONE_A,3,0.78764695,0.75663215,2951.7844,430.16672,555.663,985.8297,1965.9547,2,RENEWABLE_ALL,renewable,CURTAIL,445.910445444855,745.910445444855,445.910445444855,0.7538814566819452,0.9669987274918701,0
2026-01-12 08:15:00,ZONE_A,3,0.9808193,0.82901204,2963.0771,533.20404,543.75604,1076.9601,1886.117,1,BATTERY_ALL,battery,CHARGE,300.0,892.812889499604,592.812889499604,0.7565498127304906,1.011639210595608,0
2026-01-12 08:15:00,ZONE_A,3,0.9808193,0.82901204,2963.0771,533.20404,543.75604,1076.9601,1886.117,2,RENEWABLE_ALL,renewable,CURTAIL,592.812889499604,892.812889499604,592.812889499604,0.7565498127304906,1.011639210595608,0
2026-01-12 08:30:00,ZONE_A,3,0.9842445,0.8696019,3013.3167,593.58844,499.52298,1093.1115,1920.2052,1,BATTERY_ALL,battery,CHARGE,300.0,950.57183731185,650.57183731185,0.7827012086016321,1.0542931630787524,0
2026-01-12 08:30:00,ZONE_A,3,0.9842445,0.8696019,3013.3167,593.58844,499.52298,1093.1115,1920.2052,2,RENEWABLE_ALL,renewable,CURTAIL,650.57183731185,950.57183731185,650.57183731185,0.7827012086016321,1.0542931630787524,0
2026-01-12 08:45:00,ZONE_A,3,0.9857247,0.85115737,3054.1165,624.66455,554.84296,1179.5076,1874.6089,1,BATTERY_ALL,battery,CHARGE,300.0,1003.946586711012,703.946586711012,0.7866844771108007,1.0735263600775369,0
2026-01-12 08:45:00,ZONE_A,3,0.9857247,0.85115737,3054.1165,624.66455,554.84296,1179.5076,1874.6089,2,RENEWABLE_ALL,renewable,CURTAIL,703.946586711012,1003.946586711012,703.946586711012,0.7866844771108007,1.0735263600775369,0
2026-01-12 09:00:00,ZONE_A,2,0.77058935,0.6233915,2697.491,657.93195,507.72275,1165.6547,1531.8363,1,BATTERY_ALL,battery,CHARGE,300.0,726.65923191505,426.65923191505,0.7090892138521973,0.9167061381000621,0
2026-01-12 09:00:00,ZONE_A,2,0.77058935,0.6233915,2697.491,657.93195,507.72275,1165.6547,1531.8363,2,RENEWABLE_ALL,renewable,CURTAIL,426.65923191505,726.65923191505,426.65923191505,0.7090892138521973,0.9167061381000621,0
2026-01-12 09:15:00,ZONE_A,2,0.9707337,0.8415818,2688.9753,727.4129,451.3136,1178.7266,1510.2487,1,BATTERY_ALL,battery,CHARGE,300.0,991.99485373588,691.99485373588,0.7084292674944471,0.9918563697260513,0
2026-01-12 09:15:00,ZONE_A,2,0.9707337,0.8415818,2688.9753,727.4129,451.3136,1178.7266,1510.2487,2,RENEWABLE_ALL,renewable,CURTAIL,691.99485373588,991.99485373588,691.99485373588,0.7084292674944471,0.9918563697260513,0
2026-01-12 09:30:00,ZONE_A,2,0.9881684,0.93153965,2708.9316,799.63403,561.8279,1361.4619,1347.4697,1,BATTERY_ALL,battery,CHARGE,300.0,1268.2557418143351,968.2557418143351,0.732575915517411,1.0949347005604952,0
2026-01-12 09:30:00,ZONE_A,2,0.9881684,0.93153965,2708.9316,799.63403,561.8279,1361.4619,1347.4697,2,RENEWABLE_ALL,renewable,CURTAIL,968.2557418143351,1268.2557418143351,968.2557418143351,0.732575915517411,1.0949347005604952,0
2026-01-12 09:45:00,ZONE_A,2,0.9877823,0.9228217,2697.6226,807.76715,568.977,1376.7441,1320.8785000000005,1,BATTERY_ALL,battery,CHARGE,300.0,1270.4893308269698,970.4893308269698,0.7214144281725169,1.0844113815390555,0
2026-01-12 09:45:00,ZONE_A,2,0.9877823,0.9228217,2697.6226,807.76715,568.977,1376.7441,1320.8785000000005,2,RENEWABLE_ALL,renewable,CURTAIL,970.4893308269698,1270.4893308269698,970.4893308269698,0.7214144281725169,1.0844113815390555,0
2026-01-12 10:00:00,ZONE_A,2,0.9820634,0.8973279,2705.3801,815.2644,563.988,1379.2524,1326.1276999999998,1,BATTERY_ALL,battery,CHARGE,300.0,1237.64165966196,937.6416596619599,0.7387743889734073,1.0923862929495014,0
2026-01-12 10:00:00,ZONE_A,2,0.9820634,0.8973279,2705.3801,815.2644,563.988,1379.2524,1326.1276999999998,2,RENEWABLE_ALL,renewable,CURTAIL,937.6416596619599,1237.64165966196,937.6416596619599,0.7387743889734073,1.0923862929495014,0
2026-01-12 10:15:00,ZONE_A,2,0.97801185,0.86982554,2677.2275,820.4136,472.98035,1293.3939,1383.8336,1,BATTERY_ALL,battery,CHARGE,300.0,1125.027047500206,825.027047500206,0.71234349261172,1.033779792999923,0
2026-01-12 10:15:00,ZONE_A,2,0.97801185,0.86982554,2677.2275,820.4136,472.98035,1293.3939,1383.8336,2,RENEWABLE_ALL,renewable,CURTAIL,825.027047500206,1125.027047500206,825.027047500206,0.71234349261172,1.033779792999923,0
2026-01-12 10:30:00,ZONE_A,2,0.8533539,0.9707117,2775.9595,728.74615,401.85468,1130.6008,1645.3587,1,BATTERY_ALL,battery,CHARGE,300.0,1097.48742458936,797.48742458936,0.7495667719162343,1.0631346086857434,0
2026-01-12 10:30:00,ZONE_A,2,0.8533539,0.9707117,2775.9595,728.74615,401.85468,1130.6008,1645.3587,2,RENEWABLE_ALL,renewable,CURTAIL,797.48742458936,1097.48742458936,797.48742458936,0.7495667719162343,1.0631346086857434,0
2026-01-12 10:45:00,ZONE_A,1,0.7557768,0.96554416,2682.7869,755.2432,402.7357,1157.9789,1524.808,1,BATTERY_ALL,battery,CHARGE,300.0,1118.079764298224,818.0797642982241,0.6952466963162918,1.0146980586910461,0
2026-01-12 10:45:00,ZONE_A,1,0.7557768,0.96554416,2682.7869,755.2432,402.7357,1157.9789,1524.808,2,RENEWABLE_ALL,renewable,CURTAIL,818.0797642982241,1118.079764298224,818.0797642982241,0.6952466963162918,1.0146980586910461,0
2026-01-12 11:00:00,ZONE_A,2,0.945356,0.91077346,2727.6765,755.77386,518.7623,1274.5361,1453.1404,1,BATTERY_ALL,battery,CHARGE,300.0,1160.813653691906,860.813653691906,0.7268054601605619,1.0584665053421696,0
2026-01-12 11:00:00,ZONE_A,2,0.945356,0.91077346,2727.6765,755.77386,518.7623,1274.5361,1453.1404,2,RENEWABLE_ALL,renewable,CURTAIL,860.813653691906,1160.813653691906,860.813653691906,0.7268054601605619,1.0584665053421696,0
2026-01-12 11:15:00,ZONE_A,2,0.855343,0.9405201,2690.703,735.62463,507.1488,1242.7734,1447.9296,1,BATTERY_ALL,battery,CHARGE,300.0,1168.85336244534,868.85336244534,0.6977159504151439,1.0316740551319168,0
2026-01-12 11:15:00,ZONE_A,2,0.855343,0.9405201,2690.703,735.62463,507.1488,1242.7734,1447.9296,2,RENEWABLE_ALL,renewable,CURTAIL,868.85336244534,1168.85336244534,868.85336244534,0.6977159504151439,1.0316740551319168,0
2026-01-12 11:30:00,ZONE_A,2,0.938058,0.8168494,2725.0715,685.0452,450.70926,1135.7545,1589.317,1,BATTERY_ALL,battery,CHARGE,300.0,927.7403818723,627.7403818723,0.7215760279355448,0.9866447095289282,0
2026-01-12 11:30:00,ZONE_A,2,0.938058,0.8168494,2725.0715,685.0452,450.70926,1135.7545,1589.317,2,RENEWABLE_ALL,renewable,CURTAIL,627.7403818723,927.7403818723,627.7403818723,0.7215760279355448,0.9866447095289282,0
2026-01-12 11:45:00,ZONE_A,1,0.4981421,0.959983,2692.432,727.1198,376.4513,1103.571,1588.861,1,BATTERY_ALL,battery,CHARGE,300.0,1059.409399293,759.409399293,0.7025508725968154,1.0052392733880398,0
2026-01-12 11:45:00,ZONE_A,1,0.4981421,0.959983,2692.432,727.1198,376.4513,1103.571,1588.861,2,RENEWABLE_ALL,renewable,CURTAIL,759.409399293,1059.409399293,759.409399293,0.7025508725968154,1.0052392733880398,0
2026-01-12 12:00:00,ZONE_A,2,0.56478107,0.9060557,2702.8916,739.1252,408.18692,1147.3121,1555.5794999999998,1,BATTERY_ALL,battery,CHARGE,300.0,1039.52866788397,739.52866788397,0.6982167259382223,0.995224917849381,0
2026-01-12 12:00:00,ZONE_A,2,0.56478107,0.9060557,2702.8916,739.1252,408.18692,1147.3121,1555.5794999999998,2,RENEWABLE_ALL,renewable,CURTAIL,739.52866788397,1039.52866788397,739.52866788397,0.6982167259382223,0.995224917849381,0
2026-01-12 12:15:00,ZONE_A,2,0.966594,0.91445315,2787.5217,767.28925,458.73083,1226.02,1561.5016999999998,1,BATTERY_ALL,battery,CHARGE,300.0,1121.1378509630001,821.1378509630001,0.7470022887875322,1.0673273901223574,0
2026-01-12 12:15:00,ZONE_A,2,0.966594,0.91445315,2787.5217,767.28925,458.73083,1226.02,1561.5016999999998,2,RENEWABLE_ALL,renewable,CURTAIL,821.1378509630001,1121.1378509630001,821.1378509630001,0.7470022887875322,1.0673273901223574,0
2026-01-12 12:30:00,ZONE_A,2,0.97389764,0.85296917,2695.5017,714.2602,501.22992,1215.4901,1480.0115999999998,1,BATTERY_ALL,battery,CHARGE,300.0,1036.7755817402171,736.7755817402171,0.7032191231404049,0.999440718987247,0
2026-01-12 12:30:00,ZONE_A,2,0.97389764,0.85296917,2695.5017,714.2602,501.22992,1215.4901,1480.0115999999998,2,RENEWABLE_ALL,renewable,CURTAIL,736.7755817402171,1036.7755817402171,736.7755817402171,0.7032191231404049,0.999440718987247,0
2026-01-12 12:45:00,ZONE_A,2,0.5362861,0.91218716,2693.0562,718.8583,408.3637,1127.2219,1565.8343,1,BATTERY_ALL,battery,CHARGE,300.0,1028.237343650804,728.237343650804,0.7084951569146145,1.0022772560882303,0
2026-01-12 12:45:00,ZONE_A,2,0.5362861,0.91218716,2693.0562,718.8583,408.3637,1127.2219,1565.8343,2,RENEWABLE_ALL,renewable,CURTAIL,728.237343650804,1028.237343650804,728.237343650804,0.7084951569146145,1.0022772560882303,0
2026-01-12 13:00:00,ZONE_A,1,0.5405405,0.91459733,2687.8948,701.7596,333.4517,1035.2113,1652.6835,1,BATTERY_ALL,battery,CHARGE,300.0,946.801490965829,646.801490965829,0.7041667387364481,0.9746814513373581,0
2026-01-12 13:00:00,ZONE_A,1,0.5405405,0.91459733,2687.8948,701.7596,333.4517,1035.2113,1652.6835,2,RENEWABLE_ALL,renewable,CURTAIL,646.801490965829,946.801490965829,646.801490965829,0.7041667387364481,0.9746814513373581,0
2026-01-12 13:15:00,ZONE_A,1,0.7855185,0.92737156,2685.295,717.90814,359.97006,1077.8782,1607.4168,1,BATTERY_ALL,battery,CHARGE,300.0,999.593587823992,699.593587823992,0.6966771377218318,0.9822753068004005,0
2026-01-12 13:15:00,ZONE_A,1,0.7855185,0.92737156,2685.295,717.90814,359.97006,1077.8782,1607.4168,2,RENEWABLE_ALL,renewable,CURTAIL,699.593587823992,999.593587823992,699.593587823992,0.6966771377218318,0.9822753068004005,0
2026-01-12 13:30:00,ZONE_A,1,0.85770446,0.95766807,2685.1545,725.0213,318.7864,1043.8077,1641.3468,1,BATTERY_ALL,battery,CHARGE,300.0,999.621305510139,699.621305510139,0.6987784815725923,0.98438456982355,0
2026-01-12 13:30:00,ZONE_A,1,0.85770446,0.95766807,2685.1545,725.0213,318.7864,1043.8077,1641.3468,2,RENEWABLE_ALL,renewable,CURTAIL,699.621305510139,999.621305510139,699.621305510139,0.6987784815725923,0.98438456982355,0
2026-01-12 13:45:00,ZONE_A,2,0.58610594,0.9005011,2696.7214,646.4388,354.4061,1000.84485,1695.87655,1,BATTERY_ALL,battery,CHARGE,300.0,901.261888354335,601.261888354335,0.7054017595023893,0.9629051570584153,0
2026-01-12 13:45:00,ZONE_A,2,0.58610594,0.9005011,2696.7214,646.4388,354.4061,1000.84485,1695.87655,2,RENEWABLE_ALL,renewable,CURTAIL,601.261888354335,901.261888354335,601.261888354335,0.7054017595023893,0.9629051570584153,0
2026-01-12 14:00:00,ZONE_A,2,0.95746636,0.88726735,2780.4844,644.36066,448.25674,1092.6174,1687.8669999999995,1,BATTERY_ALL,battery,CHARGE,300.0,969.4437450618901,669.4437450618901,0.7417140392513889,1.0186979673482128,0
2026-01-12 14:00:00,ZONE_A,2,0.95746636,0.88726735,2780.4844,644.36066,448.25674,1092.6174,1687.8669999999995,2,RENEWABLE_ALL,renewable,CURTAIL,669.4437450618901,969.4437450618901,669.4437450618901,0.7417140392513889,1.0186979673482128,0
2026-01-12 14:15:00,ZONE_A,1,0.91694015,0.9005011,2684.8972,607.82385,338.55463,946.3785,1738.5187,1,BATTERY_ALL,battery,CHARGE,300.0,852.2148802663501,552.2148802663501,0.6896977212091181,0.9331876878022458,0
2026-01-12 14:15:00,ZONE_A,1,0.91694015,0.9005011,2684.8972,607.82385,338.55463,946.3785,1738.5187,2,RENEWABLE_ALL,renewable,CURTAIL,552.2148802663501,852.2148802663501,552.2148802663501,0.6896977212091181,0.9331876878022458,0
2026-01-12 14:30:00,ZONE_A,1,0.8336547,0.9005011,2695.292,580.9332,409.8991,990.83234,1704.45966,1,BATTERY_ALL,battery,CHARGE,300.0,892.2456120855741,592.2456120855741,0.6901762060626945,0.9451035246477417,0
2026-01-12 14:30:00,ZONE_A,1,0.8336547,0.9005011,2695.292,580.9332,409.8991,990.83234,1704.45966,2,RENEWABLE_ALL,renewable,CURTAIL,592.2456120855741,892.2456120855741,592.2456120855741,0.6901762060626945,0.9451035246477417,0
2026-01-12 14:45:00,ZONE_A,1,0.93011165,0.8846389,2689.3547,576.8927,338.00598,914.8987,1774.456,1,BATTERY_ALL,battery,CHARGE,300.0,809.3549795794299,509.35497957942994,0.6870071381459218,0.9182514188107068,0
2026-01-12 14:45:00,ZONE_A,1,0.93011165,0.8846389,2689.3547,576.8927,338.00598,914.8987,1774.456,2,RENEWABLE_ALL,renewable,CURTAIL,509.35497957942994,809.3549795794299,509.35497957942994,0.6870071381459218,0.9182514188107068,0
2026-01-12 15:00:00,ZONE_A,2,0.55712426,0.86409587,2801.648,507.97647,246.54007,754.51654,2047.13146,1,BATTERY_ALL,battery,CHARGE,300.0,651.9746260606897,351.97462606068973,0.7014374286096974,0.8877158939196761,0
2026-01-12 15:00:00,ZONE_A,2,0.55712426,0.86409587,2801.648,507.97647,246.54007,754.51654,2047.13146,2,RENEWABLE_ALL,renewable,CURTAIL,351.97462606068973,651.9746260606897,351.97462606068973,0.7014374286096974,0.8877158939196761,0
2026-01-12 15:15:00,ZONE_A,2,0.649743,0.853252,2812.664,450.9827,340.8991,791.88184,2020.78216,1,BATTERY_ALL,battery,CHARGE,300.0,675.67476374368,375.67476374368005,0.697450372734649,0.8905003058549784,0
2026-01-12 15:15:00,ZONE_A,2,0.649743,0.853252,2812.664,450.9827,340.8991,791.88184,2020.78216,2,RENEWABLE_ALL,renewable,CURTAIL,375.67476374368005,675.67476374368,375.67476374368005,0.697450372734649,0.8905003058549784,0
2026-01-12 15:30:00,ZONE_A,1,0.9455412,0.71097994,2800.3147,387.81042,238.23997,626.0504,2174.2643,1,BATTERY_ALL,battery,CHARGE,300.0,445.10927582897597,145.10927582897597,0.6919938799077242,0.8191679591264753,0
2026-01-12 15:30:00,ZONE_A,1,0.9455412,0.71097994,2800.3147,387.81042,238.23997,626.0504,2174.2643,2,RENEWABLE_ALL,renewable,CURTAIL,145.10927582897597,445.10927582897597,145.10927582897597,0.6919938799077242,0.8191679591264753,0
2026-01-12 15:45:00,ZONE_A,1,0.9219368,0.71097994,2801.5837,362.74026,266.60764,629.3479,2172.2358000000004,1,BATTERY_ALL,battery,CHARGE,300.0,447.453732181126,147.453732181126,0.6887967598857053,0.8166406837744833,0
2026-01-12 15:45:00,ZONE_A,1,0.9219368,0.71097994,2801.5837,362.74026,266.60764,629.3479,2172.2358000000004,2,RENEWABLE_ALL,renewable,CURTAIL,147.453732181126,447.453732181126,147.453732181126,0.6887967598857053,0.8166406837744833,0
2026-01-12 16:00:00,ZONE_A,1,0.939581,0.70627093,2810.6248,301.96475,266.18884,568.15356,2242.47124,1,BATTERY_ALL,battery,CHARGE,300.0,401.27034320401077,101.27034320401077,0.6928466158950026,0.807495285765865,0
2026-01-12 16:00:00,ZONE_A,1,0.939581,0.70627093,2810.6248,301.96475,266.18884,568.15356,2242.47124,2,RENEWABLE_ALL,renewable,CURTAIL,101.27034320401077,401.27034320401077,101.27034320401077,0.6928466158950026,0.807495285765865,0
2026-01-12 16:15:00,ZONE_A,1,0.9595337,0.6096743,2808.6318,222.50784,289.27158,511.77942,2296.8523800000003,1,BATTERY_ALL,battery,CHARGE,300.0,312.018759642906,12.01875964290599,0.6893086569638224,0.7784568742993091,0
2026-01-12 16:15:00,ZONE_A,1,0.9595337,0.6096743,2808.6318,222.50784,289.27158,511.77942,2296.8523800000003,2,RENEWABLE_ALL,renewable,CURTAIL,12.01875964290599,312.018759642906,12.01875964290599,0.6893086569638224,0.7784568742993091,0
2026-01-13 07:30:00,ZONE_A,2,0.98652065,0.7767335,2878.3887,371.6667,38.91628,410.58298,2467.80572,1,BATTERY_ALL,battery,CHARGE,300.0,318.91355509583,18.91355509583002,0.7074807406372068,0.7985988995074489,0
2026-01-13 07:30:00,ZONE_A,2,0.98652065,0.7767335,2878.3887,371.6667,38.91628,410.58298,2467.80572,2,RENEWABLE_ALL,renewable,CURTAIL,18.91355509583002,318.91355509583,18.91355509583002,0.7074807406372068,0.7985988995074489,0
2026-01-13 07:45:00,ZONE_A,2,0.9727888,0.75897545,2930.0007,441.37866,63.442295,504.82095,2425.17975,1,BATTERY_ALL,battery,CHARGE,300.0,383.1467076956775,83.14670769567749,0.7192039485703213,0.8286744368165241,0
2026-01-13 07:45:00,ZONE_A,2,0.9727888,0.75897545,2930.0007,441.37866,63.442295,504.82095,2425.17975,2,RENEWABLE_ALL,renewable,CURTAIL,83.14670769567749,383.1467076956775,83.14670769567749,0.7192039485703213,0.8286744368165241,0
2026-01-13 08:00:00,ZONE_A,2,0.9644771,0.82207114,2928.959,509.1214,34.44003,543.5614,2385.3976,1,BATTERY_ALL,battery,CHARGE,300.0,446.84613975799607,146.84613975799607,0.7242561545627078,0.85192648060996,0
2026-01-13 08:00:00,ZONE_A,2,0.9644771,0.82207114,2928.959,509.1214,34.44003,543.5614,2385.3976,2,RENEWABLE_ALL,renewable,CURTAIL,146.84613975799607,446.84613975799607,146.84613975799607,0.7242561545627078,0.85192648060996,0
2026-01-13 08:15:00,ZONE_A,2,0.96364546,0.88958985,2973.6714,508.24268,18.89979,527.14246,2446.52894,1,BATTERY_ALL,battery,CHARGE,300.0,468.94058192003104,168.94058192003104,0.7242415761142231,0.8582245999718886,0
2026-01-13 08:15:00,ZONE_A,2,0.96364546,0.88958985,2973.6714,508.24268,18.89979,527.14246,2446.52894,2,RENEWABLE_ALL,renewable,CURTAIL,168.94058192003104,468.94058192003104,168.94058192003104,0.7242415761142231,0.8582245999718886,0
2026-01-13 08:30:00,ZONE_A,2,0.8527193,0.8833824,3003.8972,624.1839,16.705618,640.8895,2363.0077,1,BATTERY_ALL,battery,CHARGE,300.0,566.1505046448,266.1505046448,0.7370527440825706,0.8988100316769221,0
2026-01-13 08:30:00,ZONE_A,2,0.8527193,0.8833824,3003.8972,624.1839,16.705618,640.8895,2363.0077,2,RENEWABLE_ALL,renewable,CURTAIL,266.1505046448,566.1505046448,266.1505046448,0.7370527440825706,0.8988100316769221,0
2026-01-13 08:45:00,ZONE_A,2,0.55059105,0.8664723,3006.1638,657.2963,11.994872,669.2912,2336.8726,1,BATTERY_ALL,battery,CHARGE,300.0,579.92228543376,279.92228543375995,0.7533560348468882,0.9190481169894708,0
2026-01-13 08:45:00,ZONE_A,2,0.55059105,0.8664723,3006.1638,657.2963,11.994872,669.2912,2336.8726,2,RENEWABLE_ALL,renewable,CURTAIL,279.92228543375995,579.92228543376,279.92228543375995,0.7533560348468882,0.9190481169894708,0
2026-01-13 09:00:00,ZONE_A,1,0.9793088,0.8907158,2683.9792,718.13525,10.442307,728.5776,1955.4016,1,BATTERY_ALL,battery,CHARGE,300.0,648.9555798460799,348.9555798460799,0.6724021587243354,0.857818039352779,0
2026-01-13 09:00:00,ZONE_A,1,0.9793088,0.8907158,2683.9792,718.13525,10.442307,728.5776,1955.4016,2,RENEWABLE_ALL,renewable,CURTAIL,348.9555798460799,648.9555798460799,348.9555798460799,0.6724021587243354,0.857818039352779,0
2026-01-13 09:15:00,ZONE_A,1,0.9721931,0.91399693,2701.1008,751.792,15.406202,767.1982,1933.9026,1,BATTERY_ALL,battery,CHARGE,300.0,701.2167995015261,401.2167995015261,0.679589787672741,0.8799374453997104,0
2026-01-13 09:15:00,ZONE_A,1,0.9721931,0.91399693,2701.1008,751.792,15.406202,767.1982,1933.9026,2,RENEWABLE_ALL,renewable,CURTAIL,401.2167995015261,701.2167995015261,401.2167995015261,0.679589787672741,0.8799374453997104,0
2026-01-13 09:30:00,ZONE_A,1,0.9489611,0.94869953,2717.5198,798.1807,17.632479,815.81323,1901.70657,1,BATTERY_ALL,battery,CHARGE,300.0,773.9616278687819,473.9616278687819,0.6957016373219201,0.9168335318396893,0
2026-01-13 09:30:00,ZONE_A,1,0.9489611,0.94869953,2717.5198,798.1807,17.632479,815.81323,1901.70657,2,RENEWABLE_ALL,renewable,CURTAIL,473.9616278687819,773.9616278687819,473.9616278687819,0.6957016373219201,0.9168335318396893,0
2026-01-13 09:45:00,ZONE_A,1,0.9310057,0.8887028,2703.839,869.10944,13.309908,882.4194,1821.4196,1,BATTERY_ALL,battery,CHARGE,300.0,784.20859155432,484.20859155432004,0.6971516242673969,0.9212112227627787,0
2026-01-13 09:45:00,ZONE_A,1,0.9310057,0.8887028,2703.839,869.10944,13.309908,882.4194,1821.4196,2,RENEWABLE_ALL,renewable,CURTAIL,484.20859155432004,784.20859155432,484.20859155432004,0.6971516242673969,0.9212112227627787,0
2026-01-13 10:00:00,ZONE_A,1,0.97571075,0.9562239,2685.6138,911.77637,13.980841,925.7572,1759.8566,1,BATTERY_ALL,battery,CHARGE,300.0,885.2311602370801,585.2311602370801,0.6919825750505586,0.9449057644617782,0
2026-01-13 10:00:00,ZONE_A,1,0.97571075,0.9562239,2685.6138,911.77637,13.980841,925.7572,1759.8566,2,RENEWABLE_ALL,renewable,CURTAIL,585.2311602370801,885.2311602370801,585.2311602370801,0.6919825750505586,0.9449057644617782,0
2026-01-13 10:15:00,ZONE_A,1,0.81430334,0.95599383,2713.4412,892.5815,25.195969,917.77747,1795.6637300000002,1,BATTERY_ALL,battery,CHARGE,300.0,877.3895986330101,577.3895986330101,0.6990189824811439,0.9497017257300988,0
2026-01-13 10:15:00,ZONE_A,1,0.81430334,0.95599383,2713.4412,892.5815,25.195969,917.77747,1795.6637300000002,2,RENEWABLE_ALL,renewable,CURTAIL,577.3895986330101,877.3895986330101,577.3895986330101,0.6990189824811439,0.9497017257300988,0
2026-01-13 10:30:00,ZONE_A,1,0.9407566,0.938779,2717.283,814.4369,25.647104,840.084,1877.199,1,BATTERY_ALL,battery,CHARGE,300.0,788.653217436,488.653217436,0.688642961047137,0.9139724524836257,0
2026-01-13 10:30:00,ZONE_A,1,0.9407566,0.938779,2717.283,814.4369,25.647104,840.084,1877.199,2,RENEWABLE_ALL,renewable,CURTAIL,488.653217436,788.653217436,488.653217436,0.688642961047137,0.9139724524836257,0
2026-01-13 10:45:00,ZONE_A,2,0.9164243,0.94160527,2761.5261,848.6917,11.975513,860.66724,1900.85886,1,BATTERY_ALL,battery,CHARGE,300.0,810.4088089003549,510.40880890035487,0.7137094800318989,0.9452548547679877,0
2026-01-13 10:45:00,ZONE_A,2,0.9164243,0.94160527,2761.5261,848.6917,11.975513,860.66724,1900.85886,2,RENEWABLE_ALL,renewable,CURTAIL,510.40880890035487,810.4088089003549,510.40880890035487,0.7137094800318989,0.9452548547679877,0
2026-01-13 11:00:00,ZONE_A,1,0.9677632,0.96428186,2700.6997,788.38354,19.0684,807.45197,1893.24773,1,BATTERY_ALL,battery,CHARGE,300.0,778.6112874922642,478.6112874922642,0.6851305402796098,0.9075909088567755,0
2026-01-13 11:00:00,ZONE_A,1,0.9677632,0.96428186,2700.6997,788.38354,19.0684,807.45197,1893.24773,2,RENEWABLE_ALL,renewable,CURTAIL,478.6112874922642,778.6112874922642,478.6112874922642,0.6851305402796098,0.9075909088567755,0
2026-01-13 11:15:00,ZONE_A,1,0.9200031,0.93392867,2716.611,801.94543,40.432102,842.37756,1874.23344,1,BATTERY_ALL,battery,CHARGE,300.0,786.7205542486453,486.72055424864527,0.6862335566932481,0.9110108586539623,0
2026-01-13 11:15:00,ZONE_A,1,0.9200031,0.93392867,2716.611,801.94543,40.432102,842.37756,1874.23344,2,RENEWABLE_ALL,renewable,CURTAIL,486.72055424864527,786.7205542486453,486.72055424864527,0.6862335566932481,0.9110108586539623,0
2026-01-13 11:30:00,ZONE_A,1,0.9777998,0.9610873,2692.1306,773.5713,25.560339,799.13165,1892.99895,1,BATTERY_ALL,battery,CHARGE,300.0,768.035279843045,468.03527984304503,0.679755208460349,0.8991938605488575,0
2026-01-13 11:30:00,ZONE_A,1,0.9777998,0.9610873,2692.1306,773.5713,25.560339,799.13165,1892.99895,2,RENEWABLE_ALL,renewable,CURTAIL,468.03527984304503,768.035279843045,468.03527984304503,0.679755208460349,0.8991938605488575,0
2026-01-13 11:45:00,ZONE_A,1,0.96255994,0.94448733,2715.9614,791.5461,11.602799,803.14886,1912.81254,1,BATTERY_ALL,battery,CHARGE,300.0,758.5639223739438,458.5639223739438,0.688840132301091,0.9055726823078262,0
2026-01-13 11:45:00,ZONE_A,1,0.96255994,0.94448733,2715.9614,791.5461,11.602799,803.14886,1912.81254,2,RENEWABLE_ALL,renewable,CURTAIL,458.5639223739438,758.5639223739438,458.5639223739438,0.688840132301091,0.9055726823078262,0
2026-01-13 12:00:00,ZONE_A,1,0.98199826,0.95231074,2692.3616,755.59894,8.179898,763.7788,1928.5828,1,BATTERY_ALL,battery,CHARGE,300.0,727.354754224312,427.35475422431205,0.6764952323614235,0.8843108770855183,0
2026-01-13 12:00:00,ZONE_A,1,0.98199826,0.95231074,2692.3616,755.59894,8.179898,763.7788,1928.5828,2,RENEWABLE_ALL,renewable,CURTAIL,427.35475422431205,727.354754224312,427.35475422431205,0.6764952323614235,0.8843108770855183,0
2026-01-13 12:15:00,ZONE_A,1,0.9885147,0.9411877,2675.5842,757.02734,11.558518,768.5859,1906.9983,1,BATTERY_ALL,battery,CHARGE,300.0,723.38359547343,423.38359547343,0.6729216156927549,0.8796026436295875,0
2026-01-13 12:15:00,ZONE_A,1,0.9885147,0.9411877,2675.5842,757.02734,11.558518,768.5859,1906.9983,2,RENEWABLE_ALL,renewable,CURTAIL,423.38359547343,723.38359547343,423.38359547343,0.6729216156927549,0.8796026436295875,0
2026-01-13 12:30:00,ZONE_A,1,0.98414534,0.9610873,2691.0784,793.0453,7.5011964,800.5465,1890.5319,1,BATTERY_ALL,battery,CHARGE,300.0,769.3950742094501,469.39507420945006,0.6798715979176537,0.8996987626639315,0
2026-01-13 12:30:00,ZONE_A,1,0.98414534,0.9610873,2691.0784,793.0453,7.5011964,800.5465,1890.5319,2,RENEWABLE_ALL,renewable,CURTAIL,469.39507420945006,769.3950742094501,469.39507420945006,0.6798715979176537,0.8996987626639315,0
2026-01-13 12:45:00,ZONE_A,1,0.9822645,0.90782404,2701.6765,749.59906,6.2606344,755.8597,1945.8168,1,BATTERY_ALL,battery,CHARGE,300.0,686.187606527188,386.187606527188,0.6758629760701798,0.8719165785651642,0
2026-01-13 12:45:00,ZONE_A,1,0.9822645,0.90782404,2701.6765,749.59906,6.2606344,755.8597,1945.8168,2,RENEWABLE_ALL,renewable,CURTAIL,386.187606527188,686.187606527188,386.187606527188,0.6758629760701798,0.8719165785651642,0
2026-01-13 13:00:00,ZONE_A,1,0.9867546,0.94160867,2697.311,736.4748,5.515337,741.9901,1955.3209,1,BATTERY_ALL,battery,CHARGE,300.0,698.664311214167,398.664311214167,0.6782662029780252,0.8778845782276936,0
2026-01-13 13:00:00,ZONE_A,1,0.9867546,0.94160867,2697.311,736.4748,5.515337,741.9901,1955.3209,2,RENEWABLE_ALL,renewable,CURTAIL,398.664311214167,698.664311214167,398.664311214167,0.6782662029780252,0.8778845782276936,0
2026-01-13 13:15:00,ZONE_A,1,0.9836991,0.9224065,2702.6675,673.7876,1.7600639,675.54767,2027.11983,1,BATTERY_ALL,battery,CHARGE,300.0,623.129561867855,323.12956186785505,0.6954102409620418,0.8734472591828971,0
2026-01-13 13:15:00,ZONE_A,1,0.9836991,0.9224065,2702.6675,673.7876,1.7600639,675.54767,2027.11983,2,RENEWABLE_ALL,renewable,CURTAIL,323.12956186785505,623.129561867855,323.12956186785505,0.6954102409620418,0.8734472591828971,0
2026-01-13 13:30:00,ZONE_A,1,0.9874249,0.9254613,2686.555,703.6213,5.006315,708.62756,1977.92744,1,BATTERY_ALL,battery,CHARGE,300.0,655.8073828934281,355.8073828934281,0.670188723357747,0.8575622619126054,0
2026-01-13 13:30:00,ZONE_A,1,0.9874249,0.9254613,2686.555,703.6213,5.006315,708.62756,1977.92744,2,RENEWABLE_ALL,renewable,CURTAIL,355.8073828934281,655.8073828934281,355.8073828934281,0.670188723357747,0.8575622619126054,0
2026-01-13 13:45:00,ZONE_A,1,0.980911,0.9291105,2691.3054,674.10443,5.585693,679.6901,2011.6153,1,BATTERY_ALL,battery,CHARGE,300.0,631.50720865605,331.50720865605,0.6678315412151,0.8482621728163349,0
2026-01-13 13:45:00,ZONE_A,1,0.980911,0.9291105,2691.3054,674.10443,5.585693,679.6901,2011.6153,2,RENEWABLE_ALL,renewable,CURTAIL,331.50720865605,631.50720865605,331.50720865605,0.6678315412151,0.8482621728163349,0
2026-01-13 14:00:00,ZONE_A,1,0.9601078,0.9368644,2688.2046,576.80396,0.0,576.80396,2111.40064,1,BATTERY_ALL,battery,CHARGE,300.0,540.387095903024,240.38709590302403,0.6522737191468515,0.8066700327418895,0
2026-01-13 14:00:00,ZONE_A,1,0.9601078,0.9368644,2688.2046,576.80396,0.0,576.80396,2111.40064,2,RENEWABLE_ALL,renewable,CURTAIL,240.38709590302403,540.387095903024,240.38709590302403,0.6522737191468515,0.8066700327418895,0
2026-01-13 14:15:00,ZONE_A,0,0.7642889,0.9074199,2678.4805,504.7403,6.0166135,510.7569,2167.7236000000003,1,BATTERY_ALL,battery,CHARGE,300.0,463.47097512230994,163.47097512230994,0.6423008944398002,0.7747211734809241,0
2026-01-13 14:15:00,ZONE_A,0,0.7642889,0.9074199,2678.4805,504.7403,6.0166135,510.7569,2167.7236000000003,2,RENEWABLE_ALL,renewable,CURTAIL,163.47097512230994,463.47097512230994,163.47097512230994,0.6423008944398002,0.7747211734809241,0
2026-01-13 14:30:00,ZONE_A,0,0.6303572,0.79055417,2688.6196,470.6264,0.0,470.6264,2217.9932,1,BATTERY_ALL,battery,CHARGE,300.0,372.055663032088,72.05566303208798,0.6435932194701555,0.7498948378016339,0
2026-01-13 14:30:00,ZONE_A,0,0.6303572,0.79055417,2688.6196,470.6264,0.0,470.6264,2217.9932,2,RENEWABLE_ALL,renewable,CURTAIL,72.05566303208798,372.055663032088,72.05566303208798,0.6435932194701555,0.7498948378016339,0
2026-01-13 14:45:00,ZONE_A,0,0.65884143,0.9317726,2686.6157,386.24634,2.455555,388.7019,2297.9138,1,BATTERY_ALL,battery,CHARGE,300.0,362.18177998794,62.18177998793999,0.6524951319501086,0.7559756408296215,0
2026-01-13 14:45:00,ZONE_A,0,0.65884143,0.9317726,2686.6157,386.24634,2.455555,388.7019,2297.9138,2,RENEWABLE_ALL,renewable,CURTAIL,62.18177998793999,362.18177998794,62.18177998793999,0.6524951319501086,0.7559756408296215,0
2026-01-13 15:00:00,ZONE_A,1,0.98026925,0.8840471,2792.8933,364.43716,0.0,364.43716,2428.45614,1,BATTERY_ALL,battery,CHARGE,300.0,322.179614430236,22.179614430235972,0.6866123324840355,0.7786636511573979,0
2026-01-13 15:00:00,ZONE_A,1,0.98026925,0.8840471,2792.8933,364.43716,0.0,364.43716,2428.45614,2,RENEWABLE_ALL,renewable,CURTAIL,22.179614430235972,322.179614430236,22.179614430235972,0.6866123324840355,0.7786636511573979,0
2026-01-13 15:15:00,ZONE_A,1,0.9859023,0.8167752,2805.3623,315.4306,1.0522957,316.4829,2488.8794,1,BATTERY_ALL,battery,CHARGE,258.49538394408,258.49538394408,0.0,0.6877732286371683,0.7616290528276658,0
2026-01-14 06:45:00,ZONE_A,1,0.9945716,0.6691218,2744.1602,99.34411,361.2064,460.5505,2283.6097,1,BATTERY_ALL,battery,CHARGE,300.0,308.1643795509,8.16437955089998,0.6706882456159469,0.7587352114403564,0
2026-01-14 06:45:00,ZONE_A,1,0.9945716,0.6691218,2744.1602,99.34411,361.2064,460.5505,2283.6097,2,RENEWABLE_ALL,renewable,CURTAIL,8.16437955089998,308.1643795509,8.16437955089998,0.6706882456159469,0.7587352114403564,0
2026-01-14 07:30:00,ZONE_A,2,0.9746663,0.54691803,2857.0093,199.16872,284.22906,483.39777,2373.61153,1,BATTERY_ALL,battery,CHARGE,264.3789560747931,264.3789560747931,0.0,0.7010136323598818,0.7765504771806846,0
2026-01-14 08:00:00,ZONE_A,2,0.9760631,0.6566856,2925.9392,311.10696,329.1138,640.22076,2285.71844,1,BATTERY_ALL,battery,CHARGE,300.0,420.42375391305603,120.42375391305603,0.7134332110363966,0.8335542839554502,0
2026-01-14 08:00:00,ZONE_A,2,0.9760631,0.6566856,2925.9392,311.10696,329.1138,640.22076,2285.71844,2,RENEWABLE_ALL,renewable,CURTAIL,120.42375391305603,420.42375391305603,120.42375391305603,0.7134332110363966,0.8335542839554502,0
2026-01-14 08:15:00,ZONE_A,2,0.94053054,0.5994087,2969.6177,345.59753,296.71033,642.30786,2327.30984,1,BATTERY_ALL,battery,CHARGE,300.0,385.004919362382,85.004919362382,0.7300807354393585,0.840082141332102,0
2026-01-14 08:15:00,ZONE_A,2,0.94053054,0.5994087,2969.6177,345.59753,296.71033,642.30786,2327.30984,2,RENEWABLE_ALL,renewable,CURTAIL,85.004919362382,385.004919362382,85.004919362382,0.7300807354393585,0.840082141332102,0
2026-01-14 08:30:00,ZONE_A,2,0.80469614,0.5170974,3018.605,377.47516,228.24628,605.72144,2412.88356,1,BATTERY_ALL,battery,CHARGE,300.0,313.21698174825605,13.216981748256046,0.7381206950119831,0.8276112615250837,0
2026-01-14 08:30:00,ZONE_A,2,0.80469614,0.5170974,3018.605,377.47516,228.24628,605.72144,2412.88356,2,RENEWABLE_ALL,renewable,CURTAIL,13.216981748256046,313.21698174825605,13.216981748256046,0.7381206950119831,0.8276112615250837,0
2026-01-14 08:45:00,ZONE_A,3,0.918509,0.5516715,3035.0928,382.2371,207.72943,589.96655,2445.12625,1,BATTERY_ALL,battery,CHARGE,300.0,325.46773158832497,25.467731588324966,0.7543698277172018,0.8473606085071955,0
2026-01-14 08:45:00,ZONE_A,3,0.918509,0.5516715,3035.0928,382.2371,207.72943,589.96655,2445.12625,2,RENEWABLE_ALL,renewable,CURTAIL,25.467731588324966,325.46773158832497,25.467731588324966,0.7543698277172018,0.8473606085071955,0
2026-01-14 09:00:00,ZONE_A,1,0.95645076,0.7710056,2709.5388,480.14795,215.34639,695.4943,2014.0445,1,BATTERY_ALL,battery,CHARGE,300.0,536.2300000680799,236.2300000680799,0.6698259660438021,0.8230345380264596,0
2026-01-14 09:00:00,ZONE_A,1,0.95645076,0.7710056,2709.5388,480.14795,215.34639,695.4943,2014.0445,2,RENEWABLE_ALL,renewable,CURTAIL,236.2300000680799,536.2300000680799,236.2300000680799,0.6698259660438021,0.8230345380264596,0
2026-01-14 09:15:00,ZONE_A,1,0.92272854,0.86606175,2718.6545,541.2942,253.62033,794.91455,1923.73995,1,BATTERY_ALL,battery,CHARGE,300.0,688.4450862734625,388.4450862734625,0.6793110601057277,0.8760096569125911,0
2026-01-14 09:15:00,ZONE_A,1,0.92272854,0.86606175,2718.6545,541.2942,253.62033,794.91455,1923.73995,2,RENEWABLE_ALL,renewable,CURTAIL,388.4450862734625,688.4450862734625,388.4450862734625,0.6793110601057277,0.8760096569125911,0
2026-01-14 09:30:00,ZONE_A,1,0.9468981,0.76152116,2705.6028,503.386,227.09235,730.47833,1975.12447,1,BATTERY_ALL,battery,CHARGE,300.0,556.2747052164628,256.27470521646285,0.6771935027390912,0.8361291334078419,0
2026-01-14 09:30:00,ZONE_A,1,0.9468981,0.76152116,2705.6028,503.386,227.09235,730.47833,1975.12447,2,RENEWABLE_ALL,renewable,CURTAIL,256.27470521646285,556.2747052164628,256.27470521646285,0.6771935027390912,0.8361291334078419,0
2026-01-14 09:45:00,ZONE_A,1,0.55190974,0.8340252,2792.302,511.122,187.0827,698.2047,2094.0973000000004,1,BATTERY_ALL,battery,CHARGE,300.0,582.32031455844,282.32031455844003,0.7237505405294911,0.8901277739378225,0
2026-01-14 09:45:00,ZONE_A,1,0.55190974,0.8340252,2792.302,511.122,187.0827,698.2047,2094.0973000000004,2,RENEWABLE_ALL,renewable,CURTAIL,282.32031455844003,582.32031455844,282.32031455844003,0.7237505405294911,0.8901277739378225,0
2026-01-14 10:00:00,ZONE_A,1,0.95604116,0.8798887,2701.1226,533.8238,213.51341,747.3372,1953.7854,1,BATTERY_ALL,battery,CHARGE,300.0,657.5735573696401,357.57355736964007,0.6746530134596029,0.8625311732770993,0
2026-01-14 10:00:00,ZONE_A,1,0.95604116,0.8798887,2701.1226,533.8238,213.51341,747.3372,1953.7854,2,RENEWABLE_ALL,renewable,CURTAIL,357.57355736964007,657.5735573696401,357.57355736964007,0.6746530134596029,0.8625311732770993,0
2026-01-14 10:15:00,ZONE_A,1,0.9462655,0.8093741,2716.0493,560.4837,187.2788,747.7625,1968.2868,1,BATTERY_ALL,battery,CHARGE,300.0,605.21960045125,305.21960045125,0.6869935423225235,0.8599134287049515,0
2026-01-14 10:15:00,ZONE_A,1,0.9462655,0.8093741,2716.0493,560.4837,187.2788,747.7625,1968.2868,2,RENEWABLE_ALL,renewable,CURTAIL,305.21960045125,605.21960045125,305.21960045125,0.6869935423225235,0.8599134287049515,0
2026-01-14 10:30:00,ZONE_A,1,0.95561236,0.9175209,2702.8337,605.8481,205.66267,811.51074,1891.32296,1,BATTERY_ALL,battery,CHARGE,300.0,744.5780645244661,444.5780645244661,0.6730042507920168,0.8857408413151721,0
2026-01-14 10:30:00,ZONE_A,1,0.95561236,0.9175209,2702.8337,605.8481,205.66267,811.51074,1891.32296,2,RENEWABLE_ALL,renewable,CURTAIL,444.5780645244661,744.5780645244661,444.5780645244661,0.6730042507920168,0.8857408413151721,0
2026-01-14 10:45:00,ZONE_A,1,0.9754556,0.89878565,2683.9902,621.08636,214.92319,836.0095,1847.9807,1,BATTERY_ALL,battery,CHARGE,300.0,751.393341863675,451.393341863675,0.672372682736935,0.8870564954751224,0
2026-01-14 10:45:00,ZONE_A,1,0.9754556,0.89878565,2683.9902,621.08636,214.92319,836.0095,1847.9807,2,RENEWABLE_ALL,renewable,CURTAIL,451.393341863675,751.393341863675,451.393341863675,0.672372682736935,0.8870564954751224,0
2026-01-14 11:00:00,ZONE_A,2,0.49948168,0.9024012,2730.4834,628.4952,232.4114,860.9066,1869.5768,1,BATTERY_ALL,battery,CHARGE,300.0,776.88314892792,476.88314892792005,0.6992094383321447,0.9211760529937963,0
2026-01-14 11:00:00,ZONE_A,2,0.49948168,0.9024012,2730.4834,628.4952,232.4114,860.9066,1869.5768,2,RENEWABLE_ALL,renewable,CURTAIL,476.88314892792005,776.88314892792,476.88314892792005,0.6992094383321447,0.9211760529937963,0
2026-01-14 11:15:00,ZONE_A,1,0.9492633,0.89878565,2695.014,619.6649,225.25778,844.9227,1850.0913,1,BATTERY_ALL,battery,CHARGE,300.0,759.404398119255,459.404398119255,0.6844793579590213,0.9014520438291403,0
2026-01-14 11:15:00,ZONE_A,1,0.9492633,0.89878565,2695.014,619.6649,225.25778,844.9227,1850.0913,2,RENEWABLE_ALL,renewable,CURTAIL,459.404398119255,759.404398119255,459.404398119255,0.6844793579590213,0.9014520438291403,0
2026-01-14 11:30:00,ZONE_A,1,0.9591922,0.87459666,2713.8108,571.5243,194.19844,765.7227,1948.0881,1,BATTERY_ALL,battery,CHARGE,300.0,669.698515906182,369.698515906182,0.6869903236666275,0.8783327573678322,0
2026-01-14 11:30:00,ZONE_A,1,0.9591922,0.87459666,2713.8108,571.5243,194.19844,765.7227,1948.0881,2,RENEWABLE_ALL,renewable,CURTAIL,369.698515906182,669.698515906182,369.698515906182,0.6869903236666275,0.8783327573678322,0
2026-01-14 11:45:00,ZONE_A,1,0.9689446,0.8631741,2693.2654,576.15564,112.88995,689.0456,2004.2198000000003,1,BATTERY_ALL,battery,CHARGE,300.0,594.7663156389601,294.7663156389601,0.6669944046585305,0.8369276382169119,0
2026-01-14 11:45:00,ZONE_A,1,0.9689446,0.8631741,2693.2654,576.15564,112.88995,689.0456,2004.2198000000003,2,RENEWABLE_ALL,renewable,CURTAIL,294.7663156389601,594.7663156389601,294.7663156389601,0.6669944046585305,0.8369276382169119,0
2026-01-14 12:00:00,ZONE_A,1,0.9750675,0.8701215,2699.7974,500.20206,120.47302,620.67505,2079.12235,1,BATTERY_ALL,battery,CHARGE,300.0,540.0627055185751,240.06270551857506,0.6564452869521104,0.8107489176132683,0
2026-01-14 12:00:00,ZONE_A,1,0.9750675,0.8701215,2699.7974,500.20206,120.47302,620.67505,2079.12235,2,RENEWABLE_ALL,renewable,CURTAIL,240.06270551857506,540.0627055185751,240.06270551857506,0.6564452869521104,0.8107489176132683,0
2026-01-14 12:15:00,ZONE_A,1,0.9695142,0.8701215,2696.4514,487.14297,193.91133,681.0543,2015.3971,1,BATTERY_ALL,battery,CHARGE,300.0,592.59998909745,292.59998909745,0.6730775904011932,0.8423918735370833,0
2026-01-14 12:15:00,ZONE_A,1,0.9695142,0.8701215,2696.4514,487.14297,193.91133,681.0543,2015.3971,2,RENEWABLE_ALL,renewable,CURTAIL,292.59998909745,592.59998909745,292.59998909745,0.6730775904011932,0.8423918735370833,0
2026-01-14 12:30:00,ZONE_A,1,0.9822932,0.8374505,2682.3364,505.07355,226.71577,731.7893,1950.5471,1,BATTERY_ALL,battery,CHARGE,300.0,612.83731517965,312.83731517965,0.6629772568583029,0.8380736331833132,0
2026-01-14 12:30:00,ZONE_A,1,0.9822932,0.8374505,2682.3364,505.07355,226.71577,731.7893,1950.5471,2,RENEWABLE_ALL,renewable,CURTAIL,312.83731517965,612.83731517965,312.83731517965,0.6629772568583029,0.8380736331833132,0
2026-01-14 12:45:00,ZONE_A,1,0.9755009,0.9143491,2683.8826,496.6078,347.53165,844.1394,1839.7432,1,BATTERY_ALL,battery,CHARGE,300.0,771.8381006645401,471.8381006645401,0.6798371278749634,0.9003623001556301,0
2026-01-14 12:45:00,ZONE_A,1,0.9755009,0.9143491,2683.8826,496.6078,347.53165,844.1394,1839.7432,2,RENEWABLE_ALL,renewable,CURTAIL,471.8381006645401,771.8381006645401,471.8381006645401,0.6798371278749634,0.9003623001556301,0
2026-01-14 13:00:00,ZONE_A,1,0.9485512,0.7198795,2696.2756,456.9289,305.81067,762.73956,1933.53604,1,BATTERY_ALL,battery,CHARGE,300.0,549.08057308302,249.08057308302,0.6835728138847534,0.8404529780793971,0
2026-01-14 13:00:00,ZONE_A,1,0.9485512,0.7198795,2696.2756,456.9289,305.81067,762.73956,1933.53604,2,RENEWABLE_ALL,renewable,CURTAIL,249.08057308302,549.08057308302,249.08057308302,0.6835728138847534,0.8404529780793971,0
2026-01-14 13:15:00,ZONE_A,1,0.98257715,0.6878847,2684.4343,453.56125,181.10828,634.66956,2049.76474,1,BATTERY_ALL,battery,CHARGE,300.0,436.57947987973205,136.57947987973205,0.6681406935616322,0.7928776881945334,0
2026-01-14 13:15:00,ZONE_A,1,0.98257715,0.6878847,2684.4343,453.56125,181.10828,634.66956,2049.76474,2,RENEWABLE_ALL,renewable,CURTAIL,136.57947987973205,436.57947987973205,136.57947987973205,0.6681406935616322,0.7928776881945334,0
2026-01-14 13:30:00,ZONE_A,1,0.9689831,0.7555204,2682.097,454.3167,133.79669,588.1134,2093.9836000000005,1,BATTERY_ALL,battery,CHARGE,300.0,444.33167121336,144.33167121335998,0.6528360233907297,0.7797879298283762,0
2026-01-14 13:30:00,ZONE_A,1,0.9689831,0.7555204,2682.097,454.3167,133.79669,588.1134,2093.9836000000005,2,RENEWABLE_ALL,renewable,CURTAIL,144.33167121335998,444.33167121336,144.33167121335998,0.6528360233907297,0.7797879298283762,0
2026-01-14 13:45:00,ZONE_A,1,0.976911,0.743581,2694.4268,440.64124,135.86424,576.5055,2117.9213,1,BATTERY_ALL,battery,CHARGE,300.0,428.6785361955,128.6785361955,0.666959234517411,0.7894388166701077,0
2026-01-14 13:45:00,ZONE_A,1,0.976911,0.743581,2694.4268,440.64124,135.86424,576.5055,2117.9213,2,RENEWABLE_ALL,renewable,CURTAIL,128.6785361955,428.6785361955,128.6785361955,0.666959234517411,0.7894388166701077,0
2026-01-14 14:00:00,ZONE_A,1,0.9489283,0.6719677,2687.725,382.44815,116.45491,498.90308,2188.82192,1,BATTERY_ALL,battery,CHARGE,300.0,335.24675519051596,35.246755190515955,0.6563270460057898,0.7521118335057874,0
2026-01-14 14:00:00,ZONE_A,1,0.9489283,0.6719677,2687.725,382.44815,116.45491,498.90308,2188.82192,2,RENEWABLE_ALL,renewable,CURTAIL,35.246755190515955,335.24675519051596,35.246755190515955,0.6563270460057898,0.7521118335057874,0
2026-01-14 14:15:00,ZONE_A,1,0.96467495,0.72312564,2675.1094,397.07773,170.20216,567.2799,2107.8295,1,BATTERY_ALL,battery,CHARGE,300.0,410.214640746636,110.21464074663601,0.6530180290352164,0.7702222124588582,0
2026-01-14 14:15:00,ZONE_A,1,0.96467495,0.72312564,2675.1094,397.07773,170.20216,567.2799,2107.8295,2,RENEWABLE_ALL,renewable,CURTAIL,110.21464074663601,410.214640746636,110.21464074663601,0.6530180290352164,0.7702222124588582,0
2026-01-14 14:30:00,ZONE_A,1,0.95938796,0.68583274,2676.368,351.68933,180.30937,531.9987,2144.3693,1,BATTERY_ALL,battery,CHARGE,300.0,364.862126097438,64.86212609743802,0.6508975459346119,0.7551438679770168,0
2026-01-14 14:30:00,ZONE_A,1,0.95938796,0.68583274,2676.368,351.68933,180.30937,531.9987,2144.3693,2,RENEWABLE_ALL,renewable,CURTAIL,64.86212609743802,364.862126097438,64.86212609743802,0.6508975459346119,0.7551438679770168,0
2026-01-14 14:45:00,ZONE_A,1,0.9649375,0.6482186,2690.638,336.16037,181.33125,517.49164,2173.14636,1,BATTERY_ALL,battery,CHARGE,300.0,335.44770639250396,35.44770639250396,0.6618363798238509,0.7576785819380598,0
2026-01-14 14:45:00,ZONE_A,1,0.9649375,0.6482186,2690.638,336.16037,181.33125,517.49164,2173.14636,2,RENEWABLE_ALL,renewable,CURTAIL,35.44770639250396,335.44770639250396,35.44770639250396,0.6618363798238509,0.7576785819380598,0
2026-01-14 15:00:00,ZONE_A,1,0.9826507,0.5329419,2783.4226,307.7069,171.60072,479.30762,2304.11498,1,BATTERY_ALL,battery,CHARGE,255.443113687278,255.443113687278,0.0,0.6786727763058003,0.7516565232859579,0
2026-01-14 21:15:00,ZONE_A,0,0.9927215,0.5615044,2528.3735,0.013756787,279.8613,279.87506,2248.4984400000003,1,BATTERY_ALL,battery,CHARGE,157.15107764026402,157.15107764026402,0.0,0.5994468038271199,0.6443471118474751,0
2026-01-15 08:00:00,ZONE_A,2,0.9777362,0.74440366,2935.05,351.34476,49.969414,401.31418,2533.7358200000003,1,BATTERY_ALL,battery,CHARGE,298.7397444018988,298.7397444018988,0.0,0.7221448697119077,0.8074990826683386,0
2026-01-15 08:15:00,ZONE_A,2,0.9697177,0.70282865,2963.0005,374.50558,47.597214,422.10278,2540.89772,1,BATTERY_ALL,battery,CHARGE,296.66592702864705,296.66592702864705,0.0,0.740028585329926,0.8247902790385212,0
2026-01-15 08:30:00,ZONE_A,3,0.7901142,0.75736773,3033.7808,429.42352,55.15366,484.57718,2549.20362,1,BATTERY_ALL,battery,CHARGE,300.0,367.0031188264014,67.00311882640142,0.78806212550297,0.8929201598105744,0
2026-01-15 08:30:00,ZONE_A,3,0.7901142,0.75736773,3033.7808,429.42352,55.15366,484.57718,2549.20362,2,RENEWABLE_ALL,renewable,CURTAIL,67.00311882640142,367.0031188264014,67.00311882640142,0.78806212550297,0.8929201598105744,0
2026-01-15 08:45:00,ZONE_A,2,0.54373777,0.7918719,3033.6987,441.0043,133.3188,574.3231,2459.3756,1,BATTERY_ALL,battery,CHARGE,300.0,454.7903244108899,154.79032441088992,0.7482657341201312,0.8782058273098504,0
2026-01-15 08:45:00,ZONE_A,2,0.54373777,0.7918719,3033.6987,441.0043,133.3188,574.3231,2459.3756,2,RENEWABLE_ALL,renewable,CURTAIL,154.79032441088992,454.7903244108899,154.79032441088992,0.7482657341201312,0.8782058273098504,0
2026-01-15 09:00:00,ZONE_A,1,0.95651895,0.7710056,2706.982,545.38824,139.9044,685.29266,2021.68934,1,BATTERY_ALL,battery,CHARGE,300.0,528.3644784988959,228.3644784988959,0.678768310017904,0.8297295901323266,0
2026-01-15 09:00:00,ZONE_A,1,0.95651895,0.7710056,2706.982,545.38824,139.9044,685.29266,2021.68934,2,RENEWABLE_ALL,renewable,CURTAIL,228.3644784988959,528.3644784988959,228.3644784988959,0.678768310017904,0.8297295901323266,0
2026-01-15 09:15:00,ZONE_A,1,0.9546963,0.89861715,2704.1367,593.707,184.2452,777.95215,1926.18455,1,BATTERY_ALL,battery,CHARGE,300.0,699.0811438693725,399.08114386937245,0.6714993779627517,0.8712368484080208,0
2026-01-15 09:15:00,ZONE_A,1,0.9546963,0.89861715,2704.1367,593.707,184.2452,777.95215,1926.18455,2,RENEWABLE_ALL,renewable,CURTAIL,399.08114386937245,699.0811438693725,399.08114386937245,0.6714993779627517,0.8712368484080208,0
2026-01-15 09:30:00,ZONE_A,2,0.5175542,0.92841834,2729.45,577.9773,217.96597,795.94324,1933.50676,1,BATTERY_ALL,battery,CHARGE,300.0,738.9683016150216,438.9683016150216,0.70124105649499,0.9123748579526308,0
2026-01-15 09:30:00,ZONE_A,2,0.5175542,0.92841834,2729.45,577.9773,217.96597,795.94324,1933.50676,2,RENEWABLE_ALL,renewable,CURTAIL,438.9683016150216,738.9683016150216,438.9683016150216,0.70124105649499,0.9123748579526308,0
2026-01-15 09:45:00,ZONE_A,2,0.87452054,0.92112297,2759.7466,684.87024,231.3447,916.21497,1843.53163,1,BATTERY_ALL,battery,CHARGE,300.0,843.9466543248609,543.9466543248609,0.7283716718747142,0.9694992883539687,0
2026-01-15 09:45:00,ZONE_A,2,0.87452054,0.92112297,2759.7466,684.87024,231.3447,916.21497,1843.53163,2,RENEWABLE_ALL,renewable,CURTAIL,543.9466543248609,843.9466543248609,543.9466543248609,0.7283716718747142,0.9694992883539687,0
2026-01-15 10:00:00,ZONE_A,1,0.9605928,0.8867974,2681.6843,681.7769,197.65134,879.4282,1802.2561,1,BATTERY_ALL,battery,CHARGE,300.0,779.87464124668,479.87464124667997,0.6752793974746182,0.8981007242387449,0
2026-01-15 10:00:00,ZONE_A,1,0.9605928,0.8867974,2681.6843,681.7769,197.65134,879.4282,1802.2561,2,RENEWABLE_ALL,renewable,CURTAIL,479.87464124667997,779.87464124668,479.87464124667997,0.6752793974746182,0.8981007242387449,0
2026-01-15 10:15:00,ZONE_A,1,0.9049672,0.9065932,2697.327,692.91895,189.81198,882.73096,1814.5960400000004,1,BATTERY_ALL,battery,CHARGE,300.0,800.277885765472,500.277885765472,0.6789740774759385,0.907624902676403,0
2026-01-15 10:15:00,ZONE_A,1,0.9049672,0.9065932,2697.327,692.91895,189.81198,882.73096,1814.5960400000004,2,RENEWABLE_ALL,renewable,CURTAIL,500.277885765472,800.277885765472,500.277885765472,0.6789740774759385,0.907624902676403,0
2026-01-15 10:30:00,ZONE_A,1,0.77650064,0.87843096,2697.365,708.1432,227.33246,935.47565,1761.88935,1,BATTERY_ALL,battery,CHARGE,300.0,821.750773286124,521.750773286124,0.7026182181364338,0.9374041541469115,0
2026-01-15 10:30:00,ZONE_A,1,0.77650064,0.87843096,2697.365,708.1432,227.33246,935.47565,1761.88935,2,RENEWABLE_ALL,renewable,CURTAIL,521.750773286124,821.750773286124,521.750773286124,0.7026182181364338,0.9374041541469115,0
2026-01-15 10:45:00,ZONE_A,1,0.7736148,0.9005011,2658.348,700.8337,301.65884,1002.49255,1655.85545,1,BATTERY_ALL,battery,CHARGE,300.0,902.745644016805,602.745644016805,0.6846168319886877,0.9425441598001919,0
2026-01-15 10:45:00,ZONE_A,1,0.7736148,0.9005011,2658.348,700.8337,301.65884,1002.49255,1655.85545,2,RENEWABLE_ALL,renewable,CURTAIL,602.745644016805,902.745644016805,602.745644016805,0.6846168319886877,0.9425441598001919,0
2026-01-15 11:00:00,ZONE_A,2,0.9552575,0.9150323,2735.585,750.017,312.854,1062.8711,1672.7139,1,BATTERY_ALL,battery,CHARGE,300.0,972.5613872365301,672.5613872365301,0.7362946369460758,1.0141693198693906,0
2026-01-15 11:00:00,ZONE_A,2,0.9552575,0.9150323,2735.585,750.017,312.854,1062.8711,1672.7139,2,RENEWABLE_ALL,renewable,CURTAIL,672.5613872365301,972.5613872365301,672.5613872365301,0.7362946369460758,1.0141693198693906,0
2026-01-15 11:15:00,ZONE_A,1,0.6020962,0.92723614,2698.43,757.26245,265.61752,1022.88,1675.5499999999995,1,BATTERY_ALL,battery,CHARGE,300.0,948.4513028832,648.4513028832,0.697498286974894,0.9684843743570765,0
2026-01-15 11:15:00,ZONE_A,1,0.6020962,0.92723614,2698.43,757.26245,265.61752,1022.88,1675.5499999999995,2,RENEWABLE_ALL,renewable,CURTAIL,648.4513028832,948.4513028832,648.4513028832,0.697498286974894,0.9684843743570765,0
2026-01-15 11:30:00,ZONE_A,1,0.90874857,0.92723614,2690.2195,759.7096,182.78722,942.4968,1747.7227000000005,1,BATTERY_ALL,battery,CHARGE,300.0,873.917094794352,573.917094794352,0.680608876611487,0.9302994759637888,0
2026-01-15 11:30:00,ZONE_A,1,0.90874857,0.92723614,2690.2195,759.7096,182.78722,942.4968,1747.7227000000005,2,RENEWABLE_ALL,renewable,CURTAIL,573.917094794352,873.917094794352,573.917094794352,0.680608876611487,0.9302994759637888,0
2026-01-15 11:45:00,ZONE_A,1,0.9377574,0.9150323,2686.619,743.59094,232.61748,976.20844,1710.4105600000005,1,BATTERY_ALL,battery,CHARGE,300.0,893.262254132612,593.262254132612,0.6919177925042047,0.9471355802084674,0
2026-01-15 11:45:00,ZONE_A,1,0.9377574,0.9150323,2686.619,743.59094,232.61748,976.20844,1710.4105600000005,2,RENEWABLE_ALL,renewable,CURTAIL,593.262254132612,893.262254132612,593.262254132612,0.6919177925042047,0.9471355802084674,0
2026-01-15 12:00:00,ZONE_A,1,0.9523491,0.9126678,2664.4358,764.6476,192.30846,956.95605,1707.4797500000002,1,BATTERY_ALL,battery,CHARGE,300.0,873.3829728501901,573.3829728501901,0.6851325999079244,0.9346705930971116,0
2026-01-15 12:00:00,ZONE_A,1,0.9523491,0.9126678,2664.4358,764.6476,192.30846,956.95605,1707.4797500000002,2,RENEWABLE_ALL,renewable,CURTAIL,573.3829728501901,873.3829728501901,573.3829728501901,0.6851325999079244,0.9346705930971116,0
2026-01-15 12:15:00,ZONE_A,1,0.9120727,0.92723614,2699.6636,782.4136,181.37436,963.78796,1735.8756399999995,1,BATTERY_ALL,battery,CHARGE,300.0,893.6590278088744,593.6590278088744,0.6888265170743053,0.944157668720906,0
2026-01-15 12:15:00,ZONE_A,1,0.9120727,0.92723614,2699.6636,782.4136,181.37436,963.78796,1735.8756399999995,2,RENEWABLE_ALL,renewable,CURTAIL,593.6590278088744,893.6590278088744,593.6590278088744,0.6888265170743053,0.944157668720906,0
2026-01-15 12:30:00,ZONE_A,2,0.93660665,0.94834846,2736.744,758.56696,206.53516,965.1021,1771.6419,1,BATTERY_ALL,battery,CHARGE,300.0,915.2530902777659,615.2530902777659,0.7124029429845143,0.9739038267397669,0
2026-01-15 12:30:00,ZONE_A,2,0.93660665,0.94834846,2736.744,758.56696,206.53516,965.1021,1771.6419,2,RENEWABLE_ALL,renewable,CURTAIL,615.2530902777659,915.2530902777659,615.2530902777659,0.7124029429845143,0.9739038267397669,0
2026-01-15 12:45:00,ZONE_A,1,0.9086197,0.9437069,2675.56,774.44556,256.46317,1030.9087,1644.6513,1,BATTERY_ALL,battery,CHARGE,300.0,972.87565346003,672.87565346003,0.6916000098622652,0.9695644831816579,0
2026-01-15 12:45:00,ZONE_A,1,0.9086197,0.9437069,2675.56,774.44556,256.46317,1030.9087,1644.6513,2,RENEWABLE_ALL,renewable,CURTAIL,672.87565346003,972.87565346003,672.87565346003,0.6916000098622652,0.9695644831816579,0
2026-01-15 13:00:00,ZONE_A,1,0.9785711,0.9405897,2677.1877,718.193,194.43796,912.631,1764.5567,1,BATTERY_ALL,battery,CHARGE,300.0,858.4113185007,558.4113185007,0.6947451321234999,0.9400055096169178,0
2026-01-15 13:00:00,ZONE_A,1,0.9785711,0.9405897,2677.1877,718.193,194.43796,912.631,1764.5567,2,RENEWABLE_ALL,renewable,CURTAIL,558.4113185007,858.4113185007,558.4113185007,0.6947451321234999,0.9400055096169178,0
2026-01-15 13:15:00,ZONE_A,1,0.97197276,0.9309125,2688.425,711.17664,201.87985,913.0565,1775.3685,1,BATTERY_ALL,battery,CHARGE,300.0,849.97570905625,549.97570905625,0.6943908159681458,0.9372410193360794,0
2026-01-15 13:15:00,ZONE_A,1,0.97197276,0.9309125,2688.425,711.17664,201.87985,913.0565,1775.3685,2,RENEWABLE_ALL,renewable,CURTAIL,549.97570905625,849.97570905625,549.97570905625,0.6943908159681458,0.9372410193360794,0
2026-01-15 13:30:00,ZONE_A,1,0.5646271,0.8948214,2708.3406,687.08984,224.78807,911.8779,1796.4627,1,BATTERY_ALL,battery,CHARGE,300.0,815.9678591070599,515.9678591070599,0.7078783308957646,0.9410120057369791,0
2026-01-15 13:30:00,ZONE_A,1,0.5646271,0.8948214,2708.3406,687.08984,224.78807,911.8779,1796.4627,2,RENEWABLE_ALL,renewable,CURTAIL,515.9678591070599,815.9678591070599,515.9678591070599,0.7078783308957646,0.9410120057369791,0
2026-01-15 13:45:00,ZONE_A,1,0.9686827,0.9309125,2687.2622,696.19525,211.08835,907.28357,1779.97863,1,BATTERY_ALL,battery,CHARGE,300.0,844.6016163576251,544.6016163576251,0.6873903078237769,0.9287050561370002,0
2026-01-15 13:45:00,ZONE_A,1,0.9686827,0.9309125,2687.2622,696.19525,211.08835,907.28357,1779.97863,2,RENEWABLE_ALL,renewable,CURTAIL,544.6016163576251,844.6016163576251,544.6016163576251,0.6873903078237769,0.9287050561370002,0
2026-01-15 14:00:00,ZONE_A,1,0.9410741,0.93593055,2696.9495,673.5353,216.5761,890.1114,1806.8381,1,BATTERY_ALL,battery,CHARGE,300.0,833.08245216327,533.08245216327,0.6891794144077118,0.9272029729483996,0
2026-01-15 14:00:00,ZONE_A,1,0.9410741,0.93593055,2696.9495,673.5353,216.5761,890.1114,1806.8381,2,RENEWABLE_ALL,renewable,CURTAIL,533.08245216327,833.08245216327,533.08245216327,0.6891794144077118,0.9272029729483996,0
2026-01-15 14:15:00,ZONE_A,1,0.97610986,0.9199543,2672.7314,617.3706,216.44756,833.8182,1838.9132,1,BATTERY_ALL,battery,CHARGE,300.0,767.07463850826,467.07463850826,0.6720735091891883,0.8912376923372585,0
2026-01-15 14:15:00,ZONE_A,1,0.97610986,0.9199543,2672.7314,617.3706,216.44756,833.8182,1838.9132,2,RENEWABLE_ALL,renewable,CURTAIL,467.07463850826,767.07463850826,467.07463850826,0.6720735091891883,0.8912376923372585,0
2026-01-15 14:30:00,ZONE_A,1,0.97822726,0.93087983,2675.358,529.9781,242.83057,772.80865,1902.54935,1,BATTERY_ALL,battery,CHARGE,300.0,719.3919847345294,419.3919847345294,0.6742312138424057,0.8797717816130269,0
2026-01-15 14:30:00,ZONE_A,1,0.97822726,0.93087983,2675.358,529.9781,242.83057,772.80865,1902.54935,2,RENEWABLE_ALL,renewable,CURTAIL,419.3919847345294,719.3919847345294,419.3919847345294,0.6742312138424057,0.8797717816130269,0
2026-01-15 14:45:00,ZONE_A,1,0.9737908,0.8779847,2683.0425,486.81696,261.32162,748.13855,1934.90395,1,BATTERY_ALL,battery,CHARGE,300.0,656.8542003801849,356.8542003801849,0.6763668262130826,0.8640394554934772,0
2026-01-15 14:45:00,ZONE_A,1,0.9737908,0.8779847,2683.0425,486.81696,261.32162,748.13855,1934.90395,2,RENEWABLE_ALL,renewable,CURTAIL,356.8542003801849,656.8542003801849,356.8542003801849,0.6763668262130826,0.8640394554934772,0
2026-01-15 15:00:00,ZONE_A,1,0.9012084,0.776204,2784.4348,464.59387,208.72903,673.3229,2111.1119,1,BATTERY_ALL,battery,CHARGE,300.0,522.6359282716,222.63592827160005,0.6925809704115583,0.8419055218267215,0
2026-01-15 15:00:00,ZONE_A,1,0.9012084,0.776204,2784.4348,464.59387,208.72903,673.3229,2111.1119,2,RENEWABLE_ALL,renewable,CURTAIL,222.63592827160005,522.6359282716,222.63592827160005,0.6925809704115583,0.8419055218267215,0
2026-01-15 15:15:00,ZONE_A,1,0.90917146,0.76610976,2788.5674,400.40308,267.08963,667.4927,2121.0747,1,BATTERY_ALL,battery,CHARGE,300.0,511.372672198752,211.372672198752,0.695962116378897,0.8420685945955154,0
2026-01-15 15:15:00,ZONE_A,1,0.90917146,0.76610976,2788.5674,400.40308,267.08963,667.4927,2121.0747,2,RENEWABLE_ALL,renewable,CURTAIL,211.372672198752,511.372672198752,211.372672198752,0.695962116378897,0.8420685945955154,0
2026-01-15 15:30:00,ZONE_A,1,0.9483265,0.75235116,2786.4924,338.70108,174.73372,513.4348,2273.0576,1,BATTERY_ALL,battery,CHARGE,300.0,386.283267364368,86.28326736436799,0.6731476470392377,0.7835142951964169,0
2026-01-15 15:30:00,ZONE_A,1,0.9483265,0.75235116,2786.4924,338.70108,174.73372,513.4348,2273.0576,2,RENEWABLE_ALL,renewable,CURTAIL,86.28326736436799,386.283267364368,86.28326736436799,0.6731476470392377,0.7835142951964169,0
2026-01-15 15:45:00,ZONE_A,1,0.9589365,0.7010921,2784.854,283.07507,252.24942,535.32446,2249.5295399999995,1,BATTERY_ALL,battery,CHARGE,300.0,375.311749842766,75.311749842766,0.6847890790865224,0.7920210079443649,0
2026-01-15 15:45:00,ZONE_A,1,0.9589365,0.7010921,2784.854,283.07507,252.24942,535.32446,2249.5295399999995,2,RENEWABLE_ALL,renewable,CURTAIL,75.311749842766,375.311749842766,75.311749842766,0.6847890790865224,0.7920210079443649,0
2026-01-16 07:45:00,ZONE_A,2,0.981713,0.8936402,2930.201,318.4708,27.313953,345.78476,2584.41624,1,BATTERY_ALL,battery,CHARGE,300.0,309.007162083352,9.007162083352,0.7316042570834433,0.8198920179466258,0
2026-01-16 07:45:00,ZONE_A,2,0.981713,0.8936402,2930.201,318.4708,27.313953,345.78476,2584.41624,2,RENEWABLE_ALL,renewable,CURTAIL,9.007162083352,309.007162083352,9.007162083352,0.7316042570834433,0.8198920179466258,0
2026-01-16 08:00:00,ZONE_A,2,0.97696805,0.57403386,2933.751,331.27127,22.371521,353.6428,2580.1082,1,BATTERY_ALL,battery,CHARGE,203.00294154520802,203.00294154520802,0.0,0.7229933188373993,0.7809941594604174,0
2026-01-16 08:15:00,ZONE_A,2,0.9277251,0.6554696,2985.2373,365.39148,17.332146,382.72363,2602.51367,1,BATTERY_ALL,battery,CHARGE,250.863704666648,250.863704666648,0.0,0.7380510765630212,0.8097264209918463,0
2026-01-16 08:30:00,ZONE_A,2,0.93109465,0.81881666,3024.0642,443.86252,15.627181,459.4897,2564.5745,1,BATTERY_ALL,battery,CHARGE,300.0,376.23782145840204,76.23782145840204,0.7418833265042569,0.8493798472812994,0
2026-01-16 08:30:00,ZONE_A,2,0.93109465,0.81881666,3024.0642,443.86252,15.627181,459.4897,2564.5745,2,RENEWABLE_ALL,renewable,CURTAIL,76.23782145840204,376.23782145840204,76.23782145840204,0.7418833265042569,0.8493798472812994,0
2026-01-16 08:45:00,ZONE_A,2,0.8949675,0.85640424,3028.299,477.2561,19.587,496.8431,2531.4559,1,BATTERY_ALL,battery,CHARGE,300.0,425.498537454744,125.498537454744,0.7488784013179648,0.8704494124722747,0
2026-01-16 08:45:00,ZONE_A,2,0.8949675,0.85640424,3028.299,477.2561,19.587,496.8431,2531.4559,2,RENEWABLE_ALL,renewable,CURTAIL,125.498537454744,425.498537454744,125.498537454744,0.7488784013179648,0.8704494124722747,0
2026-01-16 09:00:00,ZONE_A,1,0.963484,0.8631263,2727.1018,486.46835,32.719666,519.188,2207.9138,1,BATTERY_ALL,battery,CHARGE,300.0,448.1248174444,148.12481744439998,0.6660013801156287,0.7940370427048117,0
2026-01-16 09:00:00,ZONE_A,1,0.963484,0.8631263,2727.1018,486.46835,32.719666,519.188,2207.9138,2,RENEWABLE_ALL,renewable,CURTAIL,148.12481744439998,448.1248174444,148.12481744439998,0.6660013801156287,0.7940370427048117,0
2026-01-16 09:15:00,ZONE_A,1,0.96549684,0.87670314,2693.2292,515.9818,38.016148,553.998,2139.2312,1,BATTERY_ALL,battery,CHARGE,300.0,485.69178615372005,185.69178615372005,0.6564419081514676,0.7952109904394296,0
2026-01-16 09:15:00,ZONE_A,1,0.96549684,0.87670314,2693.2292,515.9818,38.016148,553.998,2139.2312,2,RENEWABLE_ALL,renewable,CURTAIL,185.69178615372005,485.69178615372005,185.69178615372005,0.6564419081514676,0.7952109904394296,0
2026-01-16 09:30:00,ZONE_A,1,0.8873756,0.8826603,2759.4705,584.81366,24.130926,608.9446,2150.5259,1,BATTERY_ALL,battery,CHARGE,300.0,537.49122331938,237.49122331937997,0.6981803231736916,0.8517492447170453,0
2026-01-16 09:30:00,ZONE_A,1,0.8873756,0.8826603,2759.4705,584.81366,24.130926,608.9446,2150.5259,2,RENEWABLE_ALL,renewable,CURTAIL,237.49122331937997,537.49122331938,237.49122331937997,0.6981803231736916,0.8517492447170453,0
2026-01-16 09:45:00,ZONE_A,1,0.9574856,0.93886,2706.8606,633.3544,17.625118,650.9795,2055.8811,1,BATTERY_ALL,battery,CHARGE,300.0,611.17861337,311.17861337,0.6714277101594416,0.846050171817669,0
2026-01-16 09:45:00,ZONE_A,1,0.9574856,0.93886,2706.8606,633.3544,17.625118,650.9795,2055.8811,2,RENEWABLE_ALL,renewable,CURTAIL,311.17861337,611.17861337,311.17861337,0.6714277101594416,0.846050171817669,0
2026-01-16 10:00:00,ZONE_A,1,0.9664659,0.9098841,2697.8765,633.74426,32.592117,666.33636,2031.54014,1,BATTERY_ALL,battery,CHARGE,300.0,606.288859215876,306.28885921587596,0.6649246306398124,0.8381500195058467,0
2026-01-16 10:00:00,ZONE_A,1,0.9664659,0.9098841,2697.8765,633.74426,32.592117,666.33636,2031.54014,2,RENEWABLE_ALL,renewable,CURTAIL,306.28885921587596,606.288859215876,306.28885921587596,0.6649246306398124,0.8381500195058467,0
2026-01-16 10:15:00,ZONE_A,1,0.98305917,0.9111673,2714.341,674.3675,30.419249,704.78674,2009.55426,1,BATTERY_ALL,battery,CHARGE,300.0,642.178630961602,342.17863096160204,0.6904689561896171,0.8739485655698463,0
2026-01-16 10:15:00,ZONE_A,1,0.98305917,0.9111673,2714.341,674.3675,30.419249,704.78674,2009.55426,2,RENEWABLE_ALL,renewable,CURTAIL,342.17863096160204,642.178630961602,342.17863096160204,0.6904689561896171,0.8739485655698463,0
2026-01-16 10:30:00,ZONE_A,1,0.961334,0.8957222,2678.2817,651.58435,42.335915,693.9203,1984.3614,1,BATTERY_ALL,battery,CHARGE,300.0,621.55981774066,321.55981774066004,0.6703869859354209,0.8479755058782881,0
2026-01-16 10:30:00,ZONE_A,1,0.961334,0.8957222,2678.2817,651.58435,42.335915,693.9203,1984.3614,2,RENEWABLE_ALL,renewable,CURTAIL,321.55981774066004,621.55981774066,321.55981774066004,0.6703869859354209,0.8479755058782881,0
2026-01-16 10:45:00,ZONE_A,1,0.98616064,0.9427937,2663.9924,733.02875,34.01994,767.0487,1896.9437,1,BATTERY_ALL,battery,CHARGE,300.0,723.16868195319,423.16868195319,0.6623847437365561,0.869004367780594,0
2026-01-16 10:45:00,ZONE_A,1,0.98616064,0.9427937,2663.9924,733.02875,34.01994,767.0487,1896.9437,2,RENEWABLE_ALL,renewable,CURTAIL,423.16868195319,723.16868195319,423.16868195319,0.6623847437365561,0.869004367780594,0
2026-01-16 11:00:00,ZONE_A,1,0.9677876,0.95045453,2704.5112,800.26666,22.178867,822.44556,1882.06564,1,BATTERY_ALL,battery,CHARGE,300.0,781.6971081803869,481.69710818038686,0.6750192948889258,0.8983613264641503,0
2026-01-16 11:00:00,ZONE_A,1,0.9677876,0.95045453,2704.5112,800.26666,22.178867,822.44556,1882.06564,2,RENEWABLE_ALL,renewable,CURTAIL,481.69710818038686,781.6971081803869,481.69710818038686,0.6750192948889258,0.8983613264641503,0
2026-01-16 11:15:00,ZONE_A,2,0.8763564,0.9094525,2752.7837,855.92126,15.64961,871.57086,1881.21284,1,BATTERY_ALL,battery,CHARGE,300.0,792.65229755415,492.65229755415,0.7065051116128142,0.9329771973599476,0
2026-01-16 11:15:00,ZONE_A,2,0.8763564,0.9094525,2752.7837,855.92126,15.64961,871.57086,1881.21284,2,RENEWABLE_ALL,renewable,CURTAIL,492.65229755415,792.65229755415,492.65229755415,0.7065051116128142,0.9329771973599476,0
2026-01-16 11:30:00,ZONE_A,1,0.971209,0.9370129,2682.527,845.04376,15.41203,860.4558,1822.0712,1,BATTERY_ALL,battery,CHARGE,300.0,806.25818447982,506.25818447982,0.6744900358474922,0.9048495178263194,0
2026-01-16 11:30:00,ZONE_A,1,0.971209,0.9370129,2682.527,845.04376,15.41203,860.4558,1822.0712,2,RENEWABLE_ALL,renewable,CURTAIL,506.25818447982,806.25818447982,506.25818447982,0.6744900358474922,0.9048495178263194,0
2026-01-16 11:45:00,ZONE_A,2,0.8346974,0.95090544,2785.1226,851.4546,3.2513504,854.70593,1930.41667,1,BATTERY_ALL,battery,CHARGE,300.0,812.7445184372592,512.7445184372592,0.7381112426616149,0.9703239629029202,0
2026-01-16 11:45:00,ZONE_A,2,0.8346974,0.95090544,2785.1226,851.4546,3.2513504,854.70593,1930.41667,2,RENEWABLE_ALL,renewable,CURTAIL,512.7445184372592,812.7445184372592,512.7445184372592,0.7381112426616149,0.9703239629029202,0
2026-01-16 12:00:00,ZONE_A,1,0.98892385,0.9271063,2677.5437,822.9241,6.112928,829.037,1848.5067,1,BATTERY_ALL,battery,CHARGE,300.0,768.6054256331,468.6054256331,0.6770159667741921,0.896617517630815,0
2026-01-16 12:00:00,ZONE_A,1,0.98892385,0.9271063,2677.5437,822.9241,6.112928,829.037,1848.5067,2,RENEWABLE_ALL,renewable,CURTAIL,468.6054256331,768.6054256331,468.6054256331,0.6770159667741921,0.896617517630815,0
2026-01-16 12:15:00,ZONE_A,1,0.958983,0.9600908,2691.0464,773.54517,7.4276466,780.97284,1910.0735600000005,1,BATTERY_ALL,battery,CHARGE,300.0,749.8048387338721,449.8048387338721,0.6712374078176014,0.8854673624714924,0
2026-01-16 12:15:00,ZONE_A,1,0.958983,0.9600908,2691.0464,773.54517,7.4276466,780.97284,1910.0735600000005,2,RENEWABLE_ALL,renewable,CURTAIL,449.8048387338721,749.8048387338721,449.8048387338721,0.6712374078176014,0.8854673624714924,0
2026-01-16 12:30:00,ZONE_A,2,0.83297,0.9538764,2777.592,737.69147,0.4708476,738.1623,2039.4297,1,BATTERY_ALL,battery,CHARGE,300.0,704.1155973397199,404.1155973397199,0.7043173723166686,0.9054932578889071,0
2026-01-16 12:30:00,ZONE_A,2,0.83297,0.9538764,2777.592,737.69147,0.4708476,738.1623,2039.4297,2,RENEWABLE_ALL,renewable,CURTAIL,404.1155973397199,704.1155973397199,404.1155973397199,0.7043173723166686,0.9054932578889071,0
2026-01-16 12:45:00,ZONE_A,2,0.72012424,0.88681424,2819.382,680.74457,0.0,680.74457,2138.63743,1,BATTERY_ALL,battery,CHARGE,300.0,603.6939784786767,303.69397847867674,0.7047588501286984,0.8772428446383644,0
2026-01-16 12:45:00,ZONE_A,2,0.72012424,0.88681424,2819.382,680.74457,0.0,680.74457,2138.63743,2,RENEWABLE_ALL,renewable,CURTAIL,303.69397847867674,603.6939784786767,303.69397847867674,0.7047588501286984,0.8772428446383644,0
2026-01-16 13:00:00,ZONE_A,2,0.65212303,0.93894094,2791.78,662.76746,5.6682105,668.43567,2123.3443300000004,1,BATTERY_ALL,battery,CHARGE,300.0,627.6216163193297,327.62161631932975,0.7111267964355497,0.8904472587962716,0
2026-01-16 13:00:00,ZONE_A,2,0.65212303,0.93894094,2791.78,662.76746,5.6682105,668.43567,2123.3443300000004,2,RENEWABLE_ALL,renewable,CURTAIL,327.62161631932975,627.6216163193297,327.62161631932975,0.7111267964355497,0.8904472587962716,0
2026-01-16 13:15:00,ZONE_A,1,0.8791566,0.95472866,2741.3533,638.9168,1.647768,640.5646,2100.7887,1,BATTERY_ALL,battery,CHARGE,300.0,611.565382201436,311.565382201436,0.6857063210021558,0.86043928787691,0
2026-01-16 13:15:00,ZONE_A,1,0.8791566,0.95472866,2741.3533,638.9168,1.647768,640.5646,2100.7887,2,RENEWABLE_ALL,renewable,CURTAIL,311.565382201436,611.565382201436,311.565382201436,0.6857063210021558,0.86043928787691,0
2026-01-16 13:30:00,ZONE_A,1,0.9714199,0.89085996,2689.7969,613.4392,0.0,613.4392,2076.3577,1,BATTERY_ALL,battery,CHARGE,300.0,546.488421174432,246.488421174432,0.6656572132935051,0.8217967627285504,0
2026-01-16 13:30:00,ZONE_A,1,0.9714199,0.89085996,2689.7969,613.4392,0.0,613.4392,2076.3577,2,RENEWABLE_ALL,renewable,CURTAIL,246.488421174432,546.488421174432,246.488421174432,0.6656572132935051,0.8217967627285504,0
2026-01-16 13:45:00,ZONE_A,1,0.951511,0.9074199,2695.1794,512.51904,0.58002096,513.09906,2182.08034,1,BATTERY_ALL,battery,CHARGE,300.0,465.596297715294,165.59629771529399,0.6523990857103241,0.7854265997938378,0
2026-01-16 13:45:00,ZONE_A,1,0.951511,0.9074199,2695.1794,512.51904,0.58002096,513.09906,2182.08034,2,RENEWABLE_ALL,renewable,CURTAIL,165.59629771529399,465.596297715294,165.59629771529399,0.6523990857103241,0.7854265997938378,0
2026-01-16 14:00:00,ZONE_A,1,0.96423167,0.6301459,2705.7751,433.60745,0.0,433.60745,2272.16765,1,BATTERY_ALL,battery,CHARGE,273.235956826955,273.235956826955,0.0,0.6549462439059304,0.7330136604124513,0
2026-01-16 14:15:00,ZONE_A,0,0.80875295,0.8498757,2680.5803,391.8914,0.76119,392.6526,2287.9277,1,BATTERY_ALL,battery,CHARGE,300.0,333.70590328182,33.705903281819985,0.6460518020203687,0.7413963461185358,0
2026-01-16 14:15:00,ZONE_A,0,0.80875295,0.8498757,2680.5803,391.8914,0.76119,392.6526,2287.9277,2,RENEWABLE_ALL,renewable,CURTAIL,33.705903281819985,333.70590328182,33.705903281819985,0.6460518020203687,0.7413963461185358,0
2026-01-16 14:30:00,ZONE_A,1,0.74516845,0.8934334,2691.346,368.06793,0.5891536,368.65707,2322.6889300000003,1,BATTERY_ALL,battery,CHARGE,300.0,329.370539484138,29.37053948413802,0.6589646736992579,0.7530705424047627,0
2026-01-16 14:30:00,ZONE_A,1,0.74516845,0.8934334,2691.346,368.06793,0.5891536,368.65707,2322.6889300000003,2,RENEWABLE_ALL,renewable,CURTAIL,29.37053948413802,329.370539484138,29.37053948413802,0.6589646736992579,0.7530705424047627,0
2026-01-16 14:45:00,ZONE_A,0,0.8022025,0.6805662,2684.3054,316.0234,1.5101094,317.5335,2366.7719,1,BATTERY_ALL,battery,CHARGE,216.1025674677,216.1025674677,0.0,0.6492299827368205,0.7109735736195055,0
2026-01-16 15:00:00,ZONE_A,1,0.98032916,0.62797457,2795.8203,280.13733,1.2984624,281.4358,2514.3845,1,BATTERY_ALL,battery,CHARGE,176.734525487606,176.734525487606,0.0,0.6902871498702722,0.7407827287273578,0
2026-01-16 15:15:00,ZONE_A,1,0.9826822,0.54496574,2793.675,258.03546,1.1184227,259.15387,2534.52113,1,BATTERY_ALL,battery,CHARGE,141.2299805384138,141.2299805384138,0.0,0.6868858400755257,0.7272372632005047,0
2026-01-16 15:30:00,ZONE_A,1,0.98475456,0.869224,2803.7346,216.0626,1.6986568,217.76126,2585.97334,1,BATTERY_ALL,battery,CHARGE,189.28331346224,189.28331346224,0.0,0.6899506107563783,0.7440315576184542,0
2026-01-17 07:00:00,ZONE_A,1,0.9865812,0.58545285,2795.5557,181.58331,77.580696,259.164,2536.3917,1,BATTERY_ALL,battery,CHARGE,151.7283024174,151.7283024174,0.0,0.6877505016398778,0.7311014453131497,0
2026-01-17 07:30:00,ZONE_A,2,0.9786294,0.72528243,2866.4382,283.12796,118.1499,401.27786,2465.16034,1,BATTERY_ALL,battery,CHARGE,291.0397814059998,291.0397814059998,0.0,0.7060794091607406,0.7892336326718392,0
2026-01-17 08:00:00,ZONE_A,2,0.96956855,0.63898957,2932.8577,331.09106,92.54442,423.6355,2509.2222,1,BATTERY_ALL,battery,CHARGE,270.69866598173496,270.69866598173496,0.0,0.7307276066872979,0.8080700829297737,0
2026-01-17 08:15:00,ZONE_A,2,0.922632,0.8258783,2983.6812,342.05392,61.85595,403.90988,2579.77132,1,BATTERY_ALL,battery,CHARGE,300.0,333.58040504760396,33.58040504760396,0.7233801924726865,0.8186888799474603,0
2026-01-17 08:15:00,ZONE_A,2,0.922632,0.8258783,2983.6812,342.05392,61.85595,403.90988,2579.77132,2,RENEWABLE_ALL,renewable,CURTAIL,33.58040504760396,333.58040504760396,33.58040504760396,0.7233801924726865,0.8186888799474603,0
2026-01-17 08:45:00,ZONE_A,3,0.913551,0.71436185,3034.135,418.88306,64.98294,483.866,2550.269,1,BATTERY_ALL,battery,CHARGE,300.0,345.65541091209997,45.65541091209997,0.7533107993482943,0.8520694885190897,0
2026-01-17 08:45:00,ZONE_A,3,0.913551,0.71436185,3034.135,418.88306,64.98294,483.866,2550.269,2,RENEWABLE_ALL,renewable,CURTAIL,45.65541091209997,345.65541091209997,45.65541091209997,0.7533107993482943,0.8520694885190897,0
2026-01-17 09:00:00,ZONE_A,1,0.96776795,0.5740962,2701.361,365.15442,73.459854,438.61426,2262.74674,1,BATTERY_ALL,battery,CHARGE,251.80677993181197,251.80677993181197,0.0,0.6520518468983365,0.7239966414317507,0
2026-01-17 09:15:00,ZONE_A,1,0.9665346,0.65568763,2715.5115,446.9229,50.665184,497.5881,2217.9234,1,BATTERY_ALL,battery,CHARGE,300.0,326.262362005203,26.262362005202988,0.6777945288620228,0.7710123469147842,0
2026-01-17 09:15:00,ZONE_A,1,0.9665346,0.65568763,2715.5115,446.9229,50.665184,497.5881,2217.9234,2,RENEWABLE_ALL,renewable,CURTAIL,26.262362005202988,326.262362005203,26.262362005202988,0.6777945288620228,0.7710123469147842,0
2026-01-17 09:30:00,ZONE_A,0,0.75511265,0.69341356,2669.2444,432.04135,28.81162,460.85297,2208.39143,1,BATTERY_ALL,battery,CHARGE,300.0,319.56169856427323,19.56169856427323,0.6481775272851907,0.7394808700817467,0
2026-01-17 09:30:00,ZONE_A,0,0.75511265,0.69341356,2669.2444,432.04135,28.81162,460.85297,2208.39143,2,RENEWABLE_ALL,renewable,CURTAIL,19.56169856427323,319.56169856427323,19.56169856427323,0.6481775272851907,0.7394808700817467,0
2026-01-17 09:45:00,ZONE_A,1,0.68194836,0.7093662,2688.051,449.0363,30.720388,479.75668,2208.29432,1,BATTERY_ALL,battery,CHARGE,300.0,340.323173016216,40.323173016216,0.6527371255811137,0.7499723182656218,0
2026-01-17 09:45:00,ZONE_A,1,0.68194836,0.7093662,2688.051,449.0363,30.720388,479.75668,2208.29432,2,RENEWABLE_ALL,renewable,CURTAIL,40.323173016216,340.323173016216,40.323173016216,0.6527371255811137,0.7499723182656218,0
2026-01-17 10:00:00,ZONE_A,1,0.86613846,0.6119416,2697.3923,462.94342,36.886703,499.83014,2197.56216,1,BATTERY_ALL,battery,CHARGE,300.0,305.86685559982396,5.866855599823964,0.6610349374465709,0.7484254678691088,0
2026-01-17 10:00:00,ZONE_A,1,0.86613846,0.6119416,2697.3923,462.94342,36.886703,499.83014,2197.56216,2,RENEWABLE_ALL,renewable,CURTAIL,5.866855599823964,305.86685559982396,5.866855599823964,0.6610349374465709,0.7484254678691088,0
2026-01-17 10:15:00,ZONE_A,1,0.9749997,0.90888727,2723.9292,490.66895,20.671837,511.3408,2212.5884,1,BATTERY_ALL,battery,CHARGE,300.0,464.75114375161604,164.75114375161604,0.6777501537407904,0.8105361952247967,0
2026-01-17 10:15:00,ZONE_A,1,0.9749997,0.90888727,2723.9292,490.66895,20.671837,511.3408,2212.5884,2,RENEWABLE_ALL,renewable,CURTAIL,164.75114375161604,464.75114375161604,164.75114375161604,0.6777501537407904,0.8105361952247967,0
2026-01-17 10:30:00,ZONE_A,1,0.97764015,0.8938835,2698.2205,504.4854,17.147646,521.63306,2176.58744,1,BATTERY_ALL,battery,CHARGE,300.0,466.27918538851003,166.27918538851003,0.6523568161277131,0.7855794409030946,0
2026-01-17 10:30:00,ZONE_A,1,0.97764015,0.8938835,2698.2205,504.4854,17.147646,521.63306,2176.58744,2,RENEWABLE_ALL,renewable,CURTAIL,166.27918538851003,466.27918538851003,166.27918538851003,0.6523568161277131,0.7855794409030946,0
2026-01-17 10:45:00,ZONE_A,1,0.9647248,0.90474087,2684.4502,533.354,26.336525,559.69055,2124.75965,1,BATTERY_ALL,battery,CHARGE,300.0,506.37491513777854,206.37491513777854,0.6571938627733356,0.8018724103721835,0
2026-01-17 10:45:00,ZONE_A,1,0.9647248,0.90474087,2684.4502,533.354,26.336525,559.69055,2124.75965,2,RENEWABLE_ALL,renewable,CURTAIL,206.37491513777854,506.37491513777854,206.37491513777854,0.6571938627733356,0.8018724103721835,0
2026-01-17 11:00:00,ZONE_A,1,0.980656,0.92036086,2694.809,555.43805,38.718613,594.1567,2100.6523,1,BATTERY_ALL,battery,CHARGE,300.0,546.8385713867619,246.83857138676194,0.6620765451268006,0.8183161374125211,0
2026-01-17 11:00:00,ZONE_A,1,0.980656,0.92036086,2694.809,555.43805,38.718613,594.1567,2100.6523,2,RENEWABLE_ALL,renewable,CURTAIL,246.83857138676194,546.8385713867619,246.83857138676194,0.6620765451268006,0.8183161374125211,0
2026-01-17 11:15:00,ZONE_A,1,0.97248477,0.8993231,2719.1687,547.1206,34.382225,581.5028,2137.6659,1,BATTERY_ALL,battery,CHARGE,300.0,522.95890075468,222.95890075468003,0.6782927120017413,0.8277095412524605,0
2026-01-17 11:15:00,ZONE_A,1,0.97248477,0.8993231,2719.1687,547.1206,34.382225,581.5028,2137.6659,2,RENEWABLE_ALL,renewable,CURTAIL,222.95890075468003,522.95890075468,222.95890075468003,0.6782927120017413,0.8277095412524605,0
2026-01-17 11:30:00,ZONE_A,1,0.9854521,0.90474087,2699.5776,577.9606,19.911192,597.87177,2101.70583,1,BATTERY_ALL,battery,CHARGE,300.0,540.9190253382399,240.91902533823986,0.6658405638231166,0.8203888572214596,0
2026-01-17 11:30:00,ZONE_A,1,0.9854521,0.90474087,2699.5776,577.9606,19.911192,597.87177,2101.70583,2,RENEWABLE_ALL,renewable,CURTAIL,240.91902533823986,540.9190253382399,240.91902533823986,0.6658405638231166,0.8203888572214596,0
2026-01-17 11:45:00,ZONE_A,1,0.9862933,0.9151896,2696.0566,638.5493,22.374134,660.92346,2035.13314,1,BATTERY_ALL,battery,CHARGE,300.0,604.870276988016,304.87027698801603,0.6736071521571417,0.8464272318007084,0
2026-01-17 11:45:00,ZONE_A,1,0.9862933,0.9151896,2696.0566,638.5493,22.374134,660.92346,2035.13314,2,RENEWABLE_ALL,renewable,CURTAIL,304.87027698801603,604.870276988016,304.87027698801603,0.6736071521571417,0.8464272318007084,0
2026-01-17 12:00:00,ZONE_A,1,0.9860107,0.9187568,2684.8123,636.3551,23.522926,659.87805,2024.93425,1,BATTERY_ALL,battery,CHARGE,300.0,606.2674456082401,306.2674456082401,0.6735099369461229,0.8467292076325049,0
2026-01-17 12:00:00,ZONE_A,1,0.9860107,0.9187568,2684.8123,636.3551,23.522926,659.87805,2024.93425,2,RENEWABLE_ALL,renewable,CURTAIL,306.2674456082401,606.2674456082401,306.2674456082401,0.6735099369461229,0.8467292076325049,0
2026-01-17 12:15:00,ZONE_A,1,0.97265077,0.9036506,2685.2065,599.54596,39.36972,638.91565,2046.29085,1,BATTERY_ALL,battery,CHARGE,300.0,577.35651047189,277.35651047189003,0.6656539166648862,0.8306129201696159,0
2026-01-17 12:15:00,ZONE_A,1,0.97265077,0.9036506,2685.2065,599.54596,39.36972,638.91565,2046.29085,2,RENEWABLE_ALL,renewable,CURTAIL,277.35651047189003,577.35651047189,277.35651047189003,0.6656539166648862,0.8306129201696159,0
2026-01-17 12:30:00,ZONE_A,1,0.96179384,0.9057773,2682.2185,665.9233,41.57845,707.5017,1974.7168,1,BATTERY_ALL,battery,CHARGE,300.0,640.83897957141,340.83897957141005,0.6693984954005664,0.8524953472546162,0
2026-01-17 12:30:00,ZONE_A,1,0.96179384,0.9057773,2682.2185,665.9233,41.57845,707.5017,1974.7168,2,RENEWABLE_ALL,renewable,CURTAIL,340.83897957141005,640.83897957141,340.83897957141005,0.6693984954005664,0.8524953472546162,0
2026-01-17 12:45:00,ZONE_A,1,0.97874856,0.908406,2678.6228,635.90765,30.40289,666.31055,2012.31225,1,BATTERY_ALL,battery,CHARGE,300.0,605.2805014833001,305.2805014833001,0.6549730203410006,0.8279103070089304,0
2026-01-17 12:45:00,ZONE_A,1,0.97874856,0.908406,2678.6228,635.90765,30.40289,666.31055,2012.31225,2,RENEWABLE_ALL,renewable,CURTAIL,305.2805014833001,605.2805014833001,305.2805014833001,0.6549730203410006,0.8279103070089304,0
2026-01-17 13:00:00,ZONE_A,1,0.97416985,0.9223579,2692.0476,599.0496,32.18531,631.2349,2060.8127,1,BATTERY_ALL,battery,CHARGE,300.0,582.2244967707101,282.22449677071006,0.6608285877775332,0.8271784445072458,0
2026-01-17 13:00:00,ZONE_A,1,0.97416985,0.9223579,2692.0476,599.0496,32.18531,631.2349,2060.8127,2,RENEWABLE_ALL,renewable,CURTAIL,282.22449677071006,582.2244967707101,282.22449677071006,0.6608285877775332,0.8271784445072458,0
2026-01-17 13:15:00,ZONE_A,1,0.9714517,0.9425656,2699.409,552.1784,17.872719,570.05115,2129.3578500000003,1,BATTERY_ALL,battery,CHARGE,300.0,537.31060423044,237.31060423044005,0.6697892333171823,0.8233065492707506,0
2026-01-17 13:15:00,ZONE_A,1,0.9714517,0.9425656,2699.409,552.1784,17.872719,570.05115,2129.3578500000003,2,RENEWABLE_ALL,renewable,CURTAIL,237.31060423044005,537.31060423044,237.31060423044005,0.6697892333171823,0.8233065492707506,0
2026-01-17 13:30:00,ZONE_A,1,0.9509972,0.93923473,2673.2642,537.7386,16.25097,553.98956,2119.27464,1,BATTERY_ALL,battery,CHARGE,300.0,520.3262348094188,220.3262348094188,0.6521091257102086,0.8007737646768647,0
2026-01-17 13:30:00,ZONE_A,1,0.9509972,0.93923473,2673.2642,537.7386,16.25097,553.98956,2119.27464,2,RENEWABLE_ALL,renewable,CURTAIL,220.3262348094188,520.3262348094188,220.3262348094188,0.6521091257102086,0.8007737646768647,0
2026-01-17 13:45:00,ZONE_A,0,0.82859707,0.91591686,2666.843,479.26324,13.712396,492.97565,2173.86735,1,BATTERY_ALL,battery,CHARGE,300.0,451.524709404459,151.52470940445897,0.6470559823307974,0.7760630425345472,0
2026-01-17 13:45:00,ZONE_A,0,0.82859707,0.91591686,2666.843,479.26324,13.712396,492.97565,2173.86735,2,RENEWABLE_ALL,renewable,CURTAIL,151.52470940445897,451.524709404459,151.52470940445897,0.6470559823307974,0.7760630425345472,0
2026-01-17 14:00:00,ZONE_A,0,0.7622357,0.90843177,2675.6914,421.11896,6.7475195,427.8665,2247.8249,1,BATTERY_ALL,battery,CHARGE,300.0,388.687521918705,88.68752191870499,0.6436388259714177,0.7546924039899024,0
2026-01-17 14:00:00,ZONE_A,0,0.7622357,0.90843177,2675.6914,421.11896,6.7475195,427.8665,2247.8249,2,RENEWABLE_ALL,renewable,CURTAIL,88.68752191870499,388.687521918705,88.68752191870499,0.6436388259714177,0.7546924039899024,0
2026-01-17 14:15:00,ZONE_A,1,0.98172474,0.8926275,2707.997,415.93384,1.9544582,417.8883,2290.1087,1,BATTERY_ALL,battery,CHARGE,300.0,373.01858850825005,73.01858850825005,0.6831537846977862,0.7897305245943257,0
2026-01-17 14:15:00,ZONE_A,1,0.98172474,0.8926275,2707.997,415.93384,1.9544582,417.8883,2290.1087,2,RENEWABLE_ALL,renewable,CURTAIL,73.01858850825005,373.01858850825005,73.01858850825005,0.6831537846977862,0.7897305245943257,0
2026-01-17 14:30:00,ZONE_A,0,0.81731784,0.86472917,2679.6152,392.4203,3.5266142,395.9469,2283.6683000000003,1,BATTERY_ALL,battery,CHARGE,300.0,342.38683420107304,42.38683420107304,0.6484218720364456,0.7462466820893747,0
2026-01-17 14:30:00,ZONE_A,0,0.81731784,0.86472917,2679.6152,392.4203,3.5266142,395.9469,2283.6683000000003,2,RENEWABLE_ALL,renewable,CURTAIL,42.38683420107304,342.38683420107304,42.38683420107304,0.6484218720364456,0.7462466820893747,0
2026-01-17 15:00:00,ZONE_A,1,0.9888037,0.7701707,2789.8584,297.9608,3.537284,301.49808,2488.36032,1,BATTERY_ALL,battery,CHARGE,232.20498732225602,232.20498732225602,0.0,0.6839783339438057,0.7503226162220502,0
2026-01-18 08:15:00,ZONE_A,2,0.97658724,0.8422084,2976.0974,292.77167,105.994,398.7657,2577.3317,1,BATTERY_ALL,battery,CHARGE,300.0,335.84382217188,35.84382217187999,0.7367825566953695,0.8327379347690844,0
2026-01-18 08:15:00,ZONE_A,2,0.97658724,0.8422084,2976.0974,292.77167,105.994,398.7657,2577.3317,2,RENEWABLE_ALL,renewable,CURTAIL,35.84382217187999,335.84382217188,35.84382217187999,0.7367825566953695,0.8327379347690844,0
2026-01-18 08:30:00,ZONE_A,2,0.9112135,0.8427247,3010.0283,335.6791,105.19659,440.8757,2569.1526,1,BATTERY_ALL,battery,CHARGE,300.0,371.53684201979,71.53684201979002,0.7359860105836175,0.8421393943655144,0
2026-01-18 08:30:00,ZONE_A,2,0.9112135,0.8427247,3010.0283,335.6791,105.19659,440.8757,2569.1526,2,RENEWABLE_ALL,renewable,CURTAIL,71.53684201979002,371.53684201979,71.53684201979002,0.7359860105836175,0.8421393943655144,0
2026-01-18 08:45:00,ZONE_A,3,0.9211755,0.8311215,3040.572,370.22397,92.28352,462.5075,2578.0645,1,BATTERY_ALL,battery,CHARGE,300.0,384.39992716125,84.39992716124999,0.7544111508341681,0.8642397018297393,0
2026-01-18 08:45:00,ZONE_A,3,0.9211755,0.8311215,3040.572,370.22397,92.28352,462.5075,2578.0645,2,RENEWABLE_ALL,renewable,CURTAIL,84.39992716124999,384.39992716125,84.39992716124999,0.7544111508341681,0.8642397018297393,0
2026-01-18 09:00:00,ZONE_A,1,0.740185,0.57243335,2700.7585,398.774,109.299736,508.07373,2192.68477,1,BATTERY_ALL,battery,CHARGE,290.8383473108955,290.8383473108955,0.0,0.6486796267479956,0.7317762977116651,0
2026-01-18 09:15:00,ZONE_A,1,0.9670845,0.5498667,2699.734,434.8915,126.01209,560.9036,2138.8304,1,BATTERY_ALL,battery,CHARGE,300.0,308.42221155012004,8.42221155012004,0.6603181219191345,0.7484387541253801,0
2026-01-18 09:15:00,ZONE_A,1,0.9670845,0.5498667,2699.734,434.8915,126.01209,560.9036,2138.8304,2,RENEWABLE_ALL,renewable,CURTAIL,8.42221155012004,308.42221155012004,8.42221155012004,0.6603181219191345,0.7484387541253801,0
2026-01-18 09:30:00,ZONE_A,1,0.91364145,0.6068036,2743.7405,473.63165,72.71728,546.34894,2197.39156,1,BATTERY_ALL,battery,CHARGE,300.0,331.52650364818396,31.52650364818396,0.6882175373345324,0.7829393958785038,0
2026-01-18 09:30:00,ZONE_A,1,0.91364145,0.6068036,2743.7405,473.63165,72.71728,546.34894,2197.39156,2,RENEWABLE_ALL,renewable,CURTAIL,31.52650364818396,331.52650364818396,31.52650364818396,0.6882175373345324,0.7829393958785038,0
2026-01-18 09:45:00,ZONE_A,1,0.96694505,0.8340252,2679.861,540.9882,102.500275,643.4885,2036.3725,1,BATTERY_ALL,battery,CHARGE,300.0,536.6856249102001,236.6856249102001,0.6601802387169999,0.8135189893157146,0
2026-01-18 09:45:00,ZONE_A,1,0.96694505,0.8340252,2679.861,540.9882,102.500275,643.4885,2036.3725,2,RENEWABLE_ALL,renewable,CURTAIL,236.6856249102001,536.6856249102001,236.6856249102001,0.6601802387169999,0.8135189893157146,0
2026-01-18 10:00:00,ZONE_A,1,0.9469679,0.79128855,2747.9534,570.7942,137.68317,708.47736,2039.47604,1,BATTERY_ALL,battery,CHARGE,300.0,560.6100229022279,260.6100229022279,0.6956445287562322,0.8558188214699326,0
2026-01-18 10:00:00,ZONE_A,1,0.9469679,0.79128855,2747.9534,570.7942,137.68317,708.47736,2039.47604,2,RENEWABLE_ALL,renewable,CURTAIL,260.6100229022279,560.6100229022279,260.6100229022279,0.6956445287562322,0.8558188214699326,0
2026-01-18 10:15:00,ZONE_A,1,0.914298,0.8705901,2750.3088,594.58014,104.24473,698.8249,2051.4839,1,BATTERY_ALL,battery,CHARGE,300.0,608.39003957349,308.39003957348996,0.6959307794711875,0.8697565055753442,0
2026-01-18 10:15:00,ZONE_A,1,0.914298,0.8705901,2750.3088,594.58014,104.24473,698.8249,2051.4839,2,RENEWABLE_ALL,renewable,CURTAIL,308.39003957348996,608.39003957349,308.39003957348996,0.6959307794711875,0.8697565055753442,0
2026-01-18 10:30:00,ZONE_A,1,0.952037,0.9269548,2703.189,659.66846,124.09325,783.7617,1919.4273,1,BATTERY_ALL,battery,CHARGE,300.0,726.5116698711599,426.51166987115994,0.6935386496918888,0.9011134131779882,0
2026-01-18 10:30:00,ZONE_A,1,0.952037,0.9269548,2703.189,659.66846,124.09325,783.7617,1919.4273,2,RENEWABLE_ALL,renewable,CURTAIL,426.51166987115994,726.5116698711599,426.51166987115994,0.6935386496918888,0.9011134131779882,0
2026-01-18 10:45:00,ZONE_A,1,0.9716787,0.9195144,2688.0957,644.68823,169.17372,813.86194,1874.23376,1,BATTERY_ALL,battery,CHARGE,300.0,748.3577734419359,448.35777344193593,0.6831774890103391,0.8969939963372408,0
2026-01-18 10:45:00,ZONE_A,1,0.9716787,0.9195144,2688.0957,644.68823,169.17372,813.86194,1874.23376,2,RENEWABLE_ALL,renewable,CURTAIL,448.35777344193593,748.3577734419359,448.35777344193593,0.6831774890103391,0.8969939963372408,0
2026-01-18 11:00:00,ZONE_A,1,0.95372677,0.9175209,2695.4543,608.41144,206.55617,814.9676,1880.4867,1,BATTERY_ALL,battery,CHARGE,300.0,747.7498058228399,447.7498058228399,0.6914748008414325,0.9051176032070527,0
2026-01-18 11:00:00,ZONE_A,1,0.95372677,0.9175209,2695.4543,608.41144,206.55617,814.9676,1880.4867,2,RENEWABLE_ALL,renewable,CURTAIL,447.7498058228399,747.7498058228399,447.7498058228399,0.6914748008414325,0.9051176032070527,0
2026-01-18 11:15:00,ZONE_A,1,0.9682229,0.8452485,2698.378,543.2266,192.80365,736.0303,1962.3477000000005,1,BATTERY_ALL,battery,CHARGE,300.0,622.12850702955,322.12850702954995,0.6753954838328744,0.8531464864258914,0
2026-01-18 11:15:00,ZONE_A,1,0.9682229,0.8452485,2698.378,543.2266,192.80365,736.0303,1962.3477000000005,2,RENEWABLE_ALL,renewable,CURTAIL,322.12850702954995,622.12850702955,322.12850702954995,0.6753954838328744,0.8531464864258914,0
2026-01-18 11:30:00,ZONE_A,1,0.9704148,0.9154402,2689.5708,557.2621,261.4252,818.68726,1870.88354,1,BATTERY_ALL,battery,CHARGE,300.0,749.459229031852,449.45922903185203,0.6764607146335181,0.8905919236270546,0
2026-01-18 11:30:00,ZONE_A,1,0.9704148,0.9154402,2689.5708,557.2621,261.4252,818.68726,1870.88354,2,RENEWABLE_ALL,renewable,CURTAIL,449.45922903185203,749.459229031852,449.45922903185203,0.6764607146335181,0.8905919236270546,0
2026-01-18 11:45:00,ZONE_A,1,0.92099494,0.873517,2700.295,590.3309,286.02618,876.35706,1823.93794,1,BATTERY_ALL,battery,CHARGE,300.0,765.51278998002,465.51278998002,0.6842901985547505,0.9030081392393904,0
2026-01-18 11:45:00,ZONE_A,1,0.92099494,0.873517,2700.295,590.3309,286.02618,876.35706,1823.93794,2,RENEWABLE_ALL,renewable,CURTAIL,465.51278998002,765.51278998002,465.51278998002,0.6842901985547505,0.9030081392393904,0
2026-01-18 12:00:00,ZONE_A,1,0.9753905,0.9107283,2681.3704,527.4235,298.18948,825.61304,1855.75736,1,BATTERY_ALL,battery,CHARGE,300.0,751.909160377032,451.909160377032,0.6794194731984701,0.8942506625739386,0
2026-01-18 12:00:00,ZONE_A,1,0.9753905,0.9107283,2681.3704,527.4235,298.18948,825.61304,1855.75736,2,RENEWABLE_ALL,renewable,CURTAIL,451.909160377032,751.909160377032,451.909160377032,0.6794194731984701,0.8942506625739386,0
2026-01-18 12:15:00,ZONE_A,1,0.9521213,0.7702326,2703.5361,477.59872,258.2355,735.8342,1967.7019,1,BATTERY_ALL,battery,CHARGE,300.0,566.76348903492,266.76348903492,0.6979565469719969,0.8598889729094061,0
2026-01-18 12:15:00,ZONE_A,1,0.9521213,0.7702326,2703.5361,477.59872,258.2355,735.8342,1967.7019,2,RENEWABLE_ALL,renewable,CURTAIL,266.76348903492,566.76348903492,266.76348903492,0.6979565469719969,0.8598889729094061,0
2026-01-18 12:30:00,ZONE_A,1,0.968752,0.89977455,2675.6248,511.5775,299.9512,811.5287,1864.0961,1,BATTERY_ALL,battery,CHARGE,300.0,730.192870854585,430.19287085458495,0.6682467509437476,0.876873286118455,0
2026-01-18 12:30:00,ZONE_A,1,0.968752,0.89977455,2675.6248,511.5775,299.9512,811.5287,1864.0961,2,RENEWABLE_ALL,renewable,CURTAIL,430.19287085458495,730.192870854585,430.19287085458495,0.6682467509437476,0.876873286118455,0
2026-01-18 12:45:00,ZONE_A,1,0.9758935,0.8679086,2685.382,444.88608,338.9205,783.8066,1901.5754,1,BATTERY_ALL,battery,CHARGE,300.0,680.27248887676,380.27248887676,0.6643154718091977,0.8586790406753405,0
2026-01-18 12:45:00,ZONE_A,1,0.9758935,0.8679086,2685.382,444.88608,338.9205,783.8066,1901.5754,2,RENEWABLE_ALL,renewable,CURTAIL,380.27248887676,680.27248887676,380.27248887676,0.6643154718091977,0.8586790406753405,0
2026-01-18 13:00:00,ZONE_A,1,0.9505301,0.8416334,2691.2996,436.27655,353.11874,789.39526,1901.90434,1,BATTERY_ALL,battery,CHARGE,300.0,664.381416617684,364.38141661768395,0.6705589028866612,0.8603821653695516,0
2026-01-18 13:00:00,ZONE_A,1,0.9505301,0.8416334,2691.2996,436.27655,353.11874,789.39526,1901.90434,2,RENEWABLE_ALL,renewable,CURTAIL,364.38141661768395,664.381416617684,364.38141661768395,0.6705589028866612,0.8603821653695516,0
2026-01-18 13:15:00,ZONE_A,1,0.979703,0.7359798,2671.7275,399.2146,390.6124,789.827,1881.9005,1,BATTERY_ALL,battery,CHARGE,300.0,581.2967174946,281.2967174946,0.675536592953075,0.8416213699299739,0
2026-01-18 13:15:00,ZONE_A,1,0.979703,0.7359798,2671.7275,399.2146,390.6124,789.827,1881.9005,2,RENEWABLE_ALL,renewable,CURTAIL,281.2967174946,581.2967174946,281.2967174946,0.675536592953075,0.8416213699299739,0
2026-01-18 13:30:00,ZONE_A,1,0.97389525,0.66615367,2677.8945,390.8823,340.83597,731.71826,1946.17624,1,BATTERY_ALL,battery,CHARGE,300.0,487.4368043050142,187.43680430501422,0.6726449622086208,0.8119126210012748,0
2026-01-18 13:30:00,ZONE_A,1,0.97389525,0.66615367,2677.8945,390.8823,340.83597,731.71826,1946.17624,2,RENEWABLE_ALL,renewable,CURTAIL,187.43680430501422,487.4368043050142,187.43680430501422,0.6726449622086208,0.8119126210012748,0
2026-01-18 13:45:00,ZONE_A,1,0.9839311,0.6375039,2673.3762,381.709,371.45068,753.15967,1920.21653,1,BATTERY_ALL,battery,CHARGE,300.0,480.142226947713,180.14222694771303,0.6641376421483246,0.8013211359706248,0
2026-01-18 13:45:00,ZONE_A,1,0.9839311,0.6375039,2673.3762,381.709,371.45068,753.15967,1920.21653,2,RENEWABLE_ALL,renewable,CURTAIL,180.14222694771303,480.142226947713,180.14222694771303,0.6641376421483246,0.8013211359706248,0
2026-01-18 14:30:00,ZONE_A,1,0.97961134,0.6861952,2683.5183,315.96588,465.01968,780.9856,1902.5327,1,BATTERY_ALL,battery,CHARGE,300.0,535.90856998912,235.90856998912,0.6699685263471916,0.8230852610975364,0
2026-01-18 14:30:00,ZONE_A,1,0.97961134,0.6861952,2683.5183,315.96588,465.01968,780.9856,1902.5327,2,RENEWABLE_ALL,renewable,CURTAIL,235.90856998912,535.90856998912,235.90856998912,0.6699685263471916,0.8230852610975364,0
2026-01-18 14:45:00,ZONE_A,1,0.97138256,0.5644053,2691.553,296.4771,461.92975,758.40686,1933.14614,1,BATTERY_ALL,battery,CHARGE,300.0,428.04885134035806,128.04885134035806,0.6914099280869901,0.8137096002626572,0
2026-01-18 14:45:00,ZONE_A,1,0.97138256,0.5644053,2691.553,296.4771,461.92975,758.40686,1933.14614,2,RENEWABLE_ALL,renewable,CURTAIL,128.04885134035806,428.04885134035806,128.04885134035806,0.6914099280869901,0.8137096002626572,0
2026-01-18 15:00:00,ZONE_A,1,0.90618694,0.5298575,2777.8513,283.1712,391.38077,674.552,2103.2993,1,BATTERY_ALL,battery,CHARGE,300.0,357.41643634,57.41643634000002,0.6880853378948588,0.7902043200226319,0
2026-01-18 15:00:00,ZONE_A,1,0.90618694,0.5298575,2777.8513,283.1712,391.38077,674.552,2103.2993,2,RENEWABLE_ALL,renewable,CURTAIL,57.41643634000002,357.41643634,57.41643634000002,0.6880853378948588,0.7902043200226319,0
2026-01-18 15:15:00,ZONE_A,2,0.5132567,0.7584613,2782.5547,260.37476,564.09467,824.4694,1958.0853,1,BATTERY_ALL,battery,CHARGE,300.0,625.32813293422,325.32813293422,0.6977468641602084,0.8764120455532509,0
2026-01-18 15:15:00,ZONE_A,2,0.5132567,0.7584613,2782.5547,260.37476,564.09467,824.4694,1958.0853,2,RENEWABLE_ALL,renewable,CURTAIL,325.32813293422,625.32813293422,325.32813293422,0.6977468641602084,0.8764120455532509,0
2026-01-18 15:30:00,ZONE_A,1,0.5981017,0.5213183,2794.0166,218.68788,502.91846,721.6063,2072.4103,1,BATTERY_ALL,battery,CHARGE,300.0,376.18656958529004,76.18656958529004,0.7016769056950295,0.8091587830450696,0
2026-01-18 15:30:00,ZONE_A,1,0.5981017,0.5213183,2794.0166,218.68788,502.91846,721.6063,2072.4103,2,RENEWABLE_ALL,renewable,CURTAIL,76.18656958529004,376.18656958529004,76.18656958529004,0.7016769056950295,0.8091587830450696,0
2026-01-18 15:45:00,ZONE_A,1,0.9596494,0.5642877,2770.97,201.62527,365.44125,567.0665,2203.9035,1,BATTERY_ALL,battery,CHARGE,300.0,319.98865103205,19.988651032049972,0.6765904804751431,0.768015809637711,0
2026-01-18 15:45:00,ZONE_A,1,0.9596494,0.5642877,2770.97,201.62527,365.44125,567.0665,2203.9035,2,RENEWABLE_ALL,renewable,CURTAIL,19.988651032049972,319.98865103205,19.988651032049972,0.6765904804751431,0.768015809637711,0
2026-01-18 16:00:00,ZONE_A,1,0.95835525,0.55139905,2805.3726,174.68959,364.6078,539.29736,2266.07524,1,BATTERY_ALL,battery,CHARGE,297.368051971508,297.368051971508,0.0,0.6789092773866914,0.763871578222369,0
2026-01-19 07:30:00,ZONE_A,2,0.97857237,0.7057062,2871.5332,271.29044,327.35187,598.64233,2272.89087,1,BATTERY_ALL,battery,CHARGE,300.0,422.465603863446,122.465603863446,0.7105583753216442,0.8312628339361889,0
2026-01-19 07:30:00,ZONE_A,2,0.97857237,0.7057062,2871.5332,271.29044,327.35187,598.64233,2272.89087,2,RENEWABLE_ALL,renewable,CURTAIL,122.465603863446,422.465603863446,122.465603863446,0.7105583753216442,0.8312628339361889,0
2026-01-19 07:45:00,ZONE_A,2,0.9805627,0.6566856,2910.2312,315.72375,330.31326,646.037,2264.1942,1,BATTERY_ALL,battery,CHARGE,300.0,424.2431949672,124.2431949672,0.7120381326844077,0.8332504744832608,0
2026-01-19 07:45:00,ZONE_A,2,0.9805627,0.6566856,2910.2312,315.72375,330.31326,646.037,2264.1942,2,RENEWABLE_ALL,renewable,CURTAIL,124.2431949672,424.2431949672,124.2431949672,0.7120381326844077,0.8332504744832608,0
2026-01-19 08:00:00,ZONE_A,2,0.9751431,0.6566856,2938.5051,348.90228,316.0236,664.9259,2273.5792,1,BATTERY_ALL,battery,CHARGE,300.0,436.64726359703997,136.64726359703997,0.723060493852508,0.8478168552849763,0
2026-01-19 08:00:00,ZONE_A,2,0.9751431,0.6566856,2938.5051,348.90228,316.0236,664.9259,2273.5792,2,RENEWABLE_ALL,renewable,CURTAIL,136.64726359703997,436.64726359703997,136.64726359703997,0.723060493852508,0.8478168552849763,0
2026-01-19 08:15:00,ZONE_A,2,0.97403044,0.5842263,2977.592,395.68207,330.64917,726.33124,2251.26076,1,BATTERY_ALL,battery,CHARGE,300.0,424.341812919612,124.34181291961198,0.7389470376433354,0.8601875560131287,0
2026-01-19 08:15:00,ZONE_A,2,0.97403044,0.5842263,2977.592,395.68207,330.64917,726.33124,2251.26076,2,RENEWABLE_ALL,renewable,CURTAIL,124.34181291961198,424.341812919612,124.34181291961198,0.7389470376433354,0.8601875560131287,0
2026-01-19 08:30:00,ZONE_A,3,0.93357486,0.84442335,3074.0608,467.00174,359.84637,826.84814,2247.21266,1,BATTERY_ALL,battery,CHARGE,300.0,698.2098763200689,398.20987632006893,0.7847754006884311,0.9842639374690979,0
2026-01-19 08:30:00,ZONE_A,3,0.93357486,0.84442335,3074.0608,467.00174,359.84637,826.84814,2247.21266,2,RENEWABLE_ALL,renewable,CURTAIL,398.20987632006893,698.2098763200689,398.20987632006893,0.7847754006884311,0.9842639374690979,0
2026-01-19 08:45:00,ZONE_A,3,0.6955165,0.8473782,3015.1865,509.5092,253.2201,762.72925,2252.45725,1,BATTERY_ALL,battery,CHARGE,300.0,646.3201389523499,346.3201389523499,0.7546938762363046,0.9393567737211087,0
2026-01-19 08:45:00,ZONE_A,3,0.6955165,0.8473782,3015.1865,509.5092,253.2201,762.72925,2252.45725,2,RENEWABLE_ALL,renewable,CURTAIL,346.3201389523499,646.3201389523499,346.3201389523499,0.7546938762363046,0.9393567737211087,0
2026-01-19 09:00:00,ZONE_A,1,0.92582107,0.86606175,2720.9487,523.2234,293.72916,816.9525,1903.9962,1,BATTERY_ALL,battery,CHARGE,300.0,707.5313118168749,407.5313118168749,0.6964091226284992,0.8985609267346986,0
2026-01-19 09:00:00,ZONE_A,1,0.92582107,0.86606175,2720.9487,523.2234,293.72916,816.9525,1903.9962,2,RENEWABLE_ALL,renewable,CURTAIL,407.5313118168749,707.5313118168749,407.5313118168749,0.6964091226284992,0.8985609267346986,0
2026-01-19 09:15:00,ZONE_A,2,0.7183277,0.80925304,2690.1938,644.5563,460.0194,1104.5757,1585.6181,1,BATTERY_ALL,battery,CHARGE,300.0,893.8812431351281,593.8812431351281,0.700162945425664,0.95555758729974,0
2026-01-19 09:15:00,ZONE_A,2,0.7183277,0.80925304,2690.1938,644.5563,460.0194,1104.5757,1585.6181,2,RENEWABLE_ALL,renewable,CURTAIL,593.8812431351281,893.8812431351281,593.8812431351281,0.700162945425664,0.95555758729974,0
2026-01-19 09:30:00,ZONE_A,2,0.690824,0.88238275,2698.9392,614.9939,383.78247,998.77637,1700.1628299999998,1,BATTERY_ALL,battery,CHARGE,300.0,881.3030399956175,581.3030399956175,0.7037756119636938,0.9555764817038149,0
2026-01-19 09:30:00,ZONE_A,2,0.690824,0.88238275,2698.9392,614.9939,383.78247,998.77637,1700.1628299999998,2,RENEWABLE_ALL,renewable,CURTAIL,581.3030399956175,881.3030399956175,581.3030399956175,0.7037756119636938,0.9555764817038149,0
2026-01-19 09:45:00,ZONE_A,2,0.9406687,0.8759612,2769.5054,682.2213,413.8896,1096.1108,1673.3946,1,BATTERY_ALL,battery,CHARGE,300.0,960.15053170096,660.15053170096,0.7339026772133281,1.0082314016747713,0
2026-01-19 09:45:00,ZONE_A,2,0.9406687,0.8759612,2769.5054,682.2213,413.8896,1096.1108,1673.3946,2,RENEWABLE_ALL,renewable,CURTAIL,660.15053170096,960.15053170096,660.15053170096,0.7339026772133281,1.0082314016747713,0
2026-01-19 10:00:00,ZONE_A,1,0.6150985,0.8921779,2687.9834,688.0879,372.89417,1060.982,1627.0014,1,BATTERY_ALL,battery,CHARGE,300.0,946.5846926977999,646.5846926977999,0.6928717810610802,0.963324551294155,0
2026-01-19 10:00:00,ZONE_A,1,0.6150985,0.8921779,2687.9834,688.0879,372.89417,1060.982,1627.0014,2,RENEWABLE_ALL,renewable,CURTAIL,646.5846926977999,946.5846926977999,646.5846926977999,0.6928717810610802,0.963324551294155,0
2026-01-19 10:15:00,ZONE_A,1,0.79229873,0.9150323,2687.3455,723.9835,321.1693,1045.1528,1642.1926999999998,1,BATTERY_ALL,battery,CHARGE,300.0,956.3485704354401,656.3485704354401,0.6995577718632925,0.9728002214704358,0
2026-01-19 10:15:00,ZONE_A,1,0.79229873,0.9150323,2687.3455,723.9835,321.1693,1045.1528,1642.1926999999998,2,RENEWABLE_ALL,renewable,CURTAIL,656.3485704354401,956.3485704354401,656.3485704354401,0.6995577718632925,0.9728002214704358,0
2026-01-19 10:30:00,ZONE_A,2,0.50789523,0.91218716,2690.9666,779.9947,328.40393,1108.3987,1582.5679000000002,1,BATTERY_ALL,battery,CHARGE,300.0,1011.067062300692,711.067062300692,0.6938511358525434,0.982727440342221,0
2026-01-19 10:30:00,ZONE_A,2,0.50789523,0.91218716,2690.9666,779.9947,328.40393,1108.3987,1582.5679000000002,2,RENEWABLE_ALL,renewable,CURTAIL,711.067062300692,1011.067062300692,711.067062300692,0.6938511358525434,0.982727440342221,0
2026-01-19 10:45:00,ZONE_A,1,0.744631,0.9203747,2683.7366,771.2983,367.51642,1138.8147,1544.9219000000005,1,BATTERY_ALL,battery,CHARGE,300.0,1048.13623786809,748.1362378680899,0.6984985875049118,0.9979660851640577,0
2026-01-19 10:45:00,ZONE_A,1,0.744631,0.9203747,2683.7366,771.2983,367.51642,1138.8147,1544.9219000000005,2,RENEWABLE_ALL,renewable,CURTAIL,748.1362378680899,1048.13623786809,748.1362378680899,0.6984985875049118,0.9979660851640577,0
2026-01-19 11:00:00,ZONE_A,2,0.9556839,0.8731988,2691.8408,796.8037,393.5517,1190.3555,1501.4853,1,BATTERY_ALL,battery,CHARGE,300.0,1039.4169941733999,739.4169941733999,0.7101815711950473,1.0071578562115358,0
2026-01-19 11:00:00,ZONE_A,2,0.9556839,0.8731988,2691.8408,796.8037,393.5517,1190.3555,1501.4853,2,RENEWABLE_ALL,renewable,CURTAIL,739.4169941733999,1039.4169941733999,739.4169941733999,0.7101815711950473,1.0071578562115358,0
2026-01-19 11:15:00,ZONE_A,2,0.97465014,0.9606748,2702.4868,848.8351,404.16315,1252.9983,1449.4885000000002,1,BATTERY_ALL,battery,CHARGE,300.0,1203.72389125284,903.7238912528401,0.7247137927598244,1.0686349056910665,0
2026-01-19 11:15:00,ZONE_A,2,0.97465014,0.9606748,2702.4868,848.8351,404.16315,1252.9983,1449.4885000000002,2,RENEWABLE_ALL,renewable,CURTAIL,903.7238912528401,1203.72389125284,903.7238912528401,0.7247137927598244,1.0686349056910665,0
2026-01-19 11:30:00,ZONE_A,2,0.95702094,0.9606748,2697.551,915.7183,427.18912,1342.9075,1354.6435,1,BATTERY_ALL,battery,CHARGE,300.0,1290.097393981,990.0973939810001,0.7339247000098499,1.1025239566369798,0
2026-01-19 11:30:00,ZONE_A,2,0.95702094,0.9606748,2697.551,915.7183,427.18912,1342.9075,1354.6435,2,RENEWABLE_ALL,renewable,CURTAIL,990.0973939810001,1290.097393981,990.0973939810001,0.7339247000098499,1.1025239566369798,0
2026-01-19 11:45:00,ZONE_A,2,0.9876057,0.955045,2707.998,957.8142,458.4113,1416.2255,1291.7725,1,BATTERY_ALL,battery,CHARGE,300.0,1352.5590826475,1052.5590826475,0.7242392089911589,1.1106846624578957,0
2026-01-19 11:45:00,ZONE_A,2,0.9876057,0.955045,2707.998,957.8142,458.4113,1416.2255,1291.7725,2,RENEWABLE_ALL,renewable,CURTAIL,1052.5590826475,1352.5590826475,1052.5590826475,0.7242392089911589,1.1106846624578957,0
2026-01-19 12:00:00,ZONE_A,2,0.98604566,0.94371754,2704.9343,945.3404,493.58453,1438.9249,1266.0094,1,BATTERY_ALL,battery,CHARGE,300.0,1357.938666872746,1057.938666872746,0.73710065263635,1.1250831302244149,0
2026-01-19 12:00:00,ZONE_A,2,0.98604566,0.94371754,2704.9343,945.3404,493.58453,1438.9249,1266.0094,2,RENEWABLE_ALL,renewable,CURTAIL,1057.938666872746,1357.938666872746,1057.938666872746,0.73710065263635,1.1250831302244149,0
2026-01-19 12:15:00,ZONE_A,2,0.9770926,0.9397135,2693.7297,926.5013,503.4539,1429.9552,1263.7744999999998,1,BATTERY_ALL,battery,CHARGE,300.0,1343.7482058352,1043.7482058352,0.7401595266652704,1.1240875868699782,0
2026-01-19 12:15:00,ZONE_A,2,0.9770926,0.9397135,2693.7297,926.5013,503.4539,1429.9552,1263.7744999999998,2,RENEWABLE_ALL,renewable,CURTAIL,1043.7482058352,1343.7482058352,1043.7482058352,0.7401595266652704,1.1240875868699782,0
2026-01-19 12:30:00,ZONE_A,2,0.9795319,0.91008824,2686.9985,895.6282,601.53973,1497.168,1189.8305000000005,1,BATTERY_ALL,battery,CHARGE,300.0,1362.5549901043198,1062.5549901043198,0.7300725934779289,1.1193740206851455,0
2026-01-19 12:30:00,ZONE_A,2,0.9795319,0.91008824,2686.9985,895.6282,601.53973,1497.168,1189.8305000000005,2,RENEWABLE_ALL,renewable,CURTAIL,1062.5549901043198,1362.5549901043198,1062.5549901043198,0.7300725934779289,1.1193740206851455,0
2026-01-19 12:45:00,ZONE_A,2,0.9749128,0.9031838,2703.5056,840.84735,591.05743,1431.9048,1271.6008,1,BATTERY_ALL,battery,CHARGE,300.0,1293.27321850224,993.2732185022401,0.7468141081738565,1.116320743371593,0
2026-01-19 12:45:00,ZONE_A,2,0.9749128,0.9031838,2703.5056,840.84735,591.05743,1431.9048,1271.6008,2,RENEWABLE_ALL,renewable,CURTAIL,993.2732185022401,1293.27321850224,993.2732185022401,0.7468141081738565,1.116320743371593,0
2026-01-19 13:00:00,ZONE_A,2,0.98219717,0.6963282,2687.9822,772.04065,567.1752,1339.2158,1348.7664,1,BATTERY_ALL,battery,CHARGE,300.0,932.5337274255598,632.5337274255598,0.711595113866782,0.9780333227161171,0
2026-01-19 13:00:00,ZONE_A,2,0.98219717,0.6963282,2687.9822,772.04065,567.1752,1339.2158,1348.7664,2,RENEWABLE_ALL,renewable,CURTAIL,632.5337274255598,932.5337274255598,632.5337274255598,0.711595113866782,0.9780333227161171,0
2026-01-19 13:15:00,ZONE_A,2,0.9871122,0.9287412,2678.0112,722.1707,550.665,1272.8357,1405.1754999999998,1,BATTERY_ALL,battery,CHARGE,300.0,1182.1349554208402,882.1349554208402,0.7226245770419534,1.0603774227477547,0
2026-01-19 13:15:00,ZONE_A,2,0.9871122,0.9287412,2678.0112,722.1707,550.665,1272.8357,1405.1754999999998,2,RENEWABLE_ALL,renewable,CURTAIL,882.1349554208402,1182.1349554208402,882.1349554208402,0.7226245770419534,1.0603774227477547,0
2026-01-19 13:30:00,ZONE_A,2,0.98737156,0.9455379,2672.2139,700.64777,536.35223,1237.0,1435.2139000000002,1,BATTERY_ALL,battery,CHARGE,300.0,1169.6303823,869.6303823000001,0.7110811715767755,1.045261282043384,0
2026-01-19 13:30:00,ZONE_A,2,0.98737156,0.9455379,2672.2139,700.64777,536.35223,1237.0,1435.2139000000002,2,RENEWABLE_ALL,renewable,CURTAIL,869.6303823000001,1169.6303823,869.6303823000001,0.7110811715767755,1.045261282043384,0
2026-01-19 13:45:00,ZONE_A,2,0.98161215,0.9607137,2693.364,684.68176,524.8842,1209.5659,1483.7981,1,BATTERY_ALL,battery,CHARGE,300.0,1162.04653118283,862.04653118283,0.7085888095580882,1.040602105493096,0
2026-01-19 13:45:00,ZONE_A,2,0.98161215,0.9607137,2693.364,684.68176,524.8842,1209.5659,1483.7981,2,RENEWABLE_ALL,renewable,CURTAIL,862.04653118283,1162.04653118283,862.04653118283,0.7085888095580882,1.040602105493096,0
2026-01-19 14:00:00,ZONE_A,2,0.90837806,0.9288459,2698.1233,629.36475,583.7043,1213.0691,1485.0542000000005,1,BATTERY_ALL,battery,CHARGE,300.0,1126.7542599516898,826.7542599516898,0.7155404146418569,1.0374702043157253,0
2026-01-19 14:00:00,ZONE_A,2,0.90837806,0.9288459,2698.1233,629.36475,583.7043,1213.0691,1485.0542000000005,2,RENEWABLE_ALL,renewable,CURTAIL,826.7542599516898,1126.7542599516898,826.7542599516898,0.7155404146418569,1.0374702043157253,0
2026-01-19 14:15:00,ZONE_A,1,0.4618718,0.8576994,2696.254,554.4103,500.63428,1055.0446,1641.2094,1,BATTERY_ALL,battery,CHARGE,300.0,904.9111203932399,604.9111203932399,0.706915927849354,0.9654619631795384,0
2026-01-19 14:15:00,ZONE_A,1,0.4618718,0.8576994,2696.254,554.4103,500.63428,1055.0446,1641.2094,2,RENEWABLE_ALL,renewable,CURTAIL,604.9111203932399,904.9111203932399,604.9111203932399,0.706915927849354,0.9654619631795384,0
2026-01-19 14:30:00,ZONE_A,1,0.7213321,0.8576994,2673.4138,502.52032,479.8356,982.35596,1691.05784,1,BATTERY_ALL,battery,CHARGE,300.0,842.566117478424,542.566117478424,0.6895259650199039,0.9302591422755316,0
2026-01-19 14:30:00,ZONE_A,1,0.7213321,0.8576994,2673.4138,502.52032,479.8356,982.35596,1691.05784,2,RENEWABLE_ALL,renewable,CURTAIL,542.566117478424,842.566117478424,542.566117478424,0.6895259650199039,0.9302591422755316,0
2026-01-19 14:45:00,ZONE_A,1,0.87837523,0.79572463,2693.6724,415.0305,552.35675,967.3872,1726.2851999999998,1,BATTERY_ALL,battery,CHARGE,300.0,769.773821786736,469.773821786736,0.6898487445880518,0.9097841229961302,0
2026-01-19 14:45:00,ZONE_A,1,0.87837523,0.79572463,2693.6724,415.0305,552.35675,967.3872,1726.2851999999998,2,RENEWABLE_ALL,renewable,CURTAIL,469.773821786736,769.773821786736,469.773821786736,0.6898487445880518,0.9097841229961302,0
2026-01-19 15:00:00,ZONE_A,2,0.9295412,0.76987636,2796.606,412.64606,534.0586,946.70465,1849.90135,1,BATTERY_ALL,battery,CHARGE,300.0,728.845529937074,428.84552993707405,0.7154015511952515,0.9236431319093329,0
2026-01-19 15:00:00,ZONE_A,2,0.9295412,0.76987636,2796.606,412.64606,534.0586,946.70465,1849.90135,2,RENEWABLE_ALL,renewable,CURTAIL,428.84552993707405,728.845529937074,428.84552993707405,0.7154015511952515,0.9236431319093329,0
2026-01-19 15:15:00,ZONE_A,2,0.93920654,0.7905333,2794.254,377.0723,551.81805,928.8904,1865.3636,1,BATTERY_ALL,battery,CHARGE,300.0,734.31879325032,434.31879325032,0.7216052935250014,0.9314106637409467,0
2026-01-19 15:15:00,ZONE_A,2,0.93920654,0.7905333,2794.254,377.0723,551.81805,928.8904,1865.3636,2,RENEWABLE_ALL,renewable,CURTAIL,434.31879325032,734.31879325032,434.31879325032,0.7216052935250014,0.9314106637409467,0
2026-01-19 15:30:00,ZONE_A,2,0.8738818,0.6933365,2797.0764,309.03638,591.1791,900.21545,1896.86095,1,BATTERY_ALL,battery,CHARGE,300.0,624.1522293489251,324.15222934892506,0.7102459046392618,0.8885751135990462,0
2026-01-19 15:30:00,ZONE_A,2,0.8738818,0.6933365,2797.0764,309.03638,591.1791,900.21545,1896.86095,2,RENEWABLE_ALL,renewable,CURTAIL,324.15222934892506,624.1522293489251,324.15222934892506,0.7102459046392618,0.8885751135990462,0
2026-01-19 15:45:00,ZONE_A,2,0.6634699,0.7422945,2801.6523,251.76236,549.9138,801.67615,1999.97615,1,BATTERY_ALL,battery,CHARGE,300.0,595.0797969261749,295.07979692617494,0.7064328453628457,0.8764556450328032,0
2026-01-19 15:45:00,ZONE_A,2,0.6634699,0.7422945,2801.6523,251.76236,549.9138,801.67615,1999.97615,2,RENEWABLE_ALL,renewable,CURTAIL,295.07979692617494,595.0797969261749,295.07979692617494,0.7064328453628457,0.8764556450328032,0
2026-01-19 16:00:00,ZONE_A,1,0.8124111,0.52203643,2798.4294,190.27434,509.1431,699.4174,2099.012,1,BATTERY_ALL,battery,CHARGE,300.0,365.121362575882,65.12136257588202,0.6906759198834721,0.7949963095574198,0
2026-01-19 16:00:00,ZONE_A,1,0.8124111,0.52203643,2798.4294,190.27434,509.1431,699.4174,2099.012,2,RENEWABLE_ALL,renewable,CURTAIL,65.12136257588202,365.121362575882,65.12136257588202,0.6906759198834721,0.7949963095574198,0
2026-01-19 16:15:00,ZONE_A,1,0.83083,0.5300567,2806.298,171.6621,500.55255,672.21466,2134.08334,1,BATTERY_ALL,battery,CHARGE,300.0,356.31188437122205,56.31188437122205,0.6904502740768057,0.7922536699771207,0
2026-01-19 16:15:00,ZONE_A,1,0.83083,0.5300567,2806.298,171.6621,500.55255,672.21466,2134.08334,2,RENEWABLE_ALL,renewable,CURTAIL,56.31188437122205,356.31188437122205,56.31188437122205,0.6904502740768057,0.7922536699771207,0
2026-01-19 16:30:00,ZONE_A,1,0.9456879,0.56868273,2809.251,98.16773,577.2885,675.45624,2133.79476,1,BATTERY_ALL,battery,CHARGE,300.0,384.1202985587352,84.12029855873521,0.6922788905928575,0.8020275477026896,0
2026-01-19 16:30:00,ZONE_A,1,0.9456879,0.56868273,2809.251,98.16773,577.2885,675.45624,2133.79476,2,RENEWABLE_ALL,renewable,CURTAIL,84.12029855873521,384.1202985587352,84.12029855873521,0.6922788905928575,0.8020275477026896,0
2026-01-19 16:45:00,ZONE_A,1,0.9722415,0.60332423,2805.7825,58.446716,560.8579,619.3046,2186.4779,1,BATTERY_ALL,battery,CHARGE,300.0,373.641470930458,73.64147093045801,0.6908032688634749,0.7975579752072524,0
2026-01-19 16:45:00,ZONE_A,1,0.9722415,0.60332423,2805.7825,58.446716,560.8579,619.3046,2186.4779,2,RENEWABLE_ALL,renewable,CURTAIL,73.64147093045801,373.641470930458,73.64147093045801,0.6908032688634749,0.7975579752072524,0
2026-01-19 17:15:00,ZONE_A,1,0.97580326,0.52440345,2808.7761,9.742738,522.17377,531.9165,2276.8596,1,BATTERY_ALL,battery,CHARGE,278.938847711925,278.938847711925,0.0,0.6831464239556615,0.7628432378451006,0
2026-01-19 17:30:00,ZONE_A,1,0.98360556,0.60936564,2809.8376,0.0,492.73138,492.73138,2317.10622,1,BATTERY_ALL,battery,CHARGE,300.0,300.2535727217832,0.25357272178320045,0.6812000756576561,0.7669868109998035,0
2026-01-19 17:30:00,ZONE_A,1,0.98360556,0.60936564,2809.8376,0.0,492.73138,492.73138,2317.10622,2,RENEWABLE_ALL,renewable,CURTAIL,0.25357272178320045,300.2535727217832,0.25357272178320045,0.6812000756576561,0.7669868109998035,0
2026-01-19 18:30:00,ZONE_A,1,0.98221546,0.5731712,2805.5059,0.0,512.70667,512.70667,2292.79923,1,BATTERY_ALL,battery,CHARGE,293.868697291904,293.868697291904,0.0,0.6887737116180875,0.772736196822002,0
2026-01-19 19:30:00,ZONE_A,1,0.965002,0.5640207,2808.1223,0.0,488.83228,488.83228,2319.29002,1,BATTERY_ALL,battery,CHARGE,275.71152474819604,275.71152474819604,0.0,0.6828672330680352,0.7616419546777735,0
2026-01-19 20:15:00,ZONE_A,0,0.95013976,0.5731712,2638.409,0.0,497.86703,497.86703,2140.54197,1,BATTERY_ALL,battery,CHARGE,285.363043025536,285.363043025536,0.0,0.6497468513727643,0.7312791496420096,0
2026-01-19 20:30:00,ZONE_A,0,0.9840152,0.5731712,2615.6997,0.0,469.68512,469.68512,2146.01458,1,BATTERY_ALL,battery,CHARGE,269.209983852544,269.209983852544,0.0,0.6296318354209611,0.7065489739070845,0
2026-01-19 20:45:00,ZONE_A,0,0.9939224,0.5211417,2607.0427,0.0,458.99222,458.99222,2148.05048,1,BATTERY_ALL,battery,CHARGE,239.199985817574,239.199985817574,0.0,0.6326508042164533,0.7009936575267285,0
2026-01-19 21:15:00,ZONE_A,0,0.9876203,0.520704,2514.6836,0.8035786,577.39734,578.2009,1936.4827,1,BATTERY_ALL,battery,CHARGE,300.0,301.07152143359997,1.071521433599969,0.6250288543272094,0.7110492892681187,0
2026-01-19 21:15:00,ZONE_A,0,0.9876203,0.520704,2514.6836,0.8035786,577.39734,578.2009,1936.4827,2,RENEWABLE_ALL,renewable,CURTAIL,1.071521433599969,301.07152143359997,1.071521433599969,0.6250288543272094,0.7110492892681187,0
2026-01-19 21:30:00,ZONE_A,0,0.9898331,0.6993619,2478.4746,0.8035786,556.9293,557.7329,1920.7417,1,BATTERY_ALL,battery,CHARGE,300.0,390.05714063651,90.05714063650998,0.6108747431766639,0.7223196408022841,0
2026-01-19 21:30:00,ZONE_A,0,0.9898331,0.6993619,2478.4746,0.8035786,556.9293,557.7329,1920.7417,2,RENEWABLE_ALL,renewable,CURTAIL,90.05714063650998,390.05714063651,90.05714063650998,0.6108747431766639,0.7223196408022841,0
2026-01-19 21:45:00,ZONE_A,0,0.9875973,0.7593219,2468.0686,0.31297183,592.51935,592.83234,1875.23626,1,BATTERY_ALL,battery,CHARGE,300.0,450.150578790246,150.15057879024602,0.616439785446216,0.7450542368792584,0
2026-01-19 21:45:00,ZONE_A,0,0.9875973,0.7593219,2468.0686,0.31297183,592.51935,592.83234,1875.23626,2,RENEWABLE_ALL,renewable,CURTAIL,150.15057879024602,450.150578790246,150.15057879024602,0.616439785446216,0.7450542368792584,0
2026-01-19 22:00:00,ZONE_A,0,0.9898331,0.6414953,2430.5247,0.3355374,556.7236,557.0591,1873.4656,1,BATTERY_ALL,battery,CHARGE,300.0,357.35079447222995,57.35079447222995,0.5951875101392969,0.6972877374171657,0
2026-01-19 22:00:00,ZONE_A,0,0.9898331,0.6414953,2430.5247,0.3355374,556.7236,557.0591,1873.4656,2,RENEWABLE_ALL,renewable,CURTAIL,57.35079447222995,357.35079447222995,57.35079447222995,0.5951875101392969,0.6972877374171657,0
2026-01-19 22:15:00,ZONE_A,0,0.989846,0.7293464,2398.8232,0.38581583,516.6973,517.0831,1881.7401,1,BATTERY_ALL,battery,CHARGE,300.0,377.1326974858399,77.13269748583991,0.5795584034315077,0.6873106030005374,0
2026-01-19 22:15:00,ZONE_A,0,0.989846,0.7293464,2398.8232,0.38581583,516.6973,517.0831,1881.7401,2,RENEWABLE_ALL,renewable,CURTAIL,77.13269748583991,377.1326974858399,77.13269748583991,0.5795584034315077,0.6873106030005374,0
2026-01-19 22:30:00,ZONE_A,0,0.9939552,0.5964421,2366.3372,0.0,448.61423,448.61423,1917.72297,1,BATTERY_ALL,battery,CHARGE,267.572413431083,267.572413431083,0.0,0.5746221729012541,0.6510714340780279,0
2026-01-19 22:45:00,ZONE_A,0,0.9914654,0.69518566,2367.3237,0.0,461.69604,461.69604,1905.62766,1,BATTERY_ALL,battery,CHARGE,300.0,320.96446628678643,20.964466286786433,0.5697519576793154,0.6614560911431981,0
2026-01-19 22:45:00,ZONE_A,0,0.9914654,0.69518566,2367.3237,0.0,461.69604,461.69604,1905.62766,2,RENEWABLE_ALL,renewable,CURTAIL,20.964466286786433,320.96446628678643,20.964466286786433,0.5697519576793154,0.6614560911431981,0
2026-01-19 23:15:00,ZONE_A,0,0.9962716,0.6372547,2300.1196,0.71506417,486.30643,487.02148,1813.09812,1,BATTERY_ALL,battery,CHARGE,300.0,310.35672713095596,10.35672713095596,0.5444298839971078,0.6331032348168577,0
2026-01-19 23:15:00,ZONE_A,0,0.9962716,0.6372547,2300.1196,0.71506417,486.30643,487.02148,1813.09812,2,RENEWABLE_ALL,renewable,CURTAIL,10.35672713095596,310.35672713095596,10.35672713095596,0.5444298839971078,0.6331032348168577,0
2026-01-20 00:00:00,ZONE_A,0,0.9976451,0.68954206,2288.7278,0.0,474.49997,474.49997,1814.22783,1,BATTERY_ALL,battery,CHARGE,300.0,327.1876867837382,27.187686783738172,0.553105139994884,0.6465873364250077,0
2026-01-20 00:00:00,ZONE_A,0,0.9976451,0.68954206,2288.7278,0.0,474.49997,474.49997,1814.22783,2,RENEWABLE_ALL,renewable,CURTAIL,27.187686783738172,327.1876867837382,27.187686783738172,0.553105139994884,0.6465873364250077,0
2026-01-20 00:15:00,ZONE_A,0,0.9976006,0.6342344,2291.1782,0.0,481.54004,481.54004,1809.63816,1,BATTERY_ALL,battery,CHARGE,300.0,305.409258345376,5.409258345375974,0.5532457387515737,0.6405055270417923,0
2026-01-20 00:15:00,ZONE_A,0,0.9976006,0.6342344,2291.1782,0.0,481.54004,481.54004,1809.63816,2,RENEWABLE_ALL,renewable,CURTAIL,5.409258345375974,305.409258345376,5.409258345375974,0.5532457387515737,0.6405055270417923,0
2026-01-20 00:30:00,ZONE_A,0,0.99818844,0.53918606,2294.0288,0.75790596,532.5968,533.35474,1760.67406,1,BATTERY_ALL,battery,CHARGE,287.57744084292443,287.57744084292443,0.0,0.5619003444856983,0.6440653277657579,0
2026-01-20 00:45:00,ZONE_A,0,0.99821824,0.7046127,2290.9983,0.7856854,528.60675,529.39246,1761.6058400000002,1,BATTERY_ALL,battery,CHARGE,300.0,373.01665060024203,73.01665060024203,0.5621447433042082,0.6687209294256894,0
2026-01-20 00:45:00,ZONE_A,0,0.99821824,0.7046127,2290.9983,0.7856854,528.60675,529.39246,1761.6058400000002,2,RENEWABLE_ALL,renewable,CURTAIL,73.01665060024203,373.01665060024203,73.01665060024203,0.5621447433042082,0.6687209294256894,0
2026-01-20 01:00:00,ZONE_A,0,0.9976451,0.6709473,2292.281,0.0,461.73087,461.73087,1830.55013,1,BATTERY_ALL,battery,CHARGE,300.0,309.797080553151,9.797080553150977,0.5662041624015458,0.6547176141862237,0
2026-01-20 01:00:00,ZONE_A,0,0.9976451,0.6709473,2292.281,0.0,461.73087,461.73087,1830.55013,2,RENEWABLE_ALL,renewable,CURTAIL,9.797080553150977,309.797080553151,9.797080553150977,0.5662041624015458,0.6547176141862237,0
2026-01-20 01:15:00,ZONE_A,0,0.99760973,0.6709473,2286.9702,0.0,471.3105,471.3105,1815.6597,1,BATTERY_ALL,battery,CHARGE,300.0,316.22450743665,16.224507436650015,0.5455669228811876,0.635916782351038,0
2026-01-20 01:15:00,ZONE_A,0,0.99760973,0.6709473,2286.9702,0.0,471.3105,471.3105,1815.6597,2,RENEWABLE_ALL,renewable,CURTAIL,16.224507436650015,316.22450743665,16.224507436650015,0.5455669228811876,0.635916782351038,0
2026-01-20 01:30:00,ZONE_A,0,0.99692565,0.6626431,2290.168,0.6474918,486.62015,487.26764,1802.90036,1,BATTERY_ALL,battery,CHARGE,300.0,322.884539499284,22.884539499284017,0.5562496092130388,0.6485023349948376,0
2026-01-20 01:30:00,ZONE_A,0,0.99692565,0.6626431,2290.168,0.6474918,486.62015,487.26764,1802.90036,2,RENEWABLE_ALL,renewable,CURTAIL,22.884539499284017,322.884539499284,22.884539499284017,0.5562496092130388,0.6485023349948376,0
2026-01-20 01:45:00,ZONE_A,0,0.9971424,0.6097007,2295.8318,1.5718057,418.67276,420.24457,1875.58723,1,BATTERY_ALL,battery,CHARGE,256.223408500199,256.223408500199,0.0,0.5567296078917503,0.6299362962018582,0
2026-01-20 02:30:00,ZONE_A,0,0.9982152,0.72140074,2286.6375,0.5813238,553.157,553.7383,1732.8991999999998,1,BATTERY_ALL,battery,CHARGE,300.0,399.467219386342,99.46721938634198,0.569907575152779,0.6840410666632217,0
2026-01-20 02:30:00,ZONE_A,0,0.9982152,0.72140074,2286.6375,0.5813238,553.157,553.7383,1732.8991999999998,2,RENEWABLE_ALL,renewable,CURTAIL,99.46721938634198,399.467219386342,99.46721938634198,0.569907575152779,0.6840410666632217,0
2026-01-20 02:45:00,ZONE_A,0,0.9980414,0.545559,2285.0068,1.4613916,549.5283,550.9897,1734.0171,1,BATTERY_ALL,battery,CHARGE,300.0,300.5973897423,0.5973897422999812,0.565253363754454,0.651138332446007,0
2026-01-20 02:45:00,ZONE_A,0,0.9980414,0.545559,2285.0068,1.4613916,549.5283,550.9897,1734.0171,2,RENEWABLE_ALL,renewable,CURTAIL,0.5973897422999812,300.5973897423,0.5973897422999812,0.565253363754454,0.651138332446007,0
2026-01-20 03:00:00,ZONE_A,0,0.9981845,0.634129,2287.3945,0.0,530.7948,530.7948,1756.5996999999998,1,BATTERY_ALL,battery,CHARGE,300.0,336.59237572920006,36.59237572920006,0.5653655235315647,0.6615347739535216,0
2026-01-20 03:00:00,ZONE_A,0,0.9981845,0.634129,2287.3945,0.0,530.7948,530.7948,1756.5996999999998,2,RENEWABLE_ALL,renewable,CURTAIL,36.59237572920006,336.59237572920006,36.59237572920006,0.5653655235315647,0.6615347739535216,0
2026-01-20 03:15:00,ZONE_A,0,0.9978532,0.74541473,2289.6868,0.0,567.6903,567.6903,1721.9965,1,BATTERY_ALL,battery,CHARGE,300.0,423.164711698119,123.16471169811899,0.5728775424286274,0.6937817460374877,0
2026-01-20 03:15:00,ZONE_A,0,0.9978532,0.74541473,2289.6868,0.0,567.6903,567.6903,1721.9965,2,RENEWABLE_ALL,renewable,CURTAIL,123.16471169811899,423.164711698119,123.16471169811899,0.5728775424286274,0.6937817460374877,0
2026-01-20 03:30:00,ZONE_A,0,0.99650866,0.58299375,2287.6372,0.75790596,580.1498,580.9077,1706.7295,1,BATTERY_ALL,battery,CHARGE,300.0,338.66555842687495,38.66555842687495,0.561106924336974,0.6578685126839168,0
2026-01-20 03:30:00,ZONE_A,0,0.99650866,0.58299375,2287.6372,0.75790596,580.1498,580.9077,1706.7295,2,RENEWABLE_ALL,renewable,CURTAIL,38.66555842687495,338.66555842687495,38.66555842687495,0.561106924336974,0.6578685126839168,0
2026-01-20 03:45:00,ZONE_A,0,0.9963575,0.6828211,2288.809,1.3952236,472.4322,473.82742,1814.98158,1,BATTERY_ALL,battery,CHARGE,300.0,323.539360134562,23.539360134562003,0.5660498549577178,0.6584896723516505,0
2026-01-20 03:45:00,ZONE_A,0,0.9963575,0.6828211,2288.809,1.3952236,472.4322,473.82742,1814.98158,2,RENEWABLE_ALL,renewable,CURTAIL,23.539360134562003,323.539360134562,23.539360134562003,0.5660498549577178,0.6584896723516505,0
2026-01-20 04:00:00,ZONE_A,0,0.9965318,0.8186948,2287.4211,0.0,597.6776,597.6776,1689.7435,1,BATTERY_ALL,battery,CHARGE,300.0,489.31554319647995,189.31554319647995,0.5684865228028997,0.7082909640378396,0
2026-01-20 04:00:00,ZONE_A,0,0.9965318,0.8186948,2287.4211,0.0,597.6776,597.6776,1689.7435,2,RENEWABLE_ALL,renewable,CURTAIL,189.31554319647995,489.31554319647995,189.31554319647995,0.5684865228028997,0.7082909640378396,0
2026-01-20 04:15:00,ZONE_A,0,0.9965844,0.58604467,2292.1685,0.0,575.99304,575.99304,1716.1754600000004,1,BATTERY_ALL,battery,CHARGE,300.0,337.5576510490968,37.55765104909682,0.57426772986068,0.6707127732433666,0
2026-01-20 04:15:00,ZONE_A,0,0.9965844,0.58604467,2292.1685,0.0,575.99304,575.99304,1716.1754600000004,2,RENEWABLE_ALL,renewable,CURTAIL,37.55765104909682,337.5576510490968,37.55765104909682,0.57426772986068,0.6707127732433666,0
2026-01-20 04:30:00,ZONE_A,0,0.9969367,0.60731536,2280.1497,5.210383,576.6571,581.8675,1698.2822,1,BATTERY_ALL,battery,CHARGE,300.0,353.37707023479993,53.37707023479993,0.5625611511061824,0.6635260285461696,0
2026-01-20 04:30:00,ZONE_A,0,0.9969367,0.60731536,2280.1497,5.210383,576.6571,581.8675,1698.2822,2,RENEWABLE_ALL,renewable,CURTAIL,53.37707023479993,353.37707023479993,53.37707023479993,0.5625611511061824,0.6635260285461696,0
2026-01-20 04:45:00,ZONE_A,0,0.9950584,0.59073055,2269.9595,3.6120942,571.74414,575.35626,1694.60324,1,BATTERY_ALL,battery,CHARGE,300.0,339.880519915743,39.88051991574298,0.5631021548784477,0.660210875078153,0
2026-01-20 04:45:00,ZONE_A,0,0.9950584,0.59073055,2269.9595,3.6120942,571.74414,575.35626,1694.60324,2,RENEWABLE_ALL,renewable,CURTAIL,39.88051991574298,339.880519915743,39.88051991574298,0.5631021548784477,0.660210875078153,0
2026-01-20 05:00:00,ZONE_A,0,0.9959577,0.71320564,2591.5972,0.7762891,571.5962,572.3725,2019.2247,1,BATTERY_ALL,battery,CHARGE,300.0,408.21929518089996,108.21929518089996,0.6284413028119427,0.7450753874196333,0
2026-01-20 05:00:00,ZONE_A,0,0.9959577,0.71320564,2591.5972,0.7762891,571.5962,572.3725,2019.2247,2,RENEWABLE_ALL,renewable,CURTAIL,108.21929518089996,408.21929518089996,108.21929518089996,0.6284413028119427,0.7450753874196333,0
2026-01-20 05:15:00,ZONE_A,0,0.8725286,0.5872432,2592.1382,19.21829,583.6085,602.8268,1989.3114,1,BATTERY_ALL,battery,CHARGE,300.0,354.00593907776,54.00593907775999,0.6358126287983771,0.7369571830581721,0
2026-01-20 05:15:00,ZONE_A,0,0.8725286,0.5872432,2592.1382,19.21829,583.6085,602.8268,1989.3114,2,RENEWABLE_ALL,renewable,CURTAIL,54.00593907775999,354.00593907776,54.00593907775999,0.6358126287983771,0.7369571830581721,0
2026-01-20 05:30:00,ZONE_A,0,0.9732484,0.73533314,2597.447,6.007527,538.31494,544.32245,2053.12455,1,BATTERY_ALL,battery,CHARGE,300.0,400.258336330993,100.25833633099302,0.6275341408069894,0.7418936657344172,0
2026-01-20 05:30:00,ZONE_A,0,0.9732484,0.73533314,2597.447,6.007527,538.31494,544.32245,2053.12455,2,RENEWABLE_ALL,renewable,CURTAIL,100.25833633099302,400.258336330993,100.25833633099302,0.6275341408069894,0.7418936657344172,0
2026-01-20 05:45:00,ZONE_A,0,0.9896287,0.6335796,2626.2795,5.089481,498.38007,503.46954,2122.80996,1,BATTERY_ALL,battery,CHARGE,300.0,318.988029765384,18.988029765384,0.6402177385866529,0.7313571758710827,0
2026-01-20 05:45:00,ZONE_A,0,0.9896287,0.6335796,2626.2795,5.089481,498.38007,503.46954,2122.80996,2,RENEWABLE_ALL,renewable,CURTAIL,18.988029765384,318.988029765384,18.988029765384,0.6402177385866529,0.7313571758710827,0
2026-01-20 06:30:00,ZONE_A,1,0.9429508,0.60424244,2690.763,120.68722,340.84076,461.52798,2229.23502,1,BATTERY_ALL,battery,CHARGE,278.87479276347125,278.87479276347125,0.0,0.6634910529846677,0.7431695654167241,0
2026-01-20 06:45:00,ZONE_A,1,0.99495125,0.5713161,2764.1914,133.28093,326.82205,460.10297,2304.08843,1,BATTERY_ALL,battery,CHARGE,262.86423441881703,262.86423441881703,0.0,0.6750678901171704,0.7501719573027239,0
2026-01-20 07:00:00,ZONE_A,1,0.99174386,0.52691215,2798.9692,218.40425,255.67197,474.07623,2324.89297,1,BATTERY_ALL,battery,CHARGE,249.79652561319452,249.79652561319452,0.0,0.6848900990545795,0.7562605351477178,0
2026-01-20 07:30:00,ZONE_A,2,0.9838838,0.68464524,2880.0793,380.06006,306.5508,686.61084,2193.46846,1,BATTERY_ALL,battery,CHARGE,300.0,470.08484333840164,170.08484333840164,0.7109030798606654,0.8452130354993361,0
2026-01-20 07:30:00,ZONE_A,2,0.9838838,0.68464524,2880.0793,380.06006,306.5508,686.61084,2193.46846,2,RENEWABLE_ALL,renewable,CURTAIL,170.08484333840164,470.08484333840164,170.08484333840164,0.7109030798606654,0.8452130354993361,0
2026-01-20 07:45:00,ZONE_A,2,0.9847594,0.55408084,2928.2144,442.9566,293.46396,736.42053,2191.79387,1,BATTERY_ALL,battery,CHARGE,300.0,408.0365058556452,108.0365058556452,0.7256731123906827,0.8422549715653697,0
2026-01-20 07:45:00,ZONE_A,2,0.9847594,0.55408084,2928.2144,442.9566,293.46396,736.42053,2191.79387,2,RENEWABLE_ALL,renewable,CURTAIL,108.0365058556452,408.0365058556452,108.0365058556452,0.7256731123906827,0.8422549715653697,0
2026-01-20 08:00:00,ZONE_A,2,0.9561101,0.90070945,2936.5928,511.70166,385.15613,896.8578,2039.735,1,BATTERY_ALL,battery,CHARGE,300.0,807.80829576621,507.80829576621,0.7389293659199151,0.9697317368712826,0
2026-01-20 08:00:00,ZONE_A,2,0.9561101,0.90070945,2936.5928,511.70166,385.15613,896.8578,2039.735,2,RENEWABLE_ALL,renewable,CURTAIL,507.80829576621,807.80829576621,507.80829576621,0.7389293659199151,0.9697317368712826,0
2026-01-20 08:15:00,ZONE_A,3,0.9727465,0.90268546,2999.8452,608.2618,403.02728,1011.28906,1988.55614,1,BATTERY_ALL,battery,CHARGE,300.0,912.8759303190676,612.8759303190676,0.7727463789008128,1.0335680741676279,0
2026-01-20 08:15:00,ZONE_A,3,0.9727465,0.90268546,2999.8452,608.2618,403.02728,1011.28906,1988.55614,2,RENEWABLE_ALL,renewable,CURTAIL,612.8759303190676,912.8759303190676,612.8759303190676,0.7727463789008128,1.0335680741676279,0
2026-01-20 08:30:00,ZONE_A,3,0.98432285,0.8637671,3035.367,608.9772,503.95895,1112.9362,1922.4308,1,BATTERY_ALL,battery,CHARGE,300.0,961.3176739590201,661.3176739590201,0.7900906320697011,1.0647528255794907,0
2026-01-20 08:30:00,ZONE_A,3,0.98432285,0.8637671,3035.367,608.9772,503.95895,1112.9362,1922.4308,2,RENEWABLE_ALL,renewable,CURTAIL,661.3176739590201,961.3176739590201,661.3176739590201,0.7900906320697011,1.0647528255794907,0
2026-01-20 08:45:00,ZONE_A,3,0.9704211,0.77667344,3005.8472,689.9984,544.7485,1234.7468,1771.1004000000005,1,BATTERY_ALL,battery,CHARGE,300.0,958.995044684992,658.995044684992,0.7961618560992065,1.0701604412937218,0
2026-01-20 08:45:00,ZONE_A,3,0.9704211,0.77667344,3005.8472,689.9984,544.7485,1234.7468,1771.1004000000005,2,RENEWABLE_ALL,renewable,CURTAIL,658.995044684992,958.995044684992,658.995044684992,0.7961618560992065,1.0701604412937218,0
2026-01-20 09:00:00,ZONE_A,2,0.9771911,0.83070725,2752.197,699.3519,567.66046,1267.0125,1485.1845,1,BATTERY_ALL,battery,CHARGE,300.0,1052.516469590625,752.5164695906251,0.7398686914048938,1.0405876838683694,0
2026-01-20 09:00:00,ZONE_A,2,0.9771911,0.83070725,2752.197,699.3519,567.66046,1267.0125,1485.1845,2,RENEWABLE_ALL,renewable,CURTAIL,752.5164695906251,1052.516469590625,752.5164695906251,0.7398686914048938,1.0405876838683694,0
2026-01-20 09:15:00,ZONE_A,2,0.9820526,0.9159044,2700.8406,709.6933,538.4798,1248.1731,1452.6675,1,BATTERY_ALL,battery,CHARGE,300.0,1143.2072342516399,843.2072342516399,0.72004237398514,1.046673013780047,0
2026-01-20 09:15:00,ZONE_A,2,0.9820526,0.9159044,2700.8406,709.6933,538.4798,1248.1731,1452.6675,2,RENEWABLE_ALL,renewable,CURTAIL,843.2072342516399,1143.2072342516399,843.2072342516399,0.72004237398514,1.046673013780047,0
2026-01-20 09:30:00,ZONE_A,2,0.9825006,0.9213652,2728.743,726.028,569.72406,1295.7521,1432.9909,1,BATTERY_ALL,battery,CHARGE,300.0,1193.86089276692,893.86089276692,0.7287925393390481,1.0698956531831698,0
2026-01-20 09:30:00,ZONE_A,2,0.9825006,0.9213652,2728.743,726.028,569.72406,1295.7521,1432.9909,2,RENEWABLE_ALL,renewable,CURTAIL,893.86089276692,1193.86089276692,893.86089276692,0.7287925393390481,1.0698956531831698,0
2026-01-20 09:45:00,ZONE_A,2,0.9830104,0.93612534,2733.7598,768.13947,491.62357,1259.7631,1473.9967,1,BATTERY_ALL,battery,CHARGE,300.0,1179.2961603069539,879.2961603069539,0.727854177662191,1.0647959394028788,0
2026-01-20 09:45:00,ZONE_A,2,0.9830104,0.93612534,2733.7598,768.13947,491.62357,1259.7631,1473.9967,2,RENEWABLE_ALL,renewable,CURTAIL,879.2961603069539,1179.2961603069539,879.2961603069539,0.727854177662191,1.0647959394028788,0
2026-01-20 10:00:00,ZONE_A,2,0.9765128,0.8562066,2689.3552,799.3299,544.7507,1344.0806,1345.2746,1,BATTERY_ALL,battery,CHARGE,300.0,1150.81068065196,850.81068065196,0.7119707659855684,1.040773818864403,0
2026-01-20 10:00:00,ZONE_A,2,0.9765128,0.8562066,2689.3552,799.3299,544.7507,1344.0806,1345.2746,2,RENEWABLE_ALL,renewable,CURTAIL,850.81068065196,1150.81068065196,850.81068065196,0.7119707659855684,1.040773818864403,0
2026-01-20 10:15:00,ZONE_A,2,0.9688733,0.87894434,2692.162,828.80023,514.4645,1343.2646,1348.8973999999998,1,BATTERY_ALL,battery,CHARGE,300.0,1180.654817292364,880.654817292364,0.7116363771144856,1.0489663261172362,0
2026-01-20 10:15:00,ZONE_A,2,0.9688733,0.87894434,2692.162,828.80023,514.4645,1343.2646,1348.8973999999998,2,RENEWABLE_ALL,renewable,CURTAIL,880.654817292364,1180.654817292364,880.654817292364,0.7116363771144856,1.0489663261172362,0
2026-01-20 10:30:00,ZONE_A,2,0.69196784,0.9021611,2703.2087,825.1915,304.74146,1129.933,1573.2757,1,BATTERY_ALL,battery,CHARGE,300.0,1019.3815982063,719.3815982063,0.7084882544154394,0.9997401406911476,0
2026-01-20 10:30:00,ZONE_A,2,0.69196784,0.9021611,2703.2087,825.1915,304.74146,1129.933,1573.2757,2,RENEWABLE_ALL,renewable,CURTAIL,719.3815982063,1019.3815982063,719.3815982063,0.7084882544154394,0.9997401406911476,0
2026-01-20 10:45:00,ZONE_A,2,0.5536866,0.93064636,2689.671,821.155,310.5814,1131.7365,1557.9344999999998,1,BATTERY_ALL,battery,CHARGE,300.0,1053.24645420414,753.24645420414,0.7055677964104704,1.006495355860269,0
2026-01-20 10:45:00,ZONE_A,2,0.5536866,0.93064636,2689.671,821.155,310.5814,1131.7365,1557.9344999999998,2,RENEWABLE_ALL,renewable,CURTAIL,753.24645420414,1053.24645420414,753.24645420414,0.7055677964104704,1.006495355860269,0
2026-01-20 11:00:00,ZONE_A,2,0.9512709,0.9606748,2703.9377,847.6013,426.22324,1273.8246,1430.1131,1,BATTERY_ALL,battery,CHARGE,300.0,1223.73119284008,923.73119284008,0.7004396987870274,1.0500771836695175,0
2026-01-20 11:00:00,ZONE_A,2,0.9512709,0.9606748,2703.9377,847.6013,426.22324,1273.8246,1430.1131,2,RENEWABLE_ALL,renewable,CURTAIL,923.73119284008,1223.73119284008,923.73119284008,0.7004396987870274,1.0500771836695175,0
2026-01-20 11:15:00,ZONE_A,2,0.90137,0.959983,2714.0708,798.29694,353.32187,1151.6188,1562.452,1,BATTERY_ALL,battery,CHARGE,300.0,1105.5344704804,805.5344704803999,0.7019826324171197,1.0178496250783258,0
2026-01-20 11:15:00,ZONE_A,2,0.90137,0.959983,2714.0708,798.29694,353.32187,1151.6188,1562.452,2,RENEWABLE_ALL,renewable,CURTAIL,805.5344704803999,1105.5344704804,805.5344704803999,0.7019826324171197,1.0178496250783258,0
2026-01-20 11:30:00,ZONE_A,2,0.95596707,0.959983,2744.3423,754.0527,259.04092,1013.0936,1731.2486999999996,1,BATTERY_ALL,battery,CHARGE,300.0,972.5526334088,672.5526334088,0.7215772330827691,0.9994494150099229,0
2026-01-20 11:30:00,ZONE_A,2,0.95596707,0.959983,2744.3423,754.0527,259.04092,1013.0936,1731.2486999999996,2,RENEWABLE_ALL,renewable,CURTAIL,672.5526334088,972.5526334088,672.5526334088,0.7215772330827691,0.9994494150099229,0
2026-01-20 11:45:00,ZONE_A,2,0.9671719,0.959983,2761.925,755.8866,297.6791,1053.5657,1708.3593,1,BATTERY_ALL,battery,CHARGE,300.0,1011.4051613831001,711.4051613831001,0.7278466407524259,1.0168195449861985,0
2026-01-20 11:45:00,ZONE_A,2,0.9671719,0.959983,2761.925,755.8866,297.6791,1053.5657,1708.3593,2,RENEWABLE_ALL,renewable,CURTAIL,711.4051613831001,1011.4051613831001,711.4051613831001,0.7278466407524259,1.0168195449861985,0
2026-01-20 12:00:00,ZONE_A,1,0.77134705,0.95766807,2691.3389,844.0928,225.22368,1069.3164,1622.0225000000005,1,BATTERY_ALL,battery,CHARGE,300.0,1024.050173007348,724.0501730073479,0.6931019241520251,0.9856876888451276,0
2026-01-20 12:00:00,ZONE_A,1,0.77134705,0.95766807,2691.3389,844.0928,225.22368,1069.3164,1622.0225000000005,2,RENEWABLE_ALL,renewable,CURTAIL,724.0501730073479,1024.050173007348,724.0501730073479,0.6931019241520251,0.9856876888451276,0
2026-01-20 12:15:00,ZONE_A,1,0.54317576,0.95766807,2690.465,792.55084,291.19254,1083.7434,1606.7216,1,BATTERY_ALL,battery,CHARGE,300.0,1037.866450253238,737.8664502532381,0.7046860918734128,1.001219364369358,0
2026-01-20 12:15:00,ZONE_A,1,0.54317576,0.95766807,2690.465,792.55084,291.19254,1083.7434,1606.7216,2,RENEWABLE_ALL,renewable,CURTAIL,737.8664502532381,1037.866450253238,737.8664502532381,0.7046860918734128,1.001219364369358,0
2026-01-20 12:30:00,ZONE_A,1,0.6612309,0.9354268,2695.3086,757.23773,265.44406,1022.68176,1672.62684,1,BATTERY_ALL,battery,CHARGE,300.0,956.6439261751681,656.6439261751681,0.6879525212277977,0.9612793582595429,0
2026-01-20 12:30:00,ZONE_A,1,0.6612309,0.9354268,2695.3086,757.23773,265.44406,1022.68176,1672.62684,2,RENEWABLE_ALL,renewable,CURTAIL,656.6439261751681,956.6439261751681,656.6439261751681,0.6879525212277977,0.9612793582595429,0
2026-01-20 12:45:00,ZONE_A,1,0.74984497,0.95909965,2682.2231,808.819,319.82697,1128.646,1553.5771000000002,1,BATTERY_ALL,battery,CHARGE,300.0,1082.4839835738999,782.4839835738999,0.6948688204793442,1.0041499597797379,0
2026-01-20 12:45:00,ZONE_A,1,0.74984497,0.95909965,2682.2231,808.819,319.82697,1128.646,1553.5771000000002,2,RENEWABLE_ALL,renewable,CURTAIL,782.4839835738999,1082.4839835738999,782.4839835738999,0.6948688204793442,1.0041499597797379,0
2026-01-20 13:00:00,ZONE_A,2,0.93022954,0.959983,2726.7358,789.3807,287.45825,1076.8389,1649.8969,1,BATTERY_ALL,battery,CHARGE,300.0,1033.7470377387,733.7470377387001,0.716872448075569,1.0122287455347327,0
2026-01-20 13:00:00,ZONE_A,2,0.93022954,0.959983,2726.7358,789.3807,287.45825,1076.8389,1649.8969,2,RENEWABLE_ALL,renewable,CURTAIL,733.7470377387001,1033.7470377387,733.7470377387001,0.716872448075569,1.0122287455347327,0
2026-01-20 13:15:00,ZONE_A,2,0.95716417,0.959983,2753.951,754.1451,312.48627,1066.6313,1687.3197,1,BATTERY_ALL,battery,CHARGE,300.0,1023.9479152679,723.9479152679,0.7329451580116193,1.0255017062216822,0
2026-01-20 13:15:00,ZONE_A,2,0.95716417,0.959983,2753.951,754.1451,312.48627,1066.6313,1687.3197,2,RENEWABLE_ALL,renewable,CURTAIL,723.9479152679,1023.9479152679,723.9479152679,0.7329451580116193,1.0255017062216822,0
2026-01-20 13:30:00,ZONE_A,1,0.9192449,0.959983,2700.1443,779.6946,212.41357,992.10815,1708.03615,1,BATTERY_ALL,battery,CHARGE,300.0,952.40695816145,652.40695816145,0.6931089757970078,0.9652252504294568,0
2026-01-20 13:30:00,ZONE_A,1,0.9192449,0.959983,2700.1443,779.6946,212.41357,992.10815,1708.03615,2,RENEWABLE_ALL,renewable,CURTAIL,652.40695816145,952.40695816145,652.40695816145,0.6931089757970078,0.9652252504294568,0
2026-01-20 13:45:00,ZONE_A,1,0.94595855,0.9309125,2687.7954,717.7357,184.12802,901.8638,1785.9316,1,BATTERY_ALL,battery,CHARGE,300.0,839.5562847175,539.5562847175,0.6885218106128359,0.9283950356039675,0
2026-01-20 13:45:00,ZONE_A,1,0.94595855,0.9309125,2687.7954,717.7357,184.12802,901.8638,1785.9316,2,RENEWABLE_ALL,renewable,CURTAIL,539.5562847175,839.5562847175,539.5562847175,0.6885218106128359,0.9283950356039675,0
2026-01-20 14:00:00,ZONE_A,1,0.9380067,0.9089901,2693.3123,666.3426,181.9391,848.2817,1845.0306,1,BATTERY_ALL,battery,CHARGE,300.0,771.07966731117,471.07966731117006,0.6859043841179305,0.906212861270675,0
2026-01-20 14:00:00,ZONE_A,1,0.9380067,0.9089901,2693.3123,666.3426,181.9391,848.2817,1845.0306,2,RENEWABLE_ALL,renewable,CURTAIL,471.07966731117006,771.07966731117,471.07966731117006,0.6859043841179305,0.906212861270675,0
2026-01-20 14:15:00,ZONE_A,1,0.9265815,0.9392682,2681.1846,635.5589,294.6497,930.2086,1750.976,1,BATTERY_ALL,battery,CHARGE,300.0,873.71535734652,573.71535734652,0.6795580931941617,0.9291910533707876,0
2026-01-20 14:15:00,ZONE_A,1,0.9265815,0.9392682,2681.1846,635.5589,294.6497,930.2086,1750.976,2,RENEWABLE_ALL,renewable,CURTAIL,573.71535734652,873.71535734652,573.71535734652,0.6795580931941617,0.9291910533707876,0
2026-01-20 14:30:00,ZONE_A,1,0.9874069,0.9452246,2680.5574,623.27014,168.81291,792.08307,1888.47433,1,BATTERY_ALL,battery,CHARGE,300.0,748.696403007522,448.696403007522,0.6735249373487077,0.8874381960478901,0
2026-01-20 14:30:00,ZONE_A,1,0.9874069,0.9452246,2680.5574,623.27014,168.81291,792.08307,1888.47433,2,RENEWABLE_ALL,renewable,CURTAIL,448.696403007522,748.696403007522,448.696403007522,0.6735249373487077,0.8874381960478901,0
2026-01-20 14:45:00,ZONE_A,1,0.96152955,0.88798624,2694.719,537.1362,173.18471,710.3209,1984.3981,1,BATTERY_ALL,battery,CHARGE,300.0,630.7551851844161,330.75518518441606,0.6670768328036235,0.8472926005777532,0
2026-01-20 14:45:00,ZONE_A,1,0.96152955,0.88798624,2694.719,537.1362,173.18471,710.3209,1984.3981,2,RENEWABLE_ALL,renewable,CURTAIL,330.75518518441606,630.7551851844161,330.75518518441606,0.6670768328036235,0.8472926005777532,0
2026-01-20 15:00:00,ZONE_A,1,0.8971169,0.8481856,2808.9932,509.88754,177.93341,687.8209,2121.1723,1,BATTERY_ALL,battery,CHARGE,300.0,583.39978275904,283.39978275904,0.6991998396806631,0.8658854924282162,0
2026-01-20 15:00:00,ZONE_A,1,0.8971169,0.8481856,2808.9932,509.88754,177.93341,687.8209,2121.1723,2,RENEWABLE_ALL,renewable,CURTAIL,283.39978275904,583.39978275904,283.39978275904,0.6991998396806631,0.8658854924282162,0
2026-01-20 15:15:00,ZONE_A,1,0.8968696,0.7430893,2804.8184,449.2391,240.68831,689.9274,2114.891,1,BATTERY_ALL,battery,CHARGE,300.0,512.67766871682,212.67766871682,0.6897595396000628,0.8362388739762708,0
2026-01-20 15:15:00,ZONE_A,1,0.8968696,0.7430893,2804.8184,449.2391,240.68831,689.9274,2114.891,2,RENEWABLE_ALL,renewable,CURTAIL,212.67766871682,512.67766871682,212.67766871682,0.6897595396000628,0.8362388739762708,0
2026-01-20 15:30:00,ZONE_A,1,0.90917146,0.68795764,2804.8064,395.8715,263.80548,659.677,2145.1294,1,BATTERY_ALL,battery,CHARGE,300.0,453.82983208228006,153.82983208228006,0.696538370968282,0.8262040376746735,0
2026-01-20 15:30:00,ZONE_A,1,0.90917146,0.68795764,2804.8064,395.8715,263.80548,659.677,2145.1294,2,RENEWABLE_ALL,renewable,CURTAIL,153.82983208228006,453.82983208228006,153.82983208228006,0.696538370968282,0.8262040376746735,0
2026-01-20 15:45:00,ZONE_A,1,0.95199144,0.7778967,2803.3804,336.2002,243.70015,579.9003,2223.4801,1,BATTERY_ALL,battery,CHARGE,300.0,451.10252969901,151.10252969901,0.6880837522640318,0.8169701897080276,0
2026-01-20 15:45:00,ZONE_A,1,0.95199144,0.7778967,2803.3804,336.2002,243.70015,579.9003,2223.4801,2,RENEWABLE_ALL,renewable,CURTAIL,151.10252969901,451.10252969901,151.10252969901,0.6880837522640318,0.8169701897080276,0
2026-01-20 16:00:00,ZONE_A,1,0.96527326,0.72103393,2797.8208,266.79132,208.76866,475.56,2322.2608,1,BATTERY_ALL,battery,CHARGE,300.0,342.8948957508,42.8948957508,0.6828198077037322,0.7807897782439444,0
2026-01-20 16:00:00,ZONE_A,1,0.96527326,0.72103393,2797.8208,266.79132,208.76866,475.56,2322.2608,2,RENEWABLE_ALL,renewable,CURTAIL,42.8948957508,342.8948957508,42.8948957508,0.6828198077037322,0.7807897782439444,0
2026-01-21 07:15:00,ZONE_A,1,0.62602264,0.8129868,2845.4155,273.5916,1.6949434,275.28656,2570.12894,1,BATTERY_ALL,battery,CHARGE,223.80433949740802,223.80433949740802,0.0,0.6946559054247271,0.7586000026141495,0
2026-01-21 07:30:00,ZONE_A,2,0.95662224,0.6685291,2876.1086,295.3903,2.3433862,297.73367,2578.37493,1,BATTERY_ALL,battery,CHARGE,199.043622444797,199.043622444797,0.0,0.7043438881313149,0.7612134947135638,0
2026-01-21 07:45:00,ZONE_A,2,0.9671182,0.8954802,2943.304,342.9245,0.3427841,343.26727,2600.0367300000003,1,BATTERY_ALL,battery,CHARGE,300.0,307.389043593054,7.389043593053998,0.7234176894476884,0.8112431307405702,0
2026-01-21 07:45:00,ZONE_A,2,0.9671182,0.8954802,2943.304,342.9245,0.3427841,343.26727,2600.0367300000003,2,RENEWABLE_ALL,renewable,CURTAIL,7.389043593053998,307.389043593054,7.389043593053998,0.7234176894476884,0.8112431307405702,0
2026-01-21 08:00:00,ZONE_A,2,0.9600566,0.8173491,2957.2827,419.45346,1.9616699,421.41513,2535.8675700000003,1,BATTERY_ALL,battery,CHARGE,300.0,344.44327723188303,44.44327723188303,0.719746022379722,0.8181583876193882,0
2026-01-21 08:00:00,ZONE_A,2,0.9600566,0.8173491,2957.2827,419.45346,1.9616699,421.41513,2535.8675700000003,2,RENEWABLE_ALL,renewable,CURTAIL,44.44327723188303,344.44327723188303,44.44327723188303,0.719746022379722,0.8181583876193882,0
2026-01-21 08:15:00,ZONE_A,3,0.8473984,0.63832057,3072.736,436.57123,4.013117,440.58435,2632.15165,1,BATTERY_ALL,battery,CHARGE,281.2340534250795,281.2340534250795,0.0,0.8099359177535721,0.8902885047096062,0
2026-01-21 08:30:00,ZONE_A,3,0.8735111,0.9209715,3052.9263,484.5269,6.0107794,490.53766,2562.38864,1,BATTERY_ALL,battery,CHARGE,300.0,451.77120453669005,151.77120453669005,0.7673349422178488,0.8964124296649115,0
2026-01-21 08:30:00,ZONE_A,3,0.8735111,0.9209715,3052.9263,484.5269,6.0107794,490.53766,2562.38864,2,RENEWABLE_ALL,renewable,CURTAIL,151.77120453669005,451.77120453669005,151.77120453669005,0.7673349422178488,0.8964124296649115,0
2026-01-21 08:45:00,ZONE_A,2,0.77796733,0.9034414,3023.2834,540.0178,0.33543062,540.3533,2482.9301,1,BATTERY_ALL,battery,CHARGE,300.0,488.17754184662,188.17754184662,0.7492841957795634,0.8887634939543221,0
2026-01-21 08:45:00,ZONE_A,2,0.77796733,0.9034414,3023.2834,540.0178,0.33543062,540.3533,2482.9301,2,RENEWABLE_ALL,renewable,CURTAIL,188.17754184662,488.17754184662,188.17754184662,0.7492841957795634,0.8887634939543221,0
2026-01-21 09:00:00,ZONE_A,1,0.95738924,0.8631263,2679.5862,573.8288,7.927,581.7558,2097.8304000000003,1,BATTERY_ALL,battery,CHARGE,300.0,502.12873115754,202.12873115754002,0.6591915355068236,0.8026568877780328,0
2026-01-21 09:00:00,ZONE_A,1,0.95738924,0.8631263,2679.5862,573.8288,7.927,581.7558,2097.8304000000003,2,RENEWABLE_ALL,renewable,CURTAIL,202.12873115754002,502.12873115754,202.12873115754002,0.6591915355068236,0.8026568877780328,0
2026-01-21 09:15:00,ZONE_A,1,0.934872,0.971016,2679.1812,581.4803,6.7337217,588.214,2090.9672,1,BATTERY_ALL,battery,CHARGE,300.0,571.1652054240001,271.1652054240001,0.6638834024781451,0.8270734620293222,0
2026-01-21 09:15:00,ZONE_A,1,0.934872,0.971016,2679.1812,581.4803,6.7337217,588.214,2090.9672,2,RENEWABLE_ALL,renewable,CURTAIL,271.1652054240001,571.1652054240001,271.1652054240001,0.6638834024781451,0.8270734620293222,0
2026-01-21 09:30:00,ZONE_A,1,0.95524806,0.83444923,2705.2642,631.0082,3.9366298,634.9448,2070.3194000000003,1,BATTERY_ALL,battery,CHARGE,300.0,529.829199452504,229.82919945250399,0.6673401874600994,0.8187199593828772,0
2026-01-21 09:30:00,ZONE_A,1,0.95524806,0.83444923,2705.2642,631.0082,3.9366298,634.9448,2070.3194000000003,2,RENEWABLE_ALL,renewable,CURTAIL,229.82919945250399,529.829199452504,229.82919945250399,0.6673401874600994,0.8187199593828772,0
2026-01-21 09:45:00,ZONE_A,1,0.9439059,0.9179183,2710.1406,661.8615,6.2791243,668.1406,2042.0,1,BATTERY_ALL,battery,CHARGE,300.0,613.2984837129799,313.2984837129799,0.6719463490959274,0.8471744879985474,0
2026-01-21 09:45:00,ZONE_A,1,0.9439059,0.9179183,2710.1406,661.8615,6.2791243,668.1406,2042.0,2,RENEWABLE_ALL,renewable,CURTAIL,313.2984837129799,613.2984837129799,313.2984837129799,0.6719463490959274,0.8471744879985474,0
2026-01-21 10:00:00,ZONE_A,1,0.98413706,0.923312,2691.0085,640.8856,7.235788,648.1214,2042.8871,1,BATTERY_ALL,battery,CHARGE,300.0,598.4182660768,298.4182660768,0.6696431712178207,0.8406198191700146,0
2026-01-21 10:00:00,ZONE_A,1,0.98413706,0.923312,2691.0085,640.8856,7.235788,648.1214,2042.8871,2,RENEWABLE_ALL,renewable,CURTAIL,298.4182660768,598.4182660768,298.4182660768,0.6696431712178207,0.8406198191700146,0
2026-01-21 10:15:00,ZONE_A,1,0.97479826,0.9261771,2706.6243,690.16974,7.1890664,697.3588,2009.2655,1,BATTERY_ALL,battery,CHARGE,300.0,645.87775104348,345.87775104348,0.678425283544507,0.8629617843916695,0
2026-01-21 10:15:00,ZONE_A,1,0.97479826,0.9261771,2706.6243,690.16974,7.1890664,697.3588,2009.2655,2,RENEWABLE_ALL,renewable,CURTAIL,345.87775104348,645.87775104348,345.87775104348,0.678425283544507,0.8629617843916695,0
2026-01-21 10:30:00,ZONE_A,1,0.9877318,0.9471119,2688.645,742.36346,12.346856,754.7103,1933.9347,1,BATTERY_ALL,battery,CHARGE,300.0,714.79510618257,414.79510618256995,0.66918021845975,0.8734073922686921,0
2026-01-21 10:30:00,ZONE_A,1,0.9877318,0.9471119,2688.645,742.36346,12.346856,754.7103,1933.9347,2,RENEWABLE_ALL,renewable,CURTAIL,414.79510618256995,714.79510618257,414.79510618256995,0.66918021845975,0.8734073922686921,0
2026-01-21 10:45:00,ZONE_A,1,0.98556024,0.9511242,2676.9507,769.0895,0.52934134,769.61884,1907.33186,1,BATTERY_ALL,battery,CHARGE,300.0,732.003103499928,432.003103499928,0.6755857421333966,0.884729486628048,0
2026-01-21 10:45:00,ZONE_A,1,0.98556024,0.9511242,2676.9507,769.0895,0.52934134,769.61884,1907.33186,2,RENEWABLE_ALL,renewable,CURTAIL,432.003103499928,732.003103499928,432.003103499928,0.6755857421333966,0.884729486628048,0
2026-01-21 11:00:00,ZONE_A,1,0.96117085,0.9488127,2703.687,804.1102,0.6731078,804.7833,1898.9037,1,BATTERY_ALL,battery,CHARGE,300.0,763.58861578791,463.58861578791004,0.6870730576168746,0.9052412342166791,0
2026-01-21 11:00:00,ZONE_A,1,0.96117085,0.9488127,2703.687,804.1102,0.6731078,804.7833,1898.9037,2,RENEWABLE_ALL,renewable,CURTAIL,463.58861578791004,763.58861578791,463.58861578791004,0.6870730576168746,0.9052412342166791,0
2026-01-21 11:15:00,ZONE_A,2,0.7226211,0.95325613,2757.0205,775.22015,9.020125,784.2403,1972.7802,1,BATTERY_ALL,battery,CHARGE,300.0,747.581873368039,447.58187336803906,0.7097688814999584,0.9233637031264705,0
2026-01-21 11:15:00,ZONE_A,2,0.7226211,0.95325613,2757.0205,775.22015,9.020125,784.2403,1972.7802,2,RENEWABLE_ALL,renewable,CURTAIL,447.58187336803906,747.581873368039,447.58187336803906,0.7097688814999584,0.9233637031264705,0
2026-01-21 11:30:00,ZONE_A,1,0.9556191,0.9603029,2720.3474,746.58264,1.6710677,748.2537,1972.0937,1,BATTERY_ALL,battery,CHARGE,300.0,718.55019804573,418.55019804573,0.6820568951006835,0.8873569523057575,0
2026-01-21 11:30:00,ZONE_A,1,0.9556191,0.9603029,2720.3474,746.58264,1.6710677,748.2537,1972.0937,2,RENEWABLE_ALL,renewable,CURTAIL,418.55019804573,718.55019804573,418.55019804573,0.6820568951006835,0.8873569523057575,0
2026-01-21 11:45:00,ZONE_A,1,0.9586107,0.95078623,2703.579,752.50867,4.164271,756.6729,1946.9061,1,BATTERY_ALL,battery,CHARGE,300.0,719.434173934167,419.434173934167,0.6789540875625192,0.8845067093201785,0
2026-01-21 11:45:00,ZONE_A,1,0.9586107,0.95078623,2703.579,752.50867,4.164271,756.6729,1946.9061,2,RENEWABLE_ALL,renewable,CURTAIL,419.434173934167,719.434173934167,419.434173934167,0.6789540875625192,0.8845067093201785,0
2026-01-21 12:00:00,ZONE_A,1,0.93161166,0.9660669,2716.0864,787.36914,4.0775514,791.4467,1924.6397,1,BATTERY_ALL,battery,CHARGE,300.0,764.5904599842299,464.59045998422994,0.690762999077086,0.909217416913538,0
2026-01-21 12:00:00,ZONE_A,1,0.93161166,0.9660669,2716.0864,787.36914,4.0775514,791.4467,1924.6397,2,RENEWABLE_ALL,renewable,CURTAIL,464.59045998422994,764.5904599842299,464.59045998422994,0.690762999077086,0.909217416913538,0
2026-01-21 12:15:00,ZONE_A,1,0.9684607,0.9241542,2699.9744,750.3936,5.4523773,755.846,1944.1284,1,BATTERY_ALL,battery,CHARGE,300.0,698.5182554532,398.5182554532,0.6800255558510353,0.8796022009538825,0
2026-01-21 12:15:00,ZONE_A,1,0.9684607,0.9241542,2699.9744,750.3936,5.4523773,755.846,1944.1284,2,RENEWABLE_ALL,renewable,CURTAIL,398.5182554532,698.5182554532,398.5182554532,0.6800255558510353,0.8796022009538825,0
2026-01-21 12:30:00,ZONE_A,1,0.9855285,0.9660669,2684.2031,771.57587,4.3005304,775.8764,1908.3267,1,BATTERY_ALL,battery,CHARGE,300.0,749.54850853116,449.54850853116,0.676402898023072,0.8905596154198299,0
2026-01-21 12:30:00,ZONE_A,1,0.9855285,0.9660669,2684.2031,771.57587,4.3005304,775.8764,1908.3267,2,RENEWABLE_ALL,renewable,CURTAIL,449.54850853116,749.54850853116,449.54850853116,0.676402898023072,0.8905596154198299,0
2026-01-21 12:45:00,ZONE_A,1,0.99149126,0.9547775,2671.7703,796.1623,3.3039086,799.4662,1872.3041000000003,1,BATTERY_ALL,battery,CHARGE,300.0,763.3123397704999,463.3123397704999,0.6703776720449994,0.8884669126587365,0
2026-01-21 12:45:00,ZONE_A,1,0.99149126,0.9547775,2671.7703,796.1623,3.3039086,799.4662,1872.3041000000003,2,RENEWABLE_ALL,renewable,CURTAIL,463.3123397704999,763.3123397704999,463.3123397704999,0.6703776720449994,0.8884669126587365,0
2026-01-21 13:00:00,ZONE_A,1,0.84567,0.90938526,2738.4817,657.5024,13.308592,670.811,2067.6707,1,BATTERY_ALL,battery,CHARGE,300.0,610.02563564586,310.02563564586,0.6912618421853922,0.8655548815049751,0
2026-01-21 13:00:00,ZONE_A,1,0.84567,0.90938526,2738.4817,657.5024,13.308592,670.811,2067.6707,2,RENEWABLE_ALL,renewable,CURTAIL,310.02563564586,610.02563564586,310.02563564586,0.6912618421853922,0.8655548815049751,0
2026-01-21 13:15:00,ZONE_A,1,0.97904944,0.93015504,2705.2305,638.8135,4.1441827,642.95764,2062.27286,1,BATTERY_ALL,battery,CHARGE,300.0,598.0502893525056,298.0502893525056,0.6787984885801854,0.8496700003577745,0
2026-01-21 13:15:00,ZONE_A,1,0.97904944,0.93015504,2705.2305,638.8135,4.1441827,642.95764,2062.27286,2,RENEWABLE_ALL,renewable,CURTAIL,298.0502893525056,598.0502893525056,298.0502893525056,0.6787984885801854,0.8496700003577745,0
2026-01-21 13:30:00,ZONE_A,1,0.9789934,0.94736046,2690.9202,620.6705,7.883629,628.5541,2062.3661,1,BATTERY_ALL,battery,CHARGE,300.0,595.4673013108859,295.4673013108859,0.663399293852328,0.8335328090383384,0
2026-01-21 13:30:00,ZONE_A,1,0.9789934,0.94736046,2690.9202,620.6705,7.883629,628.5541,2062.3661,2,RENEWABLE_ALL,renewable,CURTAIL,295.4673013108859,595.4673013108859,295.4673013108859,0.663399293852328,0.8335328090383384,0
2026-01-21 13:45:00,ZONE_A,1,0.9755858,0.95491886,2686.0422,558.472,7.9150167,566.387,2119.6552,1,BATTERY_ALL,battery,CHARGE,300.0,540.85362835882,240.85362835881995,0.6610571096245347,0.8155867181958627,0
2026-01-21 13:45:00,ZONE_A,1,0.9755858,0.95491886,2686.0422,558.472,7.9150167,566.387,2119.6552,2,RENEWABLE_ALL,renewable,CURTAIL,240.85362835881995,540.85362835882,240.85362835881995,0.6610571096245347,0.8155867181958627,0
2026-01-21 14:00:00,ZONE_A,0,0.757828,0.9261868,2671.0525,497.8537,11.65888,509.51257,2161.53993,1,BATTERY_ALL,battery,CHARGE,300.0,471.90381676807596,171.90381676807596,0.6481209025091261,0.7829505648795742,0
2026-01-21 14:00:00,ZONE_A,0,0.757828,0.9261868,2671.0525,497.8537,11.65888,509.51257,2161.53993,2,RENEWABLE_ALL,renewable,CURTAIL,171.90381676807596,471.90381676807596,171.90381676807596,0.6481209025091261,0.7829505648795742,0
2026-01-21 14:15:00,ZONE_A,0,0.8134786,0.88124293,2666.1462,466.33292,15.353026,481.68594,2184.4602600000003,1,BATTERY_ALL,battery,CHARGE,300.0,424.48232910540423,124.48232910540423,0.6458714269645617,0.767152092800833,0
2026-01-21 14:15:00,ZONE_A,0,0.8134786,0.88124293,2666.1462,466.33292,15.353026,481.68594,2184.4602600000003,2,RENEWABLE_ALL,renewable,CURTAIL,124.48232910540423,424.48232910540423,124.48232910540423,0.6458714269645617,0.767152092800833,0
2026-01-21 14:30:00,ZONE_A,0,0.7648971,0.9257992,2685.5815,445.49265,8.762409,454.25507,2231.32643,1,BATTERY_ALL,battery,CHARGE,300.0,420.548980401944,120.548980401944,0.6488669692056062,0.7690238211059902,0
2026-01-21 14:30:00,ZONE_A,0,0.7648971,0.9257992,2685.5815,445.49265,8.762409,454.25507,2231.32643,2,RENEWABLE_ALL,renewable,CURTAIL,120.548980401944,420.548980401944,120.548980401944,0.6488669692056062,0.7690238211059902,0
2026-01-21 14:45:00,ZONE_A,0,0.67131543,0.9245959,2687.0198,381.564,10.446172,392.01016,2295.00964,1,BATTERY_ALL,battery,CHARGE,300.0,362.450986694344,62.45098669434401,0.6498695120719182,0.7534269371472614,0
2026-01-21 14:45:00,ZONE_A,0,0.67131543,0.9245959,2687.0198,381.564,10.446172,392.01016,2295.00964,2,RENEWABLE_ALL,renewable,CURTAIL,62.45098669434401,362.450986694344,62.45098669434401,0.6498695120719182,0.7534269371472614,0
2026-01-21 15:00:00,ZONE_A,1,0.9879561,0.9301035,2790.22,348.78732,14.206481,362.9938,2427.2262,1,BATTERY_ALL,battery,CHARGE,300.0,337.6218038583,37.621803858299984,0.6853307331305533,0.7817941059356339,0
2026-01-21 15:00:00,ZONE_A,1,0.9879561,0.9301035,2790.22,348.78732,14.206481,362.9938,2427.2262,2,RENEWABLE_ALL,renewable,CURTAIL,37.621803858299984,337.6218038583,37.621803858299984,0.6853307331305533,0.7817941059356339,0
2026-01-21 15:15:00,ZONE_A,1,0.9887531,0.9003144,2799.9812,311.03387,10.811163,321.84503,2478.13617,1,BATTERY_ALL,battery,CHARGE,289.761715077432,289.761715077432,0.0,0.6842259396869457,0.767015001371423,0
2026-01-21 15:30:00,ZONE_A,1,0.989758,0.8900048,2797.5188,262.8121,17.251808,280.0639,2517.4549,1,BATTERY_ALL,battery,CHARGE,249.25821530672,249.25821530672,0.0,0.6894457850840138,0.7606624182316104,0
2026-01-22 09:00:00,ZONE_A,1,0.91217566,0.675368,2768.6833,378.70724,4.6608477,383.3681,2385.3152,1,BATTERY_ALL,battery,CHARGE,258.9145469608,258.9145469608,0.0,0.6420294895151223,0.7160050746164798,0
2026-01-22 09:15:00,ZONE_A,1,0.90827096,0.6090362,2785.5515,386.6026,6.454198,393.0568,2392.4947,1,BATTERY_ALL,battery,CHARGE,239.38581985616003,239.38581985616003,0.0,0.6674761505934079,0.7358720993735833,0
2026-01-22 09:30:00,ZONE_A,1,0.89560616,0.7526535,2742.6257,413.74182,12.944184,426.686,2315.9397,1,BATTERY_ALL,battery,CHARGE,300.0,321.146711301,21.146711300999982,0.6481803589879543,0.7399365625730084,0
2026-01-22 09:30:00,ZONE_A,1,0.89560616,0.7526535,2742.6257,413.74182,12.944184,426.686,2315.9397,2,RENEWABLE_ALL,renewable,CURTAIL,21.146711300999982,321.146711301,21.146711300999982,0.6481803589879543,0.7399365625730084,0
2026-01-22 09:45:00,ZONE_A,1,0.8887163,0.710692,2740.3787,446.4671,2.3439698,448.81107,2291.5676300000005,1,BATTERY_ALL,battery,CHARGE,300.0,318.96643696044,18.966436960439978,0.6493114749236136,0.7404447429992396,0
2026-01-22 09:45:00,ZONE_A,1,0.8887163,0.710692,2740.3787,446.4671,2.3439698,448.81107,2291.5676300000005,2,RENEWABLE_ALL,renewable,CURTAIL,18.966436960439978,318.96643696044,18.966436960439978,0.6493114749236136,0.7404447429992396,0
2026-01-22 10:00:00,ZONE_A,0,0.7453214,0.72046447,2674.0693,448.64917,9.167446,457.81662,2216.25268,1,BATTERY_ALL,battery,CHARGE,300.0,329.84060848549143,29.84060848549143,0.6749934282581663,0.7692336023744263,0
2026-01-22 10:00:00,ZONE_A,0,0.7453214,0.72046447,2674.0693,448.64917,9.167446,457.81662,2216.25268,2,RENEWABLE_ALL,renewable,CURTAIL,29.84060848549143,329.84060848549143,29.84060848549143,0.6749934282581663,0.7692336023744263,0
2026-01-22 10:15:00,ZONE_A,1,0.97786623,0.7625467,2705.5354,468.5026,24.349445,492.85205,2212.68335,1,BATTERY_ALL,battery,CHARGE,300.0,375.82270431573505,75.82270431573505,0.6472748644144473,0.7546527802561467,0
2026-01-22 10:15:00,ZONE_A,1,0.97786623,0.7625467,2705.5354,468.5026,24.349445,492.85205,2212.68335,2,RENEWABLE_ALL,renewable,CURTAIL,75.82270431573505,375.82270431573505,75.82270431573505,0.6472748644144473,0.7546527802561467,0
2026-01-22 10:30:00,ZONE_A,1,0.96310765,0.8550975,2691.5044,506.83722,34.665726,541.5029,2150.0015,1,BATTERY_ALL,battery,CHARGE,300.0,463.03777603274995,163.03777603274995,0.6646618610008577,0.7969583688148213,0
2026-01-22 10:30:00,ZONE_A,1,0.96310765,0.8550975,2691.5044,506.83722,34.665726,541.5029,2150.0015,2,RENEWABLE_ALL,renewable,CURTAIL,163.03777603274995,463.03777603274995,163.03777603274995,0.6646618610008577,0.7969583688148213,0
2026-01-22 10:45:00,ZONE_A,1,0.8804702,0.81783473,2697.4712,461.36514,16.53653,477.90167,2219.56953,1,BATTERY_ALL,battery,CHARGE,300.0,390.8445832509991,90.84458325099911,0.6511042812994605,0.7627741625467478,0
2026-01-22 10:45:00,ZONE_A,1,0.8804702,0.81783473,2697.4712,461.36514,16.53653,477.90167,2219.56953,2,RENEWABLE_ALL,renewable,CURTAIL,90.84458325099911,390.8445832509991,90.84458325099911,0.6511042812994605,0.7627741625467478,0
2026-01-22 11:00:00,ZONE_A,1,0.71267974,0.8638273,2694.7388,478.06732,9.297308,487.36462,2207.3741800000003,1,BATTERY_ALL,battery,CHARGE,300.0,420.998863810126,120.99886381012601,0.6559252049876694,0.7762105950178068,0
2026-01-22 11:00:00,ZONE_A,1,0.71267974,0.8638273,2694.7388,478.06732,9.297308,487.36462,2207.3741800000003,2,RENEWABLE_ALL,renewable,CURTAIL,120.99886381012601,420.998863810126,120.99886381012601,0.6559252049876694,0.7762105950178068,0
2026-01-22 11:15:00,ZONE_A,1,0.8834048,0.79990107,2697.9072,460.5596,12.159376,472.71896,2225.18824,1,BATTERY_ALL,battery,CHARGE,300.0,378.1284019132872,78.12840191328718,0.6434282080979815,0.7514648946652122,0
2026-01-22 11:15:00,ZONE_A,1,0.8834048,0.79990107,2697.9072,460.5596,12.159376,472.71896,2225.18824,2,RENEWABLE_ALL,renewable,CURTAIL,78.12840191328718,378.1284019132872,78.12840191328718,0.6434282080979815,0.7514648946652122,0
2026-01-22 11:30:00,ZONE_A,1,0.9864125,0.917408,2701.627,516.3682,20.129974,536.49817,2165.12883,1,BATTERY_ALL,battery,CHARGE,300.0,492.18771314336,192.18771314335999,0.6525785991483886,0.7932036604658443,0
2026-01-22 11:30:00,ZONE_A,1,0.9864125,0.917408,2701.627,516.3682,20.129974,536.49817,2165.12883,2,RENEWABLE_ALL,renewable,CURTAIL,192.18771314335999,492.18771314336,192.18771314335999,0.6525785991483886,0.7932036604658443,0
2026-01-22 11:45:00,ZONE_A,1,0.9895019,0.8959902,2708.2544,544.83997,17.085434,561.9254,2146.329,1,BATTERY_ALL,battery,CHARGE,300.0,503.4796515310799,203.47965153107992,0.6495881846226698,0.7934395140438545,0
2026-01-22 11:45:00,ZONE_A,1,0.9895019,0.8959902,2708.2544,544.83997,17.085434,561.9254,2146.329,2,RENEWABLE_ALL,renewable,CURTAIL,203.47965153107992,503.4796515310799,203.47965153107992,0.6495881846226698,0.7934395140438545,0
2026-01-22 12:00:00,ZONE_A,1,0.9902221,0.7316456,2708.6401,448.38867,23.880907,472.2696,2236.3705,1,BATTERY_ALL,battery,CHARGE,300.0,345.53397485376,45.533974853760014,0.6755980920800628,0.7743220851823487,0
2026-01-22 12:00:00,ZONE_A,1,0.9902221,0.7316456,2708.6401,448.38867,23.880907,472.2696,2236.3705,2,RENEWABLE_ALL,renewable,CURTAIL,45.533974853760014,345.53397485376,45.533974853760014,0.6755980920800628,0.7743220851823487,0
2026-01-22 12:15:00,ZONE_A,1,0.72601044,0.784425,2691.549,435.63528,17.82535,453.46063,2238.08837,1,BATTERY_ALL,battery,CHARGE,300.0,355.70585468775,55.70585468774999,0.6706052459959903,0.7722354904775108,0
2026-01-22 12:15:00,ZONE_A,1,0.72601044,0.784425,2691.549,435.63528,17.82535,453.46063,2238.08837,2,RENEWABLE_ALL,renewable,CURTAIL,55.70585468774999,355.70585468775,55.70585468774999,0.6706052459959903,0.7722354904775108,0
2026-01-22 12:30:00,ZONE_A,0,0.755199,0.844701,2686.7344,492.6391,7.387625,500.02673,2186.70767,1,BATTERY_ALL,battery,CHARGE,300.0,422.37307885773,122.37307885772998,0.6753006658142156,0.795978688692349,0
2026-01-22 12:30:00,ZONE_A,0,0.755199,0.844701,2686.7344,492.6391,7.387625,500.02673,2186.70767,2,RENEWABLE_ALL,renewable,CURTAIL,122.37307885772998,422.37307885773,122.37307885772998,0.6753006658142156,0.795978688692349,0
2026-01-22 12:45:00,ZONE_A,1,0.88353133,0.70895237,2699.3975,461.03723,10.389025,471.42627,2227.97123,1,BATTERY_ALL,battery,CHARGE,300.0,334.2187713967599,34.218771396759905,0.6850900976811446,0.780581175495587,0
2026-01-22 12:45:00,ZONE_A,1,0.88353133,0.70895237,2699.3975,461.03723,10.389025,471.42627,2227.97123,2,RENEWABLE_ALL,renewable,CURTAIL,34.218771396759905,334.2187713967599,34.218771396759905,0.6850900976811446,0.780581175495587,0
2026-01-22 13:00:00,ZONE_A,1,0.982437,0.7468498,2706.4922,388.26117,13.604245,401.86542,2304.62678,1,BATTERY_ALL,battery,CHARGE,300.0,300.133108553916,0.13310855391597443,0.6504412414482904,0.7361935584423205,0
2026-01-22 13:00:00,ZONE_A,1,0.982437,0.7468498,2706.4922,388.26117,13.604245,401.86542,2304.62678,2,RENEWABLE_ALL,renewable,CURTAIL,0.13310855391597443,300.133108553916,0.13310855391597443,0.6504412414482904,0.7361935584423205,0
2026-01-22 13:15:00,ZONE_A,1,0.70100754,0.845355,2690.359,418.67596,11.24569,429.92166,2260.43734,1,BATTERY_ALL,battery,CHARGE,300.0,363.4364248893,63.436424889299985,0.6462118537809282,0.7500508326359699,0
2026-01-22 13:15:00,ZONE_A,1,0.70100754,0.845355,2690.359,418.67596,11.24569,429.92166,2260.43734,2,RENEWABLE_ALL,renewable,CURTAIL,63.436424889299985,363.4364248893,63.436424889299985,0.6462118537809282,0.7500508326359699,0
2026-01-22 13:30:00,ZONE_A,0,0.7607141,0.7800631,2682.6216,434.13028,8.317747,442.44803,2240.17357,1,BATTERY_ALL,battery,CHARGE,300.0,345.137381870693,45.13738187069299,0.6572481340774304,0.7558588149156126,0
2026-01-22 13:30:00,ZONE_A,0,0.7607141,0.7800631,2682.6216,434.13028,8.317747,442.44803,2240.17357,2,RENEWABLE_ALL,renewable,CURTAIL,45.13738187069299,345.137381870693,45.13738187069299,0.6572481340774304,0.7558588149156126,0
2026-01-22 13:45:00,ZONE_A,1,0.8409124,0.71774787,2694.98,394.1603,27.518951,421.67926,2273.30074,1,BATTERY_ALL,battery,CHARGE,300.0,302.6593906881762,2.659390688176188,0.647579049454717,0.7340531613545097,0
2026-01-22 13:45:00,ZONE_A,1,0.8409124,0.71774787,2694.98,394.1603,27.518951,421.67926,2273.30074,2,RENEWABLE_ALL,renewable,CURTAIL,2.659390688176188,302.6593906881762,2.659390688176188,0.647579049454717,0.7340531613545097,0
2026-01-22 14:15:00,ZONE_A,1,0.7961297,0.5850051,2690.8105,309.33203,8.862813,318.19485,2372.61565,1,BATTERY_ALL,battery,CHARGE,186.14561004373496,186.14561004373496,0.0,0.6587554578567719,0.7119399180195961,0
2026-01-22 14:30:00,ZONE_A,0,0.64029855,0.55064166,2682.518,291.35422,6.150988,297.50522,2385.01278,1,BATTERY_ALL,battery,CHARGE,163.8187681994652,163.8187681994652,0.0,0.6502208272899304,0.6970261897691923,0
2026-01-23 08:45:00,ZONE_A,3,0.85078967,0.53025424,3052.3596,376.4679,40.426743,416.89465,2635.46495,1,BATTERY_ALL,battery,CHARGE,221.060155795816,221.060155795816,0.0,0.790506487620561,0.8536665323505594,0
2026-01-23 09:00:00,ZONE_A,1,0.9733858,0.7364792,2714.0242,380.86188,22.898111,403.75998,2310.26422,1,BATTERY_ALL,battery,CHARGE,297.360827062416,297.360827062416,0.0,0.6474871722739808,0.7324474088871752,0
2026-01-23 09:15:00,ZONE_A,1,0.863139,0.8631263,2738.8699,490.93845,16.044315,506.98276,2231.8871400000003,1,BATTERY_ALL,battery,CHARGE,300.0,437.590153802588,137.59015380258802,0.6383027355604094,0.76332849424269,0
2026-01-23 09:15:00,ZONE_A,1,0.863139,0.8631263,2738.8699,490.93845,16.044315,506.98276,2231.8871400000003,2,RENEWABLE_ALL,renewable,CURTAIL,137.59015380258802,437.590153802588,137.59015380258802,0.6383027355604094,0.76332849424269,0
2026-01-23 09:30:00,ZONE_A,1,0.9623251,0.7321309,2719.3774,439.1033,24.306013,463.4093,2255.9681,1,BATTERY_ALL,battery,CHARGE,300.0,339.27626787737,39.27626787737,0.6472367314535583,0.7441728083563909,0
2026-01-23 09:30:00,ZONE_A,1,0.9623251,0.7321309,2719.3774,439.1033,24.306013,463.4093,2255.9681,2,RENEWABLE_ALL,renewable,CURTAIL,39.27626787737,339.27626787737,39.27626787737,0.6472367314535583,0.7441728083563909,0
2026-01-23 09:45:00,ZONE_A,1,0.9406184,0.80689657,2711.918,411.79712,18.06738,429.8645,2282.0535,1,BATTERY_ALL,battery,CHARGE,300.0,346.856190614765,46.85619061476501,0.6416104681065441,0.740712237326674,0
2026-01-23 09:45:00,ZONE_A,1,0.9406184,0.80689657,2711.918,411.79712,18.06738,429.8645,2282.0535,2,RENEWABLE_ALL,renewable,CURTAIL,46.85619061476501,346.856190614765,46.85619061476501,0.6416104681065441,0.740712237326674,0
2026-01-23 10:00:00,ZONE_A,1,0.9913803,0.74425447,2708.375,413.90427,9.885032,423.7893,2284.5857,1,BATTERY_ALL,battery,CHARGE,300.0,315.407080863171,15.407080863171018,0.6435885971622725,0.7337049062359611,0
2026-01-23 10:00:00,ZONE_A,1,0.9913803,0.74425447,2708.375,413.90427,9.885032,423.7893,2284.5857,2,RENEWABLE_ALL,renewable,CURTAIL,15.407080863171018,315.407080863171,15.407080863171018,0.6435885971622725,0.7337049062359611,0
2026-01-23 10:15:00,ZONE_A,1,0.9894894,0.71864426,2710.1897,468.08868,11.429556,479.51825,2230.67145,1,BATTERY_ALL,battery,CHARGE,300.0,344.60303792774505,44.60303792774505,0.6551544002721179,0.7536124113808276,0
2026-01-23 10:15:00,ZONE_A,1,0.9894894,0.71864426,2710.1897,468.08868,11.429556,479.51825,2230.67145,2,RENEWABLE_ALL,renewable,CURTAIL,44.60303792774505,344.60303792774505,44.60303792774505,0.6551544002721179,0.7536124113808276,0
2026-01-23 10:30:00,ZONE_A,1,0.99062145,0.71737224,2705.339,452.8672,22.239237,475.1064,2230.2326,1,BATTERY_ALL,battery,CHARGE,300.0,340.828142406336,40.828142406335985,0.6828542066240977,0.7802336761590984,0
2026-01-23 10:30:00,ZONE_A,1,0.99062145,0.71737224,2705.339,452.8672,22.239237,475.1064,2230.2326,2,RENEWABLE_ALL,renewable,CURTAIL,40.828142406335985,340.828142406336,40.828142406335985,0.6828542066240977,0.7802336761590984,0
2026-01-23 10:45:00,ZONE_A,1,0.98883736,0.83800685,2717.2354,498.2441,19.591703,517.8358,2199.3996,1,BATTERY_ALL,battery,CHARGE,300.0,433.94994757522994,133.94994757522994,0.6702338645063504,0.7942195641595112,0
2026-01-23 10:45:00,ZONE_A,1,0.98883736,0.83800685,2717.2354,498.2441,19.591703,517.8358,2199.3996,2,RENEWABLE_ALL,renewable,CURTAIL,133.94994757522994,433.94994757522994,133.94994757522994,0.6702338645063504,0.7942195641595112,0
2026-01-23 11:00:00,ZONE_A,1,0.990538,0.8938835,2718.7876,521.75867,10.337537,532.0962,2186.6914,1,BATTERY_ALL,battery,CHARGE,300.0,475.6320135927,175.6320135927,0.6537190721708407,0.7896139335786129,0
2026-01-23 11:00:00,ZONE_A,1,0.990538,0.8938835,2718.7876,521.75867,10.337537,532.0962,2186.6914,2,RENEWABLE_ALL,renewable,CURTAIL,175.6320135927,475.6320135927,175.6320135927,0.6537190721708407,0.7896139335786129,0
2026-01-23 11:15:00,ZONE_A,1,0.8863293,0.898954,2698.7166,495.098,4.3658094,499.4638,2199.2528,1,BATTERY_ALL,battery,CHARGE,300.0,448.99498086520003,148.99498086520003,0.6597034746219688,0.7879877552411737,0
2026-01-23 11:15:00,ZONE_A,1,0.8863293,0.898954,2698.7166,495.098,4.3658094,499.4638,2199.2528,2,RENEWABLE_ALL,renewable,CURTAIL,148.99498086520003,448.99498086520003,148.99498086520003,0.6597034746219688,0.7879877552411737,0
2026-01-23 11:30:00,ZONE_A,1,0.9828736,0.91416365,2708.9875,516.06116,6.865323,522.92645,2186.0610500000003,1,BATTERY_ALL,battery,CHARGE,300.0,478.0403522135425,178.04035221354252,0.6684022654096612,0.8049852236156221,0
2026-01-23 11:30:00,ZONE_A,1,0.9828736,0.91416365,2708.9875,516.06116,6.865323,522.92645,2186.0610500000003,2,RENEWABLE_ALL,renewable,CURTAIL,178.04035221354252,478.0403522135425,178.04035221354252,0.6684022654096612,0.8049852236156221,0
2026-01-23 11:45:00,ZONE_A,1,0.9796124,0.9060139,2710.1106,476.79376,19.19763,495.9914,2214.1192,1,BATTERY_ALL,battery,CHARGE,300.0,449.37510268046003,149.37510268046003,0.6903827510926317,0.8187756379621085,0
2026-01-23 11:45:00,ZONE_A,1,0.9796124,0.9060139,2710.1106,476.79376,19.19763,495.9914,2214.1192,2,RENEWABLE_ALL,renewable,CURTAIL,149.37510268046003,449.37510268046003,149.37510268046003,0.6903827510926317,0.8187756379621085,0
2026-01-23 12:00:00,ZONE_A,1,0.9893415,0.90474087,2706.0703,489.02628,10.695249,499.72153,2206.34877,1,BATTERY_ALL,battery,CHARGE,300.0,452.1184918099311,152.11849180993107,0.6931488871953492,0.822325599514084,0
2026-01-23 12:00:00,ZONE_A,1,0.9893415,0.90474087,2706.0703,489.02628,10.695249,499.72153,2206.34877,2,RENEWABLE_ALL,renewable,CURTAIL,152.11849180993107,452.1184918099311,152.11849180993107,0.6931488871953492,0.822325599514084,0
2026-01-23 12:15:00,ZONE_A,0,0.75818455,0.8442291,2674.3523,425.65567,4.1416597,429.79733,2244.55497,1,BATTERY_ALL,battery,CHARGE,300.0,362.84741308830297,62.84741308830297,0.6518404863145838,0.7555111760730328,0
2026-01-23 12:15:00,ZONE_A,0,0.75818455,0.8442291,2674.3523,425.65567,4.1416597,429.79733,2244.55497,2,RENEWABLE_ALL,renewable,CURTAIL,62.84741308830297,362.84741308830297,62.84741308830297,0.6518404863145838,0.7555111760730328,0
2026-01-23 12:30:00,ZONE_A,0,0.7533916,0.8861929,2681.8838,470.33392,10.086259,480.4202,2201.4636,1,BATTERY_ALL,battery,CHARGE,300.0,425.74497025658,125.74497025658002,0.6662850671236332,0.7879264875637761,0
2026-01-23 12:30:00,ZONE_A,0,0.7533916,0.8861929,2681.8838,470.33392,10.086259,480.4202,2201.4636,2,RENEWABLE_ALL,renewable,CURTAIL,125.74497025658002,425.74497025658,125.74497025658002,0.6662850671236332,0.7879264875637761,0
2026-01-23 12:45:00,ZONE_A,0,0.75112987,0.72828054,2682.4106,452.88455,7.6785088,460.56305,2221.8475500000004,1,BATTERY_ALL,battery,CHARGE,300.0,335.41910675804695,35.41910675804695,0.6509344291603006,0.7467684599721239,0
2026-01-23 12:45:00,ZONE_A,0,0.75112987,0.72828054,2682.4106,452.88455,7.6785088,460.56305,2221.8475500000004,2,RENEWABLE_ALL,renewable,CURTAIL,35.41910675804695,335.41910675804695,35.41910675804695,0.6509344291603006,0.7467684599721239,0
2026-01-23 13:00:00,ZONE_A,1,0.6416006,0.7436552,2688.7178,384.57083,14.672437,399.24326,2289.47454,1,BATTERY_ALL,battery,CHARGE,296.899326363952,296.899326363952,0.0,0.6511852468055636,0.7360136260431407,0
2026-01-23 13:15:00,ZONE_A,1,0.9901669,0.7584103,2703.077,433.27896,9.397991,442.67694,2260.4000600000004,1,BATTERY_ALL,battery,CHARGE,300.0,335.730750868482,35.730750868482005,0.6423764317894504,0.7382995037416743,0
2026-01-23 13:15:00,ZONE_A,1,0.9901669,0.7584103,2703.077,433.27896,9.397991,442.67694,2260.4000600000004,2,RENEWABLE_ALL,renewable,CURTAIL,35.730750868482005,335.730750868482,35.730750868482005,0.6423764317894504,0.7382995037416743,0
2026-01-23 13:30:00,ZONE_A,1,0.9590496,0.80852497,2733.4827,398.95602,6.8426995,405.79874,2327.68396,1,BATTERY_ALL,battery,CHARGE,300.0,328.0984140845378,28.098414084537808,0.6661962564289657,0.7599386607340252,0
2026-01-23 13:30:00,ZONE_A,1,0.9590496,0.80852497,2733.4827,398.95602,6.8426995,405.79874,2327.68396,2,RENEWABLE_ALL,renewable,CURTAIL,28.098414084537808,328.0984140845378,28.098414084537808,0.6661962564289657,0.7599386607340252,0
2026-01-23 13:45:00,ZONE_A,1,0.9889709,0.66919196,2703.2656,370.08118,11.4768305,381.558,2321.7076,1,BATTERY_ALL,battery,CHARGE,255.33554587368002,255.33554587368002,0.0,0.6480191209817042,0.7209721342974651,0
2026-01-23 14:15:00,ZONE_A,0,0.66264254,0.6731883,2686.9602,325.70566,12.079785,337.78543,2349.17477,1,BATTERY_ALL,battery,CHARGE,227.393199386469,227.393199386469,0.0,0.6522371782308595,0.7172066639515207,0
2026-01-23 14:30:00,ZONE_A,0,0.64854354,0.51463526,2679.8394,308.80978,6.8481493,315.65793,2364.18147,1,BATTERY_ALL,battery,CHARGE,162.4487008766118,162.4487008766118,0.0,0.6549894277982429,0.7014033424734631,0
2026-01-23 14:45:00,ZONE_A,0,0.6458663,0.6740623,2685.129,267.16776,5.499359,272.6671,2412.4619,1,BATTERY_ALL,battery,CHARGE,183.79461256033,183.79461256033,0.0,0.676097367538704,0.7286101141337046,0
2026-01-24 10:00:00,ZONE_A,1,0.9874221,0.5624848,2715.1865,279.72174,2.6701865,282.39194,2432.79456,1,BATTERY_ALL,battery,CHARGE,158.841173892512,158.841173892512,0.0,0.6502451897823847,0.6956283824506332,0
2026-01-24 10:15:00,ZONE_A,1,0.974362,0.60180336,2706.9758,271.40094,1.6563492,273.05728,2433.91852,1,BATTERY_ALL,battery,CHARGE,164.32678857646079,164.32678857646079,0.0,0.6418349970929543,0.688785508254765,0
2026-01-24 10:30:00,ZONE_A,1,0.9809398,0.6162593,2732.9028,305.11783,3.1206837,308.23853,2424.66427,1,BATTERY_ALL,battery,CHARGE,189.954860730829,189.954860730829,0.0,0.6465132030618516,0.7007860205681805,0
2026-01-24 11:15:00,ZONE_A,1,0.9814967,0.6074313,2783.3325,343.44467,1.6563492,345.101,2438.2315,1,BATTERY_ALL,battery,CHARGE,209.6251490613,209.6251490613,0.0,0.6468821642178352,0.7067750641168566,0
2026-01-24 11:45:00,ZONE_A,1,0.96557415,0.61145717,2767.6858,345.31973,0.50830346,345.82803,2421.85777,1,BATTERY_ALL,battery,CHARGE,211.4590285304751,211.4590285304751,0.0,0.6451175642532752,0.7055344297267687,0
2026-01-24 12:15:00,ZONE_A,0,0.7861172,0.64718163,2685.811,386.66333,4.35431,391.01764,2294.79336,1,BATTERY_ALL,battery,CHARGE,253.05943361395316,253.05943361395316,0.0,0.6617429395938066,0.7340456351168341,0
2026-01-24 12:45:00,ZONE_A,1,0.9842861,0.5051443,2718.9285,362.8262,0.0,362.8262,2356.1023,1,BATTERY_ALL,battery,CHARGE,183.27958682065997,183.27958682065997,0.0,0.6544539970421737,0.7068195934242055,0
2026-01-24 13:00:00,ZONE_A,1,0.97690785,0.7683236,2708.484,417.9071,0.42206377,418.32916,2290.15484,1,BATTERY_ALL,battery,CHARGE,300.0,321.412166196176,21.412166196175974,0.6614499301416334,0.7532819779018157,0
2026-01-24 13:00:00,ZONE_A,1,0.97690785,0.7683236,2708.484,417.9071,0.42206377,418.32916,2290.15484,2,RENEWABLE_ALL,renewable,CURTAIL,21.412166196175974,321.412166196176,21.412166196175974,0.6614499301416334,0.7532819779018157,0
2026-01-24 13:15:00,ZONE_A,1,0.8358387,0.7598964,2700.5542,435.10834,0.8359168,435.94424,2264.60996,1,BATTERY_ALL,battery,CHARGE,300.0,331.27245857673597,31.27245857673597,0.6688144982725361,0.7634637724314182,0
2026-01-24 13:15:00,ZONE_A,1,0.8358387,0.7598964,2700.5542,435.10834,0.8359168,435.94424,2264.60996,2,RENEWABLE_ALL,renewable,CURTAIL,31.27245857673597,331.27245857673597,31.27245857673597,0.6688144982725361,0.7634637724314182,0
2026-01-24 13:30:00,ZONE_A,1,0.9804601,0.7680666,2702.8694,465.80045,0.37069422,466.17114,2236.69826,1,BATTERY_ALL,battery,CHARGE,300.0,358.050482517924,58.050482517924024,0.6626605791126187,0.7649607173017995,0
2026-01-24 13:30:00,ZONE_A,1,0.9804601,0.7680666,2702.8694,465.80045,0.37069422,466.17114,2236.69826,2,RENEWABLE_ALL,renewable,CURTAIL,58.050482517924024,358.050482517924,58.050482517924024,0.6626605791126187,0.7649607173017995,0
2026-01-24 13:45:00,ZONE_A,1,0.8788763,0.76745605,2698.3386,455.70758,0.14360403,455.8512,2242.4874,1,BATTERY_ALL,battery,CHARGE,300.0,349.84576133976,49.845761339759974,0.661245617178112,0.7612015492787415,0
2026-01-24 13:45:00,ZONE_A,1,0.8788763,0.76745605,2698.3386,455.70758,0.14360403,455.8512,2242.4874,2,RENEWABLE_ALL,renewable,CURTAIL,49.845761339759974,349.84576133976,49.845761339759974,0.661245617178112,0.7612015492787415,0
2026-01-24 14:00:00,ZONE_A,1,0.8889303,0.77294683,2698.6816,460.58127,0.21445972,460.79572,2237.88588,1,BATTERY_ALL,battery,CHARGE,300.0,356.1705910515676,56.17059105156761,0.6561113220490318,0.7578743483643502,0
2026-01-24 14:00:00,ZONE_A,1,0.8889303,0.77294683,2698.6816,460.58127,0.21445972,460.79572,2237.88588,2,RENEWABLE_ALL,renewable,CURTAIL,56.17059105156761,356.1705910515676,56.17059105156761,0.6561113220490318,0.7578743483643502,0
2026-01-24 14:15:00,ZONE_A,0,0.8265719,0.8985647,2672.2083,441.63992,0.9633792,442.6033,2229.605,1,BATTERY_ALL,battery,CHARGE,300.0,397.70770148351,97.70770148351,0.6527025694625146,0.7663333416580491,0
2026-01-24 14:15:00,ZONE_A,0,0.8265719,0.8985647,2672.2083,441.63992,0.9633792,442.6033,2229.605,2,RENEWABLE_ALL,renewable,CURTAIL,97.70770148351,397.70770148351,97.70770148351,0.6527025694625146,0.7663333416580491,0
2026-01-24 14:30:00,ZONE_A,1,0.84064084,0.8944923,2696.0417,446.81805,1.0555193,447.87357,2248.16813,1,BATTERY_ALL,battery,CHARGE,300.0,400.619459738511,100.61945973851101,0.6434070233944185,0.7578697265161604,0
2026-01-24 14:30:00,ZONE_A,1,0.84064084,0.8944923,2696.0417,446.81805,1.0555193,447.87357,2248.16813,2,RENEWABLE_ALL,renewable,CURTAIL,100.61945973851101,400.619459738511,100.61945973851101,0.6434070233944185,0.7578697265161604,0
2026-01-24 14:45:00,ZONE_A,1,0.72081053,0.7898903,2692.1238,389.7772,0.0,389.7772,2302.3466,1,BATTERY_ALL,battery,CHARGE,300.0,307.88122944116003,7.8812294411600305,0.646380431068459,0.7343464968827512,0
2026-01-24 14:45:00,ZONE_A,1,0.72081053,0.7898903,2692.1238,389.7772,0.0,389.7772,2302.3466,2,RENEWABLE_ALL,renewable,CURTAIL,7.8812294411600305,307.88122944116003,7.8812294411600305,0.646380431068459,0.7343464968827512,0
2026-01-24 15:00:00,ZONE_A,1,0.978522,0.78340894,2794.2559,378.94775,0.19192773,379.13968,2415.11622,1,BATTERY_ALL,battery,CHARGE,297.0214148207392,297.0214148207392,0.0,0.6958195030493475,0.780682764673477,0
2026-01-24 15:15:00,ZONE_A,1,0.98087597,0.6241765,2788.282,332.14978,0.19192773,332.3417,2455.9403,1,BATTERY_ALL,battery,CHARGE,207.43987911005001,207.43987911005001,0.0,0.6820977314075862,0.7413662684668285,0
2026-01-24 15:30:00,ZONE_A,1,0.9849606,0.64886117,2789.4614,294.44592,0.19192773,294.63785,2494.82355,1,BATTERY_ALL,battery,CHARGE,191.1790600772845,191.1790600772845,0.0,0.6830438282494327,0.7376664169961217,0
2026-01-25 07:45:00,ZONE_A,2,0.97548246,0.90887666,2934.9917,345.97006,0.72738457,346.69745,2588.29425,1,BATTERY_ALL,battery,CHARGE,300.0,315.105220386517,15.105220386516976,0.7163244360401486,0.8063544992793358,0
2026-01-25 07:45:00,ZONE_A,2,0.97548246,0.90887666,2934.9917,345.97006,0.72738457,346.69745,2588.29425,2,RENEWABLE_ALL,renewable,CURTAIL,15.105220386516976,315.105220386517,15.105220386516976,0.7163244360401486,0.8063544992793358,0
2026-01-25 08:15:00,ZONE_A,3,0.8220743,0.637422,3102.286,402.50375,1.765548,404.2693,2698.0167,1,BATTERY_ALL,battery,CHARGE,257.6901457446,257.6901457446,0.0,0.7351103873581649,0.8087361435263033,0
2026-01-25 08:30:00,ZONE_A,2,0.86514413,0.5156531,3014.9158,383.2364,2.0519946,385.2884,2629.6274000000003,1,BATTERY_ALL,battery,CHARGE,198.67515785404,198.67515785404,0.0,0.7460806844087541,0.8028450154089507,0
2026-01-25 08:45:00,ZONE_A,3,0.8590253,0.9099509,3043.4382,484.27582,4.2449346,488.52075,2554.91745,1,BATTERY_ALL,battery,CHARGE,300.0,444.529896131175,144.529896131175,0.755556540204826,0.8825650824043149,0
2026-01-25 08:45:00,ZONE_A,3,0.8590253,0.9099509,3043.4382,484.27582,4.2449346,488.52075,2554.91745,2,RENEWABLE_ALL,renewable,CURTAIL,144.529896131175,444.529896131175,144.529896131175,0.755556540204826,0.8825650824043149,0
2026-01-25 09:00:00,ZONE_A,1,0.8762018,0.8502984,2754.406,563.3012,0.72738457,564.02856,2190.37744,1,BATTERY_ALL,battery,CHARGE,300.0,479.59258212230395,179.59258212230395,0.6656984338314796,0.8027248863458875,0
2026-01-25 09:00:00,ZONE_A,1,0.8762018,0.8502984,2754.406,563.3012,0.72738457,564.02856,2190.37744,2,RENEWABLE_ALL,renewable,CURTAIL,179.59258212230395,479.59258212230395,179.59258212230395,0.6656984338314796,0.8027248863458875,0
2026-01-25 09:15:00,ZONE_A,1,0.93306065,0.88186496,2681.3171,642.65656,4.263013,646.91956,2034.39754,1,BATTERY_ALL,battery,CHARGE,300.0,570.4956919026176,270.49569190261764,0.6947035553007411,0.8577023250311208,0
2026-01-25 09:15:00,ZONE_A,1,0.93306065,0.88186496,2681.3171,642.65656,4.263013,646.91956,2034.39754,2,RENEWABLE_ALL,renewable,CURTAIL,270.49569190261764,570.4956919026176,270.49569190261764,0.6947035553007411,0.8577023250311208,0
2026-01-25 09:30:00,ZONE_A,1,0.83789796,0.9201379,2730.9602,680.05896,3.7211666,683.78015,2047.18005,1,BATTERY_ALL,battery,CHARGE,300.0,629.172031282685,329.172031282685,0.6759842403271409,0.8557476785444345,0
2026-01-25 09:30:00,ZONE_A,1,0.83789796,0.9201379,2730.9602,680.05896,3.7211666,683.78015,2047.18005,2,RENEWABLE_ALL,renewable,CURTAIL,329.172031282685,629.172031282685,329.172031282685,0.6759842403271409,0.8557476785444345,0
2026-01-25 09:45:00,ZONE_A,2,0.56440604,0.90718114,2738.997,744.43353,4.2449346,748.67847,1990.31853,1,BATTERY_ALL,battery,CHARGE,300.0,679.1869879080558,379.1869879080558,0.6701424981740619,0.8641959240845074,0
2026-01-25 09:45:00,ZONE_A,2,0.56440604,0.90718114,2738.997,744.43353,4.2449346,748.67847,1990.31853,2,RENEWABLE_ALL,renewable,CURTAIL,379.1869879080558,679.1869879080558,379.1869879080558,0.6701424981740619,0.8641959240845074,0
2026-01-25 10:00:00,ZONE_A,1,0.9488417,0.91240305,2713.3757,678.5951,1.7573303,680.3524,2033.0233,1,BATTERY_ALL,battery,CHARGE,300.0,620.75560483482,320.75560483482,0.6939730780652678,0.871331822834323,0
2026-01-25 10:00:00,ZONE_A,1,0.9488417,0.91240305,2713.3757,678.5951,1.7573303,680.3524,2033.0233,2,RENEWABLE_ALL,renewable,CURTAIL,320.75560483482,620.75560483482,320.75560483482,0.6939730780652678,0.871331822834323,0
2026-01-25 10:15:00,ZONE_A,1,0.74759156,0.9013701,2735.0408,758.6585,3.9371643,762.5957,1972.4451000000004,1,BATTERY_ALL,battery,CHARGE,300.0,687.38096236857,387.38096236856995,0.6836304309634771,0.8800249922835026,0
2026-01-25 10:15:00,ZONE_A,1,0.74759156,0.9013701,2735.0408,758.6585,3.9371643,762.5957,1972.4451000000004,2,RENEWABLE_ALL,renewable,CURTAIL,387.38096236856995,687.38096236857,387.38096236856995,0.6836304309634771,0.8800249922835026,0
2026-01-25 10:30:00,ZONE_A,1,0.61610115,0.93894094,2749.033,715.8896,4.592904,720.4825,2028.5505,1,BATTERY_ALL,battery,CHARGE,300.0,676.4905158035499,376.4905158035499,0.7090707367607726,0.902353741872596,0
2026-01-25 10:30:00,ZONE_A,1,0.61610115,0.93894094,2749.033,715.8896,4.592904,720.4825,2028.5505,2,RENEWABLE_ALL,renewable,CURTAIL,376.4905158035499,676.4905158035499,376.4905158035499,0.7090707367607726,0.902353741872596,0
2026-01-25 10:45:00,ZONE_A,2,0.7489454,0.95160043,2750.9802,683.3571,4.024555,687.38165,2063.59855,1,BATTERY_ALL,battery,CHARGE,300.0,654.1126737141095,354.1126737141095,0.6993651195366025,0.8862544554500669,0
2026-01-25 10:45:00,ZONE_A,2,0.7489454,0.95160043,2750.9802,683.3571,4.024555,687.38165,2063.59855,2,RENEWABLE_ALL,renewable,CURTAIL,354.1126737141095,654.1126737141095,354.1126737141095,0.6993651195366025,0.8862544554500669,0
2026-01-25 11:00:00,ZONE_A,2,0.52174383,0.886804,2750.8306,736.9749,0.0,736.9749,2013.8557,1,BATTERY_ALL,battery,CHARGE,300.0,653.5522892196001,353.5522892196001,0.7164802111318344,0.9032094372333213,0
2026-01-25 11:00:00,ZONE_A,2,0.52174383,0.886804,2750.8306,736.9749,0.0,736.9749,2013.8557,2,RENEWABLE_ALL,renewable,CURTAIL,353.5522892196001,653.5522892196001,353.5522892196001,0.7164802111318344,0.9032094372333213,0
2026-01-25 11:15:00,ZONE_A,1,0.9419725,0.94138604,2720.9211,687.5074,1.7387984,689.24615,2031.67495,1,BATTERY_ALL,battery,CHARGE,300.0,648.8467037337459,348.8467037337459,0.7029015461069112,0.8882863191882425,0
2026-01-25 11:15:00,ZONE_A,1,0.9419725,0.94138604,2720.9211,687.5074,1.7387984,689.24615,2031.67495,2,RENEWABLE_ALL,renewable,CURTAIL,348.8467037337459,648.8467037337459,348.8467037337459,0.7029015461069112,0.8882863191882425,0
2026-01-25 11:30:00,ZONE_A,1,0.6846007,0.9102388,2725.809,682.6996,0.9787487,683.67834,2042.1306600000005,1,BATTERY_ALL,battery,CHARGE,300.0,622.3105517875921,322.3105517875921,0.7208745022272621,0.8986775176348725,0
2026-01-25 11:30:00,ZONE_A,1,0.6846007,0.9102388,2725.809,682.6996,0.9787487,683.67834,2042.1306600000005,2,RENEWABLE_ALL,renewable,CURTAIL,322.3105517875921,622.3105517875921,322.3105517875921,0.7208745022272621,0.8986775176348725,0
2026-01-25 11:45:00,ZONE_A,2,0.64631987,0.9172485,2743.9573,677.5967,2.4877179,680.0844,2063.8729000000003,1,BATTERY_ALL,battery,CHARGE,300.0,623.8063957734,323.8063957734,0.7041757082958748,0.8824061076811216,0
2026-01-25 11:45:00,ZONE_A,2,0.64631987,0.9172485,2743.9573,677.5967,2.4877179,680.0844,2063.8729000000003,2,RENEWABLE_ALL,renewable,CURTAIL,323.8063957734,623.8063957734,323.8063957734,0.7041757082958748,0.8824061076811216,0
2026-01-25 12:00:00,ZONE_A,2,0.70897096,0.86754924,2739.4854,680.2391,5.0553646,685.29443,2054.19097,1,BATTERY_ALL,battery,CHARGE,300.0,594.5266619227332,294.5266619227332,0.697175575697619,0.8670403368460997,0
2026-01-25 12:00:00,ZONE_A,2,0.70897096,0.86754924,2739.4854,680.2391,5.0553646,685.29443,2054.19097,2,RENEWABLE_ALL,renewable,CURTAIL,294.5266619227332,594.5266619227332,294.5266619227332,0.697175575697619,0.8670403368460997,0
2026-01-25 12:15:00,ZONE_A,2,0.7556284,0.91207904,2738.9727,693.6525,3.5670385,697.21954,2041.75316,1,BATTERY_ALL,battery,CHARGE,300.0,635.9193287124416,335.9193287124416,0.6892212335892751,0.8709124709758108,0
2026-01-25 12:15:00,ZONE_A,2,0.7556284,0.91207904,2738.9727,693.6525,3.5670385,697.21954,2041.75316,2,RENEWABLE_ALL,renewable,CURTAIL,335.9193287124416,635.9193287124416,335.9193287124416,0.6892212335892751,0.8709124709758108,0
2026-01-25 12:30:00,ZONE_A,1,0.60453737,0.86754924,2721.4077,693.811,5.28843,699.0994,2022.3083,1,BATTERY_ALL,battery,CHARGE,300.0,606.503153154456,306.50315315445596,0.6906869452506106,0.8639735610584177,0
2026-01-25 12:30:00,ZONE_A,1,0.60453737,0.86754924,2721.4077,693.811,5.28843,699.0994,2022.3083,2,RENEWABLE_ALL,renewable,CURTAIL,306.50315315445596,606.503153154456,306.50315315445596,0.6906869452506106,0.8639735610584177,0
2026-01-25 12:45:00,ZONE_A,1,0.6584702,0.86754924,2722.6245,665.0149,1.118302,666.1332,2056.4913,1,BATTERY_ALL,battery,CHARGE,300.0,577.903351398768,277.903351398768,0.6923476838983845,0.8574629277133284,0
2026-01-25 12:45:00,ZONE_A,1,0.6584702,0.86754924,2722.6245,665.0149,1.118302,666.1332,2056.4913,2,RENEWABLE_ALL,renewable,CURTAIL,277.903351398768,577.903351398768,277.903351398768,0.6923476838983845,0.8574629277133284,0
2026-01-25 13:00:00,ZONE_A,1,0.6211306,0.91207904,2721.728,707.92224,3.3966408,711.3189,2010.4091,1,BATTERY_ALL,battery,CHARGE,300.0,648.779059445856,348.779059445856,0.6855175713503555,0.8708830175184363,0
2026-01-25 13:00:00,ZONE_A,1,0.6211306,0.91207904,2721.728,707.92224,3.3966408,711.3189,2010.4091,2,RENEWABLE_ALL,renewable,CURTAIL,348.779059445856,648.779059445856,348.779059445856,0.6855175713503555,0.8708830175184363,0
2026-01-25 13:15:00,ZONE_A,1,0.76990044,0.9184001,2710.584,729.9995,1.1512259,731.15076,1979.43324,1,BATTERY_ALL,battery,CHARGE,300.0,671.488931099076,371.488931099076,0.682624389840246,0.8744783707716007,0
2026-01-25 13:15:00,ZONE_A,1,0.76990044,0.9184001,2710.584,729.9995,1.1512259,731.15076,1979.43324,2,RENEWABLE_ALL,renewable,CURTAIL,371.488931099076,671.488931099076,371.488931099076,0.682624389840246,0.8744783707716007,0
2026-01-25 13:30:00,ZONE_A,1,0.55965096,0.9184001,2721.115,727.2925,3.1368546,730.4293,1990.6857,1,BATTERY_ALL,battery,CHARGE,300.0,670.82634216293,370.82634216293,0.6869171433838694,0.8785818131929243,0
2026-01-25 13:30:00,ZONE_A,1,0.55965096,0.9184001,2721.115,727.2925,3.1368546,730.4293,1990.6857,2,RENEWABLE_ALL,renewable,CURTAIL,370.82634216293,670.82634216293,370.82634216293,0.6869171433838694,0.8785818131929243,0
2026-01-25 13:45:00,ZONE_A,1,0.66948014,0.9461074,2716.885,702.85913,1.8330338,704.69214,2012.19286,1,BATTERY_ALL,battery,CHARGE,300.0,666.714448375836,366.714448375836,0.6837964823221441,0.8742863253344126,0
2026-01-25 13:45:00,ZONE_A,1,0.66948014,0.9461074,2716.885,702.85913,1.8330338,704.69214,2012.19286,2,RENEWABLE_ALL,renewable,CURTAIL,366.714448375836,666.714448375836,366.714448375836,0.6837964823221441,0.8742863253344126,0
2026-01-25 14:00:00,ZONE_A,1,0.7472518,0.95454365,2711.0667,724.9181,6.3457055,731.2638,1979.8029,1,BATTERY_ALL,battery,CHARGE,300.0,698.02321676487,398.02321676486997,0.6674849476215137,0.8669201530456462,0
2026-01-25 14:00:00,ZONE_A,1,0.7472518,0.95454365,2711.0667,724.9181,6.3457055,731.2638,1979.8029,2,RENEWABLE_ALL,renewable,CURTAIL,398.02321676486997,698.02321676487,398.02321676486997,0.6674849476215137,0.8669201530456462,0
2026-01-25 14:15:00,ZONE_A,1,0.7586917,0.9446877,2711.6636,622.0381,6.0431924,628.0813,2083.5823,1,BATTERY_ALL,battery,CHARGE,300.0,593.34067871001,293.34067871001,0.6824546982242199,0.851980606961229,0
2026-01-25 14:15:00,ZONE_A,1,0.7586917,0.9446877,2711.6636,622.0381,6.0431924,628.0813,2083.5823,2,RENEWABLE_ALL,renewable,CURTAIL,293.34067871001,593.34067871001,293.34067871001,0.6824546982242199,0.851980606961229,0
2026-01-25 14:30:00,ZONE_A,1,0.7681086,0.9451365,2710.5608,642.9147,1.0908267,644.0055,2066.5553,1,BATTERY_ALL,battery,CHARGE,300.0,608.67310425075,308.67310425075004,0.664863555522359,0.8387701572923241,0
2026-01-25 14:30:00,ZONE_A,1,0.7681086,0.9451365,2710.5608,642.9147,1.0908267,644.0055,2066.5553,2,RENEWABLE_ALL,renewable,CURTAIL,308.67310425075004,608.67310425075,308.67310425075004,0.664863555522359,0.8387701572923241,0
2026-01-25 14:45:00,ZONE_A,1,0.96345,0.937202,2719.6248,582.948,0.8873694,583.8354,2135.7894,1,BATTERY_ALL,battery,CHARGE,300.0,547.1717045508001,247.1717045508001,0.6610960601079047,0.8174308333311164,0
2026-01-25 14:45:00,ZONE_A,1,0.96345,0.937202,2719.6248,582.948,0.8873694,583.8354,2135.7894,2,RENEWABLE_ALL,renewable,CURTAIL,247.1717045508001,547.1717045508001,247.1717045508001,0.6610960601079047,0.8174308333311164,0
2026-01-25 15:00:00,ZONE_A,1,0.91835994,0.91316813,2816.754,537.3972,5.6646166,543.0618,2273.6922,1,BATTERY_ALL,battery,CHARGE,300.0,495.90672838043395,195.90672838043395,0.6885826929387112,0.8302703300449441,0
2026-01-25 15:00:00,ZONE_A,1,0.91835994,0.91316813,2816.754,537.3972,5.6646166,543.0618,2273.6922,2,RENEWABLE_ALL,renewable,CURTAIL,195.90672838043395,495.90672838043395,195.90672838043395,0.6885826929387112,0.8302703300449441,0
2026-01-25 15:15:00,ZONE_A,1,0.9560322,0.89781636,2802.8354,493.36328,6.2217894,499.58508,2303.25032,1,BATTERY_ALL,battery,CHARGE,300.0,448.5356580359088,148.5356580359088,0.6865676503847459,0.8147206959414368,0
2026-01-25 15:15:00,ZONE_A,1,0.9560322,0.89781636,2802.8354,493.36328,6.2217894,499.58508,2303.25032,2,RENEWABLE_ALL,renewable,CURTAIL,148.5356580359088,448.5356580359088,148.5356580359088,0.6865676503847459,0.8147206959414368,0
2026-01-25 15:30:00,ZONE_A,1,0.9656893,0.83593893,2787.2954,413.3124,3.3529968,416.6654,2370.63,1,BATTERY_ALL,battery,CHARGE,300.0,348.30682864402195,48.30682864402195,0.6856140805916916,0.7851303176440689,0
2026-01-25 15:30:00,ZONE_A,1,0.9656893,0.83593893,2787.2954,413.3124,3.3529968,416.6654,2370.63,2,RENEWABLE_ALL,renewable,CURTAIL,48.30682864402195,348.30682864402195,48.30682864402195,0.6856140805916916,0.7851303176440689,0
2026-01-25 15:45:00,ZONE_A,1,0.98376334,0.93567574,2796.1204,356.92474,6.4109335,363.33566,2432.78474,1,BATTERY_ALL,battery,CHARGE,300.0,339.9643625388884,39.964362538888395,0.6794792898748445,0.7766119651725638,0
2026-01-25 15:45:00,ZONE_A,1,0.98376334,0.93567574,2796.1204,356.92474,6.4109335,363.33566,2432.78474,2,RENEWABLE_ALL,renewable,CURTAIL,39.964362538888395,339.9643625388884,39.964362538888395,0.6794792898748445,0.7766119651725638,0
2026-01-25 16:00:00,ZONE_A,1,0.95137864,0.56985384,2803.7349,308.51157,4.4335504,312.94513,2490.78977,1,BATTERY_ALL,battery,CHARGE,178.3329840397992,178.3329840397992,0.0,0.68167213557355,0.7326244168913925,0
2026-01-26 07:30:00,ZONE_A,2,0.9207192,0.52776575,2893.6946,271.8359,2.5975018,274.4334,2619.2612,1,BATTERY_ALL,battery,CHARGE,144.83654917605,144.83654917605,0.0,0.7098243414264258,0.7512062127417259,0
2026-01-26 08:15:00,ZONE_A,2,0.89980763,0.5156531,2986.445,378.377,3.1923752,381.5694,2604.8756000000003,1,BATTERY_ALL,battery,CHARGE,196.75744397513998,196.75744397513998,0.0,0.7341900069623217,0.7904064197076889,0
2026-01-26 08:30:00,ZONE_A,3,0.8834658,0.5454279,3047.2195,360.50012,3.5266066,364.02673,2683.19277,1,BATTERY_ALL,battery,CHARGE,198.55033488776698,198.55033488776698,0.0,0.7465593931079799,0.8032880604142681,0
2026-01-26 09:00:00,ZONE_A,1,0.90772814,0.8502984,2728.0063,515.6401,2.2239602,517.864,2210.1423,1,BATTERY_ALL,battery,CHARGE,300.0,440.33893061760006,140.33893061760006,0.6960818037898149,0.8218929272686659,0
2026-01-26 09:00:00,ZONE_A,1,0.90772814,0.8502984,2728.0063,515.6401,2.2239602,517.864,2210.1423,2,RENEWABLE_ALL,renewable,CURTAIL,140.33893061760006,440.33893061760006,140.33893061760006,0.6960818037898149,0.8218929272686659,0
2026-01-26 09:15:00,ZONE_A,1,0.95837563,0.84950835,2702.9912,481.56503,3.7824824,485.3475,2217.6437,1,BATTERY_ALL,battery,CHARGE,300.0,412.30675390162503,112.30675390162503,0.6843240875386026,0.8021260176679622,0
2026-01-26 09:15:00,ZONE_A,1,0.95837563,0.84950835,2702.9912,481.56503,3.7824824,485.3475,2217.6437,2,RENEWABLE_ALL,renewable,CURTAIL,112.30675390162503,412.30675390162503,112.30675390162503,0.6843240875386026,0.8021260176679622,0
2026-01-26 09:30:00,ZONE_A,1,0.8331005,0.797866,2744.5327,456.12265,4.9551315,461.0778,2283.4549,1,BATTERY_ALL,battery,CHARGE,300.0,367.87829997480003,67.87829997480003,0.6436726772797767,0.7487807634015872,0
2026-01-26 09:30:00,ZONE_A,1,0.8331005,0.797866,2744.5327,456.12265,4.9551315,461.0778,2283.4549,2,RENEWABLE_ALL,renewable,CURTAIL,67.87829997480003,367.87829997480003,67.87829997480003,0.6436726772797767,0.7487807634015872,0
2026-01-26 09:45:00,ZONE_A,1,0.8654976,0.8814146,2737.2449,542.6441,4.5132093,547.1573,2190.0876000000003,1,BATTERY_ALL,battery,CHARGE,300.0,482.27243271658,182.27243271658,0.6755084729394434,0.8133005971344224,0
2026-01-26 09:45:00,ZONE_A,1,0.8654976,0.8814146,2737.2449,542.6441,4.5132093,547.1573,2190.0876000000003,2,RENEWABLE_ALL,renewable,CURTAIL,182.27243271658,482.27243271658,182.27243271658,0.6755084729394434,0.8133005971344224,0
2026-01-26 10:00:00,ZONE_A,1,0.9802899,0.8806904,2713.6057,532.4553,4.837898,537.2932,2176.3125,1,BATTERY_ALL,battery,CHARGE,300.0,473.18896322527996,173.18896322527996,0.6677378165366701,0.8029346636173106,0
2026-01-26 10:00:00,ZONE_A,1,0.9802899,0.8806904,2713.6057,532.4553,4.837898,537.2932,2176.3125,2,RENEWABLE_ALL,renewable,CURTAIL,173.18896322527996,473.18896322527996,173.18896322527996,0.6677378165366701,0.8029346636173106,0
2026-01-26 10:15:00,ZONE_A,1,0.95662385,0.73210216,2732.981,581.3242,0.0,581.3242,2151.6568,1,BATTERY_ALL,battery,CHARGE,300.0,425.588702480272,125.58870248027199,0.6751022249443914,0.796698997466807,0
2026-01-26 10:15:00,ZONE_A,1,0.95662385,0.73210216,2732.981,581.3242,0.0,581.3242,2151.6568,2,RENEWABLE_ALL,renewable,CURTAIL,125.58870248027199,425.588702480272,125.58870248027199,0.6751022249443914,0.796698997466807,0
2026-01-26 10:30:00,ZONE_A,1,0.98589534,0.88473344,2719.4304,623.1451,4.0889783,627.2341,2092.1963,1,BATTERY_ALL,battery,CHARGE,300.0,554.934982978304,254.934982978304,0.6734083269570292,0.8319611796815087,0
2026-01-26 10:30:00,ZONE_A,1,0.98589534,0.88473344,2719.4304,623.1451,4.0889783,627.2341,2092.1963,2,RENEWABLE_ALL,renewable,CURTAIL,254.934982978304,554.934982978304,254.934982978304,0.6734083269570292,0.8319611796815087,0
2026-01-26 10:45:00,ZONE_A,1,0.9744785,0.90697163,2710.7676,586.8234,3.9412947,590.7647,2120.0029000000004,1,BATTERY_ALL,battery,CHARGE,300.0,535.806822905461,235.806822905461,0.670610380491061,0.8236980446501126,0
2026-01-26 10:45:00,ZONE_A,1,0.9744785,0.90697163,2710.7676,586.8234,3.9412947,590.7647,2120.0029000000004,2,RENEWABLE_ALL,renewable,CURTAIL,235.806822905461,535.806822905461,235.806822905461,0.670610380491061,0.8236980446501126,0
2026-01-26 11:00:00,ZONE_A,1,0.9395605,0.9130389,2710.1428,698.9123,5.8175735,704.72986,2005.41294,1,BATTERY_ALL,battery,CHARGE,300.0,643.445776171554,343.44577617155403,0.6769346464561862,0.8607762973442189,0
2026-01-26 11:00:00,ZONE_A,1,0.9395605,0.9130389,2710.1428,698.9123,5.8175735,704.72986,2005.41294,2,RENEWABLE_ALL,renewable,CURTAIL,343.44577617155403,643.445776171554,343.44577617155403,0.6769346464561862,0.8607762973442189,0
2026-01-26 11:15:00,ZONE_A,1,0.9484182,0.9027199,2725.211,650.5965,2.7932491,653.3898,2071.8212,1,BATTERY_ALL,battery,CHARGE,300.0,589.82797491702,289.82797491702,0.6698937592244298,0.8384160382908431,0
2026-01-26 11:15:00,ZONE_A,1,0.9484182,0.9027199,2725.211,650.5965,2.7932491,653.3898,2071.8212,2,RENEWABLE_ALL,renewable,CURTAIL,289.82797491702,589.82797491702,289.82797491702,0.6698937592244298,0.8384160382908431,0
2026-01-26 11:30:00,ZONE_A,1,0.9675172,0.9027199,2711.0195,628.61255,2.6212125,631.23376,2079.78574,1,BATTERY_ALL,battery,CHARGE,300.0,569.8272767038239,269.82727670382394,0.6704529695725497,0.833260763415005,0
2026-01-26 11:30:00,ZONE_A,1,0.9675172,0.9027199,2711.0195,628.61255,2.6212125,631.23376,2079.78574,2,RENEWABLE_ALL,renewable,CURTAIL,269.82727670382394,569.8272767038239,269.82727670382394,0.6704529695725497,0.833260763415005,0
2026-01-26 11:45:00,ZONE_A,1,0.95371455,0.9321414,2716.3574,729.1158,3.9412947,733.05707,1983.30033,1,BATTERY_ALL,battery,CHARGE,300.0,683.3128435096979,383.3128435096979,0.6646704113139785,0.8599026529094586,0
2026-01-26 11:45:00,ZONE_A,1,0.95371455,0.9321414,2716.3574,729.1158,3.9412947,733.05707,1983.30033,2,RENEWABLE_ALL,renewable,CURTAIL,383.3128435096979,683.3128435096979,383.3128435096979,0.6646704113139785,0.8599026529094586,0
2026-01-26 12:00:00,ZONE_A,1,0.98737913,0.9551574,2696.5188,750.0774,4.762469,754.83984,1941.67896,1,BATTERY_ALL,battery,CHARGE,300.0,720.990858990816,420.99085899081604,0.6614080509529925,0.8674054398737165,0
2026-01-26 12:00:00,ZONE_A,1,0.98737913,0.9551574,2696.5188,750.0774,4.762469,754.83984,1941.67896,2,RENEWABLE_ALL,renewable,CURTAIL,420.99085899081604,720.990858990816,420.99085899081604,0.6614080509529925,0.8674054398737165,0
2026-01-26 12:15:00,ZONE_A,1,0.9376849,0.968306,2713.9275,818.1163,2.493763,820.61005,1893.31745,1,BATTERY_ALL,battery,CHARGE,300.0,794.6016350753,494.6016350753,0.6774718430111182,0.9045008822918065,0
2026-01-26 12:15:00,ZONE_A,1,0.9376849,0.968306,2713.9275,818.1163,2.493763,820.61005,1893.31745,2,RENEWABLE_ALL,renewable,CURTAIL,494.6016350753,794.6016350753,494.6016350753,0.6774718430111182,0.9045008822918065,0
2026-01-26 12:30:00,ZONE_A,1,0.9599737,0.95779574,2700.392,778.4959,2.3802269,780.87616,1919.51584,1,BATTERY_ALL,battery,CHARGE,300.0,747.9198595155584,447.9198595155584,0.6843122829039193,0.8980036719853758,0
2026-01-26 12:30:00,ZONE_A,1,0.9599737,0.95779574,2700.392,778.4959,2.3802269,780.87616,1919.51584,2,RENEWABLE_ALL,renewable,CURTAIL,447.9198595155584,747.9198595155584,447.9198595155584,0.6843122829039193,0.8980036719853758,0
2026-01-26 12:45:00,ZONE_A,1,0.9579843,0.91781414,2708.5784,766.6274,5.4776697,772.10504,1936.47336,1,BATTERY_ALL,battery,CHARGE,300.0,708.6489232772656,408.64892327726557,0.6980868607110939,0.9005579822512528,0
2026-01-26 12:45:00,ZONE_A,1,0.9579843,0.91781414,2708.5784,766.6274,5.4776697,772.10504,1936.47336,2,RENEWABLE_ALL,renewable,CURTAIL,408.64892327726557,708.6489232772656,408.64892327726557,0.6980868607110939,0.9005579822512528,0
2026-01-26 13:00:00,ZONE_A,1,0.9816244,0.90882987,2707.5208,679.86035,3.8122067,683.67255,2023.84825,1,BATTERY_ALL,battery,CHARGE,300.0,621.3420347390685,321.3420347390685,0.6624472265648367,0.8399735227288779,0
2026-01-26 13:00:00,ZONE_A,1,0.9816244,0.90882987,2707.5208,679.86035,3.8122067,683.67255,2023.84825,2,RENEWABLE_ALL,renewable,CURTAIL,321.3420347390685,621.3420347390685,321.3420347390685,0.6624472265648367,0.8399735227288779,0
2026-01-26 13:15:00,ZONE_A,1,0.97832686,0.9443473,2696.8281,730.8666,3.0632873,733.9299,1962.8982,1,BATTERY_ALL,battery,CHARGE,300.0,693.0847194542699,393.08471945426993,0.6629366497361029,0.8609608559084406,0
2026-01-26 13:15:00,ZONE_A,1,0.97832686,0.9443473,2696.8281,730.8666,3.0632873,733.9299,1962.8982,2,RENEWABLE_ALL,renewable,CURTAIL,393.08471945426993,693.0847194542699,393.08471945426993,0.6629366497361029,0.8609608559084406,0
2026-01-26 13:30:00,ZONE_A,1,0.9847781,0.91030824,2699.0967,729.68005,3.5065584,733.1866,1965.9101,1,BATTERY_ALL,battery,CHARGE,300.0,667.425803437584,367.425803437584,0.6688872092833329,0.8595802965838415,0
2026-01-26 13:30:00,ZONE_A,1,0.9847781,0.91030824,2699.0967,729.68005,3.5065584,733.1866,1965.9101,2,RENEWABLE_ALL,renewable,CURTAIL,367.425803437584,667.425803437584,367.425803437584,0.6688872092833329,0.8595802965838415,0
2026-01-26 13:45:00,ZONE_A,1,0.91628057,0.8912512,2728.5315,688.63544,4.755933,693.39136,2035.14014,1,BATTERY_ALL,battery,CHARGE,300.0,617.985881669632,317.985881669632,0.6674614325406233,0.8440288278882037,0
2026-01-26 13:45:00,ZONE_A,1,0.91628057,0.8912512,2728.5315,688.63544,4.755933,693.39136,2035.14014,2,RENEWABLE_ALL,renewable,CURTAIL,317.985881669632,617.985881669632,317.985881669632,0.6674614325406233,0.8440288278882037,0
2026-01-26 14:00:00,ZONE_A,1,0.9641177,0.922612,2727.984,568.6897,2.192431,570.88214,2157.10186,1,BATTERY_ALL,battery,CHARGE,300.0,526.7027129496801,226.70271294968006,0.6643597924324615,0.814846282292472,0
2026-01-26 14:00:00,ZONE_A,1,0.9641177,0.922612,2727.984,568.6897,2.192431,570.88214,2157.10186,2,RENEWABLE_ALL,renewable,CURTAIL,226.70271294968006,526.7027129496801,226.70271294968006,0.6643597924324615,0.814846282292472,0
2026-01-26 14:15:00,ZONE_A,1,0.9756969,0.9144742,2721.7166,602.3923,2.192431,604.5847,2117.1319000000003,1,BATTERY_ALL,battery,CHARGE,300.0,552.87710986474,252.87710986473996,0.6711768531021048,0.8291417421035381,0
2026-01-26 14:15:00,ZONE_A,1,0.9756969,0.9144742,2721.7166,602.3923,2.192431,604.5847,2117.1319000000003,2,RENEWABLE_ALL,renewable,CURTAIL,252.87710986473996,552.87710986474,252.87710986473996,0.6711768531021048,0.8291417421035381,0
2026-01-26 14:30:00,ZONE_A,1,0.96439856,0.9321304,2722.5745,533.5363,3.8560166,537.39233,2185.18217,1,BATTERY_ALL,battery,CHARGE,300.0,500.919727519832,200.919727519832,0.6531942484312363,0.796314171011999,0
2026-01-26 14:30:00,ZONE_A,1,0.96439856,0.9321304,2722.5745,533.5363,3.8560166,537.39233,2185.18217,2,RENEWABLE_ALL,renewable,CURTAIL,200.919727519832,500.919727519832,200.919727519832,0.6531942484312363,0.796314171011999,0
2026-01-26 14:45:00,ZONE_A,1,0.96326125,0.9321304,2717.6643,526.4833,2.1620417,528.6453,2189.019,1,BATTERY_ALL,battery,CHARGE,300.0,492.76635494712,192.76635494712002,0.6462581053185842,0.7870484928697133,0
2026-01-26 14:45:00,ZONE_A,1,0.96326125,0.9321304,2717.6643,526.4833,2.1620417,528.6453,2189.019,2,RENEWABLE_ALL,renewable,CURTAIL,192.76635494712002,492.76635494712,192.76635494712002,0.6462581053185842,0.7870484928697133,0
2026-01-26 15:00:00,ZONE_A,1,0.94958097,0.91219133,2804.4905,568.76056,1.6287227,570.3893,2234.1012,1,BATTERY_ALL,battery,CHARGE,300.0,520.3041741847691,220.30417418476907,0.6814352003785586,0.8300935363028311,0
2026-01-26 15:00:00,ZONE_A,1,0.94958097,0.91219133,2804.4905,568.76056,1.6287227,570.3893,2234.1012,2,RENEWABLE_ALL,renewable,CURTAIL,220.30417418476907,520.3041741847691,220.30417418476907,0.6814352003785586,0.8300935363028311,0
2026-01-26 15:15:00,ZONE_A,1,0.93099487,0.8087942,2810.5205,423.94162,2.4835825,426.4252,2384.0953,1,BATTERY_ALL,battery,CHARGE,300.0,344.89022849384,44.89022849384003,0.6906505145124686,0.7891905800960979,0
2026-01-26 15:15:00,ZONE_A,1,0.93099487,0.8087942,2810.5205,423.94162,2.4835825,426.4252,2384.0953,2,RENEWABLE_ALL,renewable,CURTAIL,44.89022849384003,344.89022849384,44.89022849384003,0.6906505145124686,0.7891905800960979,0
2026-01-26 15:30:00,ZONE_A,1,0.96971166,0.82127154,2816.6077,398.1787,1.9124196,400.09113,2416.51657,1,BATTERY_ALL,battery,CHARGE,300.0,328.58345847544024,28.58345847544024,0.688817380254365,0.782698368660907,0
2026-01-26 15:30:00,ZONE_A,1,0.96971166,0.82127154,2816.6077,398.1787,1.9124196,400.09113,2416.51657,2,RENEWABLE_ALL,renewable,CURTAIL,28.58345847544024,328.58345847544024,28.58345847544024,0.688817380254365,0.782698368660907,0
2026-01-26 15:45:00,ZONE_A,1,0.9795904,0.757867,2816.0615,320.5994,1.463815,322.0632,2493.9983,1,BATTERY_ALL,battery,CHARGE,244.08107119439998,244.08107119439998,0.0,0.6920528050220544,0.7617902541318823,0
2026-01-26 16:00:00,ZONE_A,1,0.9087148,0.8336256,2824.8477,228.39099,1.8760555,230.26704,2594.58066,1,BATTERY_ALL,battery,CHARGE,191.956499380224,191.956499380224,0.0,0.6937931720183511,0.7486378862991485,0
2026-01-27 07:15:00,ZONE_A,2,0.56635255,0.5456117,2844.6897,287.95697,0.0,287.95697,2556.73273,1,BATTERY_ALL,battery,CHARGE,157.11269192854903,157.11269192854903,0.0,0.6891975071131876,0.7340868477926219,0
2026-01-27 07:30:00,ZONE_A,2,0.957029,0.6544544,2881.789,314.5111,0.0,314.5111,2567.2779,1,BATTERY_ALL,battery,CHARGE,205.83317324384,205.83317324384,0.0,0.7057239041250519,0.7645333823650736,0
2026-01-27 08:15:00,ZONE_A,2,0.8422885,0.9034414,2998.4446,527.24634,0.35448277,527.6008,2470.8438,1,BATTERY_ALL,battery,CHARGE,300.0,476.65640539312,176.65640539312,0.7343453623117904,0.870532907148005,0
2026-01-27 08:15:00,ZONE_A,2,0.8422885,0.9034414,2998.4446,527.24634,0.35448277,527.6008,2470.8438,2,RENEWABLE_ALL,renewable,CURTAIL,176.65640539312,476.65640539312,176.65640539312,0.7343453623117904,0.870532907148005,0
2026-01-27 08:30:00,ZONE_A,3,0.84598774,0.7706927,3049.447,573.76447,0.0,573.76447,2475.68253,1,BATTERY_ALL,battery,CHARGE,300.0,442.19608854836895,142.19608854836895,0.7471720764390828,0.8735138164536618,0
2026-01-27 08:30:00,ZONE_A,3,0.84598774,0.7706927,3049.447,573.76447,0.0,573.76447,2475.68253,2,RENEWABLE_ALL,renewable,CURTAIL,142.19608854836895,442.19608854836895,142.19608854836895,0.7471720764390828,0.8735138164536618,0
2026-01-27 08:45:00,ZONE_A,3,0.8757107,0.9034414,3039.005,549.2971,1.77302,551.0701,2487.9349,1,BATTERY_ALL,battery,CHARGE,300.0,497.85954264214,197.85954264214,0.7452056187480903,0.887451202850351,0
2026-01-27 08:45:00,ZONE_A,3,0.8757107,0.9034414,3039.005,549.2971,1.77302,551.0701,2487.9349,2,RENEWABLE_ALL,renewable,CURTAIL,197.85954264214,497.85954264214,197.85954264214,0.7452056187480903,0.887451202850351,0
2026-01-27 09:00:00,ZONE_A,1,0.9549674,0.67108786,2720.7454,509.66177,0.0,509.66177,2211.08363,1,BATTERY_ALL,battery,CHARGE,300.0,342.02782655311216,42.02782655311216,0.6725487074882563,0.7702709440026925,0
2026-01-27 09:00:00,ZONE_A,1,0.9549674,0.67108786,2720.7454,509.66177,0.0,509.66177,2211.08363,2,RENEWABLE_ALL,renewable,CURTAIL,42.02782655311216,342.02782655311216,42.02782655311216,0.6725487074882563,0.7702709440026925,0
2026-01-27 09:15:00,ZONE_A,1,0.9579648,0.7436246,2722.3752,566.5913,0.0,566.5913,2155.7839,1,BATTERY_ALL,battery,CHARGE,300.0,421.33122882598,121.33122882598002,0.6666536538952098,0.787034005441493,0
2026-01-27 09:15:00,ZONE_A,1,0.9579648,0.7436246,2722.3752,566.5913,0.0,566.5913,2155.7839,2,RENEWABLE_ALL,renewable,CURTAIL,121.33122882598002,421.33122882598,121.33122882598002,0.6666536538952098,0.787034005441493,0
2026-01-27 09:30:00,ZONE_A,1,0.8626065,0.80776805,2744.2043,581.31476,0.0,581.31476,2162.88954,1,BATTERY_ALL,battery,CHARGE,300.0,469.56749012141796,169.56749012141796,0.6517851726327798,0.7859473131981167,0
2026-01-27 09:30:00,ZONE_A,1,0.8626065,0.80776805,2744.2043,581.31476,0.0,581.31476,2162.88954,2,RENEWABLE_ALL,renewable,CURTAIL,169.56749012141796,469.56749012141796,169.56749012141796,0.6517851726327798,0.7859473131981167,0
2026-01-27 09:45:00,ZONE_A,1,0.86242145,0.78423625,2740.5857,579.2207,0.0,579.2207,2161.365,1,BATTERY_ALL,battery,CHARGE,300.0,454.24586969037495,154.24586969037495,0.6495957063721381,0.7793802410787579,0
2026-01-27 09:45:00,ZONE_A,1,0.86242145,0.78423625,2740.5857,579.2207,0.0,579.2207,2161.365,2,RENEWABLE_ALL,renewable,CURTAIL,154.24586969037495,454.24586969037495,154.24586969037495,0.6495957063721381,0.7793802410787579,0
2026-01-27 10:00:00,ZONE_A,1,0.9421133,0.8481937,2742.9792,487.6919,0.0,487.6919,2255.2873000000004,1,BATTERY_ALL,battery,CHARGE,300.0,413.65719712103,113.65719712102998,0.6514154196474675,0.7696031906144085,0
2026-01-27 10:00:00,ZONE_A,1,0.9421133,0.8481937,2742.9792,487.6919,0.0,487.6919,2255.2873000000004,2,RENEWABLE_ALL,renewable,CURTAIL,113.65719712102998,413.65719712103,113.65719712102998,0.6514154196474675,0.7696031906144085,0
2026-01-27 10:15:00,ZONE_A,1,0.9372051,0.81598544,2754.1187,479.5458,0.0,479.5458,2274.5729,1,BATTERY_ALL,battery,CHARGE,300.0,391.30239061315194,91.30239061315194,0.6556868681555139,0.767487551523232,0
2026-01-27 10:15:00,ZONE_A,1,0.9372051,0.81598544,2754.1187,479.5458,0.0,479.5458,2274.5729,2,RENEWABLE_ALL,renewable,CURTAIL,91.30239061315194,391.30239061315194,91.30239061315194,0.6556868681555139,0.767487551523232,0
2026-01-27 10:30:00,ZONE_A,1,0.9840242,0.86170584,2718.4646,557.8624,0.0,557.8624,2160.6022,1,BATTERY_ALL,battery,CHARGE,300.0,480.71328799641594,180.71328799641594,0.6609564868850325,0.798303140992725,0
2026-01-27 10:30:00,ZONE_A,1,0.9840242,0.86170584,2718.4646,557.8624,0.0,557.8624,2160.6022,2,RENEWABLE_ALL,renewable,CURTAIL,180.71328799641594,480.71328799641594,180.71328799641594,0.6609564868850325,0.798303140992725,0
2026-01-27 10:45:00,ZONE_A,1,0.9858496,0.8974578,2714.572,519.1249,0.51694983,519.64185,2194.93015,1,BATTERY_ALL,battery,CHARGE,300.0,466.35663148892996,166.35663148892996,0.655525044056012,0.7887697962902519,0
2026-01-27 10:45:00,ZONE_A,1,0.9858496,0.8974578,2714.572,519.1249,0.51694983,519.64185,2194.93015,2,RENEWABLE_ALL,renewable,CURTAIL,166.35663148892996,466.35663148892996,166.35663148892996,0.655525044056012,0.7887697962902519,0
2026-01-27 11:00:00,ZONE_A,1,0.9854976,0.8498224,2710.697,536.6929,0.118676186,536.8115,2173.8855000000003,1,BATTERY_ALL,battery,CHARGE,300.0,456.1944372776,156.1944372776,0.7194110198616132,0.8497522880291289,0
2026-01-27 11:00:00,ZONE_A,1,0.9854976,0.8498224,2710.697,536.6929,0.118676186,536.8115,2173.8855000000003,2,RENEWABLE_ALL,renewable,CURTAIL,156.1944372776,456.1944372776,156.1944372776,0.7194110198616132,0.8497522880291289,0
2026-01-27 11:15:00,ZONE_A,1,0.98030084,0.88491493,2738.9788,540.97687,0.0,540.97687,2198.00193,1,BATTERY_ALL,battery,CHARGE,300.0,478.71850904766904,178.71850904766904,0.6606569724674668,0.7974336897354746,0
2026-01-27 11:15:00,ZONE_A,1,0.98030084,0.88491493,2738.9788,540.97687,0.0,540.97687,2198.00193,2,RENEWABLE_ALL,renewable,CURTAIL,178.71850904766904,478.71850904766904,178.71850904766904,0.6606569724674668,0.7974336897354746,0
2026-01-27 11:30:00,ZONE_A,1,0.981899,0.8981432,2731.0261,586.58655,0.0,586.58655,2144.43955,1,BATTERY_ALL,battery,CHARGE,300.0,526.83872109396,226.83872109395998,0.6626247901870789,0.813150139515038,0
2026-01-27 11:30:00,ZONE_A,1,0.981899,0.8981432,2731.0261,586.58655,0.0,586.58655,2144.43955,2,RENEWABLE_ALL,renewable,CURTAIL,226.83872109395998,526.83872109396,226.83872109395998,0.6626247901870789,0.813150139515038,0
2026-01-27 11:45:00,ZONE_A,1,0.98611605,0.89535046,2708.0403,545.2359,0.0,545.2359,2162.8044,1,BATTERY_ALL,battery,CHARGE,300.0,488.177213873514,188.177213873514,0.6555465144422015,0.7950257188109664,0
2026-01-27 11:45:00,ZONE_A,1,0.98611605,0.89535046,2708.0403,545.2359,0.0,545.2359,2162.8044,2,RENEWABLE_ALL,renewable,CURTAIL,188.177213873514,488.177213873514,188.177213873514,0.6555465144422015,0.7950257188109664,0
2026-01-27 12:00:00,ZONE_A,1,0.8594211,0.8308297,2750.9397,474.75833,3.4092414,478.16757,2272.77213,1,BATTERY_ALL,battery,CHARGE,300.0,397.275818732829,97.27581873282901,0.6683620351883509,0.7818694123736918,0
2026-01-27 12:00:00,ZONE_A,1,0.8594211,0.8308297,2750.9397,474.75833,3.4092414,478.16757,2272.77213,2,RENEWABLE_ALL,renewable,CURTAIL,97.27581873282901,397.275818732829,97.27581873282901,0.6683620351883509,0.7818694123736918,0
2026-01-27 12:15:00,ZONE_A,1,0.66274863,0.8421505,2694.6526,505.07858,0.0,505.07858,2189.57402,1,BATTERY_ALL,battery,CHARGE,300.0,425.35217868629,125.35217868629002,0.7120271021153787,0.8335562963838782,0
2026-01-27 12:15:00,ZONE_A,1,0.66274863,0.8421505,2694.6526,505.07858,0.0,505.07858,2189.57402,2,RENEWABLE_ALL,renewable,CURTAIL,125.35217868629002,425.35217868629,125.35217868629002,0.7120271021153787,0.8335562963838782,0
2026-01-27 12:30:00,ZONE_A,1,0.8823641,0.8781492,2696.0315,504.72253,0.0,504.72253,2191.30897,1,BATTERY_ALL,battery,CHARGE,300.0,443.221685941476,143.22168594147598,0.6512733164616024,0.7779080842488056,0
2026-01-27 12:30:00,ZONE_A,1,0.8823641,0.8781492,2696.0315,504.72253,0.0,504.72253,2191.30897,2,RENEWABLE_ALL,renewable,CURTAIL,143.22168594147598,443.221685941476,143.22168594147598,0.6512733164616024,0.7779080842488056,0
2026-01-27 12:45:00,ZONE_A,0,0.73149574,0.78140944,2682.2952,475.8397,0.0,475.8397,2206.4555,1,BATTERY_ALL,battery,CHARGE,300.0,371.825633506768,71.82563350676799,0.651026281437075,0.7572621770331417,0
2026-01-27 12:45:00,ZONE_A,0,0.73149574,0.78140944,2682.2952,475.8397,0.0,475.8397,2206.4555,2,RENEWABLE_ALL,renewable,CURTAIL,71.82563350676799,371.825633506768,71.82563350676799,0.651026281437075,0.7572621770331417,0
2026-01-27 13:00:00,ZONE_A,0,0.7784628,0.76081425,2662.8206,433.2461,0.0,433.2461,2229.5745,1,BATTERY_ALL,battery,CHARGE,300.0,329.61980663692503,29.619806636925034,0.6916715526525419,0.7858486405470675,0
2026-01-27 13:00:00,ZONE_A,0,0.7784628,0.76081425,2662.8206,433.2461,0.0,433.2461,2229.5745,2,RENEWABLE_ALL,renewable,CURTAIL,29.619806636925034,329.61980663692503,29.619806636925034,0.6916715526525419,0.7858486405470675,0
2026-01-27 13:15:00,ZONE_A,1,0.9250036,0.60071105,2731.9817,435.01315,0.0,435.01315,2296.96855,1,BATTERY_ALL,battery,CHARGE,261.3172061003075,261.3172061003075,0.0,0.6440490655024435,0.7187111246475132,0
2026-01-27 13:30:00,ZONE_A,1,0.98580223,0.7644332,2709.6616,466.0531,0.0,466.0531,2243.6085,1,BATTERY_ALL,battery,CHARGE,300.0,356.26646260292,56.26646260292,0.6471744357723284,0.7489648539507686,0
2026-01-27 13:30:00,ZONE_A,1,0.98580223,0.7644332,2709.6616,466.0531,0.0,466.0531,2243.6085,2,RENEWABLE_ALL,renewable,CURTAIL,56.26646260292,356.26646260292,56.26646260292,0.6471744357723284,0.7489648539507686,0
2026-01-27 13:45:00,ZONE_A,1,0.8626703,0.5514151,2696.9604,406.71115,0.0,406.71115,2290.24925,1,BATTERY_ALL,battery,CHARGE,224.266669448365,224.266669448365,0.0,0.6413315616186536,0.7054077530732282,0
2026-01-28 09:30:00,ZONE_A,1,0.8913107,0.6090276,2735.219,354.66965,54.134007,408.80365,2326.41535,1,BATTERY_ALL,battery,CHARGE,248.97270583074,248.97270583074,0.0,0.6899053270852972,0.7610403861614022,0
2026-01-28 09:45:00,ZONE_A,1,0.8861713,0.54876024,2758.932,357.62686,46.12958,403.75644,2355.17556,1,BATTERY_ALL,battery,CHARGE,221.5654809159456,221.5654809159456,0.0,0.6651591917541995,0.7284636151248078,0
2026-01-28 10:00:00,ZONE_A,1,0.98478377,0.57523376,2728.0398,341.79538,35.944996,377.7404,2350.2994,1,BATTERY_ALL,battery,CHARGE,217.28903059590402,217.28903059590402,0.0,0.6432118477577712,0.7052944281047778,0
2026-01-28 10:15:00,ZONE_A,1,0.98025984,0.64471996,2733.4827,339.45392,57.200336,396.65427,2336.82843,1,BATTERY_ALL,battery,CHARGE,255.73092508822918,255.73092508822918,0.0,0.6637058764380693,0.7367718552465837,0
2026-01-28 10:30:00,ZONE_A,0,0.7541796,0.63731253,2662.5466,385.248,67.16556,452.41354,2210.13306,1,BATTERY_ALL,battery,CHARGE,288.3288177836562,288.3288177836562,0.0,0.6513108516784,0.7336905141679615,0
2026-01-28 10:45:00,ZONE_A,0,0.73054236,0.60310745,2677.475,399.5796,82.40702,481.9866,2195.4884,1,BATTERY_ALL,battery,CHARGE,290.68970926017,290.68970926017,0.0,0.6602136776279934,0.7432678805217972,0
2026-01-28 11:00:00,ZONE_A,1,0.9914341,0.5871525,2709.1023,371.74283,170.56383,542.30664,2166.79566,1,BATTERY_ALL,battery,CHARGE,300.0,318.41669944259996,18.416699442599963,0.7036490829158389,0.7946252830115684,0
2026-01-28 11:00:00,ZONE_A,1,0.9914341,0.5871525,2709.1023,371.74283,170.56383,542.30664,2166.79566,2,RENEWABLE_ALL,renewable,CURTAIL,18.416699442599963,318.41669944259996,18.416699442599963,0.7036490829158389,0.7946252830115684,0
2026-01-28 11:15:00,ZONE_A,1,0.98435956,0.58248156,2707.9036,364.99075,222.47647,587.4672,2120.4364,1,BATTERY_ALL,battery,CHARGE,300.0,342.188811104832,42.188811104831984,0.6480870354375703,0.7458552674725304,0
2026-01-28 11:15:00,ZONE_A,1,0.98435956,0.58248156,2707.9036,364.99075,222.47647,587.4672,2120.4364,2,RENEWABLE_ALL,renewable,CURTAIL,42.188811104831984,342.188811104832,42.188811104831984,0.6480870354375703,0.7458552674725304,0
2026-01-28 11:30:00,ZONE_A,1,0.9545049,0.5422152,2692.1687,328.43588,156.48149,484.91736,2207.2513400000003,1,BATTERY_ALL,battery,CHARGE,262.929563335872,262.929563335872,0.0,0.6477644439907954,0.7228871765879163,0
2026-01-28 11:45:00,ZONE_A,1,0.95471704,0.5422152,2701.2517,357.59702,140.34918,497.9462,2203.3055,1,BATTERY_ALL,battery,CHARGE,269.99399842224,269.99399842224,0.0,0.6404093926318022,0.717550535265185,0
2026-01-28 12:00:00,ZONE_A,1,0.98434526,0.55139905,2719.7795,340.98355,229.50418,570.48773,2149.29177,1,BATTERY_ALL,battery,CHARGE,300.0,314.5663923586565,14.566392358656515,0.649333387147327,0.7392094995530764,0
2026-01-28 12:00:00,ZONE_A,1,0.98434526,0.55139905,2719.7795,340.98355,229.50418,570.48773,2149.29177,2,RENEWABLE_ALL,renewable,CURTAIL,14.566392358656515,314.5663923586565,14.566392358656515,0.649333387147327,0.7392094995530764,0
2026-01-28 12:15:00,ZONE_A,1,0.9906427,0.5871525,2711.3032,352.77933,162.48528,515.2646,2196.0386,1,BATTERY_ALL,battery,CHARGE,300.0,302.5388980515,2.5388980514999844,0.6377926268200813,0.7242323122232808,0
2026-01-28 12:15:00,ZONE_A,1,0.9906427,0.5871525,2711.3032,352.77933,162.48528,515.2646,2196.0386,2,RENEWABLE_ALL,renewable,CURTAIL,2.5388980514999844,302.5388980515,2.5388980514999844,0.6377926268200813,0.7242323122232808,0
2026-01-28 12:30:00,ZONE_A,1,0.9912969,0.51740324,2709.4705,315.33386,105.63351,420.96738,2288.50312,1,BATTERY_ALL,battery,CHARGE,217.8098863463112,217.8098863463112,0.0,0.6395728701841283,0.7018042664597498,0
2026-01-28 12:45:00,ZONE_A,1,0.95533144,0.5658221,2694.5276,331.78705,157.28465,489.07172,2205.45588,1,BATTERY_ALL,battery,CHARGE,276.727587661012,276.727587661012,0.0,0.651697422216967,0.7307624474828455,0
2026-01-28 13:00:00,ZONE_A,1,0.9557198,0.5422152,2699.3765,333.43503,151.36682,484.80185,2214.57465,1,BATTERY_ALL,battery,CHARGE,262.86693205812,262.86693205812,0.0,0.64569568752632,0.7208005254713888,0
2026-01-28 13:15:00,ZONE_A,1,0.9506535,0.5658221,2691.2566,374.04102,112.04946,486.09048,2205.1661200000003,1,BATTERY_ALL,battery,CHARGE,275.04073618360803,275.04073618360803,0.0,0.6687445232617395,0.7473275909597263,0
2026-01-28 13:30:00,ZONE_A,1,0.9516538,0.5480687,2696.681,325.20514,107.63406,432.8392,2263.8418,1,BATTERY_ALL,battery,CHARGE,237.22561765304,237.22561765304,0.0,0.6392521099348394,0.7070308580237591,0
2026-01-28 13:45:00,ZONE_A,1,0.90278727,0.5641632,2700.797,334.9539,72.50627,407.46014,2293.33686,1,BATTERY_ALL,battery,CHARGE,229.874016454848,229.874016454848,0.0,0.6733779730165053,0.739056263620743,0
2026-01-28 14:30:00,ZONE_A,1,0.9591818,0.5189718,2694.902,278.24872,133.82268,412.0714,2282.8306,1,BATTERY_ALL,battery,CHARGE,213.85343618651999,213.85343618651999,0.0,0.6539794041833062,0.7150803861202565,0
2026-01-29 07:30:00,ZONE_A,2,0.9750914,0.52307945,2869.5994,229.52342,193.10353,422.62695,2446.97245,1,BATTERY_ALL,battery,CHARGE,221.0674725611775,221.0674725611775,0.0,0.7029269626209321,0.7660890978315378,0
2026-01-29 07:45:00,ZONE_A,2,0.9744881,0.7136764,2928.8975,313.40485,191.7908,505.19565,2423.70185,1,BATTERY_ALL,battery,CHARGE,300.0,360.54621278766,60.54621278766001,0.7244236174065528,0.8274368213702655,0
2026-01-29 07:45:00,ZONE_A,2,0.9744881,0.7136764,2928.8975,313.40485,191.7908,505.19565,2423.70185,2,RENEWABLE_ALL,renewable,CURTAIL,60.54621278766001,360.54621278766,60.54621278766001,0.7244236174065528,0.8274368213702655,0
2026-01-29 08:00:00,ZONE_A,2,0.89675033,0.73838013,2979.842,314.36954,149.94946,464.319,2515.523,1,BATTERY_ALL,battery,CHARGE,300.0,342.84392358147005,42.84392358147005,0.7611699882083681,0.8591253952743318,0
2026-01-29 08:00:00,ZONE_A,2,0.89675033,0.73838013,2979.842,314.36954,149.94946,464.319,2515.523,2,RENEWABLE_ALL,renewable,CURTAIL,42.84392358147005,342.84392358147005,42.84392358147005,0.7611699882083681,0.8591253952743318,0
2026-01-29 08:15:00,ZONE_A,2,0.81769866,0.65729976,2984.195,354.36142,200.32312,554.6846,2429.5104,1,BATTERY_ALL,battery,CHARGE,300.0,364.59405445569604,64.59405445569604,0.7352373559147033,0.8394070860904944,0
2026-01-29 08:15:00,ZONE_A,2,0.81769866,0.65729976,2984.195,354.36142,200.32312,554.6846,2429.5104,2,RENEWABLE_ALL,renewable,CURTAIL,64.59405445569604,364.59405445569604,64.59405445569604,0.7352373559147033,0.8394070860904944,0
2026-01-29 08:30:00,ZONE_A,2,0.7854459,0.7199414,3012.6619,365.7073,175.00795,540.7153,2471.9466,1,BATTERY_ALL,battery,CHARGE,300.0,389.28333008341997,89.28333008341997,0.7591542680683258,0.8703780770379875,0
2026-01-29 08:30:00,ZONE_A,2,0.7854459,0.7199414,3012.6619,365.7073,175.00795,540.7153,2471.9466,2,RENEWABLE_ALL,renewable,CURTAIL,89.28333008341997,389.28333008341997,89.28333008341997,0.7591542680683258,0.8703780770379875,0
2026-01-29 08:45:00,ZONE_A,2,0.7114663,0.5516715,3016.7415,372.83246,217.5056,590.3381,2426.4034,1,BATTERY_ALL,battery,CHARGE,300.0,325.67270513415,25.67270513415002,0.7760407909765029,0.8690901356381994,0
2026-01-29 08:45:00,ZONE_A,2,0.7114663,0.5516715,3016.7415,372.83246,217.5056,590.3381,2426.4034,2,RENEWABLE_ALL,renewable,CURTAIL,25.67270513415002,325.67270513415,25.67270513415002,0.7760407909765029,0.8690901356381994,0
2026-01-29 09:15:00,ZONE_A,1,0.97291404,0.5498667,2711.0437,387.42795,150.7021,538.13007,2172.91363,1,BATTERY_ALL,battery,CHARGE,295.89980576166903,295.89980576166903,0.0,0.6606018020860708,0.7451446040515775,0
2026-01-29 09:30:00,ZONE_A,1,0.8824359,0.58051234,2768.878,442.85406,141.4969,584.35095,2184.52705,1,BATTERY_ALL,battery,CHARGE,300.0,339.222937365723,39.222937365723,0.6860907768242995,0.7830116164740677,0
2026-01-29 09:30:00,ZONE_A,1,0.8824359,0.58051234,2768.878,442.85406,141.4969,584.35095,2184.52705,2,RENEWABLE_ALL,renewable,CURTAIL,39.222937365723,339.222937365723,39.222937365723,0.6860907768242995,0.7830116164740677,0
2026-01-29 09:45:00,ZONE_A,1,0.9555702,0.5046144,2696.2122,460.43878,213.92729,674.3661,2021.8461,1,BATTERY_ALL,battery,CHARGE,300.0,340.29484493184,40.294844931839975,0.6952758544876371,0.79250295347372,0
2026-01-29 09:45:00,ZONE_A,1,0.9555702,0.5046144,2696.2122,460.43878,213.92729,674.3661,2021.8461,2,RENEWABLE_ALL,renewable,CURTAIL,40.294844931839975,340.29484493184,40.294844931839975,0.6952758544876371,0.79250295347372,0
2026-01-29 10:00:00,ZONE_A,1,0.98801816,0.7363487,2704.502,498.2638,139.96028,638.22406,2066.27794,1,BATTERY_ALL,battery,CHARGE,300.0,469.955456889722,169.95545688972197,0.6812682856759465,0.8155412737455934,0
2026-01-29 10:00:00,ZONE_A,1,0.98801816,0.7363487,2704.502,498.2638,139.96028,638.22406,2066.27794,2,RENEWABLE_ALL,renewable,CURTAIL,169.95545688972197,469.955456889722,169.95545688972197,0.6812682856759465,0.8155412737455934,0
2026-01-29 10:15:00,ZONE_A,1,0.9802225,0.76639515,2714.6248,519.7665,198.11456,717.88104,1996.74376,1,BATTERY_ALL,battery,CHARGE,300.0,550.180547332956,250.18054733295605,0.6622695806658158,0.8194640232241025,0
2026-01-29 10:15:00,ZONE_A,1,0.9802225,0.76639515,2714.6248,519.7665,198.11456,717.88104,1996.74376,2,RENEWABLE_ALL,renewable,CURTAIL,250.18054733295605,550.180547332956,250.18054733295605,0.6622695806658158,0.8194640232241025,0
2026-01-29 10:30:00,ZONE_A,1,0.9740354,0.7710056,2720.6545,504.27896,127.762856,632.0418,2088.6127,1,BATTERY_ALL,battery,CHARGE,300.0,487.30776723407996,187.30776723407996,0.7102320099620536,0.8494628010439006,0
2026-01-29 10:30:00,ZONE_A,1,0.9740354,0.7710056,2720.6545,504.27896,127.762856,632.0418,2088.6127,2,RENEWABLE_ALL,renewable,CURTAIL,187.30776723407996,487.30776723407996,187.30776723407996,0.7102320099620536,0.8494628010439006,0
2026-01-29 10:45:00,ZONE_A,1,0.97868335,0.8345863,2696.3596,546.72174,86.21434,632.9361,2063.4235,1,BATTERY_ALL,battery,CHARGE,300.0,528.23979783543,228.23979783542995,0.6683098236943286,0.8192354807140233,0
2026-01-29 10:45:00,ZONE_A,1,0.97868335,0.8345863,2696.3596,546.72174,86.21434,632.9361,2063.4235,2,RENEWABLE_ALL,renewable,CURTAIL,228.23979783542995,528.23979783543,228.23979783542995,0.6683098236943286,0.8192354807140233,0
2026-01-29 11:00:00,ZONE_A,1,0.9746265,0.8877762,2696.2085,601.7578,42.224445,643.98224,2052.2262600000004,1,BATTERY_ALL,battery,CHARGE,300.0,571.7121058946881,271.7121058946881,0.6605588192677029,0.8239051357501023,0
2026-01-29 11:00:00,ZONE_A,1,0.9746265,0.8877762,2696.2085,601.7578,42.224445,643.98224,2052.2262600000004,2,RENEWABLE_ALL,renewable,CURTAIL,271.7121058946881,571.7121058946881,271.7121058946881,0.6605588192677029,0.8239051357501023,0
2026-01-29 11:15:00,ZONE_A,1,0.9848455,0.86820686,2694.7168,542.93414,127.421165,670.3553,2024.3615,1,BATTERY_ALL,battery,CHARGE,300.0,582.0070700973581,282.0070700973581,0.6629269978814776,0.8292147326873767,0
2026-01-29 11:15:00,ZONE_A,1,0.9848455,0.86820686,2694.7168,542.93414,127.421165,670.3553,2024.3615,2,RENEWABLE_ALL,renewable,CURTAIL,282.0070700973581,582.0070700973581,282.0070700973581,0.6629269978814776,0.8292147326873767,0
2026-01-29 11:30:00,ZONE_A,1,0.95346314,0.8960574,2698.7148,560.4979,44.50913,605.0071,2093.7077,1,BATTERY_ALL,battery,CHARGE,300.0,542.12108900754,242.12108900754004,0.6953070267786946,0.8501987670296718,0
2026-01-29 11:30:00,ZONE_A,1,0.95346314,0.8960574,2698.7148,560.4979,44.50913,605.0071,2093.7077,2,RENEWABLE_ALL,renewable,CURTAIL,242.12108900754004,542.12108900754,242.12108900754004,0.6953070267786946,0.8501987670296718,0
2026-01-29 11:45:00,ZONE_A,1,0.95882714,0.93082905,2726.99,585.93066,47.20222,633.1329,2093.8571,1,BATTERY_ALL,battery,CHARGE,300.0,589.3384958307449,289.33849583074493,0.6772050722525131,0.8455875001403758,0
2026-01-29 11:45:00,ZONE_A,1,0.95882714,0.93082905,2726.99,585.93066,47.20222,633.1329,2093.8571,2,RENEWABLE_ALL,renewable,CURTAIL,289.33849583074493,589.3384958307449,289.33849583074493,0.6772050722525131,0.8455875001403758,0
2026-01-29 12:00:00,ZONE_A,1,0.98238075,0.9348952,2701.1096,533.57306,45.11386,578.6869,2122.4227,1,BATTERY_ALL,battery,CHARGE,300.0,541.01160511288,241.01160511288003,0.6637898964706452,0.818364641243991,0
2026-01-29 12:00:00,ZONE_A,1,0.98238075,0.9348952,2701.1096,533.57306,45.11386,578.6869,2122.4227,2,RENEWABLE_ALL,renewable,CURTAIL,241.01160511288003,541.01160511288,241.01160511288003,0.6637898964706452,0.818364641243991,0
2026-01-29 12:15:00,ZONE_A,1,0.88879704,0.92784435,2678.5354,484.73337,54.379005,539.11237,2139.42303,1,BATTERY_ALL,battery,CHARGE,300.0,500.21236651960953,200.21236651960953,0.6584421554221696,0.8013599748517689,0
2026-01-29 12:15:00,ZONE_A,1,0.88879704,0.92784435,2678.5354,484.73337,54.379005,539.11237,2139.42303,2,RENEWABLE_ALL,renewable,CURTAIL,200.21236651960953,500.21236651960953,200.21236651960953,0.6584421554221696,0.8013599748517689,0
2026-01-29 12:30:00,ZONE_A,1,0.8665084,0.9083102,2676.9138,498.97354,54.314735,553.28827,2123.62553,1,BATTERY_ALL,battery,CHARGE,300.0,502.557379181354,202.557379181354,0.6391465211250167,0.7827343442195148,0
2026-01-29 12:30:00,ZONE_A,1,0.8665084,0.9083102,2676.9138,498.97354,54.314735,553.28827,2123.62553,2,RENEWABLE_ALL,renewable,CURTAIL,202.557379181354,502.557379181354,202.557379181354,0.6391465211250167,0.7827343442195148,0
2026-01-29 12:45:00,ZONE_A,1,0.86946833,0.91272,2671.106,483.55957,53.478714,537.03827,2134.06773,1,BATTERY_ALL,battery,CHARGE,300.0,490.16556979439997,190.16556979439997,0.6593756358259961,0.7994229419153974,0
2026-01-29 12:45:00,ZONE_A,1,0.86946833,0.91272,2671.106,483.55957,53.478714,537.03827,2134.06773,2,RENEWABLE_ALL,renewable,CURTAIL,190.16556979439997,490.16556979439997,190.16556979439997,0.6593756358259961,0.7994229419153974,0
2026-01-29 13:00:00,ZONE_A,0,0.74416894,0.7568937,2679.0076,412.9331,54.12425,467.05734,2211.95026,1,BATTERY_ALL,battery,CHARGE,300.0,353.512758184758,53.51275818475801,0.6510259921659133,0.7520296376619768,0
2026-01-29 13:00:00,ZONE_A,0,0.74416894,0.7568937,2679.0076,412.9331,54.12425,467.05734,2211.95026,2,RENEWABLE_ALL,renewable,CURTAIL,53.51275818475801,353.512758184758,53.51275818475801,0.6510259921659133,0.7520296376619768,0
2026-01-29 13:15:00,ZONE_A,1,0.78606313,0.77475166,2660.8738,448.93323,67.870125,516.80334,2144.07046,1,BATTERY_ALL,battery,CHARGE,300.0,400.3942455585444,100.39424555854441,0.6397476243135727,0.7541459805223737,0
2026-01-29 13:15:00,ZONE_A,1,0.78606313,0.77475166,2660.8738,448.93323,67.870125,516.80334,2144.07046,2,RENEWABLE_ALL,renewable,CURTAIL,100.39424555854441,400.3942455585444,100.39424555854441,0.6397476243135727,0.7541459805223737,0
2026-01-29 13:30:00,ZONE_A,0,0.66354406,0.65379703,2674.9585,364.67276,39.46543,404.13818,2270.8203200000003,1,BATTERY_ALL,battery,CHARGE,264.2243417936054,264.2243417936054,0.0,0.6482206988952507,0.7237133681883438,0
2026-01-29 13:45:00,ZONE_A,0,0.62233806,0.7576288,2680.3318,380.82657,28.282396,409.10898,2271.22282,1,BATTERY_ALL,battery,CHARGE,300.0,309.95274558662396,9.952745586623962,0.6564077490338437,0.7449656766042948,0
2026-01-29 13:45:00,ZONE_A,0,0.62233806,0.7576288,2680.3318,380.82657,28.282396,409.10898,2271.22282,2,RENEWABLE_ALL,renewable,CURTAIL,9.952745586623962,309.95274558662396,9.952745586623962,0.6564077490338437,0.7449656766042948,0
2026-01-29 14:00:00,ZONE_A,0,0.58973026,0.66919196,2681.7598,347.11612,28.369312,375.48544,2306.27436,1,BATTERY_ALL,battery,CHARGE,251.2718375450624,251.2718375450624,0.0,0.6498664418416824,0.7216583956317087,0
2026-01-29 14:15:00,ZONE_A,0,0.57233727,0.6796095,2673.1707,338.7376,24.935818,363.67343,2309.4972700000003,1,BATTERY_ALL,battery,CHARGE,247.155917925585,247.155917925585,0.0,0.6462497287070309,0.7168657054532162,0
2026-01-30 09:45:00,ZONE_A,1,0.84078526,0.5439973,2747.4087,387.82913,5.237285,393.0664,2354.3423,1,BATTERY_ALL,battery,CHARGE,213.82706032072,213.82706032072,0.0,0.6527164969925562,0.7138099430420173,0
2026-01-30 10:00:00,ZONE_A,1,0.9850395,0.7251042,2727.302,434.61865,5.4856067,440.10425,2287.1977500000003,1,BATTERY_ALL,battery,CHARGE,300.0,319.12144011285,19.121440112849996,0.6674567852573389,0.7586343398282177,0
2026-01-30 10:00:00,ZONE_A,1,0.9850395,0.7251042,2727.302,434.61865,5.4856067,440.10425,2287.1977500000003,2,RENEWABLE_ALL,renewable,CURTAIL,19.121440112849996,319.12144011285,19.121440112849996,0.6674567852573389,0.7586343398282177,0
2026-01-30 10:15:00,ZONE_A,0,0.82708776,0.7567678,2675.3142,414.21533,4.556521,418.77185,2256.54235,1,BATTERY_ALL,battery,CHARGE,300.0,316.91305162643,16.91305162642999,0.6568678955007863,0.7474144819656304,0
2026-01-30 10:15:00,ZONE_A,0,0.82708776,0.7567678,2675.3142,414.21533,4.556521,418.77185,2256.54235,2,RENEWABLE_ALL,renewable,CURTAIL,16.91305162642999,316.91305162643,16.91305162642999,0.6568678955007863,0.7474144819656304,0
2026-01-30 10:45:00,ZONE_A,1,0.98474854,0.7045465,2719.0386,444.4046,2.9090724,447.31366,2271.72494,1,BATTERY_ALL,battery,CHARGE,300.0,315.15327355519,15.153273555190026,0.6417975086427229,0.7318413013463433,0
2026-01-30 10:45:00,ZONE_A,1,0.98474854,0.7045465,2719.0386,444.4046,2.9090724,447.31366,2271.72494,2,RENEWABLE_ALL,renewable,CURTAIL,15.153273555190026,315.15327355519,15.153273555190026,0.6417975086427229,0.7318413013463433,0
2026-01-30 11:00:00,ZONE_A,1,0.9737863,0.77943575,2703.695,443.80145,1.9599013,445.76135,2257.93365,1,BATTERY_ALL,battery,CHARGE,300.0,347.4423321582625,47.4423321582625,0.6970248147152813,0.7962940527733002,0
2026-01-30 11:00:00,ZONE_A,1,0.9737863,0.77943575,2703.695,443.80145,1.9599013,445.76135,2257.93365,2,RENEWABLE_ALL,renewable,CURTAIL,47.4423321582625,347.4423321582625,47.4423321582625,0.6970248147152813,0.7962940527733002,0
2026-01-30 11:15:00,ZONE_A,1,0.97608566,0.898954,2730.3296,486.73904,1.2635493,488.0026,2242.327,1,BATTERY_ALL,battery,CHARGE,300.0,438.6918892804,138.6918892804,0.6481155058109918,0.7734560459706754,0
2026-01-30 11:15:00,ZONE_A,1,0.97608566,0.898954,2730.3296,486.73904,1.2635493,488.0026,2242.327,2,RENEWABLE_ALL,renewable,CURTAIL,138.6918892804,438.6918892804,138.6918892804,0.6481155058109918,0.7734560459706754,0
2026-01-30 11:30:00,ZONE_A,1,0.9875743,0.6970285,2714.4724,461.63232,0.86442304,462.49673,2251.9756700000003,1,BATTERY_ALL,battery,CHARGE,300.0,322.37340196680503,22.373401966805034,0.6403014359390788,0.7324081224710361,0
2026-01-30 11:30:00,ZONE_A,1,0.9875743,0.6970285,2714.4724,461.63232,0.86442304,462.49673,2251.9756700000003,2,RENEWABLE_ALL,renewable,CURTAIL,22.373401966805034,322.37340196680503,22.373401966805034,0.6403014359390788,0.7324081224710361,0
2026-01-30 11:45:00,ZONE_A,1,0.8412919,0.875769,2698.7598,503.57898,2.2750902,505.85406,2192.90574,1,BATTERY_ALL,battery,CHARGE,300.0,443.01130427214,143.01130427214002,0.6524604820567066,0.7790351407735359,0
2026-01-30 11:45:00,ZONE_A,1,0.8412919,0.875769,2698.7598,503.57898,2.2750902,505.85406,2192.90574,2,RENEWABLE_ALL,renewable,CURTAIL,143.01130427214002,443.01130427214,143.01130427214002,0.6524604820567066,0.7790351407735359,0
2026-01-30 12:00:00,ZONE_A,1,0.8204338,0.7346011,2697.2688,413.81247,0.9800324,414.7925,2282.4763,1,BATTERY_ALL,battery,CHARGE,300.0,304.70702677175,4.707026771750009,0.7029421605574153,0.790001311350977,0
2026-01-30 12:00:00,ZONE_A,1,0.8204338,0.7346011,2697.2688,413.81247,0.9800324,414.7925,2282.4763,2,RENEWABLE_ALL,renewable,CURTAIL,4.707026771750009,304.70702677175,4.707026771750009,0.7029421605574153,0.790001311350977,0
2026-01-30 12:15:00,ZONE_A,1,0.9870452,0.69570017,2704.805,463.778,2.3775423,466.15555,2238.64945,1,BATTERY_ALL,battery,CHARGE,300.0,324.3044953814435,24.304495381443473,0.6886515562160754,0.781309983731237,0
2026-01-30 12:15:00,ZONE_A,1,0.9870452,0.69570017,2704.805,463.778,2.3775423,466.15555,2238.64945,2,RENEWABLE_ALL,renewable,CURTAIL,24.304495381443473,324.3044953814435,24.304495381443473,0.6886515562160754,0.781309983731237,0
2026-01-30 12:30:00,ZONE_A,1,0.82779306,0.7364454,2698.79,484.76273,0.0,484.76273,2214.02727,1,BATTERY_ALL,battery,CHARGE,300.0,357.001282599942,57.00128259994199,0.7102099188231646,0.8122102855638628,0
2026-01-30 12:30:00,ZONE_A,1,0.82779306,0.7364454,2698.79,484.76273,0.0,484.76273,2214.02727,2,RENEWABLE_ALL,renewable,CURTAIL,57.00128259994199,357.001282599942,57.00128259994199,0.7102099188231646,0.8122102855638628,0
2026-01-30 12:45:00,ZONE_A,1,0.9891561,0.7540227,2704.7334,451.75186,0.49972236,452.2516,2252.4818,1,BATTERY_ALL,battery,CHARGE,300.0,341.00797251132,41.00797251132002,0.6556073015847758,0.753038151154069,0
2026-01-30 12:45:00,ZONE_A,1,0.9891561,0.7540227,2704.7334,451.75186,0.49972236,452.2516,2252.4818,2,RENEWABLE_ALL,renewable,CURTAIL,41.00797251132002,341.00797251132,41.00797251132002,0.6556073015847758,0.753038151154069,0
2026-01-30 13:00:00,ZONE_A,0,0.7434856,0.54273075,2675.4346,420.93796,0.0,420.93796,2254.4966400000003,1,BATTERY_ALL,battery,CHARGE,228.45597473427,228.45597473427,0.0,0.6434722640315794,0.7087453998896743,0
2026-01-30 13:15:00,ZONE_A,1,0.7759966,0.7273916,2691.161,393.12164,2.4421453,395.56378,2295.59722,1,BATTERY_ALL,battery,CHARGE,287.729770836248,287.729770836248,0.0,0.6443081643716648,0.7265166705889188,0
2026-01-30 13:30:00,ZONE_A,1,0.92997915,0.5180706,2717.7817,355.80453,1.3919134,357.19644,2360.58526,1,BATTERY_ALL,battery,CHARGE,185.052973988664,185.052973988664,0.0,0.6704475365537673,0.7233198150186931,0
2026-01-30 13:45:00,ZONE_A,1,0.9877579,0.55000526,2702.5178,370.3068,0.0,370.3068,2332.211,1,BATTERY_ALL,battery,CHARGE,203.670687813768,203.670687813768,0.0,0.6479701014809967,0.7061617267396134,0
2026-01-30 14:30:00,ZONE_A,0,0.6447893,0.53834695,2683.8945,254.45326,0.0,254.45326,2429.44124,1,BATTERY_ALL,battery,CHARGE,136.984136438557,136.984136438557,0.0,0.645856490901728,0.6849948157172207,0
2026-01-02 07:45:00,ZONE_B,1,0.8635396,0.5897323,2133.636,374.2627,276.71423,650.9769,1482.6591,1,BATTERY_ALL,battery,CHARGE,200.0,383.90210448387,183.90210448387,0.6873104366791124,0.82441833151594,0
2026-01-02 07:45:00,ZONE_B,1,0.8635396,0.5897323,2133.636,374.2627,276.71423,650.9769,1482.6591,2,RENEWABLE_ALL,renewable,CURTAIL,183.90210448387,383.90210448387,183.90210448387,0.6873104366791124,0.82441833151594,0
2026-01-02 09:30:00,ZONE_B,2,0.9261964,0.75078386,2055.9644,644.176,285.04245,929.2185,1126.7459,1,BATTERY_ALL,battery,CHARGE,200.0,697.64225221341,497.64225221340996,0.7124073865093458,0.9615653345976583,0
2026-01-02 09:30:00,ZONE_B,2,0.9261964,0.75078386,2055.9644,644.176,285.04245,929.2185,1126.7459,2,RENEWABLE_ALL,renewable,CURTAIL,497.64225221340996,697.64225221341,497.64225221340996,0.7124073865093458,0.9615653345976583,0
2026-01-02 09:45:00,ZONE_B,0,0.83140844,0.5436056,1930.0802,630.28534,276.8731,907.15845,1022.92175,1,BATTERY_ALL,battery,CHARGE,200.0,493.13641350732,293.13641350732,0.6450513569332146,0.8211715054037322,0
2026-01-02 09:45:00,ZONE_B,0,0.83140844,0.5436056,1930.0802,630.28534,276.8731,907.15845,1022.92175,2,RENEWABLE_ALL,renewable,CURTAIL,293.13641350732,493.13641350732,293.13641350732,0.6450513569332146,0.8211715054037322,0
2026-01-02 10:15:00,ZONE_B,2,0.9247226,0.6627091,2122.499,707.09564,274.07715,981.1728,1141.3261999999995,1,BATTERY_ALL,battery,CHARGE,200.0,650.2321432324801,450.2321432324801,0.7297682368508986,0.9619940029798851,0
2026-01-02 10:15:00,ZONE_B,2,0.9247226,0.6627091,2122.499,707.09564,274.07715,981.1728,1141.3261999999995,2,RENEWABLE_ALL,renewable,CURTAIL,450.2321432324801,650.2321432324801,450.2321432324801,0.7297682368508986,0.9619940029798851,0
2026-01-02 10:30:00,ZONE_B,1,0.9178259,0.71871537,1963.5585,719.6679,276.857,996.5249,967.0336,1,BATTERY_ALL,battery,CHARGE,200.0,716.217762217713,516.217762217713,0.660846606331593,0.9166386651559154,0
2026-01-02 10:30:00,ZONE_B,1,0.9178259,0.71871537,1963.5585,719.6679,276.857,996.5249,967.0336,2,RENEWABLE_ALL,renewable,CURTAIL,516.217762217713,716.217762217713,516.217762217713,0.660846606331593,0.9166386651559154,0
2026-01-02 13:30:00,ZONE_B,1,0.8627317,0.78479415,1975.3873,590.3898,275.7065,866.0963,1109.2910000000002,1,BATTERY_ALL,battery,CHARGE,200.0,679.707309576645,479.707309576645,0.6707981766016501,0.9135507879352603,0
2026-01-02 13:30:00,ZONE_B,1,0.8627317,0.78479415,1975.3873,590.3898,275.7065,866.0963,1109.2910000000002,2,RENEWABLE_ALL,renewable,CURTAIL,479.707309576645,679.707309576645,479.707309576645,0.6707981766016501,0.9135507879352603,0
2026-01-02 13:45:00,ZONE_B,0,0.7836253,0.70065236,1944.039,592.3941,256.9442,849.3383,1094.7007,1,BATTERY_ALL,battery,CHARGE,200.0,595.090884333388,395.090884333388,0.6406849682429198,0.8532174276107413,0
2026-01-02 13:45:00,ZONE_B,0,0.7836253,0.70065236,1944.039,592.3941,256.9442,849.3383,1094.7007,2,RENEWABLE_ALL,renewable,CURTAIL,395.090884333388,595.090884333388,395.090884333388,0.6406849682429198,0.8532174276107413,0
2026-01-02 14:00:00,ZONE_B,1,0.95357186,0.7155776,2033.2294,534.83624,254.71451,789.5508,1243.6786,1,BATTERY_ALL,battery,CHARGE,200.0,564.98486654208,364.98486654208,0.6977537777359201,0.8995340877904042,0
2026-01-02 14:00:00,ZONE_B,1,0.95357186,0.7155776,2033.2294,534.83624,254.71451,789.5508,1243.6786,2,RENEWABLE_ALL,renewable,CURTAIL,364.98486654208,564.98486654208,364.98486654208,0.6977537777359201,0.8995340877904042,0
2026-01-02 14:15:00,ZONE_B,1,0.7132153,0.7457018,1969.0232,520.90344,272.00177,792.9052,1176.118,1,BATTERY_ALL,battery,CHARGE,200.0,591.27083486936,391.27083486936,0.6663752957397223,0.8775434516814484,0
2026-01-02 14:15:00,ZONE_B,1,0.7132153,0.7457018,1969.0232,520.90344,272.00177,792.9052,1176.118,2,RENEWABLE_ALL,renewable,CURTAIL,391.27083486936,591.27083486936,391.27083486936,0.6663752957397223,0.8775434516814484,0
2026-01-02 14:30:00,ZONE_B,0,0.86238635,0.6878979,1941.5269,481.25354,273.94122,755.19476,1186.33214,1,BATTERY_ALL,battery,CHARGE,200.0,519.496889495004,319.496889495004,0.6261524974251942,0.8116871013798562,0
2026-01-02 14:30:00,ZONE_B,0,0.86238635,0.6878979,1941.5269,481.25354,273.94122,755.19476,1186.33214,2,RENEWABLE_ALL,renewable,CURTAIL,319.496889495004,519.496889495004,319.496889495004,0.6261524974251942,0.8116871013798562,0
2026-01-03 04:00:00,ZONE_B,0,0.99948454,0.6068214,1601.3466,4.6214023,266.08054,270.70193,1330.64467,1,BATTERY_ALL,battery,CHARGE,164.267724145302,164.267724145302,0.0,0.4987605426798286,0.5574275871342992,0
2026-01-03 12:30:00,ZONE_B,0,0.9930849,0.7080585,1979.0483,453.6294,51.753754,505.38315,1473.6651499999998,1,BATTERY_ALL,battery,CHARGE,200.0,357.840835114275,157.84083511427502,0.6010706407216999,0.7288709393182529,0
2026-01-03 12:30:00,ZONE_B,0,0.9930849,0.7080585,1979.0483,453.6294,51.753754,505.38315,1473.6651499999998,2,RENEWABLE_ALL,renewable,CURTAIL,157.84083511427502,357.840835114275,157.84083511427502,0.6010706407216999,0.7288709393182529,0
2026-01-04 12:30:00,ZONE_B,0,0.9956468,0.55633867,1991.9299,316.03397,85.36799,401.40195,1590.52795,1,BATTERY_ALL,battery,CHARGE,200.0,223.3154269984065,23.315426998406508,0.6130276465016794,0.6927831563598129,0
2026-01-04 12:30:00,ZONE_B,0,0.9956468,0.55633867,1991.9299,316.03397,85.36799,401.40195,1590.52795,2,RENEWABLE_ALL,renewable,CURTAIL,23.315426998406508,223.3154269984065,23.315426998406508,0.6130276465016794,0.6927831563598129,0
2026-01-05 15:30:00,ZONE_B,0,0.9828707,0.5096574,2003.0331,163.10927,243.25713,406.3664,1596.6667000000002,1,BATTERY_ALL,battery,CHARGE,200.0,207.10764287136,7.107642871360014,0.6270241350878659,0.7009911505920488,0
2026-01-05 15:30:00,ZONE_B,0,0.9828707,0.5096574,2003.0331,163.10927,243.25713,406.3664,1596.6667000000002,2,RENEWABLE_ALL,renewable,CURTAIL,7.107642871360014,207.10764287136,7.107642871360014,0.6270241350878659,0.7009911505920488,0
2026-01-06 01:15:00,ZONE_B,0,0.9995827,0.5134045,1600.5334,0.0,278.17395,278.17395,1322.35945,1,BATTERY_ALL,battery,CHARGE,142.815757712775,142.815757712775,0.0,0.5059218636084546,0.556927491466088,0
2026-01-06 09:15:00,ZONE_B,1,0.8671277,0.5631992,2010.7205,348.97,271.49023,620.4602,1390.2603,1,BATTERY_ALL,battery,CHARGE,200.0,349.44268827184,149.44268827183998,0.6604879072133074,0.7852888677069347,0
2026-01-06 09:15:00,ZONE_B,1,0.8671277,0.5631992,2010.7205,348.97,271.49023,620.4602,1390.2603,2,RENEWABLE_ALL,renewable,CURTAIL,149.44268827183998,349.44268827184,149.44268827183998,0.6604879072133074,0.7852888677069347,0
2026-01-06 10:45:00,ZONE_B,1,0.8616657,0.5783467,2003.6263,391.53027,275.24207,666.77234,1336.85396,1,BATTERY_ALL,battery,CHARGE,200.0,385.62558249027796,185.62558249027796,0.6653050095369176,0.803028432256608,0
2026-01-06 10:45:00,ZONE_B,1,0.8616657,0.5783467,2003.6263,391.53027,275.24207,666.77234,1336.85396,2,RENEWABLE_ALL,renewable,CURTAIL,185.62558249027796,385.62558249027796,185.62558249027796,0.6653050095369176,0.803028432256608,0
2026-01-06 13:15:00,ZONE_B,0,0.8139795,0.54275024,1978.9181,369.26987,276.72873,645.9986,1332.9195,1,BATTERY_ALL,battery,CHARGE,200.0,350.61589518966406,150.61589518966406,0.6402934387458376,0.7655134016481044,0
2026-01-06 13:15:00,ZONE_B,0,0.8139795,0.54275024,1978.9181,369.26987,276.72873,645.9986,1332.9195,2,RENEWABLE_ALL,renewable,CURTAIL,150.61589518966406,350.61589518966406,150.61589518966406,0.6402934387458376,0.7655134016481044,0
2026-01-06 16:00:00,ZONE_B,0,0.95800054,0.6290308,2024.3811,125.535965,271.70367,397.23962,1627.14148,1,BATTERY_ALL,battery,CHARGE,200.0,249.875955960296,49.87595596029601,0.6355296061030008,0.7247710192010519,0
2026-01-06 16:00:00,ZONE_B,0,0.95800054,0.6290308,2024.3811,125.535965,271.70367,397.23962,1627.14148,2,RENEWABLE_ALL,renewable,CURTAIL,49.87595596029601,249.875955960296,49.87595596029601,0.6355296061030008,0.7247710192010519,0
2026-01-08 08:45:00,ZONE_B,2,0.71295094,0.6544403,2209.7056,545.3373,114.47624,659.81354,1549.8920599999997,1,BATTERY_ALL,battery,CHARGE,200.0,431.80857106166195,231.80857106166195,0.7007149364686651,0.8549322838008093,0
2026-01-08 08:45:00,ZONE_B,2,0.71295094,0.6544403,2209.7056,545.3373,114.47624,659.81354,1549.8920599999997,2,RENEWABLE_ALL,renewable,CURTAIL,231.80857106166195,431.80857106166195,231.80857106166195,0.7007149364686651,0.8549322838008093,0
2026-01-08 09:45:00,ZONE_B,1,0.8531345,0.66180646,2036.0652,675.66144,104.60135,780.2628,1255.8024,1,BATTERY_ALL,battery,CHARGE,200.0,516.382961537688,316.38296153768795,0.6789756662611252,0.8633981531407953,0
2026-01-08 09:45:00,ZONE_B,1,0.8531345,0.66180646,2036.0652,675.66144,104.60135,780.2628,1255.8024,2,RENEWABLE_ALL,renewable,CURTAIL,316.38296153768795,516.382961537688,316.38296153768795,0.6789756662611252,0.8633981531407953,0
2026-01-08 10:00:00,ZONE_B,0,0.7858687,0.6773176,1994.4006,656.74567,108.86198,765.60767,1228.79293,1,BATTERY_ALL,battery,CHARGE,200.0,518.5595495859919,318.55954958599193,0.646188417408292,0.8313882570351767,0
2026-01-08 10:00:00,ZONE_B,0,0.7858687,0.6773176,1994.4006,656.74567,108.86198,765.60767,1228.79293,2,RENEWABLE_ALL,renewable,CURTAIL,318.55954958599193,518.5595495859919,318.55954958599193,0.646188417408292,0.8313882570351767,0
2026-01-08 10:15:00,ZONE_B,1,0.5977476,0.6727709,1999.74,701.0819,118.17897,819.26086,1180.47914,1,BATTERY_ALL,battery,CHARGE,200.0,551.1748661169739,351.17486611697393,0.6488583195041694,0.8457064865485592,0
2026-01-08 10:15:00,ZONE_B,1,0.5977476,0.6727709,1999.74,701.0819,118.17897,819.26086,1180.47914,2,RENEWABLE_ALL,renewable,CURTAIL,351.17486611697393,551.1748661169739,351.17486611697393,0.6488583195041694,0.8457064865485592,0
2026-01-08 10:30:00,ZONE_B,0,0.8646829,0.74600667,1971.7255,686.87415,106.896965,793.7711,1177.9544,1,BATTERY_ALL,battery,CHARGE,200.0,592.1585350532371,392.1585350532371,0.6484860629635423,0.8599712546356196,0
2026-01-08 10:30:00,ZONE_B,0,0.8646829,0.74600667,1971.7255,686.87415,106.896965,793.7711,1177.9544,2,RENEWABLE_ALL,renewable,CURTAIL,392.1585350532371,592.1585350532371,392.1585350532371,0.6484860629635423,0.8599712546356196,0
2026-01-08 10:45:00,ZONE_B,1,0.7337448,0.564298,1999.3369,711.34216,116.4076,827.74976,1171.58714,1,BATTERY_ALL,battery,CHARGE,200.0,467.09753406848,267.09753406848,0.65321403611705,0.8200345845183009,0
2026-01-08 10:45:00,ZONE_B,1,0.7337448,0.564298,1999.3369,711.34216,116.4076,827.74976,1171.58714,2,RENEWABLE_ALL,renewable,CURTAIL,267.09753406848,467.09753406848,267.09753406848,0.65321403611705,0.8200345845183009,0
2026-01-08 11:00:00,ZONE_B,1,0.89427567,0.6967374,2017.5808,695.8171,137.03996,832.85706,1184.72374,1,BATTERY_ALL,battery,CHARGE,200.0,580.282662556044,380.282662556044,0.6693687014765631,0.8766125101180393,0
2026-01-08 11:00:00,ZONE_B,1,0.89427567,0.6967374,2017.5808,695.8171,137.03996,832.85706,1184.72374,2,RENEWABLE_ALL,renewable,CURTAIL,380.282662556044,580.282662556044,380.282662556044,0.6693687014765631,0.8766125101180393,0
2026-01-08 11:15:00,ZONE_B,1,0.88385475,0.79446733,1983.6322,755.7753,145.36838,901.1437,1082.4885,1,BATTERY_ALL,battery,CHARGE,200.0,715.929229285321,515.929229285321,0.6554491147029664,0.9111381258901744,0
2026-01-08 11:15:00,ZONE_B,1,0.88385475,0.79446733,1983.6322,755.7753,145.36838,901.1437,1082.4885,2,RENEWABLE_ALL,renewable,CURTAIL,515.929229285321,715.929229285321,515.929229285321,0.6554491147029664,0.9111381258901744,0
2026-01-08 11:45:00,ZONE_B,2,0.731241,0.72109395,2035.2181,754.4275,157.55466,911.9822,1123.2359,1,BATTERY_ALL,battery,CHARGE,200.0,657.62484692769,457.62484692769,0.7019487821932717,0.9368147996304261,0
2026-01-08 11:45:00,ZONE_B,2,0.731241,0.72109395,2035.2181,754.4275,157.55466,911.9822,1123.2359,2,RENEWABLE_ALL,renewable,CURTAIL,457.62484692769,657.62484692769,457.62484692769,0.7019487821932717,0.9368147996304261,0
2026-01-08 12:15:00,ZONE_B,1,0.9096824,0.8338982,1984.0859,662.84326,184.45312,847.2964,1136.7895,1,BATTERY_ALL,battery,CHARGE,200.0,706.55894282648,506.55894282648,0.6613826125979422,0.913725092911209,0
2026-01-08 12:15:00,ZONE_B,1,0.9096824,0.8338982,1984.0859,662.84326,184.45312,847.2964,1136.7895,2,RENEWABLE_ALL,renewable,CURTAIL,506.55894282648,706.55894282648,506.55894282648,0.6613826125979422,0.913725092911209,0
2026-01-08 12:30:00,ZONE_B,1,0.748817,0.8503076,1978.7617,652.9189,150.23607,803.15497,1175.60673,1,BATTERY_ALL,battery,CHARGE,200.0,682.9287749687721,482.92877496877213,0.6531248214043284,0.8970279560213847,0
2026-01-08 12:30:00,ZONE_B,1,0.748817,0.8503076,1978.7617,652.9189,150.23607,803.15497,1175.60673,2,RENEWABLE_ALL,renewable,CURTAIL,482.92877496877213,682.9287749687721,482.92877496877213,0.6531248214043284,0.8970279560213847,0
2026-01-08 13:15:00,ZONE_B,0,0.9011925,0.75928795,1938.6168,603.0676,218.34146,821.40906,1117.20774,1,BATTERY_ALL,battery,CHARGE,200.0,623.686001278827,423.686001278827,0.6447226729107136,0.8674676740252448,0
2026-01-08 13:15:00,ZONE_B,0,0.9011925,0.75928795,1938.6168,603.0676,218.34146,821.40906,1117.20774,2,RENEWABLE_ALL,renewable,CURTAIL,423.686001278827,623.686001278827,423.686001278827,0.6447226729107136,0.8674676740252448,0
2026-01-08 13:30:00,ZONE_B,0,0.56524676,0.74600667,1952.3828,595.5826,227.96623,823.5488,1128.834,1,BATTERY_ALL,battery,CHARGE,200.0,614.372897870496,414.372897870496,0.6535982597818488,0.8730171525110133,0
2026-01-08 13:30:00,ZONE_B,0,0.56524676,0.74600667,1952.3828,595.5826,227.96623,823.5488,1128.834,2,RENEWABLE_ALL,renewable,CURTAIL,414.372897870496,614.372897870496,414.372897870496,0.6535982597818488,0.8730171525110133,0
2026-01-08 13:45:00,ZONE_B,0,0.90605885,0.67402524,1926.0742,579.2131,251.12248,830.3356,1095.7386,1,BATTERY_ALL,battery,CHARGE,200.0,559.6671520705439,359.6671520705439,0.6271525774880402,0.8270337038537741,0
2026-01-08 13:45:00,ZONE_B,0,0.90605885,0.67402524,1926.0742,579.2131,251.12248,830.3356,1095.7386,2,RENEWABLE_ALL,renewable,CURTAIL,359.6671520705439,559.6671520705439,359.6671520705439,0.6271525774880402,0.8270337038537741,0
2026-01-08 14:00:00,ZONE_B,0,0.88798124,0.6858027,1944.453,527.9015,233.52736,761.42883,1183.02417,1,BATTERY_ALL,battery,CHARGE,200.0,522.1899474718409,322.1899474718409,0.6392211022894377,0.825717512631322,0
2026-01-08 14:00:00,ZONE_B,0,0.88798124,0.6858027,1944.453,527.9015,233.52736,761.42883,1183.02417,2,RENEWABLE_ALL,renewable,CURTAIL,322.1899474718409,522.1899474718409,322.1899474718409,0.6392211022894377,0.825717512631322,0
2026-01-08 14:30:00,ZONE_B,0,0.9167127,0.5304417,1975.0146,451.71344,220.97711,672.69055,1302.32405,1,BATTERY_ALL,battery,CHARGE,200.0,356.823118915935,156.82311891593503,0.6421577058546429,0.7695945344067928,0
2026-01-08 14:30:00,ZONE_B,0,0.9167127,0.5304417,1975.0146,451.71344,220.97711,672.69055,1302.32405,2,RENEWABLE_ALL,renewable,CURTAIL,156.82311891593503,356.823118915935,156.82311891593503,0.6421577058546429,0.7695945344067928,0
2026-01-09 09:45:00,ZONE_B,0,0.9613854,0.78921825,1996.7161,483.85754,64.08194,547.93945,1448.7766500000002,1,BATTERY_ALL,battery,CHARGE,200.0,432.4438138349625,232.4438138349625,0.6067442195570443,0.7611884392622522,0
2026-01-09 09:45:00,ZONE_B,0,0.9613854,0.78921825,1996.7161,483.85754,64.08194,547.93945,1448.7766500000002,2,RENEWABLE_ALL,renewable,CURTAIL,232.4438138349625,432.4438138349625,232.4438138349625,0.6067442195570443,0.7611884392622522,0
2026-01-09 11:00:00,ZONE_B,0,0.9682524,0.52070284,2020.5708,426.73486,58.795696,485.53055,1535.04025,1,BATTERY_ALL,battery,CHARGE,200.0,252.817136291762,52.81713629176201,0.6374529419088879,0.7277447765577354,0
2026-01-09 11:00:00,ZONE_B,0,0.9682524,0.52070284,2020.5708,426.73486,58.795696,485.53055,1535.04025,2,RENEWABLE_ALL,renewable,CURTAIL,52.81713629176201,252.817136291762,52.81713629176201,0.6374529419088879,0.7277447765577354,0
2026-01-09 11:30:00,ZONE_B,0,0.86415577,0.5552026,2020.0371,455.51117,115.49711,571.0083,1449.0288,1,BATTERY_ALL,battery,CHARGE,200.0,317.02529278158,117.02529278157999,0.6255615377685589,0.7387848569479953,0
2026-01-09 11:30:00,ZONE_B,0,0.86415577,0.5552026,2020.0371,455.51117,115.49711,571.0083,1449.0288,2,RENEWABLE_ALL,renewable,CURTAIL,117.02529278157999,317.02529278158,117.02529278157999,0.6255615377685589,0.7387848569479953,0
2026-01-09 12:00:00,ZONE_B,0,0.991907,0.50712496,1974.0336,499.3939,112.99445,612.38837,1361.64523,1,BATTERY_ALL,battery,CHARGE,200.0,310.55742764071516,110.55742764071516,0.611493568011686,0.7224069353321553,0
2026-01-09 12:00:00,ZONE_B,0,0.991907,0.50712496,1974.0336,499.3939,112.99445,612.38837,1361.64523,2,RENEWABLE_ALL,renewable,CURTAIL,110.55742764071516,310.55742764071516,110.55742764071516,0.611493568011686,0.7224069353321553,0
2026-01-09 12:45:00,ZONE_B,0,0.98347026,0.54494447,1963.3771,520.6101,104.02754,624.63763,1338.73947,1,BATTERY_ALL,battery,CHARGE,200.0,340.3928222224061,140.3928222224061,0.6184100224485183,0.7399788878834183,0
2026-01-09 12:45:00,ZONE_B,0,0.98347026,0.54494447,1963.3771,520.6101,104.02754,624.63763,1338.73947,2,RENEWABLE_ALL,renewable,CURTAIL,140.3928222224061,340.3928222224061,140.3928222224061,0.6184100224485183,0.7399788878834183,0
2026-01-09 13:00:00,ZONE_B,0,0.99167717,0.7869842,1976.8907,500.22223,97.6101,597.83234,1379.05836,1,BATTERY_ALL,battery,CHARGE,200.0,470.48460582902806,270.48460582902806,0.6202108073903609,0.788241024190374,0
2026-01-09 13:00:00,ZONE_B,0,0.99167717,0.7869842,1976.8907,500.22223,97.6101,597.83234,1379.05836,2,RENEWABLE_ALL,renewable,CURTAIL,270.48460582902806,470.48460582902806,270.48460582902806,0.6202108073903609,0.788241024190374,0
2026-01-09 13:15:00,ZONE_B,1,0.8682626,0.54661214,2103.8972,429.1918,99.19591,528.3877,1575.5095,1,BATTERY_ALL,battery,CHARGE,200.0,288.823131446678,88.82313144667802,0.6693306681231953,0.7724817868171145,0
2026-01-09 13:15:00,ZONE_B,1,0.8682626,0.54661214,2103.8972,429.1918,99.19591,528.3877,1575.5095,2,RENEWABLE_ALL,renewable,CURTAIL,88.82313144667802,288.823131446678,88.82313144667802,0.6693306681231953,0.7724817868171145,0
2026-01-09 13:30:00,ZONE_B,1,0.63461524,0.5033057,2044.8732,408.5001,106.89554,515.3956,1529.4776000000002,1,BATTERY_ALL,battery,CHARGE,200.0,259.4015432349199,59.40154323491993,0.6541664042216457,0.7468098128194705,0
2026-01-09 13:30:00,ZONE_B,1,0.63461524,0.5033057,2044.8732,408.5001,106.89554,515.3956,1529.4776000000002,2,RENEWABLE_ALL,renewable,CURTAIL,59.40154323491993,259.4015432349199,59.40154323491993,0.6541664042216457,0.7468098128194705,0
2026-01-09 13:45:00,ZONE_B,0,0.9989299,0.60947305,1920.1862,372.84747,99.352615,472.20007,1447.9861300000002,1,BATTERY_ALL,battery,CHARGE,200.0,287.79321687311347,87.79321687311347,0.5927823721430903,0.6955656641528434,0
2026-01-09 13:45:00,ZONE_B,0,0.9989299,0.60947305,1920.1862,372.84747,99.352615,472.20007,1447.9861300000002,2,RENEWABLE_ALL,renewable,CURTAIL,87.79321687311347,287.79321687311347,87.79321687311347,0.5927823721430903,0.6955656641528434,0
2026-01-10 09:15:00,ZONE_B,1,0.9322166,0.618054,2005.2864,560.177,267.62494,827.80194,1177.48446,1,BATTERY_ALL,battery,CHARGE,200.0,511.62630022476,311.62630022476,0.6713458942302025,0.8540695734613525,0
2026-01-10 09:15:00,ZONE_B,1,0.9322166,0.618054,2005.2864,560.177,267.62494,827.80194,1177.48446,2,RENEWABLE_ALL,renewable,CURTAIL,311.62630022476,511.62630022476,311.62630022476,0.6713458942302025,0.8540695734613525,0
2026-01-10 09:30:00,ZONE_B,1,0.84236324,0.7188006,1970.3612,620.05145,267.47852,887.52997,1082.83123,1,BATTERY_ALL,battery,CHARGE,200.0,637.9570749539821,437.9570749539821,0.6602814600201485,0.8881232732860105,0
2026-01-10 09:30:00,ZONE_B,1,0.84236324,0.7188006,1970.3612,620.05145,267.47852,887.52997,1082.83123,2,RENEWABLE_ALL,renewable,CURTAIL,437.9570749539821,637.9570749539821,437.9570749539821,0.6602814600201485,0.8881232732860105,0
2026-01-10 09:45:00,ZONE_B,2,0.9474786,0.6275893,2063.073,641.0692,258.73547,899.8047,1163.2682999999995,1,BATTERY_ALL,battery,CHARGE,200.0,564.7078018097101,364.7078018097101,0.70689591713778,0.9085772757570283,0
2026-01-10 09:45:00,ZONE_B,2,0.9474786,0.6275893,2063.073,641.0692,258.73547,899.8047,1163.2682999999995,2,RENEWABLE_ALL,renewable,CURTAIL,364.7078018097101,564.7078018097101,364.7078018097101,0.70689591713778,0.9085772757570283,0
2026-01-10 10:15:00,ZONE_B,2,0.92815346,0.7216529,2074.3765,690.19196,260.88895,951.08093,1123.2955699999998,1,BATTERY_ALL,battery,CHARGE,200.0,686.350311269197,486.35031126919705,0.7340119135125636,0.9791370254259791,0
2026-01-10 10:15:00,ZONE_B,2,0.92815346,0.7216529,2074.3765,690.19196,260.88895,951.08093,1123.2955699999998,2,RENEWABLE_ALL,renewable,CURTAIL,486.35031126919705,686.350311269197,486.35031126919705,0.7340119135125636,0.9791370254259791,0
2026-01-10 10:45:00,ZONE_B,1,0.94919956,0.5158378,2013.059,733.28394,272.87067,1006.1546,1006.9044,1,BATTERY_ALL,battery,CHARGE,200.0,519.01257532388,319.01257532388,0.6925257932189229,0.8778874278955746,0
2026-01-10 10:45:00,ZONE_B,1,0.94919956,0.5158378,2013.059,733.28394,272.87067,1006.1546,1006.9044,2,RENEWABLE_ALL,renewable,CURTAIL,319.01257532388,519.01257532388,319.01257532388,0.6925257932189229,0.8778874278955746,0
2026-01-10 11:00:00,ZONE_B,1,0.95063204,0.6449057,1999.1827,722.9821,256.0444,979.0265,1020.1562,1,BATTERY_ALL,battery,CHARGE,200.0,631.37977030105,431.37977030105003,0.6868030189433472,0.9122957947849387,0
2026-01-10 11:00:00,ZONE_B,1,0.95063204,0.6449057,1999.1827,722.9821,256.0444,979.0265,1020.1562,2,RENEWABLE_ALL,renewable,CURTAIL,431.37977030105003,631.37977030105,431.37977030105003,0.6868030189433472,0.9122957947849387,0
2026-01-10 11:15:00,ZONE_B,2,0.94008356,0.5878639,2057.5913,719.0867,272.24,991.32666,1066.26464,1,BATTERY_ALL,battery,CHARGE,200.0,582.765156521574,382.765156521574,0.7328423572104396,0.9409727710363391,0
2026-01-10 11:15:00,ZONE_B,2,0.94008356,0.5878639,2057.5913,719.0867,272.24,991.32666,1066.26464,2,RENEWABLE_ALL,renewable,CURTAIL,382.765156521574,582.765156521574,382.765156521574,0.7328423572104396,0.9409727710363391,0
2026-01-10 12:15:00,ZONE_B,1,0.9203437,0.822884,2016.5522,667.78564,276.87677,944.6624,1071.8898,1,BATTERY_ALL,battery,CHARGE,200.0,777.3475743616,577.3475743616,0.6912382533012018,0.9688623880409505,0
2026-01-10 12:15:00,ZONE_B,1,0.9203437,0.822884,2016.5522,667.78564,276.87677,944.6624,1071.8898,2,RENEWABLE_ALL,renewable,CURTAIL,577.3475743616,777.3475743616,577.3475743616,0.6912382533012018,0.9688623880409505,0
2026-01-10 13:30:00,ZONE_B,1,0.62807816,0.77200884,1931.9496,592.8675,261.09448,853.962,1077.9876,1,BATTERY_ALL,battery,CHARGE,200.0,659.26621302408,459.26621302408,0.6548290034844877,0.8902812231365362,0
2026-01-10 13:30:00,ZONE_B,1,0.62807816,0.77200884,1931.9496,592.8675,261.09448,853.962,1077.9876,2,RENEWABLE_ALL,renewable,CURTAIL,459.26621302408,659.26621302408,459.26621302408,0.6548290034844877,0.8902812231365362,0
2026-01-10 14:00:00,ZONE_B,1,0.91559577,0.6972748,2000.1663,551.0674,274.0412,825.1086,1175.0577,1,BATTERY_ALL,battery,CHARGE,200.0,575.32743404328,375.32743404328005,0.6859490591204325,0.8914231433876676,0
2026-01-10 14:00:00,ZONE_B,1,0.91559577,0.6972748,2000.1663,551.0674,274.0412,825.1086,1175.0577,2,RENEWABLE_ALL,renewable,CURTAIL,375.32743404328005,575.32743404328,375.32743404328005,0.6859490591204325,0.8914231433876676,0
2026-01-10 14:15:00,ZONE_B,0,0.79104096,0.7815051,1897.1036,534.8575,264.08267,798.9402,1098.1634,1,BATTERY_ALL,battery,CHARGE,200.0,624.37584089502,424.37584089502,0.6397837362303787,0.862775108613306,0
2026-01-10 14:15:00,ZONE_B,0,0.79104096,0.7815051,1897.1036,534.8575,264.08267,798.9402,1098.1634,2,RENEWABLE_ALL,renewable,CURTAIL,424.37584089502,624.37584089502,424.37584089502,0.6397837362303787,0.862775108613306,0
2026-01-10 14:30:00,ZONE_B,0,0.9144195,0.65044904,1908.7477,502.65207,256.77725,759.4293,1149.3184,1,BATTERY_ALL,battery,CHARGE,200.0,493.97005913287205,293.97005913287205,0.6327182998232037,0.8091361785960466,0
2026-01-10 14:30:00,ZONE_B,0,0.9144195,0.65044904,1908.7477,502.65207,256.77725,759.4293,1149.3184,2,RENEWABLE_ALL,renewable,CURTAIL,293.97005913287205,493.97005913287205,293.97005913287205,0.6327182998232037,0.8091361785960466,0
2026-01-11 08:30:00,ZONE_B,1,0.68996125,0.51117,2186.0955,487.43454,139.0137,626.44824,1559.6472599999995,1,BATTERY_ALL,battery,CHARGE,200.0,320.22154684080004,120.22154684080004,0.6769123370029041,0.791277175477708,0
2026-01-11 08:30:00,ZONE_B,1,0.68996125,0.51117,2186.0955,487.43454,139.0137,626.44824,1559.6472599999995,2,RENEWABLE_ALL,renewable,CURTAIL,120.22154684080004,320.22154684080004,120.22154684080004,0.6769123370029041,0.791277175477708,0
2026-01-11 09:00:00,ZONE_B,1,0.9462935,0.7106346,2044.6754,523.39923,128.26436,651.6636,1393.0118000000002,1,BATTERY_ALL,battery,CHARGE,200.0,463.09470172056,263.09470172056,0.6552930862592061,0.8206840517719552,0
2026-01-11 09:00:00,ZONE_B,1,0.9462935,0.7106346,2044.6754,523.39923,128.26436,651.6636,1393.0118000000002,2,RENEWABLE_ALL,renewable,CURTAIL,263.09470172056,463.09470172056,263.09470172056,0.6552930862592061,0.8206840517719552,0
2026-01-11 09:15:00,ZONE_B,1,0.9398458,0.7613733,2038.0612,563.9487,127.53045,691.4792,1346.582,1,BATTERY_ALL,battery,CHARGE,200.0,526.47380038536,326.47380038536005,0.6593929128894533,0.8474192708161374,0
2026-01-11 09:15:00,ZONE_B,1,0.9398458,0.7613733,2038.0612,563.9487,127.53045,691.4792,1346.582,2,RENEWABLE_ALL,renewable,CURTAIL,326.47380038536005,526.47380038536,326.47380038536005,0.6593929128894533,0.8474192708161374,0
2026-01-11 09:30:00,ZONE_B,1,0.74251044,0.5882835,2016.6984,562.2888,119.71057,681.9994,1334.699,1,BATTERY_ALL,battery,CHARGE,200.0,401.2089940299,201.2089940299,0.6371164219476925,0.7804053488304412,0
2026-01-11 09:30:00,ZONE_B,1,0.74251044,0.5882835,2016.6984,562.2888,119.71057,681.9994,1334.699,2,RENEWABLE_ALL,renewable,CURTAIL,201.2089940299,401.2089940299,201.2089940299,0.6371164219476925,0.7804053488304412,0
2026-01-11 10:00:00,ZONE_B,1,0.9118107,0.5205226,2039.0674,612.368,100.53304,712.901,1326.1664,1,BATTERY_ALL,battery,CHARGE,200.0,371.08108206259993,171.08108206259993,0.6535335024561275,0.7860624607200961,0
2026-01-11 10:00:00,ZONE_B,1,0.9118107,0.5205226,2039.0674,612.368,100.53304,712.901,1326.1664,2,RENEWABLE_ALL,renewable,CURTAIL,171.08108206259993,371.08108206259993,171.08108206259993,0.6535335024561275,0.7860624607200961,0
2026-01-11 10:15:00,ZONE_B,1,0.9118107,0.60718554,2044.6405,613.8939,104.955536,718.8495,1325.791,1,BATTERY_ALL,battery,CHARGE,200.0,436.47502183623004,236.47502183623004,0.6605852177089147,0.8164691545366617,0
2026-01-11 10:15:00,ZONE_B,1,0.9118107,0.60718554,2044.6405,613.8939,104.955536,718.8495,1325.791,2,RENEWABLE_ALL,renewable,CURTAIL,236.47502183623004,436.47502183623004,236.47502183623004,0.6605852177089147,0.8164691545366617,0
2026-01-11 10:30:00,ZONE_B,1,0.9560926,0.528721,2074.2102,568.4618,105.31661,673.7784,1400.4317999999998,1,BATTERY_ALL,battery,CHARGE,200.0,356.2407894264,156.2407894264,0.6693281475362167,0.7965570012533933,0
2026-01-11 10:30:00,ZONE_B,1,0.9560926,0.528721,2074.2102,568.4618,105.31661,673.7784,1400.4317999999998,2,RENEWABLE_ALL,renewable,CURTAIL,156.2407894264,356.2407894264,156.2407894264,0.6693281475362167,0.7965570012533933,0
2026-01-11 11:00:00,ZONE_B,1,0.9331925,0.564393,2060.3906,570.1283,149.2593,719.3876,1341.0030000000002,1,BATTERY_ALL,battery,CHARGE,200.0,406.01732572680004,206.01732572680004,0.6716598247947165,0.8166660129728168,0
2026-01-11 11:00:00,ZONE_B,1,0.9331925,0.564393,2060.3906,570.1283,149.2593,719.3876,1341.0030000000002,2,RENEWABLE_ALL,renewable,CURTAIL,206.01732572680004,406.01732572680004,206.01732572680004,0.6716598247947165,0.8166660129728168,0
2026-01-11 11:45:00,ZONE_B,1,0.8458633,0.564393,2014.8315,566.66113,137.52647,704.1876,1310.6439,1,BATTERY_ALL,battery,CHARGE,200.0,397.4385521268,197.4385521268,0.6561440825236318,0.7980864229845847,0
2026-01-11 11:45:00,ZONE_B,1,0.8458633,0.564393,2014.8315,566.66113,137.52647,704.1876,1310.6439,2,RENEWABLE_ALL,renewable,CURTAIL,197.4385521268,397.4385521268,197.4385521268,0.6561440825236318,0.7980864229845847,0
2026-01-11 12:15:00,ZONE_B,0,0.82124555,0.76487535,1973.1624,610.87634,166.85757,777.7339,1195.4285,1,BATTERY_ALL,battery,CHARGE,200.0,594.869488969365,394.86948896936497,0.6422128608070123,0.854666250305719,0
2026-01-11 12:15:00,ZONE_B,0,0.82124555,0.76487535,1973.1624,610.87634,166.85757,777.7339,1195.4285,2,RENEWABLE_ALL,renewable,CURTAIL,394.86948896936497,594.869488969365,394.86948896936497,0.6422128608070123,0.854666250305719,0
2026-01-11 12:30:00,ZONE_B,2,0.7674134,0.751094,2057.6833,640.69354,175.87062,816.56415,1241.11915,1,BATTERY_ALL,battery,CHARGE,200.0,613.3164336801001,413.3164336801001,0.7145535706369239,0.9335951547867679,0
2026-01-11 12:30:00,ZONE_B,2,0.7674134,0.751094,2057.6833,640.69354,175.87062,816.56415,1241.11915,2,RENEWABLE_ALL,renewable,CURTAIL,413.3164336801001,613.3164336801001,413.3164336801001,0.7145535706369239,0.9335951547867679,0
2026-01-11 12:45:00,ZONE_B,1,0.82091194,0.6932502,1996.0511,591.73535,207.00317,798.7385,1197.3125999999995,1,BATTERY_ALL,battery,CHARGE,200.0,553.7256248727001,353.7256248727001,0.6741560275815546,0.8719151798969268,0
2026-01-11 12:45:00,ZONE_B,1,0.82091194,0.6932502,1996.0511,591.73535,207.00317,798.7385,1197.3125999999995,2,RENEWABLE_ALL,renewable,CURTAIL,353.7256248727001,553.7256248727001,353.7256248727001,0.6741560275815546,0.8719151798969268,0
2026-01-11 13:15:00,ZONE_B,0,0.8661633,0.75654054,1936.9375,571.22577,219.78697,791.01276,1145.92474,1,BATTERY_ALL,battery,CHARGE,200.0,598.4332205972904,398.4332205972904,0.6355767413920025,0.8493028922026762,0
2026-01-11 13:15:00,ZONE_B,0,0.8661633,0.75654054,1936.9375,571.22577,219.78697,791.01276,1145.92474,2,RENEWABLE_ALL,renewable,CURTAIL,398.4332205972904,598.4332205972904,398.4332205972904,0.6355767413920025,0.8493028922026762,0
2026-01-11 13:45:00,ZONE_B,1,0.76213515,0.77597,1977.641,532.8227,280.54404,813.3667,1164.2743,1,BATTERY_ALL,battery,CHARGE,200.0,631.148158199,431.148158199,0.6586959116705374,0.8841059688619533,0
2026-01-11 13:45:00,ZONE_B,1,0.76213515,0.77597,1977.641,532.8227,280.54404,813.3667,1164.2743,2,RENEWABLE_ALL,renewable,CURTAIL,431.148158199,631.148158199,431.148158199,0.6586959116705374,0.8841059688619533,0
2026-01-11 14:30:00,ZONE_B,0,0.9132518,0.600086,1935.4033,381.5505,291.79907,673.3496,1262.0537,1,BATTERY_ALL,battery,CHARGE,200.0,404.0676680656,204.0676680656,0.6341482149453127,0.7784580967984815,0
2026-01-11 14:30:00,ZONE_B,0,0.9132518,0.600086,1935.4033,381.5505,291.79907,673.3496,1262.0537,2,RENEWABLE_ALL,renewable,CURTAIL,204.0676680656,404.0676680656,204.0676680656,0.6341482149453127,0.7784580967984815,0
2026-01-12 09:00:00,ZONE_B,0,0.9772899,0.5657466,1977.8873,511.3739,112.59984,623.97375,1353.9135500000002,1,BATTERY_ALL,battery,CHARGE,200.0,353.01102755175,153.01102755174998,0.6266877980778099,0.7527631654397481,0
2026-01-12 09:00:00,ZONE_B,0,0.9772899,0.5657466,1977.8873,511.3739,112.59984,623.97375,1353.9135500000002,2,RENEWABLE_ALL,renewable,CURTAIL,153.01102755174998,353.01102755175,153.01102755174998,0.6266877980778099,0.7527631654397481,0
2026-01-12 09:30:00,ZONE_B,1,0.9119616,0.8174902,2057.0872,578.94507,107.1942,686.1393,1370.9479,1,BATTERY_ALL,battery,CHARGE,200.0,560.91215358486,360.91215358486,0.6665552154865091,0.8668809853240398,0
2026-01-12 09:30:00,ZONE_B,1,0.9119616,0.8174902,2057.0872,578.94507,107.1942,686.1393,1370.9479,2,RENEWABLE_ALL,renewable,CURTAIL,360.91215358486,560.91215358486,360.91215358486,0.6665552154865091,0.8668809853240398,0
2026-01-12 09:45:00,ZONE_B,1,0.8478409,0.5916039,2011.8411,591.0185,126.460495,717.479,1294.3621,1,BATTERY_ALL,battery,CHARGE,200.0,424.4633745681,224.4633745681,0.65315317938052,0.80474724223899,0
2026-01-12 09:45:00,ZONE_B,1,0.8478409,0.5916039,2011.8411,591.0185,126.460495,717.479,1294.3621,2,RENEWABLE_ALL,renewable,CURTAIL,224.4633745681,424.4633745681,224.4633745681,0.65315317938052,0.80474724223899,0
2026-01-12 10:45:00,ZONE_B,0,0.97505367,0.515848,1972.4298,586.839,118.157616,704.9966,1267.4332,1,BATTERY_ALL,battery,CHARGE,200.0,363.6710861167999,163.67108611679993,0.618763510401863,0.7486460415323295,0
2026-01-12 10:45:00,ZONE_B,0,0.97505367,0.515848,1972.4298,586.839,118.157616,704.9966,1267.4332,2,RENEWABLE_ALL,renewable,CURTAIL,163.67108611679993,363.6710861167999,163.67108611679993,0.618763510401863,0.7486460415323295,0
2026-01-12 11:15:00,ZONE_B,0,0.9888017,0.662243,1941.039,586.6624,86.71966,673.3821,1267.6569,1,BATTERY_ALL,battery,CHARGE,200.0,445.9425820503,245.94258205030002,0.6103707006676593,0.7696359089622145,0
2026-01-12 11:15:00,ZONE_B,0,0.9888017,0.662243,1941.039,586.6624,86.71966,673.3821,1267.6569,2,RENEWABLE_ALL,renewable,CURTAIL,245.94258205030002,445.9425820503,245.94258205030002,0.6103707006676593,0.7696359089622145,0
2026-01-12 11:30:00,ZONE_B,1,0.58034265,0.5878521,2032.5726,521.7058,111.01335,632.7192,1399.8534,1,BATTERY_ALL,battery,CHARGE,200.0,371.94531043032,171.94531043031998,0.6479426823380852,0.7807802936390781,0
2026-01-12 11:30:00,ZONE_B,1,0.58034265,0.5878521,2032.5726,521.7058,111.01335,632.7192,1399.8534,2,RENEWABLE_ALL,renewable,CURTAIL,171.94531043031998,371.94531043032,171.94531043031998,0.6479426823380852,0.7807802936390781,0
2026-01-12 12:15:00,ZONE_B,2,0.62555707,0.5557257,2182.801,557.6887,102.11225,659.80096,1523.00004,1,BATTERY_ALL,battery,CHARGE,200.0,366.668350356672,166.66835035667202,0.7006383638342786,0.8315913464406149,0
2026-01-12 12:15:00,ZONE_B,2,0.62555707,0.5557257,2182.801,557.6887,102.11225,659.80096,1523.00004,2,RENEWABLE_ALL,renewable,CURTAIL,166.66835035667202,366.668350356672,166.66835035667202,0.7006383638342786,0.8315913464406149,0
2026-01-12 12:30:00,ZONE_B,0,0.93513066,0.665505,1997.6489,507.75043,101.62416,609.3746,1388.2743,1,BATTERY_ALL,battery,CHARGE,200.0,405.541843173,205.54184317300002,0.6352558199980647,0.7800921929712503,0
2026-01-12 12:30:00,ZONE_B,0,0.93513066,0.665505,1997.6489,507.75043,101.62416,609.3746,1388.2743,2,RENEWABLE_ALL,renewable,CURTAIL,205.54184317300002,405.541843173,205.54184317300002,0.6352558199980647,0.7800921929712503,0
2026-01-12 12:45:00,ZONE_B,0,0.988607,0.5689895,1964.3425,556.97797,76.326355,633.3043,1331.0382,1,BATTERY_ALL,battery,CHARGE,200.0,360.34349700485,160.34349700485,0.6281803589371008,0.7568744653439036,0
2026-01-12 12:45:00,ZONE_B,0,0.988607,0.5689895,1964.3425,556.97797,76.326355,633.3043,1331.0382,2,RENEWABLE_ALL,renewable,CURTAIL,160.34349700485,360.34349700485,160.34349700485,0.6281803589371008,0.7568744653439036,0
2026-01-12 13:00:00,ZONE_B,0,0.93686014,0.6724367,2009.2338,528.47266,63.481487,591.95416,1417.27964,1,BATTERY_ALL,battery,CHARGE,200.0,398.051701901672,198.051701901672,0.6492313801692858,0.7913927026475881,0
2026-01-12 13:00:00,ZONE_B,0,0.93686014,0.6724367,2009.2338,528.47266,63.481487,591.95416,1417.27964,2,RENEWABLE_ALL,renewable,CURTAIL,198.051701901672,398.051701901672,198.051701901672,0.6492313801692858,0.7913927026475881,0
2026-01-12 13:15:00,ZONE_B,0,0.9523894,0.66401154,1994.941,550.3132,76.28459,626.5978,1368.3432,1,BATTERY_ALL,battery,CHARGE,200.0,416.068170138612,216.068170138612,0.628322405739405,0.7769181812852848,0
2026-01-12 13:15:00,ZONE_B,0,0.9523894,0.66401154,1994.941,550.3132,76.28459,626.5978,1368.3432,2,RENEWABLE_ALL,renewable,CURTAIL,216.068170138612,416.068170138612,216.068170138612,0.628322405739405,0.7769181812852848,0
2026-01-12 13:30:00,ZONE_B,0,0.9972696,0.5968918,1939.1351,531.0968,94.376305,625.4731,1313.6619999999998,1,BATTERY_ALL,battery,CHARGE,200.0,373.33976451058,173.33976451057998,0.6102428283382496,0.7435784588861589,0
2026-01-12 13:30:00,ZONE_B,0,0.9972696,0.5968918,1939.1351,531.0968,94.376305,625.4731,1313.6619999999998,2,RENEWABLE_ALL,renewable,CURTAIL,173.33976451057998,373.33976451058,173.33976451057998,0.6102428283382496,0.7435784588861589,0
2026-01-12 13:45:00,ZONE_B,0,0.9908427,0.8166191,1967.1426,519.86383,73.01467,592.8785,1374.2641,1,BATTERY_ALL,battery,CHARGE,200.0,484.1559070793501,284.1559070793501,0.6173091989508046,0.7902220233727603,0
2026-01-12 13:45:00,ZONE_B,0,0.9908427,0.8166191,1967.1426,519.86383,73.01467,592.8785,1374.2641,2,RENEWABLE_ALL,renewable,CURTAIL,284.1559070793501,484.1559070793501,284.1559070793501,0.6173091989508046,0.7902220233727603,0
2026-01-12 14:15:00,ZONE_B,0,0.99883336,0.6367329,1946.7784,427.04156,72.30078,499.34235,1447.4360499999998,1,BATTERY_ALL,battery,CHARGE,200.0,317.947702608315,117.94770260831501,0.6028766897959741,0.7164294410330293,0
2026-01-12 14:15:00,ZONE_B,0,0.99883336,0.6367329,1946.7784,427.04156,72.30078,499.34235,1447.4360499999998,2,RENEWABLE_ALL,renewable,CURTAIL,117.94770260831501,317.947702608315,117.94770260831501,0.6028766897959741,0.7164294410330293,0
2026-01-13 08:15:00,ZONE_B,1,0.78123134,0.53669256,2186.4587,412.9735,10.628183,423.60168,1762.85702,1,BATTERY_ALL,battery,CHARGE,200.0,227.34387005950077,27.343870059500773,0.6540979535452615,0.7352921930750902,0
2026-01-13 08:15:00,ZONE_B,1,0.78123134,0.53669256,2186.4587,412.9735,10.628183,423.60168,1762.85702,2,RENEWABLE_ALL,renewable,CURTAIL,27.343870059500773,227.34387005950077,27.343870059500773,0.6540979535452615,0.7352921930750902,0
2026-01-13 08:30:00,ZONE_B,1,0.86218363,0.6417723,2214.786,488.42432,0.97927827,489.4036,1725.3824,1,BATTERY_ALL,battery,CHARGE,200.0,314.08567400028,114.08567400028,0.6908876571777608,0.8030611124764575,0
2026-01-13 08:30:00,ZONE_B,1,0.86218363,0.6417723,2214.786,488.42432,0.97927827,489.4036,1725.3824,2,RENEWABLE_ALL,renewable,CURTAIL,114.08567400028,314.08567400028,114.08567400028,0.6908876571777608,0.8030611124764575,0
2026-01-13 08:45:00,ZONE_B,1,0.793635,0.6417723,2215.5176,528.0458,2.141158,530.18695,1685.33065,1,BATTERY_ALL,battery,CHARGE,200.0,340.259298331485,140.259298331485,0.6752294691641547,0.796750647464819,0
2026-01-13 08:45:00,ZONE_B,1,0.793635,0.6417723,2215.5176,528.0458,2.141158,530.18695,1685.33065,2,RENEWABLE_ALL,renewable,CURTAIL,140.259298331485,340.259298331485,140.259298331485,0.6752294691641547,0.796750647464819,0
2026-01-13 09:15:00,ZONE_B,0,0.96288157,0.79497004,2007.6077,598.9886,1.5266604,600.51526,1407.09244,1,BATTERY_ALL,battery,CHARGE,200.0,477.3916402628104,277.3916402628104,0.6255364884394895,0.7960335033119701,0
2026-01-13 09:15:00,ZONE_B,0,0.96288157,0.79497004,2007.6077,598.9886,1.5266604,600.51526,1407.09244,2,RENEWABLE_ALL,renewable,CURTAIL,277.3916402628104,477.3916402628104,277.3916402628104,0.6255364884394895,0.7960335033119701,0
2026-01-13 09:30:00,ZONE_B,0,0.9971374,0.7737441,1937.1559,624.59955,1.2578006,625.85736,1311.29854,1,BATTERY_ALL,battery,CHARGE,200.0,484.253439741576,284.253439741576,0.6042923793793066,0.7772400369893672,0
2026-01-13 09:30:00,ZONE_B,0,0.9971374,0.7737441,1937.1559,624.59955,1.2578006,625.85736,1311.29854,2,RENEWABLE_ALL,renewable,CURTAIL,284.253439741576,484.253439741576,284.253439741576,0.6042923793793066,0.7772400369893672,0
2026-01-13 09:45:00,ZONE_B,1,0.5774814,0.6029887,2028.7358,683.202,3.4930978,686.6951,1342.0407,1,BATTERY_ALL,battery,CHARGE,200.0,414.06938564537006,214.06938564537006,0.6520966611565189,0.7999785850566367,0
2026-01-13 09:45:00,ZONE_B,1,0.5774814,0.6029887,2028.7358,683.202,3.4930978,686.6951,1342.0407,2,RENEWABLE_ALL,renewable,CURTAIL,214.06938564537006,414.06938564537006,214.06938564537006,0.6520966611565189,0.7999785850566367,0
2026-01-13 10:15:00,ZONE_B,1,0.6833523,0.6581037,2043.3859,640.01654,4.641143,644.65765,1398.72825,1,BATTERY_ALL,battery,CHARGE,200.0,424.25158469830495,224.25158469830495,0.6465743762597157,0.7980927997708812,0
2026-01-13 10:15:00,ZONE_B,1,0.6833523,0.6581037,2043.3859,640.01654,4.641143,644.65765,1398.72825,2,RENEWABLE_ALL,renewable,CURTAIL,224.25158469830495,424.25158469830495,224.25158469830495,0.6465743762597157,0.7980927997708812,0
2026-01-13 10:45:00,ZONE_B,1,0.84707206,0.5717516,2054.69,639.73254,4.131465,643.864,1410.826,1,BATTERY_ALL,battery,CHARGE,200.0,368.13027218240006,168.13027218240006,0.6612722970284465,0.7927473946143534,0
2026-01-13 10:45:00,ZONE_B,1,0.84707206,0.5717516,2054.69,639.73254,4.131465,643.864,1410.826,2,RENEWABLE_ALL,renewable,CURTAIL,168.13027218240006,368.13027218240006,168.13027218240006,0.6612722970284465,0.7927473946143534,0
2026-01-13 11:00:00,ZONE_B,0,0.96006036,0.50244004,1992.4944,657.5178,5.0741944,662.59204,1329.90236,1,BATTERY_ALL,battery,CHARGE,200.0,332.91277108128156,132.91277108128156,0.6239380880105009,0.7428355065890736,0
2026-01-13 11:00:00,ZONE_B,0,0.96006036,0.50244004,1992.4944,657.5178,5.0741944,662.59204,1329.90236,2,RENEWABLE_ALL,renewable,CURTAIL,132.91277108128156,332.91277108128156,132.91277108128156,0.6239380880105009,0.7428355065890736,0
2026-01-13 11:15:00,ZONE_B,0,0.95872796,0.50244004,1985.7313,647.0858,4.6412663,651.7271,1334.0042,1,BATTERY_ALL,battery,CHARGE,200.0,327.45379019308393,127.45379019308393,0.6031059962494144,0.720053778792128,0
2026-01-13 11:15:00,ZONE_B,0,0.95872796,0.50244004,1985.7313,647.0858,4.6412663,651.7271,1334.0042,2,RENEWABLE_ALL,renewable,CURTAIL,127.45379019308393,327.45379019308393,127.45379019308393,0.6031059962494144,0.720053778792128,0
2026-01-13 11:30:00,ZONE_B,0,0.98484516,0.6981953,1985.9288,583.5658,0.8401545,584.40594,1401.52286,1,BATTERY_ALL,battery,CHARGE,200.0,408.02948060008197,208.02948060008197,0.622990405550535,0.768715220440889,0
2026-01-13 11:30:00,ZONE_B,0,0.98484516,0.6981953,1985.9288,583.5658,0.8401545,584.40594,1401.52286,2,RENEWABLE_ALL,renewable,CURTAIL,208.02948060008197,408.02948060008197,208.02948060008197,0.622990405550535,0.768715220440889,0
2026-01-13 12:00:00,ZONE_B,0,0.98262835,0.76782775,1990.2966,595.1436,9.1633005,604.30695,1385.98965,1,BATTERY_ALL,battery,CHARGE,200.0,464.00364572786253,264.00364572786253,0.6265475475277857,0.7922631357283971,0
2026-01-13 12:00:00,ZONE_B,0,0.98262835,0.76782775,1990.2966,595.1436,9.1633005,604.30695,1385.98965,2,RENEWABLE_ALL,renewable,CURTAIL,264.00364572786253,464.00364572786253,264.00364572786253,0.6265475475277857,0.7922631357283971,0
2026-01-13 12:15:00,ZONE_B,0,0.9835824,0.7003595,1995.407,570.7532,4.54722,575.3004,1420.1066,1,BATTERY_ALL,battery,CHARGE,200.0,402.9171004938,202.91710049379998,0.620791781056732,0.7646907458813661,0
2026-01-13 12:15:00,ZONE_B,0,0.9835824,0.7003595,1995.407,570.7532,4.54722,575.3004,1420.1066,2,RENEWABLE_ALL,renewable,CURTAIL,202.91710049379998,402.9171004938,202.91710049379998,0.620791781056732,0.7646907458813661,0
2026-01-13 12:30:00,ZONE_B,0,0.990235,0.7862694,1967.7839,573.01245,2.4650483,575.4775,1392.3064,1,BATTERY_ALL,battery,CHARGE,200.0,452.48034863849995,252.48034863849995,0.607626627607576,0.7692267525499626,0
2026-01-13 12:30:00,ZONE_B,0,0.990235,0.7862694,1967.7839,573.01245,2.4650483,575.4775,1392.3064,2,RENEWABLE_ALL,renewable,CURTAIL,252.48034863849995,452.48034863849995,252.48034863849995,0.607626627607576,0.7692267525499626,0
2026-01-13 13:45:00,ZONE_B,0,0.99900645,0.73559815,1930.9811,505.79327,0.51159215,506.30487,1424.67623,1,BATTERY_ALL,battery,CHARGE,200.0,372.4369257079905,172.4369257079905,0.5840275362674898,0.7170407243503584,0
2026-01-13 13:45:00,ZONE_B,0,0.99900645,0.73559815,1930.9811,505.79327,0.51159215,506.30487,1424.67623,2,RENEWABLE_ALL,renewable,CURTAIL,172.4369257079905,372.4369257079905,172.4369257079905,0.5840275362674898,0.7170407243503584,0
2026-01-14 09:15:00,ZONE_B,0,0.99545467,0.69235605,1992.9623,395.52148,28.928194,424.44968,1568.51262,1,BATTERY_ALL,battery,CHARGE,200.0,293.870303868564,93.87030386856401,0.5965272717747522,0.7014809520311942,0
2026-01-14 09:15:00,ZONE_B,0,0.99545467,0.69235605,1992.9623,395.52148,28.928194,424.44968,1568.51262,2,RENEWABLE_ALL,renewable,CURTAIL,93.87030386856401,293.870303868564,93.87030386856401,0.5965272717747522,0.7014809520311942,0
2026-01-14 09:30:00,ZONE_B,0,0.9872273,0.6683256,2000.8976,440.04507,49.782925,489.828,1511.0696,1,BATTERY_ALL,battery,CHARGE,200.0,327.36459199679996,127.36459199679996,0.6177708411350293,0.7346867671864912,0
2026-01-14 09:30:00,ZONE_B,0,0.9872273,0.6683256,2000.8976,440.04507,49.782925,489.828,1511.0696,2,RENEWABLE_ALL,renewable,CURTAIL,127.36459199679996,327.36459199679996,127.36459199679996,0.6177708411350293,0.7346867671864912,0
2026-01-14 09:45:00,ZONE_B,1,0.6559649,0.7227489,2126.2034,408.19882,36.450386,444.6492,1681.5541999999998,1,BATTERY_ALL,battery,CHARGE,200.0,321.36972018588,121.36972018588,0.6987031654465278,0.813478065902288,0
2026-01-14 09:45:00,ZONE_B,1,0.6559649,0.7227489,2126.2034,408.19882,36.450386,444.6492,1681.5541999999998,2,RENEWABLE_ALL,renewable,CURTAIL,121.36972018588,321.36972018588,121.36972018588,0.6987031654465278,0.813478065902288,0
2026-01-14 10:45:00,ZONE_B,0,0.9951331,0.67061985,1976.788,435.75952,41.53052,477.29004,1499.49796,1,BATTERY_ALL,battery,CHARGE,200.0,320.080175031294,120.080175031294,0.6068270704755855,0.7211414190804554,0
2026-01-14 10:45:00,ZONE_B,0,0.9951331,0.67061985,1976.788,435.75952,41.53052,477.29004,1499.49796,2,RENEWABLE_ALL,renewable,CURTAIL,120.080175031294,320.080175031294,120.080175031294,0.6068270704755855,0.7211414190804554,0
2026-01-14 11:00:00,ZONE_B,0,0.6673304,0.7066604,2041.457,495.5242,47.746532,543.27075,1498.1862500000002,1,BATTERY_ALL,battery,CHARGE,200.0,383.9079255033,183.90792550330002,0.6407819826979574,0.7778919564391358,0
2026-01-14 11:00:00,ZONE_B,0,0.6673304,0.7066604,2041.457,495.5242,47.746532,543.27075,1498.1862500000002,2,RENEWABLE_ALL,renewable,CURTAIL,183.90792550330002,383.9079255033,183.90792550330002,0.6407819826979574,0.7778919564391358,0
2026-01-14 11:15:00,ZONE_B,0,0.99060994,0.60852146,1964.5735,481.48795,46.417187,527.90515,1436.66835,1,BATTERY_ALL,battery,CHARGE,200.0,321.241612619519,121.241612619519,0.612421704039491,0.7271508517164638,0
2026-01-14 11:15:00,ZONE_B,0,0.99060994,0.60852146,1964.5735,481.48795,46.417187,527.90515,1436.66835,2,RENEWABLE_ALL,renewable,CURTAIL,121.241612619519,321.241612619519,121.241612619519,0.612421704039491,0.7271508517164638,0
2026-01-14 11:30:00,ZONE_B,0,0.99069375,0.64534885,1996.8049,423.63318,31.629005,455.26218,1541.54272,1,BATTERY_ALL,battery,CHARGE,200.0,293.802924311493,93.80292431149297,0.6236954559146439,0.7286250720167818,0
2026-01-14 11:30:00,ZONE_B,0,0.99069375,0.64534885,1996.8049,423.63318,31.629005,455.26218,1541.54272,2,RENEWABLE_ALL,renewable,CURTAIL,93.80292431149297,293.802924311493,93.80292431149297,0.6236954559146439,0.7286250720167818,0
2026-01-14 11:45:00,ZONE_B,0,0.9977585,0.53215885,1984.6128,426.38406,29.41193,455.796,1528.8168,1,BATTERY_ALL,battery,CHARGE,200.0,242.5558751946,42.55587519459999,0.6145236417592553,0.7011507402633693,0
2026-01-14 11:45:00,ZONE_B,0,0.9977585,0.53215885,1984.6128,426.38406,29.41193,455.796,1528.8168,2,RENEWABLE_ALL,renewable,CURTAIL,42.55587519459999,242.5558751946,42.55587519459999,0.6145236417592553,0.7011507402633693,0
2026-01-14 12:00:00,ZONE_B,0,0.9956126,0.7881625,1981.012,371.21567,28.259586,399.47525,1581.53675,1,BATTERY_ALL,battery,CHARGE,200.0,314.851411728125,114.85141172812502,0.592487039233542,0.7049339723066191,0
2026-01-14 12:00:00,ZONE_B,0,0.9956126,0.7881625,1981.012,371.21567,28.259586,399.47525,1581.53675,2,RENEWABLE_ALL,renewable,CURTAIL,114.85141172812502,314.851411728125,114.85141172812502,0.592487039233542,0.7049339723066191,0
2026-01-14 12:30:00,ZONE_B,0,0.9950122,0.5168993,1984.9475,380.47278,46.065422,426.5382,1558.4093,1,BATTERY_ALL,battery,CHARGE,200.0,220.47729700326,20.47729700325999,0.6020142469864238,0.6807561389825528,0
2026-01-14 12:30:00,ZONE_B,0,0.9950122,0.5168993,1984.9475,380.47278,46.065422,426.5382,1558.4093,2,RENEWABLE_ALL,renewable,CURTAIL,20.47729700325999,220.47729700326,20.47729700325999,0.6020142469864238,0.6807561389825528,0
2026-01-15 08:45:00,ZONE_B,1,0.77612066,0.7227489,2174.9207,382.24646,30.189133,412.4356,1762.4851,1,BATTERY_ALL,battery,CHARGE,200.0,298.08737622084004,98.08737622084004,0.667788380879198,0.774248158456752,0
2026-01-15 08:45:00,ZONE_B,1,0.77612066,0.7227489,2174.9207,382.24646,30.189133,412.4356,1762.4851,2,RENEWABLE_ALL,renewable,CURTAIL,98.08737622084004,298.08737622084004,98.08737622084004,0.667788380879198,0.774248158456752,0
2026-01-15 09:00:00,ZONE_B,0,0.9911402,0.7769184,2000.6018,406.5074,30.95357,437.46097,1563.1408299999998,1,BATTERY_ALL,battery,CHARGE,200.0,339.871476874848,139.87147687484799,0.6273516776844132,0.7487343483735952,0
2026-01-15 09:00:00,ZONE_B,0,0.9911402,0.7769184,2000.6018,406.5074,30.95357,437.46097,1563.1408299999998,2,RENEWABLE_ALL,renewable,CURTAIL,139.87147687484799,339.871476874848,139.87147687484799,0.6273516776844132,0.7487343483735952,0
2026-01-15 09:15:00,ZONE_B,0,0.9883916,0.7084371,2002.8434,402.63635,20.905527,423.54187,1579.30153,1,BATTERY_ALL,battery,CHARGE,200.0,300.052774111377,100.052774111377,0.6237885955367457,0.7309503008803173,0
2026-01-15 09:15:00,ZONE_B,0,0.9883916,0.7084371,2002.8434,402.63635,20.905527,423.54187,1579.30153,2,RENEWABLE_ALL,renewable,CURTAIL,100.052774111377,300.052774111377,100.052774111377,0.6237885955367457,0.7309503008803173,0
2026-01-15 09:30:00,ZONE_B,1,0.71989334,0.78432786,2112.4182,409.5667,45.00315,454.56985,1657.8483500000002,1,BATTERY_ALL,battery,CHARGE,200.0,356.53179767102097,156.53179767102097,0.6697699419657668,0.7971027273466079,0
2026-01-15 09:30:00,ZONE_B,1,0.71989334,0.78432786,2112.4182,409.5667,45.00315,454.56985,1657.8483500000002,2,RENEWABLE_ALL,renewable,CURTAIL,156.53179767102097,356.53179767102097,156.53179767102097,0.6697699419657668,0.7971027273466079,0
2026-01-15 09:45:00,ZONE_B,1,0.6401525,0.7879118,2062.9238,480.12683,46.01369,526.1405,1536.7833,1,BATTERY_ALL,battery,CHARGE,200.0,414.5523084079,214.5523084079,0.6618459435500222,0.8099003398556495,0
2026-01-15 09:45:00,ZONE_B,1,0.6401525,0.7879118,2062.9238,480.12683,46.01369,526.1405,1536.7833,2,RENEWABLE_ALL,renewable,CURTAIL,214.5523084079,414.5523084079,214.5523084079,0.6618459435500222,0.8099003398556495,0
2026-01-15 10:00:00,ZONE_B,0,0.9906742,0.6330364,1996.0558,444.36023,56.079327,500.43954,1495.61626,1,BATTERY_ALL,battery,CHARGE,200.0,316.79644481925607,116.79644481925607,0.6222484267421194,0.7353900144811828,0
2026-01-15 10:00:00,ZONE_B,0,0.9906742,0.6330364,1996.0558,444.36023,56.079327,500.43954,1495.61626,2,RENEWABLE_ALL,renewable,CURTAIL,116.79644481925607,316.79644481925607,116.79644481925607,0.6222484267421194,0.7353900144811828,0
2026-01-15 10:15:00,ZONE_B,0,0.9928392,0.73767227,1986.6655,455.0498,50.93714,505.98694,1480.67856,1,BATTERY_ALL,battery,CHARGE,200.0,373.2525346201538,173.25253462015382,0.6135127480453377,0.7468172250497266,0
2026-01-15 10:15:00,ZONE_B,0,0.9928392,0.73767227,1986.6655,455.0498,50.93714,505.98694,1480.67856,2,RENEWABLE_ALL,renewable,CURTAIL,173.25253462015382,373.2525346201538,173.25253462015382,0.6135127480453377,0.7468172250497266,0
2026-01-15 10:30:00,ZONE_B,0,0.965666,0.721,1994.9572,450.53845,65.73143,516.2699,1478.6873,1,BATTERY_ALL,battery,CHARGE,200.0,372.23059789999996,172.23059789999996,0.6336429706836126,0.766582470336179,0
2026-01-15 10:30:00,ZONE_B,0,0.965666,0.721,1994.9572,450.53845,65.73143,516.2699,1478.6873,2,RENEWABLE_ALL,renewable,CURTAIL,172.23059789999996,372.23059789999996,172.23059789999996,0.6336429706836126,0.766582470336179,0
2026-01-15 10:45:00,ZONE_B,0,0.9911117,0.8118612,1962.4824,475.5342,55.69655,531.2308,1431.2516,1,BATTERY_ALL,battery,CHARGE,200.0,431.28567476496,231.28567476496,0.6153916815156297,0.7694222801014767,0
2026-01-15 10:45:00,ZONE_B,0,0.9911117,0.8118612,1962.4824,475.5342,55.69655,531.2308,1431.2516,2,RENEWABLE_ALL,renewable,CURTAIL,231.28567476496,431.28567476496,231.28567476496,0.6153916815156297,0.7694222801014767,0
2026-01-15 11:00:00,ZONE_B,1,0.8730526,0.753925,2076.6506,516.3708,48.215252,564.58606,1512.06454,1,BATTERY_ALL,battery,CHARGE,200.0,425.65554528549995,225.65554528549995,0.6925809239312779,0.8446007619356756,0
2026-01-15 11:00:00,ZONE_B,1,0.8730526,0.753925,2076.6506,516.3708,48.215252,564.58606,1512.06454,2,RENEWABLE_ALL,renewable,CURTAIL,225.65554528549995,425.65554528549995,225.65554528549995,0.6925809239312779,0.8446007619356756,0
2026-01-15 11:15:00,ZONE_B,0,0.99620515,0.7419301,1982.4358,442.25824,50.941284,493.19952,1489.23628,1,BATTERY_ALL,battery,CHARGE,200.0,365.91956919355204,165.91956919355204,0.6216243826463069,0.7523099434107122,0
2026-01-15 11:15:00,ZONE_B,0,0.99620515,0.7419301,1982.4358,442.25824,50.941284,493.19952,1489.23628,2,RENEWABLE_ALL,renewable,CURTAIL,165.91956919355204,365.91956919355204,165.91956919355204,0.6216243826463069,0.7523099434107122,0
2026-01-15 11:30:00,ZONE_B,0,0.9625691,0.83591956,1996.5651,512.3356,40.771774,553.10736,1443.45774,1,BATTERY_ALL,battery,CHARGE,200.0,462.35326100396156,262.35326100396156,0.6251939242965681,0.7903200893915648,0
2026-01-15 11:30:00,ZONE_B,0,0.9625691,0.83591956,1996.5651,512.3356,40.771774,553.10736,1443.45774,2,RENEWABLE_ALL,renewable,CURTAIL,262.35326100396156,462.35326100396156,262.35326100396156,0.6251939242965681,0.7903200893915648,0
2026-01-15 11:45:00,ZONE_B,0,0.9830776,0.8169647,1990.8662,529.3882,32.728035,562.1162,1428.75,1,BATTERY_ALL,battery,CHARGE,200.0,459.22909269814005,259.22909269814005,0.6330175834188991,0.7970279740946697,0
2026-01-15 11:45:00,ZONE_B,0,0.9830776,0.8169647,1990.8662,529.3882,32.728035,562.1162,1428.75,2,RENEWABLE_ALL,renewable,CURTAIL,259.22909269814005,459.22909269814005,259.22909269814005,0.6330175834188991,0.7970279740946697,0
2026-01-15 12:00:00,ZONE_B,0,0.99766505,0.86172014,1950.3007,511.75076,29.747955,541.4987,1408.802,1,BATTERY_ALL,battery,CHARGE,200.0,466.62033557381795,266.62033557381795,0.6013190765204222,0.7679691969103086,0
2026-01-15 12:00:00,ZONE_B,0,0.99766505,0.86172014,1950.3007,511.75076,29.747955,541.4987,1408.802,2,RENEWABLE_ALL,renewable,CURTAIL,266.62033557381795,466.62033557381795,266.62033557381795,0.6013190765204222,0.7679691969103086,0
2026-01-15 12:15:00,ZONE_B,0,0.9980046,0.8471748,1934.5511,522.0503,61.715252,583.76556,1350.78554,1,BATTERY_ALL,battery,CHARGE,200.0,494.55147153988804,294.55147153988804,0.5995040678994993,0.7761295939162587,0
2026-01-15 12:15:00,ZONE_B,0,0.9980046,0.8471748,1934.5511,522.0503,61.715252,583.76556,1350.78554,2,RENEWABLE_ALL,renewable,CURTAIL,294.55147153988804,494.55147153988804,294.55147153988804,0.5995040678994993,0.7761295939162587,0
2026-01-15 12:30:00,ZONE_B,1,0.8854015,0.7715414,2066.3303,508.79514,44.707443,553.50256,1512.8277400000002,1,BATTERY_ALL,battery,CHARGE,200.0,427.05014004598405,227.05014004598405,0.6659829695869042,0.8185008771531089,0
2026-01-15 12:30:00,ZONE_B,1,0.8854015,0.7715414,2066.3303,508.79514,44.707443,553.50256,1512.8277400000002,2,RENEWABLE_ALL,renewable,CURTAIL,227.05014004598405,427.05014004598405,227.05014004598405,0.6659829695869042,0.8185008771531089,0
2026-01-15 12:45:00,ZONE_B,0,0.9974916,0.80890995,1953.1144,555.6735,48.59779,604.2713,1348.8431,1,BATTERY_ALL,battery,CHARGE,200.0,488.80106706943496,288.80106706943496,0.6102900838659902,0.7848618940093408,0
2026-01-15 12:45:00,ZONE_B,0,0.9974916,0.80890995,1953.1144,555.6735,48.59779,604.2713,1348.8431,2,RENEWABLE_ALL,renewable,CURTAIL,288.80106706943496,488.80106706943496,288.80106706943496,0.6102900838659902,0.7848618940093408,0
2026-01-15 13:00:00,ZONE_B,0,0.99788636,0.8552932,1952.0789,522.299,49.67912,571.97815,1380.10075,1,BATTERY_ALL,battery,CHARGE,200.0,489.20902224358,289.20902224358,0.6087534604937495,0.7834709688761241,0
2026-01-15 13:00:00,ZONE_B,0,0.99788636,0.8552932,1952.0789,522.299,49.67912,571.97815,1380.10075,2,RENEWABLE_ALL,renewable,CURTAIL,289.20902224358,489.20902224358,289.20902224358,0.6087534604937495,0.7834709688761241,0
2026-01-15 13:15:00,ZONE_B,0,0.99788815,0.8552932,1955.3016,492.40524,49.87296,542.2782,1413.0234,1,BATTERY_ALL,battery,CHARGE,200.0,463.80685696823997,263.80685696823997,0.6277665444387035,0.7934118509123896,0
2026-01-15 13:15:00,ZONE_B,0,0.99788815,0.8552932,1955.3016,492.40524,49.87296,542.2782,1413.0234,2,RENEWABLE_ALL,renewable,CURTAIL,263.80685696823997,463.80685696823997,263.80685696823997,0.6277665444387035,0.7934118509123896,0
2026-01-15 13:30:00,ZONE_B,0,0.9258001,0.83808464,2008.3623,464.28082,60.499012,524.77985,1483.58245,1,BATTERY_ALL,battery,CHARGE,200.0,439.80993166650404,239.80993166650404,0.6452310724186711,0.8023060484841115,0
2026-01-15 13:30:00,ZONE_B,0,0.9258001,0.83808464,2008.3623,464.28082,60.499012,524.77985,1483.58245,2,RENEWABLE_ALL,renewable,CURTAIL,239.80993166650404,439.80993166650404,239.80993166650404,0.6452310724186711,0.8023060484841115,0
2026-01-15 13:45:00,ZONE_B,0,0.9854397,0.816689,1985.4846,496.22952,78.36549,574.59503,1410.88957,1,BATTERY_ALL,battery,CHARGE,200.0,469.26544045566993,269.26544045566993,0.6331840423187598,0.8007788429115492,0
2026-01-15 13:45:00,ZONE_B,0,0.9854397,0.816689,1985.4846,496.22952,78.36549,574.59503,1410.88957,2,RENEWABLE_ALL,renewable,CURTAIL,269.26544045566993,469.26544045566993,269.26544045566993,0.6331840423187598,0.8007788429115492,0
2026-01-15 14:00:00,ZONE_B,0,0.99664897,0.63707465,1969.8556,436.5608,58.873783,495.43457,1474.42103,1,BATTERY_ALL,battery,CHARGE,200.0,315.6288052806505,115.62880528065051,0.6251321607422737,0.7378567343449082,0
2026-01-15 14:00:00,ZONE_B,0,0.99664897,0.63707465,1969.8556,436.5608,58.873783,495.43457,1474.42103,2,RENEWABLE_ALL,renewable,CURTAIL,115.62880528065051,315.6288052806505,115.62880528065051,0.6251321607422737,0.7378567343449082,0
2026-01-15 14:15:00,ZONE_B,0,0.9988186,0.7125619,1948.0647,410.60007,49.462524,460.0626,1488.0021,1,BATTERY_ALL,battery,CHARGE,200.0,327.82308037494,127.82308037493999,0.5952428776858297,0.7123225495628411,0
2026-01-15 14:15:00,ZONE_B,0,0.9988186,0.7125619,1948.0647,410.60007,49.462524,460.0626,1488.0021,2,RENEWABLE_ALL,renewable,CURTAIL,127.82308037493999,327.82308037494,127.82308037493999,0.5952428776858297,0.7123225495628411,0
2026-01-15 14:30:00,ZONE_B,0,0.99898475,0.8227005,1946.2042,340.621,39.88496,380.50595,1565.69825,1,BATTERY_ALL,battery,CHARGE,200.0,313.042435317975,113.04243531797499,0.5897728744227597,0.7015737444943165,0
2026-01-15 14:30:00,ZONE_B,0,0.99898475,0.8227005,1946.2042,340.621,39.88496,380.50595,1565.69825,2,RENEWABLE_ALL,renewable,CURTAIL,113.04243531797499,313.042435317975,113.04243531797499,0.5897728744227597,0.7015737444943165,0
2026-01-15 14:45:00,ZONE_B,0,0.99711007,0.8227005,1973.4656,333.4833,39.610073,373.09338,1600.37222,1,BATTERY_ALL,battery,CHARGE,200.0,306.94411027269,106.94411027269001,0.620069341077348,0.7296922379021586,0
2026-01-15 14:45:00,ZONE_B,0,0.99711007,0.8227005,1973.4656,333.4833,39.610073,373.09338,1600.37222,2,RENEWABLE_ALL,renewable,CURTAIL,106.94411027269001,306.94411027269,106.94411027269001,0.620069341077348,0.7296922379021586,0
2026-01-15 15:00:00,ZONE_B,0,0.9843146,0.72351027,2013.9,298.36484,36.4704,334.83524,1679.0647600000002,1,BATTERY_ALL,battery,CHARGE,200.0,242.2567348979148,42.25673489791481,0.6230263379531701,0.7095466006475132,0
2026-01-15 15:00:00,ZONE_B,0,0.9843146,0.72351027,2013.9,298.36484,36.4704,334.83524,1679.0647600000002,2,RENEWABLE_ALL,renewable,CURTAIL,42.25673489791481,242.2567348979148,42.25673489791481,0.6230263379531701,0.7095466006475132,0
2026-01-16 09:15:00,ZONE_B,0,0.9956291,0.75756943,1976.7358,423.39316,11.030466,434.4236,1542.3121999999998,1,BATTERY_ALL,battery,CHARGE,200.0,329.106039030548,129.106039030548,0.5944123972363541,0.7119502686834869,0
2026-01-16 09:15:00,ZONE_B,0,0.9956291,0.75756943,1976.7358,423.39316,11.030466,434.4236,1542.3121999999998,2,RENEWABLE_ALL,renewable,CURTAIL,129.106039030548,329.106039030548,129.106039030548,0.5944123972363541,0.7119502686834869,0
2026-01-16 09:30:00,ZONE_B,0,0.62628603,0.6589028,2064.3274,441.56625,5.528523,447.0948,1617.2326,1,BATTERY_ALL,battery,CHARGE,200.0,294.59201558544004,94.59201558544004,0.6559834474719068,0.7611948819195582,0
2026-01-16 09:30:00,ZONE_B,0,0.62628603,0.6589028,2064.3274,441.56625,5.528523,447.0948,1617.2326,2,RENEWABLE_ALL,renewable,CURTAIL,94.59201558544004,294.59201558544004,94.59201558544004,0.6559834474719068,0.7611948819195582,0
2026-01-16 09:45:00,ZONE_B,0,0.9938214,0.75227326,1996.4968,475.8503,2.8457065,478.696,1517.8008,1,BATTERY_ALL,battery,CHARGE,200.0,360.11020046896004,160.11020046896004,0.591922306066545,0.7205330923374645,0
2026-01-16 09:45:00,ZONE_B,0,0.9938214,0.75227326,1996.4968,475.8503,2.8457065,478.696,1517.8008,2,RENEWABLE_ALL,renewable,CURTAIL,160.11020046896004,360.11020046896004,160.11020046896004,0.591922306066545,0.7205330923374645,0
2026-01-16 10:00:00,ZONE_B,0,0.98526555,0.70010847,2006.4308,477.74518,11.752584,489.49777,1516.93303,1,BATTERY_ALL,battery,CHARGE,200.0,342.7015348231119,142.7015348231119,0.6236896469332459,0.7460830525547416,0
2026-01-16 10:00:00,ZONE_B,0,0.98526555,0.70010847,2006.4308,477.74518,11.752584,489.49777,1516.93303,2,RENEWABLE_ALL,renewable,CURTAIL,142.7015348231119,342.7015348231119,142.7015348231119,0.6236896469332459,0.7460830525547416,0
2026-01-16 10:15:00,ZONE_B,0,0.8428097,0.6603954,2045.2247,491.90347,7.370169,499.27365,1545.95105,1,BATTERY_ALL,battery,CHARGE,200.0,329.71802180120994,129.71802180120994,0.6409561851459159,0.7587126217938263,0
2026-01-16 10:15:00,ZONE_B,0,0.8428097,0.6603954,2045.2247,491.90347,7.370169,499.27365,1545.95105,2,RENEWABLE_ALL,renewable,CURTAIL,129.71802180120994,329.71802180120994,129.71802180120994,0.6409561851459159,0.7587126217938263,0
2026-01-16 10:30:00,ZONE_B,0,0.99736917,0.8761922,1959.7083,546.1883,8.064949,554.25323,1405.45507,1,BATTERY_ALL,battery,CHARGE,200.0,485.632356950806,285.632356950806,0.5917708415584302,0.7652109695450231,0
2026-01-16 10:30:00,ZONE_B,0,0.99736917,0.8761922,1959.7083,546.1883,8.064949,554.25323,1405.45507,2,RENEWABLE_ALL,renewable,CURTAIL,285.632356950806,485.632356950806,285.632356950806,0.5917708415584302,0.7652109695450231,0
2026-01-16 10:45:00,ZONE_B,0,0.99861085,0.82074517,1903.0686,550.9432,1.5244734,552.46765,1350.60095,1,BATTERY_ALL,battery,CHARGE,200.0,453.43515531875056,253.43515531875056,0.5875992376741563,0.7495403649705492,0
2026-01-16 10:45:00,ZONE_B,0,0.99861085,0.82074517,1903.0686,550.9432,1.5244734,552.46765,1350.60095,2,RENEWABLE_ALL,renewable,CURTAIL,253.43515531875056,453.43515531875056,253.43515531875056,0.5875992376741563,0.7495403649705492,0
2026-01-16 11:15:00,ZONE_B,1,0.90136856,0.61256206,2072.7578,622.96313,2.7377303,625.70087,1447.0569299999995,1,BATTERY_ALL,battery,CHARGE,200.0,383.2806138709922,183.28061387099223,0.6645791209093869,0.8014650548159926,0
2026-01-16 11:15:00,ZONE_B,1,0.90136856,0.61256206,2072.7578,622.96313,2.7377303,625.70087,1447.0569299999995,2,RENEWABLE_ALL,renewable,CURTAIL,183.28061387099223,383.2806138709922,183.28061387099223,0.6645791209093869,0.8014650548159926,0
2026-01-16 11:45:00,ZONE_B,2,0.70526165,0.7542105,2163.592,643.2944,0.0,643.2944,1520.2976,1,BATTERY_ALL,battery,CHARGE,200.0,485.1793910712,285.1793910712,0.703715069259573,0.8769934236337427,0
2026-01-16 11:45:00,ZONE_B,2,0.70526165,0.7542105,2163.592,643.2944,0.0,643.2944,1520.2976,2,RENEWABLE_ALL,renewable,CURTAIL,285.1793910712,485.1793910712,285.1793910712,0.703715069259573,0.8769934236337427,0
2026-01-16 12:15:00,ZONE_B,0,0.8502995,0.6979779,2026.3807,574.28076,1.647768,575.9285,1450.4522,1,BATTERY_ALL,battery,CHARGE,200.0,401.98536498015,201.98536498015,0.6305010033577692,0.7740672055644122,0
2026-01-16 12:15:00,ZONE_B,0,0.8502995,0.6979779,2026.3807,574.28076,1.647768,575.9285,1450.4522,2,RENEWABLE_ALL,renewable,CURTAIL,201.98536498015,401.98536498015,201.98536498015,0.6305010033577692,0.7740672055644122,0
2026-01-16 12:45:00,ZONE_B,1,0.7241271,0.604401,2167.4849,534.2451,0.11153349,534.3566,1633.1283,1,BATTERY_ALL,battery,CHARGE,200.0,322.96566339659995,122.96566339659995,0.6803269033411268,0.7956717835149307,0
2026-01-16 12:45:00,ZONE_B,1,0.7241271,0.604401,2167.4849,534.2451,0.11153349,534.3566,1633.1283,2,RENEWABLE_ALL,renewable,CURTAIL,122.96566339659995,322.96566339659995,122.96566339659995,0.6803269033411268,0.7956717835149307,0
2026-01-16 13:00:00,ZONE_B,1,0.7458493,0.5056611,2131.7725,526.1274,4.790581,530.91797,1600.85453,1,BATTERY_ALL,battery,CHARGE,200.0,268.464564719967,68.46456471996697,0.66477143765209,0.760651639586598,0
2026-01-16 13:00:00,ZONE_B,1,0.7458493,0.5056611,2131.7725,526.1274,4.790581,530.91797,1600.85453,2,RENEWABLE_ALL,renewable,CURTAIL,68.46456471996697,268.464564719967,68.46456471996697,0.66477143765209,0.760651639586598,0
2026-01-16 13:30:00,ZONE_B,0,0.936778,0.6640648,2032.3948,475.78812,1.1539407,476.94205,1555.45275,1,BATTERY_ALL,battery,CHARGE,200.0,316.72042704484,116.72042704484,0.6298701634739129,0.7429846020418918,0
2026-01-16 13:30:00,ZONE_B,0,0.936778,0.6640648,2032.3948,475.78812,1.1539407,476.94205,1555.45275,2,RENEWABLE_ALL,renewable,CURTAIL,116.72042704484,316.72042704484,116.72042704484,0.6298701634739129,0.7429846020418918,0
2026-01-17 09:00:00,ZONE_B,0,0.9961605,0.67885345,1969.6532,324.78796,9.526754,334.31473,1635.33847,1,BATTERY_ALL,battery,CHARGE,200.0,226.9507078463185,26.950707846318494,0.581592851480017,0.6626466759544217,0
2026-01-17 09:00:00,ZONE_B,0,0.9961605,0.67885345,1969.6532,324.78796,9.526754,334.31473,1635.33847,2,RENEWABLE_ALL,renewable,CURTAIL,26.950707846318494,226.9507078463185,26.950707846318494,0.581592851480017,0.6626466759544217,0
2026-01-17 09:15:00,ZONE_B,0,0.9864336,0.57551783,2006.291,333.99747,6.141071,340.13855,1666.15245,1,BATTERY_ALL,battery,CHARGE,195.7558001953465,195.7558001953465,0.0,0.6350084062424705,0.7049211922307914,0
2026-01-17 11:00:00,ZONE_B,0,0.9939401,0.5924839,2014.3674,413.51413,7.102257,420.6164,1593.7510000000002,1,BATTERY_ALL,battery,CHARGE,200.0,249.20844507596,49.208445075959986,0.6241856238002937,0.7131886401225945,0
2026-01-17 11:00:00,ZONE_B,0,0.9939401,0.5924839,2014.3674,413.51413,7.102257,420.6164,1593.7510000000002,2,RENEWABLE_ALL,renewable,CURTAIL,49.208445075959986,249.20844507596,49.208445075959986,0.6241856238002937,0.7131886401225945,0
2026-01-17 11:15:00,ZONE_B,0,0.98131657,0.59691554,2011.5569,430.96747,6.530339,437.4978,1574.0591,1,BATTERY_ALL,battery,CHARGE,200.0,261.149235535812,61.14923553581201,0.6301072046577533,0.7233747890337417,0
2026-01-17 11:15:00,ZONE_B,0,0.98131657,0.59691554,2011.5569,430.96747,6.530339,437.4978,1574.0591,2,RENEWABLE_ALL,renewable,CURTAIL,61.14923553581201,261.149235535812,61.14923553581201,0.6301072046577533,0.7233747890337417,0
2026-01-17 11:45:00,ZONE_B,0,0.9950051,0.6468407,1993.3481,467.7168,17.001234,484.71802,1508.63008,1,BATTERY_ALL,battery,CHARGE,200.0,313.535343359414,113.53534335941401,0.6098852605571158,0.7218621691943501,0
2026-01-17 11:45:00,ZONE_B,0,0.9950051,0.6468407,1993.3481,467.7168,17.001234,484.71802,1508.63008,2,RENEWABLE_ALL,renewable,CURTAIL,113.53534335941401,313.535343359414,113.53534335941401,0.6098852605571158,0.7218621691943501,0
2026-01-17 12:00:00,ZONE_B,0,0.9959772,0.7208666,1974.0664,496.77045,5.909047,502.6795,1471.3869,1,BATTERY_ALL,battery,CHARGE,200.0,362.36486205470004,162.36486205470004,0.6037887719218186,0.733204794428573,0
2026-01-17 12:00:00,ZONE_B,0,0.9959772,0.7208666,1974.0664,496.77045,5.909047,502.6795,1471.3869,2,RENEWABLE_ALL,renewable,CURTAIL,162.36486205470004,362.36486205470004,162.36486205470004,0.6037887719218186,0.733204794428573,0
2026-01-17 12:15:00,ZONE_B,0,0.99490803,0.62260556,1993.0557,464.91037,5.468452,470.3788,1522.6769,1,BATTERY_ALL,battery,CHARGE,200.0,292.86045618612803,92.86045618612803,0.6281246493990601,0.7327176697483002,0
2026-01-17 12:15:00,ZONE_B,0,0.99490803,0.62260556,1993.0557,464.91037,5.468452,470.3788,1522.6769,2,RENEWABLE_ALL,renewable,CURTAIL,92.86045618612803,292.86045618612803,92.86045618612803,0.6281246493990601,0.7327176697483002,0
2026-01-17 12:30:00,ZONE_B,0,0.9959888,0.7902734,1969.1045,478.553,7.719064,486.27206,1482.83244,1,BATTERY_ALL,battery,CHARGE,200.0,384.287874181204,184.28787418120402,0.584710259468175,0.7219559291864606,0
2026-01-17 12:30:00,ZONE_B,0,0.9959888,0.7902734,1969.1045,478.553,7.719064,486.27206,1482.83244,2,RENEWABLE_ALL,renewable,CURTAIL,184.28787418120402,384.287874181204,184.28787418120402,0.584710259468175,0.7219559291864606,0
2026-01-17 12:45:00,ZONE_B,0,0.9973099,0.6098036,1960.8925,469.60205,6.0210037,475.62305,1485.26945,1,BATTERY_ALL,battery,CHARGE,200.0,290.03664813297996,90.03664813297996,0.5913259177255277,0.6949104351814009,0
2026-01-17 12:45:00,ZONE_B,0,0.9973099,0.6098036,1960.8925,469.60205,6.0210037,475.62305,1485.26945,2,RENEWABLE_ALL,renewable,CURTAIL,90.03664813297996,290.03664813297996,90.03664813297996,0.5913259177255277,0.6949104351814009,0
2026-01-17 13:00:00,ZONE_B,0,0.99260885,0.6433923,2004.461,502.0643,4.619154,506.68344,1497.77756,1,BATTERY_ALL,battery,CHARGE,200.0,325.99622383351203,125.99622383351203,0.6236116879995045,0.7400389110910388,0
2026-01-17 13:00:00,ZONE_B,0,0.99260885,0.6433923,2004.461,502.0643,4.619154,506.68344,1497.77756,2,RENEWABLE_ALL,renewable,CURTAIL,125.99622383351203,325.99622383351203,125.99622383351203,0.6236116879995045,0.7400389110910388,0
2026-01-17 13:15:00,ZONE_B,0,0.9885206,0.5674624,2001.317,460.10178,3.5166907,463.61847,1537.69853,1,BATTERY_ALL,battery,CHARGE,200.0,263.08604967052804,63.08604967052804,0.6229944781182056,0.7169537818246291,0
2026-01-17 13:15:00,ZONE_B,0,0.9885206,0.5674624,2001.317,460.10178,3.5166907,463.61847,1537.69853,2,RENEWABLE_ALL,renewable,CURTAIL,63.08604967052804,263.08604967052804,63.08604967052804,0.6229944781182056,0.7169537818246291,0
2026-01-18 09:30:00,ZONE_B,0,0.6648174,0.7557386,2046.6014,379.62787,17.821812,397.44968,1649.15172,1,BATTERY_ALL,battery,CHARGE,200.0,300.368064733648,100.368064733648,0.6557824512819586,0.7630567604404838,0
2026-01-18 09:30:00,ZONE_B,0,0.6648174,0.7557386,2046.6014,379.62787,17.821812,397.44968,1649.15172,2,RENEWABLE_ALL,renewable,CURTAIL,100.368064733648,300.368064733648,100.368064733648,0.6557824512819586,0.7630567604404838,0
2026-01-18 09:45:00,ZONE_B,0,0.9950523,0.7769184,1989.4949,403.75055,19.14367,422.89423,1566.6006699999998,1,BATTERY_ALL,battery,CHARGE,200.0,328.554308540832,128.55430854083198,0.5957937010528014,0.7131345258969379,0
2026-01-18 09:45:00,ZONE_B,0,0.9950523,0.7769184,1989.4949,403.75055,19.14367,422.89423,1566.6006699999998,2,RENEWABLE_ALL,renewable,CURTAIL,128.55430854083198,328.554308540832,128.55430854083198,0.5957937010528014,0.7131345258969379,0
2026-01-18 10:30:00,ZONE_B,0,0.65746766,0.79377294,2056.6675,483.6098,12.891536,496.50134,1560.16616,1,BATTERY_ALL,battery,CHARGE,200.0,394.1093283657396,194.1093283657396,0.6454676560679743,0.7862209880360751,0
2026-01-18 10:30:00,ZONE_B,0,0.65746766,0.79377294,2056.6675,483.6098,12.891536,496.50134,1560.16616,2,RENEWABLE_ALL,renewable,CURTAIL,194.1093283657396,394.1093283657396,194.1093283657396,0.6454676560679743,0.7862209880360751,0
2026-01-18 10:45:00,ZONE_B,0,0.992312,0.78963315,1989.7767,488.6102,30.733932,519.3441,1470.4326,1,BATTERY_ALL,battery,CHARGE,200.0,410.09131761691503,210.09131761691503,0.6126948116154393,0.7591559968409658,0
2026-01-18 10:45:00,ZONE_B,0,0.992312,0.78963315,1989.7767,488.6102,30.733932,519.3441,1470.4326,2,RENEWABLE_ALL,renewable,CURTAIL,210.09131761691503,410.09131761691503,210.09131761691503,0.6126948116154393,0.7591559968409658,0
2026-01-18 11:00:00,ZONE_B,0,0.994728,0.6937547,1987.3654,447.6205,50.570168,498.19067,1489.17473,1,BATTERY_ALL,battery,CHARGE,200.0,345.62211880864896,145.62211880864896,0.6224187200544578,0.7458551914094929,0
2026-01-18 11:00:00,ZONE_B,0,0.994728,0.6937547,1987.3654,447.6205,50.570168,498.19067,1489.17473,2,RENEWABLE_ALL,renewable,CURTAIL,145.62211880864896,345.62211880864896,145.62211880864896,0.6224187200544578,0.7458551914094929,0
2026-01-18 11:15:00,ZONE_B,0,0.99522626,0.7684523,1988.9113,385.0496,25.0206,410.0702,1578.8411,1,BATTERY_ALL,battery,CHARGE,200.0,315.11938835146,115.11938835145997,0.6134763784084688,0.726019017446485,0
2026-01-18 11:15:00,ZONE_B,0,0.99522626,0.7684523,1988.9113,385.0496,25.0206,410.0702,1578.8411,2,RENEWABLE_ALL,renewable,CURTAIL,115.11938835145997,315.11938835146,115.11938835145997,0.6134763784084688,0.726019017446485,0
2026-01-19 09:00:00,ZONE_B,0,0.9625764,0.519593,1996.8358,462.67566,57.382515,520.05817,1476.77763,1,BATTERY_ALL,battery,CHARGE,200.0,270.21858472481,70.21858472481,0.624022872420664,0.7205295100941979,0
2026-01-19 09:00:00,ZONE_B,0,0.9625764,0.519593,1996.8358,462.67566,57.382515,520.05817,1476.77763,2,RENEWABLE_ALL,renewable,CURTAIL,70.21858472481,270.21858472481,70.21858472481,0.624022872420664,0.7205295100941979,0
2026-01-19 09:15:00,ZONE_B,0,0.9104164,0.6899902,2017.7504,513.12317,75.37487,588.49805,1429.2523499999998,1,BATTERY_ALL,battery,CHARGE,200.0,406.05788721911,206.05788721911,0.6471990833881938,0.7922197577972909,0
2026-01-19 09:15:00,ZONE_B,0,0.9104164,0.6899902,2017.7504,513.12317,75.37487,588.49805,1429.2523499999998,2,RENEWABLE_ALL,renewable,CURTAIL,206.05788721911,406.05788721911,206.05788721911,0.6471990833881938,0.7922197577972909,0
2026-01-19 09:30:00,ZONE_B,0,0.7127208,0.8956614,2034.5947,492.8947,95.377754,588.27246,1446.32224,1,BATTERY_ALL,battery,CHARGE,200.0,526.8929351050441,326.8929351050441,0.6371032343771491,0.8252792833904542,0
2026-01-19 09:30:00,ZONE_B,0,0.7127208,0.8956614,2034.5947,492.8947,95.377754,588.27246,1446.32224,2,RENEWABLE_ALL,renewable,CURTAIL,326.8929351050441,526.8929351050441,326.8929351050441,0.6371032343771491,0.8252792833904542,0
2026-01-19 09:45:00,ZONE_B,1,0.8518572,0.6470654,2076.8306,500.68027,76.02363,576.7039,1500.1266999999998,1,BATTERY_ALL,battery,CHARGE,200.0,373.16513973506,173.16513973506,0.6815994960328424,0.8148727606397372,0
2026-01-19 09:45:00,ZONE_B,1,0.8518572,0.6470654,2076.8306,500.68027,76.02363,576.7039,1500.1266999999998,2,RENEWABLE_ALL,renewable,CURTAIL,173.16513973506,373.16513973506,173.16513973506,0.6815994960328424,0.8148727606397372,0
2026-01-19 10:00:00,ZONE_B,0,0.98330486,0.8123779,1985.9567,528.0487,58.937084,586.9858,1398.9708999999998,1,BATTERY_ALL,battery,CHARGE,200.0,476.85429153382,276.85429153382,0.61194702741994,0.7822521319921281,0
2026-01-19 10:00:00,ZONE_B,0,0.98330486,0.8123779,1985.9567,528.0487,58.937084,586.9858,1398.9708999999998,2,RENEWABLE_ALL,renewable,CURTAIL,276.85429153382,476.85429153382,276.85429153382,0.61194702741994,0.7822521319921281,0
2026-01-19 10:15:00,ZONE_B,0,0.91041565,0.75902694,2013.359,553.101,53.143845,606.2449,1407.1140999999998,1,BATTERY_ALL,battery,CHARGE,200.0,460.15621133760607,260.15621133760607,0.6383610692823694,0.8027025737973338,0
2026-01-19 10:15:00,ZONE_B,0,0.91041565,0.75902694,2013.359,553.101,53.143845,606.2449,1407.1140999999998,2,RENEWABLE_ALL,renewable,CURTAIL,260.15621133760607,460.15621133760607,260.15621133760607,0.6383610692823694,0.8027025737973338,0
2026-01-19 10:30:00,ZONE_B,0,0.98603976,0.73401684,1969.8005,568.54987,63.468193,632.01807,1337.7824300000002,1,BATTERY_ALL,battery,CHARGE,200.0,463.91190656429876,263.91190656429876,0.6198379865199622,0.7855208107494823,0
2026-01-19 10:30:00,ZONE_B,0,0.98603976,0.73401684,1969.8005,568.54987,63.468193,632.01807,1337.7824300000002,2,RENEWABLE_ALL,renewable,CURTAIL,263.91190656429876,463.91190656429876,263.91190656429876,0.6198379865199622,0.7855208107494823,0
2026-01-19 10:45:00,ZONE_B,0,0.97490317,0.5817652,1966.3248,629.17596,74.58866,703.76465,1262.5601500000002,1,BATTERY_ALL,battery,CHARGE,200.0,409.42578236017994,209.42578236017994,0.6081749476896339,0.754398441848942,0
2026-01-19 10:45:00,ZONE_B,0,0.97490317,0.5817652,1966.3248,629.17596,74.58866,703.76465,1262.5601500000002,2,RENEWABLE_ALL,renewable,CURTAIL,209.42578236017994,409.42578236017994,209.42578236017994,0.6081749476896339,0.754398441848942,0
2026-01-19 11:15:00,ZONE_B,0,0.61689657,0.5239047,2000.0804,674.82996,79.76611,754.59607,1245.48433,1,BATTERY_ALL,battery,CHARGE,200.0,395.33642767452903,195.33642767452903,0.6481849062904598,0.789376487993213,0
2026-01-19 11:15:00,ZONE_B,0,0.61689657,0.5239047,2000.0804,674.82996,79.76611,754.59607,1245.48433,2,RENEWABLE_ALL,renewable,CURTAIL,195.33642767452903,395.33642767452903,195.33642767452903,0.6481849062904598,0.789376487993213,0
2026-01-19 11:30:00,ZONE_B,0,0.5445806,0.7252555,1997.1316,691.06,60.373608,751.4336,1245.698,1,BATTERY_ALL,battery,CHARGE,200.0,544.9813512848,344.9813512848,0.6513061156769693,0.84594231307638,0
2026-01-19 11:30:00,ZONE_B,0,0.5445806,0.7252555,1997.1316,691.06,60.373608,751.4336,1245.698,2,RENEWABLE_ALL,renewable,CURTAIL,344.9813512848,544.9813512848,344.9813512848,0.6513061156769693,0.84594231307638,0
2026-01-19 11:45:00,ZONE_B,0,0.9718337,0.5698277,1956.4536,676.67114,82.74179,759.41296,1197.0406400000002,1,BATTERY_ALL,battery,CHARGE,200.0,432.73454034699205,232.73454034699205,0.6422842662669161,0.7968323167852732,0
2026-01-19 11:45:00,ZONE_B,0,0.9718337,0.5698277,1956.4536,676.67114,82.74179,759.41296,1197.0406400000002,2,RENEWABLE_ALL,renewable,CURTAIL,232.73454034699205,432.73454034699205,232.73454034699205,0.6422842662669161,0.7968323167852732,0
2026-01-19 12:00:00,ZONE_B,0,0.81438327,0.7411298,1978.2675,700.79474,98.87194,799.6667,1178.6008,1,BATTERY_ALL,battery,CHARGE,200.0,592.6568214376599,392.6568214376599,0.6392240932442167,0.8508872443261969,0
2026-01-19 12:00:00,ZONE_B,0,0.81438327,0.7411298,1978.2675,700.79474,98.87194,799.6667,1178.6008,2,RENEWABLE_ALL,renewable,CURTAIL,392.6568214376599,592.6568214376599,392.6568214376599,0.6392240932442167,0.8508872443261969,0
2026-01-19 12:15:00,ZONE_B,0,0.7202055,0.74600667,1975.0659,694.46747,134.88623,829.3537,1145.7122,1,BATTERY_ALL,battery,CHARGE,200.0,618.703391989179,418.70339198917895,0.6484668574121214,0.8694323551791867,0
2026-01-19 12:15:00,ZONE_B,0,0.7202055,0.74600667,1975.0659,694.46747,134.88623,829.3537,1145.7122,2,RENEWABLE_ALL,renewable,CURTAIL,418.70339198917895,618.703391989179,418.70339198917895,0.6484668574121214,0.8694323551791867,0
2026-01-19 12:30:00,ZONE_B,0,0.9826392,0.59554994,1957.076,655.0135,89.86009,744.8736,1212.2024,1,BATTERY_ALL,battery,CHARGE,200.0,443.609427787584,243.60942778758402,0.6277183657050203,0.7861503046549442,0
2026-01-19 12:30:00,ZONE_B,0,0.9826392,0.59554994,1957.076,655.0135,89.86009,744.8736,1212.2024,2,RENEWABLE_ALL,renewable,CURTAIL,243.60942778758402,443.609427787584,243.60942778758402,0.6277183657050203,0.7861503046549442,0
2026-01-19 12:45:00,ZONE_B,0,0.5204186,0.7585203,1994.5653,638.5288,119.35315,757.88196,1236.68334,1,BATTERY_ALL,battery,CHARGE,200.0,574.8688516637881,374.86885166378806,0.6595089869993287,0.8648192917389156,0
2026-01-19 12:45:00,ZONE_B,0,0.5204186,0.7585203,1994.5653,638.5288,119.35315,757.88196,1236.68334,2,RENEWABLE_ALL,renewable,CURTAIL,374.86885166378806,574.8688516637881,374.86885166378806,0.6595089869993287,0.8648192917389156,0
2026-01-19 13:00:00,ZONE_B,0,0.9325283,0.57928306,1960.0731,606.39856,126.674675,733.07324,1226.99986,1,BATTERY_ALL,battery,CHARGE,200.0,424.6569096713144,224.6569096713144,0.6327055048728095,0.7843686873186595,0
2026-01-19 13:00:00,ZONE_B,0,0.9325283,0.57928306,1960.0731,606.39856,126.674675,733.07324,1226.99986,2,RENEWABLE_ALL,renewable,CURTAIL,224.6569096713144,424.6569096713144,224.6569096713144,0.6327055048728095,0.7843686873186595,0
2026-01-19 13:15:00,ZONE_B,0,0.9932981,0.5544471,1942.6721,586.90326,118.27668,705.17993,1237.49217,1,BATTERY_ALL,battery,CHARGE,200.0,390.984967166703,190.98496716670297,0.6259210255760784,0.7655585142471252,0
2026-01-19 13:15:00,ZONE_B,0,0.9932981,0.5544471,1942.6721,586.90326,118.27668,705.17993,1237.49217,2,RENEWABLE_ALL,renewable,CURTAIL,190.98496716670297,390.984967166703,190.98496716670297,0.6259210255760784,0.7655585142471252,0
2026-01-19 13:30:00,ZONE_B,0,0.92681795,0.5683284,1952.5308,567.6401,160.32626,727.9663,1224.5645,1,BATTERY_ALL,battery,CHARGE,200.0,413.72392253291997,213.72392253291997,0.620173647469094,0.7679321916277511,0
2026-01-19 13:30:00,ZONE_B,0,0.92681795,0.5683284,1952.5308,567.6401,160.32626,727.9663,1224.5645,2,RENEWABLE_ALL,renewable,CURTAIL,213.72392253291997,413.72392253291997,213.72392253291997,0.620173647469094,0.7679321916277511,0
2026-01-19 13:45:00,ZONE_B,0,0.9952251,0.59036195,1950.001,540.0939,100.759735,640.85364,1309.14736,1,BATTERY_ALL,battery,CHARGE,200.0,378.33560457499806,178.33560457499806,0.6143038938267716,0.7494237530003949,0
2026-01-19 13:45:00,ZONE_B,0,0.9952251,0.59036195,1950.001,540.0939,100.759735,640.85364,1309.14736,2,RENEWABLE_ALL,renewable,CURTAIL,178.33560457499806,378.33560457499806,178.33560457499806,0.6143038938267716,0.7494237530003949,0
2026-01-19 14:00:00,ZONE_B,0,0.9968166,0.59988093,1946.3174,466.50357,102.4059,568.9095,1377.4079,1,BATTERY_ALL,battery,CHARGE,200.0,341.277959945835,141.277959945835,0.6244783210617257,0.7463633070885122,0
2026-01-19 14:00:00,ZONE_B,0,0.9968166,0.59988093,1946.3174,466.50357,102.4059,568.9095,1377.4079,2,RENEWABLE_ALL,renewable,CURTAIL,141.277959945835,341.277959945835,141.277959945835,0.6244783210617257,0.7463633070885122,0
2026-01-20 08:30:00,ZONE_B,2,0.6265055,0.5584957,2220.6682,496.24545,71.88709,568.13257,1652.53563,1,BATTERY_ALL,battery,CHARGE,200.0,317.29959737494903,117.29959737494903,0.7040560286944328,0.8173773137844121,0
2026-01-20 08:30:00,ZONE_B,2,0.6265055,0.5584957,2220.6682,496.24545,71.88709,568.13257,1652.53563,2,RENEWABLE_ALL,renewable,CURTAIL,117.29959737494903,317.29959737494903,117.29959737494903,0.7040560286944328,0.8173773137844121,0
2026-01-20 09:15:00,ZONE_B,0,0.9870394,0.52461183,1957.9088,576.43896,121.52232,697.9613,1259.9474999999998,1,BATTERY_ALL,battery,CHARGE,200.0,366.158754862179,166.15875486217902,0.6171406486787988,0.7479116329852035,0
2026-01-20 09:15:00,ZONE_B,0,0.9870394,0.52461183,1957.9088,576.43896,121.52232,697.9613,1259.9474999999998,2,RENEWABLE_ALL,renewable,CURTAIL,166.15875486217902,366.158754862179,166.15875486217902,0.6171406486787988,0.7479116329852035,0
2026-01-20 09:30:00,ZONE_B,1,0.89630324,0.76683146,2049.3157,538.97687,106.56265,645.53955,1403.77615,1,BATTERY_ALL,battery,CHARGE,200.0,495.020035614243,295.020035614243,0.6741929028165126,0.8509857732761287,0
2026-01-20 09:30:00,ZONE_B,1,0.89630324,0.76683146,2049.3157,538.97687,106.56265,645.53955,1403.77615,2,RENEWABLE_ALL,renewable,CURTAIL,295.020035614243,495.020035614243,295.020035614243,0.6741929028165126,0.8509857732761287,0
2026-01-20 09:45:00,ZONE_B,1,0.7903083,0.56356865,2026.1681,594.93616,97.04611,691.9823,1334.1858000000002,1,BATTERY_ALL,battery,CHARGE,200.0,389.979530634895,189.979530634895,0.6577325175180937,0.7970109217677256,0
2026-01-20 09:45:00,ZONE_B,1,0.7903083,0.56356865,2026.1681,594.93616,97.04611,691.9823,1334.1858000000002,2,RENEWABLE_ALL,renewable,CURTAIL,189.979530634895,389.979530634895,189.979530634895,0.6577325175180937,0.7970109217677256,0
2026-01-20 10:00:00,ZONE_B,0,0.900509,0.503867,1979.0894,655.9426,96.5651,752.50775,1226.58165,1,BATTERY_ALL,battery,CHARGE,200.0,379.16382246924996,179.16382246924996,0.6197434039788431,0.7551590552745626,0
2026-01-20 10:00:00,ZONE_B,0,0.900509,0.503867,1979.0894,655.9426,96.5651,752.50775,1226.58165,2,RENEWABLE_ALL,renewable,CURTAIL,179.16382246924996,379.16382246924996,179.16382246924996,0.6197434039788431,0.7551590552745626,0
2026-01-20 10:45:00,ZONE_B,0,0.9749185,0.5255498,1966.0232,626.18646,66.741066,692.92755,1273.0956500000002,1,BATTERY_ALL,battery,CHARGE,200.0,364.16793531698994,164.16793531698994,0.6351956895036522,0.7652556667825723,0
2026-01-20 10:45:00,ZONE_B,0,0.9749185,0.5255498,1966.0232,626.18646,66.741066,692.92755,1273.0956500000002,2,RENEWABLE_ALL,renewable,CURTAIL,164.16793531698994,364.16793531698994,164.16793531698994,0.6351956895036522,0.7652556667825723,0
2026-01-20 11:00:00,ZONE_B,0,0.9281028,0.543662,1991.855,606.94727,62.585125,669.5324,1322.3226,1,BATTERY_ALL,battery,CHARGE,200.0,363.9993236488,163.9993236488,0.6304728200095872,0.760472578797461,0
2026-01-20 11:00:00,ZONE_B,0,0.9281028,0.543662,1991.855,606.94727,62.585125,669.5324,1322.3226,2,RENEWABLE_ALL,renewable,CURTAIL,163.9993236488,363.9993236488,163.9993236488,0.6304728200095872,0.760472578797461,0
2026-01-20 11:15:00,ZONE_B,1,0.89222825,0.5873864,2034.6074,628.95056,62.9704,691.92096,1342.68644,1,BATTERY_ALL,battery,CHARGE,200.0,406.424961778944,206.424961778944,0.6623893477717263,0.8075411202244025,0
2026-01-20 11:15:00,ZONE_B,1,0.89222825,0.5873864,2034.6074,628.95056,62.9704,691.92096,1342.68644,2,RENEWABLE_ALL,renewable,CURTAIL,206.424961778944,406.424961778944,206.424961778944,0.6623893477717263,0.8075411202244025,0
2026-01-20 11:30:00,ZONE_B,1,0.918736,0.50042677,2070.9387,559.4161,45.539875,604.95593,1465.98277,1,BATTERY_ALL,battery,CHARGE,200.0,302.7361420422461,102.73614204224612,0.6675999421514575,0.7757199931553143,0
2026-01-20 11:30:00,ZONE_B,1,0.918736,0.50042677,2070.9387,559.4161,45.539875,604.95593,1465.98277,2,RENEWABLE_ALL,renewable,CURTAIL,102.73614204224612,302.7361420422461,102.73614204224612,0.6675999421514575,0.7757199931553143,0
2026-01-20 11:45:00,ZONE_B,1,0.9554002,0.61221695,2064.6245,582.3762,71.97235,654.3486,1410.2759,1,BATTERY_ALL,battery,CHARGE,200.0,400.60330412877,200.60330412877,0.6674150740051594,0.8104876830147675,0
2026-01-20 11:45:00,ZONE_B,1,0.9554002,0.61221695,2064.6245,582.3762,71.97235,654.3486,1410.2759,2,RENEWABLE_ALL,renewable,CURTAIL,200.60330412877,400.60330412877,200.60330412877,0.6674150740051594,0.8104876830147675,0
2026-01-20 12:00:00,ZONE_B,0,0.981764,0.70955896,1964.3816,573.8417,59.3603,633.20197,1331.17963,1,BATTERY_ALL,battery,CHARGE,200.0,449.2941313031511,249.29413130315112,0.6090478999537052,0.7695100901390671,0
2026-01-20 12:00:00,ZONE_B,0,0.981764,0.70955896,1964.3816,573.8417,59.3603,633.20197,1331.17963,2,RENEWABLE_ALL,renewable,CURTAIL,249.29413130315112,449.2941313031511,249.29413130315112,0.6090478999537052,0.7695100901390671,0
2026-01-20 12:30:00,ZONE_B,0,0.997408,0.74416846,1953.2034,554.6194,33.903248,588.52264,1364.6807600000002,1,BATTERY_ALL,battery,CHARGE,200.0,437.95998668393446,237.95998668393446,0.6060010054216539,0.7624152868507623,0
2026-01-20 12:30:00,ZONE_B,0,0.997408,0.74416846,1953.2034,554.6194,33.903248,588.52264,1364.6807600000002,2,RENEWABLE_ALL,renewable,CURTAIL,237.95998668393446,437.95998668393446,237.95998668393446,0.6060010054216539,0.7624152868507623,0
2026-01-20 12:45:00,ZONE_B,0,0.99535525,0.7546136,1943.097,579.9165,56.973,636.8895,1306.2075,1,BATTERY_ALL,battery,CHARGE,200.0,480.6054783972,280.6054783972,0.6065360464747936,0.7781808607041726,0
2026-01-20 12:45:00,ZONE_B,0,0.99535525,0.7546136,1943.097,579.9165,56.973,636.8895,1306.2075,2,RENEWABLE_ALL,renewable,CURTAIL,280.6054783972,480.6054783972,280.6054783972,0.6065360464747936,0.7781808607041726,0
2026-01-20 13:00:00,ZONE_B,1,0.52871877,0.5295209,2006.0227,582.8576,61.823135,644.6807,1361.342,1,BATTERY_ALL,battery,CHARGE,200.0,341.37190447663,141.37190447663,0.6622709191212625,0.7841894567461949,0
2026-01-20 13:00:00,ZONE_B,1,0.52871877,0.5295209,2006.0227,582.8576,61.823135,644.6807,1361.342,2,RENEWABLE_ALL,renewable,CURTAIL,141.37190447663,341.37190447663,141.37190447663,0.6622709191212625,0.7841894567461949,0
2026-01-20 13:15:00,ZONE_B,1,0.643974,0.5961658,2017.1731,570.89233,76.35119,647.2435,1369.9296,1,BATTERY_ALL,battery,CHARGE,200.0,385.8644389723,185.86443897229998,0.6612821862947829,0.7990909148631429,0
2026-01-20 13:15:00,ZONE_B,1,0.643974,0.5961658,2017.1731,570.89233,76.35119,647.2435,1369.9296,2,RENEWABLE_ALL,renewable,CURTAIL,185.86443897229998,385.8644389723,185.86443897229998,0.6612821862947829,0.7990909148631429,0
2026-01-20 13:30:00,ZONE_B,0,0.9954529,0.55442876,1955.0668,562.1929,55.169144,617.362,1337.7048,1,BATTERY_ALL,battery,CHARGE,200.0,342.28324813111993,142.28324813111993,0.6105966882838709,0.7328407057838214,0
2026-01-20 13:30:00,ZONE_B,0,0.9954529,0.55442876,1955.0668,562.1929,55.169144,617.362,1337.7048,2,RENEWABLE_ALL,renewable,CURTAIL,142.28324813111993,342.28324813111993,142.28324813111993,0.6105966882838709,0.7328407057838214,0
2026-01-20 13:45:00,ZONE_B,0,0.9982572,0.7857971,1921.1295,534.54877,39.088436,573.6372,1347.4923,1,BATTERY_ALL,battery,CHARGE,200.0,450.76244821212003,250.76244821212003,0.5994400155415329,0.7604266045978708,0
2026-01-20 13:45:00,ZONE_B,0,0.9982572,0.7857971,1921.1295,534.54877,39.088436,573.6372,1347.4923,2,RENEWABLE_ALL,renewable,CURTAIL,250.76244821212003,450.76244821212003,250.76244821212003,0.5994400155415329,0.7604266045978708,0
2026-01-20 14:00:00,ZONE_B,0,0.9974529,0.65302247,1939.8569,495.175,63.672733,558.8477,1381.0092,1,BATTERY_ALL,battery,CHARGE,200.0,364.94010540781903,164.94010540781903,0.6042306213589463,0.7345663736762285,0
2026-01-20 14:00:00,ZONE_B,0,0.9974529,0.65302247,1939.8569,495.175,63.672733,558.8477,1381.0092,2,RENEWABLE_ALL,renewable,CURTAIL,164.94010540781903,364.94010540781903,164.94010540781903,0.6042306213589463,0.7345663736762285,0
2026-01-20 14:15:00,ZONE_B,0,0.9974602,0.618512,1950.546,477.77896,49.370224,527.1492,1423.3968,1,BATTERY_ALL,battery,CHARGE,200.0,326.04810599039996,126.04810599039996,0.5991582325336338,0.7156039850168463,0
2026-01-20 14:15:00,ZONE_B,0,0.9974602,0.618512,1950.546,477.77896,49.370224,527.1492,1423.3968,2,RENEWABLE_ALL,renewable,CURTAIL,126.04810599039996,326.04810599039996,126.04810599039996,0.5991582325336338,0.7156039850168463,0
2026-01-20 14:30:00,ZONE_B,0,0.99801517,0.7902682,1938.4216,480.67377,37.45617,518.12994,1420.29166,1,BATTERY_ALL,battery,CHARGE,200.0,409.461615049908,209.461615049908,0.5939789780721242,0.7402152695369165,0
2026-01-20 14:30:00,ZONE_B,0,0.99801517,0.7902682,1938.4216,480.67377,37.45617,518.12994,1420.29166,2,RENEWABLE_ALL,renewable,CURTAIL,209.461615049908,409.461615049908,209.461615049908,0.5939789780721242,0.7402152695369165,0
2026-01-20 14:45:00,ZONE_B,0,0.99930274,0.626661,1930.8738,424.3397,37.966015,462.3057,1468.5681,1,BATTERY_ALL,battery,CHARGE,200.0,289.7089522677,89.7089522677,0.5893465435456886,0.6928140267567456,0
2026-01-20 14:45:00,ZONE_B,0,0.99930274,0.626661,1930.8738,424.3397,37.966015,462.3057,1468.5681,2,RENEWABLE_ALL,renewable,CURTAIL,89.7089522677,289.7089522677,89.7089522677,0.5893465435456886,0.6928140267567456,0
2026-01-21 08:15:00,ZONE_B,3,0.706145,0.7351809,2330.0337,359.36197,1.0442708,360.40625,1969.62745,1,BATTERY_ALL,battery,CHARGE,200.0,264.963791240625,64.96379124062503,0.7804251866303761,0.8750551123202123,0
2026-01-21 08:15:00,ZONE_B,3,0.706145,0.7351809,2330.0337,359.36197,1.0442708,360.40625,1969.62745,2,RENEWABLE_ALL,renewable,CURTAIL,64.96379124062503,264.963791240625,64.96379124062503,0.7804251866303761,0.8750551123202123,0
2026-01-21 08:30:00,ZONE_B,1,0.4313585,0.53669256,2262.3374,423.0772,7.7021694,430.7794,1831.558,1,BATTERY_ALL,battery,CHARGE,200.0,231.196098981264,31.196098981263987,0.7116527187996011,0.7942227543773103,0
2026-01-21 08:30:00,ZONE_B,1,0.4313585,0.53669256,2262.3374,423.0772,7.7021694,430.7794,1831.558,2,RENEWABLE_ALL,renewable,CURTAIL,31.196098981263987,231.196098981264,31.196098981263987,0.7116527187996011,0.7942227543773103,0
2026-01-21 08:45:00,ZONE_B,1,0.5645104,0.7013174,2248.3447,430.7874,3.00634,433.79376,1814.55094,1,BATTERY_ALL,battery,CHARGE,200.0,304.227111899424,104.22711189942402,0.6946651289565947,0.8033176692693929,0
2026-01-21 08:45:00,ZONE_B,1,0.5645104,0.7013174,2248.3447,430.7874,3.00634,433.79376,1814.55094,2,RENEWABLE_ALL,renewable,CURTAIL,104.22711189942402,304.227111899424,104.22711189942402,0.6946651289565947,0.8033176692693929,0
2026-01-21 09:00:00,ZONE_B,0,0.99305034,0.7255485,1980.005,511.33972,3.4330153,514.77277,1465.23223,1,BATTERY_ALL,battery,CHARGE,200.0,373.49261111434504,173.49261111434504,0.5992157349021909,0.7326059535358451,0
2026-01-21 09:00:00,ZONE_B,0,0.99305034,0.7255485,1980.005,511.33972,3.4330153,514.77277,1465.23223,2,RENEWABLE_ALL,renewable,CURTAIL,173.49261111434504,373.49261111434504,173.49261111434504,0.5992157349021909,0.7326059535358451,0
2026-01-21 09:15:00,ZONE_B,0,0.9816844,0.6948238,2021.0562,460.74115,2.2471423,462.98828,1558.06792,1,BATTERY_ALL,battery,CHARGE,200.0,321.695276065064,121.69527606506398,0.6121263599666057,0.7270175305130867,0
2026-01-21 09:15:00,ZONE_B,0,0.9816844,0.6948238,2021.0562,460.74115,2.2471423,462.98828,1558.06792,2,RENEWABLE_ALL,renewable,CURTAIL,121.69527606506398,321.695276065064,121.69527606506398,0.6121263599666057,0.7270175305130867,0
2026-01-21 09:30:00,ZONE_B,0,0.97789985,0.8552426,2020.081,468.65994,5.438768,474.09872,1545.98228,1,BATTERY_ALL,battery,CHARGE,200.0,405.469421949472,205.469421949472,0.6237398528725228,0.7685503612138287,0
2026-01-21 09:30:00,ZONE_B,0,0.97789985,0.8552426,2020.081,468.65994,5.438768,474.09872,1545.98228,2,RENEWABLE_ALL,renewable,CURTAIL,205.469421949472,405.469421949472,205.469421949472,0.6237398528725228,0.7685503612138287,0
2026-01-21 09:45:00,ZONE_B,0,0.6402028,0.73742276,2052.7285,501.87692,4.240571,506.1175,1546.611,1,BATTERY_ALL,battery,CHARGE,200.0,373.22256373429997,173.22256373429997,0.626028228685007,0.7593220018838065,0
2026-01-21 09:45:00,ZONE_B,0,0.6402028,0.73742276,2052.7285,501.87692,4.240571,506.1175,1546.611,2,RENEWABLE_ALL,renewable,CURTAIL,173.22256373429997,373.22256373429997,173.22256373429997,0.626028228685007,0.7593220018838065,0
2026-01-21 10:00:00,ZONE_B,0,0.8834316,0.63240623,2033.8214,525.0423,1.0990956,526.1414,1507.68,1,BATTERY_ALL,battery,CHARGE,200.0,332.73509922092194,132.73509922092194,0.6374199891623158,0.7562539534662915,0
2026-01-21 10:00:00,ZONE_B,0,0.8834316,0.63240623,2033.8214,525.0423,1.0990956,526.1414,1507.68,2,RENEWABLE_ALL,renewable,CURTAIL,132.73509922092194,332.73509922092194,132.73509922092194,0.6374199891623158,0.7562539534662915,0
2026-01-21 10:15:00,ZONE_B,0,0.61252576,0.6877254,2059.193,533.36804,1.5567358,534.9248,1524.2682000000002,1,BATTERY_ALL,battery,CHARGE,200.0,367.88137204992,167.88137204992,0.6349213906757,0.7663075953179774,0
2026-01-21 10:15:00,ZONE_B,0,0.61252576,0.6877254,2059.193,533.36804,1.5567358,534.9248,1524.2682000000002,2,RENEWABLE_ALL,renewable,CURTAIL,167.88137204992,367.88137204992,167.88137204992,0.6349213906757,0.7663075953179774,0
2026-01-21 10:30:00,ZONE_B,0,0.96505016,0.7308279,2006.777,530.10364,2.4943843,532.598,1474.179,1,BATTERY_ALL,battery,CHARGE,200.0,389.23747788419996,189.23747788419996,0.6242654220082321,0.7632788073363358,0
2026-01-21 10:30:00,ZONE_B,0,0.96505016,0.7308279,2006.777,530.10364,2.4943843,532.598,1474.179,2,RENEWABLE_ALL,renewable,CURTAIL,189.23747788419996,389.23747788419996,189.23747788419996,0.6242654220082321,0.7632788073363358,0
2026-01-21 10:45:00,ZONE_B,0,0.9742794,0.67550284,1995.7452,590.51605,0.40869015,590.92474,1404.82046,1,BATTERY_ALL,battery,CHARGE,200.0,399.17134009626164,199.17134009626164,0.6190250582983319,0.7615862515710623,0
2026-01-21 10:45:00,ZONE_B,0,0.9742794,0.67550284,1995.7452,590.51605,0.40869015,590.92474,1404.82046,2,RENEWABLE_ALL,renewable,CURTAIL,199.17134009626164,399.17134009626164,199.17134009626164,0.6190250582983319,0.7615862515710623,0
2026-01-21 11:00:00,ZONE_B,0,0.9412783,0.65623206,2015.5599,599.8492,1.674026,601.5232,1414.0367,1,BATTERY_ALL,battery,CHARGE,200.0,394.738808673792,194.738808673792,0.6299598949956762,0.7709380413394212,0
2026-01-21 11:00:00,ZONE_B,0,0.9412783,0.65623206,2015.5599,599.8492,1.674026,601.5232,1414.0367,2,RENEWABLE_ALL,renewable,CURTAIL,194.738808673792,394.738808673792,194.738808673792,0.6299598949956762,0.7709380413394212,0
2026-01-21 11:15:00,ZONE_B,1,0.74965036,0.6929316,2044.4695,611.8079,8.470733,620.2786,1424.1909,1,BATTERY_ALL,battery,CHARGE,200.0,429.81064274375996,229.81064274375996,0.6602124875073843,0.8137162889077664,0
2026-01-21 11:15:00,ZONE_B,1,0.74965036,0.6929316,2044.4695,611.8079,8.470733,620.2786,1424.1909,2,RENEWABLE_ALL,renewable,CURTAIL,229.81064274375996,429.81064274375996,229.81064274375996,0.6602124875073843,0.8137162889077664,0
2026-01-21 11:45:00,ZONE_B,0,0.9860027,0.63854265,1989.6289,611.40515,2.9764857,614.38165,1375.24725,1,BATTERY_ALL,battery,CHARGE,200.0,392.30888690237254,192.30888690237254,0.5894247708870728,0.7295350880056879,0
2026-01-21 11:45:00,ZONE_B,0,0.9860027,0.63854265,1989.6289,611.40515,2.9764857,614.38165,1375.24725,2,RENEWABLE_ALL,renewable,CURTAIL,192.30888690237254,392.30888690237254,192.30888690237254,0.5894247708870728,0.7295350880056879,0
2026-01-21 12:15:00,ZONE_B,0,0.96285564,0.71455204,2007.5614,577.13824,2.1633077,579.3016,1428.2598,1,BATTERY_ALL,battery,CHARGE,200.0,413.94114005526404,213.94114005526404,0.6339449912720649,0.7817811131554575,0
2026-01-21 12:15:00,ZONE_B,0,0.96285564,0.71455204,2007.5614,577.13824,2.1633077,579.3016,1428.2598,2,RENEWABLE_ALL,renewable,CURTAIL,213.94114005526404,413.94114005526404,213.94114005526404,0.6339449912720649,0.7817811131554575,0
2026-01-21 12:30:00,ZONE_B,0,0.9832797,0.690692,1984.2594,564.47156,0.5649352,565.0365,1419.2228999999998,1,BATTERY_ALL,battery,CHARGE,200.0,390.266190258,190.266190258,0.6141228790234415,0.7535036616437614,0
2026-01-21 12:30:00,ZONE_B,0,0.9832797,0.690692,1984.2594,564.47156,0.5649352,565.0365,1419.2228999999998,2,RENEWABLE_ALL,renewable,CURTAIL,190.266190258,390.266190258,190.266190258,0.6141228790234415,0.7535036616437614,0
2026-01-21 12:45:00,ZONE_B,0,0.9967596,0.8269243,1951.9677,594.3993,1.6603909,596.0597,1355.908,1,BATTERY_ALL,battery,CHARGE,200.0,492.89625018071,292.89625018071,0.6105552503058839,0.7865896257991738,0
2026-01-21 12:45:00,ZONE_B,0,0.9967596,0.8269243,1951.9677,594.3993,1.6603909,596.0597,1355.908,2,RENEWABLE_ALL,renewable,CURTAIL,292.89625018071,492.89625018071,292.89625018071,0.6105552503058839,0.7865896257991738,0
2026-01-21 13:00:00,ZONE_B,0,0.96292853,0.6125689,2020.7366,507.28333,3.4011388,510.68448,1510.0521199999998,1,BATTERY_ALL,battery,CHARGE,200.0,312.829430160672,112.82943016067202,0.646621377735246,0.7583461745343121,0
2026-01-21 13:00:00,ZONE_B,0,0.96292853,0.6125689,2020.7366,507.28333,3.4011388,510.68448,1510.0521199999998,2,RENEWABLE_ALL,renewable,CURTAIL,112.82943016067202,312.829430160672,112.82943016067202,0.646621377735246,0.7583461745343121,0
2026-01-21 13:15:00,ZONE_B,0,0.9446533,0.6562872,2011.3622,511.09293,6.217406,517.3103,1494.0519,1,BATTERY_ALL,battery,CHARGE,200.0,339.50412831816,139.50412831815999,0.6401360300206204,0.7613875047512018,0
2026-01-21 13:15:00,ZONE_B,0,0.9446533,0.6562872,2011.3622,511.09293,6.217406,517.3103,1494.0519,2,RENEWABLE_ALL,renewable,CURTAIL,139.50412831815999,339.50412831816,139.50412831815999,0.6401360300206204,0.7613875047512018,0
2026-01-21 13:30:00,ZONE_B,0,0.9991416,0.7103926,1942.9,485.1346,0.82119,485.9558,1456.9442,1,BATTERY_ALL,battery,CHARGE,200.0,345.21940424708004,145.21940424708004,0.580516251840877,0.7038088965343469,0
2026-01-21 13:30:00,ZONE_B,0,0.9991416,0.7103926,1942.9,485.1346,0.82119,485.9558,1456.9442,2,RENEWABLE_ALL,renewable,CURTAIL,145.21940424708004,345.21940424708004,145.21940424708004,0.580516251840877,0.7038088965343469,0
2026-01-22 10:45:00,ZONE_B,0,0.99259675,0.61135167,2015.9388,421.44623,0.94826084,422.3945,1593.5443,1,BATTERY_ALL,battery,CHARGE,200.0,258.231582973815,58.23158297381502,0.603896459253114,0.696122024837781,0
2026-01-22 10:45:00,ZONE_B,0,0.99259675,0.61135167,2015.9388,421.44623,0.94826084,422.3945,1593.5443,2,RENEWABLE_ALL,renewable,CURTAIL,58.23158297381502,258.231582973815,58.23158297381502,0.603896459253114,0.696122024837781,0
2026-01-22 11:00:00,ZONE_B,0,0.9969446,0.6146685,1993.8427,419.11154,15.85957,434.9711,1558.8716,1,BATTERY_ALL,battery,CHARGE,200.0,267.36303358034996,67.36303358034996,0.61360350517675,0.7090903031492126,0
2026-01-22 11:00:00,ZONE_B,0,0.9969446,0.6146685,1993.8427,419.11154,15.85957,434.9711,1558.8716,2,RENEWABLE_ALL,renewable,CURTAIL,67.36303358034996,267.36303358034996,67.36303358034996,0.61360350517675,0.7090903031492126,0
2026-01-22 11:30:00,ZONE_B,0,0.9889102,0.5549399,2011.409,389.93875,1.2328696,391.17163,1620.23737,1,BATTERY_ALL,battery,CHARGE,200.0,217.076745235037,17.07674523503701,0.5797818985859385,0.6573093078066767,0
2026-01-22 11:30:00,ZONE_B,0,0.9889102,0.5549399,2011.409,389.93875,1.2328696,391.17163,1620.23737,2,RENEWABLE_ALL,renewable,CURTAIL,17.07674523503701,217.076745235037,17.07674523503701,0.5797818985859385,0.6573093078066767,0
2026-01-22 12:00:00,ZONE_B,0,0.99180835,0.6590949,2004.8895,403.4745,10.9408865,414.41537,1590.47413,1,BATTERY_ALL,battery,CHARGE,200.0,273.139056848613,73.139056848613,0.6592333068209203,0.7567829702335993,0
2026-01-22 12:00:00,ZONE_B,0,0.99180835,0.6590949,2004.8895,403.4745,10.9408865,414.41537,1590.47413,2,RENEWABLE_ALL,renewable,CURTAIL,73.139056848613,273.139056848613,73.139056848613,0.6592333068209203,0.7567829702335993,0
2026-01-23 11:00:00,ZONE_B,0,0.9962915,0.54986894,2011.9608,415.30923,4.436444,419.74567,1592.21513,1,BATTERY_ALL,battery,CHARGE,200.0,230.8051066324898,30.80510663248981,0.580957084766928,0.6633874802015756,0
2026-01-23 11:00:00,ZONE_B,0,0.9962915,0.54986894,2011.9608,415.30923,4.436444,419.74567,1592.21513,2,RENEWABLE_ALL,renewable,CURTAIL,30.80510663248981,230.8051066324898,30.80510663248981,0.580957084766928,0.6633874802015756,0
2026-01-23 11:30:00,ZONE_B,0,0.9949692,0.76216096,1995.0367,397.40222,1.9305866,399.3328,1595.7039,1,BATTERY_ALL,battery,CHARGE,200.0,304.355870207488,104.35587020748801,0.626510025425828,0.735208550815865,0
2026-01-23 11:30:00,ZONE_B,0,0.9949692,0.76216096,1995.0367,397.40222,1.9305866,399.3328,1595.7039,2,RENEWABLE_ALL,renewable,CURTAIL,104.35587020748801,304.355870207488,104.35587020748801,0.626510025425828,0.735208550815865,0
2026-01-23 12:15:00,ZONE_B,0,0.9889416,0.5256189,2003.4962,337.09805,0.48874623,337.5868,1665.9094,1,BATTERY_ALL,battery,CHARGE,177.44200247051998,177.44200247051998,0.0,0.5803835660025601,0.6437557099078667,0
2026-01-23 12:30:00,ZONE_B,0,0.9925331,0.70498,2004.5991,392.85626,3.6011858,396.45746,1608.1416399999998,1,BATTERY_ALL,battery,CHARGE,200.0,279.49458015080006,79.49458015080006,0.5619069936933657,0.6617264868716273,0
2026-01-23 12:30:00,ZONE_B,0,0.9925331,0.70498,2004.5991,392.85626,3.6011858,396.45746,1608.1416399999998,2,RENEWABLE_ALL,renewable,CURTAIL,79.49458015080006,279.49458015080006,79.49458015080006,0.5619069936933657,0.6617264868716273,0
2026-01-25 08:30:00,ZONE_B,1,0.7097662,0.52397156,2221.635,359.87848,1.5962616,361.47473,1860.1602700000003,1,BATTERY_ALL,battery,CHARGE,189.40247817867882,189.40247817867882,0.0,0.7024057534948935,0.7700494958843501,0
2026-01-25 09:00:00,ZONE_B,0,0.99607486,0.73284465,1979.7998,458.61298,0.72738457,459.34036,1520.45944,1,BATTERY_ALL,battery,CHARGE,200.0,336.625125355074,136.62512535507398,0.5989906506004065,0.7192139100262934,0
2026-01-25 09:00:00,ZONE_B,0,0.99607486,0.73284465,1979.7998,458.61298,0.72738457,459.34036,1520.45944,2,RENEWABLE_ALL,renewable,CURTAIL,136.62512535507398,336.625125355074,136.62512535507398,0.5989906506004065,0.7192139100262934,0
2026-01-25 09:15:00,ZONE_B,0,0.9861168,0.7771811,2005.7941,502.94,4.263013,507.203,1498.5911,1,BATTERY_ALL,battery,CHARGE,200.0,394.18858546329994,194.18858546329994,0.6436098170775086,0.784391455171003,0
2026-01-25 09:15:00,ZONE_B,0,0.9861168,0.7771811,2005.7941,502.94,4.263013,507.203,1498.5911,2,RENEWABLE_ALL,renewable,CURTAIL,194.18858546329994,394.18858546329994,194.18858546329994,0.6436098170775086,0.784391455171003,0
2026-01-25 09:30:00,ZONE_B,0,0.85287976,0.7805562,2028.9424,523.29095,2.8009143,526.09186,1502.85054,1,BATTERY_ALL,battery,CHARGE,200.0,410.644263092532,210.64426309253201,0.618347288543037,0.7650059544260411,0
2026-01-25 09:30:00,ZONE_B,0,0.85287976,0.7805562,2028.9424,523.29095,2.8009143,526.09186,1502.85054,2,RENEWABLE_ALL,renewable,CURTAIL,210.64426309253201,410.644263092532,210.64426309253201,0.618347288543037,0.7650059544260411,0
2026-01-25 09:45:00,ZONE_B,0,0.6302889,0.7820843,2036.9683,579.48047,4.2449346,583.7254,1453.2429,1,BATTERY_ALL,battery,CHARGE,200.0,456.52247085122,256.52247085122,0.6038353329650503,0.7668790730495114,0
2026-01-25 09:45:00,ZONE_B,0,0.6302889,0.7820843,2036.9683,579.48047,4.2449346,583.7254,1453.2429,2,RENEWABLE_ALL,renewable,CURTAIL,256.52247085122,456.52247085122,256.52247085122,0.6038353329650503,0.7668790730495114,0
2026-01-25 10:15:00,ZONE_B,1,0.6418343,0.5938482,2036.0522,623.33093,5.9359083,629.26685,1406.78535,1,BATTERY_ALL,battery,CHARGE,200.0,373.68898619217003,173.68898619217003,0.6188448122059793,0.7523051647919468,0
2026-01-25 10:15:00,ZONE_B,1,0.6418343,0.5938482,2036.0522,623.33093,5.9359083,629.26685,1406.78535,2,RENEWABLE_ALL,renewable,CURTAIL,173.68898619217003,373.68898619217003,173.68898619217003,0.6188448122059793,0.7523051647919468,0
2026-01-25 11:15:00,ZONE_B,0,0.72025466,0.5679431,2011.3114,628.3839,1.7387984,630.1227,1381.1887000000002,1,BATTERY_ALL,battery,CHARGE,200.0,357.87383961837,157.87383961837003,0.982077609385896,1.1098896952992134,0
2026-01-25 11:15:00,ZONE_B,0,0.72025466,0.5679431,2011.3114,628.3839,1.7387984,630.1227,1381.1887000000002,2,RENEWABLE_ALL,renewable,CURTAIL,157.87383961837003,357.87383961837,157.87383961837003,0.982077609385896,1.1098896952992134,0
2026-01-25 11:45:00,ZONE_B,1,0.6145195,0.58296293,2031.0928,730.62744,2.4877179,733.1152,1297.9776,1,BATTERY_ALL,battery,CHARGE,200.0,427.37898501953595,227.37898501953595,0.9727002613496841,1.1253356135729373,0
2026-01-25 11:45:00,ZONE_B,1,0.6145195,0.58296293,2031.0928,730.62744,2.4877179,733.1152,1297.9776,2,RENEWABLE_ALL,renewable,CURTAIL,227.37898501953595,427.37898501953595,227.37898501953595,0.9727002613496841,1.1253356135729373,0
2026-01-25 12:00:00,ZONE_B,0,0.48513225,0.92404306,2056.003,526.3308,5.0553646,531.38617,1524.6168300000002,1,BATTERY_ALL,battery,CHARGE,200.0,491.0237025684802,291.0237025684802,0.9695908502941172,1.1449564743064176,0
2026-01-25 12:00:00,ZONE_B,0,0.48513225,0.92404306,2056.003,526.3308,5.0553646,531.38617,1524.6168300000002,2,RENEWABLE_ALL,renewable,CURTAIL,291.0237025684802,491.0237025684802,291.0237025684802,0.9695908502941172,1.1449564743064176,0
2026-01-25 12:15:00,ZONE_B,0,0.6974271,0.70103306,2006.06,614.8001,3.5670385,618.3671,1387.6929,1,BATTERY_ALL,battery,CHARGE,200.0,433.49578031632603,233.49578031632603,0.958198857270544,1.1130187874504414,0
2026-01-25 12:15:00,ZONE_B,0,0.6974271,0.70103306,2006.06,614.8001,3.5670385,618.3671,1387.6929,2,RENEWABLE_ALL,renewable,CURTAIL,233.49578031632603,433.49578031632603,233.49578031632603,0.958198857270544,1.1130187874504414,0
2026-01-25 12:30:00,ZONE_B,1,0.7617655,0.90407985,2069.594,511.62967,5.0585876,516.68823,1552.90577,1,BATTERY_ALL,battery,CHARGE,200.0,467.1274174751655,267.1274174751655,0.96392040207377,1.1307516292114097,0
2026-01-25 12:30:00,ZONE_B,1,0.7617655,0.90407985,2069.594,511.62967,5.0585876,516.68823,1552.90577,2,RENEWABLE_ALL,renewable,CURTAIL,267.1274174751655,467.1274174751655,267.1274174751655,0.96392040207377,1.1307516292114097,0
2026-01-25 12:45:00,ZONE_B,0,0.8093395,0.7513032,2027.9363,538.66956,0.22152574,538.89105,1489.04525,1,BATTERY_ALL,battery,CHARGE,200.0,404.87057031635993,204.87057031635993,0.966255762966852,1.1108524005193252,0
2026-01-25 12:45:00,ZONE_B,0,0.8093395,0.7513032,2027.9363,538.66956,0.22152574,538.89105,1489.04525,2,RENEWABLE_ALL,renewable,CURTAIL,204.87057031635993,404.87057031635993,204.87057031635993,0.966255762966852,1.1108524005193252,0
2026-01-25 13:00:00,ZONE_B,0,0.9339081,0.8448386,2009.1002,596.5052,3.9699874,600.47516,1408.62504,1,BATTERY_ALL,battery,CHARGE,200.0,507.30459350917596,307.30459350917596,0.9877827629936404,1.1689629809192854,0
2026-01-25 13:00:00,ZONE_B,0,0.9339081,0.8448386,2009.1002,596.5052,3.9699874,600.47516,1408.62504,2,RENEWABLE_ALL,renewable,CURTAIL,307.30459350917596,507.30459350917596,307.30459350917596,0.9877827629936404,1.1689629809192854,0
2026-01-25 13:15:00,ZONE_B,0,0.9897975,0.78417677,2006.4935,464.5526,1.4311546,465.98376,1540.50974,1,BATTERY_ALL,battery,CHARGE,200.0,365.41363978925517,165.41363978925517,0.9670233141614404,1.0975281886367867,0
2026-01-25 13:15:00,ZONE_B,0,0.9897975,0.78417677,2006.4935,464.5526,1.4311546,465.98376,1540.50974,2,RENEWABLE_ALL,renewable,CURTAIL,165.41363978925517,365.41363978925517,165.41363978925517,0.9670233141614404,1.0975281886367867,0
2026-01-25 13:30:00,ZONE_B,0,0.9930189,0.56028473,1997.2588,431.86282,3.6523943,435.51523,1561.74357,1,BATTERY_ALL,battery,CHARGE,200.0,244.01253305143788,44.012533051437885,0.9734476141918372,1.0605949498399123,0
2026-01-25 13:30:00,ZONE_B,0,0.9930189,0.56028473,1997.2588,431.86282,3.6523943,435.51523,1561.74357,2,RENEWABLE_ALL,renewable,CURTAIL,44.012533051437885,244.01253305143788,44.012533051437885,0.9734476141918372,1.0605949498399123,0
2026-01-25 13:45:00,ZONE_B,0,0.84388393,0.9437341,2024.79,530.54913,1.3232623,531.8724,1492.9176,1,BATTERY_ALL,battery,CHARGE,200.0,501.94612072883996,301.94612072883996,0.9868969816244703,1.166163458625848,0
2026-01-25 13:45:00,ZONE_B,0,0.84388393,0.9437341,2024.79,530.54913,1.3232623,531.8724,1492.9176,2,RENEWABLE_ALL,renewable,CURTAIL,301.94612072883996,501.94612072883996,301.94612072883996,0.9868969816244703,1.166163458625848,0
2026-01-26 09:30:00,ZONE_B,0,0.8042467,0.71241516,2044.0519,412.9181,3.769258,416.68735,1627.36455,1,BATTERY_ALL,battery,CHARGE,200.0,296.854385120226,96.85438512022603,0.5783308781457622,0.6843503017234271,0
2026-01-26 09:30:00,ZONE_B,0,0.8042467,0.71241516,2044.0519,412.9181,3.769258,416.68735,1627.36455,2,RENEWABLE_ALL,renewable,CURTAIL,96.85438512022603,296.854385120226,96.85438512022603,0.5783308781457622,0.6843503017234271,0
2026-01-26 09:45:00,ZONE_B,0,0.9382914,0.6646635,2031.8903,415.68472,3.1923752,418.8771,1613.0132,1,BATTERY_ALL,battery,CHARGE,200.0,278.41231935585,78.41231935585,0.6406901819204068,0.7401231534141413,0
2026-01-26 09:45:00,ZONE_B,0,0.9382914,0.6646635,2031.8903,415.68472,3.1923752,418.8771,1613.0132,2,RENEWABLE_ALL,renewable,CURTAIL,78.41231935585,278.41231935585,78.41231935585,0.6406901819204068,0.7401231534141413,0
2026-01-26 10:00:00,ZONE_B,0,0.94116884,0.6646635,2026.8342,409.1692,3.9412947,413.11047,1613.72373,1,BATTERY_ALL,battery,CHARGE,200.0,274.579450876845,74.57945087684499,0.5921104491508545,0.6901745390374179,0
2026-01-26 10:00:00,ZONE_B,0,0.94116884,0.6646635,2026.8342,409.1692,3.9412947,413.11047,1613.72373,2,RENEWABLE_ALL,renewable,CURTAIL,74.57945087684499,274.579450876845,74.57945087684499,0.5921104491508545,0.6901745390374179,0
2026-01-26 10:30:00,ZONE_B,0,0.9984968,0.5162665,1989.0466,473.57123,6.416361,479.98758,1509.05902,1,BATTERY_ALL,battery,CHARGE,200.0,247.80150797006996,47.80150797006996,0.619031158491222,0.7075316972618427,0
2026-01-26 10:30:00,ZONE_B,0,0.9984968,0.5162665,1989.0466,473.57123,6.416361,479.98758,1509.05902,2,RENEWABLE_ALL,renewable,CURTAIL,47.80150797006996,247.80150797006996,47.80150797006996,0.619031158491222,0.7075316972618427,0
2026-01-26 10:45:00,ZONE_B,0,0.74754196,0.52136403,2052.5818,493.16824,3.9412947,497.10953,1555.47227,1,BATTERY_ALL,battery,CHARGE,200.0,259.1750279122059,59.175027912205906,0.6155015910892336,0.7080641013154906,0
2026-01-26 10:45:00,ZONE_B,0,0.74754196,0.52136403,2052.5818,493.16824,3.9412947,497.10953,1555.47227,2,RENEWABLE_ALL,renewable,CURTAIL,59.175027912205906,259.1750279122059,59.175027912205906,0.6155015910892336,0.7080641013154906,0
2026-01-26 11:00:00,ZONE_B,0,0.9987098,0.77187926,1966.8826,485.68906,3.9412947,489.63034,1477.25226,1,BATTERY_ALL,battery,CHARGE,200.0,377.93550451274837,177.93550451274837,0.6026247518248546,0.7376017180531802,0
2026-01-26 11:00:00,ZONE_B,0,0.9987098,0.77187926,1966.8826,485.68906,3.9412947,489.63034,1477.25226,2,RENEWABLE_ALL,renewable,CURTAIL,177.93550451274837,377.93550451274837,177.93550451274837,0.6026247518248546,0.7376017180531802,0
2026-01-26 11:15:00,ZONE_B,0,0.7133204,0.6877957,2038.5925,572.33356,2.7932491,575.12683,1463.46567,1,BATTERY_ALL,battery,CHARGE,200.0,395.56976062863106,195.56976062863106,0.6035706532509687,0.7448455681274097,0
2026-01-26 11:15:00,ZONE_B,0,0.7133204,0.6877957,2038.5925,572.33356,2.7932491,575.12683,1463.46567,2,RENEWABLE_ALL,renewable,CURTAIL,195.56976062863106,395.56976062863106,195.56976062863106,0.6035706532509687,0.7448455681274097,0
2026-01-26 11:30:00,ZONE_B,0,0.9101958,0.76507455,2021.43,592.7294,2.7932491,595.52264,1425.9073600000002,1,BATTERY_ALL,battery,CHARGE,200.0,455.61921581281206,255.61921581281206,0.6001114495013337,0.762832598433034,0
2026-01-26 11:30:00,ZONE_B,0,0.9101958,0.76507455,2021.43,592.7294,2.7932491,595.52264,1425.9073600000002,2,RENEWABLE_ALL,renewable,CURTAIL,255.61921581281206,455.61921581281206,255.61921581281206,0.6001114495013337,0.762832598433034,0
2026-01-26 11:45:00,ZONE_B,1,0.50465584,0.6398173,2060.3123,606.7032,3.9412947,610.6445,1449.6678000000002,1,BATTERY_ALL,battery,CHARGE,200.0,390.70091524985,190.70091524985003,0.6008438970349427,0.7403799385585075,0
2026-01-26 11:45:00,ZONE_B,1,0.50465584,0.6398173,2060.3123,606.7032,3.9412947,610.6445,1449.6678000000002,2,RENEWABLE_ALL,renewable,CURTAIL,190.70091524985003,390.70091524985,190.70091524985003,0.6008438970349427,0.7403799385585075,0
2026-01-26 12:00:00,ZONE_B,0,0.9788238,0.7130609,2013.431,554.77576,3.5765958,558.35236,1455.0786400000002,1,BATTERY_ALL,battery,CHARGE,200.0,398.139236338724,198.139236338724,0.6079254917309845,0.7501180764955011,0
2026-01-26 12:00:00,ZONE_B,0,0.9788238,0.7130609,2013.431,554.77576,3.5765958,558.35236,1455.0786400000002,2,RENEWABLE_ALL,renewable,CURTAIL,198.139236338724,398.139236338724,198.139236338724,0.6079254917309845,0.7501180764955011,0
2026-01-26 12:15:00,ZONE_B,0,0.7497184,0.6576488,2049.072,575.8212,3.4585414,579.2798,1469.7922,1,BATTERY_ALL,battery,CHARGE,200.0,380.96266533424006,180.96266533424006,0.5983328433783751,0.7343909384838126,0
2026-01-26 12:15:00,ZONE_B,0,0.7497184,0.6576488,2049.072,575.8212,3.4585414,579.2798,1469.7922,2,RENEWABLE_ALL,renewable,CURTAIL,180.96266533424006,380.96266533424006,180.96266533424006,0.5983328433783751,0.7343909384838126,0
2026-01-26 12:30:00,ZONE_B,0,0.99843043,0.71810967,1947.7577,559.45856,2.1002982,561.55884,1386.19886,1,BATTERY_ALL,battery,CHARGE,200.0,403.26083327798284,203.26083327798284,0.6272311111363252,0.7712528376671881,0
2026-01-26 12:30:00,ZONE_B,0,0.99843043,0.71810967,1947.7577,559.45856,2.1002982,561.55884,1386.19886,2,RENEWABLE_ALL,renewable,CURTAIL,203.26083327798284,403.26083327798284,203.26083327798284,0.6272311111363252,0.7712528376671881,0
2026-01-26 12:45:00,ZONE_B,0,0.9788238,0.70692253,2013.5099,572.36615,4.991544,577.35767,1436.15223,1,BATTERY_ALL,battery,CHARGE,200.0,408.1471447913051,208.1471447913051,0.656716673909718,0.8024835117003716,0
2026-01-26 12:45:00,ZONE_B,0,0.9788238,0.70692253,2013.5099,572.36615,4.991544,577.35767,1436.15223,2,RENEWABLE_ALL,renewable,CURTAIL,208.1471447913051,408.1471447913051,208.1471447913051,0.656716673909718,0.8024835117003716,0
2026-01-26 13:00:00,ZONE_B,0,0.64284563,0.5746481,2055.4219,503.35373,3.4045591,506.7583,1548.6636,1,BATTERY_ALL,battery,CHARGE,200.0,291.20769425423003,91.20769425423003,0.5916482592778624,0.6956510074910643,0
2026-01-26 13:00:00,ZONE_B,0,0.64284563,0.5746481,2055.4219,503.35373,3.4045591,506.7583,1548.6636,2,RENEWABLE_ALL,renewable,CURTAIL,91.20769425423003,291.20769425423003,91.20769425423003,0.5916482592778624,0.6956510074910643,0
2026-01-26 13:15:00,ZONE_B,0,0.65693986,0.60510045,2058.64,527.7258,2.8276763,530.5535,1528.0865,1,BATTERY_ALL,battery,CHARGE,200.0,321.038161599075,121.03816159907501,0.6249918000302,0.7396482866010354,0
2026-01-26 13:15:00,ZONE_B,0,0.65693986,0.60510045,2058.64,527.7258,2.8276763,530.5535,1528.0865,2,RENEWABLE_ALL,renewable,CURTAIL,121.03816159907501,321.038161599075,121.03816159907501,0.6249918000302,0.7396482866010354,0
2026-01-26 13:30:00,ZONE_B,1,0.7772916,0.5443925,2069.876,525.19946,2.4285502,527.628,1542.248,1,BATTERY_ALL,battery,CHARGE,200.0,287.23672598999997,87.23672598999997,0.6172434250460417,0.7198279703176663,0
2026-01-26 13:30:00,ZONE_B,1,0.7772916,0.5443925,2069.876,525.19946,2.4285502,527.628,1542.248,2,RENEWABLE_ALL,renewable,CURTAIL,87.23672598999997,287.23672598999997,87.23672598999997,0.6172434250460417,0.7198279703176663,0
2026-01-26 13:45:00,ZONE_B,0,0.6465151,0.72830117,2062.7583,503.4048,2.4285502,505.83334,1556.9249599999998,1,BATTERY_ALL,battery,CHARGE,200.0,368.39901334700784,168.39901334700784,0.6106726993937933,0.7422437759724257,0
2026-01-26 13:45:00,ZONE_B,0,0.6465151,0.72830117,2062.7583,503.4048,2.4285502,505.83334,1556.9249599999998,2,RENEWABLE_ALL,renewable,CURTAIL,168.39901334700784,368.39901334700784,168.39901334700784,0.6106726993937933,0.7422437759724257,0
2026-01-26 14:15:00,ZONE_B,0,0.5176185,0.5491144,2076.1277,406.00684,2.192431,408.19928,1667.92842,1,BATTERY_ALL,battery,CHARGE,200.0,224.14810271763199,24.148102717631986,0.6008619982678195,0.6809148923090148,0
2026-01-26 14:15:00,ZONE_B,0,0.5176185,0.5491144,2076.1277,406.00684,2.192431,408.19928,1667.92842,2,RENEWABLE_ALL,renewable,CURTAIL,24.148102717631986,224.14810271763199,24.148102717631986,0.6008619982678195,0.6809148923090148,0
2026-01-29 09:15:00,ZONE_B,0,0.9804513,0.80135477,2015.6035,363.34933,35.911007,399.26035,1616.34315,1,BATTERY_ALL,battery,CHARGE,200.0,319.9491859443695,119.9491859443695,0.592471151966,0.7067387187171191,0
2026-01-29 09:15:00,ZONE_B,0,0.9804513,0.80135477,2015.6035,363.34933,35.911007,399.26035,1616.34315,2,RENEWABLE_ALL,renewable,CURTAIL,119.9491859443695,319.9491859443695,119.9491859443695,0.592471151966,0.7067387187171191,0
2026-01-29 10:30:00,ZONE_B,0,0.9915616,0.5492369,1999.7866,406.4923,16.698929,423.19122,1576.59538,1,BATTERY_ALL,battery,CHARGE,200.0,232.432233780018,32.43223378001801,0.6759623464978168,0.7589738587953417,0
2026-01-29 10:30:00,ZONE_B,0,0.9915616,0.5492369,1999.7866,406.4923,16.698929,423.19122,1576.59538,2,RENEWABLE_ALL,renewable,CURTAIL,32.43223378001801,232.432233780018,32.43223378001801,0.6759623464978168,0.7589738587953417,0
2026-01-29 10:45:00,ZONE_B,0,0.80013704,0.733353,2034.4807,398.32217,16.446362,414.76852,1619.71218,1,BATTERY_ALL,battery,CHARGE,200.0,304.17173844756,104.17173844756002,0.6062399251772113,0.7148726892369477,0
2026-01-29 10:45:00,ZONE_B,0,0.80013704,0.733353,2034.4807,398.32217,16.446362,414.76852,1619.71218,2,RENEWABLE_ALL,renewable,CURTAIL,104.17173844756002,304.17173844756,104.17173844756002,0.6062399251772113,0.7148726892369477,0
2026-01-29 11:00:00,ZONE_B,0,0.99492717,0.66975,1986.7667,409.52753,11.32952,420.85706,1565.90964,1,BATTERY_ALL,battery,CHARGE,200.0,281.869015935,81.869015935,0.5993754400321217,0.7000429459888696,0
2026-01-29 11:00:00,ZONE_B,0,0.99492717,0.66975,1986.7667,409.52753,11.32952,420.85706,1565.90964,2,RENEWABLE_ALL,renewable,CURTAIL,81.869015935,281.869015935,81.869015935,0.5993754400321217,0.7000429459888696,0
2026-01-29 11:15:00,ZONE_B,0,0.99636614,0.5338136,1999.9667,465.6906,27.582323,493.27295,1506.69375,1,BATTERY_ALL,battery,CHARGE,200.0,263.31580922212,63.31580922211998,0.6231672195741137,0.7172085802419886,0
2026-01-29 11:15:00,ZONE_B,0,0.99636614,0.5338136,1999.9667,465.6906,27.582323,493.27295,1506.69375,2,RENEWABLE_ALL,renewable,CURTAIL,63.31580922211998,263.31580922212,63.31580922211998,0.6231672195741137,0.7172085802419886,0
2026-01-29 11:30:00,ZONE_B,0,0.9108312,0.7516831,2027.3326,446.05624,7.861861,453.9181,1573.4145,1,BATTERY_ALL,battery,CHARGE,200.0,341.20256455411,141.20256455410998,0.6663503781202835,0.7882084372656699,0
2026-01-29 11:30:00,ZONE_B,0,0.9108312,0.7516831,2027.3326,446.05624,7.861861,453.9181,1573.4145,2,RENEWABLE_ALL,renewable,CURTAIL,141.20256455410998,341.20256455411,141.20256455410998,0.6663503781202835,0.7882084372656699,0
